row_number,gold_label_ids,gold_labels,predicted_label_ids,predicted_labels
1,27,neutral,5|9|10|19|20|25|26,caring|disappointment|disapproval|nervousness|optimism|sadness|surprise
2,4|27,approval|neutral,1|2|3|4|5|6|9|13|17|27,amusement|anger|annoyance|approval|caring|confusion|disappointment|excitement|joy|neutral
3,25,sadness,3|4|7|9|11|15,annoyance|approval|curiosity|disappointment|disgust|gratitude
4,4|27,approval|neutral,1|7|10|15,amusement|curiosity|disapproval|gratitude
5,20,optimism,2|11|25,anger|disgust|sadness
6,15,gratitude,5|10|18|25|27,caring|disapproval|love|sadness|neutral
7,2,anger,3|15|20|26|27,annoyance|gratitude|optimism|surprise|neutral
8,27,neutral,1|4|5|7|8|13|22,amusement|approval|caring|curiosity|desire|excitement|realization
9,20,optimism,0|1|6|8|9|15|18,admiration|amusement|confusion|desire|disappointment|gratitude|love
10,10,disapproval,1|4|5|7|10|17|18|27,amusement|approval|caring|curiosity|disapproval|joy|love|neutral
11,18,love,1|8|15|17|20|27,amusement|desire|gratitude|joy|optimism|neutral
12,12|22,embarrassment|realization,0|1|2|4|6|10|14|25,admiration|amusement|anger|approval|confusion|disapproval|fear|sadness
13,16,grief,6|9|18|22|24,confusion|disappointment|love|realization|remorse
14,27,neutral,0|2|4|7|10|17|18|20|22|24,admiration|anger|approval|curiosity|disapproval|joy|love|optimism|realization|remorse
15,1|3|25,amusement|annoyance|sadness,1|4|6|7|10|17|20|22|27,amusement|approval|confusion|curiosity|disapproval|joy|optimism|realization|neutral
16,2|3,anger|annoyance,1|5|9|25,amusement|caring|disappointment|sadness
17,25,sadness,0|4|5|11|13|15|18|20|22,admiration|approval|caring|disgust|excitement|gratitude|love|optimism|realization
18,27,neutral,0|2|3|5|6|7|13|15|22,admiration|anger|annoyance|caring|confusion|curiosity|excitement|gratitude|realization
19,27,neutral,0|4|17|20|25|27,admiration|approval|joy|optimism|sadness|neutral
20,3|10,annoyance|disapproval,3|8|10|11|15|20|25|27,annoyance|desire|disapproval|disgust|gratitude|optimism|sadness|neutral
21,9,disappointment,0|4|6|9|10|14|17|20,admiration|approval|confusion|disappointment|disapproval|fear|joy|optimism
22,0,admiration,3|4|10|11|14|15|25,annoyance|approval|disapproval|disgust|fear|gratitude|sadness
23,10,disapproval,0|3|4|11|15|17|20|25,admiration|annoyance|approval|disgust|gratitude|joy|optimism|sadness
24,5|27,caring|neutral,0|2|7|8|10|11|13|15|20|27,admiration|anger|curiosity|desire|disapproval|disgust|excitement|gratitude|optimism|neutral
25,27,neutral,0|3|13|17|20|27,admiration|annoyance|excitement|joy|optimism|neutral
26,7|24,curiosity|remorse,6,confusion
27,3,annoyance,3|4|6|7|20|22|25,annoyance|approval|confusion|curiosity|optimism|realization|sadness
28,27,neutral,0|4|5|9|15|17|18,admiration|approval|caring|disappointment|gratitude|joy|love
29,0|15,admiration|gratitude,0|1|2|5|7|9|11|20|27,admiration|amusement|anger|caring|curiosity|disappointment|disgust|optimism|neutral
30,27,neutral,0|7|13|15|18|22|27,admiration|curiosity|excitement|gratitude|love|realization|neutral
31,17,joy,0|6|7|14|26,admiration|confusion|curiosity|fear|surprise
32,14,fear,0|2|3|20|26,admiration|anger|annoyance|optimism|surprise
33,27,neutral,1|2|4|6|7|14|17|19|20|27,amusement|anger|approval|confusion|curiosity|fear|joy|nervousness|optimism|neutral
34,27,neutral,4|7|9|13|18|20|22|24|26,approval|curiosity|disappointment|excitement|love|optimism|realization|remorse|surprise
35,24,remorse,1|4|18|26,amusement|approval|love|surprise
36,25,sadness,2|5|13|18|27,anger|caring|excitement|love|neutral
37,27,neutral,0|6|7|11|15|18,admiration|confusion|curiosity|disgust|gratitude|love
38,10,disapproval,2|3|6|13|14|15|26,anger|annoyance|confusion|excitement|fear|gratitude|surprise
39,1,amusement,3|4|6|7|10|15|20,annoyance|approval|confusion|curiosity|disapproval|gratitude|optimism
40,15,gratitude,2|3|5|6|20|27,anger|annoyance|caring|confusion|optimism|neutral
41,18,love,4|6|9|10|20|27,approval|confusion|disappointment|disapproval|optimism|neutral
42,15,gratitude,6|7|8|9|13|17|25|26,confusion|curiosity|desire|disappointment|excitement|joy|sadness|surprise
43,24,remorse,4|5|13|15|22|25,approval|caring|excitement|gratitude|realization|sadness
44,7,curiosity,0|9|13|15|17|25,admiration|disappointment|excitement|gratitude|joy|sadness
45,27,neutral,0|3|4|8|10|18|20|25,admiration|annoyance|approval|desire|disapproval|love|optimism|sadness
46,3|4,annoyance|approval,2|4|7|9|10|11|22|25,anger|approval|curiosity|disappointment|disapproval|disgust|realization|sadness
47,14,fear,0|1|15|18|20|22|25,admiration|amusement|gratitude|love|optimism|realization|sadness
48,27,neutral,0|2|3|8|12|14,admiration|anger|annoyance|desire|embarrassment|fear
49,8,desire,5|7|9|13|17|22|27,caring|curiosity|disappointment|excitement|joy|realization|neutral
50,7,curiosity,0|2|3|10|17|20,admiration|anger|annoyance|disapproval|joy|optimism
51,27,neutral,3|6|8|15|18,annoyance|confusion|desire|gratitude|love
52,24,remorse,5|6|7|17|18|20|27,caring|confusion|curiosity|joy|love|optimism|neutral
53,4,approval,3|6|9,annoyance|confusion|disappointment
54,7,curiosity,1|3|10|22|26,amusement|annoyance|disapproval|realization|surprise
55,27,neutral,0|8|17|20|24,admiration|desire|joy|optimism|remorse
56,13,excitement,1|6|7|13|15|18|21|25,amusement|confusion|curiosity|excitement|gratitude|love|pride|sadness
57,1|6|7|24,amusement|confusion|curiosity|remorse,1|2|3|5|6|13|20,amusement|anger|annoyance|caring|confusion|excitement|optimism
58,14,fear,1|3|11|15|17|18|20|26|27,amusement|annoyance|disgust|gratitude|joy|love|optimism|surprise|neutral
59,6,confusion,0|2|8|18|22,admiration|anger|desire|love|realization
60,4,approval,0|8|10|22|27,admiration|desire|disapproval|realization|neutral
61,7,curiosity,1|15|17|18|25,amusement|gratitude|joy|love|sadness
62,27,neutral,5|7|10|20|24,caring|curiosity|disapproval|optimism|remorse
63,22,realization,0|3|6|7|15|18|22|27,admiration|annoyance|confusion|curiosity|gratitude|love|realization|neutral
64,27,neutral,0|6|7|10|20|25,admiration|confusion|curiosity|disapproval|optimism|sadness
65,10,disapproval,3|4|8|10|14|17|18|25,annoyance|approval|desire|disapproval|fear|joy|love|sadness
66,1,amusement,0|1|4|6|7|10|18|22|25,admiration|amusement|approval|confusion|curiosity|disapproval|love|realization|sadness
67,27,neutral,4|6|7|8|9|11|15|18|20|26,approval|confusion|curiosity|desire|disappointment|disgust|gratitude|love|optimism|surprise
68,0|17,admiration|joy,4|6|7|10|13|26,approval|confusion|curiosity|disapproval|excitement|surprise
69,27,neutral,1|5|10|17|18|25|26|27,amusement|caring|disapproval|joy|love|sadness|surprise|neutral
70,10,disapproval,3|4|10|15,annoyance|approval|disapproval|gratitude
71,0,admiration,1|6|7|15|17|25|26,amusement|confusion|curiosity|gratitude|joy|sadness|surprise
72,3|27,annoyance|neutral,0|5|6|7|8|20|25|27,admiration|caring|confusion|curiosity|desire|optimism|sadness|neutral
73,2,anger,0|1|8|9|13|22|23|24,admiration|amusement|desire|disappointment|excitement|realization|relief|remorse
74,4,approval,0|4|9|10|22|24|26,admiration|approval|disappointment|disapproval|realization|remorse|surprise
75,27,neutral,6|7|11|17|20|22|24|25,confusion|curiosity|disgust|joy|optimism|realization|remorse|sadness
76,27,neutral,0|2|3|6|7|13|18|20|25|27,admiration|anger|annoyance|confusion|curiosity|excitement|love|optimism|sadness|neutral
77,15,gratitude,4|6|13|24,approval|confusion|excitement|remorse
78,6,confusion,3|5|6|7|8|9|20|24|26|27,annoyance|caring|confusion|curiosity|desire|disappointment|optimism|remorse|surprise|neutral
79,20,optimism,1|10|15|18|20|22,amusement|disapproval|gratitude|love|optimism|realization
80,3,annoyance,3|4|7|8|17|26,annoyance|approval|curiosity|desire|joy|surprise
81,27,neutral,0|9|10|27,admiration|disappointment|disapproval|neutral
82,27,neutral,3|7|18|27,annoyance|curiosity|love|neutral
83,0,admiration,0|1|9|18|25|27,admiration|amusement|disappointment|love|sadness|neutral
84,9,disappointment,0|7|9|15|24|25,admiration|curiosity|disappointment|gratitude|remorse|sadness
85,10|27,disapproval|neutral,0|4|5|7|9|10|13|25,admiration|approval|caring|curiosity|disappointment|disapproval|excitement|sadness
86,1|10|15,amusement|disapproval|gratitude,0|3|7|12|27,admiration|annoyance|curiosity|embarrassment|neutral
87,0,admiration,4|6|7|18|20|25,approval|confusion|curiosity|love|optimism|sadness
88,7|27,curiosity|neutral,0|4|11|17|20|24,admiration|approval|disgust|joy|optimism|remorse
89,10,disapproval,1|2|6|7|22|27,amusement|anger|confusion|curiosity|realization|neutral
90,7,curiosity,1|6|7|11|17,amusement|confusion|curiosity|disgust|joy
91,11|26,disgust|surprise,2|10|18|23|27,anger|disapproval|love|relief|neutral
92,2|10,anger|disapproval,3|6|7|15|18|22|26,annoyance|confusion|curiosity|gratitude|love|realization|surprise
93,1,amusement,0|1|2|4|7,admiration|amusement|anger|approval|curiosity
94,15,gratitude,6|18|26|27,confusion|love|surprise|neutral
95,0,admiration,4|6|10|25|26,approval|confusion|disapproval|sadness|surprise
96,6,confusion,0|1|6|17|18|27,admiration|amusement|confusion|joy|love|neutral
97,5|24,caring|remorse,5|18|25|26,caring|love|sadness|surprise
98,27,neutral,6|7|9|13|15|18|20|22,confusion|curiosity|disappointment|excitement|gratitude|love|optimism|realization
99,27,neutral,2|3|4|5|8|13|15|25,anger|annoyance|approval|caring|desire|excitement|gratitude|sadness
100,5|27,caring|neutral,0|2|3|4|11|13|26,admiration|anger|annoyance|approval|disgust|excitement|surprise
101,27,neutral,6|7|15|18|20|27,confusion|curiosity|gratitude|love|optimism|neutral
102,0|18,admiration|love,5|10|11|13|18|20|27,caring|disapproval|disgust|excitement|love|optimism|neutral
103,27,neutral,4|6|15|17|18|20,approval|confusion|gratitude|joy|love|optimism
104,14,fear,5|6|9|15|17|18|24,caring|confusion|disappointment|gratitude|joy|love|remorse
105,0|17,admiration|joy,0|2|8|13|18|22|26|27,admiration|anger|desire|excitement|love|realization|surprise|neutral
106,17,joy,3|5|7|8|11|20|22|27,annoyance|caring|curiosity|desire|disgust|optimism|realization|neutral
107,4,approval,2|4|10|11|18|25|26|27,anger|approval|disapproval|disgust|love|sadness|surprise|neutral
108,1|4,amusement|approval,0|3|8|10|13|18|20|26,admiration|annoyance|desire|disapproval|excitement|love|optimism|surprise
109,7,curiosity,4|7|10|14|20|22,approval|curiosity|disapproval|fear|optimism|realization
110,15|27,gratitude|neutral,0|10|17|25|27,admiration|disapproval|joy|sadness|neutral
111,27,neutral,0|6|7|10|14|25|27,admiration|confusion|curiosity|disapproval|fear|sadness|neutral
112,20,optimism,0|3|11|20|22|26|27,admiration|annoyance|disgust|optimism|realization|surprise|neutral
113,23,relief,3|9|15|16|18|21,annoyance|disappointment|gratitude|grief|love|pride
114,27,neutral,1|6|8|9|18|26|27,amusement|confusion|desire|disappointment|love|surprise|neutral
115,27,neutral,9|10|14|15|22|25|27,disappointment|disapproval|fear|gratitude|realization|sadness|neutral
116,27,neutral,4|15|25|26,approval|gratitude|sadness|surprise
117,15,gratitude,3|20|22|27,annoyance|optimism|realization|neutral
118,4,approval,0|3|4|5|8|10|14|17|18|25,admiration|annoyance|approval|caring|desire|disapproval|fear|joy|love|sadness
119,1|27,amusement|neutral,0|4|7|24|27,admiration|approval|curiosity|remorse|neutral
120,18,love,0|2|8|10|15|18|20|23|26,admiration|anger|desire|disapproval|gratitude|love|optimism|relief|surprise
121,11|12,disgust|embarrassment,0|1|2|3|15|20|27,admiration|amusement|anger|annoyance|gratitude|optimism|neutral
122,7,curiosity,0|6|7|8|18,admiration|confusion|curiosity|desire|love
123,13|17,excitement|joy,1|5|6|10|13|15|17|25,amusement|caring|confusion|disapproval|excitement|gratitude|joy|sadness
124,3|27,annoyance|neutral,1|3|10|18|20,amusement|annoyance|disapproval|love|optimism
125,25,sadness,3|4|5|27,annoyance|approval|caring|neutral
126,27,neutral,2|4|11|27,anger|approval|disgust|neutral
127,2,anger,0|2|3|5|9|10|13|27,admiration|anger|annoyance|caring|disappointment|disapproval|excitement|neutral
128,27,neutral,0|1|7|9|10|17|22|24|25,admiration|amusement|curiosity|disappointment|disapproval|joy|realization|remorse|sadness
129,0,admiration,4|5|6|8|13|18,approval|caring|confusion|desire|excitement|love
130,17,joy,6|11|22|26|27,confusion|disgust|realization|surprise|neutral
131,5,caring,0|2|3|25,admiration|anger|annoyance|sadness
132,6|27,confusion|neutral,0|1|3|8|13|14|15|25,admiration|amusement|annoyance|desire|excitement|fear|gratitude|sadness
133,11,disgust,5|20|27,caring|optimism|neutral
134,4,approval,2|10|18|19|22,anger|disapproval|love|nervousness|realization
135,27,neutral,0|10|15|18|27,admiration|disapproval|gratitude|love|neutral
136,15,gratitude,1|3|5|6|7|20|27,amusement|annoyance|caring|confusion|curiosity|optimism|neutral
137,4,approval,1|2|4|6|9|17|27,amusement|anger|approval|confusion|disappointment|joy|neutral
138,7,curiosity,4|5|6|7|14|15|18|27,approval|caring|confusion|curiosity|fear|gratitude|love|neutral
139,5,caring,0|3|9|11|25,admiration|annoyance|disappointment|disgust|sadness
140,27,neutral,0|5|7|10|12|18|27,admiration|caring|curiosity|disapproval|embarrassment|love|neutral
141,0,admiration,0|4|6|7|13|15|22|27,admiration|approval|confusion|curiosity|excitement|gratitude|realization|neutral
142,27,neutral,3|6|10|11|17|18,annoyance|confusion|disapproval|disgust|joy|love
143,27,neutral,0|10|15|27,admiration|disapproval|gratitude|neutral
144,10,disapproval,0|5|7|9|12|15|18,admiration|caring|curiosity|disappointment|embarrassment|gratitude|love
145,27,neutral,2|4|10|13|17|20|27,anger|approval|disapproval|excitement|joy|optimism|neutral
146,4|20,approval|optimism,0|8|15|18|21|22|23|24|26|27,admiration|desire|gratitude|love|pride|realization|relief|remorse|surprise|neutral
147,7,curiosity,1|3|7|9|15|17|27,amusement|annoyance|curiosity|disappointment|gratitude|joy|neutral
148,26,surprise,1|5|9|25|27,amusement|caring|disappointment|sadness|neutral
149,27,neutral,3|4|5|15|25,annoyance|approval|caring|gratitude|sadness
150,27,neutral,0|1|4|6|8|9|17|18|22,admiration|amusement|approval|confusion|desire|disappointment|joy|love|realization
151,27,neutral,0|6|7|13|15|25|27,admiration|confusion|curiosity|excitement|gratitude|sadness|neutral
152,17,joy,0|4|9|11|14|24|27,admiration|approval|disappointment|disgust|fear|remorse|neutral
153,15,gratitude,1|6|7|11|25|26|27,amusement|confusion|curiosity|disgust|sadness|surprise|neutral
154,13,excitement,0|1|3|6|10|17|18,admiration|amusement|annoyance|confusion|disapproval|joy|love
155,26,surprise,2|3|7|13|18|27,anger|annoyance|curiosity|excitement|love|neutral
156,2,anger,0|6|7|10|11|17|27,admiration|confusion|curiosity|disapproval|disgust|joy|neutral
157,27,neutral,0|6|10|25|26,admiration|confusion|disapproval|sadness|surprise
158,4,approval,3|6|8|15|18|20|26|27,annoyance|confusion|desire|gratitude|love|optimism|surprise|neutral
159,0,admiration,2|6|7|9|11|15|18|20|24,anger|confusion|curiosity|disappointment|disgust|gratitude|love|optimism|remorse
160,17,joy,0|4,admiration|approval
161,4,approval,1|3|10|15|22|24|25|27,amusement|annoyance|disapproval|gratitude|realization|remorse|sadness|neutral
162,4|5,approval|caring,0|3|5|7|26,admiration|annoyance|caring|curiosity|surprise
163,27,neutral,7|10|13|14|27,curiosity|disapproval|excitement|fear|neutral
164,7,curiosity,1|2|9|22|25|27,amusement|anger|disappointment|realization|sadness|neutral
165,24,remorse,5|6|9|20,caring|confusion|disappointment|optimism
166,12|26,embarrassment|surprise,5|7|10|11|13|17|18|20|26,caring|curiosity|disapproval|disgust|excitement|joy|love|optimism|surprise
167,27,neutral,2|6|7|8|14|18,anger|confusion|curiosity|desire|fear|love
168,0|25,admiration|sadness,1|3|11|15|27,amusement|annoyance|disgust|gratitude|neutral
169,4,approval,1|2|5|6|18,amusement|anger|caring|confusion|love
170,17,joy,7|13|17|22|26|27,curiosity|excitement|joy|realization|surprise|neutral
171,27,neutral,0|4|7|8|9|22,admiration|approval|curiosity|desire|disappointment|realization
172,27,neutral,3|6|7|11|13|15|24|27,annoyance|confusion|curiosity|disgust|excitement|gratitude|remorse|neutral
173,5,caring,1|3|4|8|10|20|24|26,amusement|annoyance|approval|desire|disapproval|optimism|remorse|surprise
174,15,gratitude,0|2|3|5|9|10|13|17|25|26,admiration|anger|annoyance|caring|disappointment|disapproval|excitement|joy|sadness|surprise
175,27,neutral,1|2|7|9|10|17|22|24|25,amusement|anger|curiosity|disappointment|disapproval|joy|realization|remorse|sadness
176,10,disapproval,1|2|8|17|18|22|26|27,amusement|anger|desire|joy|love|realization|surprise|neutral
177,17,joy,2|4|7|10|18|20|22|24|27,anger|approval|curiosity|disapproval|love|optimism|realization|remorse|neutral
178,27,neutral,0|1|3|4|6|14|17|22,admiration|amusement|annoyance|approval|confusion|fear|joy|realization
179,10,disapproval,0|1|3|13|15|20,admiration|amusement|annoyance|excitement|gratitude|optimism
180,15,gratitude,3|4|7|11|15|17|20|27,annoyance|approval|curiosity|disgust|gratitude|joy|optimism|neutral
181,4,approval,0|2|6|7|9|20|22|25,admiration|anger|confusion|curiosity|disappointment|optimism|realization|sadness
182,27,neutral,1|2|5|6|7|13|14,amusement|anger|caring|confusion|curiosity|excitement|fear
183,27,neutral,2|7|15|22,anger|curiosity|gratitude|realization
184,2,anger,0|2|4|5|9|10|18,admiration|anger|approval|caring|disappointment|disapproval|love
185,18,love,2|9|15|21|27,anger|disappointment|gratitude|pride|neutral
186,5,caring,1|3|7|8|11|13|17|18|26,amusement|annoyance|curiosity|desire|disgust|excitement|joy|love|surprise
187,7,curiosity,0|2|6|9|20|22,admiration|anger|confusion|disappointment|optimism|realization
188,1|5,amusement|caring,7|9|10|11|13|20|27,curiosity|disappointment|disapproval|disgust|excitement|optimism|neutral
189,10,disapproval,0|2|4|6|9|13|22|24,admiration|anger|approval|confusion|disappointment|excitement|realization|remorse
190,27,neutral,3|4|17|20|22,annoyance|approval|joy|optimism|realization
191,27,neutral,0|1|4|5|6|7|11|13|17|25,admiration|amusement|approval|caring|confusion|curiosity|disgust|excitement|joy|sadness
192,7,curiosity,0|6|15|20|27,admiration|confusion|gratitude|optimism|neutral
193,9,disappointment,3|4|5|6|7|11|13|18|22,annoyance|approval|caring|confusion|curiosity|disgust|excitement|love|realization
194,15,gratitude,3|4|11|20|22|26|27,annoyance|approval|disgust|optimism|realization|surprise|neutral
195,27,neutral,2|3|8|10|15|25,anger|annoyance|desire|disapproval|gratitude|sadness
196,27,neutral,2|4|17|22|27,anger|approval|joy|realization|neutral
197,4|5,approval|caring,5|9|10|22|23|24|25,caring|disappointment|disapproval|realization|relief|remorse|sadness
198,3,annoyance,6|7|27,confusion|curiosity|neutral
199,1,amusement,4|9|15|24|25,approval|disappointment|gratitude|remorse|sadness
200,15,gratitude,1|7|11|17,amusement|curiosity|disgust|joy
201,27,neutral,4|5|10|17,approval|caring|disapproval|joy
202,27,neutral,5|11|13|18|22|24|26|27,caring|disgust|excitement|love|realization|remorse|surprise|neutral
203,27,neutral,1|6|7|24|27,amusement|confusion|curiosity|remorse|neutral
204,7,curiosity,4|5|7|22,approval|caring|curiosity|realization
205,0|9,admiration|disappointment,0|2|7|9|15|25|26|27,admiration|anger|curiosity|disappointment|gratitude|sadness|surprise|neutral
206,0,admiration,2|3|5|10|11|18|19|26|27,anger|annoyance|caring|disapproval|disgust|love|nervousness|surprise|neutral
207,0,admiration,0|4|9|15,admiration|approval|disappointment|gratitude
208,27,neutral,0|1|6|9|12|18|20|24,admiration|amusement|confusion|disappointment|embarrassment|love|optimism|remorse
209,18,love,0|1|10|20|25|27,admiration|amusement|disapproval|optimism|sadness|neutral
210,5,caring,3|7|11|14|20|26,annoyance|curiosity|disgust|fear|optimism|surprise
211,9,disappointment,4|6|17|24|26|27,approval|confusion|joy|remorse|surprise|neutral
212,2,anger,0|2|4|8|9|14|15|17|18|22,admiration|anger|approval|desire|disappointment|fear|gratitude|joy|love|realization
213,27,neutral,0|3|7|9|10|22|25,admiration|annoyance|curiosity|disappointment|disapproval|realization|sadness
214,10,disapproval,15|18|27,gratitude|love|neutral
215,15,gratitude,0|4|7|15,admiration|approval|curiosity|gratitude
216,18,love,0|4|15|20|27,admiration|approval|gratitude|optimism|neutral
217,27,neutral,0|2|3|8|9|13|18|26,admiration|anger|annoyance|desire|disappointment|excitement|love|surprise
218,1|20,amusement|optimism,10|18|25|27,disapproval|love|sadness|neutral
219,27,neutral,0|1|2|3|4|6|26,admiration|amusement|anger|annoyance|approval|confusion|surprise
220,24,remorse,2|3|5|6|10|17|22,anger|annoyance|caring|confusion|disapproval|joy|realization
221,5,caring,6|7|8|9|11|15|17|24|27,confusion|curiosity|desire|disappointment|disgust|gratitude|joy|remorse|neutral
222,13,excitement,0|3|10|14|15|18,admiration|annoyance|disapproval|fear|gratitude|love
223,27,neutral,0|2|3|5|7|10|17|25|27,admiration|anger|annoyance|caring|curiosity|disapproval|joy|sadness|neutral
224,4,approval,0|1|10|18|22|24,admiration|amusement|disapproval|love|realization|remorse
225,6|27,confusion|neutral,4|12|25|27,approval|embarrassment|sadness|neutral
226,8,desire,3|5|6|7|17|20|25,annoyance|caring|confusion|curiosity|joy|optimism|sadness
227,25,sadness,3|4|9|10|11|15|27,annoyance|approval|disappointment|disapproval|disgust|gratitude|neutral
228,27,neutral,3|8|15|19|26,annoyance|desire|gratitude|nervousness|surprise
229,7|15,curiosity|gratitude,2|8|17|26|27,anger|desire|joy|surprise|neutral
230,0,admiration,2|3|6|10|13|14|18|20|22|25|26,anger|annoyance|confusion|disapproval|excitement|fear|love|optimism|realization|sadness|surprise
231,18|20,love|optimism,0|8|9|10|17|18|27,admiration|desire|disappointment|disapproval|joy|love|neutral
232,7,curiosity,15|17|27,gratitude|joy|neutral
233,21,pride,2|3|9|14|17|20|22|25,anger|annoyance|disappointment|fear|joy|optimism|realization|sadness
234,3,annoyance,0|20|25|26|27,admiration|optimism|sadness|surprise|neutral
235,18|20,love|optimism,5|7|11|13|17|18|20|22|26|27,caring|curiosity|disgust|excitement|joy|love|optimism|realization|surprise|neutral
236,15,gratitude,2|6|7|15|17|18|20|27,anger|confusion|curiosity|gratitude|joy|love|optimism|neutral
237,18,love,4|6|7|14|22|27,approval|confusion|curiosity|fear|realization|neutral
238,4,approval,1|3|8|10|20|25|27,amusement|annoyance|desire|disapproval|optimism|sadness|neutral
239,27,neutral,2|4|6|10|14|27,anger|approval|confusion|disapproval|fear|neutral
240,15,gratitude,2|5|7|8|18|22,anger|caring|curiosity|desire|love|realization
241,27,neutral,0|2|3|17|20|22|27,admiration|anger|annoyance|joy|optimism|realization|neutral
242,0,admiration,0|3|6|8|18|25|27,admiration|annoyance|confusion|desire|love|sadness|neutral
243,15,gratitude,3|5|9|18|20|22,annoyance|caring|disappointment|love|optimism|realization
244,4,approval,2|6|7|9|15|17|18|20|25,anger|confusion|curiosity|disappointment|gratitude|joy|love|optimism|sadness
245,20,optimism,1|2|4|5|6|7|11|17|20|25|26,amusement|anger|approval|caring|confusion|curiosity|disgust|joy|optimism|sadness|surprise
246,13,excitement,5|18|20|22|26,caring|love|optimism|realization|surprise
247,27,neutral,0|15|17|22,admiration|gratitude|joy|realization
248,27,neutral,2|3|4|7|9|10|15|25,anger|annoyance|approval|curiosity|disappointment|disapproval|gratitude|sadness
249,3,annoyance,0|4|11|13|15|18|20,admiration|approval|disgust|excitement|gratitude|love|optimism
250,27,neutral,1|5|8|12|13|15|17|20,amusement|caring|desire|embarrassment|excitement|gratitude|joy|optimism
251,1,amusement,3|4|5|6|10|13|15|27,annoyance|approval|caring|confusion|disapproval|excitement|gratitude|neutral
252,27,neutral,0|1|3|5|10|13|20,admiration|amusement|annoyance|caring|disapproval|excitement|optimism
253,27,neutral,3|15|27,annoyance|gratitude|neutral
254,4|17|27,approval|joy|neutral,10|15|20|22|24,disapproval|gratitude|optimism|realization|remorse
255,27,neutral,0|1|3|4|6|7,admiration|amusement|annoyance|approval|confusion|curiosity
256,27,neutral,0|1|5|6|17|18|22|24,admiration|amusement|caring|confusion|joy|love|realization|remorse
257,9|22,disappointment|realization,1|4|15|17|25,amusement|approval|gratitude|joy|sadness
258,6,confusion,1|4|15|20|24,amusement|approval|gratitude|optimism|remorse
259,4,approval,0|6|11|15|22|27,admiration|confusion|disgust|gratitude|realization|neutral
260,3|10,annoyance|disapproval,4|5|7|8|24|25,approval|caring|curiosity|desire|remorse|sadness
261,5,caring,1|4|7|20|25|27,amusement|approval|curiosity|optimism|sadness|neutral
262,1|20,amusement|optimism,0|1|8|10|12|17|18|20|27,admiration|amusement|desire|disapproval|embarrassment|joy|love|optimism|neutral
263,10,disapproval,6|10|15|27,confusion|disapproval|gratitude|neutral
264,27,neutral,1|4|7|15|27,amusement|approval|curiosity|gratitude|neutral
265,18|20,love|optimism,8|11|13|17|26|27,desire|disgust|excitement|joy|surprise|neutral
266,2,anger,1|7|9|17|27,amusement|curiosity|disappointment|joy|neutral
267,7,curiosity,6|10|12|13|18|22|24|27,confusion|disapproval|embarrassment|excitement|love|realization|remorse|neutral
268,26,surprise,0|3|7|8|10|11|14|20|26,admiration|annoyance|curiosity|desire|disapproval|disgust|fear|optimism|surprise
269,2|9,anger|disappointment,10|22|24|27,disapproval|realization|remorse|neutral
270,17,joy,2|3|4|13|20|26,anger|annoyance|approval|excitement|optimism|surprise
271,27,neutral,0|2|3|10|13|17|18|20|27,admiration|anger|annoyance|disapproval|excitement|joy|love|optimism|neutral
272,20,optimism,0|4|6|20|27,admiration|approval|confusion|optimism|neutral
273,13|17|21,excitement|joy|pride,0|1|6|13|18|24,admiration|amusement|confusion|excitement|love|remorse
274,10,disapproval,0|2|3|4|7|9|20|25,admiration|anger|annoyance|approval|curiosity|disappointment|optimism|sadness
275,8,desire,25|27,sadness|neutral
276,7,curiosity,0|6|9|17|22|26,admiration|confusion|disappointment|joy|realization|surprise
277,22,realization,1|4|7|13|15,amusement|approval|curiosity|excitement|gratitude
278,0|8,admiration|desire,3|11|15|25|27,annoyance|disgust|gratitude|sadness|neutral
279,4,approval,6|7|15|20|26|27,confusion|curiosity|gratitude|optimism|surprise|neutral
280,27,neutral,9|13|17|22|25|26|27,disappointment|excitement|joy|realization|sadness|surprise|neutral
281,27,neutral,2|15|25|26|27,anger|gratitude|sadness|surprise|neutral
282,1,amusement,2|5|7|8|10|22|25|26,anger|caring|curiosity|desire|disapproval|realization|sadness|surprise
283,1|26,amusement|surprise,0|4|9|13|17,admiration|approval|disappointment|excitement|joy
284,15,gratitude,0|1|3|4|9|27,admiration|amusement|annoyance|approval|disappointment|neutral
285,15,gratitude,17|25|27,joy|sadness|neutral
286,8,desire,4|9|10|15|25|27,approval|disappointment|disapproval|gratitude|sadness|neutral
287,15,gratitude,3|4|7|10|15|17|20|25|26,annoyance|approval|curiosity|disapproval|gratitude|joy|optimism|sadness|surprise
288,0,admiration,1|4|11|15|17|20|26,amusement|approval|disgust|gratitude|joy|optimism|surprise
289,27,neutral,0|2|5|10|17,admiration|anger|caring|disapproval|joy
290,25,sadness,3|10|17|21|24|26|27,annoyance|disapproval|joy|pride|remorse|surprise|neutral
291,27,neutral,3|7|8|10|18|20|26,annoyance|curiosity|desire|disapproval|love|optimism|surprise
292,19,nervousness,3|10|20|25|27,annoyance|disapproval|optimism|sadness|neutral
293,7|8,curiosity|desire,0|1|4|6|22|27,admiration|amusement|approval|confusion|realization|neutral
294,5|10,caring|disapproval,9|13|15|17|22,disappointment|excitement|gratitude|joy|realization
295,4|13,approval|excitement,7|9|10|14|15|25|26|27,curiosity|disappointment|disapproval|fear|gratitude|sadness|surprise|neutral
296,1|17,amusement|joy,1|5|9|13|25|27,amusement|caring|disappointment|excitement|sadness|neutral
297,8,desire,1|2|6|7|15,amusement|anger|confusion|curiosity|gratitude
298,11|12,disgust|embarrassment,14|18|20|26|27,fear|love|optimism|surprise|neutral
299,2,anger,2|4|5|9|13|14|18|20|26,anger|approval|caring|disappointment|excitement|fear|love|optimism|surprise
300,7,curiosity,0|1|6|22|27,admiration|amusement|confusion|realization|neutral
301,1,amusement,2|3|8|13|17|22,anger|annoyance|desire|excitement|joy|realization
302,18,love,2|3|5|9|18|20|25|26,anger|annoyance|caring|disappointment|love|optimism|sadness|surprise
303,9,disappointment,1|2|17|18|25|26|27,amusement|anger|joy|love|sadness|surprise|neutral
304,27,neutral,0|6|7|18|20,admiration|confusion|curiosity|love|optimism
305,27,neutral,0|13|15|17|25|27,admiration|excitement|gratitude|joy|sadness|neutral
306,27,neutral,0|2|6|7|10|13|17|18|25|27,admiration|anger|confusion|curiosity|disapproval|excitement|joy|love|sadness|neutral
307,0|27,admiration|neutral,1|2|3|7|9,amusement|anger|annoyance|curiosity|disappointment
308,27,neutral,2|5|7|9|11|15|26,anger|caring|curiosity|disappointment|disgust|gratitude|surprise
309,20,optimism,0|6|7|11|12|15|18|22|25,admiration|confusion|curiosity|disgust|embarrassment|gratitude|love|realization|sadness
310,20,optimism,1|5|7|10|18|20|27,amusement|caring|curiosity|disapproval|love|optimism|neutral
311,10,disapproval,0|8|9|10|13|20|25|27,admiration|desire|disappointment|disapproval|excitement|optimism|sadness|neutral
312,7|19,curiosity|nervousness,0|2|13|26|27,admiration|anger|excitement|surprise|neutral
313,27,neutral,0|1|17|20|26|27,admiration|amusement|joy|optimism|surprise|neutral
314,2,anger,1|2|4|7|10|15|18|20,amusement|anger|approval|curiosity|disapproval|gratitude|love|optimism
315,10,disapproval,0|2|5|13|15|17,admiration|anger|caring|excitement|gratitude|joy
316,27,neutral,0|4|10|11|15|24|26,admiration|approval|disapproval|disgust|gratitude|remorse|surprise
317,2,anger,1|6|8|9|10|15|18|26|27,amusement|confusion|desire|disappointment|disapproval|gratitude|love|surprise|neutral
318,27,neutral,2|7|8|15|17|20|26|27,anger|curiosity|desire|gratitude|joy|optimism|surprise|neutral
319,27,neutral,1|3|5|7|11|15|26,amusement|annoyance|caring|curiosity|disgust|gratitude|surprise
320,4,approval,0|3|7|10|13|15|18|25,admiration|annoyance|curiosity|disapproval|excitement|gratitude|love|sadness
321,3,annoyance,3|7|18|22|24|27,annoyance|curiosity|love|realization|remorse|neutral
322,27,neutral,4|5|7|25,approval|caring|curiosity|sadness
323,10|15,disapproval|gratitude,1|2|3|6|9|10|15|17|22|25|27,amusement|anger|annoyance|confusion|disappointment|disapproval|gratitude|joy|realization|sadness|neutral
324,1|17,amusement|joy,0|2|4|5|10|11|15|20|22|25,admiration|anger|approval|caring|disapproval|disgust|gratitude|optimism|realization|sadness
325,2|3,anger|annoyance,1|3|5|6|7|8|20|25|26,amusement|annoyance|caring|confusion|curiosity|desire|optimism|sadness|surprise
326,27,neutral,0|1|2|5|12|13|15|22,admiration|amusement|anger|caring|embarrassment|excitement|gratitude|realization
327,27,neutral,0|5|10|15|22|27,admiration|caring|disapproval|gratitude|realization|neutral
328,17,joy,1|2|5|7|10|11|15|18|20,amusement|anger|caring|curiosity|disapproval|disgust|gratitude|love|optimism
329,15,gratitude,0|6|10|20|26|27,admiration|confusion|disapproval|optimism|surprise|neutral
330,27,neutral,0|7|26,admiration|curiosity|surprise
331,27,neutral,0|3|6|7|11|18|22|25,admiration|annoyance|confusion|curiosity|disgust|love|realization|sadness
332,27,neutral,2|3|10|18|20|21|27,anger|annoyance|disapproval|love|optimism|pride|neutral
333,27,neutral,1|12|17|18|22|26,amusement|embarrassment|joy|love|realization|surprise
334,20,optimism,3|4|6|7|10|11|12|15|18|20|22|26,annoyance|approval|confusion|curiosity|disapproval|disgust|embarrassment|gratitude|love|optimism|realization|surprise
335,3,annoyance,0|6|7|17|20|27,admiration|confusion|curiosity|joy|optimism|neutral
336,5|24,caring|remorse,5|26,caring|surprise
337,0|15,admiration|gratitude,3|4|7|10|25,annoyance|approval|curiosity|disapproval|sadness
338,25,sadness,2|5|10|15|17|18|20,anger|caring|disapproval|gratitude|joy|love|optimism
339,3,annoyance,2|3|4|10|20|24|27,anger|annoyance|approval|disapproval|optimism|remorse|neutral
340,13,excitement,9|22|24|25,disappointment|realization|remorse|sadness
341,0,admiration,2|6|8|10|17|22|26|27,anger|confusion|desire|disapproval|joy|realization|surprise|neutral
342,1,amusement,0|3|10|13|22|27,admiration|annoyance|disapproval|excitement|realization|neutral
343,27,neutral,1|4|6|8|26|27,amusement|approval|confusion|desire|surprise|neutral
344,7,curiosity,2|4|6|14|15|18|26|27,anger|approval|confusion|fear|gratitude|love|surprise|neutral
345,14,fear,2|7|8|17|18|20|26,anger|curiosity|desire|joy|love|optimism|surprise
346,27,neutral,3|6|7|10|20|24|25,annoyance|confusion|curiosity|disapproval|optimism|remorse|sadness
347,3,annoyance,4|9|10|18,approval|disappointment|disapproval|love
348,13,excitement,1|2|3|15|18|25,amusement|anger|annoyance|gratitude|love|sadness
349,0|5|20,admiration|caring|optimism,3|6|7|10|11|17|20|27,annoyance|confusion|curiosity|disapproval|disgust|joy|optimism|neutral
350,26,surprise,2|5|20|25|26|27,anger|caring|optimism|sadness|surprise|neutral
351,27,neutral,2|15|19|22|25|27,anger|gratitude|nervousness|realization|sadness|neutral
352,27,neutral,1|5|17|22|27,amusement|caring|joy|realization|neutral
353,5,caring,1|2|5|11|15|22|25|27,amusement|anger|caring|disgust|gratitude|realization|sadness|neutral
354,6|27,confusion|neutral,9|10|17|20|27,disappointment|disapproval|joy|optimism|neutral
355,7,curiosity,4|17|25|26|27,approval|joy|sadness|surprise|neutral
356,26,surprise,2|4|15|27,anger|approval|gratitude|neutral
357,0,admiration,0|2|5|6|9|17|20|25|27,admiration|anger|caring|confusion|disappointment|joy|optimism|sadness|neutral
358,27,neutral,0|1|3|4|6|15,admiration|amusement|annoyance|approval|confusion|gratitude
359,10|20,disapproval|optimism,0|7|9|24,admiration|curiosity|disappointment|remorse
360,27,neutral,1|4|27,amusement|approval|neutral
361,1,amusement,1|4|7|9|18|27,amusement|approval|curiosity|disappointment|love|neutral
362,0,admiration,0|4|9|13|17,admiration|approval|disappointment|excitement|joy
363,3|9,annoyance|disappointment,10|14|17|20|27,disapproval|fear|joy|optimism|neutral
364,4,approval,0|3|6|9|10|13|17|18|20|23|25,admiration|annoyance|confusion|disappointment|disapproval|excitement|joy|love|optimism|relief|sadness
365,0|27,admiration|neutral,1|3|4|15|18|27,amusement|annoyance|approval|gratitude|love|neutral
366,0,admiration,6|13|25|27,confusion|excitement|sadness|neutral
367,27,neutral,5|7|9|15|19|20|22|25,caring|curiosity|disappointment|gratitude|nervousness|optimism|realization|sadness
368,3|9,annoyance|disappointment,0|4|8|13|17|18|22|26|27,admiration|approval|desire|excitement|joy|love|realization|surprise|neutral
369,27,neutral,6|11|17,confusion|disgust|joy
370,8,desire,2|3|4|11|15|17,anger|annoyance|approval|disgust|gratitude|joy
371,27,neutral,8|18|26|27,desire|love|surprise|neutral
372,6,confusion,0|4|13|20|27,admiration|approval|excitement|optimism|neutral
373,0|18,admiration|love,1|2|7|20|27,amusement|anger|curiosity|optimism|neutral
374,4|6|7,approval|confusion|curiosity,3|13|15|22|24|26,annoyance|excitement|gratitude|realization|remorse|surprise
375,27,neutral,2|5|9|10|18|25|26|27,anger|caring|disappointment|disapproval|love|sadness|surprise|neutral
376,27,neutral,0|2|15|18,admiration|anger|gratitude|love
377,13,excitement,2|10|18|25|26,anger|disapproval|love|sadness|surprise
378,24,remorse,3|5|7|10|15|17|18|20|25,annoyance|caring|curiosity|disapproval|gratitude|joy|love|optimism|sadness
379,20,optimism,1|4|9|14|18|22|25,amusement|approval|disappointment|fear|love|realization|sadness
380,18,love,3|5|6|10|14|18|22|27,annoyance|caring|confusion|disapproval|fear|love|realization|neutral
381,1|27,amusement|neutral,0|2|3|5|10|17|25,admiration|anger|annoyance|caring|disapproval|joy|sadness
382,6,confusion,6|7|9|14|15|27,confusion|curiosity|disappointment|fear|gratitude|neutral
383,4|27,approval|neutral,3|4|6|9|15|27,annoyance|approval|confusion|disappointment|gratitude|neutral
384,27,neutral,3|10|13|14|15|18|26,annoyance|disapproval|excitement|fear|gratitude|love|surprise
385,6,confusion,0|4|10|11|14|20,admiration|approval|disapproval|disgust|fear|optimism
386,1,amusement,0|2|3|6|8|9|15|25|26,admiration|anger|annoyance|confusion|desire|disappointment|gratitude|sadness|surprise
387,4|27,approval|neutral,10|27,disapproval|neutral
388,10,disapproval,2|6|11|17|22|27,anger|confusion|disgust|joy|realization|neutral
389,3|9|25,annoyance|disappointment|sadness,0|3|5|7|15|26,admiration|annoyance|caring|curiosity|gratitude|surprise
390,4,approval,0|2|3|4|5|11|15|17,admiration|anger|annoyance|approval|caring|disgust|gratitude|joy
391,7,curiosity,3|5|8|24|26|27,annoyance|caring|desire|remorse|surprise|neutral
392,7,curiosity,1|4|13|22|26,amusement|approval|excitement|realization|surprise
393,27,neutral,2|5|10|17|25|26,anger|caring|disapproval|joy|sadness|surprise
394,0|9,admiration|disappointment,0|1|3|7|18|26,admiration|amusement|annoyance|curiosity|love|surprise
395,27,neutral,0|2|3|6|15|17|20|26,admiration|anger|annoyance|confusion|gratitude|joy|optimism|surprise
396,0|3,admiration|annoyance,2|4|10|25,anger|approval|disapproval|sadness
397,25,sadness,3|6|7|9|10|13|17|20,annoyance|confusion|curiosity|disappointment|disapproval|excitement|joy|optimism
398,1|11,amusement|disgust,2|6|7|8|17|18|20|26|27,anger|confusion|curiosity|desire|joy|love|optimism|surprise|neutral
399,2|3,anger|annoyance,0|2|4|13|15|20|22|25,admiration|anger|approval|excitement|gratitude|optimism|realization|sadness
400,3,annoyance,1|2|3|20|22|27,amusement|anger|annoyance|optimism|realization|neutral
401,27,neutral,0|2|4|6|12|17|20|22,admiration|anger|approval|confusion|embarrassment|joy|optimism|realization
402,17,joy,2|3|4|6|8|9|11|26|27,anger|annoyance|approval|confusion|desire|disappointment|disgust|surprise|neutral
403,3,annoyance,2|3|5|7|10|11,anger|annoyance|caring|curiosity|disapproval|disgust
404,0,admiration,1|2|7|10|20|26,amusement|anger|curiosity|disapproval|optimism|surprise
405,6,confusion,10|13|15|27,disapproval|excitement|gratitude|neutral
406,11,disgust,4|9|11|15|17|20|22|25|27,approval|disappointment|disgust|gratitude|joy|optimism|realization|sadness|neutral
407,0,admiration,0|1|2|3|4|10|11|15|22,admiration|amusement|anger|annoyance|approval|disapproval|disgust|gratitude|realization
408,27,neutral,5|6|8|26,caring|confusion|desire|surprise
409,9,disappointment,1|4|17|27,amusement|approval|joy|neutral
410,15,gratitude,0|22|26|27,admiration|realization|surprise|neutral
411,0,admiration,1|2|4|17|22|25|27,amusement|anger|approval|joy|realization|sadness|neutral
412,27,neutral,5|7|9|10|11|20|27,caring|curiosity|disappointment|disapproval|disgust|optimism|neutral
413,0|27,admiration|neutral,1|7|15|25|27,amusement|curiosity|gratitude|sadness|neutral
414,10,disapproval,0|3|22|24,admiration|annoyance|realization|remorse
415,27,neutral,0|2|13|17|24|26,admiration|anger|excitement|joy|remorse|surprise
416,2|3,anger|annoyance,0|2|6|7|15|20|26,admiration|anger|confusion|curiosity|gratitude|optimism|surprise
417,27,neutral,1|2|4|5|6|11|14|25,amusement|anger|approval|caring|confusion|disgust|fear|sadness
418,0|1,admiration|amusement,6|7|8|9|14|15|18|25|27,confusion|curiosity|desire|disappointment|fear|gratitude|love|sadness|neutral
419,15,gratitude,1|5|11|17|25|26,amusement|caring|disgust|joy|sadness|surprise
420,14,fear,0|2|5|22|23,admiration|anger|caring|realization|relief
421,11,disgust,3|11|15|17|18|25,annoyance|disgust|gratitude|joy|love|sadness
422,10,disapproval,0|4|6|10|17|27,admiration|approval|confusion|disapproval|joy|neutral
423,4|14,approval|fear,0|2|3|6|10|27,admiration|anger|annoyance|confusion|disapproval|neutral
424,0,admiration,0|4|5|7|15|17|18|20|27,admiration|approval|caring|curiosity|gratitude|joy|love|optimism|neutral
425,3|27,annoyance|neutral,0|7|15|20|26,admiration|curiosity|gratitude|optimism|surprise
426,12,embarrassment,1|3|9|10|11|22|27,amusement|annoyance|disappointment|disapproval|disgust|realization|neutral
427,26,surprise,0|3|6|9|11|18|20,admiration|annoyance|confusion|disappointment|disgust|love|optimism
428,0|18,admiration|love,0|4|10|17|21,admiration|approval|disapproval|joy|pride
429,22,realization,5|6|8|13|15|17|18|27,caring|confusion|desire|excitement|gratitude|joy|love|neutral
430,11,disgust,20|27,optimism|neutral
431,24,remorse,1|3|6|7|9|27,amusement|annoyance|confusion|curiosity|disappointment|neutral
432,7,curiosity,4|7|13|22|25|27,approval|curiosity|excitement|realization|sadness|neutral
433,27,neutral,1|2|3|15,amusement|anger|annoyance|gratitude
434,0,admiration,1|3|27,amusement|annoyance|neutral
435,3,annoyance,0|3|5|8,admiration|annoyance|caring|desire
436,27,neutral,4|7|12|15|20|27,approval|curiosity|embarrassment|gratitude|optimism|neutral
437,27,neutral,0|1|4|17|18|27,admiration|amusement|approval|joy|love|neutral
438,7|26,curiosity|surprise,3|4|15|17|18|20|27,annoyance|approval|gratitude|joy|love|optimism|neutral
439,27,neutral,0|2|7,admiration|anger|curiosity
440,0,admiration,1|5|7|8|9|17|18|20|27,amusement|caring|curiosity|desire|disappointment|joy|love|optimism|neutral
441,27,neutral,4|7|9|15|27,approval|curiosity|disappointment|gratitude|neutral
442,7,curiosity,2|9|23|27,anger|disappointment|relief|neutral
443,10,disapproval,1|3|4|7|9|10|14|22,amusement|annoyance|approval|curiosity|disappointment|disapproval|fear|realization
444,25,sadness,0|1|4|7|13|22|26,admiration|amusement|approval|curiosity|excitement|realization|surprise
445,24|25,remorse|sadness,0|3|4|7|17|20,admiration|annoyance|approval|curiosity|joy|optimism
446,1|27,amusement|neutral,9|10|20|25|27,disappointment|disapproval|optimism|sadness|neutral
447,25,sadness,3|4|7|10|14|22,annoyance|approval|curiosity|disapproval|fear|realization
448,24,remorse,0|1|3|4|5|7|15|22,admiration|amusement|annoyance|approval|caring|curiosity|gratitude|realization
449,13,excitement,2|3|5|6|17|20|22|27,anger|annoyance|caring|confusion|joy|optimism|realization|neutral
450,0|4,admiration|approval,1|5|6|7|15|23,amusement|caring|confusion|curiosity|gratitude|relief
451,4|21,approval|pride,0|4|7|8|10|17|20|25,admiration|approval|curiosity|desire|disapproval|joy|optimism|sadness
452,4,approval,3|7|20|25|26|27,annoyance|curiosity|optimism|sadness|surprise|neutral
453,18,love,0|4|13|26|27,admiration|approval|excitement|surprise|neutral
454,27,neutral,0|2|7|9|10|25,admiration|anger|curiosity|disappointment|disapproval|sadness
455,25,sadness,0|3|7|13|17|20|22,admiration|annoyance|curiosity|excitement|joy|optimism|realization
456,27,neutral,2|11|15|27,anger|disgust|gratitude|neutral
457,4,approval,0|2|5|18|20|22|26|27,admiration|anger|caring|love|optimism|realization|surprise|neutral
458,26,surprise,0|6|7|15|17|25|26,admiration|confusion|curiosity|gratitude|joy|sadness|surprise
459,27,neutral,0|4|15|20|22,admiration|approval|gratitude|optimism|realization
460,27,neutral,0|5|6|9|10|20|27,admiration|caring|confusion|disappointment|disapproval|optimism|neutral
461,6,confusion,2|3|5|11|15|18|20|25|26,anger|annoyance|caring|disgust|gratitude|love|optimism|sadness|surprise
462,27,neutral,0|1|3|4|6|9|15|18,admiration|amusement|annoyance|approval|confusion|disappointment|gratitude|love
463,7,curiosity,0|1|3|4|5|10|15|25,admiration|amusement|annoyance|approval|caring|disapproval|gratitude|sadness
464,0|20,admiration|optimism,1|7|10|18|20|25,amusement|curiosity|disapproval|love|optimism|sadness
465,27,neutral,1|3|5|13|14|24,amusement|annoyance|caring|excitement|fear|remorse
466,9,disappointment,0|5|15|19|27,admiration|caring|gratitude|nervousness|neutral
467,27,neutral,0|3|5|15|18|20|26,admiration|annoyance|caring|gratitude|love|optimism|surprise
468,27,neutral,0|10|20|26,admiration|disapproval|optimism|surprise
469,21,pride,0|5|7|18|27,admiration|caring|curiosity|love|neutral
470,27,neutral,0|7|8|13|17|18|22,admiration|curiosity|desire|excitement|joy|love|realization
471,0,admiration,0|1|15|22|27,admiration|amusement|gratitude|realization|neutral
472,14,fear,1|5|6|7|14|17|18|25|26|27,amusement|caring|confusion|curiosity|fear|joy|love|sadness|surprise|neutral
473,27,neutral,9|13|22,disappointment|excitement|realization
474,27,neutral,1|2|6|14|17|18,amusement|anger|confusion|fear|joy|love
475,27,neutral,0|2|3|27,admiration|anger|annoyance|neutral
476,17,joy,1|2|3|8|18|20,amusement|anger|annoyance|desire|love|optimism
477,2|11,anger|disgust,0|1|4|5|6|25|27,admiration|amusement|approval|caring|confusion|sadness|neutral
478,27,neutral,7|10|11|14|25,curiosity|disapproval|disgust|fear|sadness
479,0,admiration,2|9|13|14|15|22,anger|disappointment|excitement|fear|gratitude|realization
480,26,surprise,4|7|9|18|22,approval|curiosity|disappointment|love|realization
481,4|20,approval|optimism,1|7|8|17|18|27,amusement|curiosity|desire|joy|love|neutral
482,0,admiration,0|13|20|22|27,admiration|excitement|optimism|realization|neutral
483,10,disapproval,1|4|7|13|14|27,amusement|approval|curiosity|excitement|fear|neutral
484,2,anger,0|1|4|7|10|11|14|15|24|25,admiration|amusement|approval|curiosity|disapproval|disgust|fear|gratitude|remorse|sadness
485,11,disgust,3|8|25|27,annoyance|desire|sadness|neutral
486,15,gratitude,0|3|11|18|22|24|25|26,admiration|annoyance|disgust|love|realization|remorse|sadness|surprise
487,6|7,confusion|curiosity,0|4|11|15|18,admiration|approval|disgust|gratitude|love
488,1,amusement,0|2|5|9|10|17|18,admiration|anger|caring|disappointment|disapproval|joy|love
489,27,neutral,2|3|5|10|17|18|20,anger|annoyance|caring|disapproval|joy|love|optimism
490,10,disapproval,0|6|9|10|27,admiration|confusion|disappointment|disapproval|neutral
491,27,neutral,2|3|4|8|9|11|15|18|20|26,anger|annoyance|approval|desire|disappointment|disgust|gratitude|love|optimism|surprise
492,27,neutral,0|1|3|5,admiration|amusement|annoyance|caring
493,0,admiration,0|2|10|13|22|27,admiration|anger|disapproval|excitement|realization|neutral
494,27,neutral,2|4|5|7|9|25|27,anger|approval|caring|curiosity|disappointment|sadness|neutral
495,27,neutral,5|8|15,caring|desire|gratitude
496,15|26,gratitude|surprise,0|3|6|10|13|20,admiration|annoyance|confusion|disapproval|excitement|optimism
497,6,confusion,2|10|12|18|27,anger|disapproval|embarrassment|love|neutral
498,17|20,joy|optimism,0|11|13|18,admiration|disgust|excitement|love
499,5,caring,0|1|7|17|27,admiration|amusement|curiosity|joy|neutral
500,7,curiosity,4|5|10|13|25,approval|caring|disapproval|excitement|sadness
501,0,admiration,0|2|4|6|7|11|20|27,admiration|anger|approval|confusion|curiosity|disgust|optimism|neutral
502,14|22,fear|realization,1|2|3|5|9|10|11|17|22|27,amusement|anger|annoyance|caring|disappointment|disapproval|disgust|joy|realization|neutral
503,26,surprise,1|3|5|7|8|17|22|24|25|26,amusement|annoyance|caring|curiosity|desire|joy|realization|remorse|sadness|surprise
504,4,approval,8|9|10|22|25|26|27,desire|disappointment|disapproval|realization|sadness|surprise|neutral
505,18,love,4|7|11|13|15|17|18,approval|curiosity|disgust|excitement|gratitude|joy|love
506,18,love,0|5|9|10|15|17,admiration|caring|disappointment|disapproval|gratitude|joy
507,11,disgust,0|1|2|5|10|12|18|26,admiration|amusement|anger|caring|disapproval|embarrassment|love|surprise
508,4,approval,2|4|7|9|15|24|26|27,anger|approval|curiosity|disappointment|gratitude|remorse|surprise|neutral
509,20|27,optimism|neutral,1|2|3|4|11|15|26|27,amusement|anger|annoyance|approval|disgust|gratitude|surprise|neutral
510,17|23,joy|relief,0|1|4|5|7|10|15,admiration|amusement|approval|caring|curiosity|disapproval|gratitude
511,10,disapproval,1|2|3|14|18|27,amusement|anger|annoyance|fear|love|neutral
512,27,neutral,0|3|7|9|11|18|20|22|25|26,admiration|annoyance|curiosity|disappointment|disgust|love|optimism|realization|sadness|surprise
513,0,admiration,0|1|4|17|25,admiration|amusement|approval|joy|sadness
514,12,embarrassment,2|17|27,anger|joy|neutral
515,27,neutral,1|3|4|5|9|20|22|26|27,amusement|annoyance|approval|caring|disappointment|optimism|realization|surprise|neutral
516,0,admiration,1|2|4|7|13|27,amusement|anger|approval|curiosity|excitement|neutral
517,2,anger,2|3|7|13|18|20|27,anger|annoyance|curiosity|excitement|love|optimism|neutral
518,17,joy,0|2|8|9|10|15,admiration|anger|desire|disappointment|disapproval|gratitude
519,16|18,grief|love,10|13|18|24|25|27,disapproval|excitement|love|remorse|sadness|neutral
520,10,disapproval,4|5|6|7|10|13|27,approval|caring|confusion|curiosity|disapproval|excitement|neutral
521,27,neutral,2|4|13|22,anger|approval|excitement|realization
522,1|4,amusement|approval,0|4|7|15|17|20|22|26,admiration|approval|curiosity|gratitude|joy|optimism|realization|surprise
523,6,confusion,3|15|17|18|20|22|26|27,annoyance|gratitude|joy|love|optimism|realization|surprise|neutral
524,14,fear,4|6|10|11|15|25|26|27,approval|confusion|disapproval|disgust|gratitude|sadness|surprise|neutral
525,26,surprise,0|1|2|5|8|18|22,admiration|amusement|anger|caring|desire|love|realization
526,0|4|17,admiration|approval|joy,9|13|20|25,disappointment|excitement|optimism|sadness
527,20,optimism,0|4|5|10|17|18|26,admiration|approval|caring|disapproval|joy|love|surprise
528,25,sadness,1|6|8|10|11|17|18|21|22|26,amusement|confusion|desire|disapproval|disgust|joy|love|pride|realization|surprise
529,27,neutral,3|4|6|8|9|26,annoyance|approval|confusion|desire|disappointment|surprise
530,9,disappointment,1|3|17|18|26|27,amusement|annoyance|joy|love|surprise|neutral
531,1,amusement,0|3|4|5|15|18,admiration|annoyance|approval|caring|gratitude|love
532,3,annoyance,3|4|14|15|18|20|22,annoyance|approval|fear|gratitude|love|optimism|realization
533,22,realization,2|3|22,anger|annoyance|realization
534,27,neutral,1|3|17,amusement|annoyance|joy
535,27,neutral,0|7|18,admiration|curiosity|love
536,18,love,3|4|7|9|10|20|25|26,annoyance|approval|curiosity|disappointment|disapproval|optimism|sadness|surprise
537,27,neutral,1|2|9|20|24|27,amusement|anger|disappointment|optimism|remorse|neutral
538,27,neutral,0|9|11|15|17|25|27,admiration|disappointment|disgust|gratitude|joy|sadness|neutral
539,2|26,anger|surprise,6|7|8|9|10|14|15|20,confusion|curiosity|desire|disappointment|disapproval|fear|gratitude|optimism
540,7,curiosity,0|2|7|9|10|15|26,admiration|anger|curiosity|disappointment|disapproval|gratitude|surprise
541,5,caring,6|7|17|22|27,confusion|curiosity|joy|realization|neutral
542,10,disapproval,5|8|11|17|18|27,caring|desire|disgust|joy|love|neutral
543,16|24|25,grief|remorse|sadness,0|6|7|10|13|17|27,admiration|confusion|curiosity|disapproval|excitement|joy|neutral
544,27,neutral,1|3|11|17|18|22|26|27,amusement|annoyance|disgust|joy|love|realization|surprise|neutral
545,13,excitement,3|4|7|8|14|20|27,annoyance|approval|curiosity|desire|fear|optimism|neutral
546,0,admiration,2|4|5|10|15|17|18,anger|approval|caring|disapproval|gratitude|joy|love
547,27,neutral,1|3|5|6|7|10|11|22,amusement|annoyance|caring|confusion|curiosity|disapproval|disgust|realization
548,0,admiration,4|10|11|17|18|20,approval|disapproval|disgust|joy|love|optimism
549,7,curiosity,0|1|3|4|15|17|27,admiration|amusement|annoyance|approval|gratitude|joy|neutral
550,0,admiration,0|1|7|9|25,admiration|amusement|curiosity|disappointment|sadness
551,27,neutral,0|9|10|11|27,admiration|disappointment|disapproval|disgust|neutral
552,3,annoyance,0|3|4|8|13|15|18,admiration|annoyance|approval|desire|excitement|gratitude|love
553,27,neutral,1|7|15|17|25,amusement|curiosity|gratitude|joy|sadness
554,17|24,joy|remorse,4|5|7|8|22|27,approval|caring|curiosity|desire|realization|neutral
555,0,admiration,0|1|2|6|7|10|15|17|18|25,admiration|amusement|anger|confusion|curiosity|disapproval|gratitude|joy|love|sadness
556,20|22,optimism|realization,3|10|15|17|22,annoyance|disapproval|gratitude|joy|realization
557,27,neutral,0|1|2|18|24|25,admiration|amusement|anger|love|remorse|sadness
558,5,caring,3|5|6|8|15|20|22|26,annoyance|caring|confusion|desire|gratitude|optimism|realization|surprise
559,11,disgust,0|2|7|9|25|27,admiration|anger|curiosity|disappointment|sadness|neutral
560,9|12,disappointment|embarrassment,3|9|10|14|15|17|18,annoyance|disappointment|disapproval|fear|gratitude|joy|love
561,20,optimism,1|2|4|10|17|18,amusement|anger|approval|disapproval|joy|love
562,17|27,joy|neutral,0|2|9|20|22|25|26|27,admiration|anger|disappointment|optimism|realization|sadness|surprise|neutral
563,27,neutral,4|9|17|18|22,approval|disappointment|joy|love|realization
564,7,curiosity,0|4|6|9|10|18,admiration|approval|confusion|disappointment|disapproval|love
565,0|18,admiration|love,1|3|4|7|10|11|18|20|22,amusement|annoyance|approval|curiosity|disapproval|disgust|love|optimism|realization
566,27,neutral,0|3|4|18|20|22,admiration|annoyance|approval|love|optimism|realization
567,9,disappointment,0|3|4|5|9|13|17|18|20|22,admiration|annoyance|approval|caring|disappointment|excitement|joy|love|optimism|realization
568,0,admiration,0|9|18|25,admiration|disappointment|love|sadness
569,7,curiosity,20|26,optimism|surprise
570,22,realization,4|7|9|17|18|22|27,approval|curiosity|disappointment|joy|love|realization|neutral
571,27,neutral,0|5|9|10|11|14|27,admiration|caring|disappointment|disapproval|disgust|fear|neutral
572,27,neutral,0|1|4|10|17|24,admiration|amusement|approval|disapproval|joy|remorse
573,1,amusement,5|6|8|9|11|15|17|22|25,caring|confusion|desire|disappointment|disgust|gratitude|joy|realization|sadness
574,15,gratitude,1|6|11|15|20|27,amusement|confusion|disgust|gratitude|optimism|neutral
575,27,neutral,1|7,amusement|curiosity
576,20,optimism,0|1|2|10|18|20,admiration|amusement|anger|disapproval|love|optimism
577,1|17,amusement|joy,0|3|9|10|15|20|25|27,admiration|annoyance|disappointment|disapproval|gratitude|optimism|sadness|neutral
578,0,admiration,9|10|20|27,disappointment|disapproval|optimism|neutral
579,10|20,disapproval|optimism,3|6|14|18|22|26,annoyance|confusion|fear|love|realization|surprise
580,14,fear,3|6|9|18|20|25|27,annoyance|confusion|disappointment|love|optimism|sadness|neutral
581,4|21,approval|pride,2|3|7|9|15,anger|annoyance|curiosity|disappointment|gratitude
582,15|20,gratitude|optimism,2|3|6|7|9|10|11|17|27,anger|annoyance|confusion|curiosity|disappointment|disapproval|disgust|joy|neutral
583,7,curiosity,2|8|11|15|22|26,anger|desire|disgust|gratitude|realization|surprise
584,3,annoyance,0|1|4|5|10|14|18|20|22|26,admiration|amusement|approval|caring|disapproval|fear|love|optimism|realization|surprise
585,27,neutral,0|5|6|9|10|18|22,admiration|caring|confusion|disappointment|disapproval|love|realization
586,27,neutral,0|2|5|8|11|15|18|22|27,admiration|anger|caring|desire|disgust|gratitude|love|realization|neutral
587,13|15|26,excitement|gratitude|surprise,0|5|7|15|27,admiration|caring|curiosity|gratitude|neutral
588,27,neutral,1|4|15|18|20,amusement|approval|gratitude|love|optimism
589,27,neutral,0|15|18|26|27,admiration|gratitude|love|surprise|neutral
590,6,confusion,0|15|27,admiration|gratitude|neutral
591,27,neutral,3|7|9|13|15|20|25|26,annoyance|curiosity|disappointment|excitement|gratitude|optimism|sadness|surprise
592,1,amusement,2|3|4|25,anger|annoyance|approval|sadness
593,0,admiration,5|6|15|18|20|25,caring|confusion|gratitude|love|optimism|sadness
594,9|26,disappointment|surprise,1|3|6|13|18|27,amusement|annoyance|confusion|excitement|love|neutral
595,7,curiosity,4|5|8|9|11|22|25,approval|caring|desire|disappointment|disgust|realization|sadness
596,20,optimism,7|9|10|11|15|18|22|25,curiosity|disappointment|disapproval|disgust|gratitude|love|realization|sadness
597,0,admiration,7|9|10|15|25|27,curiosity|disappointment|disapproval|gratitude|sadness|neutral
598,1,amusement,0|1|3|4|9|10|15|17|18|20|24,admiration|amusement|annoyance|approval|disappointment|disapproval|gratitude|joy|love|optimism|remorse
599,18,love,1|3|4|6|10|11|17|25|27,amusement|annoyance|approval|confusion|disapproval|disgust|joy|sadness|neutral
600,10|27,disapproval|neutral,4|5|6|7|8|9|15|17|20,approval|caring|confusion|curiosity|desire|disappointment|gratitude|joy|optimism
601,27,neutral,0|1|4|27,admiration|amusement|approval|neutral
602,3|5|22,annoyance|caring|realization,2|4|5|6|8|17|22,anger|approval|caring|confusion|desire|joy|realization
603,27,neutral,1|2|17|20|25,amusement|anger|joy|optimism|sadness
604,20,optimism,10|18|26|27,disapproval|love|surprise|neutral
605,4|10|27,approval|disapproval|neutral,3|4|5|6|8|9|11|15|22|25|27,annoyance|approval|caring|confusion|desire|disappointment|disgust|gratitude|realization|sadness|neutral
606,25,sadness,0|2|4|7|8|10|27,admiration|anger|approval|curiosity|desire|disapproval|neutral
607,2|18,anger|love,0|1|3|9|10|11|15|18|23|27,admiration|amusement|annoyance|disappointment|disapproval|disgust|gratitude|love|relief|neutral
608,4,approval,0|4|7|25,admiration|approval|curiosity|sadness
609,7|27,curiosity|neutral,0|4|7|15|20|24|27,admiration|approval|curiosity|gratitude|optimism|remorse|neutral
610,4|27,approval|neutral,1|2|20|22|26|27,amusement|anger|optimism|realization|surprise|neutral
611,0|17,admiration|joy,1|13|15|17|18|27,amusement|excitement|gratitude|joy|love|neutral
612,27,neutral,2|5|6|15|17|18,anger|caring|confusion|gratitude|joy|love
613,6,confusion,0|6|10|17|27,admiration|confusion|disapproval|joy|neutral
614,0,admiration,2|4|17|18|22,anger|approval|joy|love|realization
615,3,annoyance,6|9|24|25,confusion|disappointment|remorse|sadness
616,0,admiration,1|3|10|17|18|27,amusement|annoyance|disapproval|joy|love|neutral
617,14,fear,0|1|2|4|10|15|20|27,admiration|amusement|anger|approval|disapproval|gratitude|optimism|neutral
618,2|25,anger|sadness,1|2|4|22,amusement|anger|approval|realization
619,1,amusement,2|3|4|8|10|20,anger|annoyance|approval|desire|disapproval|optimism
620,7,curiosity,2|3|5|7|10|11|18|27,anger|annoyance|caring|curiosity|disapproval|disgust|love|neutral
621,9|10,disappointment|disapproval,1|2|10|18|27,amusement|anger|disapproval|love|neutral
622,18,love,1|4|5|9|11|13|25,amusement|approval|caring|disappointment|disgust|excitement|sadness
623,1|10,amusement|disapproval,2|4|10|26|27,anger|approval|disapproval|surprise|neutral
624,6,confusion,1|2|4|10|13|18,amusement|anger|approval|disapproval|excitement|love
625,18,love,5|9|18|25|27,caring|disappointment|love|sadness|neutral
626,3,annoyance,0|2|4|25|27,admiration|anger|approval|sadness|neutral
627,0|15,admiration|gratitude,0|1|2|3|9|20|22|27,admiration|amusement|anger|annoyance|disappointment|optimism|realization|neutral
628,18,love,1|2|3|7|10|11|20|26|27,amusement|anger|annoyance|curiosity|disapproval|disgust|optimism|surprise|neutral
629,19,nervousness,0|2|4|5|6|7|10|27,admiration|anger|approval|caring|confusion|curiosity|disapproval|neutral
630,7|27,curiosity|neutral,5|9|11|15|20|22|27,caring|disappointment|disgust|gratitude|optimism|realization|neutral
631,0|7,admiration|curiosity,0|4|6|9|15,admiration|approval|confusion|disappointment|gratitude
632,10,disapproval,5|6|10|17|20|26,caring|confusion|disapproval|joy|optimism|surprise
633,7,curiosity,0|1|2|7|27,admiration|amusement|anger|curiosity|neutral
634,20|27,optimism|neutral,1|8|18|25|26|27,amusement|desire|love|sadness|surprise|neutral
635,17,joy,0|6|15|25|27,admiration|confusion|gratitude|sadness|neutral
636,25,sadness,0|1|4|13|14|15|20|25,admiration|amusement|approval|excitement|fear|gratitude|optimism|sadness
637,10|20,disapproval|optimism,2|17,anger|joy
638,8,desire,1|11|17|20|26,amusement|disgust|joy|optimism|surprise
639,27,neutral,0|3|5|17|18|24|25|26|27,admiration|annoyance|caring|joy|love|remorse|sadness|surprise|neutral
640,5,caring,0|2|18|27,admiration|anger|love|neutral
641,27,neutral,0|1|4|7|8|9|10|15|24,admiration|amusement|approval|curiosity|desire|disappointment|disapproval|gratitude|remorse
642,5,caring,0|1|4|10|12|18|20|26,admiration|amusement|approval|disapproval|embarrassment|love|optimism|surprise
643,1,amusement,1|3|6|15|27,amusement|annoyance|confusion|gratitude|neutral
644,18,love,2|3|7|9|10|15|17|27,anger|annoyance|curiosity|disappointment|disapproval|gratitude|joy|neutral
645,13|17,excitement|joy,3|4|6|7|18,annoyance|approval|confusion|curiosity|love
646,0|20|24,admiration|optimism|remorse,1|4|10|12|13|20|22,amusement|approval|disapproval|embarrassment|excitement|optimism|realization
647,15|20,gratitude|optimism,0|2|3|4|5|11|13|20,admiration|anger|annoyance|approval|caring|disgust|excitement|optimism
648,0|15,admiration|gratitude,0|2|3|10|18|25,admiration|anger|annoyance|disapproval|love|sadness
649,10,disapproval,0|1|4|5|7|10|24,admiration|amusement|approval|caring|curiosity|disapproval|remorse
650,11,disgust,1|5|6|8|13|15|18|27,amusement|caring|confusion|desire|excitement|gratitude|love|neutral
651,2,anger,3|6|7|10|11|22,annoyance|confusion|curiosity|disapproval|disgust|realization
652,27,neutral,3|4|22,annoyance|approval|realization
653,1,amusement,0|4|10|13,admiration|approval|disapproval|excitement
654,0,admiration,1|3|4|5|6|11|14|17|26,amusement|annoyance|approval|caring|confusion|disgust|fear|joy|surprise
655,27,neutral,0|4|18|22|27,admiration|approval|love|realization|neutral
656,5,caring,1|3|22|27,amusement|annoyance|realization|neutral
657,2,anger,3|5|10|20,annoyance|caring|disapproval|optimism
658,11,disgust,13|14|17|27,excitement|fear|joy|neutral
659,6,confusion,0|4|9|13|17|24|25|27,admiration|approval|disappointment|excitement|joy|remorse|sadness|neutral
660,26,surprise,1|2|3|7|9|15|20|27,amusement|anger|annoyance|curiosity|disappointment|gratitude|optimism|neutral
661,22,realization,0|3|5|7|20|27,admiration|annoyance|caring|curiosity|optimism|neutral
662,27,neutral,0|2|10|13|18,admiration|anger|disapproval|excitement|love
663,1,amusement,2|3|7|17|20|26,anger|annoyance|curiosity|joy|optimism|surprise
664,27,neutral,0|2|5|15|27,admiration|anger|caring|gratitude|neutral
665,22,realization,1|2|4|5|8|9|22|27,amusement|anger|approval|caring|desire|disappointment|realization|neutral
666,6,confusion,2|3|4|7|9|10|18|24,anger|annoyance|approval|curiosity|disappointment|disapproval|love|remorse
667,10,disapproval,15|18|27,gratitude|love|neutral
668,4,approval,1|6|13|17|18,amusement|confusion|excitement|joy|love
669,27,neutral,0|10|18|20|23|26|27,admiration|disapproval|love|optimism|relief|surprise|neutral
670,27,neutral,0|2|3|8|10|15|22,admiration|anger|annoyance|desire|disapproval|gratitude|realization
671,3,annoyance,3|7|9|10|18|25|27,annoyance|curiosity|disappointment|disapproval|love|sadness|neutral
672,15,gratitude,3|4|6|7|11|13|14|15|18,annoyance|approval|confusion|curiosity|disgust|excitement|fear|gratitude|love
673,27,neutral,0|2|7|12|22|27,admiration|anger|curiosity|embarrassment|realization|neutral
674,0,admiration,1|2|4|6|13|17|27,amusement|anger|approval|confusion|excitement|joy|neutral
675,27,neutral,1|3|4|7|13|14|18|24|25|26|27,amusement|annoyance|approval|curiosity|excitement|fear|love|remorse|sadness|surprise|neutral
676,1,amusement,3|9|14|25|26|27,annoyance|disappointment|fear|sadness|surprise|neutral
677,6,confusion,0|1|4|13|15|17|21|26,admiration|amusement|approval|excitement|gratitude|joy|pride|surprise
678,20,optimism,0|1|3|7|8|11|20|27,admiration|amusement|annoyance|curiosity|desire|disgust|optimism|neutral
679,3,annoyance,10|13|17|18|27,disapproval|excitement|joy|love|neutral
680,1,amusement,1|3|11|17|25,amusement|annoyance|disgust|joy|sadness
681,5,caring,1|4|5|14|15|20|22|24|25|27,amusement|approval|caring|fear|gratitude|optimism|realization|remorse|sadness|neutral
682,14,fear,0|1|6|9|15|18|22,admiration|amusement|confusion|disappointment|gratitude|love|realization
683,6|26,confusion|surprise,0|1|4|6|25|27,admiration|amusement|approval|confusion|sadness|neutral
684,17,joy,1|4|10|18,amusement|approval|disapproval|love
685,24,remorse,1|3|11|13|15|18|26,amusement|annoyance|disgust|excitement|gratitude|love|surprise
686,2,anger,2|3|9|10|11|15|18,anger|annoyance|disappointment|disapproval|disgust|gratitude|love
687,27,neutral,1|6|7|13|15|17|20|27,amusement|confusion|curiosity|excitement|gratitude|joy|optimism|neutral
688,27,neutral,3|6|18|22|25|26|27,annoyance|confusion|love|realization|sadness|surprise|neutral
689,0|22,admiration|realization,0|1|3|4|8|9|13|17|26|27,admiration|amusement|annoyance|approval|desire|disappointment|excitement|joy|surprise|neutral
690,0|4,admiration|approval,0|1|4|8|9|11|15|25|26,admiration|amusement|approval|desire|disappointment|disgust|gratitude|sadness|surprise
691,8,desire,2|5|6|7|11|17|22|25,anger|caring|confusion|curiosity|disgust|joy|realization|sadness
692,4|5,approval|caring,0|1|4|6|7|10|26|27,admiration|amusement|approval|confusion|curiosity|disapproval|surprise|neutral
693,4,approval,3|8|9|10|14|22|25,annoyance|desire|disappointment|disapproval|fear|realization|sadness
694,7|11|25,curiosity|disgust|sadness,6|27,confusion|neutral
695,20,optimism,6|9|10|14|17|18,confusion|disappointment|disapproval|fear|joy|love
696,27,neutral,0|2|10|15|20|24|27,admiration|anger|disapproval|gratitude|optimism|remorse|neutral
697,6|7,confusion|curiosity,0|2|5|7|9|10|17|18,admiration|anger|caring|curiosity|disappointment|disapproval|joy|love
698,27,neutral,5|12|15|17|20|24|25,caring|embarrassment|gratitude|joy|optimism|remorse|sadness
699,22,realization,1|2|9,amusement|anger|disappointment
700,7,curiosity,2|3|5|9|10|12|18|23|27,anger|annoyance|caring|disappointment|disapproval|embarrassment|love|relief|neutral
701,0|13,admiration|excitement,12|18|22|26|27,embarrassment|love|realization|surprise|neutral
702,27,neutral,0|1|2|4,admiration|amusement|anger|approval
703,0,admiration,3|7|8|14|18|25,annoyance|curiosity|desire|fear|love|sadness
704,11|18,disgust|love,3|4|7|9|11|15|17|18,annoyance|approval|curiosity|disappointment|disgust|gratitude|joy|love
705,7,curiosity,2|5|10|20|22|25|26|27,anger|caring|disapproval|optimism|realization|sadness|surprise|neutral
706,20,optimism,7|8|9|14|17|20|22|25,curiosity|desire|disappointment|fear|joy|optimism|realization|sadness
707,1,amusement,0|10|22|27,admiration|disapproval|realization|neutral
708,27,neutral,6|7|9|20|25|27,confusion|curiosity|disappointment|optimism|sadness|neutral
709,18,love,3|10|15,annoyance|disapproval|gratitude
710,2,anger,4|5|6|11|14|18,approval|caring|confusion|disgust|fear|love
711,3,annoyance,3|5|11|22|27,annoyance|caring|disgust|realization|neutral
712,10,disapproval,2|3|4|5|6|11|13|17|18|24,anger|annoyance|approval|caring|confusion|disgust|excitement|joy|love|remorse
713,20,optimism,0|2|12|17|24|26,admiration|anger|embarrassment|joy|remorse|surprise
714,27,neutral,1|2|6|13|19|20|25,amusement|anger|confusion|excitement|nervousness|optimism|sadness
715,8|18,desire|love,1|10|22|25|27,amusement|disapproval|realization|sadness|neutral
716,15,gratitude,7|9|13|15|18|22|26|27,curiosity|disappointment|excitement|gratitude|love|realization|surprise|neutral
717,15,gratitude,0|1|2|3|8|10|18|20,admiration|amusement|anger|annoyance|desire|disapproval|love|optimism
718,27,neutral,2|7|10|12|27,anger|curiosity|disapproval|embarrassment|neutral
719,9|25,disappointment|sadness,0|7|9|15|26|27,admiration|curiosity|disappointment|gratitude|surprise|neutral
720,1,amusement,0|1|2|3|4|9|11|12|15|22|23|26,admiration|amusement|anger|annoyance|approval|disappointment|disgust|embarrassment|gratitude|realization|relief|surprise
721,27,neutral,5|18|20,caring|love|optimism
722,27,neutral,0|3|4|7|9|11|15,admiration|annoyance|approval|curiosity|disappointment|disgust|gratitude
723,4,approval,1|3|4|5|20|25|26,amusement|annoyance|approval|caring|optimism|sadness|surprise
724,27,neutral,0|2|13|20|25,admiration|anger|excitement|optimism|sadness
725,4,approval,4|9|11|15|17,approval|disappointment|disgust|gratitude|joy
726,27,neutral,2|4|5|7|17|27,anger|approval|caring|curiosity|joy|neutral
727,15,gratitude,1|5|6|7|10|11|20,amusement|caring|confusion|curiosity|disapproval|disgust|optimism
728,1,amusement,6|8|11|13|14|15|17|18|25|27,confusion|desire|disgust|excitement|fear|gratitude|joy|love|sadness|neutral
729,5,caring,0|3|20|23|25,admiration|annoyance|optimism|relief|sadness
730,17,joy,0|6|7|8|9|11|13|17,admiration|confusion|curiosity|desire|disappointment|disgust|excitement|joy
731,6,confusion,1|2|3|4|6|10|18,amusement|anger|annoyance|approval|confusion|disapproval|love
732,7,curiosity,3|4|7|8|10|15|20|24|25,annoyance|approval|curiosity|desire|disapproval|gratitude|optimism|remorse|sadness
733,27,neutral,0|2|12|18|27,admiration|anger|embarrassment|love|neutral
734,15,gratitude,3|4|6|7|20|24,annoyance|approval|confusion|curiosity|optimism|remorse
735,17,joy,0|1|3|4|5|6|10|13,admiration|amusement|annoyance|approval|caring|confusion|disapproval|excitement
736,27,neutral,1|2|6|11,amusement|anger|confusion|disgust
737,11,disgust,6|9|10|15|20|25|27,confusion|disappointment|disapproval|gratitude|optimism|sadness|neutral
738,27,neutral,1|5|6|10|14|17|23|25,amusement|caring|confusion|disapproval|fear|joy|relief|sadness
739,0|4,admiration|approval,1|4|10|13|25,amusement|approval|disapproval|excitement|sadness
740,27,neutral,4|6|7|17|26,approval|confusion|curiosity|joy|surprise
741,10,disapproval,0|9|13|17|18|22|25,admiration|disappointment|excitement|joy|love|realization|sadness
742,27,neutral,0|9|10|15|27,admiration|disappointment|disapproval|gratitude|neutral
743,6,confusion,1|2|3|5|18|20|22|24|25|26,amusement|anger|annoyance|caring|love|optimism|realization|remorse|sadness|surprise
744,27,neutral,4|6|7|9|20|22|27,approval|confusion|curiosity|disappointment|optimism|realization|neutral
745,18,love,0|2|27,admiration|anger|neutral
746,0,admiration,0|3|4|7|13,admiration|annoyance|approval|curiosity|excitement
747,27,neutral,15|18|25|27,gratitude|love|sadness|neutral
748,27,neutral,0|17|27,admiration|joy|neutral
749,27,neutral,0|7|8|12|17|27,admiration|curiosity|desire|embarrassment|joy|neutral
750,1,amusement,0|2|6|9|13|15|17|20|22|25|27,admiration|anger|confusion|disappointment|excitement|gratitude|joy|optimism|realization|sadness|neutral
751,27,neutral,0|1|3|15|27,admiration|amusement|annoyance|gratitude|neutral
752,5,caring,1|3|5|9|10,amusement|annoyance|caring|disappointment|disapproval
753,14,fear,6|20|25|27,confusion|optimism|sadness|neutral
754,27,neutral,7|8|9|15|18|22,curiosity|desire|disappointment|gratitude|love|realization
755,4|8,approval|desire,0|1|2|4|5|8|9|10|11|25|27,admiration|amusement|anger|approval|caring|desire|disappointment|disapproval|disgust|sadness|neutral
756,27,neutral,2|3|5|10|13|15|18|24,anger|annoyance|caring|disapproval|excitement|gratitude|love|remorse
757,27,neutral,4|7|8|18|20|25,approval|curiosity|desire|love|optimism|sadness
758,27,neutral,5|6|20|22|27,caring|confusion|optimism|realization|neutral
759,17,joy,1|13|20,amusement|excitement|optimism
760,27,neutral,0|7|9|18|27,admiration|curiosity|disappointment|love|neutral
761,25,sadness,3|4|10|11|13|20|26|27,annoyance|approval|disapproval|disgust|excitement|optimism|surprise|neutral
762,3|27,annoyance|neutral,0|8|15|17|18|27,admiration|desire|gratitude|joy|love|neutral
763,27,neutral,3|6|7|8|10|14|24|27,annoyance|confusion|curiosity|desire|disapproval|fear|remorse|neutral
764,9,disappointment,8|25|27,desire|sadness|neutral
765,27,neutral,0|4|6|7|11|18|22,admiration|approval|confusion|curiosity|disgust|love|realization
766,19|20,nervousness|optimism,0|11|17,admiration|disgust|joy
767,27,neutral,0|1|4|7|10|15|18|27,admiration|amusement|approval|curiosity|disapproval|gratitude|love|neutral
768,22,realization,6|10|14|15|17|20|27,confusion|disapproval|fear|gratitude|joy|optimism|neutral
769,27,neutral,0|9|10|11|12|18|20|22,admiration|disappointment|disapproval|disgust|embarrassment|love|optimism|realization
770,0,admiration,3|4|5|7|11|14|20|25|26,annoyance|approval|caring|curiosity|disgust|fear|optimism|sadness|surprise
771,10|27,disapproval|neutral,0|1|13|18,admiration|amusement|excitement|love
772,27,neutral,1|3|7|11|25|27,amusement|annoyance|curiosity|disgust|sadness|neutral
773,27,neutral,1|2|3|5|6|7|14|15|17,amusement|anger|annoyance|caring|confusion|curiosity|fear|gratitude|joy
774,0,admiration,3|4|5|14|15|25,annoyance|approval|caring|fear|gratitude|sadness
775,10,disapproval,3|6|13|14|15|17|18,annoyance|confusion|excitement|fear|gratitude|joy|love
776,27,neutral,0|4|6|11|15|18|26|27,admiration|approval|confusion|disgust|gratitude|love|surprise|neutral
777,0,admiration,1|3|4|6|7|15|25,amusement|annoyance|approval|confusion|curiosity|gratitude|sadness
778,0,admiration,0|3|4|5|6|20|25,admiration|annoyance|approval|caring|confusion|optimism|sadness
779,11,disgust,3|9|14|15|18|20|27,annoyance|disappointment|fear|gratitude|love|optimism|neutral
780,4,approval,0|7|15|20|27,admiration|curiosity|gratitude|optimism|neutral
781,22,realization,9|11|15|17|18|20|22|26|27,disappointment|disgust|gratitude|joy|love|optimism|realization|surprise|neutral
782,2,anger,1|3|6|7|15|17|18|22|25|26,amusement|annoyance|confusion|curiosity|gratitude|joy|love|realization|sadness|surprise
783,18|20,love|optimism,1|2|3|6|8|25|26,amusement|anger|annoyance|confusion|desire|sadness|surprise
784,0,admiration,1|7|13|15|17|25|27,amusement|curiosity|excitement|gratitude|joy|sadness|neutral
785,4,approval,3|5|20|27,annoyance|caring|optimism|neutral
786,7,curiosity,1|3|7|9|11|15|17|22,amusement|annoyance|curiosity|disappointment|disgust|gratitude|joy|realization
787,27,neutral,0|2|3|5|10|17|18,admiration|anger|annoyance|caring|disapproval|joy|love
788,15,gratitude,10|15|18|22|25|27,disapproval|gratitude|love|realization|sadness|neutral
789,27,neutral,7|8|17|20|22|27,curiosity|desire|joy|optimism|realization|neutral
790,4|24,approval|remorse,2|6|15|20|26,anger|confusion|gratitude|optimism|surprise
791,0|18,admiration|love,1|2|8|9|20|22|27,amusement|anger|desire|disappointment|optimism|realization|neutral
792,11,disgust,0|1|3|6|8|11|15|18,admiration|amusement|annoyance|confusion|desire|disgust|gratitude|love
793,27,neutral,0|1|2|5|27,admiration|amusement|anger|caring|neutral
794,27,neutral,4|5|6|7|15|20|27,approval|caring|confusion|curiosity|gratitude|optimism|neutral
795,27,neutral,1|2|4|25,amusement|anger|approval|sadness
796,18,love,5|11|15|20|27,caring|disgust|gratitude|optimism|neutral
797,1,amusement,0|9|15|18|22,admiration|disappointment|gratitude|love|realization
798,17,joy,0|3|5|7|9|12|23|26,admiration|annoyance|caring|curiosity|disappointment|embarrassment|relief|surprise
799,1,amusement,2|3|4|5|8|10|27,anger|annoyance|approval|caring|desire|disapproval|neutral
800,2,anger,0|3|6|9|10|18|24|26,admiration|annoyance|confusion|disappointment|disapproval|love|remorse|surprise
801,27,neutral,2|7|11|22|25|26,anger|curiosity|disgust|realization|sadness|surprise
802,17,joy,0|1|7|8|10|18,admiration|amusement|curiosity|desire|disapproval|love
803,27,neutral,1|2|3|10|11|26,amusement|anger|annoyance|disapproval|disgust|surprise
804,17,joy,0|2|5|13|18|20|22,admiration|anger|caring|excitement|love|optimism|realization
805,2,anger,3|4|13|17|20|27,annoyance|approval|excitement|joy|optimism|neutral
806,14,fear,1|6|11|15|17|27,amusement|confusion|disgust|gratitude|joy|neutral
807,26,surprise,1|4|5|9|18|20|24,amusement|approval|caring|disappointment|love|optimism|remorse
808,15,gratitude,3|4|9|11|13|15|17|20|27,annoyance|approval|disappointment|disgust|excitement|gratitude|joy|optimism|neutral
809,15|20,gratitude|optimism,0|3|5|6|7|9|13|20,admiration|annoyance|caring|confusion|curiosity|disappointment|excitement|optimism
810,3,annoyance,4|10|15|17|20,approval|disapproval|gratitude|joy|optimism
811,13,excitement,1|4|10|13|18|23|25|27,amusement|approval|disapproval|excitement|love|relief|sadness|neutral
812,3,annoyance,1|4|6|7|17,amusement|approval|confusion|curiosity|joy
813,27,neutral,0|2|6|7|15|22|26,admiration|anger|confusion|curiosity|gratitude|realization|surprise
814,8,desire,3|4|5|6|15|25|27,annoyance|approval|caring|confusion|gratitude|sadness|neutral
815,3|6,annoyance|confusion,0|3|4|13|17,admiration|annoyance|approval|excitement|joy
816,0,admiration,1|9|10|15|25|27,amusement|disappointment|disapproval|gratitude|sadness|neutral
817,4,approval,0|1|7|10|11|17|18|20,admiration|amusement|curiosity|disapproval|disgust|joy|love|optimism
818,3|9|16,annoyance|disappointment|grief,6|11|17|20|24|27,confusion|disgust|joy|optimism|remorse|neutral
819,20,optimism,0|4|10|11|14|17|25|27,admiration|approval|disapproval|disgust|fear|joy|sadness|neutral
820,20,optimism,0|1|7|9|11|17|18|25,admiration|amusement|curiosity|disappointment|disgust|joy|love|sadness
821,27,neutral,2|4|7|10|13|15|27,anger|approval|curiosity|disapproval|excitement|gratitude|neutral
822,5|24|25,caring|remorse|sadness,4|11|14|26|27,approval|disgust|fear|surprise|neutral
823,0|8,admiration|desire,0|5|6|10|11|15|22|27,admiration|caring|confusion|disapproval|disgust|gratitude|realization|neutral
824,27,neutral,7|10|13|15|18,curiosity|disapproval|excitement|gratitude|love
825,26,surprise,3|4|6|10|14|20,annoyance|approval|confusion|disapproval|fear|optimism
826,4,approval,3|5|14|25|27,annoyance|caring|fear|sadness|neutral
827,27,neutral,0|2|7|26,admiration|anger|curiosity|surprise
828,3,annoyance,1|2|9|10|15|18|20|22,amusement|anger|disappointment|disapproval|gratitude|love|optimism|realization
829,27,neutral,0|1|2|4|11|27,admiration|amusement|anger|approval|disgust|neutral
830,17,joy,1|13|14,amusement|excitement|fear
831,25,sadness,1|2|7|10|15|20|25|27,amusement|anger|curiosity|disapproval|gratitude|optimism|sadness|neutral
832,4|7,approval|curiosity,5|8|10|18|25,caring|desire|disapproval|love|sadness
833,5|20,caring|optimism,3|10|18,annoyance|disapproval|love
834,4,approval,1|10|11|15|17|18|20|22|26,amusement|disapproval|disgust|gratitude|joy|love|optimism|realization|surprise
835,20,optimism,0|3|5|10|20|22|24|25,admiration|annoyance|caring|disapproval|optimism|realization|remorse|sadness
836,18,love,2|4|17|18|25|27,anger|approval|joy|love|sadness|neutral
837,17,joy,0|1|5|6|11|15|22,admiration|amusement|caring|confusion|disgust|gratitude|realization
838,27,neutral,6|7|10|26|27,confusion|curiosity|disapproval|surprise|neutral
839,27,neutral,10|15|20,disapproval|gratitude|optimism
840,27,neutral,0|1|2|3|4|6|8|14|15,admiration|amusement|anger|annoyance|approval|confusion|desire|fear|gratitude
841,27,neutral,0|20|25|27,admiration|optimism|sadness|neutral
842,1|6,amusement|confusion,0|1|2|4|6|14|15|18|22,admiration|amusement|anger|approval|confusion|fear|gratitude|love|realization
843,25,sadness,0|18|25|27,admiration|love|sadness|neutral
844,11,disgust,1|5|10|13|17|18|26|27,amusement|caring|disapproval|excitement|joy|love|surprise|neutral
845,0,admiration,1|7|15|17,amusement|curiosity|gratitude|joy
846,27,neutral,2|3|15|27,anger|annoyance|gratitude|neutral
847,27,neutral,1|2|5|6|7|25,amusement|anger|caring|confusion|curiosity|sadness
848,14|26,fear|surprise,4|7|14|15|17|24|25,approval|curiosity|fear|gratitude|joy|remorse|sadness
849,17,joy,3|13|17|20|24|25|26|27,annoyance|excitement|joy|optimism|remorse|sadness|surprise|neutral
850,10,disapproval,0|1|2|4|10|17,admiration|amusement|anger|approval|disapproval|joy
851,27,neutral,3|7|8|10|15|18|22,annoyance|curiosity|desire|disapproval|gratitude|love|realization
852,27,neutral,0|1|4|10|13|19|25|27,admiration|amusement|approval|disapproval|excitement|nervousness|sadness|neutral
853,10,disapproval,1|2|4|7|15|20,amusement|anger|approval|curiosity|gratitude|optimism
854,20|22,optimism|realization,1|2|7,amusement|anger|curiosity
855,3,annoyance,5|8|11|15|18|26|27,caring|desire|disgust|gratitude|love|surprise|neutral
856,3,annoyance,0|2|7|11|13|15|18|20,admiration|anger|curiosity|disgust|excitement|gratitude|love|optimism
857,6,confusion,0|1|4|7|9|10|15,admiration|amusement|approval|curiosity|disappointment|disapproval|gratitude
858,27,neutral,0|4|5|9|13|17,admiration|approval|caring|disappointment|excitement|joy
859,22|26,realization|surprise,1|2|3|7|8|10|14|17|18|20,amusement|anger|annoyance|curiosity|desire|disapproval|fear|joy|love|optimism
860,3|7,annoyance|curiosity,2|4|6|8|10|20|25,anger|approval|confusion|desire|disapproval|optimism|sadness
861,10|25,disapproval|sadness,3|4|6|9|11|15|25,annoyance|approval|confusion|disappointment|disgust|gratitude|sadness
862,27,neutral,9|10|27,disappointment|disapproval|neutral
863,4,approval,4|7|19|22|27,approval|curiosity|nervousness|realization|neutral
864,27,neutral,4|7|10|14|15|17|27,approval|curiosity|disapproval|fear|gratitude|joy|neutral
865,0|18,admiration|love,1|4|15|20|22|25|27,amusement|approval|gratitude|optimism|realization|sadness|neutral
866,14,fear,4|7|9|10|15|18|20|25|27,approval|curiosity|disappointment|disapproval|gratitude|love|optimism|sadness|neutral
867,18,love,0|4|13|20|25|26,admiration|approval|excitement|optimism|sadness|surprise
868,15,gratitude,0|4|9|13|20|25,admiration|approval|disappointment|excitement|optimism|sadness
869,27,neutral,3|4|10|11|13|17|26,annoyance|approval|disapproval|disgust|excitement|joy|surprise
870,1|3,amusement|annoyance,0|4|7|9|11|13|15|17|25,admiration|approval|curiosity|disappointment|disgust|excitement|gratitude|joy|sadness
871,27,neutral,0|2|9|17|27,admiration|anger|disappointment|joy|neutral
872,0,admiration,0|2|3|17,admiration|anger|annoyance|joy
873,13,excitement,1|10,amusement|disapproval
874,27,neutral,0|4|6|14|15,admiration|approval|confusion|fear|gratitude
875,27,neutral,0|2|4|18|25,admiration|anger|approval|love|sadness
876,7,curiosity,0|4|6|15|26,admiration|approval|confusion|gratitude|surprise
877,4,approval,3|4|9|10|25|27,annoyance|approval|disappointment|disapproval|sadness|neutral
878,1|15,amusement|gratitude,1|3|11|13|15|18|25|26|27,amusement|annoyance|disgust|excitement|gratitude|love|sadness|surprise|neutral
879,15|26,gratitude|surprise,2|3|4|6|7|12|25|27,anger|annoyance|approval|confusion|curiosity|embarrassment|sadness|neutral
880,0,admiration,4|14|25|27,approval|fear|sadness|neutral
881,14,fear,0|1|11|26|27,admiration|amusement|disgust|surprise|neutral
882,7|26,curiosity|surprise,0|1|3|5|8|11|13|17|18|22|26,admiration|amusement|annoyance|caring|desire|disgust|excitement|joy|love|realization|surprise
883,1,amusement,1|3|4|18|26,amusement|annoyance|approval|love|surprise
884,17,joy,3|4|10|14|17|18|20|26,annoyance|approval|disapproval|fear|joy|love|optimism|surprise
885,27,neutral,1|2|15|27,amusement|anger|gratitude|neutral
886,0|4,admiration|approval,0|3|4|14|20|26,admiration|annoyance|approval|fear|optimism|surprise
887,1,amusement,0|2|4|9|10|14|18,admiration|anger|approval|disappointment|disapproval|fear|love
888,7,curiosity,1|6|8|17,amusement|confusion|desire|joy
889,15|18,gratitude|love,0|2|3|9|13|17|20|24,admiration|anger|annoyance|disappointment|excitement|joy|optimism|remorse
890,22,realization,0|2|4|7|8|22|27,admiration|anger|approval|curiosity|desire|realization|neutral
891,9,disappointment,0|4|15|17|22|26,admiration|approval|gratitude|joy|realization|surprise
892,1,amusement,8|9|13|22|26|27,desire|disappointment|excitement|realization|surprise|neutral
893,27,neutral,0|2|6|9|15,admiration|anger|confusion|disappointment|gratitude
894,25,sadness,0|1|7|13|15|18|20|24|26,admiration|amusement|curiosity|excitement|gratitude|love|optimism|remorse|surprise
895,27,neutral,1|9|14|17|25|27,amusement|disappointment|fear|joy|sadness|neutral
896,27,neutral,0|1|4|8|20|25,admiration|amusement|approval|desire|optimism|sadness
897,1,amusement,0|1|2|6|7|9|11|15|17|25,admiration|amusement|anger|confusion|curiosity|disappointment|disgust|gratitude|joy|sadness
898,4,approval,4|7|22|27,approval|curiosity|realization|neutral
899,27,neutral,0|1|3|7|10|14|15|23|26,admiration|amusement|annoyance|curiosity|disapproval|fear|gratitude|relief|surprise
900,11,disgust,0|1|7|10|14|17|20|27,admiration|amusement|curiosity|disapproval|fear|joy|optimism|neutral
901,18,love,0|3|7|17,admiration|annoyance|curiosity|joy
902,1,amusement,0|1|8|18|24|25|27,admiration|amusement|desire|love|remorse|sadness|neutral
903,18,love,1|2|3|6|7|8|11|24,amusement|anger|annoyance|confusion|curiosity|desire|disgust|remorse
904,22,realization,2|8|10|15|17|22|26|27,anger|desire|disapproval|gratitude|joy|realization|surprise|neutral
905,18,love,0|5|9|27,admiration|caring|disappointment|neutral
906,9,disappointment,0|2|3|10,admiration|anger|annoyance|disapproval
907,6,confusion,0|1|2|4|7|10,admiration|amusement|anger|approval|curiosity|disapproval
908,26,surprise,7|22|27,curiosity|realization|neutral
909,15,gratitude,2|3|4|7|15|17|18|20|24|26,anger|annoyance|approval|curiosity|gratitude|joy|love|optimism|remorse|surprise
910,25,sadness,2|7|14|15|21|25|27,anger|curiosity|fear|gratitude|pride|sadness|neutral
911,4,approval,2|11|22|27,anger|disgust|realization|neutral
912,17|27,joy|neutral,0|3|5|17,admiration|annoyance|caring|joy
913,2,anger,3|5|7|10|18|22,annoyance|caring|curiosity|disapproval|love|realization
914,1,amusement,0|1|2|3|4|18|25,admiration|amusement|anger|annoyance|approval|love|sadness
915,1,amusement,6|13|15|18|25|26|27,confusion|excitement|gratitude|love|sadness|surprise|neutral
916,1,amusement,0|4|6|9|10|13|17|20,admiration|approval|confusion|disappointment|disapproval|excitement|joy|optimism
917,0,admiration,1|6|15|17|18|27,amusement|confusion|gratitude|joy|love|neutral
918,27,neutral,1|2|3|6|7|8|27,amusement|anger|annoyance|confusion|curiosity|desire|neutral
919,4|27,approval|neutral,0|5|7|9|10,admiration|caring|curiosity|disappointment|disapproval
920,27,neutral,1|4|6|8|10|13|18|22|27,amusement|approval|confusion|desire|disapproval|excitement|love|realization|neutral
921,15,gratitude,2|3|6|10|17|18|20|27,anger|annoyance|confusion|disapproval|joy|love|optimism|neutral
922,10,disapproval,1|17|18|27,amusement|joy|love|neutral
923,7,curiosity,0|1|15,admiration|amusement|gratitude
924,25,sadness,1|2|4|5|7|11|27,amusement|anger|approval|caring|curiosity|disgust|neutral
925,3,annoyance,0|4|7|8|10|18|24|26,admiration|approval|curiosity|desire|disapproval|love|remorse|surprise
926,10,disapproval,1|4|10|14|20|25|26|27,amusement|approval|disapproval|fear|optimism|sadness|surprise|neutral
927,2|3,anger|annoyance,3|8|15|25,annoyance|desire|gratitude|sadness
928,7|13,curiosity|excitement,2|4|18|26,anger|approval|love|surprise
929,27,neutral,0|2|4|24|26,admiration|anger|approval|remorse|surprise
930,9,disappointment,0|1|6|10|13|15|17|18,admiration|amusement|confusion|disapproval|excitement|gratitude|joy|love
931,1,amusement,1|3|5|8|9|10|13|18|22|25|27,amusement|annoyance|caring|desire|disappointment|disapproval|excitement|love|realization|sadness|neutral
932,0|5,admiration|caring,1|6|7|9|13|18|22|27,amusement|confusion|curiosity|disappointment|excitement|love|realization|neutral
933,9|25,disappointment|sadness,0|2|6|7|10|11|14|18,admiration|anger|confusion|curiosity|disapproval|disgust|fear|love
934,27,neutral,9|13|15|24|27,disappointment|excitement|gratitude|remorse|neutral
935,27,neutral,0|1|3|4|6|9|11|27,admiration|amusement|annoyance|approval|confusion|disappointment|disgust|neutral
936,27,neutral,6|7|8|11|18|20,confusion|curiosity|desire|disgust|love|optimism
937,2,anger,0|1|6|7,admiration|amusement|confusion|curiosity
938,0,admiration,0|15|16|18,admiration|gratitude|grief|love
939,3,annoyance,0|2|4|20|27,admiration|anger|approval|optimism|neutral
940,27,neutral,0|3|5|10|25,admiration|annoyance|caring|disapproval|sadness
941,27,neutral,1|4|6|7|8|9|10|26,amusement|approval|confusion|curiosity|desire|disappointment|disapproval|surprise
942,5,caring,3|10|17|23|25|26,annoyance|disapproval|joy|relief|sadness|surprise
943,27,neutral,5|10|27,caring|disapproval|neutral
944,5,caring,1|2|4|7|10|17|25,amusement|anger|approval|curiosity|disapproval|joy|sadness
945,27,neutral,1|2|4|6|10|11|14|22|25|27,amusement|anger|approval|confusion|disapproval|disgust|fear|realization|sadness|neutral
946,2,anger,5|6|15,caring|confusion|gratitude
947,4,approval,0|1|4|6|10|15|22|26,admiration|amusement|approval|confusion|disapproval|gratitude|realization|surprise
948,20,optimism,1|3|6|11|14|15|22|24|25,amusement|annoyance|confusion|disgust|fear|gratitude|realization|remorse|sadness
949,15,gratitude,0|2|4|7|9|18|20,admiration|anger|approval|curiosity|disappointment|love|optimism
950,10,disapproval,7|8|10|13|15|18|26|27,curiosity|desire|disapproval|excitement|gratitude|love|surprise|neutral
951,9,disappointment,1|3|4|10|18|25|27,amusement|annoyance|approval|disapproval|love|sadness|neutral
952,7,curiosity,4|15|22|27,approval|gratitude|realization|neutral
953,1|13,amusement|excitement,0|2|5|7|9|11|12|17,admiration|anger|caring|curiosity|disappointment|disgust|embarrassment|joy
954,4,approval,1|5|6|14|27,amusement|caring|confusion|fear|neutral
955,10,disapproval,1|3|5|7|9|17,amusement|annoyance|caring|curiosity|disappointment|joy
956,27,neutral,2|4|6|9|11|15|24|25|27,anger|approval|confusion|disappointment|disgust|gratitude|remorse|sadness|neutral
957,27,neutral,1|2|3|6|7|15|17,amusement|anger|annoyance|confusion|curiosity|gratitude|joy
958,3|4,annoyance|approval,3|4|6|10|13|15|17|25|27,annoyance|approval|confusion|disapproval|excitement|gratitude|joy|sadness|neutral
959,2,anger,9|18|26|27,disappointment|love|surprise|neutral
960,27,neutral,3|4|5|10|15|20|27,annoyance|approval|caring|disapproval|gratitude|optimism|neutral
961,3,annoyance,0|7|11|22|26|27,admiration|curiosity|disgust|realization|surprise|neutral
962,27,neutral,3|13|14|18|26,annoyance|excitement|fear|love|surprise
963,4,approval,1|6|7|18|27,amusement|confusion|curiosity|love|neutral
964,17,joy,1|7|8|20|26|27,amusement|curiosity|desire|optimism|surprise|neutral
965,10,disapproval,1|2|3|5|6|9|10|15|17|26,amusement|anger|annoyance|caring|confusion|disappointment|disapproval|gratitude|joy|surprise
966,27,neutral,0|6|7|9|13|17|20|24,admiration|confusion|curiosity|disappointment|excitement|joy|optimism|remorse
967,18,love,0|7|9|11|27,admiration|curiosity|disappointment|disgust|neutral
968,27,neutral,8|13|27,desire|excitement|neutral
969,15|23,gratitude|relief,1|4|5|7|10|14|17|18|25,amusement|approval|caring|curiosity|disapproval|fear|joy|love|sadness
970,15,gratitude,0|3|6|9|10|13|20|27,admiration|annoyance|confusion|disappointment|disapproval|excitement|optimism|neutral
971,10,disapproval,0|1|4|11|18|24|26,admiration|amusement|approval|disgust|love|remorse|surprise
972,27,neutral,4|7|9|27,approval|curiosity|disappointment|neutral
973,27,neutral,0|1|4|13|15|20|22,admiration|amusement|approval|excitement|gratitude|optimism|realization
974,4,approval,3|7|18|22|24|25|26|27,annoyance|curiosity|love|realization|remorse|sadness|surprise|neutral
975,3|27,annoyance|neutral,1|3|6|7|18|25|26,amusement|annoyance|confusion|curiosity|love|sadness|surprise
976,24,remorse,1|2|3|4|5|6|13|15|22,amusement|anger|annoyance|approval|caring|confusion|excitement|gratitude|realization
977,27,neutral,2|3|4|18|25,anger|annoyance|approval|love|sadness
978,4|22,approval|realization,2|7|10|15|25,anger|curiosity|disapproval|gratitude|sadness
979,0|17,admiration|joy,10|11|17|22|27,disapproval|disgust|joy|realization|neutral
980,0|9|10,admiration|disappointment|disapproval,0|3|6|9|15|17|25,admiration|annoyance|confusion|disappointment|gratitude|joy|sadness
981,5,caring,0|2|10|14|18|22|27,admiration|anger|disapproval|fear|love|realization|neutral
982,25,sadness,4|7|13|17|24|25|27,approval|curiosity|excitement|joy|remorse|sadness|neutral
983,27,neutral,1|5|14|15|20|27,amusement|caring|fear|gratitude|optimism|neutral
984,15,gratitude,7|15|22,curiosity|gratitude|realization
985,0|9|15,admiration|disappointment|gratitude,4|6|7|12|15|17|18|22|25,approval|confusion|curiosity|embarrassment|gratitude|joy|love|realization|sadness
986,9,disappointment,0|3|4|5|13|18|27,admiration|annoyance|approval|caring|excitement|love|neutral
987,24,remorse,15|22|25|27,gratitude|realization|sadness|neutral
988,11,disgust,3|5|7|8|15|22,annoyance|caring|curiosity|desire|gratitude|realization
989,27,neutral,9|10|15|26|27,disappointment|disapproval|gratitude|surprise|neutral
990,0,admiration,2|3|4|5|9|11|17|20,anger|annoyance|approval|caring|disappointment|disgust|joy|optimism
991,27,neutral,2|3|4|7|15|17|18|25|27,anger|annoyance|approval|curiosity|gratitude|joy|love|sadness|neutral
992,15,gratitude,0|3|4|7|9|11|15|22|26|27,admiration|annoyance|approval|curiosity|disappointment|disgust|gratitude|realization|surprise|neutral
993,27,neutral,3|4|7|11|13|14|25|26,annoyance|approval|curiosity|disgust|excitement|fear|sadness|surprise
994,27,neutral,1|2|4|6|9|10|13|15|25|27,amusement|anger|approval|confusion|disappointment|disapproval|excitement|gratitude|sadness|neutral
995,27,neutral,1|2|7|9|10|12|18|20|22,amusement|anger|curiosity|disappointment|disapproval|embarrassment|love|optimism|realization
996,27,neutral,3|4|9|10|12|13|15|18|25|26,annoyance|approval|disappointment|disapproval|embarrassment|excitement|gratitude|love|sadness|surprise
997,27,neutral,0|5|6|9|12|20|25,admiration|caring|confusion|disappointment|embarrassment|optimism|sadness
998,15,gratitude,3|4|10|17|27,annoyance|approval|disapproval|joy|neutral
999,2|15,anger|gratitude,0|5|17|18|20|25,admiration|caring|joy|love|optimism|sadness
1000,1|7,amusement|curiosity,0|1|2|3|5|9|10|15|18|22,admiration|amusement|anger|annoyance|caring|disappointment|disapproval|gratitude|love|realization
1001,18,love,4|25|27,approval|sadness|neutral
1002,2,anger,0|4|7|9|15|18|20,admiration|approval|curiosity|disappointment|gratitude|love|optimism
1003,3|6|18,annoyance|confusion|love,4|5|8|10|15|20,approval|caring|desire|disapproval|gratitude|optimism
1004,27,neutral,1|2|3|4|10|12|15|17|20|22|27,amusement|anger|annoyance|approval|disapproval|embarrassment|gratitude|joy|optimism|realization|neutral
1005,9|10,disappointment|disapproval,3|5|13|15|17|20|27,annoyance|caring|excitement|gratitude|joy|optimism|neutral
1006,26,surprise,3|6|9|10|11|17|18|20|27,annoyance|confusion|disappointment|disapproval|disgust|joy|love|optimism|neutral
1007,27,neutral,0|4|7|13|17|23|25|26|27,admiration|approval|curiosity|excitement|joy|relief|sadness|surprise|neutral
1008,17,joy,2|3|4|20|27,anger|annoyance|approval|optimism|neutral
1009,27,neutral,2|3|9|22|27,anger|annoyance|disappointment|realization|neutral
1010,7,curiosity,0|4|5|9|11|15|17|18|25|27,admiration|approval|caring|disappointment|disgust|gratitude|joy|love|sadness|neutral
1011,27,neutral,0|3|5|9|10|11|17|18|22,admiration|annoyance|caring|disappointment|disapproval|disgust|joy|love|realization
1012,17,joy,2|3|5|6|7|11|25,anger|annoyance|caring|confusion|curiosity|disgust|sadness
1013,0,admiration,4|10|27,approval|disapproval|neutral
1014,27,neutral,1|4|7|18|20|27,amusement|approval|curiosity|love|optimism|neutral
1015,27,neutral,0|1|3|4|6|13|22|26|27,admiration|amusement|annoyance|approval|confusion|excitement|realization|surprise|neutral
1016,27,neutral,3|4|6|7|18|25,annoyance|approval|confusion|curiosity|love|sadness
1017,27,neutral,4|19|25,approval|nervousness|sadness
1018,27,neutral,0|2|15|18|20|26,admiration|anger|gratitude|love|optimism|surprise
1019,2|3,anger|annoyance,0|1|2|15|17|22|26|27,admiration|amusement|anger|gratitude|joy|realization|surprise|neutral
1020,12,embarrassment,2|7|8|11|15|18|20,anger|curiosity|desire|disgust|gratitude|love|optimism
1021,2|11,anger|disgust,1|4|9|15|17|18|27,amusement|approval|disappointment|gratitude|joy|love|neutral
1022,7,curiosity,1|10|11|17|18|26,amusement|disapproval|disgust|joy|love|surprise
1023,7,curiosity,0|1|5|7|27,admiration|amusement|caring|curiosity|neutral
1024,18,love,0|2|5|10|13|20|24|25,admiration|anger|caring|disapproval|excitement|optimism|remorse|sadness
1025,27,neutral,0|1|4|17|20|22,admiration|amusement|approval|joy|optimism|realization
1026,25,sadness,0|4|6|7|13|14|17|20,admiration|approval|confusion|curiosity|excitement|fear|joy|optimism
1027,9,disappointment,4|5|7|9|13|15|27,approval|caring|curiosity|disappointment|excitement|gratitude|neutral
1028,1|4|13|17,amusement|approval|excitement|joy,1|3|5|7|11|13|15|17|26,amusement|annoyance|caring|curiosity|disgust|excitement|gratitude|joy|surprise
1029,9,disappointment,6|15|17|20|24|26,confusion|gratitude|joy|optimism|remorse|surprise
1030,27,neutral,1|2|6|7|11|15|18|20|27,amusement|anger|confusion|curiosity|disgust|gratitude|love|optimism|neutral
1031,9,disappointment,3|4|10|11|13|15|25|26|27,annoyance|approval|disapproval|disgust|excitement|gratitude|sadness|surprise|neutral
1032,20,optimism,0|2|3|4|14|20|26|27,admiration|anger|annoyance|approval|fear|optimism|surprise|neutral
1033,10,disapproval,1|3|13|26|27,amusement|annoyance|excitement|surprise|neutral
1034,3,annoyance,3|15|18|20|22|27,annoyance|gratitude|love|optimism|realization|neutral
1035,0,admiration,1|5|7|8|9|13|15|18|24|25,amusement|caring|curiosity|desire|disappointment|excitement|gratitude|love|remorse|sadness
1036,0,admiration,4|17|27,approval|joy|neutral
1037,0|4,admiration|approval,4|6|8|9|15|17|18|25|27,approval|confusion|desire|disappointment|gratitude|joy|love|sadness|neutral
1038,20|27,optimism|neutral,0|1|4|6|9|15|17|18|20,admiration|amusement|approval|confusion|disappointment|gratitude|joy|love|optimism
1039,4,approval,7|9|13|20|25|27,curiosity|disappointment|excitement|optimism|sadness|neutral
1040,7,curiosity,0|1|6|14|15,admiration|amusement|confusion|fear|gratitude
1041,26,surprise,2|4|10|15|17|18|27,anger|approval|disapproval|gratitude|joy|love|neutral
1042,3,annoyance,6|15|18|22|26|27,confusion|gratitude|love|realization|surprise|neutral
1043,1,amusement,10|12|14|15|17|25,disapproval|embarrassment|fear|gratitude|joy|sadness
1044,27,neutral,0|1|2|6|9|18|22|26,admiration|amusement|anger|confusion|disappointment|love|realization|surprise
1045,27,neutral,3|5|10|20|26|27,annoyance|caring|disapproval|optimism|surprise|neutral
1046,10,disapproval,1|4|5|6|9|17|27,amusement|approval|caring|confusion|disappointment|joy|neutral
1047,27,neutral,0|3|4|15|27,admiration|annoyance|approval|gratitude|neutral
1048,27,neutral,2|3|4|5|10|13|14|20|22,anger|annoyance|approval|caring|disapproval|excitement|fear|optimism|realization
1049,10|18,disapproval|love,0|2|3|4|5|9|10|14|18|25,admiration|anger|annoyance|approval|caring|disappointment|disapproval|fear|love|sadness
1050,27,neutral,0|3|6|10|13|18|27,admiration|annoyance|confusion|disapproval|excitement|love|neutral
1051,6,confusion,0|1|2|8|17|22|25|27,admiration|amusement|anger|desire|joy|realization|sadness|neutral
1052,27,neutral,1|3|6|8|9|10|14|20|22|25,amusement|annoyance|confusion|desire|disappointment|disapproval|fear|optimism|realization|sadness
1053,1,amusement,0|1|10|13|18|22,admiration|amusement|disapproval|excitement|love|realization
1054,27,neutral,0|1|7|15|27,admiration|amusement|curiosity|gratitude|neutral
1055,27,neutral,0|3|5|7|8|9|10|17|20|25|26|27,admiration|annoyance|caring|curiosity|desire|disappointment|disapproval|joy|optimism|sadness|surprise|neutral
1056,10,disapproval,0|7|10|11|13|15|17|22|25|27,admiration|curiosity|disapproval|disgust|excitement|gratitude|joy|realization|sadness|neutral
1057,0,admiration,13|14|15|22|27,excitement|fear|gratitude|realization|neutral
1058,17,joy,0|4|9|11|17|26,admiration|approval|disappointment|disgust|joy|surprise
1059,9,disappointment,1|2|9|10|18|20,amusement|anger|disappointment|disapproval|love|optimism
1060,5,caring,3|6|11|13|15|24|27,annoyance|confusion|disgust|excitement|gratitude|remorse|neutral
1061,3,annoyance,0|4|5|6|7|10|18|20|27,admiration|approval|caring|confusion|curiosity|disapproval|love|optimism|neutral
1062,2|3,anger|annoyance,0|1|6|7|10|17,admiration|amusement|confusion|curiosity|disapproval|joy
1063,2|3,anger|annoyance,9|10|15|20|27,disappointment|disapproval|gratitude|optimism|neutral
1064,3,annoyance,0|2|4|5|9|10|13|18|24|25|26,admiration|anger|approval|caring|disappointment|disapproval|excitement|love|remorse|sadness|surprise
1065,18,love,8|9|10|19|20,desire|disappointment|disapproval|nervousness|optimism
1066,2,anger,0|5|6|8|11|17|18|26|27,admiration|caring|confusion|desire|disgust|joy|love|surprise|neutral
1067,10|18,disapproval|love,0|4|10|15|22|24,admiration|approval|disapproval|gratitude|realization|remorse
1068,10,disapproval,0|1|5|7|18|25|27,admiration|amusement|caring|curiosity|love|sadness|neutral
1069,9,disappointment,0|1|2|5|6|14|18|27,admiration|amusement|anger|caring|confusion|fear|love|neutral
1070,27,neutral,2|6|8|25,anger|confusion|desire|sadness
1071,0,admiration,1|6|9|11|12|13|14,amusement|confusion|disappointment|disgust|embarrassment|excitement|fear
1072,1,amusement,3|4|5|10|15|22|25,annoyance|approval|caring|disapproval|gratitude|realization|sadness
1073,4,approval,2|3|10|11|26|27,anger|annoyance|disapproval|disgust|surprise|neutral
1074,27,neutral,1|2|3|15|17|20|26|27,amusement|anger|annoyance|gratitude|joy|optimism|surprise|neutral
1075,27,neutral,4|5|14|17|18|20|24,approval|caring|fear|joy|love|optimism|remorse
1076,0,admiration,1|3|6|9|11|17|20|26,amusement|annoyance|confusion|disappointment|disgust|joy|optimism|surprise
1077,27,neutral,2|3|4|7|9|17|25|26,anger|annoyance|approval|curiosity|disappointment|joy|sadness|surprise
1078,27,neutral,2|3|4|5|17|18|27,anger|annoyance|approval|caring|joy|love|neutral
1079,27,neutral,0|2|7|27,admiration|anger|curiosity|neutral
1080,2,anger,0|1|10|13|15|18|25,admiration|amusement|disapproval|excitement|gratitude|love|sadness
1081,27,neutral,0|2|4|8|11|15|18|22,admiration|anger|approval|desire|disgust|gratitude|love|realization
1082,15,gratitude,0|4|14|17|24|26|27,admiration|approval|fear|joy|remorse|surprise|neutral
1083,27,neutral,1|3|4|6|7|11|15,amusement|annoyance|approval|confusion|curiosity|disgust|gratitude
1084,18,love,4|17|25|27,approval|joy|sadness|neutral
1085,20,optimism,1|3|10|11|26|27,amusement|annoyance|disapproval|disgust|surprise|neutral
1086,1,amusement,0|1|6|18,admiration|amusement|confusion|love
1087,22,realization,2|3|15|18|22|25|27,anger|annoyance|gratitude|love|realization|sadness|neutral
1088,27,neutral,0|1|3|7|12|13|26,admiration|amusement|annoyance|curiosity|embarrassment|excitement|surprise
1089,27,neutral,0|2|3|4|18|21|22|27,admiration|anger|annoyance|approval|love|pride|realization|neutral
1090,12,embarrassment,1|3|5|8|9|10|18|20,amusement|annoyance|caring|desire|disappointment|disapproval|love|optimism
1091,1,amusement,1|2|3|6|27,amusement|anger|annoyance|confusion|neutral
1092,26,surprise,6|10|15|17|18,confusion|disapproval|gratitude|joy|love
1093,27,neutral,0|4|7|10|14|15|24,admiration|approval|curiosity|disapproval|fear|gratitude|remorse
1094,0|2|18,admiration|anger|love,1|6|10|17|20,amusement|confusion|disapproval|joy|optimism
1095,24,remorse,1|3|7|9|10|11|18|20|22,amusement|annoyance|curiosity|disappointment|disapproval|disgust|love|optimism|realization
1096,15,gratitude,4|5|7|26|27,approval|caring|curiosity|surprise|neutral
1097,27,neutral,4|6|7|15|22|25|26,approval|confusion|curiosity|gratitude|realization|sadness|surprise
1098,15|18,gratitude|love,7|10|27,curiosity|disapproval|neutral
1099,15,gratitude,1|2|4|5|11|22|25,amusement|anger|approval|caring|disgust|realization|sadness
1100,0|18,admiration|love,4|7|11|18|27,approval|curiosity|disgust|love|neutral
1101,27,neutral,1|4|8|20|27,amusement|approval|desire|optimism|neutral
1102,20,optimism,3|5|7|11|27,annoyance|caring|curiosity|disgust|neutral
1103,27,neutral,2|3|4|6|8|10|25|26,anger|annoyance|approval|confusion|desire|disapproval|sadness|surprise
1104,0,admiration,2|3|4|9|10|13|14|15|17,anger|annoyance|approval|disappointment|disapproval|excitement|fear|gratitude|joy
1105,0,admiration,0|4|15|18,admiration|approval|gratitude|love
1106,14,fear,6|9|25|27,confusion|disappointment|sadness|neutral
1107,27,neutral,0|1|4|7|13|15|17|26,admiration|amusement|approval|curiosity|excitement|gratitude|joy|surprise
1108,15,gratitude,7|17|20|22|27,curiosity|joy|optimism|realization|neutral
1109,2,anger,1|5|7|9|18,amusement|caring|curiosity|disappointment|love
1110,3|27,annoyance|neutral,0|8|9|13|18|22,admiration|desire|disappointment|excitement|love|realization
1111,2,anger,3|6|7|8|17|18|20,annoyance|confusion|curiosity|desire|joy|love|optimism
1112,3,annoyance,0|1|5|14|15,admiration|amusement|caring|fear|gratitude
1113,4|17|22|23,approval|joy|realization|relief,1|6|9|20|22|27,amusement|confusion|disappointment|optimism|realization|neutral
1114,0|11,admiration|disgust,1|7|20|22,amusement|curiosity|optimism|realization
1115,27,neutral,0|1|13|17|18|22|25|27,admiration|amusement|excitement|joy|love|realization|sadness|neutral
1116,9,disappointment,1|3|8|13|17|22|27,amusement|annoyance|desire|excitement|joy|realization|neutral
1117,22,realization,1|3|5|10|14|17|20|25,amusement|annoyance|caring|disapproval|fear|joy|optimism|sadness
1118,0,admiration,5|7|27,caring|curiosity|neutral
1119,27,neutral,3|4|27,annoyance|approval|neutral
1120,27,neutral,7|27,curiosity|neutral
1121,9,disappointment,1|2|5|9|10|15|27,amusement|anger|caring|disappointment|disapproval|gratitude|neutral
1122,6,confusion,2|7|11|13|25|26,anger|curiosity|disgust|excitement|sadness|surprise
1123,7,curiosity,3|5|6|7|10|11|15|22|25|26,annoyance|caring|confusion|curiosity|disapproval|disgust|gratitude|realization|sadness|surprise
1124,27,neutral,0|4|18|20,admiration|approval|love|optimism
1125,11,disgust,0|2|9|27,admiration|anger|disappointment|neutral
1126,11,disgust,0|1|5|7|9|10|17|26,admiration|amusement|caring|curiosity|disappointment|disapproval|joy|surprise
1127,11,disgust,0|7|27,admiration|curiosity|neutral
1128,18|20,love|optimism,2|3|13|15|18|27,anger|annoyance|excitement|gratitude|love|neutral
1129,4|27,approval|neutral,3|4|9|15|17|24|27,annoyance|approval|disappointment|gratitude|joy|remorse|neutral
1130,26,surprise,0|2|6|7|23|26,admiration|anger|confusion|curiosity|relief|surprise
1131,1,amusement,1|3|4|5|11|12|13|14|15,amusement|annoyance|approval|caring|disgust|embarrassment|excitement|fear|gratitude
1132,27,neutral,2|4|11|15|22|27,anger|approval|disgust|gratitude|realization|neutral
1133,0,admiration,0|4|6|7|9|11|14|22|27,admiration|approval|confusion|curiosity|disappointment|disgust|fear|realization|neutral
1134,1,amusement,2|3|4|10|15|20|27,anger|annoyance|approval|disapproval|gratitude|optimism|neutral
1135,20,optimism,0|4|7|9|18|24,admiration|approval|curiosity|disappointment|love|remorse
1136,2|3,anger|annoyance,0|15|18|20|22,admiration|gratitude|love|optimism|realization
1137,3,annoyance,0|1|2|5|22,admiration|amusement|anger|caring|realization
1138,1,amusement,9|22|27,disappointment|realization|neutral
1139,15,gratitude,2|3|5|10|20|27,anger|annoyance|caring|disapproval|optimism|neutral
1140,27,neutral,0|2|3|5|6|13|15|17|27,admiration|anger|annoyance|caring|confusion|excitement|gratitude|joy|neutral
1141,15,gratitude,3|13|22|27,annoyance|excitement|realization|neutral
1142,20,optimism,0|3|4|9|11|20|26|27,admiration|annoyance|approval|disappointment|disgust|optimism|surprise|neutral
1143,27,neutral,0|3|17|20|25,admiration|annoyance|joy|optimism|sadness
1144,8,desire,1|2|4|27,amusement|anger|approval|neutral
1145,18,love,0|6|8|9|10|18|20|25|27,admiration|confusion|desire|disappointment|disapproval|love|optimism|sadness|neutral
1146,26,surprise,0|1|4|5|8|10|18|24|25,admiration|amusement|approval|caring|desire|disapproval|love|remorse|sadness
1147,11,disgust,1|2|5|6|10|17|18|26|27,amusement|anger|caring|confusion|disapproval|joy|love|surprise|neutral
1148,27,neutral,4|5|10|17|20|25,approval|caring|disapproval|joy|optimism|sadness
1149,13|27,excitement|neutral,0|3|4|5|11|25|27,admiration|annoyance|approval|caring|disgust|sadness|neutral
1150,27,neutral,0|2|4|6|15,admiration|anger|approval|confusion|gratitude
1151,27,neutral,1|4|7|13|15|17|22|27,amusement|approval|curiosity|excitement|gratitude|joy|realization|neutral
1152,15,gratitude,3|11|13|17|20|24|25|27,annoyance|disgust|excitement|joy|optimism|remorse|sadness|neutral
1153,9|18,disappointment|love,0|3|4|7|11|12|27,admiration|annoyance|approval|curiosity|disgust|embarrassment|neutral
1154,27,neutral,3|4|7|9|11|17|20|26,annoyance|approval|curiosity|disappointment|disgust|joy|optimism|surprise
1155,10,disapproval,0|2|3|5|13|14|22,admiration|anger|annoyance|caring|excitement|fear|realization
1156,4,approval,0|1|4|5|10|14|18|22|26,admiration|amusement|approval|caring|disapproval|fear|love|realization|surprise
1157,27,neutral,4|6|9|13|15|19|21,approval|confusion|disappointment|excitement|gratitude|nervousness|pride
1158,27,neutral,5|6|7|11|12|17|22|27,caring|confusion|curiosity|disgust|embarrassment|joy|realization|neutral
1159,2|18,anger|love,0|6|7|17|27,admiration|confusion|curiosity|joy|neutral
1160,0,admiration,2|4|6|8|9|11|15|18|22|26,anger|approval|confusion|desire|disappointment|disgust|gratitude|love|realization|surprise
1161,27,neutral,1|7|18|27,amusement|curiosity|love|neutral
1162,15,gratitude,10|11|14|18|22|25,disapproval|disgust|fear|love|realization|sadness
1163,10,disapproval,0|7|13|27,admiration|curiosity|excitement|neutral
1164,27,neutral,0|2|4|7|9|10,admiration|anger|approval|curiosity|disappointment|disapproval
1165,1,amusement,3|7|11|14|17|22|25|27,annoyance|curiosity|disgust|fear|joy|realization|sadness|neutral
1166,27,neutral,1|3|4|5|14|20,amusement|annoyance|approval|caring|fear|optimism
1167,0,admiration,3|7|8|18|20|24|27,annoyance|curiosity|desire|love|optimism|remorse|neutral
1168,6,confusion,0|1|4|5|22,admiration|amusement|approval|caring|realization
1169,2,anger,0|4|6|10|17|18|22|25|27,admiration|approval|confusion|disapproval|joy|love|realization|sadness|neutral
1170,3,annoyance,4|24|26,approval|remorse|surprise
1171,27,neutral,0|1|9|22|27,admiration|amusement|disappointment|realization|neutral
1172,15,gratitude,1|10|15|17|18|27,amusement|disapproval|gratitude|joy|love|neutral
1173,0,admiration,0|1|2|13|15|27,admiration|amusement|anger|excitement|gratitude|neutral
1174,4,approval,0|1|2|3|8|9|11|18,admiration|amusement|anger|annoyance|desire|disappointment|disgust|love
1175,18,love,2|3|4|5|9|10|18|20,anger|annoyance|approval|caring|disappointment|disapproval|love|optimism
1176,1,amusement,4|7|14|26|27,approval|curiosity|fear|surprise|neutral
1177,4|22,approval|realization,1|3|6|7|10|13|20|22|27,amusement|annoyance|confusion|curiosity|disapproval|excitement|optimism|realization|neutral
1178,0,admiration,6|17|18|27,confusion|joy|love|neutral
1179,27,neutral,0|1|3|18|22|27,admiration|amusement|annoyance|love|realization|neutral
1180,1,amusement,0|4|5|7|26|27,admiration|approval|caring|curiosity|surprise|neutral
1181,2|3,anger|annoyance,0|15,admiration|gratitude
1182,27,neutral,0|9|18|27,admiration|disappointment|love|neutral
1183,13,excitement,7|13|15|17,curiosity|excitement|gratitude|joy
1184,0,admiration,0|17|18|25|26|27,admiration|joy|love|sadness|surprise|neutral
1185,27,neutral,2|3|7|14|17|18|20|22|27,anger|annoyance|curiosity|fear|joy|love|optimism|realization|neutral
1186,27,neutral,1|2|3|4|6|7|9|10|15|18,amusement|anger|annoyance|approval|confusion|curiosity|disappointment|disapproval|gratitude|love
1187,10,disapproval,0|2|10,admiration|anger|disapproval
1188,27,neutral,1|2|5|7|10|15|19|25,amusement|anger|caring|curiosity|disapproval|gratitude|nervousness|sadness
1189,22,realization,3|4|10|17|25|27,annoyance|approval|disapproval|joy|sadness|neutral
1190,26,surprise,3|8|9|11|13|14|17|18|22|27,annoyance|desire|disappointment|disgust|excitement|fear|joy|love|realization|neutral
1191,3,annoyance,0|2|5|7|20|22|27,admiration|anger|caring|curiosity|optimism|realization|neutral
1192,27,neutral,1|3|4|7|8|13|17|20,amusement|annoyance|approval|curiosity|desire|excitement|joy|optimism
1193,27,neutral,1|2|3|4|5|6|13,amusement|anger|annoyance|approval|caring|confusion|excitement
1194,27,neutral,3|5|8|9|10|17|18|20|26,annoyance|caring|desire|disappointment|disapproval|joy|love|optimism|surprise
1195,20,optimism,0|1|4|7|8|11|18|22,admiration|amusement|approval|curiosity|desire|disgust|love|realization
1196,13,excitement,0|1|6|10|27,admiration|amusement|confusion|disapproval|neutral
1197,5,caring,2|4|6|9|20|22,anger|approval|confusion|disappointment|optimism|realization
1198,22,realization,1|4|6|9|10|15|22,amusement|approval|confusion|disappointment|disapproval|gratitude|realization
1199,6|27,confusion|neutral,1|2|6|9|18|27,amusement|anger|confusion|disappointment|love|neutral
1200,25,sadness,2|7|11|13|15|17|18,anger|curiosity|disgust|excitement|gratitude|joy|love
1201,0,admiration,1|8|9|10|17|25|27,amusement|desire|disappointment|disapproval|joy|sadness|neutral
1202,9,disappointment,1|2|3|4|8|18|27,amusement|anger|annoyance|approval|desire|love|neutral
1203,21,pride,0|5|13|15|17|22|25,admiration|caring|excitement|gratitude|joy|realization|sadness
1204,1,amusement,2|3|4|5|7|8|13|18|26,anger|annoyance|approval|caring|curiosity|desire|excitement|love|surprise
1205,0,admiration,0|4|10|20|21|27,admiration|approval|disapproval|optimism|pride|neutral
1206,15,gratitude,2|6|9|15|18|20|24|25|27,anger|confusion|disappointment|gratitude|love|optimism|remorse|sadness|neutral
1207,10,disapproval,1|3|9|10|22|24|27,amusement|annoyance|disappointment|disapproval|realization|remorse|neutral
1208,27,neutral,0|9|15|17|18|27,admiration|disappointment|gratitude|joy|love|neutral
1209,18,love,0|2|3|5|10|18|20|22|27,admiration|anger|annoyance|caring|disapproval|love|optimism|realization|neutral
1210,15,gratitude,1|7|12|15|17|20|25,amusement|curiosity|embarrassment|gratitude|joy|optimism|sadness
1211,7|27,curiosity|neutral,7|9,curiosity|disappointment
1212,17,joy,0|10|11|15,admiration|disapproval|disgust|gratitude
1213,17,joy,1|2|4|5|7|10|11|13|22|24,amusement|anger|approval|caring|curiosity|disapproval|disgust|excitement|realization|remorse
1214,2,anger,11|15|25|26|27,disgust|gratitude|sadness|surprise|neutral
1215,0,admiration,2|5|8|13|15|17|18|26,anger|caring|desire|excitement|gratitude|joy|love|surprise
1216,27,neutral,0|3|4|8|13|27,admiration|annoyance|approval|desire|excitement|neutral
1217,1,amusement,7|9|15|17|18|25|26,curiosity|disappointment|gratitude|joy|love|sadness|surprise
1218,25,sadness,3|18,annoyance|love
1219,1,amusement,6|7|8|9|18|20|27,confusion|curiosity|desire|disappointment|love|optimism|neutral
1220,18,love,1|2|3|4|7|13|15|17|18|26,amusement|anger|annoyance|approval|curiosity|excitement|gratitude|joy|love|surprise
1221,15,gratitude,0|2|5|6|11|27,admiration|anger|caring|confusion|disgust|neutral
1222,26,surprise,1|3|6|10|15|17|18|25|26,amusement|annoyance|confusion|disapproval|gratitude|joy|love|sadness|surprise
1223,18,love,1|4|6|7|8|10|13,amusement|approval|confusion|curiosity|desire|disapproval|excitement
1224,18,love,14|15|20|25|27,fear|gratitude|optimism|sadness|neutral
1225,27,neutral,2|4|14|18|26,anger|approval|fear|love|surprise
1226,0,admiration,5|7|13|27,caring|curiosity|excitement|neutral
1227,17,joy,0|10|20,admiration|disapproval|optimism
1228,27,neutral,1|2|3|4|5|7|8|25,amusement|anger|annoyance|approval|caring|curiosity|desire|sadness
1229,24,remorse,3|6|9|15|27,annoyance|confusion|disappointment|gratitude|neutral
1230,27,neutral,2|7|18|20|22,anger|curiosity|love|optimism|realization
1231,27,neutral,3|4|5|7|9|15|22|25,annoyance|approval|caring|curiosity|disappointment|gratitude|realization|sadness
1232,27,neutral,0|3|7|10|15|17|18|20|27,admiration|annoyance|curiosity|disapproval|gratitude|joy|love|optimism|neutral
1233,10,disapproval,0|6|18|26,admiration|confusion|love|surprise
1234,27,neutral,3|8|14|15|27,annoyance|desire|fear|gratitude|neutral
1235,0,admiration,0|5|9|15|18|26,admiration|caring|disappointment|gratitude|love|surprise
1236,15,gratitude,5|7|9|17|18|25,caring|curiosity|disappointment|joy|love|sadness
1237,3,annoyance,3|9|10|11|15|20,annoyance|disappointment|disapproval|disgust|gratitude|optimism
1238,1,amusement,4|6|9|10|11|14|15,approval|confusion|disappointment|disapproval|disgust|fear|gratitude
1239,27,neutral,7|10|11|20|22|26|27,curiosity|disapproval|disgust|optimism|realization|surprise|neutral
1240,27,neutral,1|3|4|7|9|10|11|18|20|26,amusement|annoyance|approval|curiosity|disappointment|disapproval|disgust|love|optimism|surprise
1241,27,neutral,1|3|5|7|22|27,amusement|annoyance|caring|curiosity|realization|neutral
1242,27,neutral,0|1|5|15|18|22,admiration|amusement|caring|gratitude|love|realization
1243,27,neutral,3|5|7|10|13|15|17|22|26|27,annoyance|caring|curiosity|disapproval|excitement|gratitude|joy|realization|surprise|neutral
1244,15,gratitude,2|3|7|15|24|27,anger|annoyance|curiosity|gratitude|remorse|neutral
1245,1|20,amusement|optimism,0|2|9|10|18|25,admiration|anger|disappointment|disapproval|love|sadness
1246,1|22,amusement|realization,4|7|9|10|11|18|20|25|26|27,approval|curiosity|disappointment|disapproval|disgust|love|optimism|sadness|surprise|neutral
1247,15,gratitude,0|4|6|9|20|27,admiration|approval|confusion|disappointment|optimism|neutral
1248,0|16|25,admiration|grief|sadness,2|3|4|6|7|11|15|22|27,anger|annoyance|approval|confusion|curiosity|disgust|gratitude|realization|neutral
1249,18,love,2|18|27,anger|love|neutral
1250,27,neutral,2|3|6|11|14|27,anger|annoyance|confusion|disgust|fear|neutral
1251,27,neutral,0|1|6|7|8|10|14|24|27,admiration|amusement|confusion|curiosity|desire|disapproval|fear|remorse|neutral
1252,3,annoyance,1|10|11|18|20|25,amusement|disapproval|disgust|love|optimism|sadness
1253,27,neutral,0|15|17|22|25,admiration|gratitude|joy|realization|sadness
1254,0,admiration,3|4|25|27,annoyance|approval|sadness|neutral
1255,27,neutral,4|7|9|14|20|27,approval|curiosity|disappointment|fear|optimism|neutral
1256,27,neutral,1|2|5|7|13|17|18,amusement|anger|caring|curiosity|excitement|joy|love
1257,1,amusement,1|3|9|12|18|20|22,amusement|annoyance|disappointment|embarrassment|love|optimism|realization
1258,7,curiosity,4|5|10|11|22|27,approval|caring|disapproval|disgust|realization|neutral
1259,5,caring,0|1|3|4|7|9|15|18,admiration|amusement|annoyance|approval|curiosity|disappointment|gratitude|love
1260,15|18,gratitude|love,5|7|9|14|17|20|26|27,caring|curiosity|disappointment|fear|joy|optimism|surprise|neutral
1261,6,confusion,1|2|4|7|22|26|27,amusement|anger|approval|curiosity|realization|surprise|neutral
1262,4,approval,10|14|17|18|27,disapproval|fear|joy|love|neutral
1263,27,neutral,3|7|14|18|27,annoyance|curiosity|fear|love|neutral
1264,27,neutral,0|4|9|17|18|22|27,admiration|approval|disappointment|joy|love|realization|neutral
1265,0|4,admiration|approval,0|3|6|10|13|15|20,admiration|annoyance|confusion|disapproval|excitement|gratitude|optimism
1266,27,neutral,0|1|2|3|5|6|9|15|24|25,admiration|amusement|anger|annoyance|caring|confusion|disappointment|gratitude|remorse|sadness
1267,27,neutral,4|6|9|11|14|17|25|27,approval|confusion|disappointment|disgust|fear|joy|sadness|neutral
1268,27,neutral,0|1|2|11|15|18|20|25|26,admiration|amusement|anger|disgust|gratitude|love|optimism|sadness|surprise
1269,27,neutral,1|3|5|10|27,amusement|annoyance|caring|disapproval|neutral
1270,0,admiration,13|17|26|27,excitement|joy|surprise|neutral
1271,27,neutral,2|3|6|14|17|27,anger|annoyance|confusion|fear|joy|neutral
1272,1|20,amusement|optimism,7|10|25|27,curiosity|disapproval|sadness|neutral
1273,27,neutral,6|7|9|22|25|27,confusion|curiosity|disappointment|realization|sadness|neutral
1274,11,disgust,1|15|25,amusement|gratitude|sadness
1275,27,neutral,2|3|11|17|25,anger|annoyance|disgust|joy|sadness
1276,4,approval,1|2|4|5|8|11|15|18|24,amusement|anger|approval|caring|desire|disgust|gratitude|love|remorse
1277,6,confusion,1|5|15|24|25|26,amusement|caring|gratitude|remorse|sadness|surprise
1278,27,neutral,1|10|17|27,amusement|disapproval|joy|neutral
1279,0,admiration,4|9|10|15|18|24|27,approval|disappointment|disapproval|gratitude|love|remorse|neutral
1280,27,neutral,3|4|6|11|15|20,annoyance|approval|confusion|disgust|gratitude|optimism
1281,4|14,approval|fear,0|4|15|16|20|27,admiration|approval|gratitude|grief|optimism|neutral
1282,0,admiration,13|17|22|26|27,excitement|joy|realization|surprise|neutral
1283,4,approval,11|13|14|18|26|27,disgust|excitement|fear|love|surprise|neutral
1284,10,disapproval,2|4|13|17|18|25|27,anger|approval|excitement|joy|love|sadness|neutral
1285,3,annoyance,1|2|4|6|15|17|22|25|27,amusement|anger|approval|confusion|gratitude|joy|realization|sadness|neutral
1286,27,neutral,6|7|8|9|19|22|27,confusion|curiosity|desire|disappointment|nervousness|realization|neutral
1287,27,neutral,0|2|6|13|18|27,admiration|anger|confusion|excitement|love|neutral
1288,13|27,excitement|neutral,0|1|3|6|17|18|25|27,admiration|amusement|annoyance|confusion|joy|love|sadness|neutral
1289,27,neutral,3|4|7|11|14|17|18|27,annoyance|approval|curiosity|disgust|fear|joy|love|neutral
1290,15,gratitude,7|8|10|11|14|17|18|22|25,curiosity|desire|disapproval|disgust|fear|joy|love|realization|sadness
1291,27,neutral,0|18|20,admiration|love|optimism
1292,27,neutral,0|1|2|9|15|18|22|26,admiration|amusement|anger|disappointment|gratitude|love|realization|surprise
1293,20,optimism,1|12|15|17|20|27,amusement|embarrassment|gratitude|joy|optimism|neutral
1294,9,disappointment,0|6|7|17|18|25,admiration|confusion|curiosity|joy|love|sadness
1295,11|27,disgust|neutral,3|4|5|14|20|22|27,annoyance|approval|caring|fear|optimism|realization|neutral
1296,7,curiosity,0|4|8|25|27,admiration|approval|desire|sadness|neutral
1297,17,joy,0|1|3|4|5|13|27,admiration|amusement|annoyance|approval|caring|excitement|neutral
1298,20,optimism,0|2|4|7|25|27,admiration|anger|approval|curiosity|sadness|neutral
1299,10,disapproval,1|2|15|18,amusement|anger|gratitude|love
1300,10|27,disapproval|neutral,0|4|5|7|8|15|26,admiration|approval|caring|curiosity|desire|gratitude|surprise
1301,20,optimism,0|17|18,admiration|joy|love
1302,27,neutral,0|1|3|7|20|26,admiration|amusement|annoyance|curiosity|optimism|surprise
1303,22,realization,0|1|3|4|18|20|26,admiration|amusement|annoyance|approval|love|optimism|surprise
1304,1,amusement,4|7|11|13|17|27,approval|curiosity|disgust|excitement|joy|neutral
1305,27,neutral,0|4|5|7|17,admiration|approval|caring|curiosity|joy
1306,27,neutral,4|6|7|10|24|25|26,approval|confusion|curiosity|disapproval|remorse|sadness|surprise
1307,15|18,gratitude|love,2|7|13|15|18|25,anger|curiosity|excitement|gratitude|love|sadness
1308,4,approval,0|3|4|5|11|15,admiration|annoyance|approval|caring|disgust|gratitude
1309,20,optimism,2|4|7|10|15|25|27,anger|approval|curiosity|disapproval|gratitude|sadness|neutral
1310,4|20,approval|optimism,3|4|5|6|7|9|10|27,annoyance|approval|caring|confusion|curiosity|disappointment|disapproval|neutral
1311,5,caring,0|1|4|5|9|13|14|15|27,admiration|amusement|approval|caring|disappointment|excitement|fear|gratitude|neutral
1312,2|3,anger|annoyance,0|9|20|25|27,admiration|disappointment|optimism|sadness|neutral
1313,8,desire,2|10|20|26|27,anger|disapproval|optimism|surprise|neutral
1314,20,optimism,4|10|14|18|20|25,approval|disapproval|fear|love|optimism|sadness
1315,6,confusion,1|7|15|18|26|27,amusement|curiosity|gratitude|love|surprise|neutral
1316,0,admiration,0|4|13|15|20|22|26,admiration|approval|excitement|gratitude|optimism|realization|surprise
1317,0|17,admiration|joy,0|3|7|8|15|26|27,admiration|annoyance|curiosity|desire|gratitude|surprise|neutral
1318,27,neutral,2|5|7|13|23|27,anger|caring|curiosity|excitement|relief|neutral
1319,27,neutral,8|9|15|20|23,desire|disappointment|gratitude|optimism|relief
1320,7,curiosity,4|9|20|22|25|26,approval|disappointment|optimism|realization|sadness|surprise
1321,27,neutral,1|2|3|6|7|9|15|17|22,amusement|anger|annoyance|confusion|curiosity|disappointment|gratitude|joy|realization
1322,15,gratitude,4|7|13|15|17|18|20|22|26|27,approval|curiosity|excitement|gratitude|joy|love|optimism|realization|surprise|neutral
1323,4,approval,1|5|9|11|17|18|26|27,amusement|caring|disappointment|disgust|joy|love|surprise|neutral
1324,27,neutral,4|10|20|27,approval|disapproval|optimism|neutral
1325,0|4,admiration|approval,1|9|12|15|17|22|23,amusement|disappointment|embarrassment|gratitude|joy|realization|relief
1326,27,neutral,10|17|26,disapproval|joy|surprise
1327,15|18,gratitude|love,0|1|8|10|11|15|25,admiration|amusement|desire|disapproval|disgust|gratitude|sadness
1328,6,confusion,3|5|11|13|15|17|20|25,annoyance|caring|disgust|excitement|gratitude|joy|optimism|sadness
1329,27,neutral,1|7|9|10|15|20|22|24|27,amusement|curiosity|disappointment|disapproval|gratitude|optimism|realization|remorse|neutral
1330,27,neutral,0|5|15|20|22,admiration|caring|gratitude|optimism|realization
1331,8,desire,3|4|5|9|15|26|27,annoyance|approval|caring|disappointment|gratitude|surprise|neutral
1332,3,annoyance,0|1|2|6|7|12|18,admiration|amusement|anger|confusion|curiosity|embarrassment|love
1333,20,optimism,0|2|3|5|6|7|10|17|20|25|27,admiration|anger|annoyance|caring|confusion|curiosity|disapproval|joy|optimism|sadness|neutral
1334,0,admiration,0|4|5|9|13,admiration|approval|caring|disappointment|excitement
1335,1|27,amusement|neutral,4|9|11|13|18|27,approval|disappointment|disgust|excitement|love|neutral
1336,0,admiration,2|3|6|11|27,anger|annoyance|confusion|disgust|neutral
1337,0,admiration,0|10,admiration|disapproval
1338,7,curiosity,1|7|18|20|27,amusement|curiosity|love|optimism|neutral
1339,9,disappointment,1|3|5|15|17|18|22,amusement|annoyance|caring|gratitude|joy|love|realization
1340,4,approval,1|6|18|20|22|25,amusement|confusion|love|optimism|realization|sadness
1341,1,amusement,0|7|10|17|26,admiration|curiosity|disapproval|joy|surprise
1342,22,realization,0|9|10|15|17|19,admiration|disappointment|disapproval|gratitude|joy|nervousness
1343,27,neutral,0|1|4|7|10|18|25,admiration|amusement|approval|curiosity|disapproval|love|sadness
1344,20,optimism,0|2|3|7|9|11|18,admiration|anger|annoyance|curiosity|disappointment|disgust|love
1345,0,admiration,0|15|20|24|27,admiration|gratitude|optimism|remorse|neutral
1346,27,neutral,2|9|10|18,anger|disappointment|disapproval|love
1347,27,neutral,0|1|2|3|7|17|27,admiration|amusement|anger|annoyance|curiosity|joy|neutral
1348,27,neutral,0|1|7|15|20|22|25|27,admiration|amusement|curiosity|gratitude|optimism|realization|sadness|neutral
1349,1,amusement,2|4|5|6|11|15|17|18,anger|approval|caring|confusion|disgust|gratitude|joy|love
1350,15|20,gratitude|optimism,1|7|11|22|24|25,amusement|curiosity|disgust|realization|remorse|sadness
1351,13,excitement,1|5|7|10|17|18|20,amusement|caring|curiosity|disapproval|joy|love|optimism
1352,27,neutral,0|4|14|25,admiration|approval|fear|sadness
1353,2|3,anger|annoyance,0|1|4|6|9|17|18|24,admiration|amusement|approval|confusion|disappointment|joy|love|remorse
1354,10,disapproval,6|7|15|18|26|27,confusion|curiosity|gratitude|love|surprise|neutral
1355,3,annoyance,3|9|13|15|17|18|26,annoyance|disappointment|excitement|gratitude|joy|love|surprise
1356,1,amusement,2|4|5|11|18|22|27,anger|approval|caring|disgust|love|realization|neutral
1357,0,admiration,2|5|8|10|15|17|18|20|22|25|26,anger|caring|desire|disapproval|gratitude|joy|love|optimism|realization|sadness|surprise
1358,10,disapproval,1|2|4|5|9|11|15,amusement|anger|approval|caring|disappointment|disgust|gratitude
1359,22,realization,6|14|18|20|26|27,confusion|fear|love|optimism|surprise|neutral
1360,10,disapproval,0|2|14,admiration|anger|fear
1361,15,gratitude,0|3|5|6|12|14|15|17|20,admiration|annoyance|caring|confusion|embarrassment|fear|gratitude|joy|optimism
1362,27,neutral,3|20|22|25,annoyance|optimism|realization|sadness
1363,2,anger,4|15|20|22|27,approval|gratitude|optimism|realization|neutral
1364,10,disapproval,0|10|11|13|17|20|27,admiration|disapproval|disgust|excitement|joy|optimism|neutral
1365,1|27,amusement|neutral,1|10|13|17|26,amusement|disapproval|excitement|joy|surprise
1366,9,disappointment,0|1|10|15|17|20,admiration|amusement|disapproval|gratitude|joy|optimism
1367,27,neutral,0|10|12|13,admiration|disapproval|embarrassment|excitement
1368,27,neutral,6|7|10|17|20|24|27,confusion|curiosity|disapproval|joy|optimism|remorse|neutral
1369,1|17,amusement|joy,1|8|11,amusement|desire|disgust
1370,3|27,annoyance|neutral,0|1|3|4|9|17,admiration|amusement|annoyance|approval|disappointment|joy
1371,3|27,annoyance|neutral,1|10|13|14|15|17|20|26,amusement|disapproval|excitement|fear|gratitude|joy|optimism|surprise
1372,26,surprise,0|1|2|3|6|8|13|15,admiration|amusement|anger|annoyance|confusion|desire|excitement|gratitude
1373,16,grief,6|7|14|18|22|27,confusion|curiosity|fear|love|realization|neutral
1374,6,confusion,1|4|7|8|9|10|11|20|27,amusement|approval|curiosity|desire|disappointment|disapproval|disgust|optimism|neutral
1375,0,admiration,13|15|18|22|27,excitement|gratitude|love|realization|neutral
1376,15|22,gratitude|realization,1|2|3|5|6|7|10|11|17,amusement|anger|annoyance|caring|confusion|curiosity|disapproval|disgust|joy
1377,27,neutral,3|4|6|7|18|20|26,annoyance|approval|confusion|curiosity|love|optimism|surprise
1378,27,neutral,0|3|7|9|14|15|18|25,admiration|annoyance|curiosity|disappointment|fear|gratitude|love|sadness
1379,24|25,remorse|sadness,0|15|18|20|25,admiration|gratitude|love|optimism|sadness
1380,10,disapproval,2|7|13|17|20|24|26,anger|curiosity|excitement|joy|optimism|remorse|surprise
1381,6,confusion,3|4|9|10|18|27,annoyance|approval|disappointment|disapproval|love|neutral
1382,3,annoyance,1|3|5|6|18|25|26,amusement|annoyance|caring|confusion|love|sadness|surprise
1383,4,approval,2|12|15|22|27,anger|embarrassment|gratitude|realization|neutral
1384,8|16,desire|grief,10|13|14|17|22|25,disapproval|excitement|fear|joy|realization|sadness
1385,15,gratitude,0|2|4|17,admiration|anger|approval|joy
1386,22,realization,10|12|15|25|27,disapproval|embarrassment|gratitude|sadness|neutral
1387,27,neutral,0|1|3|6|7|10|11|20,admiration|amusement|annoyance|confusion|curiosity|disapproval|disgust|optimism
1388,4,approval,0|3|4|6,admiration|annoyance|approval|confusion
1389,27,neutral,3|6|7|11|13|17|26|27,annoyance|confusion|curiosity|disgust|excitement|joy|surprise|neutral
1390,27,neutral,0|4|7|20,admiration|approval|curiosity|optimism
1391,9|14,disappointment|fear,13|17|18|22,excitement|joy|love|realization
1392,2,anger,4|5|10|18|24|25|26,approval|caring|disapproval|love|remorse|sadness|surprise
1393,0,admiration,0|1|2|3|4|6|10|18|22,admiration|amusement|anger|annoyance|approval|confusion|disapproval|love|realization
1394,15,gratitude,0|1|4|9|13|17|20|22|24|25,admiration|amusement|approval|disappointment|excitement|joy|optimism|realization|remorse|sadness
1395,17|22,joy|realization,1|3|6|8|9|10|13|15|26|27,amusement|annoyance|confusion|desire|disappointment|disapproval|excitement|gratitude|surprise|neutral
1396,2,anger,1|18|25|27,amusement|love|sadness|neutral
1397,20,optimism,1|2|5|10|22,amusement|anger|caring|disapproval|realization
1398,27,neutral,6|8|15|17|20|27,confusion|desire|gratitude|joy|optimism|neutral
1399,1,amusement,2|3|10|18|27,anger|annoyance|disapproval|love|neutral
1400,11|14,disgust|fear,0|2|3|4|7|9|24|27,admiration|anger|annoyance|approval|curiosity|disappointment|remorse|neutral
1401,9,disappointment,0|3|4|10|17|18|26,admiration|annoyance|approval|disapproval|joy|love|surprise
1402,0,admiration,0|5|6|7|11|15|17|22|27,admiration|caring|confusion|curiosity|disgust|gratitude|joy|realization|neutral
1403,0,admiration,0|1|4|7|17|18|20,admiration|amusement|approval|curiosity|joy|love|optimism
1404,18,love,2|7|9|11|15|19|26,anger|curiosity|disappointment|disgust|gratitude|nervousness|surprise
1405,5|6,caring|confusion,0|1|9|12|15|22,admiration|amusement|disappointment|embarrassment|gratitude|realization
1406,27,neutral,1|2|3|7|9|10|22|27,amusement|anger|annoyance|curiosity|disappointment|disapproval|realization|neutral
1407,2,anger,1|3|4|7|13|26|27,amusement|annoyance|approval|curiosity|excitement|surprise|neutral
1408,0,admiration,5|6|25|27,caring|confusion|sadness|neutral
1409,27,neutral,4|7|10|11|22|25,approval|curiosity|disapproval|disgust|realization|sadness
1410,4,approval,3|4|5|10|17|22|24,annoyance|approval|caring|disapproval|joy|realization|remorse
1411,18,love,0|1|4|17|20,admiration|amusement|approval|joy|optimism
1412,27,neutral,1|3|6|9,amusement|annoyance|confusion|disappointment
1413,27,neutral,5|6|10|18|25,caring|confusion|disapproval|love|sadness
1414,17,joy,0|1|2|3|4|9|10|11|15|17|20,admiration|amusement|anger|annoyance|approval|disappointment|disapproval|disgust|gratitude|joy|optimism
1415,20,optimism,2|11|18|26|27,anger|disgust|love|surprise|neutral
1416,27,neutral,0|3|9|20,admiration|annoyance|disappointment|optimism
1417,27,neutral,0|3|5|8|14|17|18|26,admiration|annoyance|caring|desire|fear|joy|love|surprise
1418,27,neutral,0|7|22|27,admiration|curiosity|realization|neutral
1419,26,surprise,0|2|9|18|20|22|27,admiration|anger|disappointment|love|optimism|realization|neutral
1420,27,neutral,4|7|10|15,approval|curiosity|disapproval|gratitude
1421,0,admiration,7|9|17,curiosity|disappointment|joy
1422,20,optimism,11|14|18|20|22|24,disgust|fear|love|optimism|realization|remorse
1423,27,neutral,7|10|14|15|22|25,curiosity|disapproval|fear|gratitude|realization|sadness
1424,4|8,approval|desire,0|1|3|4|5|6|15|18|22|25,admiration|amusement|annoyance|approval|caring|confusion|gratitude|love|realization|sadness
1425,12,embarrassment,1|8|25|27,amusement|desire|sadness|neutral
1426,0,admiration,0|1|3|4|10|11|17|18|20,admiration|amusement|annoyance|approval|disapproval|disgust|joy|love|optimism
1427,4,approval,0|10|15|20,admiration|disapproval|gratitude|optimism
1428,15,gratitude,2|4|5|11|15|17|18|24|27,anger|approval|caring|disgust|gratitude|joy|love|remorse|neutral
1429,16,grief,5|6|11|15|18|20|22|25,caring|confusion|disgust|gratitude|love|optimism|realization|sadness
1430,0|15,admiration|gratitude,2|3|6|7|10|17|27,anger|annoyance|confusion|curiosity|disapproval|joy|neutral
1431,3,annoyance,0|3|6|10|20|26,admiration|annoyance|confusion|disapproval|optimism|surprise
1432,27,neutral,11|15|25|27,disgust|gratitude|sadness|neutral
1433,20|21,optimism|pride,1|2|5|11|13|15,amusement|anger|caring|disgust|excitement|gratitude
1434,2|9|22,anger|disappointment|realization,0|4|5|10|11|13|17|18|27,admiration|approval|caring|disapproval|disgust|excitement|joy|love|neutral
1435,0,admiration,1|13|15|24|27,amusement|excitement|gratitude|remorse|neutral
1436,1,amusement,0|1|2|3|7|10|11|17|18|25,admiration|amusement|anger|annoyance|curiosity|disapproval|disgust|joy|love|sadness
1437,27,neutral,1|2|5|11|14|18|22|27,amusement|anger|caring|disgust|fear|love|realization|neutral
1438,11,disgust,1|7|22|25|26|27,amusement|curiosity|realization|sadness|surprise|neutral
1439,1,amusement,0|5|10|13|15|27,admiration|caring|disapproval|excitement|gratitude|neutral
1440,27,neutral,15|26,gratitude|surprise
1441,9|25,disappointment|sadness,4|5|15|22,approval|caring|gratitude|realization
1442,27,neutral,0|3|4|7|9|18|24|27,admiration|annoyance|approval|curiosity|disappointment|love|remorse|neutral
1443,15,gratitude,0|4|8|9|10|15|18|24|26,admiration|approval|desire|disappointment|disapproval|gratitude|love|remorse|surprise
1444,14,fear,6|7|24|25,confusion|curiosity|remorse|sadness
1445,27,neutral,10|18|24|27,disapproval|love|remorse|neutral
1446,27,neutral,1|7|11|18|20,amusement|curiosity|disgust|love|optimism
1447,7,curiosity,4|15|17|26|27,approval|gratitude|joy|surprise|neutral
1448,0|27,admiration|neutral,4|10|17|25|27,approval|disapproval|joy|sadness|neutral
1449,27,neutral,0|1|22|27,admiration|amusement|realization|neutral
1450,11,disgust,0|7|10|13|14|15|17|18|26|27,admiration|curiosity|disapproval|excitement|fear|gratitude|joy|love|surprise|neutral
1451,15,gratitude,4|10|15|20|27,approval|disapproval|gratitude|optimism|neutral
1452,27,neutral,0|2|6|8|14|17|22,admiration|anger|confusion|desire|fear|joy|realization
1453,27,neutral,7|13|27,curiosity|excitement|neutral
1454,7,curiosity,0|1|4|10|15|18|20|26,admiration|amusement|approval|disapproval|gratitude|love|optimism|surprise
1455,27,neutral,0|1|4|5|20|26|27,admiration|amusement|approval|caring|optimism|surprise|neutral
1456,27,neutral,1|4|6|10|15|20|22|25,amusement|approval|confusion|disapproval|gratitude|optimism|realization|sadness
1457,27,neutral,4|9|15|17|24,approval|disappointment|gratitude|joy|remorse
1458,27,neutral,4|5|9|10|12|27,approval|caring|disappointment|disapproval|embarrassment|neutral
1459,27,neutral,0|2|4|8|10|18,admiration|anger|approval|desire|disapproval|love
1460,1,amusement,0|3|4|7|15|18,admiration|annoyance|approval|curiosity|gratitude|love
1461,27,neutral,4|7|10|15|17|20,approval|curiosity|disapproval|gratitude|joy|optimism
1462,3,annoyance,1|6|9|13|15|17|18,amusement|confusion|disappointment|excitement|gratitude|joy|love
1463,2,anger,3|6|15|20|22|27,annoyance|confusion|gratitude|optimism|realization|neutral
1464,1,amusement,4|5|9|11|15|17|18|27,approval|caring|disappointment|disgust|gratitude|joy|love|neutral
1465,0,admiration,0|1|3|10|13|17|22|24|27,admiration|amusement|annoyance|disapproval|excitement|joy|realization|remorse|neutral
1466,27,neutral,4|7|10|11|20|25|26,approval|curiosity|disapproval|disgust|optimism|sadness|surprise
1467,15|17,gratitude|joy,0|1|2|3|20|22|26|27,admiration|amusement|anger|annoyance|optimism|realization|surprise|neutral
1468,3,annoyance,3|6|18|20|25,annoyance|confusion|love|optimism|sadness
1469,18,love,0|22|27,admiration|realization|neutral
1470,15,gratitude,0|2|3|8|15|20|25|26,admiration|anger|annoyance|desire|gratitude|optimism|sadness|surprise
1471,22,realization,11|20,disgust|optimism
1472,9,disappointment,0|2|6|10|13|15|27,admiration|anger|confusion|disapproval|excitement|gratitude|neutral
1473,2,anger,1|22|27,amusement|realization|neutral
1474,0,admiration,2|5|18|27,anger|caring|love|neutral
1475,27,neutral,4|5|7|14|15|17|27,approval|caring|curiosity|fear|gratitude|joy|neutral
1476,15,gratitude,0|4|13|14|15|17|25,admiration|approval|excitement|fear|gratitude|joy|sadness
1477,27,neutral,0|10|11|25,admiration|disapproval|disgust|sadness
1478,6,confusion,2|6|8|10|11|15|18|20|26,anger|confusion|desire|disapproval|disgust|gratitude|love|optimism|surprise
1479,15,gratitude,4|6|10|20|25,approval|confusion|disapproval|optimism|sadness
1480,19,nervousness,0|18|27,admiration|love|neutral
1481,27,neutral,2|9|15|17|27,anger|disappointment|gratitude|joy|neutral
1482,9,disappointment,1|7|17|27,amusement|curiosity|joy|neutral
1483,4,approval,3|4|5|7|11|19|20,annoyance|approval|caring|curiosity|disgust|nervousness|optimism
1484,18,love,4|5|6|9|25|27,approval|caring|confusion|disappointment|sadness|neutral
1485,26,surprise,2|6|7|10,anger|confusion|curiosity|disapproval
1486,4,approval,7|9|17|27,curiosity|disappointment|joy|neutral
1487,27,neutral,1|3|6|17|18,amusement|annoyance|confusion|joy|love
1488,3|10,annoyance|disapproval,4|11|15|17,approval|disgust|gratitude|joy
1489,17,joy,4|5|25|27,approval|caring|sadness|neutral
1490,27,neutral,0|1|2|6|7|18,admiration|amusement|anger|confusion|curiosity|love
1491,27,neutral,15|18|20|23|26,gratitude|love|optimism|relief|surprise
1492,27,neutral,1|3|6|7|11|13|14|15|22,amusement|annoyance|confusion|curiosity|disgust|excitement|fear|gratitude|realization
1493,14,fear,9|17|22|25|27,disappointment|joy|realization|sadness|neutral
1494,27,neutral,0|7|9|22|24|25|27,admiration|curiosity|disappointment|realization|remorse|sadness|neutral
1495,27,neutral,4|5|7|10|17|19,approval|caring|curiosity|disapproval|joy|nervousness
1496,26,surprise,1|6|8|9|14|17|18,amusement|confusion|desire|disappointment|fear|joy|love
1497,22|24,realization|remorse,2|4|7|9|11|22|24,anger|approval|curiosity|disappointment|disgust|realization|remorse
1498,0,admiration,0|2|5|7|17|22,admiration|anger|caring|curiosity|joy|realization
1499,9,disappointment,1|3|10|15|27,amusement|annoyance|disapproval|gratitude|neutral
1500,4,approval,1|5|7|18|23|24,amusement|caring|curiosity|love|relief|remorse
1501,15,gratitude,0|5|8|18|20|24|25|27,admiration|caring|desire|love|optimism|remorse|sadness|neutral
1502,27,neutral,1|3|15|18|22|27,amusement|annoyance|gratitude|love|realization|neutral
1503,6,confusion,10|18|26|27,disapproval|love|surprise|neutral
1504,0,admiration,4|5|6|12|17|18|20,approval|caring|confusion|embarrassment|joy|love|optimism
1505,27,neutral,0|1|9|10|13|14|15|25|27,admiration|amusement|disappointment|disapproval|excitement|fear|gratitude|sadness|neutral
1506,27,neutral,0|4|6|10|15|17|27,admiration|approval|confusion|disapproval|gratitude|joy|neutral
1507,3,annoyance,4|9|10|14|17|22|27,approval|disappointment|disapproval|fear|joy|realization|neutral
1508,10,disapproval,5|11|13|15|17|27,caring|disgust|excitement|gratitude|joy|neutral
1509,15,gratitude,5|6|9|10|14|15|18|22,caring|confusion|disappointment|disapproval|fear|gratitude|love|realization
1510,20|25,optimism|sadness,0|1|10|20|22|24,admiration|amusement|disapproval|optimism|realization|remorse
1511,26,surprise,0|1|2|7|22,admiration|amusement|anger|curiosity|realization
1512,27,neutral,1|2|4|5|6|7|18|22,amusement|anger|approval|caring|confusion|curiosity|love|realization
1513,15,gratitude,0|4|10|13|26,admiration|approval|disapproval|excitement|surprise
1514,15,gratitude,0|1|3|4|6|7|10|17|20|22|24,admiration|amusement|annoyance|approval|confusion|curiosity|disapproval|joy|optimism|realization|remorse
1515,5,caring,4|6|10|11|13|17|18|20|22,approval|confusion|disapproval|disgust|excitement|joy|love|optimism|realization
1516,10,disapproval,1|6|7|8|15|17|22|25,amusement|confusion|curiosity|desire|gratitude|joy|realization|sadness
1517,27,neutral,0|3|4|9|18|25|27,admiration|annoyance|approval|disappointment|love|sadness|neutral
1518,18,love,0|9|12|15|18|22|25,admiration|disappointment|embarrassment|gratitude|love|realization|sadness
1519,10,disapproval,4|14|17|18|22|26,approval|fear|joy|love|realization|surprise
1520,7,curiosity,1|2|15|17|20|24,amusement|anger|gratitude|joy|optimism|remorse
1521,27,neutral,0|3|4|5|7|8|11|18|22|25,admiration|annoyance|approval|caring|curiosity|desire|disgust|love|realization|sadness
1522,27,neutral,4|15|18|27,approval|gratitude|love|neutral
1523,27,neutral,0|3|6|9|11|20|26|27,admiration|annoyance|confusion|disappointment|disgust|optimism|surprise|neutral
1524,11|20,disgust|optimism,0|3|4|5|7|13|15,admiration|annoyance|approval|caring|curiosity|excitement|gratitude
1525,27,neutral,10|11|18|27,disapproval|disgust|love|neutral
1526,5,caring,8|18|22|25|27,desire|love|realization|sadness|neutral
1527,0,admiration,0|2|3|7|17|22|25,admiration|anger|annoyance|curiosity|joy|realization|sadness
1528,27,neutral,0|1|2|5|6|10|17|20|22|24|25,admiration|amusement|anger|caring|confusion|disapproval|joy|optimism|realization|remorse|sadness
1529,15,gratitude,0|1|3|7|9|18|25,admiration|amusement|annoyance|curiosity|disappointment|love|sadness
1530,17,joy,0|3|6|7|11|17|24|27,admiration|annoyance|confusion|curiosity|disgust|joy|remorse|neutral
1531,3,annoyance,4|11|15|25|26|27,approval|disgust|gratitude|sadness|surprise|neutral
1532,4,approval,4|10|18|20|25|27,approval|disapproval|love|optimism|sadness|neutral
1533,27,neutral,0|1|4|24|27,admiration|amusement|approval|remorse|neutral
1534,20,optimism,1|6|7|11|15,amusement|confusion|curiosity|disgust|gratitude
1535,4,approval,3|5|10|11|13|15|25,annoyance|caring|disapproval|disgust|excitement|gratitude|sadness
1536,27,neutral,2|3|9|14|15|17|18|20|22|27,anger|annoyance|disappointment|fear|gratitude|joy|love|optimism|realization|neutral
1537,1,amusement,4|13|15|18|27,approval|excitement|gratitude|love|neutral
1538,24,remorse,3|5|13|15|17|22|27,annoyance|caring|excitement|gratitude|joy|realization|neutral
1539,20,optimism,0|3|5|6|7|10|11|20|24|25,admiration|annoyance|caring|confusion|curiosity|disapproval|disgust|optimism|remorse|sadness
1540,18,love,0|1|3|7|8|11|17|18|24|25,admiration|amusement|annoyance|curiosity|desire|disgust|joy|love|remorse|sadness
1541,27,neutral,2|6|7|8|22,anger|confusion|curiosity|desire|realization
1542,5,caring,1|13|15|17|25|27,amusement|excitement|gratitude|joy|sadness|neutral
1543,27,neutral,4|5|10|13|14|15|18,approval|caring|disapproval|excitement|fear|gratitude|love
1544,18,love,0|2|6|18|22|25|27,admiration|anger|confusion|love|realization|sadness|neutral
1545,17,joy,1|2|6|9|10|18|22,amusement|anger|confusion|disappointment|disapproval|love|realization
1546,15,gratitude,4|5|10|15|17|24|26,approval|caring|disapproval|gratitude|joy|remorse|surprise
1547,2|9,anger|disappointment,1|3|4|6|13|27,amusement|annoyance|approval|confusion|excitement|neutral
1548,5,caring,0|3|8|10|19|20|27,admiration|annoyance|desire|disapproval|nervousness|optimism|neutral
1549,27,neutral,2|6|10|15|22|24|25,anger|confusion|disapproval|gratitude|realization|remorse|sadness
1550,0,admiration,1|3|6|7|15|17|26,amusement|annoyance|confusion|curiosity|gratitude|joy|surprise
1551,19,nervousness,2|3|4|5|9|26,anger|annoyance|approval|caring|disappointment|surprise
1552,1,amusement,0|5|6|7|27,admiration|caring|confusion|curiosity|neutral
1553,17,joy,1|7|10|15|17|26|27,amusement|curiosity|disapproval|gratitude|joy|surprise|neutral
1554,13,excitement,2|3|6|7|9|20|27,anger|annoyance|confusion|curiosity|disappointment|optimism|neutral
1555,4,approval,10|15|18|27,disapproval|gratitude|love|neutral
1556,26,surprise,15|18|22|27,gratitude|love|realization|neutral
1557,17|20,joy|optimism,2|7|9|17|20,anger|curiosity|disappointment|joy|optimism
1558,3|11,annoyance|disgust,0|1|12|13|14|17,admiration|amusement|embarrassment|excitement|fear|joy
1559,4,approval,2|10|15|22|25|27,anger|disapproval|gratitude|realization|sadness|neutral
1560,17,joy,2|3|10|17|18|22|25,anger|annoyance|disapproval|joy|love|realization|sadness
1561,10,disapproval,2|5|6|9|10|20|25|27,anger|caring|confusion|disappointment|disapproval|optimism|sadness|neutral
1562,1,amusement,1|2|9|17|18|20,amusement|anger|disappointment|joy|love|optimism
1563,8,desire,1|4|22,amusement|approval|realization
1564,15,gratitude,0|3|7|11|14|17|18|20|27,admiration|annoyance|curiosity|disgust|fear|joy|love|optimism|neutral
1565,1,amusement,2|6|9|11|14|22|27,anger|confusion|disappointment|disgust|fear|realization|neutral
1566,10|11,disapproval|disgust,1|11|18|20|25,amusement|disgust|love|optimism|sadness
1567,0,admiration,0|4|6|12|17|18|22|27,admiration|approval|confusion|embarrassment|joy|love|realization|neutral
1568,27,neutral,0|15|18|22,admiration|gratitude|love|realization
1569,20|25,optimism|sadness,1|3|6|9|10|11|13|15|17|18|26,amusement|annoyance|confusion|disappointment|disapproval|disgust|excitement|gratitude|joy|love|surprise
1570,27,neutral,2|3|5|9|10|18|22|25,anger|annoyance|caring|disappointment|disapproval|love|realization|sadness
1571,27,neutral,0|3|5|8|9|14|27,admiration|annoyance|caring|desire|disappointment|fear|neutral
1572,0,admiration,0|1|2|3|7|14|17,admiration|amusement|anger|annoyance|curiosity|fear|joy
1573,5,caring,1|5|9|10|17|18|24|25,amusement|caring|disappointment|disapproval|joy|love|remorse|sadness
1574,6,confusion,2|3|9|10|11,anger|annoyance|disappointment|disapproval|disgust
1575,6,confusion,1|17|25|27,amusement|joy|sadness|neutral
1576,1|4,amusement|approval,1|2|4|5|10|20|27,amusement|anger|approval|caring|disapproval|optimism|neutral
1577,0|18,admiration|love,0|1|2|6|15|20|23,admiration|amusement|anger|confusion|gratitude|optimism|relief
1578,27,neutral,0|2|11|15|18|24,admiration|anger|disgust|gratitude|love|remorse
1579,9,disappointment,4|5|9|10|11|18|20|25,approval|caring|disappointment|disapproval|disgust|love|optimism|sadness
1580,27,neutral,11|14|27,disgust|fear|neutral
1581,10,disapproval,2|4|9|14|15|17|18|26,anger|approval|disappointment|fear|gratitude|joy|love|surprise
1582,15,gratitude,0|7|10|12|13|14,admiration|curiosity|disapproval|embarrassment|excitement|fear
1583,21,pride,2|6|7|10|11|17|18|26,anger|confusion|curiosity|disapproval|disgust|joy|love|surprise
1584,6,confusion,0|8|11|18|26|27,admiration|desire|disgust|love|surprise|neutral
1585,27,neutral,0|3|7|10|12|13|15|25,admiration|annoyance|curiosity|disapproval|embarrassment|excitement|gratitude|sadness
1586,15,gratitude,2|4|11|15|17|18,anger|approval|disgust|gratitude|joy|love
1587,3|10,annoyance|disapproval,0|2|9|10|15|25,admiration|anger|disappointment|disapproval|gratitude|sadness
1588,4|27,approval|neutral,3|18|20,annoyance|love|optimism
1589,11,disgust,0|4|7|8|15|25|26,admiration|approval|curiosity|desire|gratitude|sadness|surprise
1590,26,surprise,0|9|10|27,admiration|disappointment|disapproval|neutral
1591,4,approval,0|2|6|7|11|18|24|27,admiration|anger|confusion|curiosity|disgust|love|remorse|neutral
1592,17,joy,4|7|8|9|13|14,approval|curiosity|desire|disappointment|excitement|fear
1593,10,disapproval,15|22|26|27,gratitude|realization|surprise|neutral
1594,14|19,fear|nervousness,5|6|7|13|14|18,caring|confusion|curiosity|excitement|fear|love
1595,27,neutral,4|7|9|25|27,approval|curiosity|disappointment|sadness|neutral
1596,27,neutral,2|4|8|9|20|22|24|26,anger|approval|desire|disappointment|optimism|realization|remorse|surprise
1597,3|26,annoyance|surprise,0|2|4|6|8|10|26,admiration|anger|approval|confusion|desire|disapproval|surprise
1598,27,neutral,3|4|5|10|11|14|17|22|26,annoyance|approval|caring|disapproval|disgust|fear|joy|realization|surprise
1599,0,admiration,0|2|3|6|13|22|26|27,admiration|anger|annoyance|confusion|excitement|realization|surprise|neutral
1600,7,curiosity,1|2|4|8|9|15|22|25|26|27,amusement|anger|approval|desire|disappointment|gratitude|realization|sadness|surprise|neutral
1601,18,love,1|3|6|9|11|15|18|25|27,amusement|annoyance|confusion|disappointment|disgust|gratitude|love|sadness|neutral
1602,10,disapproval,1|14|17|25|27,amusement|fear|joy|sadness|neutral
1603,0,admiration,3|4|7|11|15,annoyance|approval|curiosity|disgust|gratitude
1604,27,neutral,2|3|4|5|9|25,anger|annoyance|approval|caring|disappointment|sadness
1605,27,neutral,4|13|22|26,approval|excitement|realization|surprise
1606,18,love,1|9|13|14|15|18|20|24|27,amusement|disappointment|excitement|fear|gratitude|love|optimism|remorse|neutral
1607,27,neutral,2|3|4|6|7|9|13|18,anger|annoyance|approval|confusion|curiosity|disappointment|excitement|love
1608,3|25,annoyance|sadness,6|7|15|17|25|27,confusion|curiosity|gratitude|joy|sadness|neutral
1609,27,neutral,0|3|8|10|15|20|22|25|26,admiration|annoyance|desire|disapproval|gratitude|optimism|realization|sadness|surprise
1610,1|10,amusement|disapproval,2|3|6|9|15|18|25,anger|annoyance|confusion|disappointment|gratitude|love|sadness
1611,1,amusement,2|3|4|5|13|25,anger|annoyance|approval|caring|excitement|sadness
1612,2,anger,1|2|13|20|22|25|26,amusement|anger|excitement|optimism|realization|sadness|surprise
1613,27,neutral,1|2|3|4|9|13|17,amusement|anger|annoyance|approval|disappointment|excitement|joy
1614,7|13,curiosity|excitement,6|10|22|25|27,confusion|disapproval|realization|sadness|neutral
1615,27,neutral,3|4|15|27,annoyance|approval|gratitude|neutral
1616,27,neutral,0|5|6|9|10|13|17|18|24|27,admiration|caring|confusion|disappointment|disapproval|excitement|joy|love|remorse|neutral
1617,27,neutral,0|1|11|22|25|26,admiration|amusement|disgust|realization|sadness|surprise
1618,17,joy,7|9|14|18|20|25,curiosity|disappointment|fear|love|optimism|sadness
1619,0|15,admiration|gratitude,2|3|6|7|17|22|27,anger|annoyance|confusion|curiosity|joy|realization|neutral
1620,0|7,admiration|curiosity,0|12|15,admiration|embarrassment|gratitude
1621,27,neutral,9|12|13|15|17|22|27,disappointment|embarrassment|excitement|gratitude|joy|realization|neutral
1622,1|27,amusement|neutral,2|3|4|5|9|18|20|22|24,anger|annoyance|approval|caring|disappointment|love|optimism|realization|remorse
1623,1,amusement,3|6|7|11|17|18|20|22,annoyance|confusion|curiosity|disgust|joy|love|optimism|realization
1624,10,disapproval,0|10|27,admiration|disapproval|neutral
1625,27,neutral,3|7|10|11|26|27,annoyance|curiosity|disapproval|disgust|surprise|neutral
1626,27,neutral,0|6|7|20|26|27,admiration|confusion|curiosity|optimism|surprise|neutral
1627,27,neutral,2|4|7|13|20|22,anger|approval|curiosity|excitement|optimism|realization
1628,1,amusement,1|4|10|11|15|18|22|27,amusement|approval|disapproval|disgust|gratitude|love|realization|neutral
1629,3|9,annoyance|disappointment,1|7|27,amusement|curiosity|neutral
1630,5,caring,1|2|3|9|10|18|20|27,amusement|anger|annoyance|disappointment|disapproval|love|optimism|neutral
1631,22,realization,3|4|8|27,annoyance|approval|desire|neutral
1632,0,admiration,0|11|25,admiration|disgust|sadness
1633,17,joy,3|5|7|9|15|17|22|27,annoyance|caring|curiosity|disappointment|gratitude|joy|realization|neutral
1634,27,neutral,3|7|15|18|26|27,annoyance|curiosity|gratitude|love|surprise|neutral
1635,0,admiration,7|8|10|13|15|17|18|25|27,curiosity|desire|disapproval|excitement|gratitude|joy|love|sadness|neutral
1636,10,disapproval,0|1|3|10|14|20|25|26,admiration|amusement|annoyance|disapproval|fear|optimism|sadness|surprise
1637,6|7,confusion|curiosity,0|3|9|10|14|22|25|26|27,admiration|annoyance|disappointment|disapproval|fear|realization|sadness|surprise|neutral
1638,27,neutral,1|4|5|9|13|18|20|22|25,amusement|approval|caring|disappointment|excitement|love|optimism|realization|sadness
1639,6|7,confusion|curiosity,3|10|11|22|27,annoyance|disapproval|disgust|realization|neutral
1640,19,nervousness,0|2|7|15|25|26,admiration|anger|curiosity|gratitude|sadness|surprise
1641,27,neutral,0|1|3|4|10|17|20,admiration|amusement|annoyance|approval|disapproval|joy|optimism
1642,27,neutral,1|2|4|15|16|27,amusement|anger|approval|gratitude|grief|neutral
1643,27,neutral,7|10|13|25,curiosity|disapproval|excitement|sadness
1644,22,realization,10|11|15|26|27,disapproval|disgust|gratitude|surprise|neutral
1645,27,neutral,0|9|13|18|20,admiration|disappointment|excitement|love|optimism
1646,10,disapproval,1|2|4|6|18|25|27,amusement|anger|approval|confusion|love|sadness|neutral
1647,27,neutral,1|2|3|5|9|11|22|25|26|27,amusement|anger|annoyance|caring|disappointment|disgust|realization|sadness|surprise|neutral
1648,1,amusement,1|2|4|5|17|25,amusement|anger|approval|caring|joy|sadness
1649,15,gratitude,2|5|15|22,anger|caring|gratitude|realization
1650,27,neutral,9|17|27,disappointment|joy|neutral
1651,27,neutral,12|13|17|20|27,embarrassment|excitement|joy|optimism|neutral
1652,15,gratitude,7|15|27,curiosity|gratitude|neutral
1653,27,neutral,2|3|10|17|18|26|27,anger|annoyance|disapproval|joy|love|surprise|neutral
1654,4,approval,2|3|4|6|10|15|20|25|27,anger|annoyance|approval|confusion|disapproval|gratitude|optimism|sadness|neutral
1655,15,gratitude,0|2|4|20|25|27,admiration|anger|approval|optimism|sadness|neutral
1656,22,realization,0|4|7|13|20|22|27,admiration|approval|curiosity|excitement|optimism|realization|neutral
1657,2,anger,0|3|8|10|18|22,admiration|annoyance|desire|disapproval|love|realization
1658,0,admiration,6|24|27,confusion|remorse|neutral
1659,0,admiration,3|6|7|14|18|27,annoyance|confusion|curiosity|fear|love|neutral
1660,22,realization,0|3|15|17|18|25|27,admiration|annoyance|gratitude|joy|love|sadness|neutral
1661,26,surprise,0|5|6|10|11|22,admiration|caring|confusion|disapproval|disgust|realization
1662,27,neutral,1|3|5|6|9|27,amusement|annoyance|caring|confusion|disappointment|neutral
1663,4|7,approval|curiosity,4|6|10|14|18|20|22|24|26|27,approval|confusion|disapproval|fear|love|optimism|realization|remorse|surprise|neutral
1664,20,optimism,6|7|10|17|20|22|25|26,confusion|curiosity|disapproval|joy|optimism|realization|sadness|surprise
1665,0|7,admiration|curiosity,0|2|10|11|18|20|26|27,admiration|anger|disapproval|disgust|love|optimism|surprise|neutral
1666,2,anger,4|5|18|20|25|26,approval|caring|love|optimism|sadness|surprise
1667,10|26,disapproval|surprise,0|1|2|6|8|9|15|17|20|27,admiration|amusement|anger|confusion|desire|disappointment|gratitude|joy|optimism|neutral
1668,25,sadness,2|12,anger|embarrassment
1669,3|10,annoyance|disapproval,1|6|7|8|15|24|26|27,amusement|confusion|curiosity|desire|gratitude|remorse|surprise|neutral
1670,27,neutral,1|6|9|22|25|26,amusement|confusion|disappointment|realization|sadness|surprise
1671,1,amusement,0|10|22|24|27,admiration|disapproval|realization|remorse|neutral
1672,6,confusion,0|1|6|17|22|26|27,admiration|amusement|confusion|joy|realization|surprise|neutral
1673,4,approval,4|5|6|7|9|10|20|22,approval|caring|confusion|curiosity|disappointment|disapproval|optimism|realization
1674,0|4|18,admiration|approval|love,0|2|3|5|7|13|18|22,admiration|anger|annoyance|caring|curiosity|excitement|love|realization
1675,20,optimism,3|4|5|8|10|11|20,annoyance|approval|caring|desire|disapproval|disgust|optimism
1676,15|18,gratitude|love,1|4|5|6|8|17|20|22,amusement|approval|caring|confusion|desire|joy|optimism|realization
1677,10,disapproval,1|4|7|10|15|17|20|22|26|27,amusement|approval|curiosity|disapproval|gratitude|joy|optimism|realization|surprise|neutral
1678,27,neutral,0|1|4|10|20|26,admiration|amusement|approval|disapproval|optimism|surprise
1679,22,realization,0|1|3|4|14|25|26,admiration|amusement|annoyance|approval|fear|sadness|surprise
1680,27,neutral,0|2|3|7|11|17,admiration|anger|annoyance|curiosity|disgust|joy
1681,10,disapproval,1|15|22|26|27,amusement|gratitude|realization|surprise|neutral
1682,7,curiosity,2|3|8|15|25|26,anger|annoyance|desire|gratitude|sadness|surprise
1683,27,neutral,2|4|6|7|8|17|20|27,anger|approval|confusion|curiosity|desire|joy|optimism|neutral
1684,0,admiration,1|2|5|6|17|26,amusement|anger|caring|confusion|joy|surprise
1685,17,joy,2|6|9|11|13|17|20|27,anger|confusion|disappointment|disgust|excitement|joy|optimism|neutral
1686,20,optimism,2|6|20|26|27,anger|confusion|optimism|surprise|neutral
1687,5,caring,0|1|2|3|17|22,admiration|amusement|anger|annoyance|joy|realization
1688,4,approval,0|3|5|10|17|18|20,admiration|annoyance|caring|disapproval|joy|love|optimism
1689,27,neutral,2|3|9|10,anger|annoyance|disappointment|disapproval
1690,27,neutral,0|6|15|20|27,admiration|confusion|gratitude|optimism|neutral
1691,27,neutral,0|4|8|18|22,admiration|approval|desire|love|realization
1692,18,love,1|3|6|7|9|15|17|27,amusement|annoyance|confusion|curiosity|disappointment|gratitude|joy|neutral
1693,0,admiration,1|15|22|27,amusement|gratitude|realization|neutral
1694,4,approval,0|3|4|8|10|22,admiration|annoyance|approval|desire|disapproval|realization
1695,17,joy,0|1|3|4|5|10|17|18,admiration|amusement|annoyance|approval|caring|disapproval|joy|love
1696,7|27,curiosity|neutral,0|2|3|6|13|14|20,admiration|anger|annoyance|confusion|excitement|fear|optimism
1697,0,admiration,0|2|7|15|17|18|22,admiration|anger|curiosity|gratitude|joy|love|realization
1698,3,annoyance,0|2|7|11|20|27,admiration|anger|curiosity|disgust|optimism|neutral
1699,0,admiration,7|14|17|18|20|27,curiosity|fear|joy|love|optimism|neutral
1700,27,neutral,1|3|9|25|27,amusement|annoyance|disappointment|sadness|neutral
1701,7,curiosity,1|2|4|7|8|10|20,amusement|anger|approval|curiosity|desire|disapproval|optimism
1702,0,admiration,0|4|15|22|25|26,admiration|approval|gratitude|realization|sadness|surprise
1703,5|11,caring|disgust,3|10|12|15|22|25,annoyance|disapproval|embarrassment|gratitude|realization|sadness
1704,2,anger,0|2|3|7|15|22|25|26,admiration|anger|annoyance|curiosity|gratitude|realization|sadness|surprise
1705,27,neutral,0|1|4|8|14|15|17|18|22|25,admiration|amusement|approval|desire|fear|gratitude|joy|love|realization|sadness
1706,27,neutral,0|2|3|9|10|18|22|24|25,admiration|anger|annoyance|disappointment|disapproval|love|realization|remorse|sadness
1707,27,neutral,0|1|4|22,admiration|amusement|approval|realization
1708,2,anger,6|10|11|15|17|18|26|27,confusion|disapproval|disgust|gratitude|joy|love|surprise|neutral
1709,1|3|18,amusement|annoyance|love,1|6|8|9|15|17|20|22,amusement|confusion|desire|disappointment|gratitude|joy|optimism|realization
1710,4,approval,1|4|5|6|20|26|27,amusement|approval|caring|confusion|optimism|surprise|neutral
1711,5,caring,1|7|9|10|15|22,amusement|curiosity|disappointment|disapproval|gratitude|realization
1712,4|5,approval|caring,0|1|4|5|10|11|18|22|26,admiration|amusement|approval|caring|disapproval|disgust|love|realization|surprise
1713,10,disapproval,0|2|6|9|17|18,admiration|anger|confusion|disappointment|joy|love
1714,18,love,1|4|5|6|9|10|25|26,amusement|approval|caring|confusion|disappointment|disapproval|sadness|surprise
1715,9,disappointment,0|3|7|9|17|18|25|27,admiration|annoyance|curiosity|disappointment|joy|love|sadness|neutral
1716,3,annoyance,1|5|6|18|20|24|26|27,amusement|caring|confusion|love|optimism|remorse|surprise|neutral
1717,15,gratitude,3|9|11|15|25|27,annoyance|disappointment|disgust|gratitude|sadness|neutral
1718,22,realization,0|7|15|17|27,admiration|curiosity|gratitude|joy|neutral
1719,13,excitement,13|17|22|26|27,excitement|joy|realization|surprise|neutral
1720,0,admiration,0|1|5|6|13|22,admiration|amusement|caring|confusion|excitement|realization
1721,15,gratitude,7|10|11|20|22|27,curiosity|disapproval|disgust|optimism|realization|neutral
1722,3|11,annoyance|disgust,0|3|6|8|9|11|22|23|24|25|27,admiration|annoyance|confusion|desire|disappointment|disgust|realization|relief|remorse|sadness|neutral
1723,27,neutral,0|4|7|18|20|22|27,admiration|approval|curiosity|love|optimism|realization|neutral
1724,22|24,realization|remorse,0|4|7|11|14|15|18|22,admiration|approval|curiosity|disgust|fear|gratitude|love|realization
1725,10|27,disapproval|neutral,1|2|7|14|20|27,amusement|anger|curiosity|fear|optimism|neutral
1726,1,amusement,3|7|20|24|25|26|27,annoyance|curiosity|optimism|remorse|sadness|surprise|neutral
1727,3,annoyance,3|7|9|27,annoyance|curiosity|disappointment|neutral
1728,1,amusement,2|4|6|10|13|18|20|27,anger|approval|confusion|disapproval|excitement|love|optimism|neutral
1729,25,sadness,4|6|9|11|17|18|22|25,approval|confusion|disappointment|disgust|joy|love|realization|sadness
1730,27,neutral,0|5|8|9|13|15|22,admiration|caring|desire|disappointment|excitement|gratitude|realization
1731,6,confusion,2|7|9|20|24|26,anger|curiosity|disappointment|optimism|remorse|surprise
1732,4|15|17,approval|gratitude|joy,2|3|6|7|13|14,anger|annoyance|confusion|curiosity|excitement|fear
1733,2,anger,4|10|13,approval|disapproval|excitement
1734,3|10,annoyance|disapproval,0|1|3|8|11|13|15|17|18,admiration|amusement|annoyance|desire|disgust|excitement|gratitude|joy|love
1735,26,surprise,0|2|3|13|17|27,admiration|anger|annoyance|excitement|joy|neutral
1736,27,neutral,1|2|3|4|7|10|11|17,amusement|anger|annoyance|approval|curiosity|disapproval|disgust|joy
1737,26,surprise,0|2|18,admiration|anger|love
1738,7,curiosity,2|3|10|11|27,anger|annoyance|disapproval|disgust|neutral
1739,4,approval,0|2|6|15|22|25,admiration|anger|confusion|gratitude|realization|sadness
1740,27,neutral,6|7|8|22|27,confusion|curiosity|desire|realization|neutral
1741,27,neutral,0|1|4|6|9|10|15|22|24,admiration|amusement|approval|confusion|disappointment|disapproval|gratitude|realization|remorse
1742,27,neutral,1|3|7|13|14,amusement|annoyance|curiosity|excitement|fear
1743,7,curiosity,5|7|17|18,caring|curiosity|joy|love
1744,3,annoyance,2|5|9|12|17|18|24,anger|caring|disappointment|embarrassment|joy|love|remorse
1745,15,gratitude,4|6|11|22|24|25,approval|confusion|disgust|realization|remorse|sadness
1746,2,anger,0|1|2|13|18|20|22|26,admiration|amusement|anger|excitement|love|optimism|realization|surprise
1747,4|20,approval|optimism,0|1|15|19|20|27,admiration|amusement|gratitude|nervousness|optimism|neutral
1748,2,anger,0|2|3|7|15|17|18|25|26|27,admiration|anger|annoyance|curiosity|gratitude|joy|love|sadness|surprise|neutral
1749,25,sadness,4|7|9|10|15|17|25|26|27,approval|curiosity|disappointment|disapproval|gratitude|joy|sadness|surprise|neutral
1750,1|27,amusement|neutral,0|3|4|5|6|10|18,admiration|annoyance|approval|caring|confusion|disapproval|love
1751,4,approval,1|4|5|6|10|15|18|25|27,amusement|approval|caring|confusion|disapproval|gratitude|love|sadness|neutral
1752,7|27,curiosity|neutral,2|3|5|10|18|20,anger|annoyance|caring|disapproval|love|optimism
1753,11,disgust,1|4|9|13|17|25|27,amusement|approval|disappointment|excitement|joy|sadness|neutral
1754,11,disgust,1|3|4|5|11|25,amusement|annoyance|approval|caring|disgust|sadness
1755,27,neutral,0|3|9|13|15|21|25,admiration|annoyance|disappointment|excitement|gratitude|pride|sadness
1756,27,neutral,4|14|15|17|18,approval|fear|gratitude|joy|love
1757,25,sadness,7|8|10|11|25|26|27,curiosity|desire|disapproval|disgust|sadness|surprise|neutral
1758,3,annoyance,1|6|7|10|17|20|25,amusement|confusion|curiosity|disapproval|joy|optimism|sadness
1759,17,joy,10|18|20|26,disapproval|love|optimism|surprise
1760,0|4,admiration|approval,1|5|6|8|11|17|18|27,amusement|caring|confusion|desire|disgust|joy|love|neutral
1761,1,amusement,1|7|10|15|27,amusement|curiosity|disapproval|gratitude|neutral
1762,6,confusion,1|4|9|15|20|25,amusement|approval|disappointment|gratitude|optimism|sadness
1763,27,neutral,2|4|10|14|20|22|25|26,anger|approval|disapproval|fear|optimism|realization|sadness|surprise
1764,27,neutral,6|9|10|15|17|27,confusion|disappointment|disapproval|gratitude|joy|neutral
1765,10|27,disapproval|neutral,0|5|13|22|27,admiration|caring|excitement|realization|neutral
1766,4|18,approval|love,0|10|17|20,admiration|disapproval|joy|optimism
1767,14,fear,1|3|5|6|7|20,amusement|annoyance|caring|confusion|curiosity|optimism
1768,15,gratitude,10|13|15|25,disapproval|excitement|gratitude|sadness
1769,3,annoyance,3|5|8|10|18|27,annoyance|caring|desire|disapproval|love|neutral
1770,1|7,amusement|curiosity,0|1|3|8|10|22|27,admiration|amusement|annoyance|desire|disapproval|realization|neutral
1771,27,neutral,1|2|5|6|17|18|20,amusement|anger|caring|confusion|joy|love|optimism
1772,26,surprise,1|3|10|18|20|27,amusement|annoyance|disapproval|love|optimism|neutral
1773,15,gratitude,2|6|9|10|18|22|26,anger|confusion|disappointment|disapproval|love|realization|surprise
1774,12,embarrassment,0|1|5|8|9|12|13|17|27,admiration|amusement|caring|desire|disappointment|embarrassment|excitement|joy|neutral
1775,15|19,gratitude|nervousness,0|2|5|6|7|15|22|27,admiration|anger|caring|confusion|curiosity|gratitude|realization|neutral
1776,27,neutral,0|1|7|9|15|18|22,admiration|amusement|curiosity|disappointment|gratitude|love|realization
1777,0,admiration,0|4|8|9|20|25,admiration|approval|desire|disappointment|optimism|sadness
1778,7,curiosity,0|1|4|14|17|27,admiration|amusement|approval|fear|joy|neutral
1779,1|18,amusement|love,0|3|15|18|27,admiration|annoyance|gratitude|love|neutral
1780,27,neutral,1|2|3|10|11|18|21|27,amusement|anger|annoyance|disapproval|disgust|love|pride|neutral
1781,0|26,admiration|surprise,1|4|7|9|15|17|18|25|26,amusement|approval|curiosity|disappointment|gratitude|joy|love|sadness|surprise
1782,27,neutral,1|5|9|15|17|27,amusement|caring|disappointment|gratitude|joy|neutral
1783,27,neutral,1|3|5|20,amusement|annoyance|caring|optimism
1784,4,approval,20|25,optimism|sadness
1785,27,neutral,0|1|7|10|15|18|25|27,admiration|amusement|curiosity|disapproval|gratitude|love|sadness|neutral
1786,27,neutral,1|2|3|4|7|8|15|20,amusement|anger|annoyance|approval|curiosity|desire|gratitude|optimism
1787,0|1,admiration|amusement,2|3|4|7|10|11|25|26,anger|annoyance|approval|curiosity|disapproval|disgust|sadness|surprise
1788,4|17,approval|joy,0|1|3|9|10|12|27,admiration|amusement|annoyance|disappointment|disapproval|embarrassment|neutral
1789,20,optimism,1|4|9|10|11|12,amusement|approval|disappointment|disapproval|disgust|embarrassment
1790,27,neutral,0|5|8|9|15|27,admiration|caring|desire|disappointment|gratitude|neutral
1791,27,neutral,1|4|5|7|9|15|17|18|20|25,amusement|approval|caring|curiosity|disappointment|gratitude|joy|love|optimism|sadness
1792,10,disapproval,3|5|6|15|17|22|26|27,annoyance|caring|confusion|gratitude|joy|realization|surprise|neutral
1793,1,amusement,0|6|9|14|15|20|24,admiration|confusion|disappointment|fear|gratitude|optimism|remorse
1794,4,approval,0|4|6|14|17|18|24|25,admiration|approval|confusion|fear|joy|love|remorse|sadness
1795,0,admiration,1|2|4|5|6|7|13|15|27,amusement|anger|approval|caring|confusion|curiosity|excitement|gratitude|neutral
1796,6,confusion,0|18|22|25|27,admiration|love|realization|sadness|neutral
1797,14,fear,0|3|10|13,admiration|annoyance|disapproval|excitement
1798,0,admiration,0|1|6|7|18|25|26|27,admiration|amusement|confusion|curiosity|love|sadness|surprise|neutral
1799,15,gratitude,2|3|6|9|10|13|15|25,anger|annoyance|confusion|disappointment|disapproval|excitement|gratitude|sadness
1800,2,anger,0|1|3|4|7|17,admiration|amusement|annoyance|approval|curiosity|joy
1801,27,neutral,1|3|5|6|15|27,amusement|annoyance|caring|confusion|gratitude|neutral
1802,27,neutral,0|2|5|8|10|11|14|15|25|26,admiration|anger|caring|desire|disapproval|disgust|fear|gratitude|sadness|surprise
1803,15,gratitude,1|2|8|9|10|20|27,amusement|anger|desire|disappointment|disapproval|optimism|neutral
1804,0|20,admiration|optimism,10|18|25|26,disapproval|love|sadness|surprise
1805,9,disappointment,10|11|20|27,disapproval|disgust|optimism|neutral
1806,27,neutral,1|3|10|14|15|17|27,amusement|annoyance|disapproval|fear|gratitude|joy|neutral
1807,17|25,joy|sadness,1|7|11|20|24,amusement|curiosity|disgust|optimism|remorse
1808,1,amusement,2|3|5|8|9|11|13|14|15|17|25,anger|annoyance|caring|desire|disappointment|disgust|excitement|fear|gratitude|joy|sadness
1809,15,gratitude,1|7|9|14|25|27,amusement|curiosity|disappointment|fear|sadness|neutral
1810,27,neutral,0|2|3|9|18|22,admiration|anger|annoyance|disappointment|love|realization
1811,27,neutral,1|3|4|5|13|22|26,amusement|annoyance|approval|caring|excitement|realization|surprise
1812,20,optimism,0|6|9|10|22|25|27,admiration|confusion|disappointment|disapproval|realization|sadness|neutral
1813,3,annoyance,7|8|15|18|20|21|25,curiosity|desire|gratitude|love|optimism|pride|sadness
1814,1,amusement,5|9|17|18|20|27,caring|disappointment|joy|love|optimism|neutral
1815,24,remorse,3|6|7|10|15|17|18|25|27,annoyance|confusion|curiosity|disapproval|gratitude|joy|love|sadness|neutral
1816,15,gratitude,1|2|6|9|10|25|26,amusement|anger|confusion|disappointment|disapproval|sadness|surprise
1817,4,approval,0|1|2|3|13|15|19|20,admiration|amusement|anger|annoyance|excitement|gratitude|nervousness|optimism
1818,17,joy,1|2|7|10|11|12|13|15|25,amusement|anger|curiosity|disapproval|disgust|embarrassment|excitement|gratitude|sadness
1819,0,admiration,6|27,confusion|neutral
1820,27,neutral,2|3|6|15|22|26|27,anger|annoyance|confusion|gratitude|realization|surprise|neutral
1821,27,neutral,1|3|4|8|9|17,amusement|annoyance|approval|desire|disappointment|joy
1822,27,neutral,2|3|5|11|18|20|22|26,anger|annoyance|caring|disgust|love|optimism|realization|surprise
1823,0|15,admiration|gratitude,0|2|6|7|8|9|13|20|22|27,admiration|anger|confusion|curiosity|desire|disappointment|excitement|optimism|realization|neutral
1824,5,caring,1|10|11|15|18|20|22|24,amusement|disapproval|disgust|gratitude|love|optimism|realization|remorse
1825,11,disgust,0|8|18|21|24,admiration|desire|love|pride|remorse
1826,0|10,admiration|disapproval,1|4|13|15|18|22|26,amusement|approval|excitement|gratitude|love|realization|surprise
1827,27,neutral,4|5|10|11|18|20|25,approval|caring|disapproval|disgust|love|optimism|sadness
1828,3,annoyance,0|2|5|8|26|27,admiration|anger|caring|desire|surprise|neutral
1829,27,neutral,0|10|11|15|17|22|26,admiration|disapproval|disgust|gratitude|joy|realization|surprise
1830,27,neutral,0|1|4|5|11|13|17|22|25,admiration|amusement|approval|caring|disgust|excitement|joy|realization|sadness
1831,18,love,1|10|17|27,amusement|disapproval|joy|neutral
1832,0,admiration,2|4|15|25|27,anger|approval|gratitude|sadness|neutral
1833,25,sadness,0|2|5|7|13|14|25,admiration|anger|caring|curiosity|excitement|fear|sadness
1834,14,fear,1|5|9|10|20|26,amusement|caring|disappointment|disapproval|optimism|surprise
1835,0,admiration,3|4|6|7|9|24|25|26|27,annoyance|approval|confusion|curiosity|disappointment|remorse|sadness|surprise|neutral
1836,20,optimism,0|6|13|25|26|27,admiration|confusion|excitement|sadness|surprise|neutral
1837,27,neutral,0|10|13|15|18|22|27,admiration|disapproval|excitement|gratitude|love|realization|neutral
1838,27,neutral,2|3|5|7|8|10|15|17|18,anger|annoyance|caring|curiosity|desire|disapproval|gratitude|joy|love
1839,22,realization,6|7|10|15|17|20|25|27,confusion|curiosity|disapproval|gratitude|joy|optimism|sadness|neutral
1840,27,neutral,0|1|7|13|27,admiration|amusement|curiosity|excitement|neutral
1841,27,neutral,3|4|5|8|27,annoyance|approval|caring|desire|neutral
1842,0,admiration,1|7|13|15|17|18|22|27,amusement|curiosity|excitement|gratitude|joy|love|realization|neutral
1843,27,neutral,1|7|15|17|27,amusement|curiosity|gratitude|joy|neutral
1844,7,curiosity,5|6|9|11|15|17|25,caring|confusion|disappointment|disgust|gratitude|joy|sadness
1845,6,confusion,0|6|15,admiration|confusion|gratitude
1846,8|20,desire|optimism,0|4|5|10|14|17,admiration|approval|caring|disapproval|fear|joy
1847,3,annoyance,4|11|14|20|24|27,approval|disgust|fear|optimism|remorse|neutral
1848,0,admiration,1|2|3|7|13|15|18|22|25|27,amusement|anger|annoyance|curiosity|excitement|gratitude|love|realization|sadness|neutral
1849,27,neutral,0|2|5|18|22|26|27,admiration|anger|caring|love|realization|surprise|neutral
1850,9,disappointment,0|1|6|7|15|17|18|20,admiration|amusement|confusion|curiosity|gratitude|joy|love|optimism
1851,27,neutral,1|5|6|11|14|15|17|18|25,amusement|caring|confusion|disgust|fear|gratitude|joy|love|sadness
1852,27,neutral,2|7|20|27,anger|curiosity|optimism|neutral
1853,10,disapproval,1|5|8|9|15|18|20,amusement|caring|desire|disappointment|gratitude|love|optimism
1854,20,optimism,1|2|5|6|7|8|18|22,amusement|anger|caring|confusion|curiosity|desire|love|realization
1855,27,neutral,0|1|2|6|7|9|10|15|18|21|25,admiration|amusement|anger|confusion|curiosity|disappointment|disapproval|gratitude|love|pride|sadness
1856,14,fear,7|9|11|13|22,curiosity|disappointment|disgust|excitement|realization
1857,5|25,caring|sadness,1|3|5|6|7|15|18|24|25,amusement|annoyance|caring|confusion|curiosity|gratitude|love|remorse|sadness
1858,27,neutral,2|3|6|11|15|17|27,anger|annoyance|confusion|disgust|gratitude|joy|neutral
1859,0,admiration,0|6|27,admiration|confusion|neutral
1860,25,sadness,2|3|5|7|11|26|27,anger|annoyance|caring|curiosity|disgust|surprise|neutral
1861,15,gratitude,4|7|15|27,approval|curiosity|gratitude|neutral
1862,14|18,fear|love,3|9|11|14|15|17|18|20,annoyance|disappointment|disgust|fear|gratitude|joy|love|optimism
1863,14,fear,0|1|2|3|4|14,admiration|amusement|anger|annoyance|approval|fear
1864,27,neutral,0|1|2|3|5|8|15|17|22|26,admiration|amusement|anger|annoyance|caring|desire|gratitude|joy|realization|surprise
1865,0|20,admiration|optimism,1|2|5|7|8|9|13|18|25,amusement|anger|caring|curiosity|desire|disappointment|excitement|love|sadness
1866,27,neutral,2|4|6|7|11|17|25|26,anger|approval|confusion|curiosity|disgust|joy|sadness|surprise
1867,27,neutral,2|3|7|11|13|14|18,anger|annoyance|curiosity|disgust|excitement|fear|love
1868,0,admiration,3|4|9|15|18|20|27,annoyance|approval|disappointment|gratitude|love|optimism|neutral
1869,13,excitement,0|1|6|7|11|17|18|20,admiration|amusement|confusion|curiosity|disgust|joy|love|optimism
1870,4,approval,0|2|4|6|13|17|20,admiration|anger|approval|confusion|excitement|joy|optimism
1871,15,gratitude,7|9|10|15|22|25|26|27,curiosity|disappointment|disapproval|gratitude|realization|sadness|surprise|neutral
1872,9,disappointment,0|3|14|15|17,admiration|annoyance|fear|gratitude|joy
1873,15,gratitude,0|5|6|7|9|10|13|15|18|20,admiration|caring|confusion|curiosity|disappointment|disapproval|excitement|gratitude|love|optimism
1874,4,approval,1|4|5|18|20|27,amusement|approval|caring|love|optimism|neutral
1875,7,curiosity,4|7|9|13|15|17,approval|curiosity|disappointment|excitement|gratitude|joy
1876,15,gratitude,0|1|3|4|5|20|25|27,admiration|amusement|annoyance|approval|caring|optimism|sadness|neutral
1877,4,approval,3|6|9|18|27,annoyance|confusion|disappointment|love|neutral
1878,7|27,curiosity|neutral,0|4|8|9|10|13|15|17|22|25|26,admiration|approval|desire|disappointment|disapproval|excitement|gratitude|joy|realization|sadness|surprise
1879,4|27,approval|neutral,2|5|8|10|22,anger|caring|desire|disapproval|realization
1880,27,neutral,4|6|27,approval|confusion|neutral
1881,11,disgust,4|15,approval|gratitude
1882,15,gratitude,4|6|15|25,approval|confusion|gratitude|sadness
1883,26,surprise,4|13|14|15|17|18|19,approval|excitement|fear|gratitude|joy|love|nervousness
1884,27,neutral,1|2|10|27,amusement|anger|disapproval|neutral
1885,18,love,0|6|8|9|10|18|20|25|27,admiration|confusion|desire|disappointment|disapproval|love|optimism|sadness|neutral
1886,10,disapproval,1|3|7|10|11|20|25|26|27,amusement|annoyance|curiosity|disapproval|disgust|optimism|sadness|surprise|neutral
1887,10,disapproval,1|4|7|8|17|18,amusement|approval|curiosity|desire|joy|love
1888,2|11,anger|disgust,0|5|8|22|26|27,admiration|caring|desire|realization|surprise|neutral
1889,10,disapproval,2|3|6|27,anger|annoyance|confusion|neutral
1890,14|20,fear|optimism,1|2|3|10|14|18|22,amusement|anger|annoyance|disapproval|fear|love|realization
1891,6,confusion,0|3|4|5|10|15|20|25|26,admiration|annoyance|approval|caring|disapproval|gratitude|optimism|sadness|surprise
1892,18,love,0|5|13|15|18,admiration|caring|excitement|gratitude|love
1893,4,approval,2|3|4|7|16|20|25,anger|annoyance|approval|curiosity|grief|optimism|sadness
1894,27,neutral,5|6|15|18|27,caring|confusion|gratitude|love|neutral
1895,9,disappointment,1|2|3|9|27,amusement|anger|annoyance|disappointment|neutral
1896,0,admiration,1|3|8|11|15|17|20|26,amusement|annoyance|desire|disgust|gratitude|joy|optimism|surprise
1897,27,neutral,0|14|17|20,admiration|fear|joy|optimism
1898,27,neutral,2|3|13|15|19,anger|annoyance|excitement|gratitude|nervousness
1899,27,neutral,3|5|10|20|22|24|27,annoyance|caring|disapproval|optimism|realization|remorse|neutral
1900,4,approval,2|3|5|17|24|25,anger|annoyance|caring|joy|remorse|sadness
1901,0|4|27,admiration|approval|neutral,0|1|20|22|27,admiration|amusement|optimism|realization|neutral
1902,1|2,amusement|anger,0|4|5|17|24|25|27,admiration|approval|caring|joy|remorse|sadness|neutral
1903,27,neutral,0|6|13|17|25,admiration|confusion|excitement|joy|sadness
1904,2|3,anger|annoyance,0|1|4|9|10|17|18|22|25,admiration|amusement|approval|disappointment|disapproval|joy|love|realization|sadness
1905,2,anger,1|3|8|18|22|27,amusement|annoyance|desire|love|realization|neutral
1906,0|15,admiration|gratitude,1|6|7|9|15|17|20,amusement|confusion|curiosity|disappointment|gratitude|joy|optimism
1907,3|10,annoyance|disapproval,0|1|3|5|6|10|13|21|26,admiration|amusement|annoyance|caring|confusion|disapproval|excitement|pride|surprise
1908,27,neutral,2|7|13|17|18|19|26|27,anger|curiosity|excitement|joy|love|nervousness|surprise|neutral
1909,8,desire,0|1|6|7|8|10|17|24|25,admiration|amusement|confusion|curiosity|desire|disapproval|joy|remorse|sadness
1910,27,neutral,0|2|22|27,admiration|anger|realization|neutral
1911,8,desire,0|6|17|20|27,admiration|confusion|joy|optimism|neutral
1912,4,approval,0|2|4|13|15|25,admiration|anger|approval|excitement|gratitude|sadness
1913,4,approval,0|4|15|18|22|26,admiration|approval|gratitude|love|realization|surprise
1914,10|27,disapproval|neutral,0|4|5|9|13|14|18|22,admiration|approval|caring|disappointment|excitement|fear|love|realization
1915,27,neutral,3|4|9|20|26,annoyance|approval|disappointment|optimism|surprise
1916,4,approval,1|2|7|8|11|15|25,amusement|anger|curiosity|desire|disgust|gratitude|sadness
1917,17,joy,0|2|9|10|12|18|24|25|27,admiration|anger|disappointment|disapproval|embarrassment|love|remorse|sadness|neutral
1918,27,neutral,0|2|13|27,admiration|anger|excitement|neutral
1919,7,curiosity,0|3|5|9|10|12|17|18|19,admiration|annoyance|caring|disappointment|disapproval|embarrassment|joy|love|nervousness
1920,2,anger,1|4|6|17|20|22,amusement|approval|confusion|joy|optimism|realization
1921,2|26,anger|surprise,3|4|5|22|26|27,annoyance|approval|caring|realization|surprise|neutral
1922,27,neutral,2|6|17,anger|confusion|joy
1923,27,neutral,1|5|6|7|15|20|25,amusement|caring|confusion|curiosity|gratitude|optimism|sadness
1924,27,neutral,3|4|27,annoyance|approval|neutral
1925,15,gratitude,2|3|5|9|10|17|18|20|22|27,anger|annoyance|caring|disappointment|disapproval|joy|love|optimism|realization|neutral
1926,10,disapproval,4|11|17|18|24,approval|disgust|joy|love|remorse
1927,21,pride,4|17|27,approval|joy|neutral
1928,3,annoyance,4|7|8|9|10|13|14|22|25,approval|curiosity|desire|disappointment|disapproval|excitement|fear|realization|sadness
1929,7|18,curiosity|love,1|2|18,amusement|anger|love
1930,18,love,0|18|25,admiration|love|sadness
1931,0,admiration,0|3|9|10|13|14|17|18|25,admiration|annoyance|disappointment|disapproval|excitement|fear|joy|love|sadness
1932,27,neutral,5|7|18|20|22|27,caring|curiosity|love|optimism|realization|neutral
1933,27,neutral,0|3|10|16|27,admiration|annoyance|disapproval|grief|neutral
1934,24,remorse,1|2|3|4|5|8|10|15|18|25,amusement|anger|annoyance|approval|caring|desire|disapproval|gratitude|love|sadness
1935,0|15,admiration|gratitude,4|5|6|7|9|17,approval|caring|confusion|curiosity|disappointment|joy
1936,15,gratitude,7|10|11|13|18|20,curiosity|disapproval|disgust|excitement|love|optimism
1937,3,annoyance,2|3|9|10|13|18|19|25,anger|annoyance|disappointment|disapproval|excitement|love|nervousness|sadness
1938,7,curiosity,2|3|5|10|13|17|20|25,anger|annoyance|caring|disapproval|excitement|joy|optimism|sadness
1939,10,disapproval,0|4|6|7|11|13|14|17|18|24,admiration|approval|confusion|curiosity|disgust|excitement|fear|joy|love|remorse
1940,27,neutral,1|3|5|9|17|18|26,amusement|annoyance|caring|disappointment|joy|love|surprise
1941,27,neutral,1|3|4|5|8|22,amusement|annoyance|approval|caring|desire|realization
1942,27,neutral,2|4|7|8,anger|approval|curiosity|desire
1943,2|6|22,anger|confusion|realization,2|3|9|11|13|17,anger|annoyance|disappointment|disgust|excitement|joy
1944,10,disapproval,0|1|5|18|22|27,admiration|amusement|caring|love|realization|neutral
1945,27,neutral,4|7|9|10|17|20|22|25,approval|curiosity|disappointment|disapproval|joy|optimism|realization|sadness
1946,27,neutral,0|1|10|15|19,admiration|amusement|disapproval|gratitude|nervousness
1947,27,neutral,3|9|10|15|20|24|25|26,annoyance|disappointment|disapproval|gratitude|optimism|remorse|sadness|surprise
1948,4,approval,25,sadness
1949,27,neutral,2|4|6|10|13|15|17|22|26,anger|approval|confusion|disapproval|excitement|gratitude|joy|realization|surprise
1950,27,neutral,7|9|15|18|27,curiosity|disappointment|gratitude|love|neutral
1951,3|10,annoyance|disapproval,0|4|6|7|11|17|20|25|26,admiration|approval|confusion|curiosity|disgust|joy|optimism|sadness|surprise
1952,17,joy,4|6|7|13|17|23,approval|confusion|curiosity|excitement|joy|relief
1953,27,neutral,0|1|2|3|5|18|20,admiration|amusement|anger|annoyance|caring|love|optimism
1954,14,fear,5|6|10|18|27,caring|confusion|disapproval|love|neutral
1955,27,neutral,0|14|15|18|27,admiration|fear|gratitude|love|neutral
1956,27,neutral,0|1|6|9|13|15|17|18|26,admiration|amusement|confusion|disappointment|excitement|gratitude|joy|love|surprise
1957,26,surprise,3|4|11|13|17|27,annoyance|approval|disgust|excitement|joy|neutral
1958,27,neutral,4|6|7|9|11|15|20|22|27,approval|confusion|curiosity|disappointment|disgust|gratitude|optimism|realization|neutral
1959,27,neutral,0|1|4|6|7|9|10|13|15|27,admiration|amusement|approval|confusion|curiosity|disappointment|disapproval|excitement|gratitude|neutral
1960,27,neutral,0|1|2|4|5|9|10|15|25,admiration|amusement|anger|approval|caring|disappointment|disapproval|gratitude|sadness
1961,3,annoyance,1|2|15|20,amusement|anger|gratitude|optimism
1962,2|3,anger|annoyance,5|8|10|15|17|20|25,caring|desire|disapproval|gratitude|joy|optimism|sadness
1963,15,gratitude,4|5|11|18|20|26,approval|caring|disgust|love|optimism|surprise
1964,15,gratitude,2|8|10|17|26|27,anger|desire|disapproval|joy|surprise|neutral
1965,0,admiration,1|6|25|26|27,amusement|confusion|sadness|surprise|neutral
1966,1,amusement,4|5|9|10|14|15|20|24,approval|caring|disappointment|disapproval|fear|gratitude|optimism|remorse
1967,25,sadness,3|7|15|22|25|27,annoyance|curiosity|gratitude|realization|sadness|neutral
1968,27,neutral,3|4|7|8|9|22|27,annoyance|approval|curiosity|desire|disappointment|realization|neutral
1969,15|22|26,gratitude|realization|surprise,2|3|4|13|27,anger|annoyance|approval|excitement|neutral
1970,1,amusement,3|7|11|15|17|25|26,annoyance|curiosity|disgust|gratitude|joy|sadness|surprise
1971,27,neutral,3|10|14|18|27,annoyance|disapproval|fear|love|neutral
1972,1|15,amusement|gratitude,0|6|7|8|11|15|18|22|27,admiration|confusion|curiosity|desire|disgust|gratitude|love|realization|neutral
1973,0,admiration,0|1|4|8|10|18|24,admiration|amusement|approval|desire|disapproval|love|remorse
1974,27,neutral,0|2|9|10|11|19|20|25|27,admiration|anger|disappointment|disapproval|disgust|nervousness|optimism|sadness|neutral
1975,27,neutral,0|2|10|18|27,admiration|anger|disapproval|love|neutral
1976,14,fear,3|5|7|8|9|15|18|25,annoyance|caring|curiosity|desire|disappointment|gratitude|love|sadness
1977,8,desire,1|2|7|10|13|14|26|27,amusement|anger|curiosity|disapproval|excitement|fear|surprise|neutral
1978,0,admiration,0|3|10|15|17|25|27,admiration|annoyance|disapproval|gratitude|joy|sadness|neutral
1979,22|27,realization|neutral,0|2|4|5|8|18|20|26,admiration|anger|approval|caring|desire|love|optimism|surprise
1980,27,neutral,0|9|15|25|26,admiration|disappointment|gratitude|sadness|surprise
1981,1|10,amusement|disapproval,2|6|8|15|17|18|22|27,anger|confusion|desire|gratitude|joy|love|realization|neutral
1982,27,neutral,0|6|7|15,admiration|confusion|curiosity|gratitude
1983,4|27,approval|neutral,0|7|11|13|15|22|26|27,admiration|curiosity|disgust|excitement|gratitude|realization|surprise|neutral
1984,22|27,realization|neutral,0|1|4|6|7|9|15|17|26,admiration|amusement|approval|confusion|curiosity|disappointment|gratitude|joy|surprise
1985,15,gratitude,0|1|3|4|5|6|11|17|22|26,admiration|amusement|annoyance|approval|caring|confusion|disgust|joy|realization|surprise
1986,18,love,6|9|15|18|27,confusion|disappointment|gratitude|love|neutral
1987,27,neutral,1|2|3|18|22,amusement|anger|annoyance|love|realization
1988,5,caring,0|3|11,admiration|annoyance|disgust
1989,14|27,fear|neutral,0|6|7|17|27,admiration|confusion|curiosity|joy|neutral
1990,27,neutral,2|3|4|6|7|11|12|14|15|24,anger|annoyance|approval|confusion|curiosity|disgust|embarrassment|fear|gratitude|remorse
1991,0|13,admiration|excitement,0|6|10|22|27,admiration|confusion|disapproval|realization|neutral
1992,24,remorse,0|2|3|7|9|10,admiration|anger|annoyance|curiosity|disappointment|disapproval
1993,27,neutral,1|2|4|5|6|8|9|13|20|22|25,amusement|anger|approval|caring|confusion|desire|disappointment|excitement|optimism|realization|sadness
1994,27,neutral,2|3|4|6|9|13|15|17|18,anger|annoyance|approval|confusion|disappointment|excitement|gratitude|joy|love
1995,27,neutral,0|18|27,admiration|love|neutral
1996,18,love,1|4|9|10|17|18|20,amusement|approval|disappointment|disapproval|joy|love|optimism
1997,9,disappointment,3|4|6|20|27,annoyance|approval|confusion|optimism|neutral
1998,27,neutral,1|14|20|25,amusement|fear|optimism|sadness
1999,27,neutral,3|4|8|15|27,annoyance|approval|desire|gratitude|neutral
2000,27,neutral,4|9|15|20,approval|disappointment|gratitude|optimism
2001,27,neutral,7|11|14|17|18|19|25|27,curiosity|disgust|fear|joy|love|nervousness|sadness|neutral
2002,10,disapproval,0|1|4|9|18|25|27,admiration|amusement|approval|disappointment|love|sadness|neutral
2003,27,neutral,3|11|15|18|22|27,annoyance|disgust|gratitude|love|realization|neutral
2004,15,gratitude,9|10|15|17|22|27,disappointment|disapproval|gratitude|joy|realization|neutral
2005,6|7,confusion|curiosity,1|2|3|4|12|15|25|27,amusement|anger|annoyance|approval|embarrassment|gratitude|sadness|neutral
2006,11,disgust,0|10|11|18|19|27,admiration|disapproval|disgust|love|nervousness|neutral
2007,15,gratitude,1|2|3|4|6|9|20|22|27,amusement|anger|annoyance|approval|confusion|disappointment|optimism|realization|neutral
2008,1,amusement,0|4|20,admiration|approval|optimism
2009,27,neutral,0|7|13|15|18,admiration|curiosity|excitement|gratitude|love
2010,27,neutral,2|5|6|7|10|11|13|15,anger|caring|confusion|curiosity|disapproval|disgust|excitement|gratitude
2011,7,curiosity,0|1|2|17|18|24,admiration|amusement|anger|joy|love|remorse
2012,27,neutral,0|4|14|15|27,admiration|approval|fear|gratitude|neutral
2013,7,curiosity,1|5|7|10|15|18|20|27,amusement|caring|curiosity|disapproval|gratitude|love|optimism|neutral
2014,0|17,admiration|joy,3|7|10|15|18|27,annoyance|curiosity|disapproval|gratitude|love|neutral
2015,27,neutral,1|2|3|5|10|13|18|20,amusement|anger|annoyance|caring|disapproval|excitement|love|optimism
2016,17,joy,0|10|16|25|27,admiration|disapproval|grief|sadness|neutral
2017,27,neutral,2|3|12|13|15|17|18|26,anger|annoyance|embarrassment|excitement|gratitude|joy|love|surprise
2018,3,annoyance,6|9|10|15|18|25|27,confusion|disappointment|disapproval|gratitude|love|sadness|neutral
2019,13,excitement,2|3|5|6|9|15|22|27,anger|annoyance|caring|confusion|disappointment|gratitude|realization|neutral
2020,27,neutral,1|7|17|27,amusement|curiosity|joy|neutral
2021,22,realization,2|4|11|27,anger|approval|disgust|neutral
2022,7,curiosity,3|4|13|22|26|27,annoyance|approval|excitement|realization|surprise|neutral
2023,27,neutral,7|14|17|18|22|27,curiosity|fear|joy|love|realization|neutral
2024,4,approval,4|5|6|9|11|13|22,approval|caring|confusion|disappointment|disgust|excitement|realization
2025,4,approval,8|10|17|18|27,desire|disapproval|joy|love|neutral
2026,6|26,confusion|surprise,17|27,joy|neutral
2027,0|17,admiration|joy,7|10|13|15|26|27,curiosity|disapproval|excitement|gratitude|surprise|neutral
2028,27,neutral,0|2|10|15|17|20|26,admiration|anger|disapproval|gratitude|joy|optimism|surprise
2029,0,admiration,2|6|9|10|11|17,anger|confusion|disappointment|disapproval|disgust|joy
2030,0,admiration,7|8|26|27,curiosity|desire|surprise|neutral
2031,8,desire,10|27,disapproval|neutral
2032,27,neutral,0|4|8|9|13|20,admiration|approval|desire|disappointment|excitement|optimism
2033,27,neutral,1|3|9|25|26,amusement|annoyance|disappointment|sadness|surprise
2034,27,neutral,0|23|27,admiration|relief|neutral
2035,20,optimism,1|2|4|5|7|13|15|20|25,amusement|anger|approval|caring|curiosity|excitement|gratitude|optimism|sadness
2036,25,sadness,2|3|6|7|10|17|20|25|27,anger|annoyance|confusion|curiosity|disapproval|joy|optimism|sadness|neutral
2037,25,sadness,1|10|11|15|27,amusement|disapproval|disgust|gratitude|neutral
2038,27,neutral,0|11|22,admiration|disgust|realization
2039,27,neutral,2|4|5|12|17|18,anger|approval|caring|embarrassment|joy|love
2040,5,caring,5|8|14|18|20,caring|desire|fear|love|optimism
2041,3,annoyance,1|9|11|20|25|26|27,amusement|disappointment|disgust|optimism|sadness|surprise|neutral
2042,6|26,confusion|surprise,4|10|22|26|27,approval|disapproval|realization|surprise|neutral
2043,27,neutral,2|10|17|25,anger|disapproval|joy|sadness
2044,18,love,4|5|6|7|15|17|20|26,approval|caring|confusion|curiosity|gratitude|joy|optimism|surprise
2045,27,neutral,1|4|5|7|17|25,amusement|approval|caring|curiosity|joy|sadness
2046,0,admiration,2|6|9|10|22|27,anger|confusion|disappointment|disapproval|realization|neutral
2047,22,realization,9|11|15|20|22|25|26,disappointment|disgust|gratitude|optimism|realization|sadness|surprise
2048,27,neutral,1|3|6|7|9|15|27,amusement|annoyance|confusion|curiosity|disappointment|gratitude|neutral
2049,15|24,gratitude|remorse,5|11|14|15|17|22|25|27,caring|disgust|fear|gratitude|joy|realization|sadness|neutral
2050,9,disappointment,0|1|5|6|8|14|23|25|27,admiration|amusement|caring|confusion|desire|fear|relief|sadness|neutral
2051,9|27,disappointment|neutral,4|10|11|15|27,approval|disapproval|disgust|gratitude|neutral
2052,4,approval,0|3|6|9|13|20,admiration|annoyance|confusion|disappointment|excitement|optimism
2053,14|27,fear|neutral,0|6|13|18|24|27,admiration|confusion|excitement|love|remorse|neutral
2054,23,relief,1|7|9|10|20|27,amusement|curiosity|disappointment|disapproval|optimism|neutral
2055,15,gratitude,0|3|4|6|7|9,admiration|annoyance|approval|confusion|curiosity|disappointment
2056,10,disapproval,6|7|18,confusion|curiosity|love
2057,4|27,approval|neutral,0|2|3|5|9|11|13|15|17|25,admiration|anger|annoyance|caring|disappointment|disgust|excitement|gratitude|joy|sadness
2058,27,neutral,7|10|15|16|27,curiosity|disapproval|gratitude|grief|neutral
2059,15,gratitude,5|7|27,caring|curiosity|neutral
2060,15,gratitude,0|10|18|20|21,admiration|disapproval|love|optimism|pride
2061,4,approval,0|2|11|13|15|18|20|26,admiration|anger|disgust|excitement|gratitude|love|optimism|surprise
2062,4,approval,2|3|9|10|17|25|26|27,anger|annoyance|disappointment|disapproval|joy|sadness|surprise|neutral
2063,22,realization,2|4|9|11|24|26,anger|approval|disappointment|disgust|remorse|surprise
2064,15|20|22,gratitude|optimism|realization,0|1|3|9,admiration|amusement|annoyance|disappointment
2065,0|9,admiration|disappointment,3|8|17|22|25|26|27,annoyance|desire|joy|realization|sadness|surprise|neutral
2066,7,curiosity,2|4|7|10|27,anger|approval|curiosity|disapproval|neutral
2067,27,neutral,1|4|6|7|8|9|12|15|22|25|26|27,amusement|approval|confusion|curiosity|desire|disappointment|embarrassment|gratitude|realization|sadness|surprise|neutral
2068,26,surprise,2|3|4|7|8|10|15|22|27,anger|annoyance|approval|curiosity|desire|disapproval|gratitude|realization|neutral
2069,22,realization,0|2|3|13|17|18|27,admiration|anger|annoyance|excitement|joy|love|neutral
2070,27,neutral,1|2|4|6|7|17|20|22,amusement|anger|approval|confusion|curiosity|joy|optimism|realization
2071,15,gratitude,2|4|7|11|18|20|25,anger|approval|curiosity|disgust|love|optimism|sadness
2072,9,disappointment,0|2|4|5|11|13|14|22|25,admiration|anger|approval|caring|disgust|excitement|fear|realization|sadness
2073,27,neutral,2|3|4|7|11|25|26,anger|annoyance|approval|curiosity|disgust|sadness|surprise
2074,17,joy,0|5|6|9|20|27,admiration|caring|confusion|disappointment|optimism|neutral
2075,10,disapproval,1|2|5|6|7|14|17|20,amusement|anger|caring|confusion|curiosity|fear|joy|optimism
2076,27,neutral,4|7|17|25|26,approval|curiosity|joy|sadness|surprise
2077,7,curiosity,3|10|25|26,annoyance|disapproval|sadness|surprise
2078,14|25,fear|sadness,0|1|2|15|26,admiration|amusement|anger|gratitude|surprise
2079,25,sadness,1|2|3|11|13|15|17|18|27,amusement|anger|annoyance|disgust|excitement|gratitude|joy|love|neutral
2080,15,gratitude,2|4|6|9|26|27,anger|approval|confusion|disappointment|surprise|neutral
2081,18,love,0|2|10|11|18|20|22,admiration|anger|disapproval|disgust|love|optimism|realization
2082,13|17,excitement|joy,0|3|4|11|25,admiration|annoyance|approval|disgust|sadness
2083,27,neutral,0|1|2|3|6|7|17|18|20|22,admiration|amusement|anger|annoyance|confusion|curiosity|joy|love|optimism|realization
2084,2,anger,2|6|7|9|15|26|27,anger|confusion|curiosity|disappointment|gratitude|surprise|neutral
2085,27,neutral,0|1|4|7|14|15|17|25,admiration|amusement|approval|curiosity|fear|gratitude|joy|sadness
2086,27,neutral,1|2|4|9|15|20,amusement|anger|approval|disappointment|gratitude|optimism
2087,22,realization,0|1|3|6|14|18|27,admiration|amusement|annoyance|confusion|fear|love|neutral
2088,27,neutral,4|5|6|10|11|18|22|26,approval|caring|confusion|disapproval|disgust|love|realization|surprise
2089,27,neutral,1|3|5|13|17|22|26|27,amusement|annoyance|caring|excitement|joy|realization|surprise|neutral
2090,3,annoyance,4|7|9|15|26|27,approval|curiosity|disappointment|gratitude|surprise|neutral
2091,7,curiosity,1|4|14|18,amusement|approval|fear|love
2092,27,neutral,0|7|8|17|27,admiration|curiosity|desire|joy|neutral
2093,1,amusement,1|2|4|5|6|11|15|18|20,amusement|anger|approval|caring|confusion|disgust|gratitude|love|optimism
2094,15,gratitude,3|6|9|10|11|13|27,annoyance|confusion|disappointment|disapproval|disgust|excitement|neutral
2095,10,disapproval,1|4|9|25,amusement|approval|disappointment|sadness
2096,3,annoyance,0|1|6|10|17|18|27,admiration|amusement|confusion|disapproval|joy|love|neutral
2097,18,love,0|3|4|5|7|8|10|11|14,admiration|annoyance|approval|caring|curiosity|desire|disapproval|disgust|fear
2098,12|24,embarrassment|remorse,0|1|2|5|8|25,admiration|amusement|anger|caring|desire|sadness
2099,27,neutral,13|17|18|25|26,excitement|joy|love|sadness|surprise
2100,27,neutral,6|7|8|15|17|20|25,confusion|curiosity|desire|gratitude|joy|optimism|sadness
2101,3,annoyance,3|5|6|7|20|27,annoyance|caring|confusion|curiosity|optimism|neutral
2102,9|25,disappointment|sadness,0|1|11|13|27,admiration|amusement|disgust|excitement|neutral
2103,11,disgust,2|5|8|17|25,anger|caring|desire|joy|sadness
2104,27,neutral,0|2|4|6|10|15|18|20|26,admiration|anger|approval|confusion|disapproval|gratitude|love|optimism|surprise
2105,26,surprise,3|6|7|9|14|18|22,annoyance|confusion|curiosity|disappointment|fear|love|realization
2106,1,amusement,1|4|6|8|9|10|12|18|22|27,amusement|approval|confusion|desire|disappointment|disapproval|embarrassment|love|realization|neutral
2107,27,neutral,9|18|22|25|27,disappointment|love|realization|sadness|neutral
2108,27,neutral,2|3|8|9|20|24|27,anger|annoyance|desire|disappointment|optimism|remorse|neutral
2109,6,confusion,5|6|7|8|10|18|22,caring|confusion|curiosity|desire|disapproval|love|realization
2110,27,neutral,6|10|17|18|25,confusion|disapproval|joy|love|sadness
2111,27,neutral,0|1|7|9|18|22|25,admiration|amusement|curiosity|disappointment|love|realization|sadness
2112,15,gratitude,1|6|9|13|15|23|25,amusement|confusion|disappointment|excitement|gratitude|relief|sadness
2113,2,anger,3|6|9|10|18|20|22|24,annoyance|confusion|disappointment|disapproval|love|optimism|realization|remorse
2114,1,amusement,0|1|4|8|11|22,admiration|amusement|approval|desire|disgust|realization
2115,3|10,annoyance|disapproval,0|1|4|5|9|15|22,admiration|amusement|approval|caring|disappointment|gratitude|realization
2116,27,neutral,2|4|10|14|18|26,anger|approval|disapproval|fear|love|surprise
2117,27,neutral,3|7|10|12|18|27,annoyance|curiosity|disapproval|embarrassment|love|neutral
2118,27,neutral,0|1|5|13|22,admiration|amusement|caring|excitement|realization
2119,27,neutral,3|10|15|27,annoyance|disapproval|gratitude|neutral
2120,7|27,curiosity|neutral,7|13|15|18|24,curiosity|excitement|gratitude|love|remorse
2121,27,neutral,5|11|15|17|22|27,caring|disgust|gratitude|joy|realization|neutral
2122,4,approval,2|4|25|27,anger|approval|sadness|neutral
2123,27,neutral,2|22|26|27,anger|realization|surprise|neutral
2124,27,neutral,0|2|5|9|15|18|22|25|26,admiration|anger|caring|disappointment|gratitude|love|realization|sadness|surprise
2125,0,admiration,1|4|6|7|10|27,amusement|approval|confusion|curiosity|disapproval|neutral
2126,27,neutral,0|4|6|8|13|15|17|18|22|26,admiration|approval|confusion|desire|excitement|gratitude|joy|love|realization|surprise
2127,27,neutral,2|5|7|10|20|22|25|26,anger|caring|curiosity|disapproval|optimism|realization|sadness|surprise
2128,18,love,0|4|7|8|20|25,admiration|approval|curiosity|desire|optimism|sadness
2129,27,neutral,0|3|8|9|13|18|20|25,admiration|annoyance|desire|disappointment|excitement|love|optimism|sadness
2130,3,annoyance,0|1|9|13|14|17|18|22,admiration|amusement|disappointment|excitement|fear|joy|love|realization
2131,15,gratitude,1|7|11|15|17|22|26,amusement|curiosity|disgust|gratitude|joy|realization|surprise
2132,9,disappointment,0|4|13|17|25|26,admiration|approval|excitement|joy|sadness|surprise
2133,27,neutral,4|6|18|22|25|26,approval|confusion|love|realization|sadness|surprise
2134,2,anger,2|7|18|26|27,anger|curiosity|love|surprise|neutral
2135,27,neutral,0|4|10|16|18|26|27,admiration|approval|disapproval|grief|love|surprise|neutral
2136,13|20|27,excitement|optimism|neutral,0|27,admiration|neutral
2137,27,neutral,4|9|10|13|27,approval|disappointment|disapproval|excitement|neutral
2138,17,joy,0|1|7|10|18|20|25|26,admiration|amusement|curiosity|disapproval|love|optimism|sadness|surprise
2139,7|27,curiosity|neutral,1|2|13|25,amusement|anger|excitement|sadness
2140,22,realization,0|3|7|9|13|14|25|26,admiration|annoyance|curiosity|disappointment|excitement|fear|sadness|surprise
2141,20,optimism,2|6|15|17|20|22,anger|confusion|gratitude|joy|optimism|realization
2142,15,gratitude,1|10|17|18|20|22|26|27,amusement|disapproval|joy|love|optimism|realization|surprise|neutral
2143,20|25,optimism|sadness,2|3|6|8|20|25|27,anger|annoyance|confusion|desire|optimism|sadness|neutral
2144,1|3,amusement|annoyance,1|3|6|10|13|14|18|20,amusement|annoyance|confusion|disapproval|excitement|fear|love|optimism
2145,4,approval,0|4|13|27,admiration|approval|excitement|neutral
2146,17|25,joy|sadness,1|2|5|6|9|10|15|26|27,amusement|anger|caring|confusion|disappointment|disapproval|gratitude|surprise|neutral
2147,27,neutral,3|20|27,annoyance|optimism|neutral
2148,4,approval,2|4|6|17|18,anger|approval|confusion|joy|love
2149,27,neutral,1|3|4|7|22|27,amusement|annoyance|approval|curiosity|realization|neutral
2150,3,annoyance,0|6|7|14|18|25,admiration|confusion|curiosity|fear|love|sadness
2151,7,curiosity,0|2|10|20|27,admiration|anger|disapproval|optimism|neutral
2152,8,desire,0|1|4|10|15|17,admiration|amusement|approval|disapproval|gratitude|joy
2153,27,neutral,1|2|3|8|11|13|15|18|25|26|27,amusement|anger|annoyance|desire|disgust|excitement|gratitude|love|sadness|surprise|neutral
2154,18,love,3|4|7|11|15|17|18|20|22|26,annoyance|approval|curiosity|disgust|gratitude|joy|love|optimism|realization|surprise
2155,27,neutral,1|9|11|17|20,amusement|disappointment|disgust|joy|optimism
2156,15,gratitude,0|1|2|6|9|22|25|27,admiration|amusement|anger|confusion|disappointment|realization|sadness|neutral
2157,27,neutral,0|1|4|5|6|13|26,admiration|amusement|approval|caring|confusion|excitement|surprise
2158,27,neutral,0|7|15|20,admiration|curiosity|gratitude|optimism
2159,24,remorse,0|3|4|5|9|11|15|18|26,admiration|annoyance|approval|caring|disappointment|disgust|gratitude|love|surprise
2160,27,neutral,5|10|18|23,caring|disapproval|love|relief
2161,15,gratitude,0|1|5|6|11|17|25,admiration|amusement|caring|confusion|disgust|joy|sadness
2162,27,neutral,0|1|3|4|10|20,admiration|amusement|annoyance|approval|disapproval|optimism
2163,0|1,admiration|amusement,0|6|8|15|18|27,admiration|confusion|desire|gratitude|love|neutral
2164,25,sadness,0|1|3|15|18|27,admiration|amusement|annoyance|gratitude|love|neutral
2165,20,optimism,6|7|8|9|14|18|20|25|26,confusion|curiosity|desire|disappointment|fear|love|optimism|sadness|surprise
2166,7,curiosity,0|6|7|9|20|22|25,admiration|confusion|curiosity|disappointment|optimism|realization|sadness
2167,27,neutral,3|5|22|25|27,annoyance|caring|realization|sadness|neutral
2168,15,gratitude,10|18|20|22|26,disapproval|love|optimism|realization|surprise
2169,2|9,anger|disappointment,0|3|4|9|13|15,admiration|annoyance|approval|disappointment|excitement|gratitude
2170,4,approval,4|5|12|15|17|20|26|27,approval|caring|embarrassment|gratitude|joy|optimism|surprise|neutral
2171,27,neutral,0|2|5|11|15|17|18|22,admiration|anger|caring|disgust|gratitude|joy|love|realization
2172,27,neutral,2|10|13|14|15|25,anger|disapproval|excitement|fear|gratitude|sadness
2173,27,neutral,0|3|4|7,admiration|annoyance|approval|curiosity
2174,20,optimism,0|1|6|7|12|14|18|22,admiration|amusement|confusion|curiosity|embarrassment|fear|love|realization
2175,27,neutral,1|3|9|11|15|18,amusement|annoyance|disappointment|disgust|gratitude|love
2176,20,optimism,0|3|9|10|15|17|20|25,admiration|annoyance|disappointment|disapproval|gratitude|joy|optimism|sadness
2177,9,disappointment,3|6|14|17|18|20,annoyance|confusion|fear|joy|love|optimism
2178,13,excitement,0|4|7|10|13|15|17,admiration|approval|curiosity|disapproval|excitement|gratitude|joy
2179,18,love,5|9|10|11|13|18|25|27,caring|disappointment|disapproval|disgust|excitement|love|sadness|neutral
2180,0|1|9,admiration|amusement|disappointment,14|15|17|18|25,fear|gratitude|joy|love|sadness
2181,16,grief,1|6|15|18|22|26|27,amusement|confusion|gratitude|love|realization|surprise|neutral
2182,27,neutral,1|2|3|15|18|22|27,amusement|anger|annoyance|gratitude|love|realization|neutral
2183,3,annoyance,9|14|18|20|22|27,disappointment|fear|love|optimism|realization|neutral
2184,7,curiosity,0|1|9|18|25|27,admiration|amusement|disappointment|love|sadness|neutral
2185,27,neutral,0|4|9|15|24,admiration|approval|disappointment|gratitude|remorse
2186,0,admiration,0|1|4|13|25|26|27,admiration|amusement|approval|excitement|sadness|surprise|neutral
2187,0,admiration,0|3|9|11|15|18|24|26|27,admiration|annoyance|disappointment|disgust|gratitude|love|remorse|surprise|neutral
2188,3,annoyance,1|4|6|7|11|14|22,amusement|approval|confusion|curiosity|disgust|fear|realization
2189,27,neutral,1|4|6|22|27,amusement|approval|confusion|realization|neutral
2190,27,neutral,2|3|6|10|19|24|27,anger|annoyance|confusion|disapproval|nervousness|remorse|neutral
2191,27,neutral,0|1|6|7|9|15|17|27,admiration|amusement|confusion|curiosity|disappointment|gratitude|joy|neutral
2192,27,neutral,4|6|7|22|27,approval|confusion|curiosity|realization|neutral
2193,27,neutral,13|17|22,excitement|joy|realization
2194,5,caring,0|1|3|18|20|27,admiration|amusement|annoyance|love|optimism|neutral
2195,27,neutral,2|3|9|25|27,anger|annoyance|disappointment|sadness|neutral
2196,0|20,admiration|optimism,7|8|11|14|25|26|27,curiosity|desire|disgust|fear|sadness|surprise|neutral
2197,27,neutral,2|15|27,anger|gratitude|neutral
2198,27,neutral,18|27,love|neutral
2199,27,neutral,0|2|3|4|10|18|20,admiration|anger|annoyance|approval|disapproval|love|optimism
2200,18,love,2|4|15|27,anger|approval|gratitude|neutral
2201,1,amusement,0|1|6|11|13|15|20|25|26,admiration|amusement|confusion|disgust|excitement|gratitude|optimism|sadness|surprise
2202,6,confusion,0|3|7|10|15|23|27,admiration|annoyance|curiosity|disapproval|gratitude|relief|neutral
2203,17,joy,0|3|13|14|15,admiration|annoyance|excitement|fear|gratitude
2204,10,disapproval,3|6|7|11|15|23|27,annoyance|confusion|curiosity|disgust|gratitude|relief|neutral
2205,15,gratitude,2|3|6|7|10|15|24,anger|annoyance|confusion|curiosity|disapproval|gratitude|remorse
2206,0|7,admiration|curiosity,15|17|20|27,gratitude|joy|optimism|neutral
2207,0|25,admiration|sadness,1|6|17|26,amusement|confusion|joy|surprise
2208,27,neutral,3|5|8|15|18|20,annoyance|caring|desire|gratitude|love|optimism
2209,1|7,amusement|curiosity,0|4|15|17|25|26,admiration|approval|gratitude|joy|sadness|surprise
2210,10|11,disapproval|disgust,3|7|11|15|17|18|20,annoyance|curiosity|disgust|gratitude|joy|love|optimism
2211,2,anger,2|11|13|15|18|22|27,anger|disgust|excitement|gratitude|love|realization|neutral
2212,14,fear,4|5|7|9|17|20|24|26,approval|caring|curiosity|disappointment|joy|optimism|remorse|surprise
2213,4,approval,0|17|18|25|27,admiration|joy|love|sadness|neutral
2214,13,excitement,5|6|7|9|11|22|24|26|27,caring|confusion|curiosity|disappointment|disgust|realization|remorse|surprise|neutral
2215,5,caring,3|17|18|20,annoyance|joy|love|optimism
2216,27,neutral,0|1|6,admiration|amusement|confusion
2217,10|27,disapproval|neutral,3|7|10|22|27,annoyance|curiosity|disapproval|realization|neutral
2218,10,disapproval,0|1|3|4|15|17|20,admiration|amusement|annoyance|approval|gratitude|joy|optimism
2219,1,amusement,0|3|10|13|15|20|27,admiration|annoyance|disapproval|excitement|gratitude|optimism|neutral
2220,4,approval,3|4|7|15|18,annoyance|approval|curiosity|gratitude|love
2221,15,gratitude,5|9|11|13|20|22|25|27,caring|disappointment|disgust|excitement|optimism|realization|sadness|neutral
2222,27,neutral,4|17|20|24|26|27,approval|joy|optimism|remorse|surprise|neutral
2223,6,confusion,0|1|2|15|17,admiration|amusement|anger|gratitude|joy
2224,4,approval,1|2|3|7|14|15|25,amusement|anger|annoyance|curiosity|fear|gratitude|sadness
2225,24,remorse,0|7|10|13|18|25|27,admiration|curiosity|disapproval|excitement|love|sadness|neutral
2226,27,neutral,7|9|17|27,curiosity|disappointment|joy|neutral
2227,1|3,amusement|annoyance,0|2|5|10|11|25|27,admiration|anger|caring|disapproval|disgust|sadness|neutral
2228,1,amusement,0|1|7|8|11|15|18|27,admiration|amusement|curiosity|desire|disgust|gratitude|love|neutral
2229,3,annoyance,2|4|18|26|27,anger|approval|love|surprise|neutral
2230,5,caring,2|5|6|7|11|17|20|24,anger|caring|confusion|curiosity|disgust|joy|optimism|remorse
2231,2,anger,1|4|7|12|20|22|24|27,amusement|approval|curiosity|embarrassment|optimism|realization|remorse|neutral
2232,25,sadness,0|3|7|13|18|22|27,admiration|annoyance|curiosity|excitement|love|realization|neutral
2233,0,admiration,1|8|9|15|17,amusement|desire|disappointment|gratitude|joy
2234,22,realization,0|1|3|5|7|10|14|18|20|25,admiration|amusement|annoyance|caring|curiosity|disapproval|fear|love|optimism|sadness
2235,27,neutral,0|1|4|9|15,admiration|amusement|approval|disappointment|gratitude
2236,10,disapproval,12|26|27,embarrassment|surprise|neutral
2237,3|27,annoyance|neutral,2|3|10|15|17|18|20|26,anger|annoyance|disapproval|gratitude|joy|love|optimism|surprise
2238,27,neutral,1|3|4|6|8|11|18|22|27,amusement|annoyance|approval|confusion|desire|disgust|love|realization|neutral
2239,9,disappointment,0|2|4|14|24,admiration|anger|approval|fear|remorse
2240,22,realization,0|4|15|17|20|22|26,admiration|approval|gratitude|joy|optimism|realization|surprise
2241,17,joy,1|4|7|18|25,amusement|approval|curiosity|love|sadness
2242,6,confusion,0|1|7|8|14|20|22|25,admiration|amusement|curiosity|desire|fear|optimism|realization|sadness
2243,18,love,0|1|3|4|6|9|15,admiration|amusement|annoyance|approval|confusion|disappointment|gratitude
2244,0,admiration,1|4|5|15|18|26|27,amusement|approval|caring|gratitude|love|surprise|neutral
2245,17|18,joy|love,0|2|8|10|17|23|27,admiration|anger|desire|disapproval|joy|relief|neutral
2246,27,neutral,1|3|5|13|14|27,amusement|annoyance|caring|excitement|fear|neutral
2247,8|15,desire|gratitude,0|3|7|10|25|26|27,admiration|annoyance|curiosity|disapproval|sadness|surprise|neutral
2248,18,love,2|9|17|25|27,anger|disappointment|joy|sadness|neutral
2249,0,admiration,2|8|17|24,anger|desire|joy|remorse
2250,27,neutral,0|6|7|13|15|17|22|25|26,admiration|confusion|curiosity|excitement|gratitude|joy|realization|sadness|surprise
2251,2,anger,1|6|7|9|15|18|20|22|26,amusement|confusion|curiosity|disappointment|gratitude|love|optimism|realization|surprise
2252,12|15,embarrassment|gratitude,2|3|4|6|8|10|15,anger|annoyance|approval|confusion|desire|disapproval|gratitude
2253,1,amusement,0|4|15|25|26,admiration|approval|gratitude|sadness|surprise
2254,27,neutral,1|4|6|7|8|10|17|22,amusement|approval|confusion|curiosity|desire|disapproval|joy|realization
2255,27,neutral,0|10|15|20|27,admiration|disapproval|gratitude|optimism|neutral
2256,2|3,anger|annoyance,0|6|22|27,admiration|confusion|realization|neutral
2257,0,admiration,0|2|3|6|8|20,admiration|anger|annoyance|confusion|desire|optimism
2258,1,amusement,0|13|17|18|20,admiration|excitement|joy|love|optimism
2259,15,gratitude,0|5|7|10|13|18|20|24|26,admiration|caring|curiosity|disapproval|excitement|love|optimism|remorse|surprise
2260,1|15|18,amusement|gratitude|love,0|18|25|26,admiration|love|sadness|surprise
2261,27,neutral,2|3|25|27,anger|annoyance|sadness|neutral
2262,0,admiration,4|5|15|17|18|26|27,approval|caring|gratitude|joy|love|surprise|neutral
2263,4,approval,0|5|7|10|15|20|25,admiration|caring|curiosity|disapproval|gratitude|optimism|sadness
2264,5|10,caring|disapproval,2|3|5|9|15,anger|annoyance|caring|disappointment|gratitude
2265,10,disapproval,3|4|7|15|25|26|27,annoyance|approval|curiosity|gratitude|sadness|surprise|neutral
2266,6|27,confusion|neutral,1|4|7|20,amusement|approval|curiosity|optimism
2267,27,neutral,0|3|4|9|22,admiration|annoyance|approval|disappointment|realization
2268,0,admiration,0|5|11|14|17|27,admiration|caring|disgust|fear|joy|neutral
2269,10|20,disapproval|optimism,2|7|9,anger|curiosity|disappointment
2270,15,gratitude,4|10|14|15|27,approval|disapproval|fear|gratitude|neutral
2271,27,neutral,1|6|7|8|10|17|20|22|27,amusement|confusion|curiosity|desire|disapproval|joy|optimism|realization|neutral
2272,8,desire,0|2|5|10|27,admiration|anger|caring|disapproval|neutral
2273,27,neutral,9|27,disappointment|neutral
2274,27,neutral,4|15|18|25|27,approval|gratitude|love|sadness|neutral
2275,11,disgust,0|9|10|13|15|17|22|26,admiration|disappointment|disapproval|excitement|gratitude|joy|realization|surprise
2276,0,admiration,0|1|4|12|14|18|24|25|26,admiration|amusement|approval|embarrassment|fear|love|remorse|sadness|surprise
2277,5,caring,7|10|11|15|18|27,curiosity|disapproval|disgust|gratitude|love|neutral
2278,4,approval,0|4|11|15|18|20|25|26,admiration|approval|disgust|gratitude|love|optimism|sadness|surprise
2279,27,neutral,0|3|8|9|14|17|20|22|24,admiration|annoyance|desire|disappointment|fear|joy|optimism|realization|remorse
2280,9|11|14,disappointment|disgust|fear,3|9|14|15|27,annoyance|disappointment|fear|gratitude|neutral
2281,0|17,admiration|joy,6|7|15|17|22|27,confusion|curiosity|gratitude|joy|realization|neutral
2282,3,annoyance,3|4|6|24|27,annoyance|approval|confusion|remorse|neutral
2283,7|27,curiosity|neutral,1|2|3|4|5|7|15|24,amusement|anger|annoyance|approval|caring|curiosity|gratitude|remorse
2284,18,love,0|3|4|7|17|22,admiration|annoyance|approval|curiosity|joy|realization
2285,2,anger,7|8|15|18|22|27,curiosity|desire|gratitude|love|realization|neutral
2286,24,remorse,1|3|6|9|15|26,amusement|annoyance|confusion|disappointment|gratitude|surprise
2287,27,neutral,0|2|4|5|6|9|13|25,admiration|anger|approval|caring|confusion|disappointment|excitement|sadness
2288,22,realization,0|1|3|6|15|17|18|26|27,admiration|amusement|annoyance|confusion|gratitude|joy|love|surprise|neutral
2289,6,confusion,0|2|9|18|20|22|26|27,admiration|anger|disappointment|love|optimism|realization|surprise|neutral
2290,27,neutral,2|10|11|12|15|18|22|25|27,anger|disapproval|disgust|embarrassment|gratitude|love|realization|sadness|neutral
2291,1,amusement,3|5|8|10|15|17|18|20|25,annoyance|caring|desire|disapproval|gratitude|joy|love|optimism|sadness
2292,10|23,disapproval|relief,1|15|17|22|27,amusement|gratitude|joy|realization|neutral
2293,4,approval,1|2|4|5|15|18,amusement|anger|approval|caring|gratitude|love
2294,27,neutral,0|2|4|14|15|20,admiration|anger|approval|fear|gratitude|optimism
2295,15,gratitude,7|9|10|13|15|17|20|22|25|26,curiosity|disappointment|disapproval|excitement|gratitude|joy|optimism|realization|sadness|surprise
2296,3,annoyance,2|10|18|26|27,anger|disapproval|love|surprise|neutral
2297,0,admiration,13|15|17|18|22,excitement|gratitude|joy|love|realization
2298,24,remorse,3|6|12|13|15|18|22|25|26,annoyance|confusion|embarrassment|excitement|gratitude|love|realization|sadness|surprise
2299,27,neutral,3|4|5|6|7|8|17|27,annoyance|approval|caring|confusion|curiosity|desire|joy|neutral
2300,18,love,2|3|9|22|26|27,anger|annoyance|disappointment|realization|surprise|neutral
2301,3|9,annoyance|disappointment,20|27,optimism|neutral
2302,27,neutral,1|4|5|13|14|20|26|27,amusement|approval|caring|excitement|fear|optimism|surprise|neutral
2303,0,admiration,2|6|13|15|26|27,anger|confusion|excitement|gratitude|surprise|neutral
2304,4,approval,2|3|4|17|18|20|27,anger|annoyance|approval|joy|love|optimism|neutral
2305,27,neutral,0|4|9|11|15|17|27,admiration|approval|disappointment|disgust|gratitude|joy|neutral
2306,27,neutral,6|9|13|15|18|23,confusion|disappointment|excitement|gratitude|love|relief
2307,27,neutral,2|4|5|7|12|14|15|18|20,anger|approval|caring|curiosity|embarrassment|fear|gratitude|love|optimism
2308,14,fear,0|3|8|15|25|27,admiration|annoyance|desire|gratitude|sadness|neutral
2309,2|4,anger|approval,0|6|7,admiration|confusion|curiosity
2310,27,neutral,0|10|14|20|27,admiration|disapproval|fear|optimism|neutral
2311,3|9,annoyance|disappointment,3|7|9|11|15|17|18|22|25,annoyance|curiosity|disappointment|disgust|gratitude|joy|love|realization|sadness
2312,10,disapproval,4|10|12|15|17|18,approval|disapproval|embarrassment|gratitude|joy|love
2313,14,fear,0|1|2|4|7|22|26|27,admiration|amusement|anger|approval|curiosity|realization|surprise|neutral
2314,10,disapproval,8|9|17|18|25,desire|disappointment|joy|love|sadness
2315,27,neutral,1|7|10|27,amusement|curiosity|disapproval|neutral
2316,15,gratitude,0|1|3|4|6|15|20|26,admiration|amusement|annoyance|approval|confusion|gratitude|optimism|surprise
2317,2,anger,6|7|10|25|27,confusion|curiosity|disapproval|sadness|neutral
2318,10,disapproval,0|1|13|14|17|18|22,admiration|amusement|excitement|fear|joy|love|realization
2319,11,disgust,0|1|2|3|8|20|25|26,admiration|amusement|anger|annoyance|desire|optimism|sadness|surprise
2320,3|9,annoyance|disappointment,3|17|20|27,annoyance|joy|optimism|neutral
2321,27,neutral,0|1|2|17|18|27,admiration|amusement|anger|joy|love|neutral
2322,9|22,disappointment|realization,0|4|6|9|27,admiration|approval|confusion|disappointment|neutral
2323,10,disapproval,0|2|3|4|15,admiration|anger|annoyance|approval|gratitude
2324,13|18,excitement|love,0|13|14|17|20,admiration|excitement|fear|joy|optimism
2325,26,surprise,0|1|3|4|11|17|20|27,admiration|amusement|annoyance|approval|disgust|joy|optimism|neutral
2326,15,gratitude,0|1|2|4|9|15|17|20|22|27,admiration|amusement|anger|approval|disappointment|gratitude|joy|optimism|realization|neutral
2327,1,amusement,0|1|4|5|7|11|14|18|22|27,admiration|amusement|approval|caring|curiosity|disgust|fear|love|realization|neutral
2328,27,neutral,1|6|25|26|27,amusement|confusion|sadness|surprise|neutral
2329,26,surprise,4|6|9|12|14|15|17|27,approval|confusion|disappointment|embarrassment|fear|gratitude|joy|neutral
2330,22|27,realization|neutral,0|2|3|5|11|15|18|27,admiration|anger|annoyance|caring|disgust|gratitude|love|neutral
2331,8,desire,3|9|10|11|17|25|27,annoyance|disappointment|disapproval|disgust|joy|sadness|neutral
2332,27,neutral,0|1|4|5|20,admiration|amusement|approval|caring|optimism
2333,22,realization,2|7|10|25,anger|curiosity|disapproval|sadness
2334,14|25,fear|sadness,0|3|4|13|22|27,admiration|annoyance|approval|excitement|realization|neutral
2335,25,sadness,0|3|10|20|22|25,admiration|annoyance|disapproval|optimism|realization|sadness
2336,5|20,caring|optimism,4|6|8|13|22|27,approval|confusion|desire|excitement|realization|neutral
2337,10,disapproval,0|10|15|18|25|27,admiration|disapproval|gratitude|love|sadness|neutral
2338,8,desire,1|2|4|27,amusement|anger|approval|neutral
2339,10,disapproval,3|5|15|17|22,annoyance|caring|gratitude|joy|realization
2340,27,neutral,1|7|14|26|27,amusement|curiosity|fear|surprise|neutral
2341,3,annoyance,4|7|10|12|13|27,approval|curiosity|disapproval|embarrassment|excitement|neutral
2342,27,neutral,0|1|5|15|20,admiration|amusement|caring|gratitude|optimism
2343,27,neutral,0|10|18|20|26|27,admiration|disapproval|love|optimism|surprise|neutral
2344,27,neutral,2|5|7|9|20|26,anger|caring|curiosity|disappointment|optimism|surprise
2345,10,disapproval,1|9|14|18|22|27,amusement|disappointment|fear|love|realization|neutral
2346,27,neutral,1|2|3|5|7|8,amusement|anger|annoyance|caring|curiosity|desire
2347,7,curiosity,2|3|13|17|18|26|27,anger|annoyance|excitement|joy|love|surprise|neutral
2348,27,neutral,1|2|5|6|7|10|11,amusement|anger|caring|confusion|curiosity|disapproval|disgust
2349,4|27,approval|neutral,0|1|3|4|7|18|22,admiration|amusement|annoyance|approval|curiosity|love|realization
2350,3,annoyance,1|2|3|7|9|10|17|18|22|25|27,amusement|anger|annoyance|curiosity|disappointment|disapproval|joy|love|realization|sadness|neutral
2351,5|19,caring|nervousness,0|1|9|10|20|27,admiration|amusement|disappointment|disapproval|optimism|neutral
2352,7,curiosity,5|9|10|11|15|26|27,caring|disappointment|disapproval|disgust|gratitude|surprise|neutral
2353,27,neutral,1|4|6|17|26|27,amusement|approval|confusion|joy|surprise|neutral
2354,4,approval,1|3|4|7|8|10|13|20|26,amusement|annoyance|approval|curiosity|desire|disapproval|excitement|optimism|surprise
2355,19,nervousness,0|4|5|9|10|15|18|22|26,admiration|approval|caring|disappointment|disapproval|gratitude|love|realization|surprise
2356,4,approval,2|3|9|10|17|20|21|24|27,anger|annoyance|disappointment|disapproval|joy|optimism|pride|remorse|neutral
2357,27,neutral,1|3|4|8|11|15|18,amusement|annoyance|approval|desire|disgust|gratitude|love
2358,10|24,disapproval|remorse,0|7|10|25|27,admiration|curiosity|disapproval|sadness|neutral
2359,5,caring,5|7|26,caring|curiosity|surprise
2360,1,amusement,0|2|3|10|22|26|27,admiration|anger|annoyance|disapproval|realization|surprise|neutral
2361,4,approval,5|20|25|27,caring|optimism|sadness|neutral
2362,1,amusement,7|17|18|25|27,curiosity|joy|love|sadness|neutral
2363,2,anger,3|4|7|8|10|18|27,annoyance|approval|curiosity|desire|disapproval|love|neutral
2364,4|27,approval|neutral,0|1|11|15|17|18|24|26,admiration|amusement|disgust|gratitude|joy|love|remorse|surprise
2365,7,curiosity,0|2|4|6|7|14|15|20,admiration|anger|approval|confusion|curiosity|fear|gratitude|optimism
2366,0,admiration,0|2|10|15|18,admiration|anger|disapproval|gratitude|love
2367,2|3,anger|annoyance,0|2|4|14|18|20|24|27,admiration|anger|approval|fear|love|optimism|remorse|neutral
2368,9,disappointment,8|10|12|17|27,desire|disapproval|embarrassment|joy|neutral
2369,7,curiosity,1|2|3|4|9|15|18|22|25|27,amusement|anger|annoyance|approval|disappointment|gratitude|love|realization|sadness|neutral
2370,3,annoyance,0|2|3|7|8|10|11|15|17|18|25,admiration|anger|annoyance|curiosity|desire|disapproval|disgust|gratitude|joy|love|sadness
2371,17,joy,0|5|25|26,admiration|caring|sadness|surprise
2372,3|15,annoyance|gratitude,13|18|22|25,excitement|love|realization|sadness
2373,3,annoyance,0|4|5|8|10,admiration|approval|caring|desire|disapproval
2374,4,approval,0|1|3|6|13|17,admiration|amusement|annoyance|confusion|excitement|joy
2375,27,neutral,0|4|6|7|8|15|22|27,admiration|approval|confusion|curiosity|desire|gratitude|realization|neutral
2376,5,caring,2|6|7|9|15|27,anger|confusion|curiosity|disappointment|gratitude|neutral
2377,0|20,admiration|optimism,7|15|18|24,curiosity|gratitude|love|remorse
2378,18,love,0|15|16|20,admiration|gratitude|grief|optimism
2379,13|17,excitement|joy,4|7|10|17|18|26,approval|curiosity|disapproval|joy|love|surprise
2380,27,neutral,0|2|3|10|11|15|18|20,admiration|anger|annoyance|disapproval|disgust|gratitude|love|optimism
2381,4,approval,2|5|10|13|15|19|20|22|26,anger|caring|disapproval|excitement|gratitude|nervousness|optimism|realization|surprise
2382,8,desire,1|3|4|6|7|8|9|15|20|22|25|26|27,amusement|annoyance|approval|confusion|curiosity|desire|disappointment|gratitude|optimism|realization|sadness|surprise|neutral
2383,1|9,amusement|disappointment,1|3|6|9|13|15|18|24,amusement|annoyance|confusion|disappointment|excitement|gratitude|love|remorse
2384,4,approval,4|17|20,approval|joy|optimism
2385,20,optimism,4|15|17|18|22|25|26|27,approval|gratitude|joy|love|realization|sadness|surprise|neutral
2386,27,neutral,0|2|3|7|10|17|18,admiration|anger|annoyance|curiosity|disapproval|joy|love
2387,0,admiration,0|3|7|9|10|20|27,admiration|annoyance|curiosity|disappointment|disapproval|optimism|neutral
2388,1,amusement,2|3|7|9|18,anger|annoyance|curiosity|disappointment|love
2389,27,neutral,1|2|3|4|10|27,amusement|anger|annoyance|approval|disapproval|neutral
2390,27,neutral,1|4|7|16,amusement|approval|curiosity|grief
2391,1,amusement,0|1|6|10|13|18|20|25|27,admiration|amusement|confusion|disapproval|excitement|love|optimism|sadness|neutral
2392,10|11,disapproval|disgust,1|3|7|14|17|22,amusement|annoyance|curiosity|fear|joy|realization
2393,0,admiration,0|2|3|9|18|20,admiration|anger|annoyance|disappointment|love|optimism
2394,27,neutral,1|13|17|18|20|26,amusement|excitement|joy|love|optimism|surprise
2395,5,caring,1|22|24|25|27,amusement|realization|remorse|sadness|neutral
2396,10,disapproval,0|1|3|6|8|15|26,admiration|amusement|annoyance|confusion|desire|gratitude|surprise
2397,27,neutral,4|6|7|9|15|18|27,approval|confusion|curiosity|disappointment|gratitude|love|neutral
2398,1|27,amusement|neutral,4|11|13|20|22|25|27,approval|disgust|excitement|optimism|realization|sadness|neutral
2399,27,neutral,2|3|15|17|24|27,anger|annoyance|gratitude|joy|remorse|neutral
2400,15,gratitude,2|5|6|9|20|25|27,anger|caring|confusion|disappointment|optimism|sadness|neutral
2401,4,approval,4|7|10|11|15|20|22,approval|curiosity|disapproval|disgust|gratitude|optimism|realization
2402,3,annoyance,2|4|6|9|10|14|15|17|24|27,anger|approval|confusion|disappointment|disapproval|fear|gratitude|joy|remorse|neutral
2403,25,sadness,1|2|4|17|18,amusement|anger|approval|joy|love
2404,26,surprise,5|10|17|22|27,caring|disapproval|joy|realization|neutral
2405,10,disapproval,0|1|2|4|5|12|13|15|18|22|25,admiration|amusement|anger|approval|caring|embarrassment|excitement|gratitude|love|realization|sadness
2406,10|27,disapproval|neutral,0|5|10|25,admiration|caring|disapproval|sadness
2407,3,annoyance,3|6|14|20|22|26,annoyance|confusion|fear|optimism|realization|surprise
2408,1|7,amusement|curiosity,0|2|3|13|17|25|27,admiration|anger|annoyance|excitement|joy|sadness|neutral
2409,26,surprise,0|3|7|10|15|17|27,admiration|annoyance|curiosity|disapproval|gratitude|joy|neutral
2410,3,annoyance,2|8|25|27,anger|desire|sadness|neutral
2411,27,neutral,0|3|4|5|6|15|25,admiration|annoyance|approval|caring|confusion|gratitude|sadness
2412,4|27,approval|neutral,4|5,approval|caring
2413,0,admiration,1|4|5|7|13|14|17|20,amusement|approval|caring|curiosity|excitement|fear|joy|optimism
2414,27,neutral,1|6|13,amusement|confusion|excitement
2415,0,admiration,0|5|6|11|13|18|20|22|27,admiration|caring|confusion|disgust|excitement|love|optimism|realization|neutral
2416,27,neutral,1|3|4|6|17,amusement|annoyance|approval|confusion|joy
2417,7,curiosity,0|4|18,admiration|approval|love
2418,27,neutral,2|3|7|15|22,anger|annoyance|curiosity|gratitude|realization
2419,27,neutral,0|1|5|6|13|18|20|24|27,admiration|amusement|caring|confusion|excitement|love|optimism|remorse|neutral
2420,18,love,0|1|5|9|15|24|27,admiration|amusement|caring|disappointment|gratitude|remorse|neutral
2421,27,neutral,0|4|9|15|20|26,admiration|approval|disappointment|gratitude|optimism|surprise
2422,17,joy,1|3|10|12|17|20|22|27,amusement|annoyance|disapproval|embarrassment|joy|optimism|realization|neutral
2423,4,approval,2|4|10|15|17,anger|approval|disapproval|gratitude|joy
2424,27,neutral,1|4|5|7|10|18,amusement|approval|caring|curiosity|disapproval|love
2425,12,embarrassment,0|1|2|8|11|17|20|27,admiration|amusement|anger|desire|disgust|joy|optimism|neutral
2426,6,confusion,7|9|18|20,curiosity|disappointment|love|optimism
2427,17|20,joy|optimism,0|2|3|5|6|7|9|14|20,admiration|anger|annoyance|caring|confusion|curiosity|disappointment|fear|optimism
2428,14,fear,0|1|6|7|11|15|17|22|24|27,admiration|amusement|confusion|curiosity|disgust|gratitude|joy|realization|remorse|neutral
2429,1|10,amusement|disapproval,0|1|6|9|10|15,admiration|amusement|confusion|disappointment|disapproval|gratitude
2430,27,neutral,0|3|17|25|26,admiration|annoyance|joy|sadness|surprise
2431,27,neutral,18|25,love|sadness
2432,4,approval,0|9|10|24|27,admiration|disappointment|disapproval|remorse|neutral
2433,22,realization,0|5|7|15|18,admiration|caring|curiosity|gratitude|love
2434,27,neutral,1|3|7|10|11|17|18|25|26,amusement|annoyance|curiosity|disapproval|disgust|joy|love|sadness|surprise
2435,27,neutral,1|4|9,amusement|approval|disappointment
2436,4|13,approval|excitement,3|6|7|9|15|17|18|20,annoyance|confusion|curiosity|disappointment|gratitude|joy|love|optimism
2437,13,excitement,0|3|9|10|27,admiration|annoyance|disappointment|disapproval|neutral
2438,8,desire,0|2|10|15|22|27,admiration|anger|disapproval|gratitude|realization|neutral
2439,4,approval,2|4|10|18|22|26|27,anger|approval|disapproval|love|realization|surprise|neutral
2440,21,pride,0|1|4|6|14|26|27,admiration|amusement|approval|confusion|fear|surprise|neutral
2441,15,gratitude,4|7|13|20,approval|curiosity|excitement|optimism
2442,4|27,approval|neutral,0|3|15|17|22|25|26,admiration|annoyance|gratitude|joy|realization|sadness|surprise
2443,18,love,0|2|3|17|18|22|27,admiration|anger|annoyance|joy|love|realization|neutral
2444,10,disapproval,1|3|4|9|14|17|18|22|24|26,amusement|annoyance|approval|disappointment|fear|joy|love|realization|remorse|surprise
2445,27,neutral,4|8|15|20|22|26|27,approval|desire|gratitude|optimism|realization|surprise|neutral
2446,27,neutral,1|7|14|15,amusement|curiosity|fear|gratitude
2447,27,neutral,1|9|10|14|17|20|25,amusement|disappointment|disapproval|fear|joy|optimism|sadness
2448,17,joy,1|3|4|6|7|8|9|15|25|26,amusement|annoyance|approval|confusion|curiosity|desire|disappointment|gratitude|sadness|surprise
2449,0|15,admiration|gratitude,7|11|15|20|26,curiosity|disgust|gratitude|optimism|surprise
2450,27,neutral,0|1|2|5|7|13|15|17|22|25,admiration|amusement|anger|caring|curiosity|excitement|gratitude|joy|realization|sadness
2451,15,gratitude,4|7|9|10|27,approval|curiosity|disappointment|disapproval|neutral
2452,27,neutral,1|6|10|20,amusement|confusion|disapproval|optimism
2453,27,neutral,3|6|10|17|18,annoyance|confusion|disapproval|joy|love
2454,1,amusement,4,approval
2455,27,neutral,1|2|3|4|7,amusement|anger|annoyance|approval|curiosity
2456,9|25,disappointment|sadness,0|4|13|18|20|25,admiration|approval|excitement|love|optimism|sadness
2457,13|17,excitement|joy,0|4|6|9|20|25,admiration|approval|confusion|disappointment|optimism|sadness
2458,1,amusement,0|1|3|4|5|6|10|18|22|27,admiration|amusement|annoyance|approval|caring|confusion|disapproval|love|realization|neutral
2459,6,confusion,0|1|5|10|26,admiration|amusement|caring|disapproval|surprise
2460,0,admiration,0|1|6|15|27,admiration|amusement|confusion|gratitude|neutral
2461,9,disappointment,0|4|11|17|22|27,admiration|approval|disgust|joy|realization|neutral
2462,27,neutral,0|4|17|26,admiration|approval|joy|surprise
2463,5,caring,0|3|4|6|7|10|13|17|18,admiration|annoyance|approval|confusion|curiosity|disapproval|excitement|joy|love
2464,10|27,disapproval|neutral,1|4|6|7|11|15|20|27,amusement|approval|confusion|curiosity|disgust|gratitude|optimism|neutral
2465,13,excitement,0|9|10|17|25|27,admiration|disappointment|disapproval|joy|sadness|neutral
2466,4|27,approval|neutral,1|2|3|4|11|24|25,amusement|anger|annoyance|approval|disgust|remorse|sadness
2467,27,neutral,3|4|5|9|13|15|20|24,annoyance|approval|caring|disappointment|excitement|gratitude|optimism|remorse
2468,5,caring,3|5|9|13|18|20|27,annoyance|caring|disappointment|excitement|love|optimism|neutral
2469,4,approval,7|8|11|14|22|27,curiosity|desire|disgust|fear|realization|neutral
2470,4,approval,0|1|2|7|9|12|22|24|26|27,admiration|amusement|anger|curiosity|disappointment|embarrassment|realization|remorse|surprise|neutral
2471,1,amusement,0|1|3|4|5|9|18|26,admiration|amusement|annoyance|approval|caring|disappointment|love|surprise
2472,27,neutral,7|15|22|26|27,curiosity|gratitude|realization|surprise|neutral
2473,4,approval,4|9|10|22|26|27,approval|disappointment|disapproval|realization|surprise|neutral
2474,27,neutral,0|1|5|6|15|25,admiration|amusement|caring|confusion|gratitude|sadness
2475,23,relief,0|1|5|9|10|13|27,admiration|amusement|caring|disappointment|disapproval|excitement|neutral
2476,27,neutral,0|1|4|6|9|15,admiration|amusement|approval|confusion|disappointment|gratitude
2477,27,neutral,0|1|2|6|7|15|21,admiration|amusement|anger|confusion|curiosity|gratitude|pride
2478,18,love,0|1|7|8|14|24|25,admiration|amusement|curiosity|desire|fear|remorse|sadness
2479,24,remorse,2|3|5|9|17|18|27,anger|annoyance|caring|disappointment|joy|love|neutral
2480,27,neutral,0|2|4|5|7|15|17|18,admiration|anger|approval|caring|curiosity|gratitude|joy|love
2481,27,neutral,5|10|17|27,caring|disapproval|joy|neutral
2482,3,annoyance,0|1|6|7|10|12|13|22|25|26,admiration|amusement|confusion|curiosity|disapproval|embarrassment|excitement|realization|sadness|surprise
2483,1,amusement,0|1|6|7|14|17|18|25,admiration|amusement|confusion|curiosity|fear|joy|love|sadness
2484,8|20,desire|optimism,0|2|4|8|14|15|25,admiration|anger|approval|desire|fear|gratitude|sadness
2485,9,disappointment,0|2|11|25,admiration|anger|disgust|sadness
2486,15,gratitude,1|2|15|22|27,amusement|anger|gratitude|realization|neutral
2487,17,joy,4|7|13|17|27,approval|curiosity|excitement|joy|neutral
2488,20,optimism,2|3|4|9|10|15|20|25|26,anger|annoyance|approval|disappointment|disapproval|gratitude|optimism|sadness|surprise
2489,3|15,annoyance|gratitude,6|9|10|14|27,confusion|disappointment|disapproval|fear|neutral
2490,3|27,annoyance|neutral,1|2|3|5|11|15|17|18|22|26,amusement|anger|annoyance|caring|disgust|gratitude|joy|love|realization|surprise
2491,25,sadness,0|1|4|10|13|27,admiration|amusement|approval|disapproval|excitement|neutral
2492,26,surprise,0|5|7|8|10|14|17|26|27,admiration|caring|curiosity|desire|disapproval|fear|joy|surprise|neutral
2493,17,joy,3|6|7|10|11|20|25,annoyance|confusion|curiosity|disapproval|disgust|optimism|sadness
2494,8|25,desire|sadness,3|5|7|13|18|25,annoyance|caring|curiosity|excitement|love|sadness
2495,0,admiration,0|1|3|4|7|9|14|15|18,admiration|amusement|annoyance|approval|curiosity|disappointment|fear|gratitude|love
2496,20,optimism,3|7|18|20|22|27,annoyance|curiosity|love|optimism|realization|neutral
2497,0|15,admiration|gratitude,0|1|4|6|12|16|18|20|23|24|27,admiration|amusement|approval|confusion|embarrassment|grief|love|optimism|relief|remorse|neutral
2498,12,embarrassment,3|4|5|7|14|15|16|18|20,annoyance|approval|caring|curiosity|fear|gratitude|grief|love|optimism
2499,0,admiration,1|2|6|9|10|17|20|22,amusement|anger|confusion|disappointment|disapproval|joy|optimism|realization
2500,22,realization,4|9|22|24|25|27,approval|disappointment|realization|remorse|sadness|neutral
2501,1,amusement,2|6|25|27,anger|confusion|sadness|neutral
2502,6,confusion,4|6|15|22|27,approval|confusion|gratitude|realization|neutral
2503,10,disapproval,0|1|3|6|13|25,admiration|amusement|annoyance|confusion|excitement|sadness
2504,0,admiration,0|2|3|9|14|15|18|20,admiration|anger|annoyance|disappointment|fear|gratitude|love|optimism
2505,3|11,annoyance|disgust,1|2|7|9|10|18|26|27,amusement|anger|curiosity|disappointment|disapproval|love|surprise|neutral
2506,1,amusement,1|4|6|7|14|17|18,amusement|approval|confusion|curiosity|fear|joy|love
2507,11,disgust,2|4|9|10|15|20|22,anger|approval|disappointment|disapproval|gratitude|optimism|realization
2508,27,neutral,0|13|22|25|27,admiration|excitement|realization|sadness|neutral
2509,3,annoyance,0|1|2|4|7|15,admiration|amusement|anger|approval|curiosity|gratitude
2510,6,confusion,0|4|5|10|11|15|17|27,admiration|approval|caring|disapproval|disgust|gratitude|joy|neutral
2511,2|8,anger|desire,0|1|3|4|9|10|17|18|22|25,admiration|amusement|annoyance|approval|disappointment|disapproval|joy|love|realization|sadness
2512,4|17,approval|joy,5|6|7|22|27,caring|confusion|curiosity|realization|neutral
2513,2|3,anger|annoyance,0|2|7|9|18|26|27,admiration|anger|curiosity|disappointment|love|surprise|neutral
2514,15,gratitude,2|8|9|17|18|20|26,anger|desire|disappointment|joy|love|optimism|surprise
2515,27,neutral,0|2|4|5|15|17,admiration|anger|approval|caring|gratitude|joy
2516,24,remorse,0|3|4|5|9|10|11|24|25|26,admiration|annoyance|approval|caring|disappointment|disapproval|disgust|remorse|sadness|surprise
2517,3,annoyance,0|1|3|17|27,admiration|amusement|annoyance|joy|neutral
2518,14,fear,1|4|5|14|26|27,amusement|approval|caring|fear|surprise|neutral
2519,27,neutral,2|4|6|9|10|15|17|18|20|21|24|25,anger|approval|confusion|disappointment|disapproval|gratitude|joy|love|optimism|pride|remorse|sadness
2520,3,annoyance,5|7|8|9|10|11|18|24|25|27,caring|curiosity|desire|disappointment|disapproval|disgust|love|remorse|sadness|neutral
2521,17,joy,0|1|2|4|5|7|17|22|27,admiration|amusement|anger|approval|caring|curiosity|joy|realization|neutral
2522,7,curiosity,0|6|7|9|13|25|27,admiration|confusion|curiosity|disappointment|excitement|sadness|neutral
2523,27,neutral,0|1|3|15|17,admiration|amusement|annoyance|gratitude|joy
2524,7|27,curiosity|neutral,1|11|17|18|27,amusement|disgust|joy|love|neutral
2525,25,sadness,1|6|17|20|23|24,amusement|confusion|joy|optimism|relief|remorse
2526,10,disapproval,0|12|13|17|19|20|22|27,admiration|embarrassment|excitement|joy|nervousness|optimism|realization|neutral
2527,27,neutral,1|2|10|18|22,amusement|anger|disapproval|love|realization
2528,15,gratitude,0|3|7|10|18|20,admiration|annoyance|curiosity|disapproval|love|optimism
2529,6,confusion,0|3|7|10|15|22|25,admiration|annoyance|curiosity|disapproval|gratitude|realization|sadness
2530,18,love,1|2|3|8|10|17|20|26,amusement|anger|annoyance|desire|disapproval|joy|optimism|surprise
2531,7,curiosity,0|1|2|5|20|25,admiration|amusement|anger|caring|optimism|sadness
2532,0,admiration,0|3|8|9|11|13|27,admiration|annoyance|desire|disappointment|disgust|excitement|neutral
2533,22|25,realization|sadness,2|4|9|11|14,anger|approval|disappointment|disgust|fear
2534,11,disgust,2|3|7|9|10|17|22|25,anger|annoyance|curiosity|disappointment|disapproval|joy|realization|sadness
2535,27,neutral,4|7|14,approval|curiosity|fear
2536,4|27,approval|neutral,0|1|2|3|4|9|11|13|24,admiration|amusement|anger|annoyance|approval|disappointment|disgust|excitement|remorse
2537,27,neutral,0|2|15|18|24|26,admiration|anger|gratitude|love|remorse|surprise
2538,27,neutral,0|7|20|25,admiration|curiosity|optimism|sadness
2539,27,neutral,0|4|5|6|9|10|13|17,admiration|approval|caring|confusion|disappointment|disapproval|excitement|joy
2540,27,neutral,9|10|20|24|25|27,disappointment|disapproval|optimism|remorse|sadness|neutral
2541,14,fear,2|4|5|10|27,anger|approval|caring|disapproval|neutral
2542,27,neutral,0|1|5|8|20|25,admiration|amusement|caring|desire|optimism|sadness
2543,7,curiosity,1|3|18|26|27,amusement|annoyance|love|surprise|neutral
2544,27,neutral,0|4|8|13|15|18,admiration|approval|desire|excitement|gratitude|love
2545,27,neutral,4|8|10|17|26|27,approval|desire|disapproval|joy|surprise|neutral
2546,6,confusion,1|9|18,amusement|disappointment|love
2547,26,surprise,6|9|15|22,confusion|disappointment|gratitude|realization
2548,27,neutral,1|4|8|10|15|26,amusement|approval|desire|disapproval|gratitude|surprise
2549,27,neutral,1|10|15,amusement|disapproval|gratitude
2550,27,neutral,3|22|27,annoyance|realization|neutral
2551,8,desire,5|17|22|27,caring|joy|realization|neutral
2552,27,neutral,0|2|7|20|26,admiration|anger|curiosity|optimism|surprise
2553,0,admiration,10|13|22|25|26|27,disapproval|excitement|realization|sadness|surprise|neutral
2554,27,neutral,5|6|13|14|15|22|24|26,caring|confusion|excitement|fear|gratitude|realization|remorse|surprise
2555,27,neutral,1|4|6|8|11|12|15|19|20|25,amusement|approval|confusion|desire|disgust|embarrassment|gratitude|nervousness|optimism|sadness
2556,15,gratitude,3|4,annoyance|approval
2557,27,neutral,1|4|5|15|20|22|26,amusement|approval|caring|gratitude|optimism|realization|surprise
2558,10|26,disapproval|surprise,0|1|22|25,admiration|amusement|realization|sadness
2559,20,optimism,3|9|22|24|25|26|27,annoyance|disappointment|realization|remorse|sadness|surprise|neutral
2560,2|3,anger|annoyance,2|10|13|14|17,anger|disapproval|excitement|fear|joy
2561,27,neutral,0|3|10|11|13|20|26|27,admiration|annoyance|disapproval|disgust|excitement|optimism|surprise|neutral
2562,27,neutral,0|5|10|13|14|18|20|22|27,admiration|caring|disapproval|excitement|fear|love|optimism|realization|neutral
2563,4|23,approval|relief,10|11|13|15|20|25|26,disapproval|disgust|excitement|gratitude|optimism|sadness|surprise
2564,3,annoyance,4|5|6|10|11|13|15|17|18,approval|caring|confusion|disapproval|disgust|excitement|gratitude|joy|love
2565,11|20,disgust|optimism,0|2|3|6|17|20|25,admiration|anger|annoyance|confusion|joy|optimism|sadness
2566,27,neutral,4|5|6|15|17|20|22|24|27,approval|caring|confusion|gratitude|joy|optimism|realization|remorse|neutral
2567,0,admiration,1|9|18|20|22,amusement|disappointment|love|optimism|realization
2568,4|15,approval|gratitude,0|5|15|18|22|24|26|27,admiration|caring|gratitude|love|realization|remorse|surprise|neutral
2569,27,neutral,1|2|3|6|22|26,amusement|anger|annoyance|confusion|realization|surprise
2570,27,neutral,0|1|18|20|22|25|27,admiration|amusement|love|optimism|realization|sadness|neutral
2571,4|5,approval|caring,1|3|4|6|7|10|12|17|26,amusement|annoyance|approval|confusion|curiosity|disapproval|embarrassment|joy|surprise
2572,20,optimism,0|2|10|13|14|27,admiration|anger|disapproval|excitement|fear|neutral
2573,2|18,anger|love,3|5|7|14|18|20,annoyance|caring|curiosity|fear|love|optimism
2574,9,disappointment,3|5|6|11|17|18|22,annoyance|caring|confusion|disgust|joy|love|realization
2575,15,gratitude,0|2|7|13|15|20,admiration|anger|curiosity|excitement|gratitude|optimism
2576,0|1,admiration|amusement,1|6|26,amusement|confusion|surprise
2577,27,neutral,0|15|17|20,admiration|gratitude|joy|optimism
2578,0,admiration,10|15|17|18|22|25|27,disapproval|gratitude|joy|love|realization|sadness|neutral
2579,25,sadness,0|1|2|4|18|27,admiration|amusement|anger|approval|love|neutral
2580,17,joy,1|4|7|9|15|17|20|22|27,amusement|approval|curiosity|disappointment|gratitude|joy|optimism|realization|neutral
2581,27,neutral,3|9|10|11|13|15|17|22|23,annoyance|disappointment|disapproval|disgust|excitement|gratitude|joy|realization|relief
2582,10,disapproval,4|6|13|15|17|18|20|22,approval|confusion|excitement|gratitude|joy|love|optimism|realization
2583,10,disapproval,0|4|9|11|13|18|20|27,admiration|approval|disappointment|disgust|excitement|love|optimism|neutral
2584,0|15,admiration|gratitude,0|1|15|26|27,admiration|amusement|gratitude|surprise|neutral
2585,0|15,admiration|gratitude,0|2|14|15|17|22|25|27,admiration|anger|fear|gratitude|joy|realization|sadness|neutral
2586,27,neutral,1|2|11|14|17|22|27,amusement|anger|disgust|fear|joy|realization|neutral
2587,20,optimism,0|5|7|14|15|17|20|25|27,admiration|caring|curiosity|fear|gratitude|joy|optimism|sadness|neutral
2588,27,neutral,0|4|7|10|17|27,admiration|approval|curiosity|disapproval|joy|neutral
2589,15,gratitude,1|6|7|9|20|25|27,amusement|confusion|curiosity|disappointment|optimism|sadness|neutral
2590,27,neutral,0|2|7|10|15|26|27,admiration|anger|curiosity|disapproval|gratitude|surprise|neutral
2591,27,neutral,3|6|7|15|22|26|27,annoyance|confusion|curiosity|gratitude|realization|surprise|neutral
2592,4,approval,1|10|14|17|20,amusement|disapproval|fear|joy|optimism
2593,9|10,disappointment|disapproval,0|1|4|17|20,admiration|amusement|approval|joy|optimism
2594,15,gratitude,0|3|6|13|15|17|22|25,admiration|annoyance|confusion|excitement|gratitude|joy|realization|sadness
2595,10,disapproval,1|3|10|17|25,amusement|annoyance|disapproval|joy|sadness
2596,27,neutral,0|5|7|10|15|18|22|27,admiration|caring|curiosity|disapproval|gratitude|love|realization|neutral
2597,1,amusement,9|10|13|20|22|27,disappointment|disapproval|excitement|optimism|realization|neutral
2598,6,confusion,1|2|5|6|11|13|15|22|26,amusement|anger|caring|confusion|disgust|excitement|gratitude|realization|surprise
2599,27,neutral,0|3|7|10|20|27,admiration|annoyance|curiosity|disapproval|optimism|neutral
2600,27,neutral,0|4|7|12|22|27,admiration|approval|curiosity|embarrassment|realization|neutral
2601,3|25,annoyance|sadness,2|5|11|14|15|17|22|25,anger|caring|disgust|fear|gratitude|joy|realization|sadness
2602,13|17,excitement|joy,0|7|27,admiration|curiosity|neutral
2603,27,neutral,7|18|22|26|27,curiosity|love|realization|surprise|neutral
2604,4|9|20,approval|disappointment|optimism,4|5|9|18|27,approval|caring|disappointment|love|neutral
2605,5,caring,0|1|3|4|6|8|10|17|18|20,admiration|amusement|annoyance|approval|confusion|desire|disapproval|joy|love|optimism
2606,14,fear,1|9|10|18|24|27,amusement|disappointment|disapproval|love|remorse|neutral
2607,6,confusion,1|3|4|7|11|17|18,amusement|annoyance|approval|curiosity|disgust|joy|love
2608,13,excitement,1|3|8|13|15|17|20,amusement|annoyance|desire|excitement|gratitude|joy|optimism
2609,27,neutral,1|2|5|8|14|15|20|27,amusement|anger|caring|desire|fear|gratitude|optimism|neutral
2610,9,disappointment,0|3|4|7|15|25|27,admiration|annoyance|approval|curiosity|gratitude|sadness|neutral
2611,8,desire,1|2|17|22|25,amusement|anger|joy|realization|sadness
2612,1,amusement,0|3|5|6|7|11|13|17|19|22,admiration|annoyance|caring|confusion|curiosity|disgust|excitement|joy|nervousness|realization
2613,27,neutral,0|1|13|15|26|27,admiration|amusement|excitement|gratitude|surprise|neutral
2614,17|18,joy|love,0|4|10|15|20|27,admiration|approval|disapproval|gratitude|optimism|neutral
2615,27,neutral,0|1|6|7|9|11|15|17|18|24,admiration|amusement|confusion|curiosity|disappointment|disgust|gratitude|joy|love|remorse
2616,15,gratitude,3|5|8|9|10|15|17|22|27,annoyance|caring|desire|disappointment|disapproval|gratitude|joy|realization|neutral
2617,1|15,amusement|gratitude,0|2|10|11|22|25|27,admiration|anger|disapproval|disgust|realization|sadness|neutral
2618,4|17,approval|joy,5|9|15|25|27,caring|disappointment|gratitude|sadness|neutral
2619,0|27,admiration|neutral,1|3|4|5|10|27,amusement|annoyance|approval|caring|disapproval|neutral
2620,27,neutral,0|2|3|7|10|20,admiration|anger|annoyance|curiosity|disapproval|optimism
2621,10,disapproval,4|6|17|27,approval|confusion|joy|neutral
2622,0,admiration,0|2|4|6|20|22|27,admiration|anger|approval|confusion|optimism|realization|neutral
2623,1|27,amusement|neutral,4|7|8|9|11|13|15|26|27,approval|curiosity|desire|disappointment|disgust|excitement|gratitude|surprise|neutral
2624,15,gratitude,3|11|14|15|26,annoyance|disgust|fear|gratitude|surprise
2625,7,curiosity,3|15|18|22|27,annoyance|gratitude|love|realization|neutral
2626,17,joy,2|3|11|15|27,anger|annoyance|disgust|gratitude|neutral
2627,27,neutral,0|3|4|11|15|19|25,admiration|annoyance|approval|disgust|gratitude|nervousness|sadness
2628,0,admiration,1|7|9|15,amusement|curiosity|disappointment|gratitude
2629,1,amusement,3|4|7|8|9|10|11|17,annoyance|approval|curiosity|desire|disappointment|disapproval|disgust|joy
2630,27,neutral,3|17|20|27,annoyance|joy|optimism|neutral
2631,1|18,amusement|love,1|3|4|9|15|22|26,amusement|annoyance|approval|disappointment|gratitude|realization|surprise
2632,27,neutral,0|7|9|12|15,admiration|curiosity|disappointment|embarrassment|gratitude
2633,0,admiration,1|3|4|15|17,amusement|annoyance|approval|gratitude|joy
2634,5|25,caring|sadness,0|2|3|7|15|17|22,admiration|anger|annoyance|curiosity|gratitude|joy|realization
2635,2,anger,1|5|6|9|10|12|15|18|20|25,amusement|caring|confusion|disappointment|disapproval|embarrassment|gratitude|love|optimism|sadness
2636,7,curiosity,0|3|11|15|18|22|27,admiration|annoyance|disgust|gratitude|love|realization|neutral
2637,20,optimism,6|14|15|17|23|27,confusion|fear|gratitude|joy|relief|neutral
2638,2|8|18,anger|desire|love,2|3|4|20|25|26|27,anger|annoyance|approval|optimism|sadness|surprise|neutral
2639,0|27,admiration|neutral,0|3|4|11|17|24|25,admiration|annoyance|approval|disgust|joy|remorse|sadness
2640,8|20,desire|optimism,1|4|7|14|15|17|19|22,amusement|approval|curiosity|fear|gratitude|joy|nervousness|realization
2641,0,admiration,1|4|5|13|14|18|22,amusement|approval|caring|excitement|fear|love|realization
2642,11,disgust,1|2|3|7|16|18|27,amusement|anger|annoyance|curiosity|grief|love|neutral
2643,27,neutral,1|18|20|22|25|27,amusement|love|optimism|realization|sadness|neutral
2644,27,neutral,4|5|11|22|25|27,approval|caring|disgust|realization|sadness|neutral
2645,22,realization,0|2|3|5|9|17|18|22,admiration|anger|annoyance|caring|disappointment|joy|love|realization
2646,25,sadness,0|12|13|15|22|26|27,admiration|embarrassment|excitement|gratitude|realization|surprise|neutral
2647,4|27,approval|neutral,11|13|25|27,disgust|excitement|sadness|neutral
2648,22,realization,2|3|27,anger|annoyance|neutral
2649,27,neutral,0|3|5|7|9|10|26,admiration|annoyance|caring|curiosity|disappointment|disapproval|surprise
2650,27,neutral,0|3|5|13|15|21|27,admiration|annoyance|caring|excitement|gratitude|pride|neutral
2651,27,neutral,0|2|17|20|27,admiration|anger|joy|optimism|neutral
2652,23,relief,0|5|9|20|27,admiration|caring|disappointment|optimism|neutral
2653,15|17,gratitude|joy,1|3|6|9|11|14|18|24,amusement|annoyance|confusion|disappointment|disgust|fear|love|remorse
2654,1,amusement,3|7|10|14|17|20|22|25,annoyance|curiosity|disapproval|fear|joy|optimism|realization|sadness
2655,26,surprise,0|3|4|11|15|17|18,admiration|annoyance|approval|disgust|gratitude|joy|love
2656,7|27,curiosity|neutral,0|5|15|18|26|27,admiration|caring|gratitude|love|surprise|neutral
2657,0,admiration,1|4|14|25|27,amusement|approval|fear|sadness|neutral
2658,2,anger,3|7|10|25,annoyance|curiosity|disapproval|sadness
2659,15,gratitude,4|5|9|20,approval|caring|disappointment|optimism
2660,1,amusement,4|10|13|14|15|20|22,approval|disapproval|excitement|fear|gratitude|optimism|realization
2661,20,optimism,5|6|9|18|25|26,caring|confusion|disappointment|love|sadness|surprise
2662,27,neutral,3|4|10|22|24,annoyance|approval|disapproval|realization|remorse
2663,27,neutral,0|1|3|4|6|8|14|17|20,admiration|amusement|annoyance|approval|confusion|desire|fear|joy|optimism
2664,27,neutral,5|6|12|17|18|20|25|26|27,caring|confusion|embarrassment|joy|love|optimism|sadness|surprise|neutral
2665,27,neutral,2|3|7|11|20|24|27,anger|annoyance|curiosity|disgust|optimism|remorse|neutral
2666,6|7,confusion|curiosity,1|4|13|14|20|27,amusement|approval|excitement|fear|optimism|neutral
2667,0,admiration,0|1|2|3|4|7|8|15|17|18|22|23,admiration|amusement|anger|annoyance|approval|curiosity|desire|gratitude|joy|love|realization|relief
2668,27,neutral,0|1|3|15|22|25,admiration|amusement|annoyance|gratitude|realization|sadness
2669,27,neutral,1|4|6|7|18|25|27,amusement|approval|confusion|curiosity|love|sadness|neutral
2670,27,neutral,0|5|10|11|15|18|27,admiration|caring|disapproval|disgust|gratitude|love|neutral
2671,27,neutral,5|6|27,caring|confusion|neutral
2672,1|17,amusement|joy,2|3|13|17|18|20|26,anger|annoyance|excitement|joy|love|optimism|surprise
2673,27,neutral,0|10|15|20|22,admiration|disapproval|gratitude|optimism|realization
2674,7,curiosity,1|3|4|5|9|22|25|26|27,amusement|annoyance|approval|caring|disappointment|realization|sadness|surprise|neutral
2675,15,gratitude,4|6|10|15|20|22|27,approval|confusion|disapproval|gratitude|optimism|realization|neutral
2676,27,neutral,2|6|9|13|15|22|25,anger|confusion|disappointment|excitement|gratitude|realization|sadness
2677,20,optimism,2|3|18,anger|annoyance|love
2678,0|20,admiration|optimism,3|4|5|6|9|14|15|24,annoyance|approval|caring|confusion|disappointment|fear|gratitude|remorse
2679,0|13|20,admiration|excitement|optimism,1|12|13|17|26,amusement|embarrassment|excitement|joy|surprise
2680,27,neutral,0|3|4|14|17|26,admiration|annoyance|approval|fear|joy|surprise
2681,10|22,disapproval|realization,2|3|5|6|9|11|13|15|17|18|19,anger|annoyance|caring|confusion|disappointment|disgust|excitement|gratitude|joy|love|nervousness
2682,13,excitement,0|1|3,admiration|amusement|annoyance
2683,3|11,annoyance|disgust,2|4|5|6|8|27,anger|approval|caring|confusion|desire|neutral
2684,15,gratitude,4|6|9|22|27,approval|confusion|disappointment|realization|neutral
2685,25,sadness,0|2|3|4|10|20,admiration|anger|annoyance|approval|disapproval|optimism
2686,17,joy,0|2|6|13,admiration|anger|confusion|excitement
2687,2|3,anger|annoyance,5|8|15|17|27,caring|desire|gratitude|joy|neutral
2688,0,admiration,2|4|10|11|15|22|25|27,anger|approval|disapproval|disgust|gratitude|realization|sadness|neutral
2689,10,disapproval,4|7|10|15|20,approval|curiosity|disapproval|gratitude|optimism
2690,6,confusion,1|3|4|8|14|17|20|27,amusement|annoyance|approval|desire|fear|joy|optimism|neutral
2691,18,love,0|2|5|7|10|11|15|18|27,admiration|anger|caring|curiosity|disapproval|disgust|gratitude|love|neutral
2692,27,neutral,0|3|4|7|10|24,admiration|annoyance|approval|curiosity|disapproval|remorse
2693,3,annoyance,1|2|4|10|27,amusement|anger|approval|disapproval|neutral
2694,27,neutral,1|5|6|7|10|15|17|23,amusement|caring|confusion|curiosity|disapproval|gratitude|joy|relief
2695,13,excitement,0|9|15|18|20|27,admiration|disappointment|gratitude|love|optimism|neutral
2696,13,excitement,1|10|15|20|22|23|25,amusement|disapproval|gratitude|optimism|realization|relief|sadness
2697,4,approval,7|10|13|22,curiosity|disapproval|excitement|realization
2698,3,annoyance,3|6|9|15|18|19|20|25|26,annoyance|confusion|disappointment|gratitude|love|nervousness|optimism|sadness|surprise
2699,5,caring,0|2|4|11|26,admiration|anger|approval|disgust|surprise
2700,15|18,gratitude|love,3|6|7|11|20|22|24|27,annoyance|confusion|curiosity|disgust|optimism|realization|remorse|neutral
2701,27,neutral,2|5|6|7|17,anger|caring|confusion|curiosity|joy
2702,0,admiration,0|1|4|5|15|18|26,admiration|amusement|approval|caring|gratitude|love|surprise
2703,0,admiration,2|3|6|7|10|20,anger|annoyance|confusion|curiosity|disapproval|optimism
2704,2|27,anger|neutral,0|9|20|27,admiration|disappointment|optimism|neutral
2705,20,optimism,0|10|11|20|27,admiration|disapproval|disgust|optimism|neutral
2706,27,neutral,1|5|6|7|11|14|27,amusement|caring|confusion|curiosity|disgust|fear|neutral
2707,8,desire,0|1|4|15|17|25|27,admiration|amusement|approval|gratitude|joy|sadness|neutral
2708,11,disgust,0|4|11|15|17|20|21|27,admiration|approval|disgust|gratitude|joy|optimism|pride|neutral
2709,15,gratitude,0|7|9|11|15|18|22|25|26,admiration|curiosity|disappointment|disgust|gratitude|love|realization|sadness|surprise
2710,18,love,2|3|15|18|20,anger|annoyance|gratitude|love|optimism
2711,5,caring,2|11|20|26|27,anger|disgust|optimism|surprise|neutral
2712,15,gratitude,14|15|20,fear|gratitude|optimism
2713,27,neutral,2|3|4|11|15|18|26|27,anger|annoyance|approval|disgust|gratitude|love|surprise|neutral
2714,15,gratitude,5|22|26|27,caring|realization|surprise|neutral
2715,27,neutral,1|2|4|7|8|10|18,amusement|anger|approval|curiosity|desire|disapproval|love
2716,0,admiration,0|2|6|15|20|22|24|26,admiration|anger|confusion|gratitude|optimism|realization|remorse|surprise
2717,27,neutral,1|4|5|13|15|18,amusement|approval|caring|excitement|gratitude|love
2718,1,amusement,0|2|3|7|10,admiration|anger|annoyance|curiosity|disapproval
2719,5,caring,1|2|3|15,amusement|anger|annoyance|gratitude
2720,8,desire,3|4|7|25|27,annoyance|approval|curiosity|sadness|neutral
2721,6|26,confusion|surprise,1|3|4|7|8|9|27,amusement|annoyance|approval|curiosity|desire|disappointment|neutral
2722,10,disapproval,0|5|6|9|10|14|18|27,admiration|caring|confusion|disappointment|disapproval|fear|love|neutral
2723,7,curiosity,0|3|5|7|8|10|11|12|25|27,admiration|annoyance|caring|curiosity|desire|disapproval|disgust|embarrassment|sadness|neutral
2724,27,neutral,1|10|27,amusement|disapproval|neutral
2725,4,approval,8|10|18|26|27,desire|disapproval|love|surprise|neutral
2726,27,neutral,6|9|10|11|18|27,confusion|disappointment|disapproval|disgust|love|neutral
2727,15,gratitude,0|2|3|7|9|10|11|17|20,admiration|anger|annoyance|curiosity|disappointment|disapproval|disgust|joy|optimism
2728,13,excitement,0|5|6|7|8|13|14|17|18|24,admiration|caring|confusion|curiosity|desire|excitement|fear|joy|love|remorse
2729,25,sadness,2|10|17|22|27,anger|disapproval|joy|realization|neutral
2730,10,disapproval,3|4|17,annoyance|approval|joy
2731,26,surprise,4|5|6|9|14|19|20,approval|caring|confusion|disappointment|fear|nervousness|optimism
2732,27,neutral,0|3|7|11|17|18,admiration|annoyance|curiosity|disgust|joy|love
2733,27,neutral,3|4|13|15|18|20|22,annoyance|approval|excitement|gratitude|love|optimism|realization
2734,0,admiration,0|7|18|22|27,admiration|curiosity|love|realization|neutral
2735,18,love,1|3|4|6|11|13|27,amusement|annoyance|approval|confusion|disgust|excitement|neutral
2736,20,optimism,0|1|6|7|9|11|13|17|25|27,admiration|amusement|confusion|curiosity|disappointment|disgust|excitement|joy|sadness|neutral
2737,27,neutral,3|4|9|10|24|26,annoyance|approval|disappointment|disapproval|remorse|surprise
2738,26,surprise,6|13|14|15|17|20|27,confusion|excitement|fear|gratitude|joy|optimism|neutral
2739,3,annoyance,10|13|14|18|22,disapproval|excitement|fear|love|realization
2740,15,gratitude,9|11|15|22|25|26,disappointment|disgust|gratitude|realization|sadness|surprise
2741,27,neutral,1|4|7|15|17|22|27,amusement|approval|curiosity|gratitude|joy|realization|neutral
2742,15,gratitude,1|7|8|15|24|27,amusement|curiosity|desire|gratitude|remorse|neutral
2743,4|27,approval|neutral,1|5|6|7|8|9|18|20|22,amusement|caring|confusion|curiosity|desire|disappointment|love|optimism|realization
2744,27,neutral,14|24|27,fear|remorse|neutral
2745,27,neutral,0|4|7|13|18|27,admiration|approval|curiosity|excitement|love|neutral
2746,27,neutral,0|1|2|4|5|7|15|17|20|22,admiration|amusement|anger|approval|caring|curiosity|gratitude|joy|optimism|realization
2747,27,neutral,6|7|25,confusion|curiosity|sadness
2748,27,neutral,0|3|7|10|14|18|22|26,admiration|annoyance|curiosity|disapproval|fear|love|realization|surprise
2749,3,annoyance,1|5|9|14|18,amusement|caring|disappointment|fear|love
2750,9,disappointment,3|4|6|8|14|15|17|25,annoyance|approval|confusion|desire|fear|gratitude|joy|sadness
2751,15,gratitude,0|3|6|10|14|20,admiration|annoyance|confusion|disapproval|fear|optimism
2752,1,amusement,2|3|4|10|11|15|18|25,anger|annoyance|approval|disapproval|disgust|gratitude|love|sadness
2753,7,curiosity,0|13|20|22|27,admiration|excitement|optimism|realization|neutral
2754,27,neutral,0|1|7|13,admiration|amusement|curiosity|excitement
2755,20,optimism,0|1|4|6|18|20,admiration|amusement|approval|confusion|love|optimism
2756,1|17,amusement|joy,0|3|7|17|25|26,admiration|annoyance|curiosity|joy|sadness|surprise
2757,0,admiration,1|3|7|8|10|18|20|24|27,amusement|annoyance|curiosity|desire|disapproval|love|optimism|remorse|neutral
2758,14,fear,2|4|6|8|27,anger|approval|confusion|desire|neutral
2759,26,surprise,0|2|6|15|27,admiration|anger|confusion|gratitude|neutral
2760,10,disapproval,1|3|4|7|10|20|27,amusement|annoyance|approval|curiosity|disapproval|optimism|neutral
2761,4,approval,4|15|17|26|27,approval|gratitude|joy|surprise|neutral
2762,27,neutral,2|5|18|27,anger|caring|love|neutral
2763,4|23,approval|relief,1|2|5|7|20|22|27,amusement|anger|caring|curiosity|optimism|realization|neutral
2764,27,neutral,5|9|13|17|22|27,caring|disappointment|excitement|joy|realization|neutral
2765,20,optimism,10|17|22|25|26|27,disapproval|joy|realization|sadness|surprise|neutral
2766,27,neutral,1|3|5|6|10|18|20,amusement|annoyance|caring|confusion|disapproval|love|optimism
2767,24,remorse,7|15|20|22,curiosity|gratitude|optimism|realization
2768,3|10,annoyance|disapproval,1|2|3|10|11|15|17|19|27,amusement|anger|annoyance|disapproval|disgust|gratitude|joy|nervousness|neutral
2769,6|9,confusion|disappointment,0|1|18|26,admiration|amusement|love|surprise
2770,1,amusement,0|2|3|10|11,admiration|anger|annoyance|disapproval|disgust
2771,27,neutral,2|9|10|15|27,anger|disappointment|disapproval|gratitude|neutral
2772,27,neutral,0|2|4|5|15|20|25|26|27,admiration|anger|approval|caring|gratitude|optimism|sadness|surprise|neutral
2773,0|15,admiration|gratitude,0|2|3|7|17|20|22,admiration|anger|annoyance|curiosity|joy|optimism|realization
2774,10,disapproval,0|1|2|10|18|22|27,admiration|amusement|anger|disapproval|love|realization|neutral
2775,18,love,0|4|10|27,admiration|approval|disapproval|neutral
2776,3,annoyance,1|2|4|6|15|22|23|27,amusement|anger|approval|confusion|gratitude|realization|relief|neutral
2777,10,disapproval,5|6|7|12|23,caring|confusion|curiosity|embarrassment|relief
2778,27,neutral,2|10|18|27,anger|disapproval|love|neutral
2779,27,neutral,4|7|15|22|27,approval|curiosity|gratitude|realization|neutral
2780,27,neutral,0|1|2|3|9|10,admiration|amusement|anger|annoyance|disappointment|disapproval
2781,20,optimism,0|1|2|3|7,admiration|amusement|anger|annoyance|curiosity
2782,4,approval,2|3|15|25|27,anger|annoyance|gratitude|sadness|neutral
2783,3,annoyance,0|1|4|7|9|10|13|17,admiration|amusement|approval|curiosity|disappointment|disapproval|excitement|joy
2784,6,confusion,2|24|27,anger|remorse|neutral
2785,15,gratitude,4|27,approval|neutral
2786,0|4,admiration|approval,0|1|6|9|11|13|27,admiration|amusement|confusion|disappointment|disgust|excitement|neutral
2787,2,anger,0|3|4|5|11|18|24|25|26,admiration|annoyance|approval|caring|disgust|love|remorse|sadness|surprise
2788,0|18|26,admiration|love|surprise,1|2|5|8|10|15,amusement|anger|caring|desire|disapproval|gratitude
2789,27,neutral,0|1|2|3|9|15|17|26,admiration|amusement|anger|annoyance|disappointment|gratitude|joy|surprise
2790,4,approval,0|3|4|20|26,admiration|annoyance|approval|optimism|surprise
2791,4,approval,3|5|6|7|11|13|14|15|18,annoyance|caring|confusion|curiosity|disgust|excitement|fear|gratitude|love
2792,27,neutral,0|2|10|13|15|18|22,admiration|anger|disapproval|excitement|gratitude|love|realization
2793,27,neutral,1|3|5|9|10|17|18|20|22|26,amusement|annoyance|caring|disappointment|disapproval|joy|love|optimism|realization|surprise
2794,27,neutral,1|3|10|12|15|18,amusement|annoyance|disapproval|embarrassment|gratitude|love
2795,15,gratitude,1|3|5|10|17|22|24,amusement|annoyance|caring|disapproval|joy|realization|remorse
2796,24,remorse,3|5|6|7|14|15,annoyance|caring|confusion|curiosity|fear|gratitude
2797,3,annoyance,1|4|14|15|22|26,amusement|approval|fear|gratitude|realization|surprise
2798,27,neutral,0|1|2|4|5|6|10|14|20,admiration|amusement|anger|approval|caring|confusion|disapproval|fear|optimism
2799,1,amusement,2|3|5|7|9|20|22|24|25|26,anger|annoyance|caring|curiosity|disappointment|optimism|realization|remorse|sadness|surprise
2800,17,joy,0|2|4|6,admiration|anger|approval|confusion
2801,27,neutral,2|3|5|7|9|15|27,anger|annoyance|caring|curiosity|disappointment|gratitude|neutral
2802,3|27,annoyance|neutral,6|9|11|18|27,confusion|disappointment|disgust|love|neutral
2803,4,approval,4|6|14|20|22|27,approval|confusion|fear|optimism|realization|neutral
2804,6|7,confusion|curiosity,3|10|11|15|18|20|22,annoyance|disapproval|disgust|gratitude|love|optimism|realization
2805,6,confusion,1|9|10|13|14|15|17|18|25|27,amusement|disappointment|disapproval|excitement|fear|gratitude|joy|love|sadness|neutral
2806,0|22,admiration|realization,2|5|11|13|15|17|27,anger|caring|disgust|excitement|gratitude|joy|neutral
2807,10,disapproval,0|3|20|22|27,admiration|annoyance|optimism|realization|neutral
2808,4,approval,4|11|12|14|17|26|27,approval|disgust|embarrassment|fear|joy|surprise|neutral
2809,2,anger,0|3|4|7|14|17|18|25|26,admiration|annoyance|approval|curiosity|fear|joy|love|sadness|surprise
2810,1,amusement,0|1|4|6|9|11|25|27,admiration|amusement|approval|confusion|disappointment|disgust|sadness|neutral
2811,27,neutral,4|5|6|9|23|27,approval|caring|confusion|disappointment|relief|neutral
2812,15|20,gratitude|optimism,0|3|11|17|27,admiration|annoyance|disgust|joy|neutral
2813,3,annoyance,4|5|10|22|25|27,approval|caring|disapproval|realization|sadness|neutral
2814,3,annoyance,4|5|6|9|14|15|25|27,approval|caring|confusion|disappointment|fear|gratitude|sadness|neutral
2815,23,relief,1|2|3|8|9|15|25|26,amusement|anger|annoyance|desire|disappointment|gratitude|sadness|surprise
2816,27,neutral,0|3|4|6|9|10|13|20|27,admiration|annoyance|approval|confusion|disappointment|disapproval|excitement|optimism|neutral
2817,27,neutral,0|2|5|7|27,admiration|anger|caring|curiosity|neutral
2818,9|25,disappointment|sadness,2|3|13|20|27,anger|annoyance|excitement|optimism|neutral
2819,4,approval,7|17|22|27,curiosity|joy|realization|neutral
2820,1,amusement,0|4|7|11|18,admiration|approval|curiosity|disgust|love
2821,2|3,anger|annoyance,9|11|15|18|20,disappointment|disgust|gratitude|love|optimism
2822,0,admiration,0|1|3|4|10|18|22,admiration|amusement|annoyance|approval|disapproval|love|realization
2823,3|27,annoyance|neutral,8|18|22|27,desire|love|realization|neutral
2824,10,disapproval,18|24|27,love|remorse|neutral
2825,27,neutral,1|2|6|7|11|13|17|24|27,amusement|anger|confusion|curiosity|disgust|excitement|joy|remorse|neutral
2826,17,joy,3|4|5,annoyance|approval|caring
2827,4|25,approval|sadness,1|6|17|26,amusement|confusion|joy|surprise
2828,13,excitement,0|1|9|15|18|22|25|26,admiration|amusement|disappointment|gratitude|love|realization|sadness|surprise
2829,4,approval,1|2|3|6|7|13|20|22,amusement|anger|annoyance|confusion|curiosity|excitement|optimism|realization
2830,15,gratitude,4|5|7|14|18|22|27,approval|caring|curiosity|fear|love|realization|neutral
2831,22,realization,0|3|4|5|10,admiration|annoyance|approval|caring|disapproval
2832,4,approval,2|3|5|17|22,anger|annoyance|caring|joy|realization
2833,22,realization,0|1|6|13|20|27,admiration|amusement|confusion|excitement|optimism|neutral
2834,4|15,approval|gratitude,0|7|10|11|13|15|18|20|24|25,admiration|curiosity|disapproval|disgust|excitement|gratitude|love|optimism|remorse|sadness
2835,27,neutral,0|1|2|6|7|8|9|10|11|22|26,admiration|amusement|anger|confusion|curiosity|desire|disappointment|disapproval|disgust|realization|surprise
2836,27,neutral,4|9|11|14|26|27,approval|disappointment|disgust|fear|surprise|neutral
2837,27,neutral,1|4|13|17|22|25|26,amusement|approval|excitement|joy|realization|sadness|surprise
2838,18,love,5|9|11|13|14|15|20|27,caring|disappointment|disgust|excitement|fear|gratitude|optimism|neutral
2839,27,neutral,3|8|15|18|26,annoyance|desire|gratitude|love|surprise
2840,3|27,annoyance|neutral,4|5|7|10|13|15|17|18|22|24|25|27,approval|caring|curiosity|disapproval|excitement|gratitude|joy|love|realization|remorse|sadness|neutral
2841,27,neutral,0|1|2|13|18|20|22|25,admiration|amusement|anger|excitement|love|optimism|realization|sadness
2842,11,disgust,1|4|6|10|11|15|18|20,amusement|approval|confusion|disapproval|disgust|gratitude|love|optimism
2843,9,disappointment,0|4|5|7|8|15|17,admiration|approval|caring|curiosity|desire|gratitude|joy
2844,14,fear,1|5|18|20|27,amusement|caring|love|optimism|neutral
2845,20,optimism,0|1|3|6|8|9|10|13|18|20,admiration|amusement|annoyance|confusion|desire|disappointment|disapproval|excitement|love|optimism
2846,27,neutral,0|4|7|18|20,admiration|approval|curiosity|love|optimism
2847,15,gratitude,1|6|7|9|13|15|20|22,amusement|confusion|curiosity|disappointment|excitement|gratitude|optimism|realization
2848,18,love,0|9|10|11|13|15|20|22|25|26|27,admiration|disappointment|disapproval|disgust|excitement|gratitude|optimism|realization|sadness|surprise|neutral
2849,10,disapproval,1|4|6|9|10|13|17|18|20|24,amusement|approval|confusion|disappointment|disapproval|excitement|joy|love|optimism|remorse
2850,18,love,2|4|15|17|20,anger|approval|gratitude|joy|optimism
2851,27,neutral,6|7|9|13|14|15|17|27,confusion|curiosity|disappointment|excitement|fear|gratitude|joy|neutral
2852,4,approval,1|2|3|4|5|9|27,amusement|anger|annoyance|approval|caring|disappointment|neutral
2853,27,neutral,2|10|15|26|27,anger|disapproval|gratitude|surprise|neutral
2854,7,curiosity,0|7|27,admiration|curiosity|neutral
2855,15,gratitude,2|6|9|10|15|22|25,anger|confusion|disappointment|disapproval|gratitude|realization|sadness
2856,0,admiration,1|2|4|6|7|9|13|17,amusement|anger|approval|confusion|curiosity|disappointment|excitement|joy
2857,14,fear,2|5|10|15|18|27,anger|caring|disapproval|gratitude|love|neutral
2858,27,neutral,5|7|10|27,caring|curiosity|disapproval|neutral
2859,13,excitement,4|5|6|13|14|17,approval|caring|confusion|excitement|fear|joy
2860,14|19,fear|nervousness,3|9|13|24|26,annoyance|disappointment|excitement|remorse|surprise
2861,4,approval,0|1|8|9|10|24|27,admiration|amusement|desire|disappointment|disapproval|remorse|neutral
2862,0,admiration,0|1|2|6|10|11|25,admiration|amusement|anger|confusion|disapproval|disgust|sadness
2863,4,approval,1|3|8|10|13|17|18,amusement|annoyance|desire|disapproval|excitement|joy|love
2864,27,neutral,0|2|4|6|7|10|18|26,admiration|anger|approval|confusion|curiosity|disapproval|love|surprise
2865,14,fear,27,neutral
2866,1,amusement,0|4|18|20|22|24,admiration|approval|love|optimism|realization|remorse
2867,27,neutral,0|3|4|6|7|9|10|11|15|22|25,admiration|annoyance|approval|confusion|curiosity|disappointment|disapproval|disgust|gratitude|realization|sadness
2868,4|20,approval|optimism,3|8|17|18|22|25|27,annoyance|desire|joy|love|realization|sadness|neutral
2869,10,disapproval,1|13|15,amusement|excitement|gratitude
2870,0,admiration,6|10|15|17|18|25|26,confusion|disapproval|gratitude|joy|love|sadness|surprise
2871,17|18,joy|love,0|1|4|6|15,admiration|amusement|approval|confusion|gratitude
2872,27,neutral,3|4|7|8|10|17|20|26,annoyance|approval|curiosity|desire|disapproval|joy|optimism|surprise
2873,25,sadness,1|3|10|14|20,amusement|annoyance|disapproval|fear|optimism
2874,14,fear,3|4|6|27,annoyance|approval|confusion|neutral
2875,26,surprise,0|4|5|7|27,admiration|approval|caring|curiosity|neutral
2876,27,neutral,6|7|18,confusion|curiosity|love
2877,25,sadness,1|4|10|13|15|17|18|25,amusement|approval|disapproval|excitement|gratitude|joy|love|sadness
2878,27,neutral,4|17|18|24|27,approval|joy|love|remorse|neutral
2879,17,joy,0|1|3|10|17|18|25|27,admiration|amusement|annoyance|disapproval|joy|love|sadness|neutral
2880,3|7,annoyance|curiosity,0|3|4|6|8|18|20|22|27,admiration|annoyance|approval|confusion|desire|love|optimism|realization|neutral
2881,27,neutral,0|1|13|25|26|27,admiration|amusement|excitement|sadness|surprise|neutral
2882,3,annoyance,1|2|3|7|18|22|26,amusement|anger|annoyance|curiosity|love|realization|surprise
2883,27,neutral,18|25|27,love|sadness|neutral
2884,2|3,anger|annoyance,1|2|3|4|7|11|17|25,amusement|anger|annoyance|approval|curiosity|disgust|joy|sadness
2885,27,neutral,2|7|10|18|22|25|27,anger|curiosity|disapproval|love|realization|sadness|neutral
2886,3,annoyance,4|11|14|18|27,approval|disgust|fear|love|neutral
2887,27,neutral,6|10|11|18|20,confusion|disapproval|disgust|love|optimism
2888,0,admiration,2|9|10,anger|disappointment|disapproval
2889,9|26,disappointment|surprise,3|6|8|13|18|27,annoyance|confusion|desire|excitement|love|neutral
2890,4|8|20,approval|desire|optimism,2|3|4|9|22|25,anger|annoyance|approval|disappointment|realization|sadness
2891,27,neutral,4|8|13|18|20|22|25|27,approval|desire|excitement|love|optimism|realization|sadness|neutral
2892,18,love,0|1|3|9|13|17|25|27,admiration|amusement|annoyance|disappointment|excitement|joy|sadness|neutral
2893,17,joy,1|2|3|4|5|13|24,amusement|anger|annoyance|approval|caring|excitement|remorse
2894,27,neutral,0|2|3|4|10|20|22|25|27,admiration|anger|annoyance|approval|disapproval|optimism|realization|sadness|neutral
2895,5|27,caring|neutral,1|8|15|17|20,amusement|desire|gratitude|joy|optimism
2896,4|21,approval|pride,3|4|10|15|20|22|27,annoyance|approval|disapproval|gratitude|optimism|realization|neutral
2897,13|15,excitement|gratitude,1|7|18|27,amusement|curiosity|love|neutral
2898,27,neutral,1|11|18|25|27,amusement|disgust|love|sadness|neutral
2899,27,neutral,0|4|6|13|20|23,admiration|approval|confusion|excitement|optimism|relief
2900,18,love,3|4|6|10|15|18|20|24,annoyance|approval|confusion|disapproval|gratitude|love|optimism|remorse
2901,6,confusion,1|6|8|18|22,amusement|confusion|desire|love|realization
2902,25,sadness,0|1|3|10|18|25,admiration|amusement|annoyance|disapproval|love|sadness
2903,27,neutral,0|4|7|22|24,admiration|approval|curiosity|realization|remorse
2904,1,amusement,3|4|6|9|10|17|27,annoyance|approval|confusion|disappointment|disapproval|joy|neutral
2905,4,approval,1|2|3|11|13,amusement|anger|annoyance|disgust|excitement
2906,5|6,caring|confusion,1|3|7|11|14|17|18|27,amusement|annoyance|curiosity|disgust|fear|joy|love|neutral
2907,25,sadness,0|5|7|8|14|15|17|20,admiration|caring|curiosity|desire|fear|gratitude|joy|optimism
2908,0|17,admiration|joy,1|4|10|12|25,amusement|approval|disapproval|embarrassment|sadness
2909,27,neutral,2|4|6|11|18|25,anger|approval|confusion|disgust|love|sadness
2910,27,neutral,1|2|5|10|14|25|26,amusement|anger|caring|disapproval|fear|sadness|surprise
2911,7,curiosity,0|2|3|5|15|17|27,admiration|anger|annoyance|caring|gratitude|joy|neutral
2912,26,surprise,2|7|11|12|20|24|27,anger|curiosity|disgust|embarrassment|optimism|remorse|neutral
2913,0,admiration,20|22|27,optimism|realization|neutral
2914,0,admiration,1|7|8|9|18|25|26|27,amusement|curiosity|desire|disappointment|love|sadness|surprise|neutral
2915,0,admiration,6|10|12|17|26,confusion|disapproval|embarrassment|joy|surprise
2916,27,neutral,0|1|3|10|13|26,admiration|amusement|annoyance|disapproval|excitement|surprise
2917,27,neutral,1|2|14|25,amusement|anger|fear|sadness
2918,27,neutral,3|5|10|11|17|20,annoyance|caring|disapproval|disgust|joy|optimism
2919,10,disapproval,4|7|20|25|27,approval|curiosity|optimism|sadness|neutral
2920,27,neutral,1|2|4|27,amusement|anger|approval|neutral
2921,15,gratitude,0|2|3|4|6|11|18|25,admiration|anger|annoyance|approval|confusion|disgust|love|sadness
2922,27,neutral,3|4|9|27,annoyance|approval|disappointment|neutral
2923,0,admiration,7|9|25|26|27,curiosity|disappointment|sadness|surprise|neutral
2924,27,neutral,4|5|9|11|15|17|18|27,approval|caring|disappointment|disgust|gratitude|joy|love|neutral
2925,2,anger,0|1|18|20|22|26|27,admiration|amusement|love|optimism|realization|surprise|neutral
2926,2,anger,4|6|25|27,approval|confusion|sadness|neutral
2927,5|27,caring|neutral,1|6|7|13|15,amusement|confusion|curiosity|excitement|gratitude
2928,5,caring,0|2|4|7|12|13|15|25|27,admiration|anger|approval|curiosity|embarrassment|excitement|gratitude|sadness|neutral
2929,1,amusement,0|2|3|4|13|18|25|27,admiration|anger|annoyance|approval|excitement|love|sadness|neutral
2930,27,neutral,0|6|9|10|17|27,admiration|confusion|disappointment|disapproval|joy|neutral
2931,4|13,approval|excitement,0|2|4|6|7|10|14|19,admiration|anger|approval|confusion|curiosity|disapproval|fear|nervousness
2932,7,curiosity,0|4|6|7|9|10|13|17|20,admiration|approval|confusion|curiosity|disappointment|disapproval|excitement|joy|optimism
2933,4,approval,1|5|7|11|14|18|19|25|27,amusement|caring|curiosity|disgust|fear|love|nervousness|sadness|neutral
2934,27,neutral,0|4|5|9|15|20|27,admiration|approval|caring|disappointment|gratitude|optimism|neutral
2935,1,amusement,0|1|2|5|6|7|18|27,admiration|amusement|anger|caring|confusion|curiosity|love|neutral
2936,10,disapproval,0|2|3|5|10|17|24|25,admiration|anger|annoyance|caring|disapproval|joy|remorse|sadness
2937,0|7,admiration|curiosity,2|3|7|15|27,anger|annoyance|curiosity|gratitude|neutral
2938,4,approval,3|4|7|15|20,annoyance|approval|curiosity|gratitude|optimism
2939,27,neutral,0|4|7|10|17|20|26,admiration|approval|curiosity|disapproval|joy|optimism|surprise
2940,1,amusement,0|4|5|15|22|26,admiration|approval|caring|gratitude|realization|surprise
2941,22,realization,0|1|2|3|5|6|17|20|26|27,admiration|amusement|anger|annoyance|caring|confusion|joy|optimism|surprise|neutral
2942,25,sadness,2|3|15|20|24|26|27,anger|annoyance|gratitude|optimism|remorse|surprise|neutral
2943,3,annoyance,0|5|6|13|17|20|26,admiration|caring|confusion|excitement|joy|optimism|surprise
2944,0,admiration,0|17|18|20,admiration|joy|love|optimism
2945,27,neutral,0|3|4|9|17|27,admiration|annoyance|approval|disappointment|joy|neutral
2946,1|10,amusement|disapproval,0|1|5|8|15|17|25|27,admiration|amusement|caring|desire|gratitude|joy|sadness|neutral
2947,10,disapproval,3|4|11|27,annoyance|approval|disgust|neutral
2948,27,neutral,6|10|13|27,confusion|disapproval|excitement|neutral
2949,27,neutral,2|4|10,anger|approval|disapproval
2950,27,neutral,1|2|3|4|5|10|11,amusement|anger|annoyance|approval|caring|disapproval|disgust
2951,27,neutral,1|4|5|7|10|17|26,amusement|approval|caring|curiosity|disapproval|joy|surprise
2952,17,joy,0|2|20|22|25,admiration|anger|optimism|realization|sadness
2953,25,sadness,0|1|2|4|6|26,admiration|amusement|anger|approval|confusion|surprise
2954,0,admiration,2|9|10|11|17|18|25,anger|disappointment|disapproval|disgust|joy|love|sadness
2955,27,neutral,1|5|10|14|15|20|25|27,amusement|caring|disapproval|fear|gratitude|optimism|sadness|neutral
2956,4,approval,3|7|9|11|12|25|26,annoyance|curiosity|disappointment|disgust|embarrassment|sadness|surprise
2957,7,curiosity,0|1|6|8|24|27,admiration|amusement|confusion|desire|remorse|neutral
2958,8,desire,5|7|9|18|25|27,caring|curiosity|disappointment|love|sadness|neutral
2959,5,caring,0|3|4|5|7|9|18,admiration|annoyance|approval|caring|curiosity|disappointment|love
2960,27,neutral,6|7|22|25|26,confusion|curiosity|realization|sadness|surprise
2961,7,curiosity,6|7|15|18|26,confusion|curiosity|gratitude|love|surprise
2962,4,approval,1|2|3|12|27,amusement|anger|annoyance|embarrassment|neutral
2963,5,caring,4|6|11|15|24|25|26,approval|confusion|disgust|gratitude|remorse|sadness|surprise
2964,23,relief,0|4|18|22|26,admiration|approval|love|realization|surprise
2965,12,embarrassment,3|4|6|12|13|17|24|25,annoyance|approval|confusion|embarrassment|excitement|joy|remorse|sadness
2966,13,excitement,4|7|11|15|17|24|27,approval|curiosity|disgust|gratitude|joy|remorse|neutral
2967,1,amusement,0|2|3|4|11|13|26|27,admiration|anger|annoyance|approval|disgust|excitement|surprise|neutral
2968,17,joy,0|27,admiration|neutral
2969,2,anger,0|5|10,admiration|caring|disapproval
2970,27,neutral,0|2|5|6|9|14|20|25,admiration|anger|caring|confusion|disappointment|fear|optimism|sadness
2971,15,gratitude,0|1|2|3|4|6|18|25,admiration|amusement|anger|annoyance|approval|confusion|love|sadness
2972,7,curiosity,1|3|9|17|18|20|24,amusement|annoyance|disappointment|joy|love|optimism|remorse
2973,3|11,annoyance|disgust,7|8|10|13|24,curiosity|desire|disapproval|excitement|remorse
2974,27,neutral,1|7|27,amusement|curiosity|neutral
2975,27,neutral,1|5|7|9|13|25,amusement|caring|curiosity|disappointment|excitement|sadness
2976,14,fear,10|17|26,disapproval|joy|surprise
2977,1,amusement,2|3|4|10|13|15|17|25|26|27,anger|annoyance|approval|disapproval|excitement|gratitude|joy|sadness|surprise|neutral
2978,27,neutral,0|2|4|5|8|15|22|25|27,admiration|anger|approval|caring|desire|gratitude|realization|sadness|neutral
2979,9,disappointment,0|3|5|9|11|12|13|15|18|20,admiration|annoyance|caring|disappointment|disgust|embarrassment|excitement|gratitude|love|optimism
2980,15,gratitude,5|7|9|10|17|20|22|24,caring|curiosity|disappointment|disapproval|joy|optimism|realization|remorse
2981,27,neutral,1|5|11|13|17|22,amusement|caring|disgust|excitement|joy|realization
2982,27,neutral,0|2|10|17|25|27,admiration|anger|disapproval|joy|sadness|neutral
2983,5|25,caring|sadness,0|6|10|15|18|27,admiration|confusion|disapproval|gratitude|love|neutral
2984,4,approval,1|4|5|7|15|22|25,amusement|approval|caring|curiosity|gratitude|realization|sadness
2985,15,gratitude,0|2|3|4,admiration|anger|annoyance|approval
2986,0,admiration,13|14|17|18|24|25,excitement|fear|joy|love|remorse|sadness
2987,0,admiration,7|10|15|18,curiosity|disapproval|gratitude|love
2988,20,optimism,0|2|4|11,admiration|anger|approval|disgust
2989,0|15,admiration|gratitude,2|6|7|10|11|18,anger|confusion|curiosity|disapproval|disgust|love
2990,3,annoyance,2|4|5|9|15|17,anger|approval|caring|disappointment|gratitude|joy
2991,27,neutral,0|6|7|10|11|13|25,admiration|confusion|curiosity|disapproval|disgust|excitement|sadness
2992,10,disapproval,0|1|5|10|13|15|17|19|20,admiration|amusement|caring|disapproval|excitement|gratitude|joy|nervousness|optimism
2993,0|18,admiration|love,1|2|4|13|15|18|27,amusement|anger|approval|excitement|gratitude|love|neutral
2994,4,approval,8|11|13|15|18|25,desire|disgust|excitement|gratitude|love|sadness
2995,25,sadness,0|4|6|7|15|18|20,admiration|approval|confusion|curiosity|gratitude|love|optimism
2996,3,annoyance,0|4|14|15|20|27,admiration|approval|fear|gratitude|optimism|neutral
2997,20,optimism,1|7|8|14|15|17|27,amusement|curiosity|desire|fear|gratitude|joy|neutral
2998,17,joy,3|6|9|10|11|13|17|18|23|25,annoyance|confusion|disappointment|disapproval|disgust|excitement|joy|love|relief|sadness
2999,9,disappointment,1|6|11|25|27,amusement|confusion|disgust|sadness|neutral
3000,12|27,embarrassment|neutral,4|8|9|22|25,approval|desire|disappointment|realization|sadness
3001,6,confusion,2|9|27,anger|disappointment|neutral
3002,27,neutral,0|2|15|18|20|25,admiration|anger|gratitude|love|optimism|sadness
3003,0|15,admiration|gratitude,0|3|7|11|20|27,admiration|annoyance|curiosity|disgust|optimism|neutral
3004,4,approval,0|6|10|18|24,admiration|confusion|disapproval|love|remorse
3005,27,neutral,0|4|7|9|18|27,admiration|approval|curiosity|disappointment|love|neutral
3006,27,neutral,1|2|6|11|13|14|20,amusement|anger|confusion|disgust|excitement|fear|optimism
3007,0,admiration,0|2|3|7|9|15|18|26,admiration|anger|annoyance|curiosity|disappointment|gratitude|love|surprise
3008,5,caring,2|3|4|14|17|18|27,anger|annoyance|approval|fear|joy|love|neutral
3009,27,neutral,0|2|3|4|7|9|10|20|27,admiration|anger|annoyance|approval|curiosity|disappointment|disapproval|optimism|neutral
3010,6,confusion,1|5|7|9|15|18|20|27,amusement|caring|curiosity|disappointment|gratitude|love|optimism|neutral
3011,2,anger,1|11|13|25,amusement|disgust|excitement|sadness
3012,3|14,annoyance|fear,1|5|7|26|27,amusement|caring|curiosity|surprise|neutral
3013,3,annoyance,0|3|4|6|7|9|10|27,admiration|annoyance|approval|confusion|curiosity|disappointment|disapproval|neutral
3014,2,anger,0|2|3|7|8,admiration|anger|annoyance|curiosity|desire
3015,8,desire,1|3|5|7|10|18|27,amusement|annoyance|caring|curiosity|disapproval|love|neutral
3016,26,surprise,0|2|4|8|13|15|17,admiration|anger|approval|desire|excitement|gratitude|joy
3017,6|7|27,confusion|curiosity|neutral,0|2|4|5|6|7|13|15|18|22,admiration|anger|approval|caring|confusion|curiosity|excitement|gratitude|love|realization
3018,27,neutral,2|3|11|18|22|25,anger|annoyance|disgust|love|realization|sadness
3019,4,approval,0|2|6|9|10|15|27,admiration|anger|confusion|disappointment|disapproval|gratitude|neutral
3020,13,excitement,0|1|2|5|7|9|15|18|20,admiration|amusement|anger|caring|curiosity|disappointment|gratitude|love|optimism
3021,18,love,0|2|4|10|17|18|20|24,admiration|anger|approval|disapproval|joy|love|optimism|remorse
3022,4,approval,1|2|3|7|22,amusement|anger|annoyance|curiosity|realization
3023,0,admiration,5|7|9|10|15|25|27,caring|curiosity|disappointment|disapproval|gratitude|sadness|neutral
3024,7,curiosity,0|10|11|27,admiration|disapproval|disgust|neutral
3025,6,confusion,0|2|4|10|15|20,admiration|anger|approval|disapproval|gratitude|optimism
3026,18,love,20|22|25|27,optimism|realization|sadness|neutral
3027,27,neutral,3|4|10|11|15,annoyance|approval|disapproval|disgust|gratitude
3028,27,neutral,7|11|26|27,curiosity|disgust|surprise|neutral
3029,27,neutral,0|1|3|4|10|17|19|20|24,admiration|amusement|annoyance|approval|disapproval|joy|nervousness|optimism|remorse
3030,1,amusement,3|6|9|10|11|17|25,annoyance|confusion|disappointment|disapproval|disgust|joy|sadness
3031,27,neutral,1|3|9|15|25|26,amusement|annoyance|disappointment|gratitude|sadness|surprise
3032,7,curiosity,3|4|5|9|10|25|26,annoyance|approval|caring|disappointment|disapproval|sadness|surprise
3033,27,neutral,0|2|10|18|20|22|25,admiration|anger|disapproval|love|optimism|realization|sadness
3034,10,disapproval,0|18|22|26|27,admiration|love|realization|surprise|neutral
3035,9|25,disappointment|sadness,0|1|3|6|7|18|24|27,admiration|amusement|annoyance|confusion|curiosity|love|remorse|neutral
3036,3,annoyance,1|3|8|10|14|15|18|25|26|27,amusement|annoyance|desire|disapproval|fear|gratitude|love|sadness|surprise|neutral
3037,4|15,approval|gratitude,0|2|4|9|10|20|25|27,admiration|anger|approval|disappointment|disapproval|optimism|sadness|neutral
3038,24|25,remorse|sadness,1|4|13|17|18|25,amusement|approval|excitement|joy|love|sadness
3039,4,approval,0|3|4|5|27,admiration|annoyance|approval|caring|neutral
3040,14|27,fear|neutral,0|3|10|20|22|27,admiration|annoyance|disapproval|optimism|realization|neutral
3041,27,neutral,3|5|6|7|25|27,annoyance|caring|confusion|curiosity|sadness|neutral
3042,13,excitement,1|4|8|9|27,amusement|approval|desire|disappointment|neutral
3043,27,neutral,2|8|17|25|26|27,anger|desire|joy|sadness|surprise|neutral
3044,27,neutral,2|4|11|17|27,anger|approval|disgust|joy|neutral
3045,0,admiration,0|1|3|6|7|10|18|20,admiration|amusement|annoyance|confusion|curiosity|disapproval|love|optimism
3046,0|7,admiration|curiosity,3|10|13|20|22|27,annoyance|disapproval|excitement|optimism|realization|neutral
3047,27,neutral,1|3|6|7|8|15|26,amusement|annoyance|confusion|curiosity|desire|gratitude|surprise
3048,10|27,disapproval|neutral,0|5|9|14|17|18|24,admiration|caring|disappointment|fear|joy|love|remorse
3049,18,love,0|4|6|10|22|27,admiration|approval|confusion|disapproval|realization|neutral
3050,27,neutral,4|11|15|25|26,approval|disgust|gratitude|sadness|surprise
3051,27,neutral,1|3|5|7|9|10|15|20|24|25|26,amusement|annoyance|caring|curiosity|disappointment|disapproval|gratitude|optimism|remorse|sadness|surprise
3052,15,gratitude,7|9|11|15|20|22|25|26,curiosity|disappointment|disgust|gratitude|optimism|realization|sadness|surprise
3053,3|27,annoyance|neutral,2|6|7|11|26|27,anger|confusion|curiosity|disgust|surprise|neutral
3054,1,amusement,0|4|13|18,admiration|approval|excitement|love
3055,27,neutral,0|4|11|15|24,admiration|approval|disgust|gratitude|remorse
3056,10,disapproval,1|4|5|15|18,amusement|approval|caring|gratitude|love
3057,0,admiration,4|9|13|14|17|22|27,approval|disappointment|excitement|fear|joy|realization|neutral
3058,27,neutral,1|3|5|9|14|18|25|27,amusement|annoyance|caring|disappointment|fear|love|sadness|neutral
3059,4,approval,1|2|3|5|6|9|10|18|22|24,amusement|anger|annoyance|caring|confusion|disappointment|disapproval|love|realization|remorse
3060,0|11|14,admiration|disgust|fear,0|1|9|25,admiration|amusement|disappointment|sadness
3061,15,gratitude,3|5|11|18|20|22|24|27,annoyance|caring|disgust|love|optimism|realization|remorse|neutral
3062,25,sadness,0|2|3|5|6|10|14|17|20|26,admiration|anger|annoyance|caring|confusion|disapproval|fear|joy|optimism|surprise
3063,25|27,sadness|neutral,2|7|10|15|22|26,anger|curiosity|disapproval|gratitude|realization|surprise
3064,4|23,approval|relief,3|18|20|25,annoyance|love|optimism|sadness
3065,2|3|27,anger|annoyance|neutral,0|1|3|10|26|27,admiration|amusement|annoyance|disapproval|surprise|neutral
3066,22,realization,1|2|3|18|27,amusement|anger|annoyance|love|neutral
3067,0|26,admiration|surprise,4|10|15|17|19|25,approval|disapproval|gratitude|joy|nervousness|sadness
3068,2,anger,0|9|18|27,admiration|disappointment|love|neutral
3069,0,admiration,1|9|18|24,amusement|disappointment|love|remorse
3070,18,love,4|7|9|10|15|25,approval|curiosity|disappointment|disapproval|gratitude|sadness
3071,27,neutral,3|4|5|6|18|19|20|22|25,annoyance|approval|caring|confusion|love|nervousness|optimism|realization|sadness
3072,27,neutral,0|2|10|25,admiration|anger|disapproval|sadness
3073,27,neutral,0|3|13|20|22|23|24|25|26|27,admiration|annoyance|excitement|optimism|realization|relief|remorse|sadness|surprise|neutral
3074,0,admiration,0|1|5|7|15|26|27,admiration|amusement|caring|curiosity|gratitude|surprise|neutral
3075,27,neutral,1|4|9|10|13|27,amusement|approval|disappointment|disapproval|excitement|neutral
3076,27,neutral,3|7|10|15|18|25|27,annoyance|curiosity|disapproval|gratitude|love|sadness|neutral
3077,18,love,0|4|5|18|20|27,admiration|approval|caring|love|optimism|neutral
3078,2|3,anger|annoyance,2|5|9|18|26|27,anger|caring|disappointment|love|surprise|neutral
3079,27,neutral,7|14|15|22,curiosity|fear|gratitude|realization
3080,26,surprise,2|3|4|8|15|24|27,anger|annoyance|approval|desire|gratitude|remorse|neutral
3081,15,gratitude,3|11|15|22,annoyance|disgust|gratitude|realization
3082,0|4,admiration|approval,4|5|6|8|11|20|25|26,approval|caring|confusion|desire|disgust|optimism|sadness|surprise
3083,17,joy,1|2|3|9|18|22,amusement|anger|annoyance|disappointment|love|realization
3084,27,neutral,11|22|27,disgust|realization|neutral
3085,15,gratitude,0|2|3|8|10|13|15|22|26,admiration|anger|annoyance|desire|disapproval|excitement|gratitude|realization|surprise
3086,27,neutral,0|1|10|13|17|18|20|22|26|27,admiration|amusement|disapproval|excitement|joy|love|optimism|realization|surprise|neutral
3087,3,annoyance,0|3|4|7|18|20|22|27,admiration|annoyance|approval|curiosity|love|optimism|realization|neutral
3088,13|25,excitement|sadness,0|1|2|4|6|22,admiration|amusement|anger|approval|confusion|realization
3089,27,neutral,1|5|15|20|25|27,amusement|caring|gratitude|optimism|sadness|neutral
3090,10,disapproval,3|9|17|18,annoyance|disappointment|joy|love
3091,27,neutral,0|1|7|9|13|15|17|25,admiration|amusement|curiosity|disappointment|excitement|gratitude|joy|sadness
3092,17,joy,0|3|4|7|9|17|18|20|26,admiration|annoyance|approval|curiosity|disappointment|joy|love|optimism|surprise
3093,9,disappointment,0|1|4|7|9|15|20|27,admiration|amusement|approval|curiosity|disappointment|gratitude|optimism|neutral
3094,15,gratitude,0|5|10|15|18|22|27,admiration|caring|disapproval|gratitude|love|realization|neutral
3095,27,neutral,4|5|15|17|18|26|27,approval|caring|gratitude|joy|love|surprise|neutral
3096,9,disappointment,1|3|4|7|9|15|18|25,amusement|annoyance|approval|curiosity|disappointment|gratitude|love|sadness
3097,27,neutral,4|5|10|17|18|22,approval|caring|disapproval|joy|love|realization
3098,27,neutral,2|3|9|13|14|18|20|27,anger|annoyance|disappointment|excitement|fear|love|optimism|neutral
3099,27,neutral,2|3|4|10|18|20|27,anger|annoyance|approval|disapproval|love|optimism|neutral
3100,4,approval,2|3|4|7|9|22|27,anger|annoyance|approval|curiosity|disappointment|realization|neutral
3101,27,neutral,0|3|10|26|27,admiration|annoyance|disapproval|surprise|neutral
3102,5,caring,4|6|7|9|10|11|14|20|24,approval|confusion|curiosity|disappointment|disapproval|disgust|fear|optimism|remorse
3103,7|13,curiosity|excitement,2|14|18|20|22|25|27,anger|fear|love|optimism|realization|sadness|neutral
3104,10,disapproval,0|2|3|4|7|15|17|24,admiration|anger|annoyance|approval|curiosity|gratitude|joy|remorse
3105,13,excitement,1|5|7|14|17|22|27,amusement|caring|curiosity|fear|joy|realization|neutral
3106,17,joy,2|3|4|6|7|11|14|17|18|24|27,anger|annoyance|approval|confusion|curiosity|disgust|fear|joy|love|remorse|neutral
3107,27,neutral,0|4|6|18|20|27,admiration|approval|confusion|love|optimism|neutral
3108,27,neutral,5|10|11|13|14|17|18|25,caring|disapproval|disgust|excitement|fear|joy|love|sadness
3109,27,neutral,3|7|25|26|27,annoyance|curiosity|sadness|surprise|neutral
3110,0|27,admiration|neutral,3|4|5|7|8|18|27,annoyance|approval|caring|curiosity|desire|love|neutral
3111,2|15,anger|gratitude,3|4|6|9|11|12|13|15|25,annoyance|approval|confusion|disappointment|disgust|embarrassment|excitement|gratitude|sadness
3112,7,curiosity,1|4|10|13|17|20|22|27,amusement|approval|disapproval|excitement|joy|optimism|realization|neutral
3113,15,gratitude,0|3|4|7|9|13|15|22|24,admiration|annoyance|approval|curiosity|disappointment|excitement|gratitude|realization|remorse
3114,0,admiration,4|5|6|17|22|25|27,approval|caring|confusion|joy|realization|sadness|neutral
3115,15,gratitude,2|10|17|20|27,anger|disapproval|joy|optimism|neutral
3116,10,disapproval,0|1|2|6|15|20|25,admiration|amusement|anger|confusion|gratitude|optimism|sadness
3117,1,amusement,1|5|6|10|11|15|17|20|25,amusement|caring|confusion|disapproval|disgust|gratitude|joy|optimism|sadness
3118,27,neutral,0|1|2|9|15|20,admiration|amusement|anger|disappointment|gratitude|optimism
3119,4,approval,0|1|6|7|17|20|24,admiration|amusement|confusion|curiosity|joy|optimism|remorse
3120,27,neutral,3|6|8|10|15|22|27,annoyance|confusion|desire|disapproval|gratitude|realization|neutral
3121,27,neutral,1|3|7|15|18|21|22|27,amusement|annoyance|curiosity|gratitude|love|pride|realization|neutral
3122,18,love,4|8|10|17|25|27,approval|desire|disapproval|joy|sadness|neutral
3123,0|20,admiration|optimism,0|5|9|10|26|27,admiration|caring|disappointment|disapproval|surprise|neutral
3124,1|13,amusement|excitement,13|15|18|20|27,excitement|gratitude|love|optimism|neutral
3125,27,neutral,0|2|3|7|10|22|27,admiration|anger|annoyance|curiosity|disapproval|realization|neutral
3126,27,neutral,2|7|9|10|20|26|27,anger|curiosity|disappointment|disapproval|optimism|surprise|neutral
3127,27,neutral,0|5|7|15|17|20|25|26,admiration|caring|curiosity|gratitude|joy|optimism|sadness|surprise
3128,27,neutral,1|4|8|15|17|20,amusement|approval|desire|gratitude|joy|optimism
3129,2,anger,1|7|11|14|25|27,amusement|curiosity|disgust|fear|sadness|neutral
3130,27,neutral,7|10|17|20|25,curiosity|disapproval|joy|optimism|sadness
3131,15,gratitude,0|3|7|17|24,admiration|annoyance|curiosity|joy|remorse
3132,9,disappointment,1|17|22|24|25,amusement|joy|realization|remorse|sadness
3133,20|27,optimism|neutral,4|8|13|14|22,approval|desire|excitement|fear|realization
3134,27,neutral,0|1|6|8|15,admiration|amusement|confusion|desire|gratitude
3135,12,embarrassment,3|4|10|18,annoyance|approval|disapproval|love
3136,24,remorse,1|5|6|7|22|26|27,amusement|caring|confusion|curiosity|realization|surprise|neutral
3137,27,neutral,2|3|11|12|15|18|22|25,anger|annoyance|disgust|embarrassment|gratitude|love|realization|sadness
3138,25,sadness,0|2|3|7|25,admiration|anger|annoyance|curiosity|sadness
3139,17,joy,1|3|6|7|10|13|15|25|27,amusement|annoyance|confusion|curiosity|disapproval|excitement|gratitude|sadness|neutral
3140,27,neutral,3|6|20,annoyance|confusion|optimism
3141,3,annoyance,0|2|3|10|13|17|27,admiration|anger|annoyance|disapproval|excitement|joy|neutral
3142,0,admiration,1|3|5|7|15|24|26,amusement|annoyance|caring|curiosity|gratitude|remorse|surprise
3143,10,disapproval,3|4|6|17|19|25|26|27,annoyance|approval|confusion|joy|nervousness|sadness|surprise|neutral
3144,27,neutral,3|5|9|11|20|22,annoyance|caring|disappointment|disgust|optimism|realization
3145,27,neutral,4|6|7|14|15|18|22|26,approval|confusion|curiosity|fear|gratitude|love|realization|surprise
3146,7,curiosity,4|13|20|26|27,approval|excitement|optimism|surprise|neutral
3147,5,caring,3|13|18|20|26,annoyance|excitement|love|optimism|surprise
3148,1,amusement,4|6|9|11|17|20,approval|confusion|disappointment|disgust|joy|optimism
3149,27,neutral,0|4|5|18|24,admiration|approval|caring|love|remorse
3150,7,curiosity,3|4|5|10|13|15|17|24,annoyance|approval|caring|disapproval|excitement|gratitude|joy|remorse
3151,1,amusement,1|4|25,amusement|approval|sadness
3152,27,neutral,1|2|6|7|9|15|20|22|26,amusement|anger|confusion|curiosity|disappointment|gratitude|optimism|realization|surprise
3153,27,neutral,0|7|10|11|15|20|25,admiration|curiosity|disapproval|disgust|gratitude|optimism|sadness
3154,0|27,admiration|neutral,1|3|4|8|13|18|20|26,amusement|annoyance|approval|desire|excitement|love|optimism|surprise
3155,6,confusion,1|2|7|9|11|15|17|22|26,amusement|anger|curiosity|disappointment|disgust|gratitude|joy|realization|surprise
3156,27,neutral,3|4|7|17|20|27,annoyance|approval|curiosity|joy|optimism|neutral
3157,0,admiration,0|3|6|8|14|20|25,admiration|annoyance|confusion|desire|fear|optimism|sadness
3158,27,neutral,4|6|10|11|15|20|25|26|27,approval|confusion|disapproval|disgust|gratitude|optimism|sadness|surprise|neutral
3159,9|25,disappointment|sadness,0|1|7|15|27,admiration|amusement|curiosity|gratitude|neutral
3160,5|9,caring|disappointment,0|1|2|6|7|25,admiration|amusement|anger|confusion|curiosity|sadness
3161,3|7,annoyance|curiosity,6|7|15,confusion|curiosity|gratitude
3162,8|18|25,desire|love|sadness,0|1|3|4|7|10|15|17|24|27,admiration|amusement|annoyance|approval|curiosity|disapproval|gratitude|joy|remorse|neutral
3163,20,optimism,1|2|3|6|13|14|18|26|27,amusement|anger|annoyance|confusion|excitement|fear|love|surprise|neutral
3164,27,neutral,1|2|4|12|18|27,amusement|anger|approval|embarrassment|love|neutral
3165,5,caring,1|8|9|13|15|24|25|27,amusement|desire|disappointment|excitement|gratitude|remorse|sadness|neutral
3166,3|9,annoyance|disappointment,0|3|8|18|20|27,admiration|annoyance|desire|love|optimism|neutral
3167,11,disgust,3|4|8|10|12|14|17|18|20,annoyance|approval|desire|disapproval|embarrassment|fear|joy|love|optimism
3168,27,neutral,2,anger
3169,27,neutral,0|1|2|6|7|14|15|17,admiration|amusement|anger|confusion|curiosity|fear|gratitude|joy
3170,24,remorse,0|7|10|11|13|14|17|25|27,admiration|curiosity|disapproval|disgust|excitement|fear|joy|sadness|neutral
3171,27,neutral,0|1|3|7|24,admiration|amusement|annoyance|curiosity|remorse
3172,0,admiration,9|10|13|18|20|26,disappointment|disapproval|excitement|love|optimism|surprise
3173,5|27,caring|neutral,0|2|7|11|17|25,admiration|anger|curiosity|disgust|joy|sadness
3174,15,gratitude,0|1|12|18|22|24|25,admiration|amusement|embarrassment|love|realization|remorse|sadness
3175,13|27,excitement|neutral,3|9|10|18|22|27,annoyance|disappointment|disapproval|love|realization|neutral
3176,0|13|18|20,admiration|excitement|love|optimism,0|1|2|4|6|11|20|22|26|27,admiration|amusement|anger|approval|confusion|disgust|optimism|realization|surprise|neutral
3177,27,neutral,0|1|3|4|5|8|9|17|25|26,admiration|amusement|annoyance|approval|caring|desire|disappointment|joy|sadness|surprise
3178,27,neutral,0|6|18|22|25,admiration|confusion|love|realization|sadness
3179,10|27,disapproval|neutral,6|7|25|27,confusion|curiosity|sadness|neutral
3180,27,neutral,1|2|4|6|7|18|25|26,amusement|anger|approval|confusion|curiosity|love|sadness|surprise
3181,27,neutral,2|5|10|17|18|20|22|25|27,anger|caring|disapproval|joy|love|optimism|realization|sadness|neutral
3182,10,disapproval,1|6|14|22,amusement|confusion|fear|realization
3183,0,admiration,0|4|5|7|9|13|17|22|27,admiration|approval|caring|curiosity|disappointment|excitement|joy|realization|neutral
3184,7|27,curiosity|neutral,0|1|2|7|8|15|18|27,admiration|amusement|anger|curiosity|desire|gratitude|love|neutral
3185,4|5,approval|caring,0|3|4|6|10|15|17|20|27,admiration|annoyance|approval|confusion|disapproval|gratitude|joy|optimism|neutral
3186,0,admiration,3|9|17|20|27,annoyance|disappointment|joy|optimism|neutral
3187,8,desire,8|9|15|17|25|27,desire|disappointment|gratitude|joy|sadness|neutral
3188,27,neutral,0|1|7|9|11|25,admiration|amusement|curiosity|disappointment|disgust|sadness
3189,27,neutral,1|2|3|4|6|7|9|14|22,amusement|anger|annoyance|approval|confusion|curiosity|disappointment|fear|realization
3190,24|25,remorse|sadness,15|17|18|20|22|24,gratitude|joy|love|optimism|realization|remorse
3191,4|17,approval|joy,1|4|5|6|11,amusement|approval|caring|confusion|disgust
3192,18,love,0|1|2|10|17|27,admiration|amusement|anger|disapproval|joy|neutral
3193,6|7,confusion|curiosity,0|1|3|4|5|9|10|15|18,admiration|amusement|annoyance|approval|caring|disappointment|disapproval|gratitude|love
3194,27,neutral,0|7|10|13|15|17|20|25,admiration|curiosity|disapproval|excitement|gratitude|joy|optimism|sadness
3195,15,gratitude,3|5|7|8|10|15|20|22|27,annoyance|caring|curiosity|desire|disapproval|gratitude|optimism|realization|neutral
3196,27,neutral,3|5|6|7|15|27,annoyance|caring|confusion|curiosity|gratitude|neutral
3197,10,disapproval,0|2|3|4|22|23|25,admiration|anger|annoyance|approval|realization|relief|sadness
3198,2|22,anger|realization,1|2|3|7|9|13|15|22|27,amusement|anger|annoyance|curiosity|disappointment|excitement|gratitude|realization|neutral
3199,27,neutral,2|3|7|10,anger|annoyance|curiosity|disapproval
3200,27,neutral,1|5|6|11|15|20|24,amusement|caring|confusion|disgust|gratitude|optimism|remorse
3201,10,disapproval,0|1|7|10|12|18|26|27,admiration|amusement|curiosity|disapproval|embarrassment|love|surprise|neutral
3202,3|6|7,annoyance|confusion|curiosity,0|4|15|24|27,admiration|approval|gratitude|remorse|neutral
3203,3,annoyance,0|1|4|7|8|18|20,admiration|amusement|approval|curiosity|desire|love|optimism
3204,27,neutral,0|5|13|17|25|27,admiration|caring|excitement|joy|sadness|neutral
3205,15|18,gratitude|love,11|15|17|20|26|27,disgust|gratitude|joy|optimism|surprise|neutral
3206,15,gratitude,0|1|4|7|18|22|27,admiration|amusement|approval|curiosity|love|realization|neutral
3207,4,approval,0|1|5|6|7|10|17|18|20,admiration|amusement|caring|confusion|curiosity|disapproval|joy|love|optimism
3208,27,neutral,1|7|15|17|25|26,amusement|curiosity|gratitude|joy|sadness|surprise
3209,27,neutral,0|7|12|13|22|27,admiration|curiosity|embarrassment|excitement|realization|neutral
3210,2|3,anger|annoyance,0|7|10|17|18,admiration|curiosity|disapproval|joy|love
3211,27,neutral,5|6|7|9|10|26|27,caring|confusion|curiosity|disappointment|disapproval|surprise|neutral
3212,27,neutral,7|13|15|18|20|22|27,curiosity|excitement|gratitude|love|optimism|realization|neutral
3213,25,sadness,1|2|3|4|5|7|8|11|14|15,amusement|anger|annoyance|approval|caring|curiosity|desire|disgust|fear|gratitude
3214,18,love,17|20,joy|optimism
3215,27,neutral,3|24|27,annoyance|remorse|neutral
3216,2,anger,1|6|9|11|18|27,amusement|confusion|disappointment|disgust|love|neutral
3217,15,gratitude,1|6|8|20|26|27,amusement|confusion|desire|optimism|surprise|neutral
3218,0,admiration,3|6|7|18|27,annoyance|confusion|curiosity|love|neutral
3219,2|3,anger|annoyance,3|7|9|13|15|20|22|25|26,annoyance|curiosity|disappointment|excitement|gratitude|optimism|realization|sadness|surprise
3220,27,neutral,2|9|10|22|24|27,anger|disappointment|disapproval|realization|remorse|neutral
3221,25,sadness,3|4|5|11|12|14|17,annoyance|approval|caring|disgust|embarrassment|fear|joy
3222,27,neutral,3|5|7|11|24|27,annoyance|caring|curiosity|disgust|remorse|neutral
3223,13,excitement,0|10|11|27,admiration|disapproval|disgust|neutral
3224,27,neutral,1|4|9|14|18|20|25,amusement|approval|disappointment|fear|love|optimism|sadness
3225,7,curiosity,2|9|13|27,anger|disappointment|excitement|neutral
3226,27,neutral,0|2|5|11|15|17|18|22|27,admiration|anger|caring|disgust|gratitude|joy|love|realization|neutral
3227,15,gratitude,1|2|3|6|7|9|18|20,amusement|anger|annoyance|confusion|curiosity|disappointment|love|optimism
3228,27,neutral,6|15|25,confusion|gratitude|sadness
3229,15,gratitude,2|7|20|23|27,anger|curiosity|optimism|relief|neutral
3230,21,pride,0|4|25|27,admiration|approval|sadness|neutral
3231,4,approval,0|2|3|5|22|27,admiration|anger|annoyance|caring|realization|neutral
3232,4,approval,0|4|8|9|18|26,admiration|approval|desire|disappointment|love|surprise
3233,17,joy,1|10|13|15|17|19|27,amusement|disapproval|excitement|gratitude|joy|nervousness|neutral
3234,17,joy,1|2|3|9|20|27,amusement|anger|annoyance|disappointment|optimism|neutral
3235,1,amusement,0|1|3|4|5|7|10|13|15|20|25,admiration|amusement|annoyance|approval|caring|curiosity|disapproval|excitement|gratitude|optimism|sadness
3236,21,pride,0|4|17|25|27,admiration|approval|joy|sadness|neutral
3237,18,love,8|9|11|15|18|25,desire|disappointment|disgust|gratitude|love|sadness
3238,0,admiration,0|4|9|14|15|18|20|27,admiration|approval|disappointment|fear|gratitude|love|optimism|neutral
3239,1,amusement,2|4|7|8|11|14|17|18|20,anger|approval|curiosity|desire|disgust|fear|joy|love|optimism
3240,5|27,caring|neutral,1|3|12|20|24|25,amusement|annoyance|embarrassment|optimism|remorse|sadness
3241,20,optimism,1|3|7|11|22|25|26|27,amusement|annoyance|curiosity|disgust|realization|sadness|surprise|neutral
3242,2|15,anger|gratitude,1|7|8|17|18|20|24,amusement|curiosity|desire|joy|love|optimism|remorse
3243,1,amusement,0|4|6|7|27,admiration|approval|confusion|curiosity|neutral
3244,1,amusement,4|8|14|15|17|27,approval|desire|fear|gratitude|joy|neutral
3245,3,annoyance,1|3|7|15|25|26,amusement|annoyance|curiosity|gratitude|sadness|surprise
3246,0,admiration,0|3|6|11|22|27,admiration|annoyance|confusion|disgust|realization|neutral
3247,0|18,admiration|love,10|14|15|26|27,disapproval|fear|gratitude|surprise|neutral
3248,27,neutral,2|3|14|19|25|27,anger|annoyance|fear|nervousness|sadness|neutral
3249,0,admiration,1|6|10|20|26|27,amusement|confusion|disapproval|optimism|surprise|neutral
3250,4,approval,0|3|4|5|10,admiration|annoyance|approval|caring|disapproval
3251,7,curiosity,13|15,excitement|gratitude
3252,27,neutral,4|5|11|13|14|17|20|25|27,approval|caring|disgust|excitement|fear|joy|optimism|sadness|neutral
3253,4|13,approval|excitement,7|9|14|15|22|25|27,curiosity|disappointment|fear|gratitude|realization|sadness|neutral
3254,5,caring,4|5|6|9|10|13|14|15|22|25,approval|caring|confusion|disappointment|disapproval|excitement|fear|gratitude|realization|sadness
3255,27,neutral,4|6|10|18,approval|confusion|disapproval|love
3256,2|3,anger|annoyance,0|6|7|9|10|12|18|27,admiration|confusion|curiosity|disappointment|disapproval|embarrassment|love|neutral
3257,10,disapproval,4|7|10|18,approval|curiosity|disapproval|love
3258,13|18,excitement|love,0|2|3|6|10|17|19|20,admiration|anger|annoyance|confusion|disapproval|joy|nervousness|optimism
3259,27,neutral,6|16|18|20|22|26,confusion|grief|love|optimism|realization|surprise
3260,27,neutral,0|9|13|14|18|22,admiration|disappointment|excitement|fear|love|realization
3261,15,gratitude,1|2|4|9|10|27,amusement|anger|approval|disappointment|disapproval|neutral
3262,18,love,2|4|6|9|13|14|17,anger|approval|confusion|disappointment|excitement|fear|joy
3263,6,confusion,3|4|7|22|26|27,annoyance|approval|curiosity|realization|surprise|neutral
3264,10,disapproval,0|2|5|8|10|13|17|20|23|26,admiration|anger|caring|desire|disapproval|excitement|joy|optimism|relief|surprise
3265,27,neutral,3|8|10|18,annoyance|desire|disapproval|love
3266,27,neutral,0|1|5|6|17|22,admiration|amusement|caring|confusion|joy|realization
3267,27,neutral,0|7|9|10|14|15|27,admiration|curiosity|disappointment|disapproval|fear|gratitude|neutral
3268,6|14|26,confusion|fear|surprise,0|5|6|9|10|12|14|15,admiration|caring|confusion|disappointment|disapproval|embarrassment|fear|gratitude
3269,27,neutral,1|5|6|7|8|17|22,amusement|caring|confusion|curiosity|desire|joy|realization
3270,20,optimism,7|15|20|25|27,curiosity|gratitude|optimism|sadness|neutral
3271,18,love,1|5|7|26|27,amusement|caring|curiosity|surprise|neutral
3272,27,neutral,1|5|11|15|20|24|25|27,amusement|caring|disgust|gratitude|optimism|remorse|sadness|neutral
3273,5,caring,0|1|2|4|15|27,admiration|amusement|anger|approval|gratitude|neutral
3274,26,surprise,2|3|7|10|15|27,anger|annoyance|curiosity|disapproval|gratitude|neutral
3275,27,neutral,0|2|7|18|22|27,admiration|anger|curiosity|love|realization|neutral
3276,13,excitement,5|6|18|20|22|25|26,caring|confusion|love|optimism|realization|sadness|surprise
3277,8,desire,0|2|15|19|27,admiration|anger|gratitude|nervousness|neutral
3278,27,neutral,4|7|11|14,approval|curiosity|disgust|fear
3279,27,neutral,0|4|11|15|24|27,admiration|approval|disgust|gratitude|remorse|neutral
3280,10,disapproval,1|7|18|27,amusement|curiosity|love|neutral
3281,18,love,3|14|18,annoyance|fear|love
3282,27,neutral,1|4|10|18|20|25,amusement|approval|disapproval|love|optimism|sadness
3283,17,joy,0|4|13|22|26|27,admiration|approval|excitement|realization|surprise|neutral
3284,27,neutral,0|1|10|15|26,admiration|amusement|disapproval|gratitude|surprise
3285,7,curiosity,3|16|18|20|23|24|25|27,annoyance|grief|love|optimism|relief|remorse|sadness|neutral
3286,27,neutral,0|11|17|20|22|27,admiration|disgust|joy|optimism|realization|neutral
3287,26,surprise,0|5|18|20|27,admiration|caring|love|optimism|neutral
3288,2,anger,2|4|5|11|15|20|27,anger|approval|caring|disgust|gratitude|optimism|neutral
3289,3|18,annoyance|love,0|6|7|8|9|10|13|18|20,admiration|confusion|curiosity|desire|disappointment|disapproval|excitement|love|optimism
3290,15,gratitude,4|6|7|11|13|14|17,approval|confusion|curiosity|disgust|excitement|fear|joy
3291,27,neutral,1|7|23|25|26|27,amusement|curiosity|relief|sadness|surprise|neutral
3292,15,gratitude,0|1|3|5|8|9|11|26,admiration|amusement|annoyance|caring|desire|disappointment|disgust|surprise
3293,20,optimism,0|3|4|6|18|20|25,admiration|annoyance|approval|confusion|love|optimism|sadness
3294,4,approval,0|2|8|9|10|11|15,admiration|anger|desire|disappointment|disapproval|disgust|gratitude
3295,27,neutral,6|7|13|15|20,confusion|curiosity|excitement|gratitude|optimism
3296,0,admiration,0|7|9|15|17|18,admiration|curiosity|disappointment|gratitude|joy|love
3297,2,anger,0|3|6|14|18,admiration|annoyance|confusion|fear|love
3298,27,neutral,4|6|10|13|15|20|26|27,approval|confusion|disapproval|excitement|gratitude|optimism|surprise|neutral
3299,1,amusement,0|3|6|8|10|17|20|25,admiration|annoyance|confusion|desire|disapproval|joy|optimism|sadness
3300,6,confusion,2|3|5|6|10|14|18|22,anger|annoyance|caring|confusion|disapproval|fear|love|realization
3301,18,love,0|2|3|10|15|17|26|27,admiration|anger|annoyance|disapproval|gratitude|joy|surprise|neutral
3302,2|3,anger|annoyance,9|14|15|18|27,disappointment|fear|gratitude|love|neutral
3303,26,surprise,0|1|4|7|15|17|20,admiration|amusement|approval|curiosity|gratitude|joy|optimism
3304,18,love,0|1|3|15|18|25,admiration|amusement|annoyance|gratitude|love|sadness
3305,0|15,admiration|gratitude,4|27,approval|neutral
3306,3,annoyance,0|1|2|3|7|9|11|15|18|22,admiration|amusement|anger|annoyance|curiosity|disappointment|disgust|gratitude|love|realization
3307,0,admiration,3|4|6|11|15,annoyance|approval|confusion|disgust|gratitude
3308,3,annoyance,0|2|3|4|5|7|18|20|24|26,admiration|anger|annoyance|approval|caring|curiosity|love|optimism|remorse|surprise
3309,27,neutral,2|7|8|9|11|20|27,anger|curiosity|desire|disappointment|disgust|optimism|neutral
3310,1,amusement,2|5|17|20|24|27,anger|caring|joy|optimism|remorse|neutral
3311,27,neutral,2|3|4|9|10|13|25|27,anger|annoyance|approval|disappointment|disapproval|excitement|sadness|neutral
3312,27,neutral,4|9|20|26|27,approval|disappointment|optimism|surprise|neutral
3313,5,caring,0|1|4|7|20|22|26,admiration|amusement|approval|curiosity|optimism|realization|surprise
3314,10,disapproval,4|10|13|14|20|25,approval|disapproval|excitement|fear|optimism|sadness
3315,15,gratitude,0|5|9|10|15|22|25|27,admiration|caring|disappointment|disapproval|gratitude|realization|sadness|neutral
3316,10,disapproval,6|11|14|15|18|25|26,confusion|disgust|fear|gratitude|love|sadness|surprise
3317,1,amusement,1|4|14|20|22,amusement|approval|fear|optimism|realization
3318,27,neutral,1|4|11|15|22|27,amusement|approval|disgust|gratitude|realization|neutral
3319,5,caring,0|10|14|15|18,admiration|disapproval|fear|gratitude|love
3320,8|20,desire|optimism,3|6|9|17|22|25|26,annoyance|confusion|disappointment|joy|realization|sadness|surprise
3321,27,neutral,1|2|15|17|18|24,amusement|anger|gratitude|joy|love|remorse
3322,7,curiosity,2|5|10|20|27,anger|caring|disapproval|optimism|neutral
3323,7,curiosity,0|1|4|6|7|8|15|25,admiration|amusement|approval|confusion|curiosity|desire|gratitude|sadness
3324,22,realization,0|15|17|25,admiration|gratitude|joy|sadness
3325,27,neutral,0|3|4|15|17|27,admiration|annoyance|approval|gratitude|joy|neutral
3326,0,admiration,1|3|8|20|22|26|27,amusement|annoyance|desire|optimism|realization|surprise|neutral
3327,10,disapproval,1|2|4|9|10|15|22,amusement|anger|approval|disappointment|disapproval|gratitude|realization
3328,18,love,4|11|25,approval|disgust|sadness
3329,6,confusion,4|7|11|17|18|22|25,approval|curiosity|disgust|joy|love|realization|sadness
3330,10,disapproval,0|1|4|5|6|7|22|26|27,admiration|amusement|approval|caring|confusion|curiosity|realization|surprise|neutral
3331,0|4,admiration|approval,1|3|13|27,amusement|annoyance|excitement|neutral
3332,1,amusement,0|6|10|18|27,admiration|confusion|disapproval|love|neutral
3333,0,admiration,3|7|15|17|22|25,annoyance|curiosity|gratitude|joy|realization|sadness
3334,4,approval,0|4|5|7|8|10|13|17|24,admiration|approval|caring|curiosity|desire|disapproval|excitement|joy|remorse
3335,27,neutral,0|1|2|4|9|10|15|18|20|26,admiration|amusement|anger|approval|disappointment|disapproval|gratitude|love|optimism|surprise
3336,10,disapproval,2|6|7|10,anger|confusion|curiosity|disapproval
3337,27,neutral,0|1|15|20|23|25,admiration|amusement|gratitude|optimism|relief|sadness
3338,1,amusement,0|1|7|8|11|18|20,admiration|amusement|curiosity|desire|disgust|love|optimism
3339,0|4,admiration|approval,3|5|9|17|27,annoyance|caring|disappointment|joy|neutral
3340,13,excitement,1|5|6|15|20|22,amusement|caring|confusion|gratitude|optimism|realization
3341,4|20,approval|optimism,1|4|5|8|12|20|21|25|26,amusement|approval|caring|desire|embarrassment|optimism|pride|sadness|surprise
3342,15,gratitude,1|2|10|20|22|27,amusement|anger|disapproval|optimism|realization|neutral
3343,27,neutral,0|2|9|10|15|17|22|27,admiration|anger|disappointment|disapproval|gratitude|joy|realization|neutral
3344,2,anger,1|13|15,amusement|excitement|gratitude
3345,15,gratitude,3|6|8|15|17|18|22|27,annoyance|confusion|desire|gratitude|joy|love|realization|neutral
3346,2|27,anger|neutral,3|5|17|18|20|25|27,annoyance|caring|joy|love|optimism|sadness|neutral
3347,15,gratitude,1|6|7|13|14|15|17|22|27,amusement|confusion|curiosity|excitement|fear|gratitude|joy|realization|neutral
3348,4,approval,0|1|3|4|14|15|18,admiration|amusement|annoyance|approval|fear|gratitude|love
3349,6,confusion,0|2|4|10|13|15|17|22,admiration|anger|approval|disapproval|excitement|gratitude|joy|realization
3350,20,optimism,0|6|7|15|22|25|27,admiration|confusion|curiosity|gratitude|realization|sadness|neutral
3351,27,neutral,3|4|5|7|15|25,annoyance|approval|caring|curiosity|gratitude|sadness
3352,27,neutral,1|2|4|6|10|18|25|27,amusement|anger|approval|confusion|disapproval|love|sadness|neutral
3353,27,neutral,0|1|2|7|9|18|22|25|26,admiration|amusement|anger|curiosity|disappointment|love|realization|sadness|surprise
3354,0|17|18,admiration|joy|love,0|3|8|11|15|17|22|25,admiration|annoyance|desire|disgust|gratitude|joy|realization|sadness
3355,27,neutral,0|1|8|9|10,admiration|amusement|desire|disappointment|disapproval
3356,7|27,curiosity|neutral,0|5|9|10|15|22|27,admiration|caring|disappointment|disapproval|gratitude|realization|neutral
3357,15,gratitude,1|13|15|20,amusement|excitement|gratitude|optimism
3358,27,neutral,0|2|3|9|18|25|27,admiration|anger|annoyance|disappointment|love|sadness|neutral
3359,18,love,8|11|14|15|18,desire|disgust|fear|gratitude|love
3360,27,neutral,0|2|3|7|9|10|13|15|18,admiration|anger|annoyance|curiosity|disappointment|disapproval|excitement|gratitude|love
3361,27,neutral,0|3|6|7|8|22|25,admiration|annoyance|confusion|curiosity|desire|realization|sadness
3362,18,love,0|1|7|8|11|13|14|26|27,admiration|amusement|curiosity|desire|disgust|excitement|fear|surprise|neutral
3363,17,joy,0|2|8|9|10|20|27,admiration|anger|desire|disappointment|disapproval|optimism|neutral
3364,27,neutral,1|8|15|25|27,amusement|desire|gratitude|sadness|neutral
3365,1|22,amusement|realization,0|1|3|15|17|18|27,admiration|amusement|annoyance|gratitude|joy|love|neutral
3366,3|27,annoyance|neutral,0|2|4|6|7|13|15|25|26,admiration|anger|approval|confusion|curiosity|excitement|gratitude|sadness|surprise
3367,27,neutral,4|18|25|27,approval|love|sadness|neutral
3368,5,caring,1|3|6|7|10|27,amusement|annoyance|confusion|curiosity|disapproval|neutral
3369,7|27,curiosity|neutral,2|4|6|11|13|15,anger|approval|confusion|disgust|excitement|gratitude
3370,27,neutral,0|1|3|5|17|27,admiration|amusement|annoyance|caring|joy|neutral
3371,20,optimism,1|4|7|9|20|25,amusement|approval|curiosity|disappointment|optimism|sadness
3372,0,admiration,0|2|6|7|11|25|26,admiration|anger|confusion|curiosity|disgust|sadness|surprise
3373,18,love,2|3|15|27,anger|annoyance|gratitude|neutral
3374,14,fear,0|2|3|4|9,admiration|anger|annoyance|approval|disappointment
3375,3,annoyance,15|17|27,gratitude|joy|neutral
3376,7,curiosity,0|1|4|10|18,admiration|amusement|approval|disapproval|love
3377,4,approval,0|1|2|6|10,admiration|amusement|anger|confusion|disapproval
3378,2|3|10,anger|annoyance|disapproval,4|5|6|7|14|17,approval|caring|confusion|curiosity|fear|joy
3379,27,neutral,0|4|5|8|17|18|27,admiration|approval|caring|desire|joy|love|neutral
3380,27,neutral,0|5|7|8|26|27,admiration|caring|curiosity|desire|surprise|neutral
3381,22,realization,0|2|3|7|10,admiration|anger|annoyance|curiosity|disapproval
3382,1,amusement,2|4|9|11|13|15|17|20|22|26,anger|approval|disappointment|disgust|excitement|gratitude|joy|optimism|realization|surprise
3383,27,neutral,4|5|7|14|15|17|18|26|27,approval|caring|curiosity|fear|gratitude|joy|love|surprise|neutral
3384,7,curiosity,4|9|11|18|20|25,approval|disappointment|disgust|love|optimism|sadness
3385,10,disapproval,5|9|11|15|17|18|25,caring|disappointment|disgust|gratitude|joy|love|sadness
3386,3,annoyance,4|5|7|8|17|20,approval|caring|curiosity|desire|joy|optimism
3387,2,anger,0|2|10|15|17|18|27,admiration|anger|disapproval|gratitude|joy|love|neutral
3388,27,neutral,0|5|13|26,admiration|caring|excitement|surprise
3389,7|10,curiosity|disapproval,4|8|15|18|27,approval|desire|gratitude|love|neutral
3390,27,neutral,1|7|10|20|27,amusement|curiosity|disapproval|optimism|neutral
3391,27,neutral,0|3|4|5|17|27,admiration|annoyance|approval|caring|joy|neutral
3392,1|6,amusement|confusion,1|2|4|7|10|15|22|26,amusement|anger|approval|curiosity|disapproval|gratitude|realization|surprise
3393,27,neutral,0|1|2|4|11|27,admiration|amusement|anger|approval|disgust|neutral
3394,27,neutral,1|11|17|20|24|25,amusement|disgust|joy|optimism|remorse|sadness
3395,4,approval,0|1|4|6|13|14|15|25,admiration|amusement|approval|confusion|excitement|fear|gratitude|sadness
3396,27,neutral,0|5|7|10|18|25|26,admiration|caring|curiosity|disapproval|love|sadness|surprise
3397,27,neutral,0|2|7,admiration|anger|curiosity
3398,27,neutral,4|15|20|26,approval|gratitude|optimism|surprise
3399,15,gratitude,9|10|20|27,disappointment|disapproval|optimism|neutral
3400,27,neutral,0|4|5|6|8|11|14|22,admiration|approval|caring|confusion|desire|disgust|fear|realization
3401,1,amusement,0|1|5|6|13|27,admiration|amusement|caring|confusion|excitement|neutral
3402,4,approval,0|6|8|10|25|27,admiration|confusion|desire|disapproval|sadness|neutral
3403,0,admiration,3|7|8|22|24|25,annoyance|curiosity|desire|realization|remorse|sadness
3404,27,neutral,9|10|14|27,disappointment|disapproval|fear|neutral
3405,27,neutral,0|6|18|20,admiration|confusion|love|optimism
3406,20,optimism,0|1|8|25|27,admiration|amusement|desire|sadness|neutral
3407,27,neutral,0|4|8|11|17|18,admiration|approval|desire|disgust|joy|love
3408,4,approval,0|1|3|15|17|18,admiration|amusement|annoyance|gratitude|joy|love
3409,27,neutral,1|8|17,amusement|desire|joy
3410,1,amusement,1|2|3|10|13|15|18|20|26,amusement|anger|annoyance|disapproval|excitement|gratitude|love|optimism|surprise
3411,27,neutral,0|5,admiration|caring
3412,6,confusion,1|3|9|18,amusement|annoyance|disappointment|love
3413,12,embarrassment,0|1|4|5|6|13|15|27,admiration|amusement|approval|caring|confusion|excitement|gratitude|neutral
3414,10,disapproval,2|3|7|10|11|12|14|18|25,anger|annoyance|curiosity|disapproval|disgust|embarrassment|fear|love|sadness
3415,27,neutral,2|18|25,anger|love|sadness
3416,24,remorse,0|1|4|15|20|27,admiration|amusement|approval|gratitude|optimism|neutral
3417,7,curiosity,0|1|5|6|15|27,admiration|amusement|caring|confusion|gratitude|neutral
3418,27,neutral,2|4|15|24,anger|approval|gratitude|remorse
3419,4,approval,2|6|15|20|25|27,anger|confusion|gratitude|optimism|sadness|neutral
3420,1,amusement,0|2|3|10|18|22|25|27,admiration|anger|annoyance|disapproval|love|realization|sadness|neutral
3421,13,excitement,0|1|2|3|22|27,admiration|amusement|anger|annoyance|realization|neutral
3422,18,love,0|3|10|18|26,admiration|annoyance|disapproval|love|surprise
3423,27,neutral,0|6|7|18|20|27,admiration|confusion|curiosity|love|optimism|neutral
3424,9|25,disappointment|sadness,4|18|22|27,approval|love|realization|neutral
3425,27,neutral,0|1|2|18|22|27,admiration|amusement|anger|love|realization|neutral
3426,3,annoyance,2|3|7|13|15|17|18|22|25,anger|annoyance|curiosity|excitement|gratitude|joy|love|realization|sadness
3427,4,approval,5|7|8|20|24|27,caring|curiosity|desire|optimism|remorse|neutral
3428,3,annoyance,0|14|18|25|26|27,admiration|fear|love|sadness|surprise|neutral
3429,27,neutral,0|2|11|18|20|24|27,admiration|anger|disgust|love|optimism|remorse|neutral
3430,15|18,gratitude|love,1|3|4|8|10,amusement|annoyance|approval|desire|disapproval
3431,10,disapproval,2|9|15|27,anger|disappointment|gratitude|neutral
3432,2|3,anger|annoyance,2|3|4|18|20|26|27,anger|annoyance|approval|love|optimism|surprise|neutral
3433,27,neutral,0|1|7|9|27,admiration|amusement|curiosity|disappointment|neutral
3434,27,neutral,0|5|15|17|20,admiration|caring|gratitude|joy|optimism
3435,27,neutral,6|27,confusion|neutral
3436,8,desire,0|5|7|9|18|24|25|27,admiration|caring|curiosity|disappointment|love|remorse|sadness|neutral
3437,27,neutral,2|3|4|6|9|13|22|27,anger|annoyance|approval|confusion|disappointment|excitement|realization|neutral
3438,27,neutral,0|7|22|27,admiration|curiosity|realization|neutral
3439,3|9,annoyance|disappointment,3|4|8|9|14|18|25,annoyance|approval|desire|disappointment|fear|love|sadness
3440,15,gratitude,6|9|15|20|22|26|27,confusion|disappointment|gratitude|optimism|realization|surprise|neutral
3441,25,sadness,0|1|2|4|7|8|13|15|22|24|26,admiration|amusement|anger|approval|curiosity|desire|excitement|gratitude|realization|remorse|surprise
3442,2|3,anger|annoyance,0|2|7|15|20|27,admiration|anger|curiosity|gratitude|optimism|neutral
3443,6,confusion,2|4|14|20|26|27,anger|approval|fear|optimism|surprise|neutral
3444,4|15,approval|gratitude,0|2|4|5|6|8|9|10|13|15|18|20,admiration|anger|approval|caring|confusion|desire|disappointment|disapproval|excitement|gratitude|love|optimism
3445,7,curiosity,2|5|6|12|13|18|22|26|27,anger|caring|confusion|embarrassment|excitement|love|realization|surprise|neutral
3446,0,admiration,1|2|5|6|17|27,amusement|anger|caring|confusion|joy|neutral
3447,27,neutral,4|15,approval|gratitude
3448,1,amusement,7|11|15|18|22|27,curiosity|disgust|gratitude|love|realization|neutral
3449,0|10,admiration|disapproval,0|2|3|4|5|6|11|15|26,admiration|anger|annoyance|approval|caring|confusion|disgust|gratitude|surprise
3450,1,amusement,3|6|9|11|15|18,annoyance|confusion|disappointment|disgust|gratitude|love
3451,26,surprise,0|1|4|10|13|15|20|27,admiration|amusement|approval|disapproval|excitement|gratitude|optimism|neutral
3452,4|27,approval|neutral,4|6|7|8|10|14|20,approval|confusion|curiosity|desire|disapproval|fear|optimism
3453,3,annoyance,7|11|14|18|27,curiosity|disgust|fear|love|neutral
3454,18,love,0|6|8|11|18|20|22|24,admiration|confusion|desire|disgust|love|optimism|realization|remorse
3455,17,joy,0|5|11|13|20|25|27,admiration|caring|disgust|excitement|optimism|sadness|neutral
3456,27,neutral,0|2|3|7|11|15|20|25,admiration|anger|annoyance|curiosity|disgust|gratitude|optimism|sadness
3457,27,neutral,0|4|6|13|17|18,admiration|approval|confusion|excitement|joy|love
3458,4,approval,0|1|3|9|14|15|17|25,admiration|amusement|annoyance|disappointment|fear|gratitude|joy|sadness
3459,27,neutral,6|15,confusion|gratitude
3460,27,neutral,2|6|9|10|18|24|26|27,anger|confusion|disappointment|disapproval|love|remorse|surprise|neutral
3461,1,amusement,0|1|4|5|6|9|10|15|18|22,admiration|amusement|approval|caring|confusion|disappointment|disapproval|gratitude|love|realization
3462,1|13,amusement|excitement,0|3|4|5|9|15,admiration|annoyance|approval|caring|disappointment|gratitude
3463,9,disappointment,7|18|20|27,curiosity|love|optimism|neutral
3464,27,neutral,0|1|7|9|18|22|24,admiration|amusement|curiosity|disappointment|love|realization|remorse
3465,27,neutral,0|2|15|26|27,admiration|anger|gratitude|surprise|neutral
3466,17,joy,0|2|3|7|9|15|18|20|26|27,admiration|anger|annoyance|curiosity|disappointment|gratitude|love|optimism|surprise|neutral
3467,15,gratitude,0|2|6|7|9|11|12|14|20|24,admiration|anger|confusion|curiosity|disappointment|disgust|embarrassment|fear|optimism|remorse
3468,1,amusement,3|4|7|12|17|22|24|25|26,annoyance|approval|curiosity|embarrassment|joy|realization|remorse|sadness|surprise
3469,3|9,annoyance|disappointment,0|4|9,admiration|approval|disappointment
3470,27,neutral,0|1|5|7|15|20|25,admiration|amusement|caring|curiosity|gratitude|optimism|sadness
3471,12|27,embarrassment|neutral,1|6|7|10|17|25|26,amusement|confusion|curiosity|disapproval|joy|sadness|surprise
3472,27,neutral,1|4|5|7|10|18|20|26|27,amusement|approval|caring|curiosity|disapproval|love|optimism|surprise|neutral
3473,27,neutral,0|2|4|6|10,admiration|anger|approval|confusion|disapproval
3474,1|4,amusement|approval,3|13|18|25|26|27,annoyance|excitement|love|sadness|surprise|neutral
3475,17,joy,17,joy
3476,5,caring,8|9|15|22|25|26|27,desire|disappointment|gratitude|realization|sadness|surprise|neutral
3477,27,neutral,4|7|13|15|20|22|26|27,approval|curiosity|excitement|gratitude|optimism|realization|surprise|neutral
3478,13,excitement,2|5|25,anger|caring|sadness
3479,25,sadness,2|3|4|10|26,anger|annoyance|approval|disapproval|surprise
3480,10,disapproval,7|17,curiosity|joy
3481,27,neutral,0|2|4|7|10|15|26|27,admiration|anger|approval|curiosity|disapproval|gratitude|surprise|neutral
3482,20,optimism,4|6|7|13|15|17|20|22,approval|confusion|curiosity|excitement|gratitude|joy|optimism|realization
3483,5|6,caring|confusion,0|1|4|6|7|10|25,admiration|amusement|approval|confusion|curiosity|disapproval|sadness
3484,18,love,0|1|7|8|9|15|18|25,admiration|amusement|curiosity|desire|disappointment|gratitude|love|sadness
3485,26,surprise,0|3|4|10|15|18|24|26,admiration|annoyance|approval|disapproval|gratitude|love|remorse|surprise
3486,1,amusement,0|2|15|17|20|27,admiration|anger|gratitude|joy|optimism|neutral
3487,14,fear,3|6|18,annoyance|confusion|love
3488,7,curiosity,3|4|5|20|26,annoyance|approval|caring|optimism|surprise
3489,15,gratitude,3|6|7|10|11|18|20|25,annoyance|confusion|curiosity|disapproval|disgust|love|optimism|sadness
3490,27,neutral,0|4|10|11|13|15|20|22|26,admiration|approval|disapproval|disgust|excitement|gratitude|optimism|realization|surprise
3491,24,remorse,0|2|7|9|15|18|25,admiration|anger|curiosity|disappointment|gratitude|love|sadness
3492,27,neutral,0|1|4|6|10|11|25,admiration|amusement|approval|confusion|disapproval|disgust|sadness
3493,27,neutral,1|2|3|7|11|15|23|24|25|26,amusement|anger|annoyance|curiosity|disgust|gratitude|relief|remorse|sadness|surprise
3494,15,gratitude,2|20|25|27,anger|optimism|sadness|neutral
3495,17,joy,0|4|5|7|14|15|20|25|27,admiration|approval|caring|curiosity|fear|gratitude|optimism|sadness|neutral
3496,3,annoyance,0|1|4|15|17,admiration|amusement|approval|gratitude|joy
3497,3,annoyance,0|3|5|10|11|20,admiration|annoyance|caring|disapproval|disgust|optimism
3498,6,confusion,1|3|10|15,amusement|annoyance|disapproval|gratitude
3499,6,confusion,0|1|2|7|13|18,admiration|amusement|anger|curiosity|excitement|love
3500,4|7,approval|curiosity,0|1|7|9|22|27,admiration|amusement|curiosity|disappointment|realization|neutral
3501,6,confusion,4|14|20|22|26|27,approval|fear|optimism|realization|surprise|neutral
3502,0|22,admiration|realization,2|3|8|10|14|15|24|26,anger|annoyance|desire|disapproval|fear|gratitude|remorse|surprise
3503,27,neutral,0|3|7|14|17|18|20|25|27,admiration|annoyance|curiosity|fear|joy|love|optimism|sadness|neutral
3504,4,approval,2|7|27,anger|curiosity|neutral
3505,27,neutral,0|1|3|6|7,admiration|amusement|annoyance|confusion|curiosity
3506,9,disappointment,0|3|4|10|11|18,admiration|annoyance|approval|disapproval|disgust|love
3507,27,neutral,1|4|6|12|13|15|18|20|26,amusement|approval|confusion|embarrassment|excitement|gratitude|love|optimism|surprise
3508,27,neutral,2|3|9|15|18,anger|annoyance|disappointment|gratitude|love
3509,27,neutral,3|6|20|25|27,annoyance|confusion|optimism|sadness|neutral
3510,3,annoyance,2|5|15|27,anger|caring|gratitude|neutral
3511,0|4,admiration|approval,1|5|6|7|9|10|15|17|18,amusement|caring|confusion|curiosity|disappointment|disapproval|gratitude|joy|love
3512,4,approval,0|3|10|18|24|27,admiration|annoyance|disapproval|love|remorse|neutral
3513,27,neutral,0|2|6|11|17|23|24|26,admiration|anger|confusion|disgust|joy|relief|remorse|surprise
3514,4|22,approval|realization,0|2|6|15|20|22,admiration|anger|confusion|gratitude|optimism|realization
3515,4,approval,24|25|27,remorse|sadness|neutral
3516,4,approval,0|1|2|13|18|27,admiration|amusement|anger|excitement|love|neutral
3517,25,sadness,5|7|10,caring|curiosity|disapproval
3518,27,neutral,0|4|5|12|13|14|22,admiration|approval|caring|embarrassment|excitement|fear|realization
3519,27,neutral,0|7|15|18|22|24,admiration|curiosity|gratitude|love|realization|remorse
3520,5|27,caring|neutral,0|1|3|5|9|10|11|17|25|27,admiration|amusement|annoyance|caring|disappointment|disapproval|disgust|joy|sadness|neutral
3521,26,surprise,3|25,annoyance|sadness
3522,0,admiration,1|8|13|14|18|24,amusement|desire|excitement|fear|love|remorse
3523,7|24,curiosity|remorse,1|2|3|8|9|11|17|25,amusement|anger|annoyance|desire|disappointment|disgust|joy|sadness
3524,2,anger,0|3|4|7|9|10|15|17|18,admiration|annoyance|approval|curiosity|disappointment|disapproval|gratitude|joy|love
3525,1,amusement,1|8|9|10|20|27,amusement|desire|disappointment|disapproval|optimism|neutral
3526,4,approval,0|1|7|11|18|22|25,admiration|amusement|curiosity|disgust|love|realization|sadness
3527,27,neutral,0|4|8|9|10|13|14|17|18,admiration|approval|desire|disappointment|disapproval|excitement|fear|joy|love
3528,14|19,fear|nervousness,0|1|3|5|7|10|20|22|24|25,admiration|amusement|annoyance|caring|curiosity|disapproval|optimism|realization|remorse|sadness
3529,13|25,excitement|sadness,2|7|14|22|27,anger|curiosity|fear|realization|neutral
3530,27,neutral,1|2|4|15|17|20|22|26,amusement|anger|approval|gratitude|joy|optimism|realization|surprise
3531,4,approval,0|4|5|10|18|22|24|27,admiration|approval|caring|disapproval|love|realization|remorse|neutral
3532,27,neutral,0|1|3|4|18|27,admiration|amusement|annoyance|approval|love|neutral
3533,27,neutral,0|3|6|10|17|24|27,admiration|annoyance|confusion|disapproval|joy|remorse|neutral
3534,11,disgust,1|3|4|5|8|15|17|18|27,amusement|annoyance|approval|caring|desire|gratitude|joy|love|neutral
3535,11|25,disgust|sadness,7|9|17|23|25|27,curiosity|disappointment|joy|relief|sadness|neutral
3536,1,amusement,1|3|4|5|10|20|22|24,amusement|annoyance|approval|caring|disapproval|optimism|realization|remorse
3537,2,anger,1|6|13|15|17|20|24|25|26|27,amusement|confusion|excitement|gratitude|joy|optimism|remorse|sadness|surprise|neutral
3538,3,annoyance,2|10|17|22|26|27,anger|disapproval|joy|realization|surprise|neutral
3539,1,amusement,3|4|6|13|22|25|27,annoyance|approval|confusion|excitement|realization|sadness|neutral
3540,0,admiration,6|17|27,confusion|joy|neutral
3541,6|7,confusion|curiosity,1|12|18|27,amusement|embarrassment|love|neutral
3542,20,optimism,4|10|20|22|25,approval|disapproval|optimism|realization|sadness
3543,1,amusement,1|11|26|27,amusement|disgust|surprise|neutral
3544,4,approval,0|1|4|14|15|25|27,admiration|amusement|approval|fear|gratitude|sadness|neutral
3545,10,disapproval,0|8|10|20|26|27,admiration|desire|disapproval|optimism|surprise|neutral
3546,15,gratitude,0|1|15|17|20|24,admiration|amusement|gratitude|joy|optimism|remorse
3547,3|10,annoyance|disapproval,0|9|15|27,admiration|disappointment|gratitude|neutral
3548,24,remorse,0|3|4|6|7|9|17|24|25,admiration|annoyance|approval|confusion|curiosity|disappointment|joy|remorse|sadness
3549,27,neutral,2|3|5|9|14|18|26,anger|annoyance|caring|disappointment|fear|love|surprise
3550,0,admiration,0|1|6|9|10|13,admiration|amusement|confusion|disappointment|disapproval|excitement
3551,18,love,1|7|18|20|25,amusement|curiosity|love|optimism|sadness
3552,27,neutral,1|7|10|13|15|20|27,amusement|curiosity|disapproval|excitement|gratitude|optimism|neutral
3553,1,amusement,5|6|11|12|15|18|20|27,caring|confusion|disgust|embarrassment|gratitude|love|optimism|neutral
3554,2,anger,0|4|17|24|27,admiration|approval|joy|remorse|neutral
3555,15,gratitude,0|3|7|8|17|18|24|25,admiration|annoyance|curiosity|desire|joy|love|remorse|sadness
3556,27,neutral,0|2|6|27,admiration|anger|confusion|neutral
3557,27,neutral,0|2|8|10|20,admiration|anger|desire|disapproval|optimism
3558,27,neutral,0|6|11|17|18|20|22|26,admiration|confusion|disgust|joy|love|optimism|realization|surprise
3559,27,neutral,6|9|10|18,confusion|disappointment|disapproval|love
3560,27,neutral,0|2|5|6|9|10|11|15|20,admiration|anger|caring|confusion|disappointment|disapproval|disgust|gratitude|optimism
3561,2|3,anger|annoyance,2|6|7|17|18|26|27,anger|confusion|curiosity|joy|love|surprise|neutral
3562,20,optimism,0|1|2|6|7|9|11|13|22|27,admiration|amusement|anger|confusion|curiosity|disappointment|disgust|excitement|realization|neutral
3563,4,approval,3|10|17|27,annoyance|disapproval|joy|neutral
3564,2,anger,0|2|4|18|23|27,admiration|anger|approval|love|relief|neutral
3565,0,admiration,0|1|5|17|27,admiration|amusement|caring|joy|neutral
3566,27,neutral,1|4|5|7|10|11|15|20,amusement|approval|caring|curiosity|disapproval|disgust|gratitude|optimism
3567,18,love,4|9|20|23|27,approval|disappointment|optimism|relief|neutral
3568,13,excitement,1|3|6|13|15|18|26,amusement|annoyance|confusion|excitement|gratitude|love|surprise
3569,27,neutral,2|3|4|11|18|22|25|26|27,anger|annoyance|approval|disgust|love|realization|sadness|surprise|neutral
3570,0,admiration,0|4|6|7|9|10|13|17|22|25,admiration|approval|confusion|curiosity|disappointment|disapproval|excitement|joy|realization|sadness
3571,11,disgust,4|10|17|22|27,approval|disapproval|joy|realization|neutral
3572,26,surprise,0|2|7|14|15,admiration|anger|curiosity|fear|gratitude
3573,5|10,caring|disapproval,7|8|15,curiosity|desire|gratitude
3574,1,amusement,0|1|4|6|7|8|10|17|18|25|26,admiration|amusement|approval|confusion|curiosity|desire|disapproval|joy|love|sadness|surprise
3575,11,disgust,2|8|9|10|17|20|27,anger|desire|disappointment|disapproval|joy|optimism|neutral
3576,27,neutral,9|11|15|27,disappointment|disgust|gratitude|neutral
3577,0,admiration,4|9|14|15|22|27,approval|disappointment|fear|gratitude|realization|neutral
3578,27,neutral,2|18|25,anger|love|sadness
3579,9,disappointment,1|2|3|4|5|7|10|18|27,amusement|anger|annoyance|approval|caring|curiosity|disapproval|love|neutral
3580,20,optimism,0|1|2|5|10|17|18|22|24|25,admiration|amusement|anger|caring|disapproval|joy|love|realization|remorse|sadness
3581,9|26,disappointment|surprise,0|2|3|4|6|20|26|27,admiration|anger|annoyance|approval|confusion|optimism|surprise|neutral
3582,7|20,curiosity|optimism,1|4|5|6|15|22,amusement|approval|caring|confusion|gratitude|realization
3583,27,neutral,0|18|22|27,admiration|love|realization|neutral
3584,5,caring,2|11|15|18|26,anger|disgust|gratitude|love|surprise
3585,1,amusement,0|1|11|17|18|26|27,admiration|amusement|disgust|joy|love|surprise|neutral
3586,27,neutral,0|4|7|8|20|22|25|27,admiration|approval|curiosity|desire|optimism|realization|sadness|neutral
3587,27,neutral,0|1|4|24|25|27,admiration|amusement|approval|remorse|sadness|neutral
3588,9,disappointment,5|7|10|15|17|26,caring|curiosity|disapproval|gratitude|joy|surprise
3589,4,approval,6|7|9|11|15|20|26,confusion|curiosity|disappointment|disgust|gratitude|optimism|surprise
3590,18|22,love|realization,0|3|5|6|9|10|26,admiration|annoyance|caring|confusion|disappointment|disapproval|surprise
3591,10,disapproval,0|1|3|4|7|27,admiration|amusement|annoyance|approval|curiosity|neutral
3592,18,love,0|6|7|8|10|13|20,admiration|confusion|curiosity|desire|disapproval|excitement|optimism
3593,7|27,curiosity|neutral,3|4|5|6|15|18|25,annoyance|approval|caring|confusion|gratitude|love|sadness
3594,10,disapproval,3|4|5|10|11|15|17|18,annoyance|approval|caring|disapproval|disgust|gratitude|joy|love
3595,17,joy,1|4|15|27,amusement|approval|gratitude|neutral
3596,4,approval,0|1|3|4|7|10|11|12|13|20,admiration|amusement|annoyance|approval|curiosity|disapproval|disgust|embarrassment|excitement|optimism
3597,3,annoyance,1|10|13|15|27,amusement|disapproval|excitement|gratitude|neutral
3598,27,neutral,0|2|3|17|22,admiration|anger|annoyance|joy|realization
3599,27,neutral,0|1|20|22,admiration|amusement|optimism|realization
3600,27,neutral,5|6|10|13|26,caring|confusion|disapproval|excitement|surprise
3601,0,admiration,1|3|5|7|18|27,amusement|annoyance|caring|curiosity|love|neutral
3602,1,amusement,8|9|18|20|27,desire|disappointment|love|optimism|neutral
3603,1|18,amusement|love,0|1|3|4|5|18|22|27,admiration|amusement|annoyance|approval|caring|love|realization|neutral
3604,15,gratitude,1|4|9|13|20|22,amusement|approval|disappointment|excitement|optimism|realization
3605,27,neutral,4|6|12|22|27,approval|confusion|embarrassment|realization|neutral
3606,4,approval,0|1|10|17|18|20,admiration|amusement|disapproval|joy|love|optimism
3607,18,love,1|9|10|18,amusement|disappointment|disapproval|love
3608,27,neutral,7|11|25|27,curiosity|disgust|sadness|neutral
3609,6,confusion,0|1|5|9|10|12,admiration|amusement|caring|disappointment|disapproval|embarrassment
3610,10,disapproval,0|3|9|15|27,admiration|annoyance|disappointment|gratitude|neutral
3611,4,approval,0|3|5|9|10|18|20|26|27,admiration|annoyance|caring|disappointment|disapproval|love|optimism|surprise|neutral
3612,27,neutral,5|6|9|10|18|20|22|27,caring|confusion|disappointment|disapproval|love|optimism|realization|neutral
3613,7,curiosity,1|4|8|9|18|20|22|27,amusement|approval|desire|disappointment|love|optimism|realization|neutral
3614,14,fear,0|7|9|13|20|22|27,admiration|curiosity|disappointment|excitement|optimism|realization|neutral
3615,27,neutral,0|2|4|7|15|17|18|20,admiration|anger|approval|curiosity|gratitude|joy|love|optimism
3616,3|9,annoyance|disappointment,1|2|10|20|27,amusement|anger|disapproval|optimism|neutral
3617,15,gratitude,3|25,annoyance|sadness
3618,5,caring,4|5|6|9|10|11|18|22|26,approval|caring|confusion|disappointment|disapproval|disgust|love|realization|surprise
3619,27,neutral,1|17|22|27,amusement|joy|realization|neutral
3620,0,admiration,1|4|10|15|17|22,amusement|approval|disapproval|gratitude|joy|realization
3621,27,neutral,1|3|7|10|17|27,amusement|annoyance|curiosity|disapproval|joy|neutral
3622,27,neutral,4|5|6|9|11|13|15|26|27,approval|caring|confusion|disappointment|disgust|excitement|gratitude|surprise|neutral
3623,15,gratitude,0|4|6|15|24|25|27,admiration|approval|confusion|gratitude|remorse|sadness|neutral
3624,4|5|7,approval|caring|curiosity,5|6|7|13|15|26,caring|confusion|curiosity|excitement|gratitude|surprise
3625,7,curiosity,10|18|19|22,disapproval|love|nervousness|realization
3626,27,neutral,10|25|27,disapproval|sadness|neutral
3627,12,embarrassment,7|11|15|16|18|22|24,curiosity|disgust|gratitude|grief|love|realization|remorse
3628,0,admiration,4|6|9|10,approval|confusion|disappointment|disapproval
3629,0,admiration,0|10|11|20|25|27,admiration|disapproval|disgust|optimism|sadness|neutral
3630,27,neutral,8|10|17|18|22|26|27,desire|disapproval|joy|love|realization|surprise|neutral
3631,5,caring,1|6|7|17|18|27,amusement|confusion|curiosity|joy|love|neutral
3632,0|3,admiration|annoyance,1|3|4|5|6|7|8|15,amusement|annoyance|approval|caring|confusion|curiosity|desire|gratitude
3633,27,neutral,6|7|22|24|25|27,confusion|curiosity|realization|remorse|sadness|neutral
3634,0|4,admiration|approval,0|1|3|6|7|18,admiration|amusement|annoyance|confusion|curiosity|love
3635,11|24,disgust|remorse,0|1|4|7|14|17|18|20|24,admiration|amusement|approval|curiosity|fear|joy|love|optimism|remorse
3636,4,approval,0|7|8|10|15|16|17|18|22,admiration|curiosity|desire|disapproval|gratitude|grief|joy|love|realization
3637,20|27,optimism|neutral,2|4|5|10|11|15|20,anger|approval|caring|disapproval|disgust|gratitude|optimism
3638,27,neutral,1|3|8|13|14|17,amusement|annoyance|desire|excitement|fear|joy
3639,5|20,caring|optimism,1|2|3|4|6|9|13|20|22,amusement|anger|annoyance|approval|confusion|disappointment|excitement|optimism|realization
3640,10,disapproval,0|1|10|15|17|20|22|25|26,admiration|amusement|disapproval|gratitude|joy|optimism|realization|sadness|surprise
3641,27,neutral,1|5|6|17|18|27,amusement|caring|confusion|joy|love|neutral
3642,27,neutral,2|5|7|10|15|22|25,anger|caring|curiosity|disapproval|gratitude|realization|sadness
3643,7,curiosity,0|1|3|6|15|18|20|22,admiration|amusement|annoyance|confusion|gratitude|love|optimism|realization
3644,8,desire,0|20|27,admiration|optimism|neutral
3645,9,disappointment,0|2|3|5|7|10|11|12|17|18|20|22|24|25,admiration|anger|annoyance|caring|curiosity|disapproval|disgust|embarrassment|joy|love|optimism|realization|remorse|sadness
3646,20,optimism,1|4|6|9|17|18|24,amusement|approval|confusion|disappointment|joy|love|remorse
3647,4,approval,3|4|7|9|14|15|17|18,annoyance|approval|curiosity|disappointment|fear|gratitude|joy|love
3648,8,desire,2|3|13|15|17|18|22,anger|annoyance|excitement|gratitude|joy|love|realization
3649,10,disapproval,2|4|13|15|17|18|22,anger|approval|excitement|gratitude|joy|love|realization
3650,4|14|18,approval|fear|love,1|3|6|8|9|10|27,amusement|annoyance|confusion|desire|disappointment|disapproval|neutral
3651,25,sadness,0|1|3|4|11|14|17|18|26,admiration|amusement|annoyance|approval|disgust|fear|joy|love|surprise
3652,15|24,gratitude|remorse,2|6|7|11,anger|confusion|curiosity|disgust
3653,10,disapproval,2|4|6|22|27,anger|approval|confusion|realization|neutral
3654,27,neutral,0|1|4|17|19,admiration|amusement|approval|joy|nervousness
3655,3,annoyance,0|1|5|18|20,admiration|amusement|caring|love|optimism
3656,10,disapproval,6|11|25,confusion|disgust|sadness
3657,27,neutral,0|3|14|17|18|22,admiration|annoyance|fear|joy|love|realization
3658,17,joy,7|13|27,curiosity|excitement|neutral
3659,26,surprise,0|1|4|13|15|22|27,admiration|amusement|approval|excitement|gratitude|realization|neutral
3660,1,amusement,0|2|15|22|27,admiration|anger|gratitude|realization|neutral
3661,10,disapproval,0|1|5|7|17,admiration|amusement|caring|curiosity|joy
3662,10,disapproval,0|1|4|5|6|8|20|22,admiration|amusement|approval|caring|confusion|desire|optimism|realization
3663,5,caring,1|4|15|26|27,amusement|approval|gratitude|surprise|neutral
3664,12,embarrassment,0|1|4|7|12|15|17|18|20,admiration|amusement|approval|curiosity|embarrassment|gratitude|joy|love|optimism
3665,27,neutral,0|3|4|7|9,admiration|annoyance|approval|curiosity|disappointment
3666,2|3,anger|annoyance,2|9|18|20|22|27,anger|disappointment|love|optimism|realization|neutral
3667,24|25,remorse|sadness,0|6|7|15|20,admiration|confusion|curiosity|gratitude|optimism
3668,18,love,1|2|6|10|20|25,amusement|anger|confusion|disapproval|optimism|sadness
3669,26,surprise,3|6|8|9|15|17|22|24|26,annoyance|confusion|desire|disappointment|gratitude|joy|realization|remorse|surprise
3670,0,admiration,4|6|26|27,approval|confusion|surprise|neutral
3671,10,disapproval,3|7|10|11|18|25,annoyance|curiosity|disapproval|disgust|love|sadness
3672,10,disapproval,0|6|7|10|13|18|20|27,admiration|confusion|curiosity|disapproval|excitement|love|optimism|neutral
3673,6,confusion,0|2|3|18|27,admiration|anger|annoyance|love|neutral
3674,27,neutral,0|3|6|13|17|26,admiration|annoyance|confusion|excitement|joy|surprise
3675,27,neutral,4|15|25,approval|gratitude|sadness
3676,27,neutral,0|4|6|17|18|22|25|26,admiration|approval|confusion|joy|love|realization|sadness|surprise
3677,9,disappointment,4|7|15|18|27,approval|curiosity|gratitude|love|neutral
3678,5,caring,0|1|5|7|8|11|13|15|25,admiration|amusement|caring|curiosity|desire|disgust|excitement|gratitude|sadness
3679,7,curiosity,2|3|8|15|27,anger|annoyance|desire|gratitude|neutral
3680,27,neutral,3|4|11|13|22|26,annoyance|approval|disgust|excitement|realization|surprise
3681,27,neutral,1|7|17|18|25|26,amusement|curiosity|joy|love|sadness|surprise
3682,0,admiration,0|2|5|12|17|18|22|27,admiration|anger|caring|embarrassment|joy|love|realization|neutral
3683,4,approval,1|3|5|15|18|20,amusement|annoyance|caring|gratitude|love|optimism
3684,19|25,nervousness|sadness,0|1|4|17|18|22,admiration|amusement|approval|joy|love|realization
3685,11|14|20,disgust|fear|optimism,5|6|7|14|27,caring|confusion|curiosity|fear|neutral
3686,4|15,approval|gratitude,0|4|7|10|13|17|26,admiration|approval|curiosity|disapproval|excitement|joy|surprise
3687,3|14,annoyance|fear,0|1|2|10|13|18|20|22,admiration|amusement|anger|disapproval|excitement|love|optimism|realization
3688,18,love,0|5|8|9|13|20|25,admiration|caring|desire|disappointment|excitement|optimism|sadness
3689,4,approval,0|6|11|14|17|27,admiration|confusion|disgust|fear|joy|neutral
3690,25,sadness,3|6|11|13|15|18,annoyance|confusion|disgust|excitement|gratitude|love
3691,22,realization,0|7|10|11|13|17|22|27,admiration|curiosity|disapproval|disgust|excitement|joy|realization|neutral
3692,4|27,approval|neutral,3|7|14|20|22|24|27,annoyance|curiosity|fear|optimism|realization|remorse|neutral
3693,1,amusement,5|7|18|26|27,caring|curiosity|love|surprise|neutral
3694,27,neutral,9|10|17|18|20|25|27,disappointment|disapproval|joy|love|optimism|sadness|neutral
3695,6,confusion,0|7|14|18|27,admiration|curiosity|fear|love|neutral
3696,27,neutral,2|3|8|10|13|14,anger|annoyance|desire|disapproval|excitement|fear
3697,27,neutral,0|1|3|4|9|15|22,admiration|amusement|annoyance|approval|disappointment|gratitude|realization
3698,20,optimism,1|2|3|5|6|8|10|25|27,amusement|anger|annoyance|caring|confusion|desire|disapproval|sadness|neutral
3699,15,gratitude,0|2|3|7|20|24|25|26,admiration|anger|annoyance|curiosity|optimism|remorse|sadness|surprise
3700,3,annoyance,0|7|15|27,admiration|curiosity|gratitude|neutral
3701,27,neutral,9|11|25|27,disappointment|disgust|sadness|neutral
3702,27,neutral,0|10|15|18|24|27,admiration|disapproval|gratitude|love|remorse|neutral
3703,11,disgust,1|4|7|10|14|20|24|25|26,amusement|approval|curiosity|disapproval|fear|optimism|remorse|sadness|surprise
3704,27,neutral,0|1|7|17|18|20|24,admiration|amusement|curiosity|joy|love|optimism|remorse
3705,26,surprise,3|5|9|11|15|17|18|20,annoyance|caring|disappointment|disgust|gratitude|joy|love|optimism
3706,3,annoyance,4|5|9|10|11|26,approval|caring|disappointment|disapproval|disgust|surprise
3707,5,caring,2|4|5|6|7|10|22|25,anger|approval|caring|confusion|curiosity|disapproval|realization|sadness
3708,27,neutral,0|6|9|15|18|20|25,admiration|confusion|disappointment|gratitude|love|optimism|sadness
3709,4,approval,2|3|9|10|15|22,anger|annoyance|disappointment|disapproval|gratitude|realization
3710,27,neutral,9|25|27,disappointment|sadness|neutral
3711,27,neutral,1|2|3|4|5|12|17|22,amusement|anger|annoyance|approval|caring|embarrassment|joy|realization
3712,3|10,annoyance|disapproval,4|20|25|27,approval|optimism|sadness|neutral
3713,27,neutral,5|10|25|27,caring|disapproval|sadness|neutral
3714,23,relief,1|2|4|27,amusement|anger|approval|neutral
3715,0|4,admiration|approval,1|8|10|17|22|27,amusement|desire|disapproval|joy|realization|neutral
3716,11,disgust,2|4|5|15|20|22|23|24|27,anger|approval|caring|gratitude|optimism|realization|relief|remorse|neutral
3717,0,admiration,2|7|9|15|25,anger|curiosity|disappointment|gratitude|sadness
3718,27,neutral,0|9|18,admiration|disappointment|love
3719,7,curiosity,6|7|10|13|15|18,confusion|curiosity|disapproval|excitement|gratitude|love
3720,27,neutral,4|6|9|10|11|27,approval|confusion|disappointment|disapproval|disgust|neutral
3721,27,neutral,0|1|5|10|13|18|25|26,admiration|amusement|caring|disapproval|excitement|love|sadness|surprise
3722,7,curiosity,0|13|17|18|27,admiration|excitement|joy|love|neutral
3723,18,love,6|7,confusion|curiosity
3724,17,joy,4|6|7|14|15|26,approval|confusion|curiosity|fear|gratitude|surprise
3725,4|22,approval|realization,6|7|10|11|24|27,confusion|curiosity|disapproval|disgust|remorse|neutral
3726,9,disappointment,1|7|15|18|20|27,amusement|curiosity|gratitude|love|optimism|neutral
3727,0,admiration,1|7|8|9|22|27,amusement|curiosity|desire|disappointment|realization|neutral
3728,0,admiration,0|3|9|15|17|27,admiration|annoyance|disappointment|gratitude|joy|neutral
3729,27,neutral,0|11|13|15|26|27,admiration|disgust|excitement|gratitude|surprise|neutral
3730,9,disappointment,0|8|20|27,admiration|desire|optimism|neutral
3731,27,neutral,0|5|7|9|17|25,admiration|caring|curiosity|disappointment|joy|sadness
3732,26,surprise,0|4|5|15|17|26|27,admiration|approval|caring|gratitude|joy|surprise|neutral
3733,17,joy,4|6|27,approval|confusion|neutral
3734,7,curiosity,6|10|17|23|26|27,confusion|disapproval|joy|relief|surprise|neutral
3735,1|17,amusement|joy,0|4|7|8|14|27,admiration|approval|curiosity|desire|fear|neutral
3736,8,desire,5|11|17|20|25|27,caring|disgust|joy|optimism|sadness|neutral
3737,27,neutral,0|1|5|8|13|17|21,admiration|amusement|caring|desire|excitement|joy|pride
3738,27,neutral,0|9|13|20|22|25|27,admiration|disappointment|excitement|optimism|realization|sadness|neutral
3739,7,curiosity,18|25|26,love|sadness|surprise
3740,19,nervousness,1|27,amusement|neutral
3741,24|25,remorse|sadness,0|5|10|13|27,admiration|caring|disapproval|excitement|neutral
3742,22|25,realization|sadness,0|1|2|7|15|17|20|22,admiration|amusement|anger|curiosity|gratitude|joy|optimism|realization
3743,27,neutral,1|13|15|18|26,amusement|excitement|gratitude|love|surprise
3744,5|27,caring|neutral,0|1|5|15|27,admiration|amusement|caring|gratitude|neutral
3745,27,neutral,4|8|15|17|27,approval|desire|gratitude|joy|neutral
3746,2|27,anger|neutral,0|9|10|14|18|20|26|27,admiration|disappointment|disapproval|fear|love|optimism|surprise|neutral
3747,7,curiosity,0|2|17|22|26|27,admiration|anger|joy|realization|surprise|neutral
3748,18,love,1|8|12|15|20|27,amusement|desire|embarrassment|gratitude|optimism|neutral
3749,18,love,2|3|9|13|14|15|17|20|27,anger|annoyance|disappointment|excitement|fear|gratitude|joy|optimism|neutral
3750,18,love,0|1|3|4|5|10|15|17|20|22|24,admiration|amusement|annoyance|approval|caring|disapproval|gratitude|joy|optimism|realization|remorse
3751,27,neutral,0|3|5|15|18|25,admiration|annoyance|caring|gratitude|love|sadness
3752,25,sadness,0|1|3|4|6|13,admiration|amusement|annoyance|approval|confusion|excitement
3753,27,neutral,0|4|5|7|14|15|22,admiration|approval|caring|curiosity|fear|gratitude|realization
3754,27,neutral,1|2|9|22,amusement|anger|disappointment|realization
3755,22,realization,4|7|20|27,approval|curiosity|optimism|neutral
3756,0,admiration,0|8|9|12|15|20,admiration|desire|disappointment|embarrassment|gratitude|optimism
3757,20,optimism,0|4|5|8|15|18|25,admiration|approval|caring|desire|gratitude|love|sadness
3758,7|25,curiosity|sadness,0|1|10|17|18|20|25,admiration|amusement|disapproval|joy|love|optimism|sadness
3759,0,admiration,0|4|7|17|27,admiration|approval|curiosity|joy|neutral
3760,4,approval,1|2|3|7|10|13|15|20,amusement|anger|annoyance|curiosity|disapproval|excitement|gratitude|optimism
3761,18,love,0|4|10|22,admiration|approval|disapproval|realization
3762,27,neutral,0|7|18|20|25|26,admiration|curiosity|love|optimism|sadness|surprise
3763,22|27,realization|neutral,3|7|15|17|22|26|27,annoyance|curiosity|gratitude|joy|realization|surprise|neutral
3764,2|3,anger|annoyance,0|2|3|9|15|27,admiration|anger|annoyance|disappointment|gratitude|neutral
3765,18,love,0|4|7|10|13|15|20|25|26|27,admiration|approval|curiosity|disapproval|excitement|gratitude|optimism|sadness|surprise|neutral
3766,13,excitement,2|4|5|6|22,anger|approval|caring|confusion|realization
3767,5,caring,1|2|5|6|12|25|26,amusement|anger|caring|confusion|embarrassment|sadness|surprise
3768,27,neutral,6|27,confusion|neutral
3769,18,love,4|7|8|15|27,approval|curiosity|desire|gratitude|neutral
3770,27,neutral,13|15|18|20|22|27,excitement|gratitude|love|optimism|realization|neutral
3771,27,neutral,0|4|5|6|8|9|12|14|15|18,admiration|approval|caring|confusion|desire|disappointment|embarrassment|fear|gratitude|love
3772,5|14,caring|fear,3|13|25|27,annoyance|excitement|sadness|neutral
3773,25,sadness,3|6|7|9|10|11|13|15|17|24|25,annoyance|confusion|curiosity|disappointment|disapproval|disgust|excitement|gratitude|joy|remorse|sadness
3774,27,neutral,4|9|15|18|27,approval|disappointment|gratitude|love|neutral
3775,4,approval,0|4|9|17|18|20|25|27,admiration|approval|disappointment|joy|love|optimism|sadness|neutral
3776,5|8|20|25,caring|desire|optimism|sadness,0|1|2|4|5|10|18|20,admiration|amusement|anger|approval|caring|disapproval|love|optimism
3777,27,neutral,0|2|7|22|27,admiration|anger|curiosity|realization|neutral
3778,9,disappointment,1|3|4|10|13|15|26,amusement|annoyance|approval|disapproval|excitement|gratitude|surprise
3779,0,admiration,7|9|13|17|26|27,curiosity|disappointment|excitement|joy|surprise|neutral
3780,13,excitement,2|5|10|11|15|18|22|27,anger|caring|disapproval|disgust|gratitude|love|realization|neutral
3781,27,neutral,3|4|27,annoyance|approval|neutral
3782,0,admiration,4|6|7|17|18|20|22,approval|confusion|curiosity|joy|love|optimism|realization
3783,7,curiosity,4|7|10|18|20|27,approval|curiosity|disapproval|love|optimism|neutral
3784,18,love,0|1|4|5|6|10|13|22,admiration|amusement|approval|caring|confusion|disapproval|excitement|realization
3785,13|26,excitement|surprise,13|17|20|27,excitement|joy|optimism|neutral
3786,15,gratitude,0|1|7|20|25|27,admiration|amusement|curiosity|optimism|sadness|neutral
3787,27,neutral,2|3|4|7|9|15|25|27,anger|annoyance|approval|curiosity|disappointment|gratitude|sadness|neutral
3788,0,admiration,1|4|10|15|27,amusement|approval|disapproval|gratitude|neutral
3789,27,neutral,0|2|14|15|18|26,admiration|anger|fear|gratitude|love|surprise
3790,3|27,annoyance|neutral,2|3|6|7|13|14|18|22,anger|annoyance|confusion|curiosity|excitement|fear|love|realization
3791,4,approval,0|7|18|24|25,admiration|curiosity|love|remorse|sadness
3792,4,approval,0|1|4|6|8|10|25,admiration|amusement|approval|confusion|desire|disapproval|sadness
3793,27,neutral,4|7|10|15|27,approval|curiosity|disapproval|gratitude|neutral
3794,27,neutral,0|3|6|7|10|20|24,admiration|annoyance|confusion|curiosity|disapproval|optimism|remorse
3795,4,approval,3|4|5|8|9|13|17|18|25,annoyance|approval|caring|desire|disappointment|excitement|joy|love|sadness
3796,11,disgust,0|4|5|6|9|10|15|20,admiration|approval|caring|confusion|disappointment|disapproval|gratitude|optimism
3797,10,disapproval,1|4|6|7|11|15,amusement|approval|confusion|curiosity|disgust|gratitude
3798,27,neutral,0|1|3|4|6|7|20,admiration|amusement|annoyance|approval|confusion|curiosity|optimism
3799,20,optimism,0|1|6|13|17|27,admiration|amusement|confusion|excitement|joy|neutral
3800,27,neutral,1|3|10|27,amusement|annoyance|disapproval|neutral
3801,5,caring,5|6|7|10|18|22|27,caring|confusion|curiosity|disapproval|love|realization|neutral
3802,7,curiosity,0|2|3|4|7|9|24|27,admiration|anger|annoyance|approval|curiosity|disappointment|remorse|neutral
3803,27,neutral,0|3|4|10|18|22,admiration|annoyance|approval|disapproval|love|realization
3804,2|3,anger|annoyance,4|17|18|27,approval|joy|love|neutral
3805,1,amusement,7|9|10|11|17|20|25|27,curiosity|disappointment|disapproval|disgust|joy|optimism|sadness|neutral
3806,27,neutral,0|1|4|7|9|11|15|18|20|25,admiration|amusement|approval|curiosity|disappointment|disgust|gratitude|love|optimism|sadness
3807,27,neutral,6|10|20|22|27,confusion|disapproval|optimism|realization|neutral
3808,1|4,amusement|approval,2|4|7|20|24|26,anger|approval|curiosity|optimism|remorse|surprise
3809,0|14,admiration|fear,0|7|12|25|27,admiration|curiosity|embarrassment|sadness|neutral
3810,18,love,9|11|17|24|25|26|27,disappointment|disgust|joy|remorse|sadness|surprise|neutral
3811,27,neutral,2|3|5|9|10|13|15|25,anger|annoyance|caring|disappointment|disapproval|excitement|gratitude|sadness
3812,5,caring,0|6|8|15|18,admiration|confusion|desire|gratitude|love
3813,18,love,2|3|4|13|20|22|24,anger|annoyance|approval|excitement|optimism|realization|remorse
3814,3,annoyance,3|10|18|20|22|24|27,annoyance|disapproval|love|optimism|realization|remorse|neutral
3815,18,love,2|3|5|18|20|24|25|27,anger|annoyance|caring|love|optimism|remorse|sadness|neutral
3816,22|27,realization|neutral,2|5|14|17|20|25|26|27,anger|caring|fear|joy|optimism|sadness|surprise|neutral
3817,27,neutral,2|3|5|6|17|18,anger|annoyance|caring|confusion|joy|love
3818,27,neutral,3|8|10|14|27,annoyance|desire|disapproval|fear|neutral
3819,3,annoyance,0|5|7|8|10|15|20|22,admiration|caring|curiosity|desire|disapproval|gratitude|optimism|realization
3820,1,amusement,0|3|8|10|11|15|18|20|25|26,admiration|annoyance|desire|disapproval|disgust|gratitude|love|optimism|sadness|surprise
3821,26,surprise,0|1|3|7|9|25,admiration|amusement|annoyance|curiosity|disappointment|sadness
3822,14,fear,0|3|8|9|10|13|20,admiration|annoyance|desire|disappointment|disapproval|excitement|optimism
3823,10,disapproval,1|2|3|4|15|24|27,amusement|anger|annoyance|approval|gratitude|remorse|neutral
3824,27,neutral,0|2|4|7|14|27,admiration|anger|approval|curiosity|fear|neutral
3825,0,admiration,0|1|11|17|27,admiration|amusement|disgust|joy|neutral
3826,15,gratitude,0|2|3|4|5|25|26,admiration|anger|annoyance|approval|caring|sadness|surprise
3827,27,neutral,0|6|7|9|25|27,admiration|confusion|curiosity|disappointment|sadness|neutral
3828,27,neutral,1|2|10|27,amusement|anger|disapproval|neutral
3829,6|7,confusion|curiosity,7|24|25|27,curiosity|remorse|sadness|neutral
3830,3,annoyance,0|1|6|7|20|25|27,admiration|amusement|confusion|curiosity|optimism|sadness|neutral
3831,1,amusement,0|3|4|7|9|17,admiration|annoyance|approval|curiosity|disappointment|joy
3832,10,disapproval,0|1|2|15|18|20|22|27,admiration|amusement|anger|gratitude|love|optimism|realization|neutral
3833,1,amusement,1|3|4|7|11|17|25,amusement|annoyance|approval|curiosity|disgust|joy|sadness
3834,27,neutral,7|15|25|27,curiosity|gratitude|sadness|neutral
3835,3,annoyance,3|5|6|10|15|25|27,annoyance|caring|confusion|disapproval|gratitude|sadness|neutral
3836,27,neutral,3|5|7|9|13|20|27,annoyance|caring|curiosity|disappointment|excitement|optimism|neutral
3837,27,neutral,0|1|3|6|10|26|27,admiration|amusement|annoyance|confusion|disapproval|surprise|neutral
3838,1,amusement,4|6|7|9|13|14|17|27,approval|confusion|curiosity|disappointment|excitement|fear|joy|neutral
3839,27,neutral,0|4|10|15|17,admiration|approval|disapproval|gratitude|joy
3840,5|15,caring|gratitude,7|10|15|20|22|27,curiosity|disapproval|gratitude|optimism|realization|neutral
3841,27,neutral,0|7|10|15|25|26,admiration|curiosity|disapproval|gratitude|sadness|surprise
3842,27,neutral,0|10|17|20|25|27,admiration|disapproval|joy|optimism|sadness|neutral
3843,4,approval,2|3|4|14|17|25|27,anger|annoyance|approval|fear|joy|sadness|neutral
3844,8,desire,0|3|14|22,admiration|annoyance|fear|realization
3845,7,curiosity,2|4|7|11|22,anger|approval|curiosity|disgust|realization
3846,15|22,gratitude|realization,0|1|3|6|10|11|13|17|18|20|22|23|26,admiration|amusement|annoyance|confusion|disapproval|disgust|excitement|joy|love|optimism|realization|relief|surprise
3847,8,desire,0|1|22|25|27,admiration|amusement|realization|sadness|neutral
3848,20,optimism,3|4|5|11|13|24,annoyance|approval|caring|disgust|excitement|remorse
3849,1,amusement,3|6|10|13|15|17|22|27,annoyance|confusion|disapproval|excitement|gratitude|joy|realization|neutral
3850,25,sadness,0|1|2|4|7|18,admiration|amusement|anger|approval|curiosity|love
3851,7,curiosity,4|8|9|18|22|24|27,approval|desire|disappointment|love|realization|remorse|neutral
3852,17,joy,0|3|4|10|15|17|20|22,admiration|annoyance|approval|disapproval|gratitude|joy|optimism|realization
3853,4,approval,4|9|13|17|22|27,approval|disappointment|excitement|joy|realization|neutral
3854,27,neutral,3|7|8|10|13|17,annoyance|curiosity|desire|disapproval|excitement|joy
3855,3|12,annoyance|embarrassment,2|5|8|17|22|27,anger|caring|desire|joy|realization|neutral
3856,2,anger,1|4|5,amusement|approval|caring
3857,0|20,admiration|optimism,3|4|5|9|10|18|20|27,annoyance|approval|caring|disappointment|disapproval|love|optimism|neutral
3858,27,neutral,4|14|17|25|26,approval|fear|joy|sadness|surprise
3859,27,neutral,3|4|7|14|15|17,annoyance|approval|curiosity|fear|gratitude|joy
3860,3,annoyance,17|25|27,joy|sadness|neutral
3861,15|20,gratitude|optimism,2|3|4|7|9|10|17|22,anger|annoyance|approval|curiosity|disappointment|disapproval|joy|realization
3862,15,gratitude,4|6|15,approval|confusion|gratitude
3863,27,neutral,0|4|5|22|24|25,admiration|approval|caring|realization|remorse|sadness
3864,27,neutral,5|7|18|27,caring|curiosity|love|neutral
3865,27,neutral,4|5|10|15|18|25|26|27,approval|caring|disapproval|gratitude|love|sadness|surprise|neutral
3866,2,anger,1|4|10|15|20|27,amusement|approval|disapproval|gratitude|optimism|neutral
3867,27,neutral,1|2|5|6|15|17|18|20|25,amusement|anger|caring|confusion|gratitude|joy|love|optimism|sadness
3868,2,anger,3|7|10|11|14|27,annoyance|curiosity|disapproval|disgust|fear|neutral
3869,2,anger,3|9|17|18|27,annoyance|disappointment|joy|love|neutral
3870,27,neutral,1|2|4|8|10|15|18|20|24|25,amusement|anger|approval|desire|disapproval|gratitude|love|optimism|remorse|sadness
3871,18,love,0|3|4|15|27,admiration|annoyance|approval|gratitude|neutral
3872,15,gratitude,1|3|4|6|18|22,amusement|annoyance|approval|confusion|love|realization
3873,27,neutral,0|4|7|8|15|17|18|22,admiration|approval|curiosity|desire|gratitude|joy|love|realization
3874,27,neutral,0|1|4|18,admiration|amusement|approval|love
3875,27,neutral,0|4|8|9|10|17|18|20|22|26,admiration|approval|desire|disappointment|disapproval|joy|love|optimism|realization|surprise
3876,27,neutral,0|3|5|14|18|20|22,admiration|annoyance|caring|fear|love|optimism|realization
3877,6,confusion,1|3|11|17|18|22|27,amusement|annoyance|disgust|joy|love|realization|neutral
3878,6,confusion,1|2|3|9|13|14|22|27,amusement|anger|annoyance|disappointment|excitement|fear|realization|neutral
3879,7,curiosity,0|3|4|5|10|25|26|27,admiration|annoyance|approval|caring|disapproval|sadness|surprise|neutral
3880,2|20,anger|optimism,2|4|7|10|14,anger|approval|curiosity|disapproval|fear
3881,6|22,confusion|realization,0|1|2|22|25,admiration|amusement|anger|realization|sadness
3882,10,disapproval,0|2|4|6|7|10|11|13|20|22|24|25,admiration|anger|approval|confusion|curiosity|disapproval|disgust|excitement|optimism|realization|remorse|sadness
3883,27,neutral,0|3|5|10|17|27,admiration|annoyance|caring|disapproval|joy|neutral
3884,6,confusion,2|7|9,anger|curiosity|disappointment
3885,27,neutral,0|4|5|6|14|17|18,admiration|approval|caring|confusion|fear|joy|love
3886,27,neutral,4|25|27,approval|sadness|neutral
3887,12,embarrassment,1|3|4|5|8|18,amusement|annoyance|approval|caring|desire|love
3888,7,curiosity,0|2|3|4|7|11|27,admiration|anger|annoyance|approval|curiosity|disgust|neutral
3889,27,neutral,0|1|2|3|10|11|20|22|26,admiration|amusement|anger|annoyance|disapproval|disgust|optimism|realization|surprise
3890,9,disappointment,1|3|5|10|13|14|15|17|19,amusement|annoyance|caring|disapproval|excitement|fear|gratitude|joy|nervousness
3891,10,disapproval,5|10|15|27,caring|disapproval|gratitude|neutral
3892,27,neutral,3|6|7|10|20,annoyance|confusion|curiosity|disapproval|optimism
3893,4|6|7,approval|confusion|curiosity,0|6|7|13|15|18|22|26|27,admiration|confusion|curiosity|excitement|gratitude|love|realization|surprise|neutral
3894,4,approval,5|15|17,caring|gratitude|joy
3895,27,neutral,1|7|8|9|27,amusement|curiosity|desire|disappointment|neutral
3896,15,gratitude,3|5|9|25,annoyance|caring|disappointment|sadness
3897,7,curiosity,0|1|2|4|20,admiration|amusement|anger|approval|optimism
3898,4,approval,3|6|7|9|11|15|25|26|27,annoyance|confusion|curiosity|disappointment|disgust|gratitude|sadness|surprise|neutral
3899,1,amusement,1|2|3|4|7|15|25|26,amusement|anger|annoyance|approval|curiosity|gratitude|sadness|surprise
3900,4,approval,0|10|17|18|24|25|26,admiration|disapproval|joy|love|remorse|sadness|surprise
3901,6,confusion,2|8|9|18|20|22|25|26|27,anger|desire|disappointment|love|optimism|realization|sadness|surprise|neutral
3902,27,neutral,1|5|8|25,amusement|caring|desire|sadness
3903,3|10,annoyance|disapproval,1|3|4|5|8|9|10|13|15|18|25,amusement|annoyance|approval|caring|desire|disappointment|disapproval|excitement|gratitude|love|sadness
3904,0|15,admiration|gratitude,0|6|7|9|11|27,admiration|confusion|curiosity|disappointment|disgust|neutral
3905,27,neutral,1|3|6|20|24,amusement|annoyance|confusion|optimism|remorse
3906,1|18,amusement|love,1|9|10|15|25|27,amusement|disappointment|disapproval|gratitude|sadness|neutral
3907,27,neutral,0|3|4|6|11|27,admiration|annoyance|approval|confusion|disgust|neutral
3908,7,curiosity,0|4|5|7|15,admiration|approval|caring|curiosity|gratitude
3909,17,joy,2|6|10|15|27,anger|confusion|disapproval|gratitude|neutral
3910,5|27,caring|neutral,5|7|8|17,caring|curiosity|desire|joy
3911,22,realization,0|1|2|5|7|8|9|10|15|24|27,admiration|amusement|anger|caring|curiosity|desire|disappointment|disapproval|gratitude|remorse|neutral
3912,27,neutral,4|25|27,approval|sadness|neutral
3913,18,love,0|3|7|10|15|18,admiration|annoyance|curiosity|disapproval|gratitude|love
3914,15,gratitude,3|6|7|8|14|17|22|25|27,annoyance|confusion|curiosity|desire|fear|joy|realization|sadness|neutral
3915,2|3,anger|annoyance,3|5|9|13|18|24|25|27,annoyance|caring|disappointment|excitement|love|remorse|sadness|neutral
3916,2,anger,0|4|11|13,admiration|approval|disgust|excitement
3917,7,curiosity,1|4|5|10|15|22|25,amusement|approval|caring|disapproval|gratitude|realization|sadness
3918,27,neutral,2|11|17|18,anger|disgust|joy|love
3919,27,neutral,2|5|10|14|15|18|25|26|27,anger|caring|disapproval|fear|gratitude|love|sadness|surprise|neutral
3920,7,curiosity,7|10|27,curiosity|disapproval|neutral
3921,0,admiration,1|4|10|13|18|27,amusement|approval|disapproval|excitement|love|neutral
3922,4,approval,0|4|15,admiration|approval|gratitude
3923,4,approval,0|6|10|11|14|15|17|26,admiration|confusion|disapproval|disgust|fear|gratitude|joy|surprise
3924,27,neutral,1|2|7|8|9|15|18|20|26|27,amusement|anger|curiosity|desire|disappointment|gratitude|love|optimism|surprise|neutral
3925,27,neutral,1|4|5|18|22|26,amusement|approval|caring|love|realization|surprise
3926,15|26,gratitude|surprise,0|2|3|7|8|20|24|27,admiration|anger|annoyance|curiosity|desire|optimism|remorse|neutral
3927,2|3,anger|annoyance,0|1|4|18|27,admiration|amusement|approval|love|neutral
3928,27,neutral,1|7|11|18|20|26|27,amusement|curiosity|disgust|love|optimism|surprise|neutral
3929,15,gratitude,2|3|7|9|20|22|25|26,anger|annoyance|curiosity|disappointment|optimism|realization|sadness|surprise
3930,10,disapproval,2|3|9|10|11|15|17|18|22,anger|annoyance|disappointment|disapproval|disgust|gratitude|joy|love|realization
3931,2|3,anger|annoyance,2|3|5|6|9|17,anger|annoyance|caring|confusion|disappointment|joy
3932,27,neutral,4|8|9|18|27,approval|desire|disappointment|love|neutral
3933,0,admiration,1|3|9|11|13|26|27,amusement|annoyance|disappointment|disgust|excitement|surprise|neutral
3934,5|24,caring|remorse,0|2|3|8|10|15|18|19,admiration|anger|annoyance|desire|disapproval|gratitude|love|nervousness
3935,27,neutral,0|2|7|15|17|18|20|25,admiration|anger|curiosity|gratitude|joy|love|optimism|sadness
3936,22|27,realization|neutral,0|1|9|13|22|27,admiration|amusement|disappointment|excitement|realization|neutral
3937,27,neutral,1|3|15|17|22|24|27,amusement|annoyance|gratitude|joy|realization|remorse|neutral
3938,22,realization,0|2|7|8|11|17|18,admiration|anger|curiosity|desire|disgust|joy|love
3939,26,surprise,0|1|4|7|9|10|15|25,admiration|amusement|approval|curiosity|disappointment|disapproval|gratitude|sadness
3940,1,amusement,2|3|7|8|15|24|27,anger|annoyance|curiosity|desire|gratitude|remorse|neutral
3941,3,annoyance,4|6|8|15|23|27,approval|confusion|desire|gratitude|relief|neutral
3942,15,gratitude,3|5|10|17|26,annoyance|caring|disapproval|joy|surprise
3943,3|10,annoyance|disapproval,4|5|8|10|13|15|27,approval|caring|desire|disapproval|excitement|gratitude|neutral
3944,1|15,amusement|gratitude,3|4|10|11|20|24|27,annoyance|approval|disapproval|disgust|optimism|remorse|neutral
3945,24,remorse,0|2|3|4|5|7|11|17|25,admiration|anger|annoyance|approval|caring|curiosity|disgust|joy|sadness
3946,27,neutral,0|1|3|10,admiration|amusement|annoyance|disapproval
3947,27,neutral,0|1|4|9|24,admiration|amusement|approval|disappointment|remorse
3948,27,neutral,13|17|27,excitement|joy|neutral
3949,27,neutral,13|17|25|27,excitement|joy|sadness|neutral
3950,4,approval,0|7|27,admiration|curiosity|neutral
3951,27,neutral,6|10|13|17|20|25|27,confusion|disapproval|excitement|joy|optimism|sadness|neutral
3952,20,optimism,1|10|15|22|25,amusement|disapproval|gratitude|realization|sadness
3953,27,neutral,0|4|10|18|25|26|27,admiration|approval|disapproval|love|sadness|surprise|neutral
3954,18,love,5|7|9|10|13|25|26,caring|curiosity|disappointment|disapproval|excitement|sadness|surprise
3955,25,sadness,3|4|10|13|20|26,annoyance|approval|disapproval|excitement|optimism|surprise
3956,25,sadness,3|4|6|9|14|17|18|20|26,annoyance|approval|confusion|disappointment|fear|joy|love|optimism|surprise
3957,25,sadness,7|13|17|18|22,curiosity|excitement|joy|love|realization
3958,27,neutral,2|15|25,anger|gratitude|sadness
3959,4,approval,0|10|13|18|26,admiration|disapproval|excitement|love|surprise
3960,27,neutral,5|6|9|22|27,caring|confusion|disappointment|realization|neutral
3961,1,amusement,0|4|8|10|18|27,admiration|approval|desire|disapproval|love|neutral
3962,0,admiration,10|11|15|25|27,disapproval|disgust|gratitude|sadness|neutral
3963,15,gratitude,0|1|7|13|15|20|25,admiration|amusement|curiosity|excitement|gratitude|optimism|sadness
3964,18,love,0|15|22|24|27,admiration|gratitude|realization|remorse|neutral
3965,27,neutral,4|5|15|17|18|26|27,approval|caring|gratitude|joy|love|surprise|neutral
3966,1,amusement,1|3|4|13|20|26|27,amusement|annoyance|approval|excitement|optimism|surprise|neutral
3967,1|2,amusement|anger,0|3|7|10|13|24,admiration|annoyance|curiosity|disapproval|excitement|remorse
3968,3,annoyance,2|4|7|13|15|17|18|22,anger|approval|curiosity|excitement|gratitude|joy|love|realization
3969,18,love,5|7|15,caring|curiosity|gratitude
3970,27,neutral,3|6|10|15|22|27,annoyance|confusion|disapproval|gratitude|realization|neutral
3971,0,admiration,4|5|6|10|11|14|15|18|20|25,approval|caring|confusion|disapproval|disgust|fear|gratitude|love|optimism|sadness
3972,0,admiration,2|4|6|27,anger|approval|confusion|neutral
3973,27,neutral,0|1|3|4|5|6|10|18|19|20,admiration|amusement|annoyance|approval|caring|confusion|disapproval|love|nervousness|optimism
3974,27,neutral,1|2|3|4|7|9|11,amusement|anger|annoyance|approval|curiosity|disappointment|disgust
3975,27,neutral,4|7|9|10|13|15|27,approval|curiosity|disappointment|disapproval|excitement|gratitude|neutral
3976,8,desire,0|4|5|9|15|17|18|22|24|25|26,admiration|approval|caring|disappointment|gratitude|joy|love|realization|remorse|sadness|surprise
3977,0,admiration,2|3|18|25,anger|annoyance|love|sadness
3978,11,disgust,0|1|6|9|18|27,admiration|amusement|confusion|disappointment|love|neutral
3979,4,approval,1|4|6|20|27,amusement|approval|confusion|optimism|neutral
3980,27,neutral,0|1|11|22|27,admiration|amusement|disgust|realization|neutral
3981,3|25,annoyance|sadness,0|3|5|13|17|18,admiration|annoyance|caring|excitement|joy|love
3982,9,disappointment,1|3|6|8|15|17|18|20|26,amusement|annoyance|confusion|desire|gratitude|joy|love|optimism|surprise
3983,18,love,0|4|10|13|15,admiration|approval|disapproval|excitement|gratitude
3984,27,neutral,0|5|6|18|24|27,admiration|caring|confusion|love|remorse|neutral
3985,27,neutral,0|6|7|10|15|17|22|26|27,admiration|confusion|curiosity|disapproval|gratitude|joy|realization|surprise|neutral
3986,27,neutral,3|4|10|27,annoyance|approval|disapproval|neutral
3987,27,neutral,1|4|10|13|17|27,amusement|approval|disapproval|excitement|joy|neutral
3988,26,surprise,4|10|11|20|25|26,approval|disapproval|disgust|optimism|sadness|surprise
3989,27,neutral,0|5|9|10|15|22,admiration|caring|disappointment|disapproval|gratitude|realization
3990,27,neutral,1|4|5|17|26,amusement|approval|caring|joy|surprise
3991,18,love,0|2|5|9|10|11|13|15|18|22,admiration|anger|caring|disappointment|disapproval|disgust|excitement|gratitude|love|realization
3992,3|9|14,annoyance|disappointment|fear,0|2|4|9|10|15|18|24|27,admiration|anger|approval|disappointment|disapproval|gratitude|love|remorse|neutral
3993,7,curiosity,0|5|14|17|18|26,admiration|caring|fear|joy|love|surprise
3994,3|22,annoyance|realization,9|18|20|22|25,disappointment|love|optimism|realization|sadness
3995,27,neutral,0|1|3|6|9|10|11|14|18,admiration|amusement|annoyance|confusion|disappointment|disapproval|disgust|fear|love
3996,1,amusement,3|4|9|15|20|22|26|27,annoyance|approval|disappointment|gratitude|optimism|realization|surprise|neutral
3997,5,caring,1|6|7|10|22|27,amusement|confusion|curiosity|disapproval|realization|neutral
3998,2|3,anger|annoyance,7|10|14|18|20|25|27,curiosity|disapproval|fear|love|optimism|sadness|neutral
3999,1|27,amusement|neutral,8|25|27,desire|sadness|neutral
4000,5,caring,1|2|4|6|13|24|25|27,amusement|anger|approval|confusion|excitement|remorse|sadness|neutral
4001,26,surprise,0|1|4|10|11|13|15|18,admiration|amusement|approval|disapproval|disgust|excitement|gratitude|love
4002,27,neutral,4|6|10|17|20|22|27,approval|confusion|disapproval|joy|optimism|realization|neutral
4003,1,amusement,9|11|12|15|18|25|26|27,disappointment|disgust|embarrassment|gratitude|love|sadness|surprise|neutral
4004,27,neutral,3|4|10|15|17|20|22|26|27,annoyance|approval|disapproval|gratitude|joy|optimism|realization|surprise|neutral
4005,27,neutral,5|11|15|18|20|27,caring|disgust|gratitude|love|optimism|neutral
4006,1,amusement,3|11|20|27,annoyance|disgust|optimism|neutral
4007,27,neutral,1|2|4|5|9|10|15|17|25,amusement|anger|approval|caring|disappointment|disapproval|gratitude|joy|sadness
4008,27,neutral,1|4|7|22,amusement|approval|curiosity|realization
4009,27,neutral,0|1|4|27,admiration|amusement|approval|neutral
4010,20|25,optimism|sadness,0|1|3|6|10|17|26|27,admiration|amusement|annoyance|confusion|disapproval|joy|surprise|neutral
4011,4|20,approval|optimism,1|3|7|15|18|20|25,amusement|annoyance|curiosity|gratitude|love|optimism|sadness
4012,10,disapproval,1|6|24|27,amusement|confusion|remorse|neutral
4013,10,disapproval,5|6|10|18,caring|confusion|disapproval|love
4014,6,confusion,3|14|20|25|26|27,annoyance|fear|optimism|sadness|surprise|neutral
4015,10,disapproval,6|7|9|11|12|15|18|20|22|27,confusion|curiosity|disappointment|disgust|embarrassment|gratitude|love|optimism|realization|neutral
4016,10|11,disapproval|disgust,3|15|18|20|22|25|26,annoyance|gratitude|love|optimism|realization|sadness|surprise
4017,26,surprise,3|10|11|24|25,annoyance|disapproval|disgust|remorse|sadness
4018,4,approval,3|11|13|14|17|18|20|27,annoyance|disgust|excitement|fear|joy|love|optimism|neutral
4019,27,neutral,0|15|27,admiration|gratitude|neutral
4020,0,admiration,1|2|3|8|23|26,amusement|anger|annoyance|desire|relief|surprise
4021,24,remorse,4|7|10|20|22|25,approval|curiosity|disapproval|optimism|realization|sadness
4022,5|19,caring|nervousness,2|25,anger|sadness
4023,0|18,admiration|love,0|11|13|25|27,admiration|disgust|excitement|sadness|neutral
4024,10,disapproval,1|7|8|15|18|26,amusement|curiosity|desire|gratitude|love|surprise
4025,7,curiosity,0|1|2|9|17|26|27,admiration|amusement|anger|disappointment|joy|surprise|neutral
4026,27,neutral,2|5|13|14|18|27,anger|caring|excitement|fear|love|neutral
4027,27,neutral,7|15,curiosity|gratitude
4028,11,disgust,0|7|10|18|20|22|25,admiration|curiosity|disapproval|love|optimism|realization|sadness
4029,22,realization,6|7|13|17|18|25,confusion|curiosity|excitement|joy|love|sadness
4030,8,desire,2|5|10|11|15|17|18,anger|caring|disapproval|disgust|gratitude|joy|love
4031,18,love,3|9|17|18|24|27,annoyance|disappointment|joy|love|remorse|neutral
4032,11,disgust,1|2|7|14|17|25|27,amusement|anger|curiosity|fear|joy|sadness|neutral
4033,14,fear,1|5|6|20,amusement|caring|confusion|optimism
4034,1|17,amusement|joy,1|3|4|5|6|9|18,amusement|annoyance|approval|caring|confusion|disappointment|love
4035,15,gratitude,7|10|18|26|27,curiosity|disapproval|love|surprise|neutral
4036,27,neutral,0|8|15|21|26|27,admiration|desire|gratitude|pride|surprise|neutral
4037,27,neutral,2|3|4|5|10|17|20,anger|annoyance|approval|caring|disapproval|joy|optimism
4038,10,disapproval,0|1|2|5|7|8|18|20,admiration|amusement|anger|caring|curiosity|desire|love|optimism
4039,27,neutral,0|5|7|11|13|15|17|24|25,admiration|caring|curiosity|disgust|excitement|gratitude|joy|remorse|sadness
4040,25,sadness,3|7|10|20|27,annoyance|curiosity|disapproval|optimism|neutral
4041,27,neutral,0|1|10|15|18|22|27,admiration|amusement|disapproval|gratitude|love|realization|neutral
4042,10,disapproval,1|2|6|7|10|27,amusement|anger|confusion|curiosity|disapproval|neutral
4043,27,neutral,4|8|10|15|18|20|25,approval|desire|disapproval|gratitude|love|optimism|sadness
4044,9,disappointment,1|3|6|7|11|14|24|25,amusement|annoyance|confusion|curiosity|disgust|fear|remorse|sadness
4045,9,disappointment,4|6|22|25|26|27,approval|confusion|realization|sadness|surprise|neutral
4046,18,love,0|2|6|7|13|24|27,admiration|anger|confusion|curiosity|excitement|remorse|neutral
4047,27,neutral,3|10|15|26,annoyance|disapproval|gratitude|surprise
4048,6,confusion,1|4|6|7|9|15|25,amusement|approval|confusion|curiosity|disappointment|gratitude|sadness
4049,27,neutral,0|1|3|6|7|20|27,admiration|amusement|annoyance|confusion|curiosity|optimism|neutral
4050,5,caring,4|9|25,approval|disappointment|sadness
4051,2|3,anger|annoyance,1|4|5|7|9|11|26|27,amusement|approval|caring|curiosity|disappointment|disgust|surprise|neutral
4052,27,neutral,1|2|3|4|6|7|9|17|18|22|25,amusement|anger|annoyance|approval|confusion|curiosity|disappointment|joy|love|realization|sadness
4053,27,neutral,0|10|18,admiration|disapproval|love
4054,7,curiosity,0|1|3|5|6|8|9|13|17,admiration|amusement|annoyance|caring|confusion|desire|disappointment|excitement|joy
4055,27,neutral,4|5|6|11|15|17|18,approval|caring|confusion|disgust|gratitude|joy|love
4056,27,neutral,0|1|2|16|18|20|22|26|27,admiration|amusement|anger|grief|love|optimism|realization|surprise|neutral
4057,27,neutral,2|3|4|6|8|9|11|18|20|25|26,anger|annoyance|approval|confusion|desire|disappointment|disgust|love|optimism|sadness|surprise
4058,14|19,fear|nervousness,2|3|6|10|15|20|26,anger|annoyance|confusion|disapproval|gratitude|optimism|surprise
4059,27,neutral,1|6|9|10|17|19|27,amusement|confusion|disappointment|disapproval|joy|nervousness|neutral
4060,4|22,approval|realization,0|1|2|7|13|27,admiration|amusement|anger|curiosity|excitement|neutral
4061,3,annoyance,2|6|8|10|24|25,anger|confusion|desire|disapproval|remorse|sadness
4062,18,love,2|3|5|7|13|20,anger|annoyance|caring|curiosity|excitement|optimism
4063,10,disapproval,0|4|13|14|20|22,admiration|approval|excitement|fear|optimism|realization
4064,18,love,0|2|3|17,admiration|anger|annoyance|joy
4065,27,neutral,0|2|18|20|27,admiration|anger|love|optimism|neutral
4066,27,neutral,18|20|27,love|optimism|neutral
4067,9,disappointment,0|2|3|6|7|15|22|25|27,admiration|anger|annoyance|confusion|curiosity|gratitude|realization|sadness|neutral
4068,27,neutral,0|5|7|9|26,admiration|caring|curiosity|disappointment|surprise
4069,4,approval,2|5|6|7|9|20,anger|caring|confusion|curiosity|disappointment|optimism
4070,4,approval,10|17|20,disapproval|joy|optimism
4071,4|27,approval|neutral,1|5|7|9|10|17|18|22,amusement|caring|curiosity|disappointment|disapproval|joy|love|realization
4072,26,surprise,1|2|10|13|27,amusement|anger|disapproval|excitement|neutral
4073,27,neutral,0|5|27,admiration|caring|neutral
4074,27,neutral,1|2|3|5|6|26|27,amusement|anger|annoyance|caring|confusion|surprise|neutral
4075,27,neutral,2|5|6|12|15|18|22|25|27,anger|caring|confusion|embarrassment|gratitude|love|realization|sadness|neutral
4076,27,neutral,3|9|14|15|22,annoyance|disappointment|fear|gratitude|realization
4077,0,admiration,0|4|5|9|11|18|27,admiration|approval|caring|disappointment|disgust|love|neutral
4078,4,approval,3|4|14|15|22|26|27,annoyance|approval|fear|gratitude|realization|surprise|neutral
4079,3,annoyance,0|2|4|15,admiration|anger|approval|gratitude
4080,27,neutral,1|3|4|8|18|20|27,amusement|annoyance|approval|desire|love|optimism|neutral
4081,1,amusement,0|1|2|6|15|17|20|25,admiration|amusement|anger|confusion|gratitude|joy|optimism|sadness
4082,27,neutral,7|14|15|17|22|25,curiosity|fear|gratitude|joy|realization|sadness
4083,10,disapproval,1|3|4|15|26,amusement|annoyance|approval|gratitude|surprise
4084,27,neutral,0|3|9|10|11|25,admiration|annoyance|disappointment|disapproval|disgust|sadness
4085,22,realization,3|4|7|8|10|11|20|25|27,annoyance|approval|curiosity|desire|disapproval|disgust|optimism|sadness|neutral
4086,27,neutral,2|3|5|6|7|8|9|10|13|14|15|17|18|20,anger|annoyance|caring|confusion|curiosity|desire|disappointment|disapproval|excitement|fear|gratitude|joy|love|optimism
4087,7,curiosity,9|11|18|25|27,disappointment|disgust|love|sadness|neutral
4088,9,disappointment,0|7|17|25,admiration|curiosity|joy|sadness
4089,24,remorse,1|8|11|15|27,amusement|desire|disgust|gratitude|neutral
4090,0,admiration,1|4|13|14|15|17|24|25,amusement|approval|excitement|fear|gratitude|joy|remorse|sadness
4091,9,disappointment,0|1|3|4|6|11|17|27,admiration|amusement|annoyance|approval|confusion|disgust|joy|neutral
4092,4|8,approval|desire,1|14|20|27,amusement|fear|optimism|neutral
4093,27,neutral,2|3|4|9|10|11|13|25,anger|annoyance|approval|disappointment|disapproval|disgust|excitement|sadness
4094,27,neutral,0|4|13|17|25|27,admiration|approval|excitement|joy|sadness|neutral
4095,9|10,disappointment|disapproval,0|1|3|6|7|9|10|17|18|25,admiration|amusement|annoyance|confusion|curiosity|disappointment|disapproval|joy|love|sadness
4096,2|3,anger|annoyance,0|18|20|27,admiration|love|optimism|neutral
4097,3,annoyance,0|4|6|14|15|25,admiration|approval|confusion|fear|gratitude|sadness
4098,5,caring,6|7|18|22|27,confusion|curiosity|love|realization|neutral
4099,27,neutral,0|1|2|4|8|9|15|18|20|23|25,admiration|amusement|anger|approval|desire|disappointment|gratitude|love|optimism|relief|sadness
4100,3,annoyance,2|3|6|7|9|10|20|24|26,anger|annoyance|confusion|curiosity|disappointment|disapproval|optimism|remorse|surprise
4101,6,confusion,4|6|13|17|25|27,approval|confusion|excitement|joy|sadness|neutral
4102,2,anger,5|9|10|18|20|22|24,caring|disappointment|disapproval|love|optimism|realization|remorse
4103,27,neutral,0|4|9|10|15|20|22,admiration|approval|disappointment|disapproval|gratitude|optimism|realization
4104,3,annoyance,0|2|5|10|11|18|25|27,admiration|anger|caring|disapproval|disgust|love|sadness|neutral
4105,8|20,desire|optimism,1|4|15|26|27,amusement|approval|gratitude|surprise|neutral
4106,14,fear,1|3|6|10|22,amusement|annoyance|confusion|disapproval|realization
4107,26,surprise,0|2|6|7|10|11|18|27,admiration|anger|confusion|curiosity|disapproval|disgust|love|neutral
4108,27,neutral,6|18|20|27,confusion|love|optimism|neutral
4109,10,disapproval,1|2|6|15|22|27,amusement|anger|confusion|gratitude|realization|neutral
4110,9,disappointment,0|5|6|9|10|11|19,admiration|caring|confusion|disappointment|disapproval|disgust|nervousness
4111,27,neutral,0|4|6|11|14|27,admiration|approval|confusion|disgust|fear|neutral
4112,27,neutral,0|1|17|20|25|27,admiration|amusement|joy|optimism|sadness|neutral
4113,1,amusement,3|4|7|13|15|26|27,annoyance|approval|curiosity|excitement|gratitude|surprise|neutral
4114,18,love,0|2|4|8|10|15|22,admiration|anger|approval|desire|disapproval|gratitude|realization
4115,5,caring,0|1|3|4|5|9|13|15|22,admiration|amusement|annoyance|approval|caring|disappointment|excitement|gratitude|realization
4116,27,neutral,2|6|9|10|15|26,anger|confusion|disappointment|disapproval|gratitude|surprise
4117,27,neutral,5|10|13|18,caring|disapproval|excitement|love
4118,17,joy,0|2|4|5|6|7|11|14|15,admiration|anger|approval|caring|confusion|curiosity|disgust|fear|gratitude
4119,8|22,desire|realization,1|2|3|4|5|10|20|27,amusement|anger|annoyance|approval|caring|disapproval|optimism|neutral
4120,0,admiration,0|1|2|15|24,admiration|amusement|anger|gratitude|remorse
4121,9,disappointment,1|2|4|13|17|18|20,amusement|anger|approval|excitement|joy|love|optimism
4122,10,disapproval,0|3|4|5|10|11|13|20|22|24,admiration|annoyance|approval|caring|disapproval|disgust|excitement|optimism|realization|remorse
4123,1,amusement,2|3|6|9|17|18|25|27,anger|annoyance|confusion|disappointment|joy|love|sadness|neutral
4124,27,neutral,1|3|7|10|13|15|27,amusement|annoyance|curiosity|disapproval|excitement|gratitude|neutral
4125,2|11,anger|disgust,3|15|17|20|26,annoyance|gratitude|joy|optimism|surprise
4126,4|7,approval|curiosity,0|7|10|20|22,admiration|curiosity|disapproval|optimism|realization
4127,1|27,amusement|neutral,4|5|7|8|14|27,approval|caring|curiosity|desire|fear|neutral
4128,27,neutral,0|5|6|7|15|18,admiration|caring|confusion|curiosity|gratitude|love
4129,27,neutral,4|18|22|26|27,approval|love|realization|surprise|neutral
4130,20,optimism,0|5|8|9|15|20|26|27,admiration|caring|desire|disappointment|gratitude|optimism|surprise|neutral
4131,0|18,admiration|love,1|10|17|22|25|26|27,amusement|disapproval|joy|realization|sadness|surprise|neutral
4132,4,approval,1|11|22|23|25|26|27,amusement|disgust|realization|relief|sadness|surprise|neutral
4133,7,curiosity,0|11|13|14|18|24|27,admiration|disgust|excitement|fear|love|remorse|neutral
4134,0,admiration,0|1|3|7|25|27,admiration|amusement|annoyance|curiosity|sadness|neutral
4135,1|7,amusement|curiosity,3|9|10|18|25|27,annoyance|disappointment|disapproval|love|sadness|neutral
4136,15,gratitude,2|7|13|15|20|22|27,anger|curiosity|excitement|gratitude|optimism|realization|neutral
4137,0,admiration,1|4|6|8|10|18|26,amusement|approval|confusion|desire|disapproval|love|surprise
4138,0|17,admiration|joy,1|3|14|22|24|27,amusement|annoyance|fear|realization|remorse|neutral
4139,9,disappointment,4|13|18|26|27,approval|excitement|love|surprise|neutral
4140,27,neutral,0|3|4|7|8|15|17|18,admiration|annoyance|approval|curiosity|desire|gratitude|joy|love
4141,0|20,admiration|optimism,2|3|4|6|8|10|11|18|20|22,anger|annoyance|approval|confusion|desire|disapproval|disgust|love|optimism|realization
4142,27,neutral,3|4|17|22|25|26|27,annoyance|approval|joy|realization|sadness|surprise|neutral
4143,2,anger,2|4|10|13,anger|approval|disapproval|excitement
4144,18,love,4|7|9|15|18|20|22,approval|curiosity|disappointment|gratitude|love|optimism|realization
4145,27,neutral,1|2|9|15|17|20|25,amusement|anger|disappointment|gratitude|joy|optimism|sadness
4146,17|27,joy|neutral,2|4|7|15|20|25,anger|approval|curiosity|gratitude|optimism|sadness
4147,1|11,amusement|disgust,2|4|6|9|10|13|17|25|27,anger|approval|confusion|disappointment|disapproval|excitement|joy|sadness|neutral
4148,15,gratitude,0|4|6|14|25,admiration|approval|confusion|fear|sadness
4149,27,neutral,0|2|3|4|5|7|18,admiration|anger|annoyance|approval|caring|curiosity|love
4150,27,neutral,8|9|17|20|27,desire|disappointment|joy|optimism|neutral
4151,17,joy,0|3|5|6|9|13,admiration|annoyance|caring|confusion|disappointment|excitement
4152,27,neutral,0|5|24|25|26|27,admiration|caring|remorse|sadness|surprise|neutral
4153,27,neutral,4|6|7|11|22|25|27,approval|confusion|curiosity|disgust|realization|sadness|neutral
4154,17,joy,1|5|8|9|13|15|17|22|25,amusement|caring|desire|disappointment|excitement|gratitude|joy|realization|sadness
4155,15,gratitude,0|1|2|3|6|7|10|22|26|27,admiration|amusement|anger|annoyance|confusion|curiosity|disapproval|realization|surprise|neutral
4156,4|20,approval|optimism,3|5|8|11|15|17|18,annoyance|caring|desire|disgust|gratitude|joy|love
4157,4,approval,4|7|10|11|22|24,approval|curiosity|disapproval|disgust|realization|remorse
4158,27,neutral,6|8|18|20,confusion|desire|love|optimism
4159,6,confusion,0|5|10|11|14|17|20|25|26,admiration|caring|disapproval|disgust|fear|joy|optimism|sadness|surprise
4160,3,annoyance,0|4|9|25|27,admiration|approval|disappointment|sadness|neutral
4161,25,sadness,0|10|25|27,admiration|disapproval|sadness|neutral
4162,26,surprise,1|3|4|10|13|14|18,amusement|annoyance|approval|disapproval|excitement|fear|love
4163,20,optimism,2|3|4|6|10|18|21,anger|annoyance|approval|confusion|disapproval|love|pride
4164,27,neutral,3|15|17|27,annoyance|gratitude|joy|neutral
4165,5|20|24,caring|optimism|remorse,0|1|7|10|18|20|24|25|26,admiration|amusement|curiosity|disapproval|love|optimism|remorse|sadness|surprise
4166,2,anger,0|1|3|5|6|18,admiration|amusement|annoyance|caring|confusion|love
4167,2|3,anger|annoyance,1|5|7|18,amusement|caring|curiosity|love
4168,22,realization,4|9|15|27,approval|disappointment|gratitude|neutral
4169,4,approval,7|10|11|12|15|18|26|27,curiosity|disapproval|disgust|embarrassment|gratitude|love|surprise|neutral
4170,1,amusement,4|11|27,approval|disgust|neutral
4171,0|4|17,admiration|approval|joy,1|4|20|27,amusement|approval|optimism|neutral
4172,0,admiration,0|10|18|25|27,admiration|disapproval|love|sadness|neutral
4173,1,amusement,1|4|9|15|17|20,amusement|approval|disappointment|gratitude|joy|optimism
4174,27,neutral,1|2|7|9|14|15|20|23|26|27,amusement|anger|curiosity|disappointment|fear|gratitude|optimism|relief|surprise|neutral
4175,27,neutral,17|24|25|27,joy|remorse|sadness|neutral
4176,2,anger,1|5|7|22|25|27,amusement|caring|curiosity|realization|sadness|neutral
4177,26,surprise,1|3|4|6|7|9|15|17|27,amusement|annoyance|approval|confusion|curiosity|disappointment|gratitude|joy|neutral
4178,0|7,admiration|curiosity,0|2|3|11|15|18|25|26|27,admiration|anger|annoyance|disgust|gratitude|love|sadness|surprise|neutral
4179,1|5|18,amusement|caring|love,0|3|6|10|15|17|26|27,admiration|annoyance|confusion|disapproval|gratitude|joy|surprise|neutral
4180,3,annoyance,6|17|22|25|26|27,confusion|joy|realization|sadness|surprise|neutral
4181,27,neutral,0|2|20,admiration|anger|optimism
4182,27,neutral,5|7|9|18|20|26|27,caring|curiosity|disappointment|love|optimism|surprise|neutral
4183,27,neutral,15,gratitude
4184,22,realization,3|7|13|20|22,annoyance|curiosity|excitement|optimism|realization
4185,6,confusion,0|1|3|9|10|20|24,admiration|amusement|annoyance|disappointment|disapproval|optimism|remorse
4186,24,remorse,0|5|6|7|17|18|26,admiration|caring|confusion|curiosity|joy|love|surprise
4187,9|25,disappointment|sadness,0|3|8|14|20|27,admiration|annoyance|desire|fear|optimism|neutral
4188,27,neutral,7|17|18|20|27,curiosity|joy|love|optimism|neutral
4189,27,neutral,7|10|12|14|18|20|25|27,curiosity|disapproval|embarrassment|fear|love|optimism|sadness|neutral
4190,18,love,0|7|9|10|18|20|24|25|27,admiration|curiosity|disappointment|disapproval|love|optimism|remorse|sadness|neutral
4191,10,disapproval,7|13|15|27,curiosity|excitement|gratitude|neutral
4192,25,sadness,4|11|15|17|24,approval|disgust|gratitude|joy|remorse
4193,6,confusion,0|2|3|5|6|10|22|25|27,admiration|anger|annoyance|caring|confusion|disapproval|realization|sadness|neutral
4194,27,neutral,2|6|9|12|13|20|27,anger|confusion|disappointment|embarrassment|excitement|optimism|neutral
4195,27,neutral,7|10|24|27,curiosity|disapproval|remorse|neutral
4196,4,approval,0|4|6|11|13|15|27,admiration|approval|confusion|disgust|excitement|gratitude|neutral
4197,5,caring,4|6|18|25|26|27,approval|confusion|love|sadness|surprise|neutral
4198,6|7,confusion|curiosity,0|2|10|26|27,admiration|anger|disapproval|surprise|neutral
4199,27,neutral,0|10|14|15|17|18|22|27,admiration|disapproval|fear|gratitude|joy|love|realization|neutral
4200,0,admiration,1|4|8|10|13|25,amusement|approval|desire|disapproval|excitement|sadness
4201,0,admiration,6|9|10|11|20|25|27,confusion|disappointment|disapproval|disgust|optimism|sadness|neutral
4202,13|17,excitement|joy,0|3|13|20|22,admiration|annoyance|excitement|optimism|realization
4203,7,curiosity,3|4|10|24|27,annoyance|approval|disapproval|remorse|neutral
4204,8,desire,1|17|27,amusement|joy|neutral
4205,10|27,disapproval|neutral,1|5|7|13|17|27,amusement|caring|curiosity|excitement|joy|neutral
4206,4|26,approval|surprise,2|4|5|9|20|25,anger|approval|caring|disappointment|optimism|sadness
4207,1,amusement,0|3|8|10|17|18|25,admiration|annoyance|desire|disapproval|joy|love|sadness
4208,27,neutral,0|1|4|15|17|18,admiration|amusement|approval|gratitude|joy|love
4209,0,admiration,7|10|14|15|18|27,curiosity|disapproval|fear|gratitude|love|neutral
4210,20,optimism,0|2|5|6|7|10|15|20|26|27,admiration|anger|caring|confusion|curiosity|disapproval|gratitude|optimism|surprise|neutral
4211,0,admiration,4|9|15|17|26|27,approval|disappointment|gratitude|joy|surprise|neutral
4212,0,admiration,3|4|5|27,annoyance|approval|caring|neutral
4213,27,neutral,0|7|11|15|27,admiration|curiosity|disgust|gratitude|neutral
4214,10,disapproval,1|3|5|8|11|18|25|27,amusement|annoyance|caring|desire|disgust|love|sadness|neutral
4215,15,gratitude,1|2|3|7|9|10|20|25|27,amusement|anger|annoyance|curiosity|disappointment|disapproval|optimism|sadness|neutral
4216,27,neutral,0|4|15|17,admiration|approval|gratitude|joy
4217,3,annoyance,1|4|6|9|14,amusement|approval|confusion|disappointment|fear
4218,3,annoyance,0|2|5|10|11|18|22|25,admiration|anger|caring|disapproval|disgust|love|realization|sadness
4219,26,surprise,0|3|7|11|22|25,admiration|annoyance|curiosity|disgust|realization|sadness
4220,27,neutral,0|1|2|10|20|27,admiration|amusement|anger|disapproval|optimism|neutral
4221,26,surprise,1|3|4|5|6|13|20|24|26,amusement|annoyance|approval|caring|confusion|excitement|optimism|remorse|surprise
4222,27,neutral,4|5|10|13|22,approval|caring|disapproval|excitement|realization
4223,27,neutral,0|4|7|9|18|22|25|26,admiration|approval|curiosity|disappointment|love|realization|sadness|surprise
4224,27,neutral,4|11|15|17|18|27,approval|disgust|gratitude|joy|love|neutral
4225,27,neutral,1|3|15|26|27,amusement|annoyance|gratitude|surprise|neutral
4226,17,joy,1|7|8|10|18|24,amusement|curiosity|desire|disapproval|love|remorse
4227,0|4,admiration|approval,0|3|7|9|15|17|18,admiration|annoyance|curiosity|disappointment|gratitude|joy|love
4228,1,amusement,4|6|7|10|17|20|27,approval|confusion|curiosity|disapproval|joy|optimism|neutral
4229,27,neutral,0|1|3|18,admiration|amusement|annoyance|love
4230,27,neutral,1|3|4|6|10|13|15|18|20|24,amusement|annoyance|approval|confusion|disapproval|excitement|gratitude|love|optimism|remorse
4231,7,curiosity,4|7|9|15|17|18|22|25,approval|curiosity|disappointment|gratitude|joy|love|realization|sadness
4232,27,neutral,3|4|5|7|14|17|18|25,annoyance|approval|caring|curiosity|fear|joy|love|sadness
4233,15,gratitude,1|3|6|7|11|24|27,amusement|annoyance|confusion|curiosity|disgust|remorse|neutral
4234,18,love,0|1|14|15|18|27,admiration|amusement|fear|gratitude|love|neutral
4235,0,admiration,0|4|5|6|13|14|20|22|23,admiration|approval|caring|confusion|excitement|fear|optimism|realization|relief
4236,27,neutral,0|8|9|10|15|18|20|25|27,admiration|desire|disappointment|disapproval|gratitude|love|optimism|sadness|neutral
4237,4,approval,1|2|3|6|10|13|17|26|27,amusement|anger|annoyance|confusion|disapproval|excitement|joy|surprise|neutral
4238,27,neutral,0|1|4|10|13|15|17,admiration|amusement|approval|disapproval|excitement|gratitude|joy
4239,0|4|18,admiration|approval|love,0|4|5|7|9|25,admiration|approval|caring|curiosity|disappointment|sadness
4240,3,annoyance,1|10|27,amusement|disapproval|neutral
4241,25,sadness,1|2|4|7|10|17|20,amusement|anger|approval|curiosity|disapproval|joy|optimism
4242,0|27,admiration|neutral,0|1|4|10|12|27,admiration|amusement|approval|disapproval|embarrassment|neutral
4243,27,neutral,4|6|9|17|25,approval|confusion|disappointment|joy|sadness
4244,27,neutral,0|2|4|7|9|14|22,admiration|anger|approval|curiosity|disappointment|fear|realization
4245,27,neutral,0|1|3|6|7|22|26|27,admiration|amusement|annoyance|confusion|curiosity|realization|surprise|neutral
4246,9,disappointment,3|4|6|7|9|14|15|25|27,annoyance|approval|confusion|curiosity|disappointment|fear|gratitude|sadness|neutral
4247,12,embarrassment,0|1|3|4|9|13|15,admiration|amusement|annoyance|approval|disappointment|excitement|gratitude
4248,27,neutral,1|3|5|6|10|15|22|27,amusement|annoyance|caring|confusion|disapproval|gratitude|realization|neutral
4249,8,desire,6|10|15|18|24,confusion|disapproval|gratitude|love|remorse
4250,5,caring,2|4|10|13|18,anger|approval|disapproval|excitement|love
4251,14,fear,0|7|9,admiration|curiosity|disappointment
4252,27,neutral,0|4|5|6|10|18|20|27,admiration|approval|caring|confusion|disapproval|love|optimism|neutral
4253,0,admiration,2|5|8|11|24|26|27,anger|caring|desire|disgust|remorse|surprise|neutral
4254,0,admiration,2|5|10|20|25|27,anger|caring|disapproval|optimism|sadness|neutral
4255,27,neutral,0|1|3|4|10|13|14|15|26,admiration|amusement|annoyance|approval|disapproval|excitement|fear|gratitude|surprise
4256,27,neutral,1|5|8,amusement|caring|desire
4257,1|17,amusement|joy,1|4|6|9|15|18|20,amusement|approval|confusion|disappointment|gratitude|love|optimism
4258,27,neutral,0|2|3|8|9|18|20|23|27,admiration|anger|annoyance|desire|disappointment|love|optimism|relief|neutral
4259,20,optimism,0|3|5|6|7|10|11|22|27,admiration|annoyance|caring|confusion|curiosity|disapproval|disgust|realization|neutral
4260,27,neutral,7|11|13|20|24|26,curiosity|disgust|excitement|optimism|remorse|surprise
4261,19,nervousness,0|1|3|7|10|15|18|25|26,admiration|amusement|annoyance|curiosity|disapproval|gratitude|love|sadness|surprise
4262,4,approval,4|10|17|26|27,approval|disapproval|joy|surprise|neutral
4263,27,neutral,0|1|2|4|5|6|7|8|10|11|17|18|25,admiration|amusement|anger|approval|caring|confusion|curiosity|desire|disapproval|disgust|joy|love|sadness
4264,4,approval,1|2|6|7|14|27,amusement|anger|confusion|curiosity|fear|neutral
4265,27,neutral,1|2|7|10|11|20|22,amusement|anger|curiosity|disapproval|disgust|optimism|realization
4266,27,neutral,1|2|7|9,amusement|anger|curiosity|disappointment
4267,0,admiration,2|4|6|7|9,anger|approval|confusion|curiosity|disappointment
4268,3,annoyance,5|6|10|13|17|20|27,caring|confusion|disapproval|excitement|joy|optimism|neutral
4269,9,disappointment,0|1|3|4|9|12|17|18,admiration|amusement|annoyance|approval|disappointment|embarrassment|joy|love
4270,27,neutral,6|15|18|27,confusion|gratitude|love|neutral
4271,7|27,curiosity|neutral,0|6|7|20|22|27,admiration|confusion|curiosity|optimism|realization|neutral
4272,15,gratitude,9|11|15|22|25|26,disappointment|disgust|gratitude|realization|sadness|surprise
4273,4,approval,4|6|9|14|18|22,approval|confusion|disappointment|fear|love|realization
4274,27,neutral,4|6|8|9|18|20,approval|confusion|desire|disappointment|love|optimism
4275,27,neutral,7|22|26|27,curiosity|realization|surprise|neutral
4276,7|27,curiosity|neutral,3|5|7|10|11|13|18|20|25|26,annoyance|caring|curiosity|disapproval|disgust|excitement|love|optimism|sadness|surprise
4277,15,gratitude,4|6|7|11|20|27,approval|confusion|curiosity|disgust|optimism|neutral
4278,0|15,admiration|gratitude,0|2|6|12|13|20|22,admiration|anger|confusion|embarrassment|excitement|optimism|realization
4279,27,neutral,0|1|5|6|7|9|17|18|20,admiration|amusement|caring|confusion|curiosity|disappointment|joy|love|optimism
4280,27,neutral,1|2|3|7|10|17,amusement|anger|annoyance|curiosity|disapproval|joy
4281,27,neutral,1|3|7|8|9|27,amusement|annoyance|curiosity|desire|disappointment|neutral
4282,1,amusement,13|26|27,excitement|surprise|neutral
4283,4,approval,4|7|8|10|15|20,approval|curiosity|desire|disapproval|gratitude|optimism
4284,17,joy,1|4|6|7|9|11|18|26,amusement|approval|confusion|curiosity|disappointment|disgust|love|surprise
4285,6,confusion,1|4|10|13|17|20|26,amusement|approval|disapproval|excitement|joy|optimism|surprise
4286,2,anger,1|3|5|10|27,amusement|annoyance|caring|disapproval|neutral
4287,0|4,admiration|approval,4|9|10|13|18|20|22|26|27,approval|disappointment|disapproval|excitement|love|optimism|realization|surprise|neutral
4288,7,curiosity,3|4|6|10|27,annoyance|approval|confusion|disapproval|neutral
4289,0|4,admiration|approval,1|5|7|20|22|27,amusement|caring|curiosity|optimism|realization|neutral
4290,13,excitement,0|2|4|6|7|10|11|17|20|27,admiration|anger|approval|confusion|curiosity|disapproval|disgust|joy|optimism|neutral
4291,27,neutral,1|3|8|10|15|20,amusement|annoyance|desire|disapproval|gratitude|optimism
4292,3,annoyance,0|6|27,admiration|confusion|neutral
4293,0,admiration,2|9|11|12|17|27,anger|disappointment|disgust|embarrassment|joy|neutral
4294,27,neutral,0|7|8|9|25|27,admiration|curiosity|desire|disappointment|sadness|neutral
4295,18,love,0|2|3|5|7|17|20|25,admiration|anger|annoyance|caring|curiosity|joy|optimism|sadness
4296,27,neutral,2|3|5|9|10|11|18|25|26|27,anger|annoyance|caring|disappointment|disapproval|disgust|love|sadness|surprise|neutral
4297,9|12,disappointment|embarrassment,1|3|6|9|11|12|15|17|20|22|24|25|27,amusement|annoyance|confusion|disappointment|disgust|embarrassment|gratitude|joy|optimism|realization|remorse|sadness|neutral
4298,3,annoyance,3|4|7|18|20|25,annoyance|approval|curiosity|love|optimism|sadness
4299,14,fear,0|2|3|9|27,admiration|anger|annoyance|disappointment|neutral
4300,5,caring,1|4|10|17|18|27,amusement|approval|disapproval|joy|love|neutral
4301,0,admiration,1|4|5|6|7|15|25|26|27,amusement|approval|caring|confusion|curiosity|gratitude|sadness|surprise|neutral
4302,0,admiration,0|3|5|6|7|11|14|18|20|22,admiration|annoyance|caring|confusion|curiosity|disgust|fear|love|optimism|realization
4303,15,gratitude,1|3|10|15|18,amusement|annoyance|disapproval|gratitude|love
4304,18,love,0|5|10|15|22,admiration|caring|disapproval|gratitude|realization
4305,27,neutral,2|3|22|27,anger|annoyance|realization|neutral
4306,4,approval,3|5|9|12|13|17|22|25,annoyance|caring|disappointment|embarrassment|excitement|joy|realization|sadness
4307,27,neutral,1|4|8|13|14|19|22|26|27,amusement|approval|desire|excitement|fear|nervousness|realization|surprise|neutral
4308,4,approval,3|18|20|27,annoyance|love|optimism|neutral
4309,10,disapproval,5|27,caring|neutral
4310,27,neutral,0|2|3|9|11|12|13|14|20|22|23|25|26,admiration|anger|annoyance|disappointment|disgust|embarrassment|excitement|fear|optimism|realization|relief|sadness|surprise
4311,27,neutral,3|4|7|17,annoyance|approval|curiosity|joy
4312,27,neutral,0|4|6|13|15|17,admiration|approval|confusion|excitement|gratitude|joy
4313,18,love,7|8|10|27,curiosity|desire|disapproval|neutral
4314,27,neutral,0|4|6|18|27,admiration|approval|confusion|love|neutral
4315,25,sadness,6|11|27,confusion|disgust|neutral
4316,4,approval,0|2|3|7|10|13|14|18|25,admiration|anger|annoyance|curiosity|disapproval|excitement|fear|love|sadness
4317,4,approval,1|7|10|15|17|18|25,amusement|curiosity|disapproval|gratitude|joy|love|sadness
4318,27,neutral,1|15|17|18|20|26,amusement|gratitude|joy|love|optimism|surprise
4319,0,admiration,2|4|15|27,anger|approval|gratitude|neutral
4320,4,approval,0|1|2|3|13|15|26|27,admiration|amusement|anger|annoyance|excitement|gratitude|surprise|neutral
4321,9|22,disappointment|realization,0|1|2|3|4|9|10|11|15|17|18|25|26,admiration|amusement|anger|annoyance|approval|disappointment|disapproval|disgust|gratitude|joy|love|sadness|surprise
4322,8,desire,4|10|17|27,approval|disapproval|joy|neutral
4323,16,grief,3|6|18|22|27,annoyance|confusion|love|realization|neutral
4324,3,annoyance,0|3|5|9|10,admiration|annoyance|caring|disappointment|disapproval
4325,9,disappointment,0|4|8|14|15|25,admiration|approval|desire|fear|gratitude|sadness
4326,3,annoyance,4|10|11|15|20,approval|disapproval|disgust|gratitude|optimism
4327,10,disapproval,1|2|3|6|15|26,amusement|anger|annoyance|confusion|gratitude|surprise
4328,27,neutral,3|5|6|7|8|10|13|15|17|18,annoyance|caring|confusion|curiosity|desire|disapproval|excitement|gratitude|joy|love
4329,1|13,amusement|excitement,0|1|2|4|10|15,admiration|amusement|anger|approval|disapproval|gratitude
4330,10|18,disapproval|love,0|6|7|10|18|27,admiration|confusion|curiosity|disapproval|love|neutral
4331,7|17,curiosity|joy,1|2|3|7|10|12|17,amusement|anger|annoyance|curiosity|disapproval|embarrassment|joy
4332,12|25|27,embarrassment|sadness|neutral,0|2|8|9|11|15|17|22,admiration|anger|desire|disappointment|disgust|gratitude|joy|realization
4333,0|8,admiration|desire,1|2|3|6|9|10|11|13|18|25,amusement|anger|annoyance|confusion|disappointment|disapproval|disgust|excitement|love|sadness
4334,27,neutral,0|7|9|17|20,admiration|curiosity|disappointment|joy|optimism
4335,9|10,disappointment|disapproval,1|3|4|8|10|11|13|14|20|26,amusement|annoyance|approval|desire|disapproval|disgust|excitement|fear|optimism|surprise
4336,9|27,disappointment|neutral,0|4|5|8|14|18|20|27,admiration|approval|caring|desire|fear|love|optimism|neutral
4337,27,neutral,3|18|22|27,annoyance|love|realization|neutral
4338,27,neutral,4|10|13|22,approval|disapproval|excitement|realization
4339,15,gratitude,0|18|22|23|25|27,admiration|love|realization|relief|sadness|neutral
4340,3|6,annoyance|confusion,0|1|2|3|8|11|15|20|21|22,admiration|amusement|anger|annoyance|desire|disgust|gratitude|optimism|pride|realization
4341,0,admiration,2|3|4|9|15|18|26,anger|annoyance|approval|disappointment|gratitude|love|surprise
4342,10|27,disapproval|neutral,0|1|2|3|5|9|11|13|25|26,admiration|amusement|anger|annoyance|caring|disappointment|disgust|excitement|sadness|surprise
4343,2|3,anger|annoyance,5|6|7|11|17|27,caring|confusion|curiosity|disgust|joy|neutral
4344,8,desire,0|22|25|27,admiration|realization|sadness|neutral
4345,27,neutral,1|2|4|7|20|21|22|27,amusement|anger|approval|curiosity|optimism|pride|realization|neutral
4346,27,neutral,0|8|13|15|26,admiration|desire|excitement|gratitude|surprise
4347,27,neutral,2|3|4|7|10|13|15,anger|annoyance|approval|curiosity|disapproval|excitement|gratitude
4348,4,approval,0|4|6|15|17|27,admiration|approval|confusion|gratitude|joy|neutral
4349,2,anger,0|4|9|10|22|25|26,admiration|approval|disappointment|disapproval|realization|sadness|surprise
4350,3,annoyance,1|2|3|8|26|27,amusement|anger|annoyance|desire|surprise|neutral
4351,18,love,0|1|4|5|13|17|27,admiration|amusement|approval|caring|excitement|joy|neutral
4352,27,neutral,0|2|5|7|10|11|25,admiration|anger|caring|curiosity|disapproval|disgust|sadness
4353,4,approval,1|2|3|7|12|22|23|27,amusement|anger|annoyance|curiosity|embarrassment|realization|relief|neutral
4354,12,embarrassment,4|5|8|10|13|18|25,approval|caring|desire|disapproval|excitement|love|sadness
4355,0,admiration,0|1|15|22|27,admiration|amusement|gratitude|realization|neutral
4356,13|17|18|20,excitement|joy|love|optimism,0|1|3|4|7,admiration|amusement|annoyance|approval|curiosity
4357,27,neutral,4|5|7|9|22,approval|caring|curiosity|disappointment|realization
4358,13,excitement,1|4|11|15|17|20|22,amusement|approval|disgust|gratitude|joy|optimism|realization
4359,20,optimism,4|7|17|18|26|27,approval|curiosity|joy|love|surprise|neutral
4360,24,remorse,3|4|7|15|17|20|25,annoyance|approval|curiosity|gratitude|joy|optimism|sadness
4361,15,gratitude,0|4|11|13|14|18|26|27,admiration|approval|disgust|excitement|fear|love|surprise|neutral
4362,27,neutral,0|1|9|17|22,admiration|amusement|disappointment|joy|realization
4363,27,neutral,9|10|20|25,disappointment|disapproval|optimism|sadness
4364,27,neutral,4|9|10|12|18|24|27,approval|disappointment|disapproval|embarrassment|love|remorse|neutral
4365,10,disapproval,0|1|2|4|10|12|15|27,admiration|amusement|anger|approval|disapproval|embarrassment|gratitude|neutral
4366,25,sadness,0|2|3|7|17|20|22|25|27,admiration|anger|annoyance|curiosity|joy|optimism|realization|sadness|neutral
4367,3|10,annoyance|disapproval,0|3|5|6|7|18|22|25,admiration|annoyance|caring|confusion|curiosity|love|realization|sadness
4368,4,approval,0|9|10|11|15|20,admiration|disappointment|disapproval|disgust|gratitude|optimism
4369,25,sadness,0|1|6|8|10|15,admiration|amusement|confusion|desire|disapproval|gratitude
4370,4,approval,1|22|25,amusement|realization|sadness
4371,1,amusement,4|7|13|15|17|25,approval|curiosity|excitement|gratitude|joy|sadness
4372,5,caring,0|3|6|18|20|27,admiration|annoyance|confusion|love|optimism|neutral
4373,0,admiration,1|9|17|18|27,amusement|disappointment|joy|love|neutral
4374,20,optimism,1|11|13|20|25,amusement|disgust|excitement|optimism|sadness
4375,27,neutral,0|4|5|10|12|13|20|27,admiration|approval|caring|disapproval|embarrassment|excitement|optimism|neutral
4376,0,admiration,0|2|3|4|7|10|18|24|25|26,admiration|anger|annoyance|approval|curiosity|disapproval|love|remorse|sadness|surprise
4377,27,neutral,4|5|15|20,approval|caring|gratitude|optimism
4378,27,neutral,0|2|6|10|11|17|20|27,admiration|anger|confusion|disapproval|disgust|joy|optimism|neutral
4379,22|27,realization|neutral,3|6|11|17|20|27,annoyance|confusion|disgust|joy|optimism|neutral
4380,4,approval,0|9|14|17|27,admiration|disappointment|fear|joy|neutral
4381,17,joy,0|6|7|8|25,admiration|confusion|curiosity|desire|sadness
4382,24,remorse,0|2|13|15|27,admiration|anger|excitement|gratitude|neutral
4383,26,surprise,0|2|3|5|6|7|15|22,admiration|anger|annoyance|caring|confusion|curiosity|gratitude|realization
4384,27,neutral,2|4|18|27,anger|approval|love|neutral
4385,9|27,disappointment|neutral,1|15|18|20|25|26|27,amusement|gratitude|love|optimism|sadness|surprise|neutral
4386,27,neutral,0|4|6|7|12|25,admiration|approval|confusion|curiosity|embarrassment|sadness
4387,5|27,caring|neutral,2|3|8|11|17,anger|annoyance|desire|disgust|joy
4388,1,amusement,13|15|20|27,excitement|gratitude|optimism|neutral
4389,15,gratitude,0|1|10|15|17|18,admiration|amusement|disapproval|gratitude|joy|love
4390,15,gratitude,0|6|10|18|27,admiration|confusion|disapproval|love|neutral
4391,27,neutral,0|1|4|17|18|22|27,admiration|amusement|approval|joy|love|realization|neutral
4392,27,neutral,4|10|27,approval|disapproval|neutral
4393,27,neutral,0|1|6|7|9|11|15|22,admiration|amusement|confusion|curiosity|disappointment|disgust|gratitude|realization
4394,18,love,0|2|3|10|15,admiration|anger|annoyance|disapproval|gratitude
4395,27,neutral,1|3|7|11|15|25,amusement|annoyance|curiosity|disgust|gratitude|sadness
4396,3|27,annoyance|neutral,3|4|8|13|20,annoyance|approval|desire|excitement|optimism
4397,27,neutral,0|1|3|4|26,admiration|amusement|annoyance|approval|surprise
4398,0,admiration,0|2|4|8|10|14|17|27,admiration|anger|approval|desire|disapproval|fear|joy|neutral
4399,4,approval,0|1|3|15|17|27,admiration|amusement|annoyance|gratitude|joy|neutral
4400,11,disgust,0|4|7|8|11|18|20|25,admiration|approval|curiosity|desire|disgust|love|optimism|sadness
4401,27,neutral,5|13|25|27,caring|excitement|sadness|neutral
4402,7,curiosity,2|5|6|7|17|27,anger|caring|confusion|curiosity|joy|neutral
4403,13|17,excitement|joy,0|1|4|8|11|20|22|26,admiration|amusement|approval|desire|disgust|optimism|realization|surprise
4404,6,confusion,2|10|15|27,anger|disapproval|gratitude|neutral
4405,22,realization,5|7|10|15|17|25|27,caring|curiosity|disapproval|gratitude|joy|sadness|neutral
4406,27,neutral,1|3|4|9|22|24|26,amusement|annoyance|approval|disappointment|realization|remorse|surprise
4407,4,approval,6|8|10|15|20|25|27,confusion|desire|disapproval|gratitude|optimism|sadness|neutral
4408,7|13,curiosity|excitement,3|4|5|9|15|17|18|22,annoyance|approval|caring|disappointment|gratitude|joy|love|realization
4409,9|12,disappointment|embarrassment,0|1|2|4|5|15|25|27,admiration|amusement|anger|approval|caring|gratitude|sadness|neutral
4410,15,gratitude,1|2|6|9|15|17|20|27,amusement|anger|confusion|disappointment|gratitude|joy|optimism|neutral
4411,10,disapproval,0|1|2|4|14|18|21|22,admiration|amusement|anger|approval|fear|love|pride|realization
4412,0|5,admiration|caring,3|6|18|27,annoyance|confusion|love|neutral
4413,7,curiosity,4|6|14|20|25|27,approval|confusion|fear|optimism|sadness|neutral
4414,0|6,admiration|confusion,1|3|7|17|18|20|22,amusement|annoyance|curiosity|joy|love|optimism|realization
4415,0,admiration,1|3|5|10|15|17|18|26,amusement|annoyance|caring|disapproval|gratitude|joy|love|surprise
4416,4,approval,4|18|25|27,approval|love|sadness|neutral
4417,7,curiosity,3|5|9|15|18|22|24,annoyance|caring|disappointment|gratitude|love|realization|remorse
4418,0,admiration,4|5|22|27,approval|caring|realization|neutral
4419,10,disapproval,0|1|3|10|11|15|17|18|25|27,admiration|amusement|annoyance|disapproval|disgust|gratitude|joy|love|sadness|neutral
4420,7,curiosity,2|7|11|20,anger|curiosity|disgust|optimism
4421,27,neutral,1|2|3|5|8|15|17|22|24|25,amusement|anger|annoyance|caring|desire|gratitude|joy|realization|remorse|sadness
4422,9,disappointment,1|3|6|8|10|25|27,amusement|annoyance|confusion|desire|disapproval|sadness|neutral
4423,27,neutral,1|3|4|17|18|26|27,amusement|annoyance|approval|joy|love|surprise|neutral
4424,2|4,anger|approval,0|3|4|9|11|27,admiration|annoyance|approval|disappointment|disgust|neutral
4425,9|27,disappointment|neutral,7|8|20|27,curiosity|desire|optimism|neutral
4426,24,remorse,1|7|10|15|20|25,amusement|curiosity|disapproval|gratitude|optimism|sadness
4427,2,anger,3|4|5|8|9|12|13|22|26,annoyance|approval|caring|desire|disappointment|embarrassment|excitement|realization|surprise
4428,27,neutral,1|3|6|25|27,amusement|annoyance|confusion|sadness|neutral
4429,3|10,annoyance|disapproval,2|3|9|15|26|27,anger|annoyance|disappointment|gratitude|surprise|neutral
4430,4,approval,3|4|10|20|27,annoyance|approval|disapproval|optimism|neutral
4431,1,amusement,0|1|3|5|26,admiration|amusement|annoyance|caring|surprise
4432,10,disapproval,0|1|6|9|15|18|20|22|25,admiration|amusement|confusion|disappointment|gratitude|love|optimism|realization|sadness
4433,0|4|20,admiration|approval|optimism,1|3|4|9|13|17|22|25,amusement|annoyance|approval|disappointment|excitement|joy|realization|sadness
4434,17,joy,0|1|9|10|13|15|20|25,admiration|amusement|disappointment|disapproval|excitement|gratitude|optimism|sadness
4435,27,neutral,1|2|3|17|26|27,amusement|anger|annoyance|joy|surprise|neutral
4436,27,neutral,3|5|13|27,annoyance|caring|excitement|neutral
4437,3|10,annoyance|disapproval,17|20|25|27,joy|optimism|sadness|neutral
4438,7,curiosity,4|7|15|20,approval|curiosity|gratitude|optimism
4439,27,neutral,1|9|14|15|18|22|24|25|27,amusement|disappointment|fear|gratitude|love|realization|remorse|sadness|neutral
4440,4,approval,0|1|2|5|7|8|13|25|26,admiration|amusement|anger|caring|curiosity|desire|excitement|sadness|surprise
4441,15,gratitude,1|4|7|8|14|18|20|27,amusement|approval|curiosity|desire|fear|love|optimism|neutral
4442,15,gratitude,2|4|9|10|13|17|20|25,anger|approval|disappointment|disapproval|excitement|joy|optimism|sadness
4443,7,curiosity,0|7|8|9|26,admiration|curiosity|desire|disappointment|surprise
4444,27,neutral,10|15|25|26,disapproval|gratitude|sadness|surprise
4445,27,neutral,2|4|5|8|11|15,anger|approval|caring|desire|disgust|gratitude
4446,0,admiration,0|1|4|9|10|22|25,admiration|amusement|approval|disappointment|disapproval|realization|sadness
4447,27,neutral,0|1|4|9|10|17|24,admiration|amusement|approval|disappointment|disapproval|joy|remorse
4448,27,neutral,2|3|9|10|20|27,anger|annoyance|disappointment|disapproval|optimism|neutral
4449,15|17,gratitude|joy,0|2|3|5|8|9|18|20|24|25,admiration|anger|annoyance|caring|desire|disappointment|love|optimism|remorse|sadness
4450,18,love,2|9|10|25|26|27,anger|disappointment|disapproval|sadness|surprise|neutral
4451,2,anger,1|2|5|7|15|17|20|25|26,amusement|anger|caring|curiosity|gratitude|joy|optimism|sadness|surprise
4452,0,admiration,0|4|7|25|26,admiration|approval|curiosity|sadness|surprise
4453,3,annoyance,2|3|6|10|11|14|18|23,anger|annoyance|confusion|disapproval|disgust|fear|love|relief
4454,27,neutral,0|2|7|9|17|20|21,admiration|anger|curiosity|disappointment|joy|optimism|pride
4455,4,approval,4|15|18,approval|gratitude|love
4456,15,gratitude,6|7|17|18|20|24|26|27,confusion|curiosity|joy|love|optimism|remorse|surprise|neutral
4457,18,love,0|13|27,admiration|excitement|neutral
4458,27,neutral,3|6|11|15|27,annoyance|confusion|disgust|gratitude|neutral
4459,27,neutral,7|10|12|17,curiosity|disapproval|embarrassment|joy
4460,8,desire,7|14|17|22|27,curiosity|fear|joy|realization|neutral
4461,15,gratitude,4|5|27,approval|caring|neutral
4462,27,neutral,0|2|3|4|27,admiration|anger|annoyance|approval|neutral
4463,15,gratitude,0|1|4|26|27,admiration|amusement|approval|surprise|neutral
4464,17,joy,1|5|6|8|15|18|27,amusement|caring|confusion|desire|gratitude|love|neutral
4465,7,curiosity,1|2|18|23|25|26|27,amusement|anger|love|relief|sadness|surprise|neutral
4466,5,caring,0|2|3|5|10|20|22|23,admiration|anger|annoyance|caring|disapproval|optimism|realization|relief
4467,27,neutral,1|3|15|18|20,amusement|annoyance|gratitude|love|optimism
4468,0,admiration,3|9|11|17|18,annoyance|disappointment|disgust|joy|love
4469,0,admiration,3|6|11|13|18|22|25,annoyance|confusion|disgust|excitement|love|realization|sadness
4470,7,curiosity,1|5|6|7|13|18,amusement|caring|confusion|curiosity|excitement|love
4471,7,curiosity,0|10|13|15|20,admiration|disapproval|excitement|gratitude|optimism
4472,9,disappointment,3|4|15|27,annoyance|approval|gratitude|neutral
4473,27,neutral,0|1|7|15|25,admiration|amusement|curiosity|gratitude|sadness
4474,3,annoyance,24|25|27,remorse|sadness|neutral
4475,27,neutral,1|4|15|17|27,amusement|approval|gratitude|joy|neutral
4476,1,amusement,0|4|5|13|15|27,admiration|approval|caring|excitement|gratitude|neutral
4477,1,amusement,0|7|8|15|18|25|27,admiration|curiosity|desire|gratitude|love|sadness|neutral
4478,27,neutral,3|4|5|17|27,annoyance|approval|caring|joy|neutral
4479,16|25,grief|sadness,4|9|11|12|14|18|20,approval|disappointment|disgust|embarrassment|fear|love|optimism
4480,8,desire,6|7|13|24|27,confusion|curiosity|excitement|remorse|neutral
4481,0,admiration,0|1|3|11|18|20|22,admiration|amusement|annoyance|disgust|love|optimism|realization
4482,1,amusement,1|5|6|20|27,amusement|caring|confusion|optimism|neutral
4483,15,gratitude,2|3|5|9|17,anger|annoyance|caring|disappointment|joy
4484,4,approval,0|2|3|7|10|11|14|15|18,admiration|anger|annoyance|curiosity|disapproval|disgust|fear|gratitude|love
4485,27,neutral,3|4|7|8|13|24,annoyance|approval|curiosity|desire|excitement|remorse
4486,0,admiration,9|10|17|20|22|25|26,disappointment|disapproval|joy|optimism|realization|sadness|surprise
4487,14,fear,0|8|9|10|15|20|25|27,admiration|desire|disappointment|disapproval|gratitude|optimism|sadness|neutral
4488,15|26,gratitude|surprise,3|4|7|13|17|18|20|24|25|26,annoyance|approval|curiosity|excitement|joy|love|optimism|remorse|sadness|surprise
4489,0,admiration,2|3|14|20|27,anger|annoyance|fear|optimism|neutral
4490,27,neutral,0|6|7|9|13|17|27,admiration|confusion|curiosity|disappointment|excitement|joy|neutral
4491,27,neutral,1|5|6|15|17|18|20|26,amusement|caring|confusion|gratitude|joy|love|optimism|surprise
4492,12,embarrassment,3|6|7|10|25,annoyance|confusion|curiosity|disapproval|sadness
4493,4,approval,2|3|5|10|14|17|18|22,anger|annoyance|caring|disapproval|fear|joy|love|realization
4494,15,gratitude,3|15|20|27,annoyance|gratitude|optimism|neutral
4495,5,caring,0|1|5|10|13|15|17|22,admiration|amusement|caring|disapproval|excitement|gratitude|joy|realization
4496,25,sadness,2|3|5|11|14|15,anger|annoyance|caring|disgust|fear|gratitude
4497,0|15,admiration|gratitude,0|1|4|9|15|20,admiration|amusement|approval|disappointment|gratitude|optimism
4498,26,surprise,1|3|5|6|7|10|17|19|22|25,amusement|annoyance|caring|confusion|curiosity|disapproval|joy|nervousness|realization|sadness
4499,27,neutral,0|1|6|7|10|15|17|27,admiration|amusement|confusion|curiosity|disapproval|gratitude|joy|neutral
4500,27,neutral,0|3|4|6|7|20,admiration|annoyance|approval|confusion|curiosity|optimism
4501,10,disapproval,0|1|2|18|20|22|27,admiration|amusement|anger|love|optimism|realization|neutral
4502,2,anger,0|2|4|7|17|18|24|25,admiration|anger|approval|curiosity|joy|love|remorse|sadness
4503,10,disapproval,0|20|27,admiration|optimism|neutral
4504,27,neutral,3|13|18|26,annoyance|excitement|love|surprise
4505,0,admiration,1|4|7|11|22|25|27,amusement|approval|curiosity|disgust|realization|sadness|neutral
4506,27,neutral,0|3|10|15|18,admiration|annoyance|disapproval|gratitude|love
4507,0|15,admiration|gratitude,1|6|7|18|22|26|27,amusement|confusion|curiosity|love|realization|surprise|neutral
4508,27,neutral,0|3|9|10|15|22|25,admiration|annoyance|disappointment|disapproval|gratitude|realization|sadness
4509,7|11,curiosity|disgust,1|2|7|14|22|25,amusement|anger|curiosity|fear|realization|sadness
4510,3,annoyance,1|2|3|5|6|8|17|18|20|22|27,amusement|anger|annoyance|caring|confusion|desire|joy|love|optimism|realization|neutral
4511,26,surprise,3|4|14|18|22|25|26|27,annoyance|approval|fear|love|realization|sadness|surprise|neutral
4512,27,neutral,1|19|20|25|27,amusement|nervousness|optimism|sadness|neutral
4513,27,neutral,3|5|6|13|15|17|18|25,annoyance|caring|confusion|excitement|gratitude|joy|love|sadness
4514,27,neutral,1|2|4|7|9|18|20,amusement|anger|approval|curiosity|disappointment|love|optimism
4515,4|23,approval|relief,0|1|4|7|9|10|17|18,admiration|amusement|approval|curiosity|disappointment|disapproval|joy|love
4516,27,neutral,0|1|7|20|27,admiration|amusement|curiosity|optimism|neutral
4517,15,gratitude,3|5|7|9|10|20|27,annoyance|caring|curiosity|disappointment|disapproval|optimism|neutral
4518,1,amusement,3|7|13|14|18|20,annoyance|curiosity|excitement|fear|love|optimism
4519,18,love,0|3|4|7|10|20|24|25,admiration|annoyance|approval|curiosity|disapproval|optimism|remorse|sadness
4520,27,neutral,0|2|3|7|10|14|27,admiration|anger|annoyance|curiosity|disapproval|fear|neutral
4521,0,admiration,0|6|7|8|9|18|25|27,admiration|confusion|curiosity|desire|disappointment|love|sadness|neutral
4522,3,annoyance,2|4|5|6|10,anger|approval|caring|confusion|disapproval
4523,18,love,1|3|6|7|13|18|22|26|27,amusement|annoyance|confusion|curiosity|excitement|love|realization|surprise|neutral
4524,0|18,admiration|love,10|17|26|27,disapproval|joy|surprise|neutral
4525,5|8,caring|desire,1|13|18|27,amusement|excitement|love|neutral
4526,27,neutral,3|5|13|27,annoyance|caring|excitement|neutral
4527,18|22,love|realization,5|9|27,caring|disappointment|neutral
4528,10,disapproval,1|2|3|7|8,amusement|anger|annoyance|curiosity|desire
4529,5,caring,3|8|11|15|22|25|26|27,annoyance|desire|disgust|gratitude|realization|sadness|surprise|neutral
4530,11,disgust,2|3|7|9|12|18,anger|annoyance|curiosity|disappointment|embarrassment|love
4531,15,gratitude,2|11|18|20|22|26,anger|disgust|love|optimism|realization|surprise
4532,14|19,fear|nervousness,5|6|7|10|14|25|27,caring|confusion|curiosity|disapproval|fear|sadness|neutral
4533,17,joy,0|1|2|4|6|9|10|11|17|22|27,admiration|amusement|anger|approval|confusion|disappointment|disapproval|disgust|joy|realization|neutral
4534,27,neutral,0|7|13|20|23|27,admiration|curiosity|excitement|optimism|relief|neutral
4535,9,disappointment,1|10|13|14|15|24|27,amusement|disapproval|excitement|fear|gratitude|remorse|neutral
4536,13,excitement,3|10|17|18|20|27,annoyance|disapproval|joy|love|optimism|neutral
4537,0,admiration,1|3|5|10|27,amusement|annoyance|caring|disapproval|neutral
4538,5|20,caring|optimism,0|1|4|18|27,admiration|amusement|approval|love|neutral
4539,10,disapproval,0|1|4|10|15|20|25|27,admiration|amusement|approval|disapproval|gratitude|optimism|sadness|neutral
4540,0,admiration,0|10|13|15|26,admiration|disapproval|excitement|gratitude|surprise
4541,0,admiration,2|7|22|27,anger|curiosity|realization|neutral
4542,0|4,admiration|approval,3|6|8|9|11|15|26|27,annoyance|confusion|desire|disappointment|disgust|gratitude|surprise|neutral
4543,7,curiosity,1|2|5|13|17|20|27,amusement|anger|caring|excitement|joy|optimism|neutral
4544,5,caring,0|3|13|18|20,admiration|annoyance|excitement|love|optimism
4545,27,neutral,0|4|11|18|19|22|24,admiration|approval|disgust|love|nervousness|realization|remorse
4546,4|9,approval|disappointment,0|1|2|4|6|9|15|22,admiration|amusement|anger|approval|confusion|disappointment|gratitude|realization
4547,7,curiosity,0|1|2|3|4|15|20|25,admiration|amusement|anger|annoyance|approval|gratitude|optimism|sadness
4548,3,annoyance,0|4|15|17|20|27,admiration|approval|gratitude|joy|optimism|neutral
4549,24,remorse,0|2|4|7|10|22,admiration|anger|approval|curiosity|disapproval|realization
4550,27,neutral,1|2|3|4|7|8|11|15|17|18|22,amusement|anger|annoyance|approval|curiosity|desire|disgust|gratitude|joy|love|realization
4551,27,neutral,0|1|7|10|24,admiration|amusement|curiosity|disapproval|remorse
4552,27,neutral,0|2|4|5|14|26|27,admiration|anger|approval|caring|fear|surprise|neutral
4553,27,neutral,2|4|7|13|17|18|19|22,anger|approval|curiosity|excitement|joy|love|nervousness|realization
4554,0,admiration,0|1|2|6|8|20|25|27,admiration|amusement|anger|confusion|desire|optimism|sadness|neutral
4555,8|15,desire|gratitude,4|5|15|22|26|27,approval|caring|gratitude|realization|surprise|neutral
4556,27,neutral,4|6|7|11|18,approval|confusion|curiosity|disgust|love
4557,7,curiosity,0|2|3|6|10|18|27,admiration|anger|annoyance|confusion|disapproval|love|neutral
4558,15,gratitude,0|1|3|4|15|17|18|20,admiration|amusement|annoyance|approval|gratitude|joy|love|optimism
4559,18,love,0|21|27,admiration|pride|neutral
4560,25,sadness,0|1|4|15|27,admiration|amusement|approval|gratitude|neutral
4561,4,approval,0|1|2|4|11|17|18|25,admiration|amusement|anger|approval|disgust|joy|love|sadness
4562,27,neutral,2|5|15|18,anger|caring|gratitude|love
4563,20|25,optimism|sadness,0|2|8|11|15|20|22|24|25,admiration|anger|desire|disgust|gratitude|optimism|realization|remorse|sadness
4564,3,annoyance,2|3|5|6|10|11|17|20|24|26,anger|annoyance|caring|confusion|disapproval|disgust|joy|optimism|remorse|surprise
4565,5,caring,1|2|3|6|7|13|18|22|26,amusement|anger|annoyance|confusion|curiosity|excitement|love|realization|surprise
4566,27,neutral,0|1|2|10|18,admiration|amusement|anger|disapproval|love
4567,4,approval,1|2|3|11|17|18,amusement|anger|annoyance|disgust|joy|love
4568,0,admiration,3|15|17|18|27,annoyance|gratitude|joy|love|neutral
4569,15,gratitude,1|3|4|7|9|25,amusement|annoyance|approval|curiosity|disappointment|sadness
4570,26,surprise,2|3|5|9|10|11|15|24,anger|annoyance|caring|disappointment|disapproval|disgust|gratitude|remorse
4571,3|10,annoyance|disapproval,4|9|17|18|22|26|27,approval|disappointment|joy|love|realization|surprise|neutral
4572,0,admiration,0|2|4|5|8|15|25|26,admiration|anger|approval|caring|desire|gratitude|sadness|surprise
4573,16|27,grief|neutral,1|7|14|18|25|26,amusement|curiosity|fear|love|sadness|surprise
4574,27,neutral,0|3|7|10|15,admiration|annoyance|curiosity|disapproval|gratitude
4575,4,approval,0|1|6|7|9|10|17|18|25,admiration|amusement|confusion|curiosity|disappointment|disapproval|joy|love|sadness
4576,3|10,annoyance|disapproval,7|10|17|18|25,curiosity|disapproval|joy|love|sadness
4577,18,love,0|1|4,admiration|amusement|approval
4578,4,approval,1|6|8|10|18|20|25,amusement|confusion|desire|disapproval|love|optimism|sadness
4579,15,gratitude,0|2|4|5|11|14|17|20|26,admiration|anger|approval|caring|disgust|fear|joy|optimism|surprise
4580,20,optimism,0|1|6|15|17|24|27,admiration|amusement|confusion|gratitude|joy|remorse|neutral
4581,26,surprise,0|11|13|18|22,admiration|disgust|excitement|love|realization
4582,27,neutral,0|1|2|6|7|13|25,admiration|amusement|anger|confusion|curiosity|excitement|sadness
4583,3|22,annoyance|realization,9|18,disappointment|love
4584,27,neutral,0|3|10|14|18|25,admiration|annoyance|disapproval|fear|love|sadness
4585,2|3,anger|annoyance,2|6|11|18|22|27,anger|confusion|disgust|love|realization|neutral
4586,27,neutral,1|5|11|14|15|17|18|20,amusement|caring|disgust|fear|gratitude|joy|love|optimism
4587,22,realization,2|4|5|10|27,anger|approval|caring|disapproval|neutral
4588,20,optimism,1|2|3|17,amusement|anger|annoyance|joy
4589,27,neutral,1|2|3|5|7|10|14|22,amusement|anger|annoyance|caring|curiosity|disapproval|fear|realization
4590,27,neutral,1|8|25|27,amusement|desire|sadness|neutral
4591,27,neutral,0|7|11|13|27,admiration|curiosity|disgust|excitement|neutral
4592,1|20,amusement|optimism,0|4|15|18|26,admiration|approval|gratitude|love|surprise
4593,27,neutral,3|8|15|22|27,annoyance|desire|gratitude|realization|neutral
4594,27,neutral,3|5|9|17|18|22|24,annoyance|caring|disappointment|joy|love|realization|remorse
4595,1,amusement,1|3|4|11|17|25|26|27,amusement|annoyance|approval|disgust|joy|sadness|surprise|neutral
4596,11,disgust,1|6|13|15|22|25,amusement|confusion|excitement|gratitude|realization|sadness
4597,27,neutral,1|5|10,amusement|caring|disapproval
4598,20,optimism,4|5|6|18|22|25|27,approval|caring|confusion|love|realization|sadness|neutral
4599,27,neutral,3|6|7|8|13|15|22|25|27,annoyance|confusion|curiosity|desire|excitement|gratitude|realization|sadness|neutral
4600,0,admiration,1|3|9|10|17|18|27,amusement|annoyance|disappointment|disapproval|joy|love|neutral
4601,13|26,excitement|surprise,3|4|9|10|15|18|26,annoyance|approval|disappointment|disapproval|gratitude|love|surprise
4602,15,gratitude,0|9|17|18|22|27,admiration|disappointment|joy|love|realization|neutral
4603,0,admiration,0|2|3|13|18|20|27,admiration|anger|annoyance|excitement|love|optimism|neutral
4604,4,approval,2|4|7|11|17|20|27,anger|approval|curiosity|disgust|joy|optimism|neutral
4605,18,love,4|15|18|20|24,approval|gratitude|love|optimism|remorse
4606,15,gratitude,5|7|15|17|20|26|27,caring|curiosity|gratitude|joy|optimism|surprise|neutral
4607,4,approval,1|2|6|7|14|17,amusement|anger|confusion|curiosity|fear|joy
4608,11,disgust,0|1|10|15|18|27,admiration|amusement|disapproval|gratitude|love|neutral
4609,27,neutral,2|3|5|10|12|18,anger|annoyance|caring|disapproval|embarrassment|love
4610,7|18,curiosity|love,0|8|10|15|20|27,admiration|desire|disapproval|gratitude|optimism|neutral
4611,27,neutral,0|6|9|15|22|27,admiration|confusion|disappointment|gratitude|realization|neutral
4612,15,gratitude,4|26,approval|surprise
4613,14,fear,2|15|17|18|27,anger|gratitude|joy|love|neutral
4614,6|7,confusion|curiosity,1|3|4|13|18|22,amusement|annoyance|approval|excitement|love|realization
4615,6|20,confusion|optimism,0|3|4|6|10|11|25,admiration|annoyance|approval|confusion|disapproval|disgust|sadness
4616,18,love,0|3|4|9|11|17|20,admiration|annoyance|approval|disappointment|disgust|joy|optimism
4617,19|27,nervousness|neutral,7|15|26|27,curiosity|gratitude|surprise|neutral
4618,26,surprise,0|3|4|17|25,admiration|annoyance|approval|joy|sadness
4619,5,caring,6|7|11|14|15,confusion|curiosity|disgust|fear|gratitude
4620,27,neutral,0|2|4|5|9|10|15|18|22|25,admiration|anger|approval|caring|disappointment|disapproval|gratitude|love|realization|sadness
4621,1,amusement,0|3|6|7|18|20|27,admiration|annoyance|confusion|curiosity|love|optimism|neutral
4622,3,annoyance,2|3|10|11|14|18|24|25,anger|annoyance|disapproval|disgust|fear|love|remorse|sadness
4623,1,amusement,3|5|6|8|9|17|20|22|26,annoyance|caring|confusion|desire|disappointment|joy|optimism|realization|surprise
4624,27,neutral,3|4|17|27,annoyance|approval|joy|neutral
4625,0|8|20,admiration|desire|optimism,4|17|18|20|27,approval|joy|love|optimism|neutral
4626,15,gratitude,1|2|4|5|7|10|20|22|27,amusement|anger|approval|caring|curiosity|disapproval|optimism|realization|neutral
4627,27,neutral,1|9|15|17|18|26|27,amusement|disappointment|gratitude|joy|love|surprise|neutral
4628,27,neutral,0|2|3|5|6|7|8|25|26|27,admiration|anger|annoyance|caring|confusion|curiosity|desire|sadness|surprise|neutral
4629,2|10,anger|disapproval,0|1|10|17|20|25|26,admiration|amusement|disapproval|joy|optimism|sadness|surprise
4630,27,neutral,4|5|6|7|8|14|22,approval|caring|confusion|curiosity|desire|fear|realization
4631,27,neutral,0|7|26|27,admiration|curiosity|surprise|neutral
4632,27,neutral,2|4|5|10|12|14,anger|approval|caring|disapproval|embarrassment|fear
4633,3,annoyance,0|12|14|17|20|27,admiration|embarrassment|fear|joy|optimism|neutral
4634,0,admiration,6|11,confusion|disgust
4635,1,amusement,0|1|13|14|20|25,admiration|amusement|excitement|fear|optimism|sadness
4636,27,neutral,2|3|5|7|17|18|22,anger|annoyance|caring|curiosity|joy|love|realization
4637,15,gratitude,1|2|25|27,amusement|anger|sadness|neutral
4638,27,neutral,1|5|9|14|18|20|27,amusement|caring|disappointment|fear|love|optimism|neutral
4639,5|24,caring|remorse,5|14|18|22|26,caring|fear|love|realization|surprise
4640,27,neutral,0|2|3|5|10|18|20|27,admiration|anger|annoyance|caring|disapproval|love|optimism|neutral
4641,27,neutral,2|3|10|11|18|25|26,anger|annoyance|disapproval|disgust|love|sadness|surprise
4642,4,approval,2|3|10|13|15|17|18|22|25|27,anger|annoyance|disapproval|excitement|gratitude|joy|love|realization|sadness|neutral
4643,27,neutral,0|3|6|9|11|15|27,admiration|annoyance|confusion|disappointment|disgust|gratitude|neutral
4644,27,neutral,6|14|18|20,confusion|fear|love|optimism
4645,18,love,3|6|7|19|20|22|27,annoyance|confusion|curiosity|nervousness|optimism|realization|neutral
4646,27,neutral,1|5|15|27,amusement|caring|gratitude|neutral
4647,8,desire,0|1|2|5|7|9|10|11|14|20|25,admiration|amusement|anger|caring|curiosity|disappointment|disapproval|disgust|fear|optimism|sadness
4648,2,anger,0|4|7|9|10|18,admiration|approval|curiosity|disappointment|disapproval|love
4649,4,approval,1|5|14|15|17|20,amusement|caring|fear|gratitude|joy|optimism
4650,27,neutral,1|2|5|10|11|18|27,amusement|anger|caring|disapproval|disgust|love|neutral
4651,27,neutral,1|4|7|9|15|17|25|26,amusement|approval|curiosity|disappointment|gratitude|joy|sadness|surprise
4652,27,neutral,0|1|2|10|11|13|22,admiration|amusement|anger|disapproval|disgust|excitement|realization
4653,8,desire,0|1|7|10|15|20|22,admiration|amusement|curiosity|disapproval|gratitude|optimism|realization
4654,27,neutral,1|6|15|22|25|27,amusement|confusion|gratitude|realization|sadness|neutral
4655,27,neutral,9|18,disappointment|love
4656,14,fear,0|3|4|6|13|18,admiration|annoyance|approval|confusion|excitement|love
4657,6,confusion,0|1|8|13|24,admiration|amusement|desire|excitement|remorse
4658,27,neutral,4|15|18|27,approval|gratitude|love|neutral
4659,0|15,admiration|gratitude,0|2|3|4|6|11|20|24,admiration|anger|annoyance|approval|confusion|disgust|optimism|remorse
4660,27,neutral,3|7|15|25|26,annoyance|curiosity|gratitude|sadness|surprise
4661,2,anger,0|1|2|9|10|21|22|26,admiration|amusement|anger|disappointment|disapproval|pride|realization|surprise
4662,27,neutral,7|9|19|22|24,curiosity|disappointment|nervousness|realization|remorse
4663,4,approval,1|9|11|18|20|27,amusement|disappointment|disgust|love|optimism|neutral
4664,15,gratitude,2|3|6|8|10|17|18|25|26,anger|annoyance|confusion|desire|disapproval|joy|love|sadness|surprise
4665,2,anger,5|9|10|11|15|25|27,caring|disappointment|disapproval|disgust|gratitude|sadness|neutral
4666,10,disapproval,0|3|6|14|18|22|25|27,admiration|annoyance|confusion|fear|love|realization|sadness|neutral
4667,27,neutral,3|4|6|20,annoyance|approval|confusion|optimism
4668,20,optimism,0|2|10|11|17|18|20|25,admiration|anger|disapproval|disgust|joy|love|optimism|sadness
4669,4|20,approval|optimism,2|4|9|10|13|18|20|25,anger|approval|disappointment|disapproval|excitement|love|optimism|sadness
4670,2,anger,1|3|10,amusement|annoyance|disapproval
4671,12,embarrassment,1|2|4|8|10|20|27,amusement|anger|approval|desire|disapproval|optimism|neutral
4672,15,gratitude,0|4|6|7|9|14|20,admiration|approval|confusion|curiosity|disappointment|fear|optimism
4673,9,disappointment,0|4|11|20,admiration|approval|disgust|optimism
4674,0|15,admiration|gratitude,2|9|18|24|25|26|27,anger|disappointment|love|remorse|sadness|surprise|neutral
4675,27,neutral,0|1|6|7|14|15|17|18|19|25|26|27,admiration|amusement|confusion|curiosity|fear|gratitude|joy|love|nervousness|sadness|surprise|neutral
4676,1,amusement,0|1|2|3|6|7|8|11|20,admiration|amusement|anger|annoyance|confusion|curiosity|desire|disgust|optimism
4677,27,neutral,0|1|2|4|25|27,admiration|amusement|anger|approval|sadness|neutral
4678,24,remorse,0|2|5|7|10|11|20|26,admiration|anger|caring|curiosity|disapproval|disgust|optimism|surprise
4679,15,gratitude,0|6|10|17|26,admiration|confusion|disapproval|joy|surprise
4680,22,realization,0|1|2|20|25,admiration|amusement|anger|optimism|sadness
4681,27,neutral,7|15|24|26,curiosity|gratitude|remorse|surprise
4682,10|11,disapproval|disgust,6|10|20,confusion|disapproval|optimism
4683,0,admiration,1|3|5|9|25|27,amusement|annoyance|caring|disappointment|sadness|neutral
4684,5,caring,2|20|25,anger|optimism|sadness
4685,27,neutral,3|4|9|13,annoyance|approval|disappointment|excitement
4686,27,neutral,0|2|15|18|20|25,admiration|anger|gratitude|love|optimism|sadness
4687,11,disgust,1|2|4|5|7|10|13|14|15,amusement|anger|approval|caring|curiosity|disapproval|excitement|fear|gratitude
4688,6|27,confusion|neutral,5|9|13|14|15|25|26,caring|disappointment|excitement|fear|gratitude|sadness|surprise
4689,27,neutral,2|3|10|27,anger|annoyance|disapproval|neutral
4690,27,neutral,5|6|10|17|18|25,caring|confusion|disapproval|joy|love|sadness
4691,5,caring,0|3|5|9|10|13|15|25|27,admiration|annoyance|caring|disappointment|disapproval|excitement|gratitude|sadness|neutral
4692,15|20,gratitude|optimism,2|4|11|17|18|25|27,anger|approval|disgust|joy|love|sadness|neutral
4693,18,love,2|3|10|20|27,anger|annoyance|disapproval|optimism|neutral
4694,15,gratitude,5|8|10|13|15|18|24|25,caring|desire|disapproval|excitement|gratitude|love|remorse|sadness
4695,27,neutral,0|3|4|7|10|17|18|19,admiration|annoyance|approval|curiosity|disapproval|joy|love|nervousness
4696,4|27,approval|neutral,0|3|4|5|9|14|20|26,admiration|annoyance|approval|caring|disappointment|fear|optimism|surprise
4697,20,optimism,4|10|11|15|26|27,approval|disapproval|disgust|gratitude|surprise|neutral
4698,1,amusement,1|2|4|10|17|27,amusement|anger|approval|disapproval|joy|neutral
4699,4|23,approval|relief,2|3|4|18,anger|annoyance|approval|love
4700,15|21,gratitude|pride,2|3|6|9|10|17|18,anger|annoyance|confusion|disappointment|disapproval|joy|love
4701,10,disapproval,0|2|4|17|27,admiration|anger|approval|joy|neutral
4702,0|4,admiration|approval,0|2|13|20|27,admiration|anger|excitement|optimism|neutral
4703,9,disappointment,7|10|11|15|26|27,curiosity|disapproval|disgust|gratitude|surprise|neutral
4704,0|15,admiration|gratitude,0|2|5|17|18|27,admiration|anger|caring|joy|love|neutral
4705,27,neutral,14|17|23,fear|joy|relief
4706,1,amusement,1|7|17|18|25,amusement|curiosity|joy|love|sadness
4707,6|7,confusion|curiosity,1|5|6|9|14|18|19|25|27,amusement|caring|confusion|disappointment|fear|love|nervousness|sadness|neutral
4708,15,gratitude,1|2|10|13|15|20,amusement|anger|disapproval|excitement|gratitude|optimism
4709,27,neutral,0|3|5|6|15|18|25|26,admiration|annoyance|caring|confusion|gratitude|love|sadness|surprise
4710,27,neutral,0|4|6|13|17|20,admiration|approval|confusion|excitement|joy|optimism
4711,10,disapproval,0|1|4|9|14|20|25,admiration|amusement|approval|disappointment|fear|optimism|sadness
4712,7|22,curiosity|realization,1|2|3|6|8|13|27,amusement|anger|annoyance|confusion|desire|excitement|neutral
4713,15,gratitude,0|13|17|18|27,admiration|excitement|joy|love|neutral
4714,15,gratitude,2|10|15|26|27,anger|disapproval|gratitude|surprise|neutral
4715,2,anger,1|3|4|11|13,amusement|annoyance|approval|disgust|excitement
4716,27,neutral,1|3|9|13|18|27,amusement|annoyance|disappointment|excitement|love|neutral
4717,18,love,0|1|3|4|10|13|17|18,admiration|amusement|annoyance|approval|disapproval|excitement|joy|love
4718,27,neutral,4|11|15|17|20|25|26|27,approval|disgust|gratitude|joy|optimism|sadness|surprise|neutral
4719,6,confusion,1|10|13|15|22|25,amusement|disapproval|excitement|gratitude|realization|sadness
4720,0,admiration,0|2|4|7|13|14|15|17|27,admiration|anger|approval|curiosity|excitement|fear|gratitude|joy|neutral
4721,0|15,admiration|gratitude,2|4|8|9|11|20|22,anger|approval|desire|disappointment|disgust|optimism|realization
4722,10,disapproval,2|10|24|27,anger|disapproval|remorse|neutral
4723,20,optimism,0|3|10|20|26,admiration|annoyance|disapproval|optimism|surprise
4724,4,approval,3|10|22|26,annoyance|disapproval|realization|surprise
4725,6,confusion,1|3|6|7|10|13|17|24|25|26,amusement|annoyance|confusion|curiosity|disapproval|excitement|joy|remorse|sadness|surprise
4726,15|20,gratitude|optimism,0|4|5|18|20|27,admiration|approval|caring|love|optimism|neutral
4727,27,neutral,1|8|14|15|18|20|25|26,amusement|desire|fear|gratitude|love|optimism|sadness|surprise
4728,6,confusion,0|1|4|7|13|21,admiration|amusement|approval|curiosity|excitement|pride
4729,27,neutral,11|13|17|18|20|27,disgust|excitement|joy|love|optimism|neutral
4730,27,neutral,4|5,approval|caring
4731,27,neutral,5|12|13|17|18|25|27,caring|embarrassment|excitement|joy|love|sadness|neutral
4732,4,approval,3|4|6|7|9|22|27,annoyance|approval|confusion|curiosity|disappointment|realization|neutral
4733,18,love,2|4|15|17|20|27,anger|approval|gratitude|joy|optimism|neutral
4734,27,neutral,3|4|15|17|20|24|25,annoyance|approval|gratitude|joy|optimism|remorse|sadness
4735,5,caring,0|3|11|13|27,admiration|annoyance|disgust|excitement|neutral
4736,27,neutral,2|4|5|6|10|13|20|25,anger|approval|caring|confusion|disapproval|excitement|optimism|sadness
4737,6,confusion,6|14|18|20|25|27,confusion|fear|love|optimism|sadness|neutral
4738,15,gratitude,3|10|15|20|22|25,annoyance|disapproval|gratitude|optimism|realization|sadness
4739,13|17,excitement|joy,7|11|15|17|26,curiosity|disgust|gratitude|joy|surprise
4740,27,neutral,0|2|5|15|17|18|20|25,admiration|anger|caring|gratitude|joy|love|optimism|sadness
4741,6,confusion,1|4|9|10|17|18|25,amusement|approval|disappointment|disapproval|joy|love|sadness
4742,4,approval,1|2|9|18|20,amusement|anger|disappointment|love|optimism
4743,27,neutral,1|13|14|15|21|22|27,amusement|excitement|fear|gratitude|pride|realization|neutral
4744,17,joy,0|8|10|13|17|22,admiration|desire|disapproval|excitement|joy|realization
4745,27,neutral,1|7|15|18|25|27,amusement|curiosity|gratitude|love|sadness|neutral
4746,26,surprise,8|10|15|17|27,desire|disapproval|gratitude|joy|neutral
4747,0,admiration,0|1|4|10|18|24|25,admiration|amusement|approval|disapproval|love|remorse|sadness
4748,22,realization,1|5|10|14|17|18|22|25|26,amusement|caring|disapproval|fear|joy|love|realization|sadness|surprise
4749,6,confusion,0|4|6|7|8|9|11|13|15|18,admiration|approval|confusion|curiosity|desire|disappointment|disgust|excitement|gratitude|love
4750,5,caring,4|6|18|27,approval|confusion|love|neutral
4751,7,curiosity,2|3|4|5|13|22|26,anger|annoyance|approval|caring|excitement|realization|surprise
4752,27,neutral,3|4|8|9|10|17|21|26,annoyance|approval|desire|disappointment|disapproval|joy|pride|surprise
4753,17,joy,3|4|5|9|13|20|27,annoyance|approval|caring|disappointment|excitement|optimism|neutral
4754,18,love,1|4|10|14,amusement|approval|disapproval|fear
4755,4,approval,6|20|22|27,confusion|optimism|realization|neutral
4756,0,admiration,0|2|8|10|15|18|26,admiration|anger|desire|disapproval|gratitude|love|surprise
4757,27,neutral,0|3|5|6|7|17|26,admiration|annoyance|caring|confusion|curiosity|joy|surprise
4758,11,disgust,5|17|20|27,caring|joy|optimism|neutral
4759,27,neutral,0|3|4|8|9|19|27,admiration|annoyance|approval|desire|disappointment|nervousness|neutral
4760,27,neutral,3|4|15|24|27,annoyance|approval|gratitude|remorse|neutral
4761,6,confusion,0|1|3|6|8|13|14|17|18|24,admiration|amusement|annoyance|confusion|desire|excitement|fear|joy|love|remorse
4762,27,neutral,10|11|25,disapproval|disgust|sadness
4763,12,embarrassment,0|2|3|4|6|15,admiration|anger|annoyance|approval|confusion|gratitude
4764,27,neutral,4|13|18|26|27,approval|excitement|love|surprise|neutral
4765,27,neutral,0|2|4|15|27,admiration|anger|approval|gratitude|neutral
4766,27,neutral,1|3|4|7|11|13|17|18,amusement|annoyance|approval|curiosity|disgust|excitement|joy|love
4767,27,neutral,1|4|14|15|18|25,amusement|approval|fear|gratitude|love|sadness
4768,27,neutral,7|9|10|14|26,curiosity|disappointment|disapproval|fear|surprise
4769,7,curiosity,0|3|20|27,admiration|annoyance|optimism|neutral
4770,27,neutral,0|3|4|5|10|11|17,admiration|annoyance|approval|caring|disapproval|disgust|joy
4771,27,neutral,0|3|14|17|20,admiration|annoyance|fear|joy|optimism
4772,27,neutral,0|1|7|18|26|27,admiration|amusement|curiosity|love|surprise|neutral
4773,27,neutral,0|4|10|13|25,admiration|approval|disapproval|excitement|sadness
4774,10,disapproval,0|4|10|13|14|20|26|27,admiration|approval|disapproval|excitement|fear|optimism|surprise|neutral
4775,25,sadness,4|8|9|13|15|17|18|20|22|25,approval|desire|disappointment|excitement|gratitude|joy|love|optimism|realization|sadness
4776,14,fear,1|3|5|6|7|10|12|22,amusement|annoyance|caring|confusion|curiosity|disapproval|embarrassment|realization
4777,15,gratitude,0|3|5|8|10|17|18|20|22|24|26,admiration|annoyance|caring|desire|disapproval|joy|love|optimism|realization|remorse|surprise
4778,18,love,2|3|7|11|22|25|27,anger|annoyance|curiosity|disgust|realization|sadness|neutral
4779,15,gratitude,2|7|9|10|14|15|19,anger|curiosity|disappointment|disapproval|fear|gratitude|nervousness
4780,27,neutral,0|1|4|5|7|8|14|15|17,admiration|amusement|approval|caring|curiosity|desire|fear|gratitude|joy
4781,0,admiration,1|4|10|26|27,amusement|approval|disapproval|surprise|neutral
4782,27,neutral,0|1|17|20|27,admiration|amusement|joy|optimism|neutral
4783,27,neutral,2|4|5|9|15|18,anger|approval|caring|disappointment|gratitude|love
4784,27,neutral,0|4|7|9|10|11|15|24|25,admiration|approval|curiosity|disappointment|disapproval|disgust|gratitude|remorse|sadness
4785,0,admiration,0|1|6|13|20|25,admiration|amusement|confusion|excitement|optimism|sadness
4786,18,love,0|2|15|17|20|25,admiration|anger|gratitude|joy|optimism|sadness
4787,17,joy,0|2|4|5|8|9|10|11|15|20|25,admiration|anger|approval|caring|desire|disappointment|disapproval|disgust|gratitude|optimism|sadness
4788,15,gratitude,0|2|3|5|10|11|15|17|18|20|24,admiration|anger|annoyance|caring|disapproval|disgust|gratitude|joy|love|optimism|remorse
4789,4,approval,2|3|11|22|27,anger|annoyance|disgust|realization|neutral
4790,27,neutral,1|2|3|4|11|15|18|20|22,amusement|anger|annoyance|approval|disgust|gratitude|love|optimism|realization
4791,2,anger,3|4|5|10|15|22|24,annoyance|approval|caring|disapproval|gratitude|realization|remorse
4792,20,optimism,1|3|4|5|6|15|20|27,amusement|annoyance|approval|caring|confusion|gratitude|optimism|neutral
4793,0,admiration,0|10|13|18|22|27,admiration|disapproval|excitement|love|realization|neutral
4794,27,neutral,1|10|17|18|27,amusement|disapproval|joy|love|neutral
4795,27,neutral,3|15|17,annoyance|gratitude|joy
4796,27,neutral,0|10|11|22,admiration|disapproval|disgust|realization
4797,27,neutral,1|2|7|9|15|17|25|26|27,amusement|anger|curiosity|disappointment|gratitude|joy|sadness|surprise|neutral
4798,6,confusion,0|1|2|3|10|14,admiration|amusement|anger|annoyance|disapproval|fear
4799,27,neutral,2|5|6|15|20,anger|caring|confusion|gratitude|optimism
4800,18,love,0|1|2|11|17|18|22|26,admiration|amusement|anger|disgust|joy|love|realization|surprise
4801,27,neutral,0|1|4|17|20|22|27,admiration|amusement|approval|joy|optimism|realization|neutral
4802,27,neutral,4,approval
4803,3,annoyance,0|1|7|15|17|20|27,admiration|amusement|curiosity|gratitude|joy|optimism|neutral
4804,27,neutral,0|3|8|11|13|15|17|18,admiration|annoyance|desire|disgust|excitement|gratitude|joy|love
4805,26,surprise,1|4|6|10|13|18|20|27,amusement|approval|confusion|disapproval|excitement|love|optimism|neutral
4806,27,neutral,0|3|4|7|20|22,admiration|annoyance|approval|curiosity|optimism|realization
4807,0,admiration,2|4|9|15|17|20,anger|approval|disappointment|gratitude|joy|optimism
4808,27,neutral,2|4|9|13|15|19|27,anger|approval|disappointment|excitement|gratitude|nervousness|neutral
4809,27,neutral,6|10|15|18|22|25,confusion|disapproval|gratitude|love|realization|sadness
4810,20,optimism,0|1|2|13|15|17|20,admiration|amusement|anger|excitement|gratitude|joy|optimism
4811,4,approval,1|6|8|10|19|20|25|26|27,amusement|confusion|desire|disapproval|nervousness|optimism|sadness|surprise|neutral
4812,27,neutral,2|7|17|18|20|24|26|27,anger|curiosity|joy|love|optimism|remorse|surprise|neutral
4813,26,surprise,4|5|14|15|20|24|25,approval|caring|fear|gratitude|optimism|remorse|sadness
4814,1,amusement,0|1|3|5|6|7|9|20,admiration|amusement|annoyance|caring|confusion|curiosity|disappointment|optimism
4815,10,disapproval,1|3|4|7|9|12|20|26,amusement|annoyance|approval|curiosity|disappointment|embarrassment|optimism|surprise
4816,1,amusement,0|2|7|10|14|18|25|27,admiration|anger|curiosity|disapproval|fear|love|sadness|neutral
4817,10,disapproval,9|10|11|13|15|18,disappointment|disapproval|disgust|excitement|gratitude|love
4818,26,surprise,1|4|7|17|18|22,amusement|approval|curiosity|joy|love|realization
4819,13,excitement,2|10|14|18|22|24|26,anger|disapproval|fear|love|realization|remorse|surprise
4820,3,annoyance,5|8|24|25|27,caring|desire|remorse|sadness|neutral
4821,1|9,amusement|disappointment,3|6|15|27,annoyance|confusion|gratitude|neutral
4822,27,neutral,4|6|15|20|27,approval|confusion|gratitude|optimism|neutral
4823,20,optimism,6|7|11|12|15|17|20|24,confusion|curiosity|disgust|embarrassment|gratitude|joy|optimism|remorse
4824,27,neutral,3|9|11|15|27,annoyance|disappointment|disgust|gratitude|neutral
4825,18,love,1|3|5|6|8|9|10|22|27,amusement|annoyance|caring|confusion|desire|disappointment|disapproval|realization|neutral
4826,27,neutral,0|1|3|7|9|18|20|26,admiration|amusement|annoyance|curiosity|disappointment|love|optimism|surprise
4827,7,curiosity,0|7|11|17|27,admiration|curiosity|disgust|joy|neutral
4828,10,disapproval,3|6|7|13|22|25|27,annoyance|confusion|curiosity|excitement|realization|sadness|neutral
4829,27,neutral,2|4|15|18|22|25|27,anger|approval|gratitude|love|realization|sadness|neutral
4830,27,neutral,5|9|12|21,caring|disappointment|embarrassment|pride
4831,27,neutral,0|1|2|4|6|9|14|17|18|26,admiration|amusement|anger|approval|confusion|disappointment|fear|joy|love|surprise
4832,27,neutral,1|3|4|10,amusement|annoyance|approval|disapproval
4833,27,neutral,6|7|20|27,confusion|curiosity|optimism|neutral
4834,0,admiration,0|2|3|4|11|13|15|17|22|25,admiration|anger|annoyance|approval|disgust|excitement|gratitude|joy|realization|sadness
4835,3,annoyance,0|3|4|15|20|26|27,admiration|annoyance|approval|gratitude|optimism|surprise|neutral
4836,4,approval,0|1|11|14|26,admiration|amusement|disgust|fear|surprise
4837,27,neutral,1|3|4|5|6|7|10|11|17|24,amusement|annoyance|approval|caring|confusion|curiosity|disapproval|disgust|joy|remorse
4838,4|17,approval|joy,1|3|4|5|15|22|27,amusement|annoyance|approval|caring|gratitude|realization|neutral
4839,27,neutral,0|1|7|15|17|27,admiration|amusement|curiosity|gratitude|joy|neutral
4840,27,neutral,3|4|9|10,annoyance|approval|disappointment|disapproval
4841,10,disapproval,7|11|14|15|17|20|24,curiosity|disgust|fear|gratitude|joy|optimism|remorse
4842,13,excitement,1|10|17|18|24|27,amusement|disapproval|joy|love|remorse|neutral
4843,27,neutral,2|4|6|10|15,anger|approval|confusion|disapproval|gratitude
4844,2|3,anger|annoyance,1|5|8|9|13|15|20,amusement|caring|desire|disappointment|excitement|gratitude|optimism
4845,27,neutral,5|6|18|22|25|27,caring|confusion|love|realization|sadness|neutral
4846,27,neutral,0|4|6|9|11|17|20|27,admiration|approval|confusion|disappointment|disgust|joy|optimism|neutral
4847,0|15,admiration|gratitude,0|1|2|4|6|17|27,admiration|amusement|anger|approval|confusion|joy|neutral
4848,27,neutral,6|10|22|25|26|27,confusion|disapproval|realization|sadness|surprise|neutral
4849,27,neutral,4|7|18|20|25,approval|curiosity|love|optimism|sadness
4850,5,caring,0|1|4|6|7|9|17|18|27,admiration|amusement|approval|confusion|curiosity|disappointment|joy|love|neutral
4851,10,disapproval,2|4|9|18|20|25|27,anger|approval|disappointment|love|optimism|sadness|neutral
4852,0,admiration,5|9|11|15|18|20|25|26|27,caring|disappointment|disgust|gratitude|love|optimism|sadness|surprise|neutral
4853,22,realization,1|4|5|7|10|18|20|26,amusement|approval|caring|curiosity|disapproval|love|optimism|surprise
4854,27,neutral,4|7|11|18|25,approval|curiosity|disgust|love|sadness
4855,18|27,love|neutral,3|4|5|6|8|20|27,annoyance|approval|caring|confusion|desire|optimism|neutral
4856,27,neutral,5|11|13|17|20|22|25,caring|disgust|excitement|joy|optimism|realization|sadness
4857,18,love,0|2|7|8|15|20|26,admiration|anger|curiosity|desire|gratitude|optimism|surprise
4858,6|22,confusion|realization,1|5|7|9,amusement|caring|curiosity|disappointment
4859,4,approval,0|1|6|24|27,admiration|amusement|confusion|remorse|neutral
4860,0,admiration,1|4|15|17|20|22|27,amusement|approval|gratitude|joy|optimism|realization|neutral
4861,1,amusement,1|5|6|7|8|18|20|22|25,amusement|caring|confusion|curiosity|desire|love|optimism|realization|sadness
4862,25,sadness,0|3|4|7|15|26|27,admiration|annoyance|approval|curiosity|gratitude|surprise|neutral
4863,23,relief,7|9|10|19|27,curiosity|disappointment|disapproval|nervousness|neutral
4864,9|22,disappointment|realization,1|4|7|13|15|17|18|20|24|25,amusement|approval|curiosity|excitement|gratitude|joy|love|optimism|remorse|sadness
4865,0,admiration,0|3|10|15|18|27,admiration|annoyance|disapproval|gratitude|love|neutral
4866,1,amusement,4|8|17|18|20|22|27,approval|desire|joy|love|optimism|realization|neutral
4867,14,fear,0|9|18|20|25|27,admiration|disappointment|love|optimism|sadness|neutral
4868,3,annoyance,0|1|4|25|27,admiration|amusement|approval|sadness|neutral
4869,4,approval,0|1|4|5|10|14|20|27,admiration|amusement|approval|caring|disapproval|fear|optimism|neutral
4870,3,annoyance,0|4|6|12|13|20|22|27,admiration|approval|confusion|embarrassment|excitement|optimism|realization|neutral
4871,7,curiosity,0|3|7|9,admiration|annoyance|curiosity|disappointment
4872,26,surprise,2|3|6|10|13|18|20|27,anger|annoyance|confusion|disapproval|excitement|love|optimism|neutral
4873,10,disapproval,0|2|9|16|17|22|25|27,admiration|anger|disappointment|grief|joy|realization|sadness|neutral
4874,0|14,admiration|fear,0|6|20|25|27,admiration|confusion|optimism|sadness|neutral
4875,27,neutral,1|3|5|8|17|24,amusement|annoyance|caring|desire|joy|remorse
4876,2,anger,3|5|9|10|15|18|26,annoyance|caring|disappointment|disapproval|gratitude|love|surprise
4877,11,disgust,10|20|27,disapproval|optimism|neutral
4878,22,realization,1|6|9|15|26,amusement|confusion|disappointment|gratitude|surprise
4879,0,admiration,3|6|7|17|25|27,annoyance|confusion|curiosity|joy|sadness|neutral
4880,27,neutral,14|20|25|27,fear|optimism|sadness|neutral
4881,5|18,caring|love,3|7|8|9|17|18,annoyance|curiosity|desire|disappointment|joy|love
4882,2|7,anger|curiosity,2|3|7|9|13|15|20|25,anger|annoyance|curiosity|disappointment|excitement|gratitude|optimism|sadness
4883,27,neutral,0|24|27,admiration|remorse|neutral
4884,27,neutral,0|1|9|11|17|20|22,admiration|amusement|disappointment|disgust|joy|optimism|realization
4885,27,neutral,3|9|10|15|22|25,annoyance|disappointment|disapproval|gratitude|realization|sadness
4886,18,love,0|4|22|27,admiration|approval|realization|neutral
4887,1,amusement,2|3|5|6|7|18|20|24|25,anger|annoyance|caring|confusion|curiosity|love|optimism|remorse|sadness
4888,0,admiration,5|15|17|18|26,caring|gratitude|joy|love|surprise
4889,10,disapproval,5|6|15|24|27,caring|confusion|gratitude|remorse|neutral
4890,3,annoyance,0|4|7|10|11|12|27,admiration|approval|curiosity|disapproval|disgust|embarrassment|neutral
4891,1,amusement,0|1|4|26,admiration|amusement|approval|surprise
4892,20,optimism,4|10|20,approval|disapproval|optimism
4893,27,neutral,0|5|6|11|13|15|20|22|25|26,admiration|caring|confusion|disgust|excitement|gratitude|optimism|realization|sadness|surprise
4894,27,neutral,1|2|4|5|14|17|22|23,amusement|anger|approval|caring|fear|joy|realization|relief
4895,27,neutral,1|2|5|11|15|27,amusement|anger|caring|disgust|gratitude|neutral
4896,27,neutral,2|4|5|7|25,anger|approval|caring|curiosity|sadness
4897,27,neutral,2|3|9,anger|annoyance|disappointment
4898,27,neutral,1|2|3|9|11|15|25,amusement|anger|annoyance|disappointment|disgust|gratitude|sadness
4899,4,approval,3|6|9|10|11|15,annoyance|confusion|disappointment|disapproval|disgust|gratitude
4900,27,neutral,2|3|4|9|10|15|17|22|27,anger|annoyance|approval|disappointment|disapproval|gratitude|joy|realization|neutral
4901,27,neutral,0|1|12|13|19|25|27,admiration|amusement|embarrassment|excitement|nervousness|sadness|neutral
4902,10,disapproval,3|20|25|26,annoyance|optimism|sadness|surprise
4903,27,neutral,1|4|18|20,amusement|approval|love|optimism
4904,1|6,amusement|confusion,1|4|5|8|11|14|15|25,amusement|approval|caring|desire|disgust|fear|gratitude|sadness
4905,27,neutral,1|4|7|9|10|15|18|25|27,amusement|approval|curiosity|disappointment|disapproval|gratitude|love|sadness|neutral
4906,0,admiration,0|4|5|15|17|22|27,admiration|approval|caring|gratitude|joy|realization|neutral
4907,4,approval,1|5|6|7|8,amusement|caring|confusion|curiosity|desire
4908,9,disappointment,1|3|5|15,amusement|annoyance|caring|gratitude
4909,27,neutral,4|15|17|22|27,approval|gratitude|joy|realization|neutral
4910,27,neutral,0|2|6|7|14|25|27,admiration|anger|confusion|curiosity|fear|sadness|neutral
4911,1|15,amusement|gratitude,0|2|3|4|10|15|17|20|26|27,admiration|anger|annoyance|approval|disapproval|gratitude|joy|optimism|surprise|neutral
4912,3|9,annoyance|disappointment,7|17|18|19|26|27,curiosity|joy|love|nervousness|surprise|neutral
4913,2|3,anger|annoyance,0|2|15|20|22|27,admiration|anger|gratitude|optimism|realization|neutral
4914,27,neutral,1|13|17,amusement|excitement|joy
4915,2,anger,0|9|10|11|20|22|24|26,admiration|disappointment|disapproval|disgust|optimism|realization|remorse|surprise
4916,0|15,admiration|gratitude,2|3|7|18|22|26|27,anger|annoyance|curiosity|love|realization|surprise|neutral
4917,11|18,disgust|love,0|1|10|25|27,admiration|amusement|disapproval|sadness|neutral
4918,18,love,13|15|18|27,excitement|gratitude|love|neutral
4919,7,curiosity,1|3|4|26,amusement|annoyance|approval|surprise
4920,9,disappointment,0|3|8|11|15|17|18|27,admiration|annoyance|desire|disgust|gratitude|joy|love|neutral
4921,27,neutral,2|4|7|15|20|22|27,anger|approval|curiosity|gratitude|optimism|realization|neutral
4922,0,admiration,1|9|10|14|15|18|20|27,amusement|disappointment|disapproval|fear|gratitude|love|optimism|neutral
4923,27,neutral,0|1|4|15|22|27,admiration|amusement|approval|gratitude|realization|neutral
4924,4|27,approval|neutral,2|3|4|10|14|15|17|18|27,anger|annoyance|approval|disapproval|fear|gratitude|joy|love|neutral
4925,9|27,disappointment|neutral,1|2|9|26|27,amusement|anger|disappointment|surprise|neutral
4926,14|19,fear|nervousness,3|7|10|13|14|15|18|22,annoyance|curiosity|disapproval|excitement|fear|gratitude|love|realization
4927,4,approval,1|6|9|11|15|26|27,amusement|confusion|disappointment|disgust|gratitude|surprise|neutral
4928,20,optimism,0|2|3|5|6|7|14|15|17|24,admiration|anger|annoyance|caring|confusion|curiosity|fear|gratitude|joy|remorse
4929,3|9,annoyance|disappointment,7|9|17|18|20|26,curiosity|disappointment|joy|love|optimism|surprise
4930,27,neutral,4|11|14|17|18|27,approval|disgust|fear|joy|love|neutral
4931,27,neutral,0|6|10|13|27,admiration|confusion|disapproval|excitement|neutral
4932,1|4,amusement|approval,1|2|4|6|9|10|17|20,amusement|anger|approval|confusion|disappointment|disapproval|joy|optimism
4933,22,realization,2|6|15|18|27,anger|confusion|gratitude|love|neutral
4934,10,disapproval,1|12|15|18|25,amusement|embarrassment|gratitude|love|sadness
4935,10,disapproval,0|1|2|3|7|13|15|27,admiration|amusement|anger|annoyance|curiosity|excitement|gratitude|neutral
4936,0|18,admiration|love,0|2|7|20|22|24|25|26,admiration|anger|curiosity|optimism|realization|remorse|sadness|surprise
4937,0,admiration,1|3|9|10|11|17|27,amusement|annoyance|disappointment|disapproval|disgust|joy|neutral
4938,18,love,1|3|6|7|20|27,amusement|annoyance|confusion|curiosity|optimism|neutral
4939,4,approval,0|2|3|4|6|15|20|24,admiration|anger|annoyance|approval|confusion|gratitude|optimism|remorse
4940,27,neutral,1|7|18|22,amusement|curiosity|love|realization
4941,0,admiration,3|7|9|25|26|27,annoyance|curiosity|disappointment|sadness|surprise|neutral
4942,0,admiration,1|2|5|6|7|8|17|25|27,amusement|anger|caring|confusion|curiosity|desire|joy|sadness|neutral
4943,1,amusement,1|4|6|7|8|9|15|17|25,amusement|approval|confusion|curiosity|desire|disappointment|gratitude|joy|sadness
4944,15,gratitude,4|6|11|15|18|25,approval|confusion|disgust|gratitude|love|sadness
4945,27,neutral,5|6|7|14|15,caring|confusion|curiosity|fear|gratitude
4946,1|6,amusement|confusion,3|10|15|20|27,annoyance|disapproval|gratitude|optimism|neutral
4947,20,optimism,3|5|8|13|17|22|24|27,annoyance|caring|desire|excitement|joy|realization|remorse|neutral
4948,7,curiosity,0|1|4|6|9|14|20|23|24,admiration|amusement|approval|confusion|disappointment|fear|optimism|relief|remorse
4949,15,gratitude,3|7|10|11|14|15|17|22|26,annoyance|curiosity|disapproval|disgust|fear|gratitude|joy|realization|surprise
4950,27,neutral,1|5|10|11|13|14|17|18|20,amusement|caring|disapproval|disgust|excitement|fear|joy|love|optimism
4951,4,approval,0|1|3|4|5|17|19|24,admiration|amusement|annoyance|approval|caring|joy|nervousness|remorse
4952,13|20,excitement|optimism,1|4|6|10|26|27,amusement|approval|confusion|disapproval|surprise|neutral
4953,22,realization,0|4|6|15,admiration|approval|confusion|gratitude
4954,27,neutral,0|4|6|13|17|20|27,admiration|approval|confusion|excitement|joy|optimism|neutral
4955,8,desire,0|2|6|7|17|22|25|27,admiration|anger|confusion|curiosity|joy|realization|sadness|neutral
4956,2,anger,3|4|10|27,annoyance|approval|disapproval|neutral
4957,5,caring,1|3|6|10|22|27,amusement|annoyance|confusion|disapproval|realization|neutral
4958,1|18,amusement|love,3|4|6|9|11|13,annoyance|approval|confusion|disappointment|disgust|excitement
4959,5|18,caring|love,2|3|7|13|18|23|26|27,anger|annoyance|curiosity|excitement|love|relief|surprise|neutral
4960,27,neutral,0|4|27,admiration|approval|neutral
4961,5|18,caring|love,2|4|18|27,anger|approval|love|neutral
4962,17,joy,2|3|6|7|9|10|18|22,anger|annoyance|confusion|curiosity|disappointment|disapproval|love|realization
4963,0,admiration,0|1|3|4|6|27,admiration|amusement|annoyance|approval|confusion|neutral
4964,0|25,admiration|sadness,1|5|11|14|15|17|25|26,amusement|caring|disgust|fear|gratitude|joy|sadness|surprise
4965,0|15,admiration|gratitude,2|3|6|7|18|22|27,anger|annoyance|confusion|curiosity|love|realization|neutral
4966,20,optimism,0|4|5|15|18|26,admiration|approval|caring|gratitude|love|surprise
4967,4,approval,1|2|13|15|20|26|27,amusement|anger|excitement|gratitude|optimism|surprise|neutral
4968,27,neutral,1|3|4|10|22,amusement|annoyance|approval|disapproval|realization
4969,27,neutral,3|4|15|18|24,annoyance|approval|gratitude|love|remorse
4970,22,realization,0|4|15,admiration|approval|gratitude
4971,27,neutral,2|3|10,anger|annoyance|disapproval
4972,20,optimism,1|10|24|27,amusement|disapproval|remorse|neutral
4973,0,admiration,6|27,confusion|neutral
4974,1|17,amusement|joy,0|4|7|25,admiration|approval|curiosity|sadness
4975,3,annoyance,8|10|14|17|18|25,desire|disapproval|fear|joy|love|sadness
4976,1|15,amusement|gratitude,1|4|8|14|15|18|20|24,amusement|approval|desire|fear|gratitude|love|optimism|remorse
4977,11,disgust,0|5|7|20|22|25|26,admiration|caring|curiosity|optimism|realization|sadness|surprise
4978,0,admiration,5|6|11|13|18|22|25|27,caring|confusion|disgust|excitement|love|realization|sadness|neutral
4979,27,neutral,2|3|6|7|14|20|27,anger|annoyance|confusion|curiosity|fear|optimism|neutral
4980,2|11,anger|disgust,3|5|10|11|14|15|20|25,annoyance|caring|disapproval|disgust|fear|gratitude|optimism|sadness
4981,13,excitement,0|3|10|14|17|20,admiration|annoyance|disapproval|fear|joy|optimism
4982,11,disgust,5|6|7|13|17|20|22,caring|confusion|curiosity|excitement|joy|optimism|realization
4983,4,approval,1|4|6|13|15|22|26,amusement|approval|confusion|excitement|gratitude|realization|surprise
4984,6,confusion,18|20|27,love|optimism|neutral
4985,4,approval,3|10|22|27,annoyance|disapproval|realization|neutral
4986,15,gratitude,0|3|4|9|10|20|25,admiration|annoyance|approval|disappointment|disapproval|optimism|sadness
4987,7,curiosity,0|1|2|5|11|13|15|22|26|27,admiration|amusement|anger|caring|disgust|excitement|gratitude|realization|surprise|neutral
4988,20,optimism,0|2|6|10|12|25,admiration|anger|confusion|disapproval|embarrassment|sadness
4989,27,neutral,2|3|9|15|27,anger|annoyance|disappointment|gratitude|neutral
4990,13|18,excitement|love,0|7|13|17|18|20,admiration|curiosity|excitement|joy|love|optimism
4991,17,joy,0|6|7|8|18|25|27,admiration|confusion|curiosity|desire|love|sadness|neutral
4992,1|10,amusement|disapproval,0|3|4|6|15|22|25,admiration|annoyance|approval|confusion|gratitude|realization|sadness
4993,10,disapproval,2|3|4|10|18|19|25|26,anger|annoyance|approval|disapproval|love|nervousness|sadness|surprise
4994,18,love,0|1|4|7|22|27,admiration|amusement|approval|curiosity|realization|neutral
4995,27,neutral,2|14,anger|fear
4996,9|10,disappointment|disapproval,2|7|9|15|27,anger|curiosity|disappointment|gratitude|neutral
4997,27,neutral,1|3|5|13|22|24|27,amusement|annoyance|caring|excitement|realization|remorse|neutral
4998,27,neutral,0|2|18|21|27,admiration|anger|love|pride|neutral
4999,7,curiosity,1|3|7|11|24|25|26,amusement|annoyance|curiosity|disgust|remorse|sadness|surprise
5000,10,disapproval,1|3|4|5|7|11|13|15|17|18|20,amusement|annoyance|approval|caring|curiosity|disgust|excitement|gratitude|joy|love|optimism
5001,4,approval,0|2|7|18|25,admiration|anger|curiosity|love|sadness
5002,27,neutral,1|7|8|14|17|18|27,amusement|curiosity|desire|fear|joy|love|neutral
5003,25,sadness,0|2|3|5|6|8|9|10|15|20|27,admiration|anger|annoyance|caring|confusion|desire|disappointment|disapproval|gratitude|optimism|neutral
5004,1,amusement,0|4|5|7|10|20|27,admiration|approval|caring|curiosity|disapproval|optimism|neutral
5005,10,disapproval,1|2|4|5|13|15|22|24|26,amusement|anger|approval|caring|excitement|gratitude|realization|remorse|surprise
5006,27,neutral,0|3|9|18|22|24|26|27,admiration|annoyance|disappointment|love|realization|remorse|surprise|neutral
5007,27,neutral,3|6|7|11|20|22|24,annoyance|confusion|curiosity|disgust|optimism|realization|remorse
5008,13,excitement,1|2|3|4|9|15|20,amusement|anger|annoyance|approval|disappointment|gratitude|optimism
5009,27,neutral,1|3|4|10|25,amusement|annoyance|approval|disapproval|sadness
5010,18,love,0|5|7|8|10|17|20,admiration|caring|curiosity|desire|disapproval|joy|optimism
5011,1,amusement,0|6|7|9|10|18|20,admiration|confusion|curiosity|disappointment|disapproval|love|optimism
5012,27,neutral,0|4|7|15|18|27,admiration|approval|curiosity|gratitude|love|neutral
5013,20,optimism,1|4|12|15|18,amusement|approval|embarrassment|gratitude|love
5014,27,neutral,1|5|6|7|14|18|20|27,amusement|caring|confusion|curiosity|fear|love|optimism|neutral
5015,2|3,anger|annoyance,10|18|20|26|27,disapproval|love|optimism|surprise|neutral
5016,27,neutral,0|2|3|4|6|7|10|13|18|20|26,admiration|anger|annoyance|approval|confusion|curiosity|disapproval|excitement|love|optimism|surprise
5017,10,disapproval,1|2|4|11|13|15|20,amusement|anger|approval|disgust|excitement|gratitude|optimism
5018,4|5,approval|caring,0|8|15|21|22,admiration|desire|gratitude|pride|realization
5019,27,neutral,0|5|15|22|26,admiration|caring|gratitude|realization|surprise
5020,20,optimism,4|10|25|27,approval|disapproval|sadness|neutral
5021,0,admiration,0|1|3|10|13|15|17|18|22|27,admiration|amusement|annoyance|disapproval|excitement|gratitude|joy|love|realization|neutral
5022,0|4,admiration|approval,0|9|15|20|26|27,admiration|disappointment|gratitude|optimism|surprise|neutral
5023,10,disapproval,1|2|5|10|15|27,amusement|anger|caring|disapproval|gratitude|neutral
5024,0,admiration,2|3|5|7|9|14|15|27,anger|annoyance|caring|curiosity|disappointment|fear|gratitude|neutral
5025,27,neutral,3|15|18|26|27,annoyance|gratitude|love|surprise|neutral
5026,27,neutral,1|5|15|20|24|25|26|27,amusement|caring|gratitude|optimism|remorse|sadness|surprise|neutral
5027,27,neutral,1|3|7|9|20,amusement|annoyance|curiosity|disappointment|optimism
5028,2,anger,0|1|2|5|9,admiration|amusement|anger|caring|disappointment
5029,17,joy,0|2|4|9|13|18,admiration|anger|approval|disappointment|excitement|love
5030,27,neutral,0|6|18|27,admiration|confusion|love|neutral
5031,27,neutral,3|5|15|18|27,annoyance|caring|gratitude|love|neutral
5032,15,gratitude,0|2|4|9|10|15|25,admiration|anger|approval|disappointment|disapproval|gratitude|sadness
5033,6|27,confusion|neutral,4|11|18|24|27,approval|disgust|love|remorse|neutral
5034,2|3,anger|annoyance,8|15|18|25|27,desire|gratitude|love|sadness|neutral
5035,6,confusion,1|4|6|11,amusement|approval|confusion|disgust
5036,2|27,anger|neutral,1|3|6|18|25|26,amusement|annoyance|confusion|love|sadness|surprise
5037,11,disgust,0|3|5|6|7|8|11|14|18|25,admiration|annoyance|caring|confusion|curiosity|desire|disgust|fear|love|sadness
5038,5,caring,0|4|9|15|25|26,admiration|approval|disappointment|gratitude|sadness|surprise
5039,27,neutral,0|1|10|20|22|25,admiration|amusement|disapproval|optimism|realization|sadness
5040,15,gratitude,0|3|6|9|15|17|24|27,admiration|annoyance|confusion|disappointment|gratitude|joy|remorse|neutral
5041,4,approval,0|2|7,admiration|anger|curiosity
5042,27,neutral,13|15|22|27,excitement|gratitude|realization|neutral
5043,0,admiration,0|1|3|27,admiration|amusement|annoyance|neutral
5044,7,curiosity,0|7|14,admiration|curiosity|fear
5045,0,admiration,20|25|26,optimism|sadness|surprise
5046,2,anger,1|2|4|7|9|15,amusement|anger|approval|curiosity|disappointment|gratitude
5047,27,neutral,4|17|22|25|27,approval|joy|realization|sadness|neutral
5048,1,amusement,1|3|5|7|9|26,amusement|annoyance|caring|curiosity|disappointment|surprise
5049,27,neutral,4|7|11|15|17|27,approval|curiosity|disgust|gratitude|joy|neutral
5050,10,disapproval,0|1|2|3|5|7|18|22,admiration|amusement|anger|annoyance|caring|curiosity|love|realization
5051,18,love,0|1|4|17|18|26,admiration|amusement|approval|joy|love|surprise
5052,27,neutral,6|10|27,confusion|disapproval|neutral
5053,15,gratitude,7|9|20|23|25|27,curiosity|disappointment|optimism|relief|sadness|neutral
5054,27,neutral,6|7|8|20|24|25,confusion|curiosity|desire|optimism|remorse|sadness
5055,9,disappointment,4|6|14|17|18|27,approval|confusion|fear|joy|love|neutral
5056,15,gratitude,0|3|15|24|27,admiration|annoyance|gratitude|remorse|neutral
5057,27,neutral,0|4|5|8|17,admiration|approval|caring|desire|joy
5058,18,love,2|3|7|15|25|27,anger|annoyance|curiosity|gratitude|sadness|neutral
5059,26,surprise,0|2|5|6|7|9|10|14|17,admiration|anger|caring|confusion|curiosity|disappointment|disapproval|fear|joy
5060,20,optimism,6|7|8|10|15|20|27,confusion|curiosity|desire|disapproval|gratitude|optimism|neutral
5061,27,neutral,0|4|5,admiration|approval|caring
5062,27,neutral,7|10|11|15|25|27,curiosity|disapproval|disgust|gratitude|sadness|neutral
5063,15,gratitude,2|6|10|13|17|27,anger|confusion|disapproval|excitement|joy|neutral
5064,27,neutral,2|5|7|13,anger|caring|curiosity|excitement
5065,11,disgust,0|3|7|27,admiration|annoyance|curiosity|neutral
5066,27,neutral,0|1|4|7|9|10|27,admiration|amusement|approval|curiosity|disappointment|disapproval|neutral
5067,26,surprise,0|1|9|13|15|17,admiration|amusement|disappointment|excitement|gratitude|joy
5068,18,love,0|2|5|10|18|22|27,admiration|anger|caring|disapproval|love|realization|neutral
5069,7,curiosity,2|7|8|27,anger|curiosity|desire|neutral
5070,4|27,approval|neutral,1|2|4|7|13|17|20|25,amusement|anger|approval|curiosity|excitement|joy|optimism|sadness
5071,27,neutral,2|10|17|26|27,anger|disapproval|joy|surprise|neutral
5072,17,joy,0|2|13|22|26|27,admiration|anger|excitement|realization|surprise|neutral
5073,15,gratitude,0|2|3|6|7|11|20|24,admiration|anger|annoyance|confusion|curiosity|disgust|optimism|remorse
5074,4,approval,0|2|4|13|26,admiration|anger|approval|excitement|surprise
5075,20,optimism,4|5|10|19|22|27,approval|caring|disapproval|nervousness|realization|neutral
5076,25,sadness,2|4|17|20|26|27,anger|approval|joy|optimism|surprise|neutral
5077,3|10,annoyance|disapproval,0|6|7|10|12|18|20|25|26,admiration|confusion|curiosity|disapproval|embarrassment|love|optimism|sadness|surprise
5078,10,disapproval,5|7|11|17|22|27,caring|curiosity|disgust|joy|realization|neutral
5079,6,confusion,1|7|10|13|20,amusement|curiosity|disapproval|excitement|optimism
5080,27,neutral,0|2|3|5|7|9|15|16|17|25,admiration|anger|annoyance|caring|curiosity|disappointment|gratitude|grief|joy|sadness
5081,27,neutral,0|1|2|4|6|15|17|26,admiration|amusement|anger|approval|confusion|gratitude|joy|surprise
5082,13,excitement,1|3|5|15|26|27,amusement|annoyance|caring|gratitude|surprise|neutral
5083,18,love,0|3|10|17,admiration|annoyance|disapproval|joy
5084,10,disapproval,2|7|9|11|15|24|25,anger|curiosity|disappointment|disgust|gratitude|remorse|sadness
5085,7|27,curiosity|neutral,4|15|17|26,approval|gratitude|joy|surprise
5086,15,gratitude,4|5|8|9|13|17|18|22|24,approval|caring|desire|disappointment|excitement|joy|love|realization|remorse
5087,3|27,annoyance|neutral,0|4|10|18|27,admiration|approval|disapproval|love|neutral
5088,27,neutral,3|4|5|7|10|11|18|24,annoyance|approval|caring|curiosity|disapproval|disgust|love|remorse
5089,15,gratitude,4|5|6|9|15|23|27,approval|caring|confusion|disappointment|gratitude|relief|neutral
5090,27,neutral,0|4|10|11|18,admiration|approval|disapproval|disgust|love
5091,27,neutral,1|2|5|7|12|18|20|27,amusement|anger|caring|curiosity|embarrassment|love|optimism|neutral
5092,3,annoyance,8|11|15|26|27,desire|disgust|gratitude|surprise|neutral
5093,10,disapproval,5|8|9|15|22|26|27,caring|desire|disappointment|gratitude|realization|surprise|neutral
5094,6,confusion,3|4|6|7|9|17|25|26|27,annoyance|approval|confusion|curiosity|disappointment|joy|sadness|surprise|neutral
5095,27,neutral,1|2|3|26|27,amusement|anger|annoyance|surprise|neutral
5096,2|9,anger|disappointment,0|3|5|6|9|13|14|22|23,admiration|annoyance|caring|confusion|disappointment|excitement|fear|realization|relief
5097,17,joy,7|9|15|22|24|27,curiosity|disappointment|gratitude|realization|remorse|neutral
5098,27,neutral,2|6|13,anger|confusion|excitement
5099,18,love,4|11|15|17|18|20|26|27,approval|disgust|gratitude|joy|love|optimism|surprise|neutral
5100,4,approval,4|14|18|20|26|27,approval|fear|love|optimism|surprise|neutral
5101,1,amusement,10|24|25|27,disapproval|remorse|sadness|neutral
5102,27,neutral,1|2|11|17|18|22|25,amusement|anger|disgust|joy|love|realization|sadness
5103,27,neutral,1|4|9|10|15|20|25|27,amusement|approval|disappointment|disapproval|gratitude|optimism|sadness|neutral
5104,0,admiration,0|6|8|10|15|27,admiration|confusion|desire|disapproval|gratitude|neutral
5105,7,curiosity,1|4|5|6|13|22|25|27,amusement|approval|caring|confusion|excitement|realization|sadness|neutral
5106,27,neutral,0|7|11|25,admiration|curiosity|disgust|sadness
5107,3,annoyance,2|3|7|10|13|20|22,anger|annoyance|curiosity|disapproval|excitement|optimism|realization
5108,27,neutral,2|3|5|10|27,anger|annoyance|caring|disapproval|neutral
5109,1,amusement,1|2|4|9|11|18|20|25|26,amusement|anger|approval|disappointment|disgust|love|optimism|sadness|surprise
5110,15,gratitude,0|3|17|22,admiration|annoyance|joy|realization
5111,0,admiration,2|10|17|18|27,anger|disapproval|joy|love|neutral
5112,27,neutral,1|18|22|26,amusement|love|realization|surprise
5113,11|14,disgust|fear,1|3|17|20|26|27,amusement|annoyance|joy|optimism|surprise|neutral
5114,6,confusion,1|12|15|18|27,amusement|embarrassment|gratitude|love|neutral
5115,14,fear,2|5|9|11|13|22|25,anger|caring|disappointment|disgust|excitement|realization|sadness
5116,2,anger,2|15|18|27,anger|gratitude|love|neutral
5117,4,approval,0|1|4|6|7|9|14|18,admiration|amusement|approval|confusion|curiosity|disappointment|fear|love
5118,17,joy,1|2|3|14|25,amusement|anger|annoyance|fear|sadness
5119,27,neutral,4|7|8|10|15|17|25|26|27,approval|curiosity|desire|disapproval|gratitude|joy|sadness|surprise|neutral
5120,9,disappointment,0|1|9|17|18|27,admiration|amusement|disappointment|joy|love|neutral
5121,10,disapproval,6|9|18|20|27,confusion|disappointment|love|optimism|neutral
5122,27,neutral,2|4|9|10|15|22,anger|approval|disappointment|disapproval|gratitude|realization
5123,0|15,admiration|gratitude,1|2|7|17|24|25|26|27,amusement|anger|curiosity|joy|remorse|sadness|surprise|neutral
5124,0|1,admiration|amusement,6|7|13|15|17|24|27,confusion|curiosity|excitement|gratitude|joy|remorse|neutral
5125,9,disappointment,0|2|3|5|13|17|18,admiration|anger|annoyance|caring|excitement|joy|love
5126,0,admiration,4|5|9|17|18|20|22|25|27,approval|caring|disappointment|joy|love|optimism|realization|sadness|neutral
5127,8,desire,1|2|7|9|10|14|15|27,amusement|anger|curiosity|disappointment|disapproval|fear|gratitude|neutral
5128,2,anger,0|3|4|15|22|25|27,admiration|annoyance|approval|gratitude|realization|sadness|neutral
5129,0,admiration,1|9|13|22|27,amusement|disappointment|excitement|realization|neutral
5130,27,neutral,2|6|7|27,anger|confusion|curiosity|neutral
5131,27,neutral,4|5|10|18|20,approval|caring|disapproval|love|optimism
5132,27,neutral,1|8|11|12|15|17|25,amusement|desire|disgust|embarrassment|gratitude|joy|sadness
5133,27,neutral,2|9|14|15|20,anger|disappointment|fear|gratitude|optimism
5134,22,realization,2|3|4|5|13|14|15|17|18|20|22|25,anger|annoyance|approval|caring|excitement|fear|gratitude|joy|love|optimism|realization|sadness
5135,10,disapproval,0|2|4|15|18|23|24|27,admiration|anger|approval|gratitude|love|relief|remorse|neutral
5136,27,neutral,2|3|4|15|17,anger|annoyance|approval|gratitude|joy
5137,27,neutral,2|3|4|5|7|14|18|20,anger|annoyance|approval|caring|curiosity|fear|love|optimism
5138,27,neutral,1|2|4|5|6|11|22,amusement|anger|approval|caring|confusion|disgust|realization
5139,27,neutral,0|1|2|3|8|10|11|14|18|20,admiration|amusement|anger|annoyance|desire|disapproval|disgust|fear|love|optimism
5140,2,anger,9|17|20|24|27,disappointment|joy|optimism|remorse|neutral
5141,0,admiration,15|25|26|27,gratitude|sadness|surprise|neutral
5142,22,realization,1|4|6|9|15|17,amusement|approval|confusion|disappointment|gratitude|joy
5143,17,joy,1|9|10|11|17|27,amusement|disappointment|disapproval|disgust|joy|neutral
5144,14|27,fear|neutral,3|4|6|10|13|26|27,annoyance|approval|confusion|disapproval|excitement|surprise|neutral
5145,3,annoyance,1|2|3|18|27,amusement|anger|annoyance|love|neutral
5146,27,neutral,2|11|13|15|17|18|25|27,anger|disgust|excitement|gratitude|joy|love|sadness|neutral
5147,15,gratitude,5|7|8|15|17|22|26,caring|curiosity|desire|gratitude|joy|realization|surprise
5148,8,desire,5|17|20|22|27,caring|joy|optimism|realization|neutral
5149,27,neutral,0|5|20|27,admiration|caring|optimism|neutral
5150,27,neutral,5|6|10|20|26|27,caring|confusion|disapproval|optimism|surprise|neutral
5151,0,admiration,3|7|17|22|24|26,annoyance|curiosity|joy|realization|remorse|surprise
5152,1|15,amusement|gratitude,1|10|15|18|27,amusement|disapproval|gratitude|love|neutral
5153,7,curiosity,0|9|10|14|15|25|26|27,admiration|disappointment|disapproval|fear|gratitude|sadness|surprise|neutral
5154,11,disgust,0|1|2|3|7|10|15|20|25|26,admiration|amusement|anger|annoyance|curiosity|disapproval|gratitude|optimism|sadness|surprise
5155,22,realization,1|4|6|7|9|10|13|14|26|27,amusement|approval|confusion|curiosity|disappointment|disapproval|excitement|fear|surprise|neutral
5156,27,neutral,0|9|11|12|18|22|26,admiration|disappointment|disgust|embarrassment|love|realization|surprise
5157,12,embarrassment,1|4|15|17|25,amusement|approval|gratitude|joy|sadness
5158,7,curiosity,3|5|6|14|20|25,annoyance|caring|confusion|fear|optimism|sadness
5159,21,pride,0|3|5|9|10|11|12|15|18,admiration|annoyance|caring|disappointment|disapproval|disgust|embarrassment|gratitude|love
5160,20,optimism,0|2|4|10|22,admiration|anger|approval|disapproval|realization
5161,3|10,annoyance|disapproval,2|3|6|7|14|20|27,anger|annoyance|confusion|curiosity|fear|optimism|neutral
5162,3,annoyance,2|3|7|18|27,anger|annoyance|curiosity|love|neutral
5163,4,approval,1|3|5|7|17|20|24,amusement|annoyance|caring|curiosity|joy|optimism|remorse
5164,7,curiosity,15|18|27,gratitude|love|neutral
5165,4,approval,3|8|9|18|22|25,annoyance|desire|disappointment|love|realization|sadness
5166,0,admiration,0|2|3|17|18|26,admiration|anger|annoyance|joy|love|surprise
5167,27,neutral,0|2|3|13|18|22|27,admiration|anger|annoyance|excitement|love|realization|neutral
5168,10,disapproval,2|10|11|13|15|17|19|20|22|27,anger|disapproval|disgust|excitement|gratitude|joy|nervousness|optimism|realization|neutral
5169,1|18,amusement|love,1|5|7|8|10|17|24|25,amusement|caring|curiosity|desire|disapproval|joy|remorse|sadness
5170,27,neutral,0|2|4|5|7|8|9|11|22|26,admiration|anger|approval|caring|curiosity|desire|disappointment|disgust|realization|surprise
5171,15,gratitude,1|2|4|7|10|13|17|18|25|26,amusement|anger|approval|curiosity|disapproval|excitement|joy|love|sadness|surprise
5172,26,surprise,4|5|6|7|9|10|21,approval|caring|confusion|curiosity|disappointment|disapproval|pride
5173,27,neutral,0|2|15|27,admiration|anger|gratitude|neutral
5174,7,curiosity,2|3|25|27,anger|annoyance|sadness|neutral
5175,26,surprise,1|2|12|17|20,amusement|anger|embarrassment|joy|optimism
5176,8,desire,2|6|7,anger|confusion|curiosity
5177,14,fear,4|5|15|26|27,approval|caring|gratitude|surprise|neutral
5178,27,neutral,3|5|8|13|15|18|20|27,annoyance|caring|desire|excitement|gratitude|love|optimism|neutral
5179,0,admiration,2|4|6|13|14|25|27,anger|approval|confusion|excitement|fear|sadness|neutral
5180,1|17,amusement|joy,1|7|18|20|27,amusement|curiosity|love|optimism|neutral
5181,17|23,joy|relief,0|1|4|15|17,admiration|amusement|approval|gratitude|joy
5182,27,neutral,10|13|17|22|26|27,disapproval|excitement|joy|realization|surprise|neutral
5183,27,neutral,7|13|15|19|24|26,curiosity|excitement|gratitude|nervousness|remorse|surprise
5184,7|27,curiosity|neutral,0|4|9|10|18|20|22,admiration|approval|disappointment|disapproval|love|optimism|realization
5185,25,sadness,0|1|8|15|17|20|27,admiration|amusement|desire|gratitude|joy|optimism|neutral
5186,27,neutral,6|15|20|27,confusion|gratitude|optimism|neutral
5187,15,gratitude,0|1|3|7|9|10|15,admiration|amusement|annoyance|curiosity|disappointment|disapproval|gratitude
5188,27,neutral,0|1|9|10|20|25,admiration|amusement|disappointment|disapproval|optimism|sadness
5189,27,neutral,0|1|2|9|10|15|22|25,admiration|amusement|anger|disappointment|disapproval|gratitude|realization|sadness
5190,26,surprise,0|5|7|9|11|17|18|20|26,admiration|caring|curiosity|disappointment|disgust|joy|love|optimism|surprise
5191,27,neutral,2|10|12|17|18|27,anger|disapproval|embarrassment|joy|love|neutral
5192,9|27,disappointment|neutral,0|2|10|11|17|20|25|26,admiration|anger|disapproval|disgust|joy|optimism|sadness|surprise
5193,10,disapproval,0|6|18|24|25|27,admiration|confusion|love|remorse|sadness|neutral
5194,22,realization,1|2|5|6|7|9|15|22|25|26,amusement|anger|caring|confusion|curiosity|disappointment|gratitude|realization|sadness|surprise
5195,5,caring,0|3|4|9|10|11|17|27,admiration|annoyance|approval|disappointment|disapproval|disgust|joy|neutral
5196,27,neutral,4|5|6|7|10|14|15|17|22|27,approval|caring|confusion|curiosity|disapproval|fear|gratitude|joy|realization|neutral
5197,0,admiration,3|8|9|13|18|27,annoyance|desire|disappointment|excitement|love|neutral
5198,27,neutral,4|9|14|22|24,approval|disappointment|fear|realization|remorse
5199,13|20,excitement|optimism,0|2|6|14|18|22|27,admiration|anger|confusion|fear|love|realization|neutral
5200,27,neutral,3|4|7|9|10,annoyance|approval|curiosity|disappointment|disapproval
5201,20,optimism,1|2|3|4|6|11|14|15|17|20|26,amusement|anger|annoyance|approval|confusion|disgust|fear|gratitude|joy|optimism|surprise
5202,17,joy,0|3|4|10|17|25|26,admiration|annoyance|approval|disapproval|joy|sadness|surprise
5203,0,admiration,1|3|7|8|15|27,amusement|annoyance|curiosity|desire|gratitude|neutral
5204,27,neutral,1|7|8|10|18|27,amusement|curiosity|desire|disapproval|love|neutral
5205,27,neutral,1|3|6|8|25,amusement|annoyance|confusion|desire|sadness
5206,27,neutral,1|4|17|18|26|27,amusement|approval|joy|love|surprise|neutral
5207,27,neutral,5|6|7|11|25|27,caring|confusion|curiosity|disgust|sadness|neutral
5208,27,neutral,0|2|3|6|8|11|18|20|25,admiration|anger|annoyance|confusion|desire|disgust|love|optimism|sadness
5209,1,amusement,0|1|3|7|8|11|15|22,admiration|amusement|annoyance|curiosity|desire|disgust|gratitude|realization
5210,27,neutral,0|1|7|10|15|18|27,admiration|amusement|curiosity|disapproval|gratitude|love|neutral
5211,15,gratitude,2|3|5|7|9|10|11|17|20|26,anger|annoyance|caring|curiosity|disappointment|disapproval|disgust|joy|optimism|surprise
5212,0|4,admiration|approval,1|2|3|13|17|24|25,amusement|anger|annoyance|excitement|joy|remorse|sadness
5213,1,amusement,0|5|7|9|10|17|22,admiration|caring|curiosity|disappointment|disapproval|joy|realization
5214,1|22,amusement|realization,0|1|4|5|7|9|10|18|24,admiration|amusement|approval|caring|curiosity|disappointment|disapproval|love|remorse
5215,10|27,disapproval|neutral,5|10|20|22|26,caring|disapproval|optimism|realization|surprise
5216,27,neutral,0|2|3|4|10|15|17|22|26,admiration|anger|annoyance|approval|disapproval|gratitude|joy|realization|surprise
5217,9|25,disappointment|sadness,0|6|7|13|17|18|22,admiration|confusion|curiosity|excitement|joy|love|realization
5218,15,gratitude,3|4|7|8|20,annoyance|approval|curiosity|desire|optimism
5219,1,amusement,1|3|6|20|27,amusement|annoyance|confusion|optimism|neutral
5220,0|17,admiration|joy,2|8|10|14|21|22|25,anger|desire|disapproval|fear|pride|realization|sadness
5221,7,curiosity,0|4|15|27,admiration|approval|gratitude|neutral
5222,15|20,gratitude|optimism,0|2|9|20|22,admiration|anger|disappointment|optimism|realization
5223,5,caring,1|2|5|7|20|27,amusement|anger|caring|curiosity|optimism|neutral
5224,24,remorse,0|3|5|10|11|15|27,admiration|annoyance|caring|disapproval|disgust|gratitude|neutral
5225,27,neutral,0|2|5|9|14|17|20|25,admiration|anger|caring|disappointment|fear|joy|optimism|sadness
5226,0|15,admiration|gratitude,0|2|8|9|13|22,admiration|anger|desire|disappointment|excitement|realization
5227,15,gratitude,1|2|5|6|9|15|18|22,amusement|anger|caring|confusion|disappointment|gratitude|love|realization
5228,3,annoyance,0|2|13|27,admiration|anger|excitement|neutral
5229,5,caring,0|1|3|8|9|10|13|15,admiration|amusement|annoyance|desire|disappointment|disapproval|excitement|gratitude
5230,9,disappointment,0|7|9|20,admiration|curiosity|disappointment|optimism
5231,13,excitement,2|4|13|17|18|22,anger|approval|excitement|joy|love|realization
5232,27,neutral,3|4|7|18|19|24|26,annoyance|approval|curiosity|love|nervousness|remorse|surprise
5233,1,amusement,0|5|7|15|18,admiration|caring|curiosity|gratitude|love
5234,5|9|24,caring|disappointment|remorse,0|4|14|17,admiration|approval|fear|joy
5235,0|4,admiration|approval,3|6|10|20|22|26|27,annoyance|confusion|disapproval|optimism|realization|surprise|neutral
5236,22,realization,1|2|4|6|7|10|15|19,amusement|anger|approval|confusion|curiosity|disapproval|gratitude|nervousness
5237,18,love,0|1|4|7|9|15|18|25|26,admiration|amusement|approval|curiosity|disappointment|gratitude|love|sadness|surprise
5238,27,neutral,1|2|11|18|25|26|27,amusement|anger|disgust|love|sadness|surprise|neutral
5239,0,admiration,0|4|6|8|9|10|18|20|25|27,admiration|approval|confusion|desire|disappointment|disapproval|love|optimism|sadness|neutral
5240,0|18,admiration|love,2|4|5|13|15|23|27,anger|approval|caring|excitement|gratitude|relief|neutral
5241,15,gratitude,0|2|3|7|8|10|13|20|22|27,admiration|anger|annoyance|curiosity|desire|disapproval|excitement|optimism|realization|neutral
5242,9,disappointment,1|2|7|15|25,amusement|anger|curiosity|gratitude|sadness
5243,27,neutral,3|4|5|6|7|11|15|25|26,annoyance|approval|caring|confusion|curiosity|disgust|gratitude|sadness|surprise
5244,4|12,approval|embarrassment,0|3|9|13|27,admiration|annoyance|disappointment|excitement|neutral
5245,27,neutral,3|4|9|18|25,annoyance|approval|disappointment|love|sadness
5246,27,neutral,1|3|5|7|20|27,amusement|annoyance|caring|curiosity|optimism|neutral
5247,27,neutral,2|6,anger|confusion
5248,27,neutral,4|7|10|11|25|27,approval|curiosity|disapproval|disgust|sadness|neutral
5249,1,amusement,0|17|22|25|27,admiration|joy|realization|sadness|neutral
5250,0|18,admiration|love,1|4|5|11|15|18|20|22|25,amusement|approval|caring|disgust|gratitude|love|optimism|realization|sadness
5251,10,disapproval,0|2|7|8|9|14|15|17|18|25,admiration|anger|curiosity|desire|disappointment|fear|gratitude|joy|love|sadness
5252,27,neutral,2|3|4|7|10|11,anger|annoyance|approval|curiosity|disapproval|disgust
5253,11,disgust,0|3|10|11|14|18|20,admiration|annoyance|disapproval|disgust|fear|love|optimism
5254,27,neutral,4|6|8|11|15|18,approval|confusion|desire|disgust|gratitude|love
5255,11,disgust,5|6|14|20|24|25,caring|confusion|fear|optimism|remorse|sadness
5256,27,neutral,1|2|3|5|10|13|14|15|22|25|26,amusement|anger|annoyance|caring|disapproval|excitement|fear|gratitude|realization|sadness|surprise
5257,4|7,approval|curiosity,0|1|2|3|5,admiration|amusement|anger|annoyance|caring
5258,1,amusement,3|7|15|25|27,annoyance|curiosity|gratitude|sadness|neutral
5259,20,optimism,6|17|25,confusion|joy|sadness
5260,9|25,disappointment|sadness,0|3|10|14|15,admiration|annoyance|disapproval|fear|gratitude
5261,10,disapproval,0|1|3|4|5|6|7|9|10|14|25,admiration|amusement|annoyance|approval|caring|confusion|curiosity|disappointment|disapproval|fear|sadness
5262,27,neutral,7|11|14|17|26|27,curiosity|disgust|fear|joy|surprise|neutral
5263,8,desire,1|10|17|18,amusement|disapproval|joy|love
5264,0,admiration,4|9|14|15|26,approval|disappointment|fear|gratitude|surprise
5265,27,neutral,2|5|6|18|25,anger|caring|confusion|love|sadness
5266,27,neutral,0|3|6|10|14|15|26|27,admiration|annoyance|confusion|disapproval|fear|gratitude|surprise|neutral
5267,4|5,approval|caring,1|3|18|22|25|27,amusement|annoyance|love|realization|sadness|neutral
5268,20,optimism,4|5|11|27,approval|caring|disgust|neutral
5269,0,admiration,1|5|10|17|22|24,amusement|caring|disapproval|joy|realization|remorse
5270,7,curiosity,2|4|7|9|10|24|27,anger|approval|curiosity|disappointment|disapproval|remorse|neutral
5271,2,anger,0|9|10|11|13|18|27,admiration|disappointment|disapproval|disgust|excitement|love|neutral
5272,0,admiration,3|6|7|9|10|11|18|19|20|24|26,annoyance|confusion|curiosity|disappointment|disapproval|disgust|love|nervousness|optimism|remorse|surprise
5273,0,admiration,1|26,amusement|surprise
5274,14,fear,6|7|9|10|17|18|25|27,confusion|curiosity|disappointment|disapproval|joy|love|sadness|neutral
5275,27,neutral,1|2|4|10|11|15|25|27,amusement|anger|approval|disapproval|disgust|gratitude|sadness|neutral
5276,0,admiration,2|8|10|12|14|20|26|27,anger|desire|disapproval|embarrassment|fear|optimism|surprise|neutral
5277,4,approval,0|11|15|17|27,admiration|disgust|gratitude|joy|neutral
5278,15,gratitude,2|15|18|20|27,anger|gratitude|love|optimism|neutral
5279,0|4|9,admiration|approval|disappointment,10|15|18|20|27,disapproval|gratitude|love|optimism|neutral
5280,4,approval,1|7|9|10|17|24|25|26,amusement|curiosity|disappointment|disapproval|joy|remorse|sadness|surprise
5281,27,neutral,1|3|6|11|14|15|27,amusement|annoyance|confusion|disgust|fear|gratitude|neutral
5282,4,approval,0|1|4|9|14|17|18|26,admiration|amusement|approval|disappointment|fear|joy|love|surprise
5283,25,sadness,0|6|11|17|18|20|22|27,admiration|confusion|disgust|joy|love|optimism|realization|neutral
5284,4,approval,0|3|4|6|7|22,admiration|annoyance|approval|confusion|curiosity|realization
5285,25,sadness,7|10|12|17|27,curiosity|disapproval|embarrassment|joy|neutral
5286,20,optimism,2|3|4|7|9|10|11|22,anger|annoyance|approval|curiosity|disappointment|disapproval|disgust|realization
5287,16,grief,3|10|13|14|15|17|27,annoyance|disapproval|excitement|fear|gratitude|joy|neutral
5288,2|3|27,anger|annoyance|neutral,1|7|10,amusement|curiosity|disapproval
5289,6|27,confusion|neutral,4|6|7|15|17|26|27,approval|confusion|curiosity|gratitude|joy|surprise|neutral
5290,4|27,approval|neutral,0|6|7|11|15|19|22|27,admiration|confusion|curiosity|disgust|gratitude|nervousness|realization|neutral
5291,0,admiration,10|18|20,disapproval|love|optimism
5292,1|27,amusement|neutral,0|3|4|14|15|20,admiration|annoyance|approval|fear|gratitude|optimism
5293,27,neutral,4|6|7|10|15|17,approval|confusion|curiosity|disapproval|gratitude|joy
5294,27,neutral,11|15|27,disgust|gratitude|neutral
5295,25,sadness,3|17,annoyance|joy
5296,10,disapproval,0|3|8|17|25|27,admiration|annoyance|desire|joy|sadness|neutral
5297,5|27,caring|neutral,1|3|5|14|15|25|26|27,amusement|annoyance|caring|fear|gratitude|sadness|surprise|neutral
5298,22,realization,0|5|7|8|12|22|27,admiration|caring|curiosity|desire|embarrassment|realization|neutral
5299,20|27,optimism|neutral,1|18|26,amusement|love|surprise
5300,3|7,annoyance|curiosity,1|2|13|18|25,amusement|anger|excitement|love|sadness
5301,26,surprise,2|4|5|6|9|11|15|17|20|24|27,anger|approval|caring|confusion|disappointment|disgust|gratitude|joy|optimism|remorse|neutral
5302,0|13|15|26,admiration|excitement|gratitude|surprise,0|1|3|6|7|10|14|15|18|20,admiration|amusement|annoyance|confusion|curiosity|disapproval|fear|gratitude|love|optimism
5303,27,neutral,5|6|10|15|17|22|26|27,caring|confusion|disapproval|gratitude|joy|realization|surprise|neutral
5304,27,neutral,0|4|5|6|10|13|18|20|22|24,admiration|approval|caring|confusion|disapproval|excitement|love|optimism|realization|remorse
5305,3,annoyance,2|4|9|13|17|22,anger|approval|disappointment|excitement|joy|realization
5306,27,neutral,0|2|3|7|10|26,admiration|anger|annoyance|curiosity|disapproval|surprise
5307,27,neutral,0|2|3|4|5|8|13|15|26|27,admiration|anger|annoyance|approval|caring|desire|excitement|gratitude|surprise|neutral
5308,4,approval,3|4|6|11|15|18|22|26|27,annoyance|approval|confusion|disgust|gratitude|love|realization|surprise|neutral
5309,15,gratitude,5|8|18|20|22|26,caring|desire|love|optimism|realization|surprise
5310,27,neutral,6|7|15|26|27,confusion|curiosity|gratitude|surprise|neutral
5311,15,gratitude,0|4|6|7|9|10|15|22,admiration|approval|confusion|curiosity|disappointment|disapproval|gratitude|realization
5312,6|27,confusion|neutral,1|2|10|13|15|17|24|27,amusement|anger|disapproval|excitement|gratitude|joy|remorse|neutral
5313,0,admiration,5|9|11|22|27,caring|disappointment|disgust|realization|neutral
5314,6|7,confusion|curiosity,1|3|5|7|10|15|20|21|25,amusement|annoyance|caring|curiosity|disapproval|gratitude|optimism|pride|sadness
5315,2,anger,0|9|14|17|18|27,admiration|disappointment|fear|joy|love|neutral
5316,1,amusement,1|2|8|9|15|18|20,amusement|anger|desire|disappointment|gratitude|love|optimism
5317,15|17,gratitude|joy,0|1|2|3|4|5|6|9|17|22,admiration|amusement|anger|annoyance|approval|caring|confusion|disappointment|joy|realization
5318,6,confusion,2|5|25|27,anger|caring|sadness|neutral
5319,27,neutral,0|2|13|15,admiration|anger|excitement|gratitude
5320,2,anger,0|2|4|6|8|15,admiration|anger|approval|confusion|desire|gratitude
5321,25,sadness,0|1|5|6|17|18|26,admiration|amusement|caring|confusion|joy|love|surprise
5322,2,anger,14|20|27,fear|optimism|neutral
5323,27,neutral,1|4|6|15,amusement|approval|confusion|gratitude
5324,0,admiration,11|27,disgust|neutral
5325,2,anger,15|18,gratitude|love
5326,5,caring,3|7|10|17|18|25|26|27,annoyance|curiosity|disapproval|joy|love|sadness|surprise|neutral
5327,27,neutral,7|10|11|13|15|17|25|26,curiosity|disapproval|disgust|excitement|gratitude|joy|sadness|surprise
5328,27,neutral,2|4|9|22|27,anger|approval|disappointment|realization|neutral
5329,27,neutral,2|9|10|15|17|20|25|26|27,anger|disappointment|disapproval|gratitude|joy|optimism|sadness|surprise|neutral
5330,26,surprise,4|5|10|15|23,approval|caring|disapproval|gratitude|relief
5331,0|27,admiration|neutral,0|1|4|10|15|20,admiration|amusement|approval|disapproval|gratitude|optimism
5332,13,excitement,1|2|3|9|11|13|25,amusement|anger|annoyance|disappointment|disgust|excitement|sadness
5333,20,optimism,1|3|5|6|10|15|27,amusement|annoyance|caring|confusion|disapproval|gratitude|neutral
5334,18,love,20|26|27,optimism|surprise|neutral
5335,10,disapproval,1|2|3|4|9|22,amusement|anger|annoyance|approval|disappointment|realization
5336,10,disapproval,3|10|15|17|27,annoyance|disapproval|gratitude|joy|neutral
5337,1|22,amusement|realization,1|4|7|14|17,amusement|approval|curiosity|fear|joy
5338,27,neutral,0|4|5|8|11|17|20|27,admiration|approval|caring|desire|disgust|joy|optimism|neutral
5339,27,neutral,0|7|9|10|11|13|15|18|20|22|25,admiration|curiosity|disappointment|disapproval|disgust|excitement|gratitude|love|optimism|realization|sadness
5340,0,admiration,0|4|6|7|9|14|15|17|18|24|27,admiration|approval|confusion|curiosity|disappointment|fear|gratitude|joy|love|remorse|neutral
5341,27,neutral,4|5|6|8|10|17|22|25,approval|caring|confusion|desire|disapproval|joy|realization|sadness
5342,27,neutral,0|2|3|6|10|22|27,admiration|anger|annoyance|confusion|disapproval|realization|neutral
5343,7|15,curiosity|gratitude,9|26|27,disappointment|surprise|neutral
5344,26,surprise,3|6|7|9|10|13|15|25,annoyance|confusion|curiosity|disappointment|disapproval|excitement|gratitude|sadness
5345,26,surprise,7|14|17|25,curiosity|fear|joy|sadness
5346,0,admiration,0|15|17,admiration|gratitude|joy
5347,13,excitement,0|6|7|9|11|22|26|27,admiration|confusion|curiosity|disappointment|disgust|realization|surprise|neutral
5348,26,surprise,1|2|3|10|14|18|20,amusement|anger|annoyance|disapproval|fear|love|optimism
5349,1,amusement,4|6|8|10|26,approval|confusion|desire|disapproval|surprise
5350,22,realization,0|4|6|12|15|18,admiration|approval|confusion|embarrassment|gratitude|love
5351,10,disapproval,0|1|6|26|27,admiration|amusement|confusion|surprise|neutral
5352,18,love,6|8|10|13|27,confusion|desire|disapproval|excitement|neutral
5353,0|17|22,admiration|joy|realization,0|3|5|6|7|11|20|27,admiration|annoyance|caring|confusion|curiosity|disgust|optimism|neutral
5354,27,neutral,5|7|9|10|15|27,caring|curiosity|disappointment|disapproval|gratitude|neutral
5355,2|3,anger|annoyance,0|4|5|7|15|18|24,admiration|approval|caring|curiosity|gratitude|love|remorse
5356,6,confusion,2|4|9|10|14|27,anger|approval|disappointment|disapproval|fear|neutral
5357,15,gratitude,2|3|5|10|17|24|27,anger|annoyance|caring|disapproval|joy|remorse|neutral
5358,27,neutral,1|17|22,amusement|joy|realization
5359,12|22,embarrassment|realization,1|2|11|13|17|18|26|27,amusement|anger|disgust|excitement|joy|love|surprise|neutral
5360,27,neutral,0|1|3,admiration|amusement|annoyance
5361,27,neutral,6|17|20|26,confusion|joy|optimism|surprise
5362,27,neutral,0|1|2|3|7|10|14|17|22,admiration|amusement|anger|annoyance|curiosity|disapproval|fear|joy|realization
5363,2|27,anger|neutral,4|7|9|27,approval|curiosity|disappointment|neutral
5364,9,disappointment,0|2|9|20|27,admiration|anger|disappointment|optimism|neutral
5365,27,neutral,0|1|2|3|4|10|27,admiration|amusement|anger|annoyance|approval|disapproval|neutral
5366,4,approval,0|1|3|7|10|13|18|22|24,admiration|amusement|annoyance|curiosity|disapproval|excitement|love|realization|remorse
5367,27,neutral,2|7|18|25|27,anger|curiosity|love|sadness|neutral
5368,11,disgust,0|1|5|12|17|27,admiration|amusement|caring|embarrassment|joy|neutral
5369,26,surprise,0|15|20|22|27,admiration|gratitude|optimism|realization|neutral
5370,27,neutral,3|4|6|7|8|12|14|22|25,annoyance|approval|confusion|curiosity|desire|embarrassment|fear|realization|sadness
5371,1,amusement,3|13|18|20,annoyance|excitement|love|optimism
5372,3,annoyance,1|2|3|4|10|13|17|20,amusement|anger|annoyance|approval|disapproval|excitement|joy|optimism
5373,9|27,disappointment|neutral,7|15|17|18|26,curiosity|gratitude|joy|love|surprise
5374,1|10,amusement|disapproval,1|3|4|9|11|15|17|18,amusement|annoyance|approval|disappointment|disgust|gratitude|joy|love
5375,0|26,admiration|surprise,2|6|7|10|11|14|17|18|22|25,anger|confusion|curiosity|disapproval|disgust|fear|joy|love|realization|sadness
5376,6|27,confusion|neutral,1|2|3|5|7|13|25|27,amusement|anger|annoyance|caring|curiosity|excitement|sadness|neutral
5377,1,amusement,4|5|9|15|27,approval|caring|disappointment|gratitude|neutral
5378,15,gratitude,7|8|18|20|22|27,curiosity|desire|love|optimism|realization|neutral
5379,27,neutral,3|8|10|25,annoyance|desire|disapproval|sadness
5380,10,disapproval,0|1|2|10|15|17|18|25|27,admiration|amusement|anger|disapproval|gratitude|joy|love|sadness|neutral
5381,18,love,0|3|7|11|15|17|22|24,admiration|annoyance|curiosity|disgust|gratitude|joy|realization|remorse
5382,15,gratitude,2|5|17,anger|caring|joy
5383,27,neutral,0|4|9|15|18|22|25,admiration|approval|disappointment|gratitude|love|realization|sadness
5384,26,surprise,3|5|6|11|18|26|27,annoyance|caring|confusion|disgust|love|surprise|neutral
5385,27,neutral,0|1|3|10|27,admiration|amusement|annoyance|disapproval|neutral
5386,15,gratitude,0|6|7|17|19|20|26,admiration|confusion|curiosity|joy|nervousness|optimism|surprise
5387,15,gratitude,2|6|8|13|14|18|27,anger|confusion|desire|excitement|fear|love|neutral
5388,14,fear,1|2|3|10|14|15|17|20,amusement|anger|annoyance|disapproval|fear|gratitude|joy|optimism
5389,9,disappointment,1|4|8|9|11|17|26|27,amusement|approval|desire|disappointment|disgust|joy|surprise|neutral
5390,27,neutral,0|3|4|6|9|14|25|26,admiration|annoyance|approval|confusion|disappointment|fear|sadness|surprise
5391,27,neutral,1|2|4|8|27,amusement|anger|approval|desire|neutral
5392,9,disappointment,1|7|15|17|27,amusement|curiosity|gratitude|joy|neutral
5393,15,gratitude,0|2|10|13|20|22|25,admiration|anger|disapproval|excitement|optimism|realization|sadness
5394,1,amusement,8|15|21|25|27,desire|gratitude|pride|sadness|neutral
5395,10,disapproval,0|1|4|13|15|27,admiration|amusement|approval|excitement|gratitude|neutral
5396,0|18,admiration|love,3|4|6|15|18|22|27,annoyance|approval|confusion|gratitude|love|realization|neutral
5397,18,love,0|8|9|10|15|18|24,admiration|desire|disappointment|disapproval|gratitude|love|remorse
5398,27,neutral,0|1|5|11|15|17,admiration|amusement|caring|disgust|gratitude|joy
5399,27,neutral,5|6|10|18,caring|confusion|disapproval|love
5400,3|27,annoyance|neutral,0|6|7|9|11|26,admiration|confusion|curiosity|disappointment|disgust|surprise
5401,0,admiration,0|2|3|17|27,admiration|anger|annoyance|joy|neutral
5402,24|25,remorse|sadness,2|4|6|9|15|25,anger|approval|confusion|disappointment|gratitude|sadness
5403,27,neutral,3|6|8|11|12|14|15|22|26|27,annoyance|confusion|desire|disgust|embarrassment|fear|gratitude|realization|surprise|neutral
5404,7,curiosity,5|17|23|27,caring|joy|relief|neutral
5405,27,neutral,0|2|5|11|13|18|21,admiration|anger|caring|disgust|excitement|love|pride
5406,0|4,admiration|approval,7|8|18|19|25|27,curiosity|desire|love|nervousness|sadness|neutral
5407,10,disapproval,0|1|6|11|15|21,admiration|amusement|confusion|disgust|gratitude|pride
5408,27,neutral,1|2|3|5|10|18|20,amusement|anger|annoyance|caring|disapproval|love|optimism
5409,14,fear,0|3|5|8|9|11|20|26,admiration|annoyance|caring|desire|disappointment|disgust|optimism|surprise
5410,4,approval,4|7|11|13|15|20|27,approval|curiosity|disgust|excitement|gratitude|optimism|neutral
5411,14,fear,0|1|3|7|10|14|20,admiration|amusement|annoyance|curiosity|disapproval|fear|optimism
5412,18,love,0|1|3|6|9|14|15|17|18|25|26,admiration|amusement|annoyance|confusion|disappointment|fear|gratitude|joy|love|sadness|surprise
5413,22,realization,0|1|3|9|15|17|20|25,admiration|amusement|annoyance|disappointment|gratitude|joy|optimism|sadness
5414,4|7,approval|curiosity,1|7|8|20|27,amusement|curiosity|desire|optimism|neutral
5415,4,approval,4|8|9|10,approval|desire|disappointment|disapproval
5416,7,curiosity,0|1|3|6|7|9|10|15|20,admiration|amusement|annoyance|confusion|curiosity|disappointment|disapproval|gratitude|optimism
5417,22,realization,0|4|7|10|15|27,admiration|approval|curiosity|disapproval|gratitude|neutral
5418,27,neutral,1|2|15|25,amusement|anger|gratitude|sadness
5419,27,neutral,3|5|11|12|20|26|27,annoyance|caring|disgust|embarrassment|optimism|surprise|neutral
5420,15,gratitude,1|4|6|9|15|20|26,amusement|approval|confusion|disappointment|gratitude|optimism|surprise
5421,0,admiration,0|2|4|9|10|11|18|22|24|27,admiration|anger|approval|disappointment|disapproval|disgust|love|realization|remorse|neutral
5422,14,fear,0|1|3|4|20,admiration|amusement|annoyance|approval|optimism
5423,20,optimism,4|6|7|18|24,approval|confusion|curiosity|love|remorse
5424,10,disapproval,0|3|6|7|18|27,admiration|annoyance|confusion|curiosity|love|neutral
5425,3,annoyance,1|3|4|5|8|9|13|14|27,amusement|annoyance|approval|caring|desire|disappointment|excitement|fear|neutral
5426,18,love,0|1|4|15|25,admiration|amusement|approval|gratitude|sadness
