row_number,gold_label_ids,gold_labels,predicted_label_ids,predicted_labels
1,27,neutral,0|4|10|13|15|22|24|27,admiration|approval|disapproval|excitement|gratitude|realization|remorse|neutral
2,4|27,approval|neutral,3|10|17|20|22,annoyance|disapproval|joy|optimism|realization
3,25,sadness,4|6|7|18|26|27,approval|confusion|curiosity|love|surprise|neutral
4,4|27,approval|neutral,0|2|7|18|26,admiration|anger|curiosity|love|surprise
5,20,optimism,0|4|7|22|26,admiration|approval|curiosity|realization|surprise
6,15,gratitude,2|3|5|6|8|27,anger|annoyance|caring|confusion|desire|neutral
7,2,anger,2|15|17|27,anger|gratitude|joy|neutral
8,27,neutral,0|1|3|10|17|20|26,admiration|amusement|annoyance|disapproval|joy|optimism|surprise
9,20,optimism,7|9|10|11|15|20|25|26,curiosity|disappointment|disapproval|disgust|gratitude|optimism|sadness|surprise
10,10,disapproval,6|9|10|14|18|20|24,confusion|disappointment|disapproval|fear|love|optimism|remorse
11,18,love,0|2|4|5|9|26|27,admiration|anger|approval|caring|disappointment|surprise|neutral
12,12|22,embarrassment|realization,1|9|10|18|26|27,amusement|disappointment|disapproval|love|surprise|neutral
13,16,grief,2|3|9|14|20,anger|annoyance|disappointment|fear|optimism
14,27,neutral,0|4|5|7|9|12|13|15|20|25,admiration|approval|caring|curiosity|disappointment|embarrassment|excitement|gratitude|optimism|sadness
15,1|3|25,amusement|annoyance|sadness,0|3|7|8|15|18|20|22|24|25|27,admiration|annoyance|curiosity|desire|gratitude|love|optimism|realization|remorse|sadness|neutral
16,2|3,anger|annoyance,0|10|12|15|17|20,admiration|disapproval|embarrassment|gratitude|joy|optimism
17,25,sadness,1|2|4|8|15|20|25|26,amusement|anger|approval|desire|gratitude|optimism|sadness|surprise
18,27,neutral,3|10|13|15|17|20|26,annoyance|disapproval|excitement|gratitude|joy|optimism|surprise
19,27,neutral,2|4|6|10|15|27,anger|approval|confusion|disapproval|gratitude|neutral
20,3|10,annoyance|disapproval,0|3|10|14|15|18|25,admiration|annoyance|disapproval|fear|gratitude|love|sadness
21,9,disappointment,0|1|4|7|9|10|15|17|20|26,admiration|amusement|approval|curiosity|disappointment|disapproval|gratitude|joy|optimism|surprise
22,0,admiration,0|2|6|7|11|15|17|18,admiration|anger|confusion|curiosity|disgust|gratitude|joy|love
23,10,disapproval,1|5|11|14|18,amusement|caring|disgust|fear|love
24,5|27,caring|neutral,4|10|13|15|22|26,approval|disapproval|excitement|gratitude|realization|surprise
25,27,neutral,1|3|5|27,amusement|annoyance|caring|neutral
26,7|24,curiosity|remorse,2|4|7|9|13|18|27,anger|approval|curiosity|disappointment|excitement|love|neutral
27,3,annoyance,0|4|7|13|17|26,admiration|approval|curiosity|excitement|joy|surprise
28,27,neutral,14|15|20,fear|gratitude|optimism
29,0|15,admiration|gratitude,0|4|8|9|17|18|25|27,admiration|approval|desire|disappointment|joy|love|sadness|neutral
30,27,neutral,0|2|3|18|27,admiration|anger|annoyance|love|neutral
31,17,joy,0|6|13|17|18,admiration|confusion|excitement|joy|love
32,14,fear,1|7|9|18|26|27,amusement|curiosity|disappointment|love|surprise|neutral
33,27,neutral,0|3|4|10|13|20,admiration|annoyance|approval|disapproval|excitement|optimism
34,27,neutral,2|4|5|7|13|14|17|26,anger|approval|caring|curiosity|excitement|fear|joy|surprise
35,24,remorse,10|13|15,disapproval|excitement|gratitude
36,25,sadness,0|5|6|14|15,admiration|caring|confusion|fear|gratitude
37,27,neutral,1|2|3|7|11|15|25,amusement|anger|annoyance|curiosity|disgust|gratitude|sadness
38,10,disapproval,2|9|20|26|27,anger|disappointment|optimism|surprise|neutral
39,1,amusement,2|5|7|10|27,anger|caring|curiosity|disapproval|neutral
40,15,gratitude,0|1|4|6|8|9|13|14|17|22|25,admiration|amusement|approval|confusion|desire|disappointment|excitement|fear|joy|realization|sadness
41,18,love,0|1|10|26,admiration|amusement|disapproval|surprise
42,15,gratitude,3|6|7|9|15|22|26|27,annoyance|confusion|curiosity|disappointment|gratitude|realization|surprise|neutral
43,24,remorse,1|11|17|18|22,amusement|disgust|joy|love|realization
44,7,curiosity,0|1|5|17|22|25,admiration|amusement|caring|joy|realization|sadness
45,27,neutral,0|3|7|15,admiration|annoyance|curiosity|gratitude
46,3|4,annoyance|approval,1|6|9|10|25,amusement|confusion|disappointment|disapproval|sadness
47,14,fear,2|3|4|5|7|13|18,anger|annoyance|approval|caring|curiosity|excitement|love
48,27,neutral,6|7|11|14|20|22|27,confusion|curiosity|disgust|fear|optimism|realization|neutral
49,8,desire,3|5|6|9|17|18|20|27,annoyance|caring|confusion|disappointment|joy|love|optimism|neutral
50,7,curiosity,1|3|4|5|7|9|10|20|22|25,amusement|annoyance|approval|caring|curiosity|disappointment|disapproval|optimism|realization|sadness
51,27,neutral,4|6|7|10|14|15|25,approval|confusion|curiosity|disapproval|fear|gratitude|sadness
52,24,remorse,0|1|2|3|10|22|25|27,admiration|amusement|anger|annoyance|disapproval|realization|sadness|neutral
53,4,approval,1|6|20|27,amusement|confusion|optimism|neutral
54,7,curiosity,9|10|11|18|20|22,disappointment|disapproval|disgust|love|optimism|realization
55,27,neutral,2|10|17|18|27,anger|disapproval|joy|love|neutral
56,13,excitement,2|3|4|13|20|27,anger|annoyance|approval|excitement|optimism|neutral
57,1|6|7|24,amusement|confusion|curiosity|remorse,0|1|2|3|5|10|18,admiration|amusement|anger|annoyance|caring|disapproval|love
58,14,fear,0|3|5|7|15|17|18,admiration|annoyance|caring|curiosity|gratitude|joy|love
59,6,confusion,5|10|13|17|18,caring|disapproval|excitement|joy|love
60,4,approval,4|6|10|15|18|20,approval|confusion|disapproval|gratitude|love|optimism
61,7,curiosity,0|8|15|18|24|27,admiration|desire|gratitude|love|remorse|neutral
62,27,neutral,2|4|8|18|27,anger|approval|desire|love|neutral
63,22,realization,0|2|4|6|8|13|15|18|26|27,admiration|anger|approval|confusion|desire|excitement|gratitude|love|surprise|neutral
64,27,neutral,1|3|7,amusement|annoyance|curiosity
65,10,disapproval,3|4|10|20|25,annoyance|approval|disapproval|optimism|sadness
66,1,amusement,3|5|7|9|10|18|22|24|26|27,annoyance|caring|curiosity|disappointment|disapproval|love|realization|remorse|surprise|neutral
67,27,neutral,2|3|6|7|10|13|22|25,anger|annoyance|confusion|curiosity|disapproval|excitement|realization|sadness
68,0|17,admiration|joy,9|14|17|18|22,disappointment|fear|joy|love|realization
69,27,neutral,0|7|9|20,admiration|curiosity|disappointment|optimism
70,10,disapproval,2|4|22|24|25|27,anger|approval|realization|remorse|sadness|neutral
71,0,admiration,1|2|3|7|8|9|13|15|20,amusement|anger|annoyance|curiosity|desire|disappointment|excitement|gratitude|optimism
72,3|27,annoyance|neutral,0|1|7|8|9|10|11|20,admiration|amusement|curiosity|desire|disappointment|disapproval|disgust|optimism
73,2,anger,5|12|14|20|25|26|27,caring|embarrassment|fear|optimism|sadness|surprise|neutral
74,4,approval,0|1|3|6,admiration|amusement|annoyance|confusion
75,27,neutral,0|4|9|13|18|20,admiration|approval|disappointment|excitement|love|optimism
76,27,neutral,0|2|4|5|9|10|15|18|20,admiration|anger|approval|caring|disappointment|disapproval|gratitude|love|optimism
77,15,gratitude,1|15|27,amusement|gratitude|neutral
78,6,confusion,0|3|5|7|12|13|17|20|22|26,admiration|annoyance|caring|curiosity|embarrassment|excitement|joy|optimism|realization|surprise
79,20,optimism,1|2|5|11|27,amusement|anger|caring|disgust|neutral
80,3,annoyance,1|7|9|15|18|20|22|25,amusement|curiosity|disappointment|gratitude|love|optimism|realization|sadness
81,27,neutral,2|6|18|25|27,anger|confusion|love|sadness|neutral
82,27,neutral,0|2|15|18|20|23,admiration|anger|gratitude|love|optimism|relief
83,0,admiration,0|7|9|10|15|17|20|27,admiration|curiosity|disappointment|disapproval|gratitude|joy|optimism|neutral
84,9,disappointment,2|3|4|5|6|7|17,anger|annoyance|approval|caring|confusion|curiosity|joy
85,10|27,disapproval|neutral,2|3|22|27,anger|annoyance|realization|neutral
86,1|10|15,amusement|disapproval|gratitude,1|2|3|5|13|15|18,amusement|anger|annoyance|caring|excitement|gratitude|love
87,0,admiration,0|2|5|7|27,admiration|anger|caring|curiosity|neutral
88,7|27,curiosity|neutral,2|4|7|8|9|18|25,anger|approval|curiosity|desire|disappointment|love|sadness
89,10,disapproval,0|2|4|9|10|14|15|17|18|26,admiration|anger|approval|disappointment|disapproval|fear|gratitude|joy|love|surprise
90,7,curiosity,3|9|26|27,annoyance|disappointment|surprise|neutral
91,11|26,disgust|surprise,2|10|27,anger|disapproval|neutral
92,2|10,anger|disapproval,1|2|3|4|9|15|17|18|20|22,amusement|anger|annoyance|approval|disappointment|gratitude|joy|love|optimism|realization
93,1,amusement,0|3|7|8|13|20|27,admiration|annoyance|curiosity|desire|excitement|optimism|neutral
94,15,gratitude,0|1|7|8|17|20|22|25,admiration|amusement|curiosity|desire|joy|optimism|realization|sadness
95,0,admiration,6|7|9|14|17|18|27,confusion|curiosity|disappointment|fear|joy|love|neutral
96,6,confusion,11|13|14|17|20|27,disgust|excitement|fear|joy|optimism|neutral
97,5|24,caring|remorse,0|3|4|9|15|18|20|25,admiration|annoyance|approval|disappointment|gratitude|love|optimism|sadness
98,27,neutral,0|3|9|25|26|27,admiration|annoyance|disappointment|sadness|surprise|neutral
99,27,neutral,1|2|3|7|11|13|17|20|24|25|27,amusement|anger|annoyance|curiosity|disgust|excitement|joy|optimism|remorse|sadness|neutral
100,5|27,caring|neutral,22|27,realization|neutral
101,27,neutral,4|7|10|15,approval|curiosity|disapproval|gratitude
102,0|18,admiration|love,2|4|10|11|15|22|27,anger|approval|disapproval|disgust|gratitude|realization|neutral
103,27,neutral,4|6|7|9|14|17|26,approval|confusion|curiosity|disappointment|fear|joy|surprise
104,14,fear,2|3|4|10|13|15|17|18|22,anger|annoyance|approval|disapproval|excitement|gratitude|joy|love|realization
105,0|17,admiration|joy,4|7|24|26|27,approval|curiosity|remorse|surprise|neutral
106,17,joy,3|5|9|14|15|18|20|22|27,annoyance|caring|disappointment|fear|gratitude|love|optimism|realization|neutral
107,4,approval,1|2|3|7|17|22|27,amusement|anger|annoyance|curiosity|joy|realization|neutral
108,1|4,amusement|approval,5|7|10|11|15|17|26,caring|curiosity|disapproval|disgust|gratitude|joy|surprise
109,7,curiosity,3|5|7|13|22|25,annoyance|caring|curiosity|excitement|realization|sadness
110,15|27,gratitude|neutral,4|10|27,approval|disapproval|neutral
111,27,neutral,3|4|9|18|22|25|27,annoyance|approval|disappointment|love|realization|sadness|neutral
112,20,optimism,0|1|4|6|10|13|18,admiration|amusement|approval|confusion|disapproval|excitement|love
113,23,relief,2|9|10|17|27,anger|disappointment|disapproval|joy|neutral
114,27,neutral,3|7|10|15|18|20|22|27,annoyance|curiosity|disapproval|gratitude|love|optimism|realization|neutral
115,27,neutral,7|10|13|17|18|22|23,curiosity|disapproval|excitement|joy|love|realization|relief
116,27,neutral,0|1|3|5|15|25,admiration|amusement|annoyance|caring|gratitude|sadness
117,15,gratitude,0|8|11|15|17,admiration|desire|disgust|gratitude|joy
118,4,approval,4|15|22|25,approval|gratitude|realization|sadness
119,1|27,amusement|neutral,1|6|8|20|25,amusement|confusion|desire|optimism|sadness
120,18,love,0|10|13|14|17|25,admiration|disapproval|excitement|fear|joy|sadness
121,11|12,disgust|embarrassment,0|1|4|10|22|25|26,admiration|amusement|approval|disapproval|realization|sadness|surprise
122,7,curiosity,7|10|15|17|20|22,curiosity|disapproval|gratitude|joy|optimism|realization
123,13|17,excitement|joy,1|4|7|9|10|14|15|17|20|22,amusement|approval|curiosity|disappointment|disapproval|fear|gratitude|joy|optimism|realization
124,3|27,annoyance|neutral,0|3|6|9|10,admiration|annoyance|confusion|disappointment|disapproval
125,25,sadness,0|3|11|12|15|18|20|26,admiration|annoyance|disgust|embarrassment|gratitude|love|optimism|surprise
126,27,neutral,0|4|10|11|22|27,admiration|approval|disapproval|disgust|realization|neutral
127,2,anger,2|10|17|20|27,anger|disapproval|joy|optimism|neutral
128,27,neutral,0|1|8|9|10|27,admiration|amusement|desire|disappointment|disapproval|neutral
129,0,admiration,0|1|2|5|11|15|20|26,admiration|amusement|anger|caring|disgust|gratitude|optimism|surprise
130,17,joy,2|3|6|25|27,anger|annoyance|confusion|sadness|neutral
131,5,caring,1|4|7|10|14|18|22,amusement|approval|curiosity|disapproval|fear|love|realization
132,6|27,confusion|neutral,4|6|7|10,approval|confusion|curiosity|disapproval
133,11,disgust,1|2|3|6|17|20|22,amusement|anger|annoyance|confusion|joy|optimism|realization
134,4,approval,5|13|20|27,caring|excitement|optimism|neutral
135,27,neutral,3|6|7|9|20|26,annoyance|confusion|curiosity|disappointment|optimism|surprise
136,15,gratitude,2|5|9|11|12|14|18|26|27,anger|caring|disappointment|disgust|embarrassment|fear|love|surprise|neutral
137,4,approval,0|1|2|3|6|9|12|17,admiration|amusement|anger|annoyance|confusion|disappointment|embarrassment|joy
138,7,curiosity,0|1|2|8|15,admiration|amusement|anger|desire|gratitude
139,5,caring,0|4|13|14,admiration|approval|excitement|fear
140,27,neutral,1|2|10|13|15,amusement|anger|disapproval|excitement|gratitude
141,0,admiration,4|6|15|18,approval|confusion|gratitude|love
142,27,neutral,0|1|5|7|8|10|15|26,admiration|amusement|caring|curiosity|desire|disapproval|gratitude|surprise
143,27,neutral,4|6|7|10|13|14|18|24,approval|confusion|curiosity|disapproval|excitement|fear|love|remorse
144,10,disapproval,1|3|17|18|27,amusement|annoyance|joy|love|neutral
145,27,neutral,0|4|10|15|20|26|27,admiration|approval|disapproval|gratitude|optimism|surprise|neutral
146,4|20,approval|optimism,0|6|9|13|19|20,admiration|confusion|disappointment|excitement|nervousness|optimism
147,7,curiosity,3|6|10|11|17|26|27,annoyance|confusion|disapproval|disgust|joy|surprise|neutral
148,26,surprise,4|8|15|17,approval|desire|gratitude|joy
149,27,neutral,1|3|25|27,amusement|annoyance|sadness|neutral
150,27,neutral,0|2|4|5|10|11|17,admiration|anger|approval|caring|disapproval|disgust|joy
151,27,neutral,6|8|9|11|17|18|22|25,confusion|desire|disappointment|disgust|joy|love|realization|sadness
152,17,joy,1|4|9|11|14|20|22|25|27,amusement|approval|disappointment|disgust|fear|optimism|realization|sadness|neutral
153,15,gratitude,1|2|6|13|17|18|25,amusement|anger|confusion|excitement|joy|love|sadness
154,13,excitement,0|6|7|9|17|25|27,admiration|confusion|curiosity|disappointment|joy|sadness|neutral
155,26,surprise,0|1|17|22|26,admiration|amusement|joy|realization|surprise
156,2,anger,15|17|19,gratitude|joy|nervousness
157,27,neutral,0|3|4|5|11|13|15|18,admiration|annoyance|approval|caring|disgust|excitement|gratitude|love
158,4,approval,15|18|22|24|25|26,gratitude|love|realization|remorse|sadness|surprise
159,0,admiration,0|4|5|11|20|24|25|26|27,admiration|approval|caring|disgust|optimism|remorse|sadness|surprise|neutral
160,17,joy,2|12|17|24|26,anger|embarrassment|joy|remorse|surprise
161,4,approval,9|13|17|20|22|27,disappointment|excitement|joy|optimism|realization|neutral
162,4|5,approval|caring,0|15|22|26|27,admiration|gratitude|realization|surprise|neutral
163,27,neutral,3|7|10|27,annoyance|curiosity|disapproval|neutral
164,7,curiosity,0|15|20|22|25|26,admiration|gratitude|optimism|realization|sadness|surprise
165,24,remorse,2|3|9|13|15,anger|annoyance|disappointment|excitement|gratitude
166,12|26,embarrassment|surprise,4|6|7|8|9|12|27,approval|confusion|curiosity|desire|disappointment|embarrassment|neutral
167,27,neutral,1|3|6|9|18|25,amusement|annoyance|confusion|disappointment|love|sadness
168,0|25,admiration|sadness,1|4|5|7|13|17|18|24|26,amusement|approval|caring|curiosity|excitement|joy|love|remorse|surprise
169,4,approval,1|3|5|7|13|17|18|22,amusement|annoyance|caring|curiosity|excitement|joy|love|realization
170,17,joy,0|1|4|26,admiration|amusement|approval|surprise
171,27,neutral,1|2|3|4|9|13|14|15|18|20,amusement|anger|annoyance|approval|disappointment|excitement|fear|gratitude|love|optimism
172,27,neutral,5|15|20,caring|gratitude|optimism
173,5,caring,2|3|9|11|18|22|25|27,anger|annoyance|disappointment|disgust|love|realization|sadness|neutral
174,15,gratitude,0|1|2|6|7|9|14|15|27,admiration|amusement|anger|confusion|curiosity|disappointment|fear|gratitude|neutral
175,27,neutral,4|6|7|8|9|10|15|22,approval|confusion|curiosity|desire|disappointment|disapproval|gratitude|realization
176,10,disapproval,17|20|27,joy|optimism|neutral
177,17,joy,1|3|8|10|20|22|24|25|27,amusement|annoyance|desire|disapproval|optimism|realization|remorse|sadness|neutral
178,27,neutral,4|5|6|7|11|27,approval|caring|confusion|curiosity|disgust|neutral
179,10,disapproval,3|5|6|9|15|18|27,annoyance|caring|confusion|disappointment|gratitude|love|neutral
180,15,gratitude,0|2|3|8|9|10|11|15|17|18,admiration|anger|annoyance|desire|disappointment|disapproval|disgust|gratitude|joy|love
181,4,approval,2|3|5|11|22|27,anger|annoyance|caring|disgust|realization|neutral
182,27,neutral,0|2|20|24|27,admiration|anger|optimism|remorse|neutral
183,27,neutral,2|5|27,anger|caring|neutral
184,2,anger,0|1|3|8|10|15|17|20|27,admiration|amusement|annoyance|desire|disapproval|gratitude|joy|optimism|neutral
185,18,love,0|2|4|5|7|8|17|18,admiration|anger|approval|caring|curiosity|desire|joy|love
186,5,caring,0|7|11|14|17|22,admiration|curiosity|disgust|fear|joy|realization
187,7,curiosity,2|8|10|13|22,anger|desire|disapproval|excitement|realization
188,1|5,amusement|caring,1|3|8|9|11|18|22|27,amusement|annoyance|desire|disappointment|disgust|love|realization|neutral
189,10,disapproval,0|2|3|9|10|14|20|22,admiration|anger|annoyance|disappointment|disapproval|fear|optimism|realization
190,27,neutral,3|4|6|7|13|18,annoyance|approval|confusion|curiosity|excitement|love
191,27,neutral,2|3|5|6|15|17,anger|annoyance|caring|confusion|gratitude|joy
192,7,curiosity,0|2|3|4|11,admiration|anger|annoyance|approval|disgust
193,9,disappointment,15|18|20|22|27,gratitude|love|optimism|realization|neutral
194,15,gratitude,2|3|4|5|9|13|26,anger|annoyance|approval|caring|disappointment|excitement|surprise
195,27,neutral,4|6|18|27,approval|confusion|love|neutral
196,27,neutral,1|2|3|5,amusement|anger|annoyance|caring
197,4|5,approval|caring,0|4|7|13|20|27,admiration|approval|curiosity|excitement|optimism|neutral
198,3,annoyance,0|4|6|13|15|22|26,admiration|approval|confusion|excitement|gratitude|realization|surprise
199,1,amusement,1|2|8|18|27,amusement|anger|desire|love|neutral
200,15,gratitude,2|3|6|7|10|15|17,anger|annoyance|confusion|curiosity|disapproval|gratitude|joy
201,27,neutral,0|2|5|7|13|18|26,admiration|anger|caring|curiosity|excitement|love|surprise
202,27,neutral,0|6|7|8|11|26|27,admiration|confusion|curiosity|desire|disgust|surprise|neutral
203,27,neutral,0|3|7|14|18|20,admiration|annoyance|curiosity|fear|love|optimism
204,7,curiosity,8|9|13|14|15|24|27,desire|disappointment|excitement|fear|gratitude|remorse|neutral
205,0|9,admiration|disappointment,4|6|7|14|18|26,approval|confusion|curiosity|fear|love|surprise
206,0,admiration,0|1|13|14|17|18|26,admiration|amusement|excitement|fear|joy|love|surprise
207,0,admiration,1|3|6|7|9|14|18|27,amusement|annoyance|confusion|curiosity|disappointment|fear|love|neutral
208,27,neutral,0|1|2,admiration|amusement|anger
209,18,love,0|1|5|8|10|15|25,admiration|amusement|caring|desire|disapproval|gratitude|sadness
210,5,caring,0|2|10|17|24|26,admiration|anger|disapproval|joy|remorse|surprise
211,9,disappointment,1|4|13|27,amusement|approval|excitement|neutral
212,2,anger,1|4|5|11,amusement|approval|caring|disgust
213,27,neutral,0|9|25|27,admiration|disappointment|sadness|neutral
214,10,disapproval,0|1|10|13,admiration|amusement|disapproval|excitement
215,15,gratitude,0|8|15|27,admiration|desire|gratitude|neutral
216,18,love,3|4|7|9|14|18|22|27,annoyance|approval|curiosity|disappointment|fear|love|realization|neutral
217,27,neutral,0|8|15|17|22,admiration|desire|gratitude|joy|realization
218,1|20,amusement|optimism,0|2|3|5|7|9|13|25|26|27,admiration|anger|annoyance|caring|curiosity|disappointment|excitement|sadness|surprise|neutral
219,27,neutral,1|22|27,amusement|realization|neutral
220,24,remorse,17|18|26|27,joy|love|surprise|neutral
221,5,caring,0|7|13|20|24|26|27,admiration|curiosity|excitement|optimism|remorse|surprise|neutral
222,13,excitement,0|4|5|7|10|13|20|22|26,admiration|approval|caring|curiosity|disapproval|excitement|optimism|realization|surprise
223,27,neutral,3|5|9|18|22|24|27,annoyance|caring|disappointment|love|realization|remorse|neutral
224,4,approval,2|4|5|6|7|10|19|20|22|27,anger|approval|caring|confusion|curiosity|disapproval|nervousness|optimism|realization|neutral
225,6|27,confusion|neutral,3|6|7|10|18|20|24,annoyance|confusion|curiosity|disapproval|love|optimism|remorse
226,8,desire,3|6|8|9|11|15|18|20|22|25|27,annoyance|confusion|desire|disappointment|disgust|gratitude|love|optimism|realization|sadness|neutral
227,25,sadness,1|3|4|6|10|11|13|14|15,amusement|annoyance|approval|confusion|disapproval|disgust|excitement|fear|gratitude
228,27,neutral,10|13|17|20,disapproval|excitement|joy|optimism
229,7|15,curiosity|gratitude,1|6|7|8|17,amusement|confusion|curiosity|desire|joy
230,0,admiration,1|3|4|13,amusement|annoyance|approval|excitement
231,18|20,love|optimism,0|3|4|7|9|18,admiration|annoyance|approval|curiosity|disappointment|love
232,7,curiosity,4|17|27,approval|joy|neutral
233,21,pride,1|4|27,amusement|approval|neutral
234,3,annoyance,3|22|27,annoyance|realization|neutral
235,18|20,love|optimism,0|1|3|7|9|10|11|13|26,admiration|amusement|annoyance|curiosity|disappointment|disapproval|disgust|excitement|surprise
236,15,gratitude,3|8|9|13|14|22|27,annoyance|desire|disappointment|excitement|fear|realization|neutral
237,18,love,4|6|7|10|14|18|25|26|27,approval|confusion|curiosity|disapproval|fear|love|sadness|surprise|neutral
238,4,approval,0|2|5|7|8|13|18|20,admiration|anger|caring|curiosity|desire|excitement|love|optimism
239,27,neutral,6|7|18|20,confusion|curiosity|love|optimism
240,15,gratitude,3|4|7|15|18|20|27,annoyance|approval|curiosity|gratitude|love|optimism|neutral
241,27,neutral,1|3|17|24,amusement|annoyance|joy|remorse
242,0,admiration,3|9|11|14|15|17|27,annoyance|disappointment|disgust|fear|gratitude|joy|neutral
243,15,gratitude,0|4|7|10|15|18,admiration|approval|curiosity|disapproval|gratitude|love
244,4,approval,2|3|6|7|13|14|18|22|27,anger|annoyance|confusion|curiosity|excitement|fear|love|realization|neutral
245,20,optimism,26|27,surprise|neutral
246,13,excitement,2|3|4|6|12|15,anger|annoyance|approval|confusion|embarrassment|gratitude
247,27,neutral,0|4|5|7|13|20|24,admiration|approval|caring|curiosity|excitement|optimism|remorse
248,27,neutral,3|5|7|13|18|20|23,annoyance|caring|curiosity|excitement|love|optimism|relief
249,3,annoyance,3|5|7|9|10|11|26,annoyance|caring|curiosity|disappointment|disapproval|disgust|surprise
250,27,neutral,1|7|15|22,amusement|curiosity|gratitude|realization
251,1,amusement,3|6|10,annoyance|confusion|disapproval
252,27,neutral,2|6|9|13|20|27,anger|confusion|disappointment|excitement|optimism|neutral
253,27,neutral,0|1|2|6|9|11|25|27,admiration|amusement|anger|confusion|disappointment|disgust|sadness|neutral
254,4|17|27,approval|joy|neutral,1|2|4|6|14|26|27,amusement|anger|approval|confusion|fear|surprise|neutral
255,27,neutral,1|6|25|27,amusement|confusion|sadness|neutral
256,27,neutral,6|9|11|17|18|27,confusion|disappointment|disgust|joy|love|neutral
257,9|22,disappointment|realization,0|1|3|4|6|10|22,admiration|amusement|annoyance|approval|confusion|disapproval|realization
258,6,confusion,1|2|7|15|22|26|27,amusement|anger|curiosity|gratitude|realization|surprise|neutral
259,4,approval,0|3|10|15|18|26,admiration|annoyance|disapproval|gratitude|love|surprise
260,3|10,annoyance|disapproval,0|5|10|13|15,admiration|caring|disapproval|excitement|gratitude
261,5,caring,6|7|9|10|18,confusion|curiosity|disappointment|disapproval|love
262,1|20,amusement|optimism,0|1|2|7|8|9|14|15|18|20|23,admiration|amusement|anger|curiosity|desire|disappointment|fear|gratitude|love|optimism|relief
263,10,disapproval,1|3|9|13|18|27,amusement|annoyance|disappointment|excitement|love|neutral
264,27,neutral,0|2|3|20|22,admiration|anger|annoyance|optimism|realization
265,18|20,love|optimism,0|3|5|8|9|15|26,admiration|annoyance|caring|desire|disappointment|gratitude|surprise
266,2,anger,0|3|7|10|11|18|26|27,admiration|annoyance|curiosity|disapproval|disgust|love|surprise|neutral
267,7,curiosity,2|3|5|7|22|27,anger|annoyance|caring|curiosity|realization|neutral
268,26,surprise,0|2|3|13|14|18|25,admiration|anger|annoyance|excitement|fear|love|sadness
269,2|9,anger|disappointment,2|6|9|11|17|18|27,anger|confusion|disappointment|disgust|joy|love|neutral
270,17,joy,3|9|10|13|17|26|27,annoyance|disappointment|disapproval|excitement|joy|surprise|neutral
271,27,neutral,0|4|5|7|9|10|17,admiration|approval|caring|curiosity|disappointment|disapproval|joy
272,20,optimism,3|7|13|27,annoyance|curiosity|excitement|neutral
273,13|17|21,excitement|joy|pride,4|6|7|9|10|15|20|23|26,approval|confusion|curiosity|disappointment|disapproval|gratitude|optimism|relief|surprise
274,10,disapproval,1|2|3|7|10|26,amusement|anger|annoyance|curiosity|disapproval|surprise
275,8,desire,0|3|4|10|18,admiration|annoyance|approval|disapproval|love
276,7,curiosity,0|3|4|5|10|17|26,admiration|annoyance|approval|caring|disapproval|joy|surprise
277,22,realization,0|2|15|20|25,admiration|anger|gratitude|optimism|sadness
278,0|8,admiration|desire,3|4|6|7|15,annoyance|approval|confusion|curiosity|gratitude
279,4,approval,0|2|3|5|6|11|18|27,admiration|anger|annoyance|caring|confusion|disgust|love|neutral
280,27,neutral,2|3|4|6|15|17|27,anger|annoyance|approval|confusion|gratitude|joy|neutral
281,27,neutral,4|5|9|17|18|24|25,approval|caring|disappointment|joy|love|remorse|sadness
282,1,amusement,4|5|6|10|27,approval|caring|confusion|disapproval|neutral
283,1|26,amusement|surprise,0|1|4|6|9|10|15|17|27,admiration|amusement|approval|confusion|disappointment|disapproval|gratitude|joy|neutral
284,15,gratitude,4|5|10|15|25,approval|caring|disapproval|gratitude|sadness
285,15,gratitude,5|9|18|20,caring|disappointment|love|optimism
286,8,desire,0|4|13|22|24,admiration|approval|excitement|realization|remorse
287,15,gratitude,5|6|10|13|19|24|25|27,caring|confusion|disapproval|excitement|nervousness|remorse|sadness|neutral
288,0,admiration,1|2|10|20|27,amusement|anger|disapproval|optimism|neutral
289,27,neutral,1|2|3|6|8|15|27,amusement|anger|annoyance|confusion|desire|gratitude|neutral
290,25,sadness,0|4|5|7|17|18|20|26,admiration|approval|caring|curiosity|joy|love|optimism|surprise
291,27,neutral,2|3|25|26|27,anger|annoyance|sadness|surprise|neutral
292,19,nervousness,0|20|22|27,admiration|optimism|realization|neutral
293,7|8,curiosity|desire,2|3|9|10|11|15|22|27,anger|annoyance|disappointment|disapproval|disgust|gratitude|realization|neutral
294,5|10,caring|disapproval,0|9|14|15|17|20|27,admiration|disappointment|fear|gratitude|joy|optimism|neutral
295,4|13,approval|excitement,0|3|9|14|15|18,admiration|annoyance|disappointment|fear|gratitude|love
296,1|17,amusement|joy,3|5|7|9|20|25,annoyance|caring|curiosity|disappointment|optimism|sadness
297,8,desire,9|14|17|18|27,disappointment|fear|joy|love|neutral
298,11|12,disgust|embarrassment,1|20|22,amusement|optimism|realization
299,2,anger,2|7|8|18,anger|curiosity|desire|love
300,7,curiosity,3|4|5|10|14|20|25|26,annoyance|approval|caring|disapproval|fear|optimism|sadness|surprise
301,1,amusement,1|4|6|14|18|20|27,amusement|approval|confusion|fear|love|optimism|neutral
302,18,love,9|11|12|15|18|26|27,disappointment|disgust|embarrassment|gratitude|love|surprise|neutral
303,9,disappointment,4|6|9|17|20|22|24|26,approval|confusion|disappointment|joy|optimism|realization|remorse|surprise
304,27,neutral,1|4|10|11|13|20,amusement|approval|disapproval|disgust|excitement|optimism
305,27,neutral,1|2|3|9|27,amusement|anger|annoyance|disappointment|neutral
306,27,neutral,7|9|13|17|18|27,curiosity|disappointment|excitement|joy|love|neutral
307,0|27,admiration|neutral,3|17|18|22|25|27,annoyance|joy|love|realization|sadness|neutral
308,27,neutral,0|1|4|10|11|14|15|17|18|21,admiration|amusement|approval|disapproval|disgust|fear|gratitude|joy|love|pride
309,20,optimism,1|3|7|10|11|15|18|22|27,amusement|annoyance|curiosity|disapproval|disgust|gratitude|love|realization|neutral
310,20,optimism,4|5|6|7|11|18|22|25,approval|caring|confusion|curiosity|disgust|love|realization|sadness
311,10,disapproval,2|8|9|10|17|20|24,anger|desire|disappointment|disapproval|joy|optimism|remorse
312,7|19,curiosity|nervousness,1|8|10|26,amusement|desire|disapproval|surprise
313,27,neutral,1|5|9|18|20|25|27,amusement|caring|disappointment|love|optimism|sadness|neutral
314,2,anger,0|4|9|13,admiration|approval|disappointment|excitement
315,10,disapproval,4|15|25|27,approval|gratitude|sadness|neutral
316,27,neutral,1|2|3|4|9|10|13|22|24,amusement|anger|annoyance|approval|disappointment|disapproval|excitement|realization|remorse
317,2,anger,3|10|14|25,annoyance|disapproval|fear|sadness
318,27,neutral,0|1|2|9|13|14|17|18|20|22,admiration|amusement|anger|disappointment|excitement|fear|joy|love|optimism|realization
319,27,neutral,0|5|15|18,admiration|caring|gratitude|love
320,4,approval,7|8|9|12|18|20,curiosity|desire|disappointment|embarrassment|love|optimism
321,3,annoyance,0|2|4|26|27,admiration|anger|approval|surprise|neutral
322,27,neutral,3|5|11|17|18|20|25|26|27,annoyance|caring|disgust|joy|love|optimism|sadness|surprise|neutral
323,10|15,disapproval|gratitude,1|2|4|15|17|22|25,amusement|anger|approval|gratitude|joy|realization|sadness
324,1|17,amusement|joy,2|6|15|20|25,anger|confusion|gratitude|optimism|sadness
325,2|3,anger|annoyance,1|4|6|7|18|24,amusement|approval|confusion|curiosity|love|remorse
326,27,neutral,11|14|15|17|20|26,disgust|fear|gratitude|joy|optimism|surprise
327,27,neutral,1|5|18|25|27,amusement|caring|love|sadness|neutral
328,17,joy,2|3|14|15|17|27,anger|annoyance|fear|gratitude|joy|neutral
329,15,gratitude,0|5|9|15|25|27,admiration|caring|disappointment|gratitude|sadness|neutral
330,27,neutral,27,neutral
331,27,neutral,7|9|11|15|17|18|22|25,curiosity|disappointment|disgust|gratitude|joy|love|realization|sadness
332,27,neutral,0|1|7|11|14|20|24,admiration|amusement|curiosity|disgust|fear|optimism|remorse
333,27,neutral,1|4|6|7|10|17|20|26,amusement|approval|confusion|curiosity|disapproval|joy|optimism|surprise
334,20,optimism,0|2|6|8|9|14|20|25,admiration|anger|confusion|desire|disappointment|fear|optimism|sadness
335,3,annoyance,0|4|7|15|27,admiration|approval|curiosity|gratitude|neutral
336,5|24,caring|remorse,2|4|5|6|9|15|20|22,anger|approval|caring|confusion|disappointment|gratitude|optimism|realization
337,0|15,admiration|gratitude,0|2|4|5|7|13|25|26,admiration|anger|approval|caring|curiosity|excitement|sadness|surprise
338,25,sadness,0|1|10|15|20|24,admiration|amusement|disapproval|gratitude|optimism|remorse
339,3,annoyance,0|1|2|4|27,admiration|amusement|anger|approval|neutral
340,13,excitement,1|3|4|27,amusement|annoyance|approval|neutral
341,0,admiration,0|6|8|11|15|25,admiration|confusion|desire|disgust|gratitude|sadness
342,1,amusement,4|6|7|10|15|18|22|24,approval|confusion|curiosity|disapproval|gratitude|love|realization|remorse
343,27,neutral,1|2|9|17|18,amusement|anger|disappointment|joy|love
344,7,curiosity,0|6|14|25|26|27,admiration|confusion|fear|sadness|surprise|neutral
345,14,fear,2|3|4|7|11|18|20|27,anger|annoyance|approval|curiosity|disgust|love|optimism|neutral
346,27,neutral,5|9|15|17|27,caring|disappointment|gratitude|joy|neutral
347,3,annoyance,4|6|7|9|11|17|25|26,approval|confusion|curiosity|disappointment|disgust|joy|sadness|surprise
348,13,excitement,0|3|4|9|11,admiration|annoyance|approval|disappointment|disgust
349,0|5|20,admiration|caring|optimism,5|13|22|26|27,caring|excitement|realization|surprise|neutral
350,26,surprise,3|6|7|9|25|26|27,annoyance|confusion|curiosity|disappointment|sadness|surprise|neutral
351,27,neutral,0|1|5|6|11|20|24|26|27,admiration|amusement|caring|confusion|disgust|optimism|remorse|surprise|neutral
352,27,neutral,0|3|5|7|20,admiration|annoyance|caring|curiosity|optimism
353,5,caring,2|5|9|15|22|25|27,anger|caring|disappointment|gratitude|realization|sadness|neutral
354,6|27,confusion|neutral,0|3|17|27,admiration|annoyance|joy|neutral
355,7,curiosity,1|12|17|20|24|26|27,amusement|embarrassment|joy|optimism|remorse|surprise|neutral
356,26,surprise,7|13|15|26,curiosity|excitement|gratitude|surprise
357,0,admiration,0|1|8|11|18|26|27,admiration|amusement|desire|disgust|love|surprise|neutral
358,27,neutral,2|3|4|13|22,anger|annoyance|approval|excitement|realization
359,10|20,disapproval|optimism,3|6|7|15|18|25|27,annoyance|confusion|curiosity|gratitude|love|sadness|neutral
360,27,neutral,0|2|6|10|17|25,admiration|anger|confusion|disapproval|joy|sadness
361,1,amusement,2|3|15|27,anger|annoyance|gratitude|neutral
362,0,admiration,0|2|5|24|26|27,admiration|anger|caring|remorse|surprise|neutral
363,3|9,annoyance|disappointment,0|1|2|7|27,admiration|amusement|anger|curiosity|neutral
364,4,approval,0|1|2|4|18|23|25,admiration|amusement|anger|approval|love|relief|sadness
365,0|27,admiration|neutral,7|8|17|18|25|27,curiosity|desire|joy|love|sadness|neutral
366,0,admiration,0|1|4|10|20|25|27,admiration|amusement|approval|disapproval|optimism|sadness|neutral
367,27,neutral,2|3|4|6|9|10,anger|annoyance|approval|confusion|disappointment|disapproval
368,3|9,annoyance|disappointment,4|5|10|11|13|17|18|20|22|27,approval|caring|disapproval|disgust|excitement|joy|love|optimism|realization|neutral
369,27,neutral,0|5|9|10|20,admiration|caring|disappointment|disapproval|optimism
370,8,desire,0|2|4|5|9|10|14|15|18|20|25|26,admiration|anger|approval|caring|disappointment|disapproval|fear|gratitude|love|optimism|sadness|surprise
371,27,neutral,0|1|5|15|22,admiration|amusement|caring|gratitude|realization
372,6,confusion,0|1|4|7|22|24|26,admiration|amusement|approval|curiosity|realization|remorse|surprise
373,0|18,admiration|love,2|3|6|8|9|18|22,anger|annoyance|confusion|desire|disappointment|love|realization
374,4|6|7,approval|confusion|curiosity,1|3|6|7|13|22|26,amusement|annoyance|confusion|curiosity|excitement|realization|surprise
375,27,neutral,0|2|3|4|5|6|10|14|20|22|24,admiration|anger|annoyance|approval|caring|confusion|disapproval|fear|optimism|realization|remorse
376,27,neutral,0|2|10|15|17|18|25,admiration|anger|disapproval|gratitude|joy|love|sadness
377,13,excitement,3|4|6|15|18|25|27,annoyance|approval|confusion|gratitude|love|sadness|neutral
378,24,remorse,2|3|5|17|18|26,anger|annoyance|caring|joy|love|surprise
379,20,optimism,6|10|15|26,confusion|disapproval|gratitude|surprise
380,18,love,3|5|7|18|22|27,annoyance|caring|curiosity|love|realization|neutral
381,1|27,amusement|neutral,0|1|2|4|9|20|27,admiration|amusement|anger|approval|disappointment|optimism|neutral
382,6,confusion,2|3|4|18|26|27,anger|annoyance|approval|love|surprise|neutral
383,4|27,approval|neutral,2|4|7|8|13|18|20|26,anger|approval|curiosity|desire|excitement|love|optimism|surprise
384,27,neutral,0|3|4|17|20,admiration|annoyance|approval|joy|optimism
385,6,confusion,0|1|3|4|7|9|11|17|25|26,admiration|amusement|annoyance|approval|curiosity|disappointment|disgust|joy|sadness|surprise
386,1,amusement,0|2|3|5|6|9|17|22,admiration|anger|annoyance|caring|confusion|disappointment|joy|realization
387,4|27,approval|neutral,0|2|3|4|18|27,admiration|anger|annoyance|approval|love|neutral
388,10,disapproval,7|10|13|17|27,curiosity|disapproval|excitement|joy|neutral
389,3|9|25,annoyance|disappointment|sadness,1|14|15|17|18|20,amusement|fear|gratitude|joy|love|optimism
390,4,approval,2|3|6|19|27,anger|annoyance|confusion|nervousness|neutral
391,7,curiosity,1|2|3|8|10|15|17|24,amusement|anger|annoyance|desire|disapproval|gratitude|joy|remorse
392,7,curiosity,7|9|17|18|27,curiosity|disappointment|joy|love|neutral
393,27,neutral,2|3|7|15|27,anger|annoyance|curiosity|gratitude|neutral
394,0|9,admiration|disappointment,2|3|11|15|22|27,anger|annoyance|disgust|gratitude|realization|neutral
395,27,neutral,2|4|10|11|13|18|26,anger|approval|disapproval|disgust|excitement|love|surprise
396,0|3,admiration|annoyance,0|5|10|27,admiration|caring|disapproval|neutral
397,25,sadness,2|3|4|6|7|10|22|24,anger|annoyance|approval|confusion|curiosity|disapproval|realization|remorse
398,1|11,amusement|disgust,1|2|9|15|18|20|25|27,amusement|anger|disappointment|gratitude|love|optimism|sadness|neutral
399,2|3,anger|annoyance,5|18|27,caring|love|neutral
400,3,annoyance,0|2|4|7|10|11|15|17|27,admiration|anger|approval|curiosity|disapproval|disgust|gratitude|joy|neutral
401,27,neutral,2|5|9|10|12|17|20|25|26|27,anger|caring|disappointment|disapproval|embarrassment|joy|optimism|sadness|surprise|neutral
402,17,joy,2|5|12|17|18,anger|caring|embarrassment|joy|love
403,3,annoyance,0|1|3|4|9|10|12|13|14|22|25,admiration|amusement|annoyance|approval|disappointment|disapproval|embarrassment|excitement|fear|realization|sadness
404,0,admiration,4|7|14|17|20|27,approval|curiosity|fear|joy|optimism|neutral
405,6,confusion,0|1|3|7|10|15|17,admiration|amusement|annoyance|curiosity|disapproval|gratitude|joy
406,11,disgust,1|4|8|10|13|15|18|20|22,amusement|approval|desire|disapproval|excitement|gratitude|love|optimism|realization
407,0,admiration,0|1|3|4|5|7|9|14|17|18|26,admiration|amusement|annoyance|approval|caring|curiosity|disappointment|fear|joy|love|surprise
408,27,neutral,1|2|9|10,amusement|anger|disappointment|disapproval
409,9,disappointment,10|17|18|27,disapproval|joy|love|neutral
410,15,gratitude,4|5|7|14|17|18|22|26|27,approval|caring|curiosity|fear|joy|love|realization|surprise|neutral
411,0,admiration,0|7|10|11|13|15|26,admiration|curiosity|disapproval|disgust|excitement|gratitude|surprise
412,27,neutral,1|2|3|5|7|15|18|27,amusement|anger|annoyance|caring|curiosity|gratitude|love|neutral
413,0|27,admiration|neutral,4|6|7|8|13|15|27,approval|confusion|curiosity|desire|excitement|gratitude|neutral
414,10,disapproval,0|4|24|25,admiration|approval|remorse|sadness
415,27,neutral,2|3|7|10|13|17|27,anger|annoyance|curiosity|disapproval|excitement|joy|neutral
416,2|3,anger|annoyance,3|4|6|10|11|19|22|26,annoyance|approval|confusion|disapproval|disgust|nervousness|realization|surprise
417,27,neutral,0|4|10|18|20|24|27,admiration|approval|disapproval|love|optimism|remorse|neutral
418,0|1,admiration|amusement,0|3|5|10|11|17|22|25|26,admiration|annoyance|caring|disapproval|disgust|joy|realization|sadness|surprise
419,15,gratitude,0|9|11|23|25|27,admiration|disappointment|disgust|relief|sadness|neutral
420,14,fear,5|25|27,caring|sadness|neutral
421,11,disgust,0|2|3|5|11|15|17|20,admiration|anger|annoyance|caring|disgust|gratitude|joy|optimism
422,10,disapproval,6|8|9|10|15|18|24|25|27,confusion|desire|disappointment|disapproval|gratitude|love|remorse|sadness|neutral
423,4|14,approval|fear,1|3|7|15|27,amusement|annoyance|curiosity|gratitude|neutral
424,0,admiration,7|13|15|17|18|21,curiosity|excitement|gratitude|joy|love|pride
425,3|27,annoyance|neutral,2|4|7|10|11|15|18|20|26,anger|approval|curiosity|disapproval|disgust|gratitude|love|optimism|surprise
426,12,embarrassment,0|2|3|4|7|11|15|17,admiration|anger|annoyance|approval|curiosity|disgust|gratitude|joy
427,26,surprise,0|4|7|15|20,admiration|approval|curiosity|gratitude|optimism
428,0|18,admiration|love,0|1|4|9|13|15|17|18|24|26,admiration|amusement|approval|disappointment|excitement|gratitude|joy|love|remorse|surprise
429,22,realization,1|2|7|13|18|27,amusement|anger|curiosity|excitement|love|neutral
430,11,disgust,0|25|26,admiration|sadness|surprise
431,24,remorse,2|4|5|9|18|25|26|27,anger|approval|caring|disappointment|love|sadness|surprise|neutral
432,7,curiosity,1|4|7|17|27,amusement|approval|curiosity|joy|neutral
433,27,neutral,0|1|4|10|20|27,admiration|amusement|approval|disapproval|optimism|neutral
434,0,admiration,0|2|4|5|13|19|26,admiration|anger|approval|caring|excitement|nervousness|surprise
435,3,annoyance,6|7|10|18|22|25|27,confusion|curiosity|disapproval|love|realization|sadness|neutral
436,27,neutral,5|7|9|22|26|27,caring|curiosity|disappointment|realization|surprise|neutral
437,27,neutral,3|7|20|27,annoyance|curiosity|optimism|neutral
438,7|26,curiosity|surprise,0|4|13|20,admiration|approval|excitement|optimism
439,27,neutral,4|5|10|18|22|25|27,approval|caring|disapproval|love|realization|sadness|neutral
440,0,admiration,2|3|7|9|10|18|22|25|27,anger|annoyance|curiosity|disappointment|disapproval|love|realization|sadness|neutral
441,27,neutral,0|2|17|18|25|27,admiration|anger|joy|love|sadness|neutral
442,7,curiosity,1|2|3|5|13|14|17|22|27,amusement|anger|annoyance|caring|excitement|fear|joy|realization|neutral
443,10,disapproval,0|2|4|7|11|15|18|25,admiration|anger|approval|curiosity|disgust|gratitude|love|sadness
444,25,sadness,0|2|4|5|10|15|18|22|25,admiration|anger|approval|caring|disapproval|gratitude|love|realization|sadness
445,24|25,remorse|sadness,0|5|10|15|20|27,admiration|caring|disapproval|gratitude|optimism|neutral
446,1|27,amusement|neutral,3|4|7|15|18|27,annoyance|approval|curiosity|gratitude|love|neutral
447,25,sadness,1|3|10|11|15|20|25,amusement|annoyance|disapproval|disgust|gratitude|optimism|sadness
448,24,remorse,5|7|15|17|18|20|26|27,caring|curiosity|gratitude|joy|love|optimism|surprise|neutral
449,13,excitement,2|3|10|18,anger|annoyance|disapproval|love
450,0|4,admiration|approval,0|6|7|10|15|18|20|25|26,admiration|confusion|curiosity|disapproval|gratitude|love|optimism|sadness|surprise
451,4|21,approval|pride,1|2|4|11|17|20|22,amusement|anger|approval|disgust|joy|optimism|realization
452,4,approval,1|3|7|14|18|27,amusement|annoyance|curiosity|fear|love|neutral
453,18,love,0|5|6|26,admiration|caring|confusion|surprise
454,27,neutral,0|1|2|3|4|10|11|15|25|26,admiration|amusement|anger|annoyance|approval|disapproval|disgust|gratitude|sadness|surprise
455,25,sadness,0|15|17|25,admiration|gratitude|joy|sadness
456,27,neutral,3|5|6|7|13|15|26,annoyance|caring|confusion|curiosity|excitement|gratitude|surprise
457,4,approval,5|9|17|20|22|27,caring|disappointment|joy|optimism|realization|neutral
458,26,surprise,3|4|8|9|18|20|25,annoyance|approval|desire|disappointment|love|optimism|sadness
459,27,neutral,0|1|3|8|25|27,admiration|amusement|annoyance|desire|sadness|neutral
460,27,neutral,0|4|6|7|8|10|17|25,admiration|approval|confusion|curiosity|desire|disapproval|joy|sadness
461,6,confusion,0|2|4|7|8|10,admiration|anger|approval|curiosity|desire|disapproval
462,27,neutral,1|2|4|9|13|26|27,amusement|anger|approval|disappointment|excitement|surprise|neutral
463,7,curiosity,3|4|7|20,annoyance|approval|curiosity|optimism
464,0|20,admiration|optimism,13|22|27,excitement|realization|neutral
465,27,neutral,0|1|5|20|21|24|27,admiration|amusement|caring|optimism|pride|remorse|neutral
466,9,disappointment,1|2|6|10|15|18,amusement|anger|confusion|disapproval|gratitude|love
467,27,neutral,0|3|7|11|14|20,admiration|annoyance|curiosity|disgust|fear|optimism
468,27,neutral,3|7|10|11|13|24|27,annoyance|curiosity|disapproval|disgust|excitement|remorse|neutral
469,21,pride,5|12|15|20|25|26,caring|embarrassment|gratitude|optimism|sadness|surprise
470,27,neutral,1|10|15|17|18,amusement|disapproval|gratitude|joy|love
471,0,admiration,4|6|8|10|18,approval|confusion|desire|disapproval|love
472,14,fear,3|4|10|11|20|27,annoyance|approval|disapproval|disgust|optimism|neutral
473,27,neutral,0|1|6|7|13|20|25,admiration|amusement|confusion|curiosity|excitement|optimism|sadness
474,27,neutral,0|10|20|25,admiration|disapproval|optimism|sadness
475,27,neutral,2|6|10|11|18|24,anger|confusion|disapproval|disgust|love|remorse
476,17,joy,0|4|5|10|14|20,admiration|approval|caring|disapproval|fear|optimism
477,2|11,anger|disgust,0|4|5|22|27,admiration|approval|caring|realization|neutral
478,27,neutral,5|7|17|18|24,caring|curiosity|joy|love|remorse
479,0,admiration,7|8|10|18|20|26,curiosity|desire|disapproval|love|optimism|surprise
480,26,surprise,2|4|6|15|20|24,anger|approval|confusion|gratitude|optimism|remorse
481,4|20,approval|optimism,0|4|9|11|17|18|26,admiration|approval|disappointment|disgust|joy|love|surprise
482,0,admiration,1|2|5|17|18|25,amusement|anger|caring|joy|love|sadness
483,10,disapproval,1|3|4|9|11|15|25,amusement|annoyance|approval|disappointment|disgust|gratitude|sadness
484,2,anger,2|5|11|18|20|24|27,anger|caring|disgust|love|optimism|remorse|neutral
485,11,disgust,0|1|4|5|14|15|20|27,admiration|amusement|approval|caring|fear|gratitude|optimism|neutral
486,15,gratitude,0|4|7|10|13|17,admiration|approval|curiosity|disapproval|excitement|joy
487,6|7,confusion|curiosity,0|5|10|18|22|25,admiration|caring|disapproval|love|realization|sadness
488,1,amusement,1|4|5|14|22|24|26|27,amusement|approval|caring|fear|realization|remorse|surprise|neutral
489,27,neutral,0|3|4|6|9|24,admiration|annoyance|approval|confusion|disappointment|remorse
490,10,disapproval,1|3|10|15|22|27,amusement|annoyance|disapproval|gratitude|realization|neutral
491,27,neutral,1|2|3|11|23|25|27,amusement|anger|annoyance|disgust|relief|sadness|neutral
492,27,neutral,7|9|11|15|25|27,curiosity|disappointment|disgust|gratitude|sadness|neutral
493,0,admiration,2|4|8|10|15|20|22,anger|approval|desire|disapproval|gratitude|optimism|realization
494,27,neutral,6|10|13|26,confusion|disapproval|excitement|surprise
495,27,neutral,4|7|10,approval|curiosity|disapproval
496,15|26,gratitude|surprise,1|4|5|9|10|13,amusement|approval|caring|disappointment|disapproval|excitement
497,6,confusion,1|17|20|22,amusement|joy|optimism|realization
498,17|20,joy|optimism,1|10|15|24|26|27,amusement|disapproval|gratitude|remorse|surprise|neutral
499,5,caring,1|4|7|9|18|25|27,amusement|approval|curiosity|disappointment|love|sadness|neutral
500,7,curiosity,0|4|5|10|20|22,admiration|approval|caring|disapproval|optimism|realization
501,0,admiration,0|1|4|5|15|27,admiration|amusement|approval|caring|gratitude|neutral
502,14|22,fear|realization,0|1|2|3|9|17|18|20|22|26,admiration|amusement|anger|annoyance|disappointment|joy|love|optimism|realization|surprise
503,26,surprise,0|6|7|8|9|10|14|22|24|25,admiration|confusion|curiosity|desire|disappointment|disapproval|fear|realization|remorse|sadness
504,4,approval,1|3|6|9|15|17,amusement|annoyance|confusion|disappointment|gratitude|joy
505,18,love,1|9|11|15|17|26|27,amusement|disappointment|disgust|gratitude|joy|surprise|neutral
506,18,love,3|6|11|14|25|27,annoyance|confusion|disgust|fear|sadness|neutral
507,11,disgust,0|4|5|15|18|25|27,admiration|approval|caring|gratitude|love|sadness|neutral
508,4,approval,4|6|7|8|18|22|24,approval|confusion|curiosity|desire|love|realization|remorse
509,20|27,optimism|neutral,2|6|10|11|18|20|27,anger|confusion|disapproval|disgust|love|optimism|neutral
510,17|23,joy|relief,3|4|9|13|15|18|24|25,annoyance|approval|disappointment|excitement|gratitude|love|remorse|sadness
511,10,disapproval,0|10|15|27,admiration|disapproval|gratitude|neutral
512,27,neutral,0|13|18|24|26|27,admiration|excitement|love|remorse|surprise|neutral
513,0,admiration,0|1|3|4|5|13|27,admiration|amusement|annoyance|approval|caring|excitement|neutral
514,12,embarrassment,0|2|3|4|7|10|27,admiration|anger|annoyance|approval|curiosity|disapproval|neutral
515,27,neutral,2|3|13|14|15,anger|annoyance|excitement|fear|gratitude
516,0,admiration,3|7|14|15|17|18|25|27,annoyance|curiosity|fear|gratitude|joy|love|sadness|neutral
517,2,anger,0|1|3|5|6|7|8|10|15|18,admiration|amusement|annoyance|caring|confusion|curiosity|desire|disapproval|gratitude|love
518,17,joy,0|1|3|15|18|22|27,admiration|amusement|annoyance|gratitude|love|realization|neutral
519,16|18,grief|love,6|7|8|9|17|20|24|27,confusion|curiosity|desire|disappointment|joy|optimism|remorse|neutral
520,10,disapproval,2|3|9|10|20|27,anger|annoyance|disappointment|disapproval|optimism|neutral
521,27,neutral,0|1|4|15|17|18|26,admiration|amusement|approval|gratitude|joy|love|surprise
522,1|4,amusement|approval,1|2|3|4|9|15|20|22,amusement|anger|annoyance|approval|disappointment|gratitude|optimism|realization
523,6,confusion,0|1|3|4|10|12|15|18|20,admiration|amusement|annoyance|approval|disapproval|embarrassment|gratitude|love|optimism
524,14,fear,7|9|15|17|18|20|27,curiosity|disappointment|gratitude|joy|love|optimism|neutral
525,26,surprise,4|15,approval|gratitude
526,0|4|17,admiration|approval|joy,3|7|15|20|22,annoyance|curiosity|gratitude|optimism|realization
527,20,optimism,13|15|17|18,excitement|gratitude|joy|love
528,25,sadness,1|6|7|8|15|27,amusement|confusion|curiosity|desire|gratitude|neutral
529,27,neutral,1|4|27,amusement|approval|neutral
530,9,disappointment,10|13|18|20|27,disapproval|excitement|love|optimism|neutral
531,1,amusement,0|1|13|17|22|24|25|27,admiration|amusement|excitement|joy|realization|remorse|sadness|neutral
532,3,annoyance,0|1|3|4|5|7|9|10|11|12|15|17,admiration|amusement|annoyance|approval|caring|curiosity|disappointment|disapproval|disgust|embarrassment|gratitude|joy
533,22,realization,2|4|8|13|17|25,anger|approval|desire|excitement|joy|sadness
534,27,neutral,0|4|5|14|15|18|27,admiration|approval|caring|fear|gratitude|love|neutral
535,27,neutral,1|2|27,amusement|anger|neutral
536,18,love,1|3|6|7|11|12|15|17,amusement|annoyance|confusion|curiosity|disgust|embarrassment|gratitude|joy
537,27,neutral,0|1|3|6|11,admiration|amusement|annoyance|confusion|disgust
538,27,neutral,0|2|3|12|13|26,admiration|anger|annoyance|embarrassment|excitement|surprise
539,2|26,anger|surprise,0|4|6|7|10|13|15|17|25|26,admiration|approval|confusion|curiosity|disapproval|excitement|gratitude|joy|sadness|surprise
540,7,curiosity,0|7|8|10|22|25|26,admiration|curiosity|desire|disapproval|realization|sadness|surprise
541,5,caring,0|2|3|6|7|15,admiration|anger|annoyance|confusion|curiosity|gratitude
542,10,disapproval,0|1|3|4|6|7|18|20,admiration|amusement|annoyance|approval|confusion|curiosity|love|optimism
543,16|24|25,grief|remorse|sadness,1|3|8|18|20|25,amusement|annoyance|desire|love|optimism|sadness
544,27,neutral,0|1|3|9|17|25|26,admiration|amusement|annoyance|disappointment|joy|sadness|surprise
545,13,excitement,5|7|17|20|24,caring|curiosity|joy|optimism|remorse
546,0,admiration,2|4|7|9|18|25|27,anger|approval|curiosity|disappointment|love|sadness|neutral
547,27,neutral,0|1|3|10|13|17|27,admiration|amusement|annoyance|disapproval|excitement|joy|neutral
548,0,admiration,0|2|3|4|5|17|22|27,admiration|anger|annoyance|approval|caring|joy|realization|neutral
549,7,curiosity,0|4|8|9|11|15|17|18|20,admiration|approval|desire|disappointment|disgust|gratitude|joy|love|optimism
550,0,admiration,0|1|2|13|15|20,admiration|amusement|anger|excitement|gratitude|optimism
551,27,neutral,3|5|7|10|15|22,annoyance|caring|curiosity|disapproval|gratitude|realization
552,3,annoyance,2|3|4|7|15|18|23|26,anger|annoyance|approval|curiosity|gratitude|love|relief|surprise
553,27,neutral,0|2|4|5|8|11|17|18|20|22|24|26,admiration|anger|approval|caring|desire|disgust|joy|love|optimism|realization|remorse|surprise
554,17|24,joy|remorse,4|6|17|18|20|25|27,approval|confusion|joy|love|optimism|sadness|neutral
555,0,admiration,0|4|15|20|22|24,admiration|approval|gratitude|optimism|realization|remorse
556,20|22,optimism|realization,2|3|6|9|18|20|22|27,anger|annoyance|confusion|disappointment|love|optimism|realization|neutral
557,27,neutral,2|4|13|17|22|27,anger|approval|excitement|joy|realization|neutral
558,5,caring,4|7|17|24|27,approval|curiosity|joy|remorse|neutral
559,11,disgust,5|6|7|15|27,caring|confusion|curiosity|gratitude|neutral
560,9|12,disappointment|embarrassment,1|4|6|7|11|17|20,amusement|approval|confusion|curiosity|disgust|joy|optimism
561,20,optimism,3|10|15|27,annoyance|disapproval|gratitude|neutral
562,17|27,joy|neutral,2|10|11|25|27,anger|disapproval|disgust|sadness|neutral
563,27,neutral,0|5|7|10|11|17,admiration|caring|curiosity|disapproval|disgust|joy
564,7,curiosity,0|1|2|3|4|9|14|19|20,admiration|amusement|anger|annoyance|approval|disappointment|fear|nervousness|optimism
565,0|18,admiration|love,0|4|7|15|20|27,admiration|approval|curiosity|gratitude|optimism|neutral
566,27,neutral,0|4|10|13|14|17|23|25|26,admiration|approval|disapproval|excitement|fear|joy|relief|sadness|surprise
567,9,disappointment,0|4|6|10|15|18|20,admiration|approval|confusion|disapproval|gratitude|love|optimism
568,0,admiration,0|1|2|4|6|12|15|25|27,admiration|amusement|anger|approval|confusion|embarrassment|gratitude|sadness|neutral
569,7,curiosity,2|5|7|10|15|20|27,anger|caring|curiosity|disapproval|gratitude|optimism|neutral
570,22,realization,0|1|3|5|7|11,admiration|amusement|annoyance|caring|curiosity|disgust
571,27,neutral,0|1|15|17|18|25|26,admiration|amusement|gratitude|joy|love|sadness|surprise
572,27,neutral,6|9|13|20|26|27,confusion|disappointment|excitement|optimism|surprise|neutral
573,1,amusement,2|11|15|17|18|25,anger|disgust|gratitude|joy|love|sadness
574,15,gratitude,3|5|7|13|17|18|22|26,annoyance|caring|curiosity|excitement|joy|love|realization|surprise
575,27,neutral,0|1|3|4|18|26|27,admiration|amusement|annoyance|approval|love|surprise|neutral
576,20,optimism,0|1|3|7|25,admiration|amusement|annoyance|curiosity|sadness
577,1|17,amusement|joy,0|2|3|5|13|15|25,admiration|anger|annoyance|caring|excitement|gratitude|sadness
578,0,admiration,1|2|4|5|6|15|22,amusement|anger|approval|caring|confusion|gratitude|realization
579,10|20,disapproval|optimism,1|5|13|27,amusement|caring|excitement|neutral
580,14,fear,6|7|9|13|14|15,confusion|curiosity|disappointment|excitement|fear|gratitude
581,4|21,approval|pride,1|2|10|11|27,amusement|anger|disapproval|disgust|neutral
582,15|20,gratitude|optimism,0|1|3|4|6|9|10|18,admiration|amusement|annoyance|approval|confusion|disappointment|disapproval|love
583,7,curiosity,3|5|9|10|17|24|27,annoyance|caring|disappointment|disapproval|joy|remorse|neutral
584,3,annoyance,9|15|20|22|26|27,disappointment|gratitude|optimism|realization|surprise|neutral
585,27,neutral,0|1|20|22,admiration|amusement|optimism|realization
586,27,neutral,1|3,amusement|annoyance
587,13|15|26,excitement|gratitude|surprise,0|4|5|7|14|17|18|27,admiration|approval|caring|curiosity|fear|joy|love|neutral
588,27,neutral,0|3|5|10|17|20,admiration|annoyance|caring|disapproval|joy|optimism
589,27,neutral,4|15|18|25,approval|gratitude|love|sadness
590,6,confusion,1|2|7|17|24,amusement|anger|curiosity|joy|remorse
591,27,neutral,0|7|10|15|18|27,admiration|curiosity|disapproval|gratitude|love|neutral
592,1,amusement,1|10|13|15|25|26|27,amusement|disapproval|excitement|gratitude|sadness|surprise|neutral
593,0,admiration,0|9|10|15|20|25,admiration|disappointment|disapproval|gratitude|optimism|sadness
594,9|26,disappointment|surprise,0|4|5|9|15|22|27,admiration|approval|caring|disappointment|gratitude|realization|neutral
595,7,curiosity,0|3|7|13|22|26,admiration|annoyance|curiosity|excitement|realization|surprise
596,20,optimism,0|1|2|3|7|11|15|22,admiration|amusement|anger|annoyance|curiosity|disgust|gratitude|realization
597,0,admiration,6|14|24|27,confusion|fear|remorse|neutral
598,1,amusement,3|4|6|26|27,annoyance|approval|confusion|surprise|neutral
599,18,love,0|1|2|5|10|11|15|17|18|20,admiration|amusement|anger|caring|disapproval|disgust|gratitude|joy|love|optimism
600,10|27,disapproval|neutral,2|3|5|8|10|14|17|18|25|26,anger|annoyance|caring|desire|disapproval|fear|joy|love|sadness|surprise
601,27,neutral,0|2|9|15|22,admiration|anger|disappointment|gratitude|realization
602,3|5|22,annoyance|caring|realization,0|2|5|6|15|18|20|27,admiration|anger|caring|confusion|gratitude|love|optimism|neutral
603,27,neutral,4|6|7|10|18|24|25|27,approval|confusion|curiosity|disapproval|love|remorse|sadness|neutral
604,20,optimism,5|6|7|8|9|10|13|15|17|18|20|22|25|26,caring|confusion|curiosity|desire|disappointment|disapproval|excitement|gratitude|joy|love|optimism|realization|sadness|surprise
605,4|10|27,approval|disapproval|neutral,0|5|7|10|11|17,admiration|caring|curiosity|disapproval|disgust|joy
606,25,sadness,1|10|13|15,amusement|disapproval|excitement|gratitude
607,2|18,anger|love,0|1|2|3|6|7|8|9|12|25|26,admiration|amusement|anger|annoyance|confusion|curiosity|desire|disappointment|embarrassment|sadness|surprise
608,4,approval,1|5|6|27,amusement|caring|confusion|neutral
609,7|27,curiosity|neutral,0|1|7|15|18|26,admiration|amusement|curiosity|gratitude|love|surprise
610,4|27,approval|neutral,3|4|6|9|15|20|24|27,annoyance|approval|confusion|disappointment|gratitude|optimism|remorse|neutral
611,0|17,admiration|joy,2|3|4|6|7|10|18|20|22|24,anger|annoyance|approval|confusion|curiosity|disapproval|love|optimism|realization|remorse
612,27,neutral,0|3|4|14|25|26,admiration|annoyance|approval|fear|sadness|surprise
613,6,confusion,3|5|7|10|22|26,annoyance|caring|curiosity|disapproval|realization|surprise
614,0,admiration,1|4|6|8|10|17|18|22|27,amusement|approval|confusion|desire|disapproval|joy|love|realization|neutral
615,3,annoyance,0|6|7|13|18|26,admiration|confusion|curiosity|excitement|love|surprise
616,0,admiration,0|1|2|3|4|17|27,admiration|amusement|anger|annoyance|approval|joy|neutral
617,14,fear,1|5|13|17|22|27,amusement|caring|excitement|joy|realization|neutral
618,2|25,anger|sadness,2|5|6|15,anger|caring|confusion|gratitude
619,1,amusement,0|4|5|9|18|26|27,admiration|approval|caring|disappointment|love|surprise|neutral
620,7,curiosity,2|4|9|14|27,anger|approval|disappointment|fear|neutral
621,9|10,disappointment|disapproval,0|7|13|15|22|24|25|27,admiration|curiosity|excitement|gratitude|realization|remorse|sadness|neutral
622,18,love,1|2|5|12|14|17|22|26|27,amusement|anger|caring|embarrassment|fear|joy|realization|surprise|neutral
623,1|10,amusement|disapproval,0|3|5|8|9|20|21,admiration|annoyance|caring|desire|disappointment|optimism|pride
624,6,confusion,4|7|11|14|15|17|24|25|26,approval|curiosity|disgust|fear|gratitude|joy|remorse|sadness|surprise
625,18,love,3|9|12|20|22|27,annoyance|disappointment|embarrassment|optimism|realization|neutral
626,3,annoyance,3|4|6|7|9|20,annoyance|approval|confusion|curiosity|disappointment|optimism
627,0|15,admiration|gratitude,0|3|4|7|13|17|20|25|27,admiration|annoyance|approval|curiosity|excitement|joy|optimism|sadness|neutral
628,18,love,0|2|8|13|20,admiration|anger|desire|excitement|optimism
629,19,nervousness,1|2|22|26|27,amusement|anger|realization|surprise|neutral
630,7|27,curiosity|neutral,0|1|15|17|18,admiration|amusement|gratitude|joy|love
631,0|7,admiration|curiosity,0|1|3|6|9|17,admiration|amusement|annoyance|confusion|disappointment|joy
632,10,disapproval,2|8|9|10|11|13|15|20|25|27,anger|desire|disappointment|disapproval|disgust|excitement|gratitude|optimism|sadness|neutral
633,7,curiosity,3|7|10|13|15|27,annoyance|curiosity|disapproval|excitement|gratitude|neutral
634,20|27,optimism|neutral,2|4|5|7|9|10|27,anger|approval|caring|curiosity|disappointment|disapproval|neutral
635,17,joy,5|7|10|15|17|25,caring|curiosity|disapproval|gratitude|joy|sadness
636,25,sadness,3|4|6|8|9|10|15|17|18|25,annoyance|approval|confusion|desire|disappointment|disapproval|gratitude|joy|love|sadness
637,10|20,disapproval|optimism,0|5|6|8|9|10|14|15|24,admiration|caring|confusion|desire|disappointment|disapproval|fear|gratitude|remorse
638,8,desire,0|1|5|9|12|15|18|20|25,admiration|amusement|caring|disappointment|embarrassment|gratitude|love|optimism|sadness
639,27,neutral,1|4|5|8|10|15|17|18|22,amusement|approval|caring|desire|disapproval|gratitude|joy|love|realization
640,5,caring,6|9|14|17|25|27,confusion|disappointment|fear|joy|sadness|neutral
641,27,neutral,0|1|6|10|13|15|18|25,admiration|amusement|confusion|disapproval|excitement|gratitude|love|sadness
642,5,caring,1|3|4|7|13,amusement|annoyance|approval|curiosity|excitement
643,1,amusement,2|4|7|15|18|20|24,anger|approval|curiosity|gratitude|love|optimism|remorse
644,18,love,0|9|11|18|26,admiration|disappointment|disgust|love|surprise
645,13|17,excitement|joy,0|15|18|25|27,admiration|gratitude|love|sadness|neutral
646,0|20|24,admiration|optimism|remorse,5|7|10|13|15|17|20|22,caring|curiosity|disapproval|excitement|gratitude|joy|optimism|realization
647,15|20,gratitude|optimism,1|2|4|6|7|15|18|22|25|27,amusement|anger|approval|confusion|curiosity|gratitude|love|realization|sadness|neutral
648,0|15,admiration|gratitude,0|1|2|4|6|17|18|22|24|25,admiration|amusement|anger|approval|confusion|joy|love|realization|remorse|sadness
649,10,disapproval,4|5|6|9|13|22|27,approval|caring|confusion|disappointment|excitement|realization|neutral
650,11,disgust,0|4|6|7|15|20|27,admiration|approval|confusion|curiosity|gratitude|optimism|neutral
651,2,anger,10|15|22|25|27,disapproval|gratitude|realization|sadness|neutral
652,27,neutral,1|2|4|15|18|20,amusement|anger|approval|gratitude|love|optimism
653,1,amusement,1|4|5|10|27,amusement|approval|caring|disapproval|neutral
654,0,admiration,2|3|7|15|18|27,anger|annoyance|curiosity|gratitude|love|neutral
655,27,neutral,1|3|4|5|9|10|11|17|22,amusement|annoyance|approval|caring|disappointment|disapproval|disgust|joy|realization
656,5,caring,7|9|18|27,curiosity|disappointment|love|neutral
657,2,anger,0|1|20,admiration|amusement|optimism
658,11,disgust,0|6|15|17|18|22,admiration|confusion|gratitude|joy|love|realization
659,6,confusion,6|13|17|25|27,confusion|excitement|joy|sadness|neutral
660,26,surprise,0|5|10|14|18|24|25|26|27,admiration|caring|disapproval|fear|love|remorse|sadness|surprise|neutral
661,22,realization,0|1|3|4|13|27,admiration|amusement|annoyance|approval|excitement|neutral
662,27,neutral,0|3|9|14|18|22|27,admiration|annoyance|disappointment|fear|love|realization|neutral
663,1,amusement,7|9|15|18,curiosity|disappointment|gratitude|love
664,27,neutral,7|18|22|27,curiosity|love|realization|neutral
665,22,realization,1|2|3,amusement|anger|annoyance
666,6,confusion,1|2|4|7|18|22|27,amusement|anger|approval|curiosity|love|realization|neutral
667,10,disapproval,3|6|10|18|22|25|27,annoyance|confusion|disapproval|love|realization|sadness|neutral
668,4,approval,1|5|6|7|18|22,amusement|caring|confusion|curiosity|love|realization
669,27,neutral,1|2|9|20|25|26|27,amusement|anger|disappointment|optimism|sadness|surprise|neutral
670,27,neutral,0|3|7|11|13|15|17|26,admiration|annoyance|curiosity|disgust|excitement|gratitude|joy|surprise
671,3,annoyance,6|7|10|15|25|27,confusion|curiosity|disapproval|gratitude|sadness|neutral
672,15,gratitude,5|7|20|25,caring|curiosity|optimism|sadness
673,27,neutral,1|4|5|15|20|22|26|27,amusement|approval|caring|gratitude|optimism|realization|surprise|neutral
674,0,admiration,0|3|5|15|17|18|24,admiration|annoyance|caring|gratitude|joy|love|remorse
675,27,neutral,0|6|10|11|15|22|26,admiration|confusion|disapproval|disgust|gratitude|realization|surprise
676,1,amusement,4|9|10|18|22|25|27,approval|disappointment|disapproval|love|realization|sadness|neutral
677,6,confusion,0|3|9|15|22|27,admiration|annoyance|disappointment|gratitude|realization|neutral
678,20,optimism,3|4|7|8|14|18,annoyance|approval|curiosity|desire|fear|love
679,3,annoyance,1|7|15|18|20,amusement|curiosity|gratitude|love|optimism
680,1,amusement,4|9|10|17|27,approval|disappointment|disapproval|joy|neutral
681,5,caring,0|1|3|20|25|26|27,admiration|amusement|annoyance|optimism|sadness|surprise|neutral
682,14,fear,3|5|15|17|18|25|26,annoyance|caring|gratitude|joy|love|sadness|surprise
683,6|26,confusion|surprise,1|3|7|9|17|27,amusement|annoyance|curiosity|disappointment|joy|neutral
684,17,joy,6|27,confusion|neutral
685,24,remorse,0|7|13|14|17,admiration|curiosity|excitement|fear|joy
686,2,anger,0|4|10|18|22,admiration|approval|disapproval|love|realization
687,27,neutral,2|3|5|10|14|15|23|25|27,anger|annoyance|caring|disapproval|fear|gratitude|relief|sadness|neutral
688,27,neutral,0|3|4|7|13|15|26,admiration|annoyance|approval|curiosity|excitement|gratitude|surprise
689,0|22,admiration|realization,0|2|11|17|25|26,admiration|anger|disgust|joy|sadness|surprise
690,0|4,admiration|approval,0|1|2|4|6|18|20,admiration|amusement|anger|approval|confusion|love|optimism
691,8,desire,1|3|6|15|18|20|26|27,amusement|annoyance|confusion|gratitude|love|optimism|surprise|neutral
692,4|5,approval|caring,1|2|4|5,amusement|anger|approval|caring
693,4,approval,3|6|8|14|15|18|22|24|27,annoyance|confusion|desire|fear|gratitude|love|realization|remorse|neutral
694,7|11|25,curiosity|disgust|sadness,0|1|2|3|15|26|27,admiration|amusement|anger|annoyance|gratitude|surprise|neutral
695,20,optimism,0|4|8|13,admiration|approval|desire|excitement
696,27,neutral,4|5|6|8|18|20|25,approval|caring|confusion|desire|love|optimism|sadness
697,6|7,confusion|curiosity,4|7|9|17|20|22|25,approval|curiosity|disappointment|joy|optimism|realization|sadness
698,27,neutral,0|6|7|13|15|17|20|22|24|27,admiration|confusion|curiosity|excitement|gratitude|joy|optimism|realization|remorse|neutral
699,22,realization,2|6|7|9|17|27,anger|confusion|curiosity|disappointment|joy|neutral
700,7,curiosity,0|4|6|8|9|10|11|25,admiration|approval|confusion|desire|disappointment|disapproval|disgust|sadness
701,0|13,admiration|excitement,0|2|4|5|7|15|20,admiration|anger|approval|caring|curiosity|gratitude|optimism
702,27,neutral,2|8|15|17|20|26,anger|desire|gratitude|joy|optimism|surprise
703,0,admiration,0|10|11|18|27,admiration|disapproval|disgust|love|neutral
704,11|18,disgust|love,2|7|14|17|18|22|25|27,anger|curiosity|fear|joy|love|realization|sadness|neutral
705,7,curiosity,1|4|8|15|18|27,amusement|approval|desire|gratitude|love|neutral
706,20,optimism,1|4|13|20|24|27,amusement|approval|excitement|optimism|remorse|neutral
707,1,amusement,0|1|7|15|25,admiration|amusement|curiosity|gratitude|sadness
708,27,neutral,10|13|18|22,disapproval|excitement|love|realization
709,18,love,2|3|10|11|17|26|27,anger|annoyance|disapproval|disgust|joy|surprise|neutral
710,2,anger,0|4|7|10|13|17,admiration|approval|curiosity|disapproval|excitement|joy
711,3,annoyance,3|4|17|24|26|27,annoyance|approval|joy|remorse|surprise|neutral
712,10,disapproval,4|5|7|13|15|17|20|22,approval|caring|curiosity|excitement|gratitude|joy|optimism|realization
713,20,optimism,4|8|9|10|14|22|27,approval|desire|disappointment|disapproval|fear|realization|neutral
714,27,neutral,0|2|4|10|17|27,admiration|anger|approval|disapproval|joy|neutral
715,8|18,desire|love,0|6|8|14|20,admiration|confusion|desire|fear|optimism
716,15,gratitude,0|1|2|3|6|7|10|15|17|22|27,admiration|amusement|anger|annoyance|confusion|curiosity|disapproval|gratitude|joy|realization|neutral
717,15,gratitude,0|2|4|10|17|27,admiration|anger|approval|disapproval|joy|neutral
718,27,neutral,0|3|9|10|15|20,admiration|annoyance|disappointment|disapproval|gratitude|optimism
719,9|25,disappointment|sadness,0|8|9|12|13|14|17|20,admiration|desire|disappointment|embarrassment|excitement|fear|joy|optimism
720,1,amusement,0|1|4|7|12|17|18|22,admiration|amusement|approval|curiosity|embarrassment|joy|love|realization
721,27,neutral,0|2|3|4|12|20,admiration|anger|annoyance|approval|embarrassment|optimism
722,27,neutral,0|2|3|4|7|9|10|15|18,admiration|anger|annoyance|approval|curiosity|disappointment|disapproval|gratitude|love
723,4,approval,1|2|7|25|27,amusement|anger|curiosity|sadness|neutral
724,27,neutral,1|3|10|11|15|24|25,amusement|annoyance|disapproval|disgust|gratitude|remorse|sadness
725,4,approval,2|3|9|10|14|17|18|22,anger|annoyance|disappointment|disapproval|fear|joy|love|realization
726,27,neutral,1|2|4|10|11|14|15|17|25|26,amusement|anger|approval|disapproval|disgust|fear|gratitude|joy|sadness|surprise
727,15,gratitude,2|3|6|10|11|15|27,anger|annoyance|confusion|disapproval|disgust|gratitude|neutral
728,1,amusement,1|5|8|17|18|24,amusement|caring|desire|joy|love|remorse
729,5,caring,2|5|25|27,anger|caring|sadness|neutral
730,17,joy,0|2|17|26,admiration|anger|joy|surprise
731,6,confusion,1|2|3|5|6|7|13|22|25|27,amusement|anger|annoyance|caring|confusion|curiosity|excitement|realization|sadness|neutral
732,7,curiosity,0|1|3|4|13|18|22,admiration|amusement|annoyance|approval|excitement|love|realization
733,27,neutral,0|4|5|6|10|15|18|25,admiration|approval|caring|confusion|disapproval|gratitude|love|sadness
734,15,gratitude,0|1|3|4|18|26,admiration|amusement|annoyance|approval|love|surprise
735,17,joy,1|10|15|25|27,amusement|disapproval|gratitude|sadness|neutral
736,27,neutral,5|15|27,caring|gratitude|neutral
737,11,disgust,4|10|24|27,approval|disapproval|remorse|neutral
738,27,neutral,0|1|2|4|11|20,admiration|amusement|anger|approval|disgust|optimism
739,0|4,admiration|approval,3|10|11|27,annoyance|disapproval|disgust|neutral
740,27,neutral,1|2|8|10|18|20|25,amusement|anger|desire|disapproval|love|optimism|sadness
741,10,disapproval,2|3|6|7|8|11|15|18,anger|annoyance|confusion|curiosity|desire|disgust|gratitude|love
742,27,neutral,0|17|20|25|26|27,admiration|joy|optimism|sadness|surprise|neutral
743,6,confusion,0|9|10|13|17|20|25,admiration|disappointment|disapproval|excitement|joy|optimism|sadness
744,27,neutral,1|2|4|15|17|27,amusement|anger|approval|gratitude|joy|neutral
745,18,love,3|5|9|10|18|27,annoyance|caring|disappointment|disapproval|love|neutral
746,0,admiration,0|2|6|8|10|13|18,admiration|anger|confusion|desire|disapproval|excitement|love
747,27,neutral,0|3|4|6|9|20|24|26,admiration|annoyance|approval|confusion|disappointment|optimism|remorse|surprise
748,27,neutral,3|7|11|22|25|26|27,annoyance|curiosity|disgust|realization|sadness|surprise|neutral
749,27,neutral,0|1|5|15|18|26,admiration|amusement|caring|gratitude|love|surprise
750,1,amusement,0|3|4|6|10|18|19|20|22,admiration|annoyance|approval|confusion|disapproval|love|nervousness|optimism|realization
751,27,neutral,2|6|22|27,anger|confusion|realization|neutral
752,5,caring,1|2|3|5|13|15|27,amusement|anger|annoyance|caring|excitement|gratitude|neutral
753,14,fear,1|3|4|5|22|24|25,amusement|annoyance|approval|caring|realization|remorse|sadness
754,27,neutral,2|4|7|15|18|23|25,anger|approval|curiosity|gratitude|love|relief|sadness
755,4|8,approval|desire,0|3|4|5|9|12|13|17|27,admiration|annoyance|approval|caring|disappointment|embarrassment|excitement|joy|neutral
756,27,neutral,0|7|10,admiration|curiosity|disapproval
757,27,neutral,6|8|27,confusion|desire|neutral
758,27,neutral,1|5|6|19,amusement|caring|confusion|nervousness
759,17,joy,5|8|15|18|26,caring|desire|gratitude|love|surprise
760,27,neutral,3|4|5|7|10|18|22|23|24|25,annoyance|approval|caring|curiosity|disapproval|love|realization|relief|remorse|sadness
761,25,sadness,0|10|17|22|27,admiration|disapproval|joy|realization|neutral
762,3|27,annoyance|neutral,1|2|15|18|25,amusement|anger|gratitude|love|sadness
763,27,neutral,2|9|13|17|18|19|25,anger|disappointment|excitement|joy|love|nervousness|sadness
764,9,disappointment,0|4|7|9|10|17|18|26,admiration|approval|curiosity|disappointment|disapproval|joy|love|surprise
765,27,neutral,3|4|17|18|26|27,annoyance|approval|joy|love|surprise|neutral
766,19|20,nervousness|optimism,3|4|10|20,annoyance|approval|disapproval|optimism
767,27,neutral,1|4|7|10|14|17|25,amusement|approval|curiosity|disapproval|fear|joy|sadness
768,22,realization,0|1|11|26|27,admiration|amusement|disgust|surprise|neutral
769,27,neutral,1|2|4|11|15|18|20,amusement|anger|approval|disgust|gratitude|love|optimism
770,0,admiration,1|4|10|13|14|25|27,amusement|approval|disapproval|excitement|fear|sadness|neutral
771,10|27,disapproval|neutral,2|4|11|14|15|17|22,anger|approval|disgust|fear|gratitude|joy|realization
772,27,neutral,0|1|3|5|6|10|11|13,admiration|amusement|annoyance|caring|confusion|disapproval|disgust|excitement
773,27,neutral,0|4|15|17|18|22,admiration|approval|gratitude|joy|love|realization
774,0,admiration,0|4|6|15|17|22|27,admiration|approval|confusion|gratitude|joy|realization|neutral
775,10,disapproval,1|3|8|10|13|14|18|20|22|26,amusement|annoyance|desire|disapproval|excitement|fear|love|optimism|realization|surprise
776,27,neutral,2|8|18|25,anger|desire|love|sadness
777,0,admiration,2|4|27,anger|approval|neutral
778,0,admiration,0|1|2|7|15,admiration|amusement|anger|curiosity|gratitude
779,11,disgust,1|4|7|11|17|18|25|26,amusement|approval|curiosity|disgust|joy|love|sadness|surprise
780,4,approval,3|4|5|6|9|18|20|27,annoyance|approval|caring|confusion|disappointment|love|optimism|neutral
781,22,realization,4|7|9|10|11|13|14|22|24|25|27,approval|curiosity|disappointment|disapproval|disgust|excitement|fear|realization|remorse|sadness|neutral
782,2,anger,1|7|9|18|25|27,amusement|curiosity|disappointment|love|sadness|neutral
783,18|20,love|optimism,10|11|18|27,disapproval|disgust|love|neutral
784,0,admiration,0|3|6|7|9|13|20|22|25,admiration|annoyance|confusion|curiosity|disappointment|excitement|optimism|realization|sadness
785,4,approval,0|4|7|10|18,admiration|approval|curiosity|disapproval|love
786,7,curiosity,4|8|13|15|17|18|22|27,approval|desire|excitement|gratitude|joy|love|realization|neutral
787,27,neutral,4|7|8|10|26|27,approval|curiosity|desire|disapproval|surprise|neutral
788,15,gratitude,0|1|2|4|5|15|17,admiration|amusement|anger|approval|caring|gratitude|joy
789,27,neutral,0|2|7|17|20,admiration|anger|curiosity|joy|optimism
790,4|24,approval|remorse,0|2|4|6|7|13|15,admiration|anger|approval|confusion|curiosity|excitement|gratitude
791,0|18,admiration|love,0|1|2|4|9|10|11|20|25|27,admiration|amusement|anger|approval|disappointment|disapproval|disgust|optimism|sadness|neutral
792,11,disgust,2|6|12|13|15|20|27,anger|confusion|embarrassment|excitement|gratitude|optimism|neutral
793,27,neutral,0|3|5|17,admiration|annoyance|caring|joy
794,27,neutral,0|1|2|5|6|10|27,admiration|amusement|anger|caring|confusion|disapproval|neutral
795,27,neutral,2|4|6|15|22|27,anger|approval|confusion|gratitude|realization|neutral
796,18,love,2|9|10|17|25,anger|disappointment|disapproval|joy|sadness
797,1,amusement,1|5|7|15|17|18|25,amusement|caring|curiosity|gratitude|joy|love|sadness
798,17,joy,1|2|3|4|18|26,amusement|anger|annoyance|approval|love|surprise
799,1,amusement,11|15|18|27,disgust|gratitude|love|neutral
800,2,anger,1|2|3|8|15|18|26,amusement|anger|annoyance|desire|gratitude|love|surprise
801,27,neutral,0|3|4|9|17,admiration|annoyance|approval|disappointment|joy
802,17,joy,2|4|10|26|27,anger|approval|disapproval|surprise|neutral
803,27,neutral,0|1|4|6|7|8|11|15|18|20|24|26,admiration|amusement|approval|confusion|curiosity|desire|disgust|gratitude|love|optimism|remorse|surprise
804,17,joy,2|3|4|10|15|18|20|25,anger|annoyance|approval|disapproval|gratitude|love|optimism|sadness
805,2,anger,0|1|2|10|11|18|22,admiration|amusement|anger|disapproval|disgust|love|realization
806,14,fear,3|4|5|6|15|17|24|27,annoyance|approval|caring|confusion|gratitude|joy|remorse|neutral
807,26,surprise,1|4|9|10|13|15|18|22|27,amusement|approval|disappointment|disapproval|excitement|gratitude|love|realization|neutral
808,15,gratitude,0|4|8|15|18|27,admiration|approval|desire|gratitude|love|neutral
809,15|20,gratitude|optimism,0|4|5|7|8|9|10|13|17|18,admiration|approval|caring|curiosity|desire|disappointment|disapproval|excitement|joy|love
810,3,annoyance,1|15|25|27,amusement|gratitude|sadness|neutral
811,13,excitement,1|3|4|6|8|10|11|13|14|27,amusement|annoyance|approval|confusion|desire|disapproval|disgust|excitement|fear|neutral
812,3,annoyance,0|4|7|8|15|18|26,admiration|approval|curiosity|desire|gratitude|love|surprise
813,27,neutral,2|5|7|10,anger|caring|curiosity|disapproval
814,8,desire,3|18|25|26,annoyance|love|sadness|surprise
815,3|6,annoyance|confusion,1|6|7|25,amusement|confusion|curiosity|sadness
816,0,admiration,0|2|4|15|20,admiration|anger|approval|gratitude|optimism
817,4,approval,2|4|9|15|23|25|27,anger|approval|disappointment|gratitude|relief|sadness|neutral
818,3|9|16,annoyance|disappointment|grief,0|7|9|24|25|26|27,admiration|curiosity|disappointment|remorse|sadness|surprise|neutral
819,20,optimism,1|5|14|15|27,amusement|caring|fear|gratitude|neutral
820,20,optimism,0|7|10|13|14|15|24|27,admiration|curiosity|disapproval|excitement|fear|gratitude|remorse|neutral
821,27,neutral,1|3|11|14|27,amusement|annoyance|disgust|fear|neutral
822,5|24|25,caring|remorse|sadness,0|1|4|6|13|15|25,admiration|amusement|approval|confusion|excitement|gratitude|sadness
823,0|8,admiration|desire,0|4|13|18|20,admiration|approval|excitement|love|optimism
824,27,neutral,15|25|27,gratitude|sadness|neutral
825,26,surprise,2|6|9|18|22|24,anger|confusion|disappointment|love|realization|remorse
826,4,approval,1|3|4|9|17|20|22|26,amusement|annoyance|approval|disappointment|joy|optimism|realization|surprise
827,27,neutral,1|8|13|17|22|27,amusement|desire|excitement|joy|realization|neutral
828,3,annoyance,2|7|8|10|11|22,anger|curiosity|desire|disapproval|disgust|realization
829,27,neutral,3|4|10|13|14|17|18|25|26|27,annoyance|approval|disapproval|excitement|fear|joy|love|sadness|surprise|neutral
830,17,joy,3|6|7|8|10|15|17|25,annoyance|confusion|curiosity|desire|disapproval|gratitude|joy|sadness
831,25,sadness,3|11|13|17|18|25|27,annoyance|disgust|excitement|joy|love|sadness|neutral
832,4|7,approval|curiosity,2|3|4|6|11|12|20|22|27,anger|annoyance|approval|confusion|disgust|embarrassment|optimism|realization|neutral
833,5|20,caring|optimism,7|10|18|20|27,curiosity|disapproval|love|optimism|neutral
834,4,approval,0|3|4|6|7|11|17|18|20|26,admiration|annoyance|approval|confusion|curiosity|disgust|joy|love|optimism|surprise
835,20,optimism,0|1|6|7|9|22|25,admiration|amusement|confusion|curiosity|disappointment|realization|sadness
836,18,love,0|1|2|7|11|15|18|22|26,admiration|amusement|anger|curiosity|disgust|gratitude|love|realization|surprise
837,17,joy,0|1|6|10|25|26,admiration|amusement|confusion|disapproval|sadness|surprise
838,27,neutral,0|1|3|4|7|9|15|18|20|25,admiration|amusement|annoyance|approval|curiosity|disappointment|gratitude|love|optimism|sadness
839,27,neutral,6,confusion
840,27,neutral,2|3|4|9|14|15|27,anger|annoyance|approval|disappointment|fear|gratitude|neutral
841,27,neutral,1|7|10|11|27,amusement|curiosity|disapproval|disgust|neutral
842,1|6,amusement|confusion,0|1|5|15|17|18|25|27,admiration|amusement|caring|gratitude|joy|love|sadness|neutral
843,25,sadness,0|5|9|10|14|20|27,admiration|caring|disappointment|disapproval|fear|optimism|neutral
844,11,disgust,1|6|15|17|22|25|27,amusement|confusion|gratitude|joy|realization|sadness|neutral
845,0,admiration,10|11|27,disapproval|disgust|neutral
846,27,neutral,2|6|11|18|26|27,anger|confusion|disgust|love|surprise|neutral
847,27,neutral,1|3|5|22|24|27,amusement|annoyance|caring|realization|remorse|neutral
848,14|26,fear|surprise,0|3|4|6|10|15,admiration|annoyance|approval|confusion|disapproval|gratitude
849,17,joy,2|4|10|15|17,anger|approval|disapproval|gratitude|joy
850,10,disapproval,0|15|17|22|25|26,admiration|gratitude|joy|realization|sadness|surprise
851,27,neutral,0|3|4|5|6|26,admiration|annoyance|approval|caring|confusion|surprise
852,27,neutral,4|6|9|14|20|27,approval|confusion|disappointment|fear|optimism|neutral
853,10,disapproval,7|15|17|25,curiosity|gratitude|joy|sadness
854,20|22,optimism|realization,6|8|15|18|22,confusion|desire|gratitude|love|realization
855,3,annoyance,5|6|9|10|11|25|27,caring|confusion|disappointment|disapproval|disgust|sadness|neutral
856,3,annoyance,3|4|11|17|25,annoyance|approval|disgust|joy|sadness
857,6,confusion,0|4|20|22,admiration|approval|optimism|realization
858,27,neutral,2|3|14|22|27,anger|annoyance|fear|realization|neutral
859,22|26,realization|surprise,0|5|7|15|17|18|20|25|26,admiration|caring|curiosity|gratitude|joy|love|optimism|sadness|surprise
860,3|7,annoyance|curiosity,3|9|10|14|20|26|27,annoyance|disappointment|disapproval|fear|optimism|surprise|neutral
861,10|25,disapproval|sadness,3|5|6|7|10|13|18|27,annoyance|caring|confusion|curiosity|disapproval|excitement|love|neutral
862,27,neutral,2|3|9|14|26|27,anger|annoyance|disappointment|fear|surprise|neutral
863,4,approval,2|3|4|6|9|18|22|24,anger|annoyance|approval|confusion|disappointment|love|realization|remorse
864,27,neutral,10|11|20|24|27,disapproval|disgust|optimism|remorse|neutral
865,0|18,admiration|love,0|1|6|10|12|27,admiration|amusement|confusion|disapproval|embarrassment|neutral
866,14,fear,1|5|7|9|14|15|27,amusement|caring|curiosity|disappointment|fear|gratitude|neutral
867,18,love,2|8|12|13|15|18|26|27,anger|desire|embarrassment|excitement|gratitude|love|surprise|neutral
868,15,gratitude,4|7|8|18|24|25,approval|curiosity|desire|love|remorse|sadness
869,27,neutral,2|4|5|8|10|13|17|18,anger|approval|caring|desire|disapproval|excitement|joy|love
870,1|3,amusement|annoyance,0|2|3|7|13|17|25|27,admiration|anger|annoyance|curiosity|excitement|joy|sadness|neutral
871,27,neutral,0|1|4|27,admiration|amusement|approval|neutral
872,0,admiration,6|7|27,confusion|curiosity|neutral
873,13,excitement,0|3|5|9|17|25,admiration|annoyance|caring|disappointment|joy|sadness
874,27,neutral,0|25|27,admiration|sadness|neutral
875,27,neutral,1|2|3|4|5|10|11|15|26|27,amusement|anger|annoyance|approval|caring|disapproval|disgust|gratitude|surprise|neutral
876,7,curiosity,4|6|7|25|27,approval|confusion|curiosity|sadness|neutral
877,4,approval,0|1|6|7|9|10|20,admiration|amusement|confusion|curiosity|disappointment|disapproval|optimism
878,1|15,amusement|gratitude,3|10|17|18|25|27,annoyance|disapproval|joy|love|sadness|neutral
879,15|26,gratitude|surprise,3|5|6|15|20|22,annoyance|caring|confusion|gratitude|optimism|realization
880,0,admiration,1|4|7|9|10|13|20|24|25|27,amusement|approval|curiosity|disappointment|disapproval|excitement|optimism|remorse|sadness|neutral
881,14,fear,1|3|5|9|10|14|24,amusement|annoyance|caring|disappointment|disapproval|fear|remorse
882,7|26,curiosity|surprise,0|7|9|27,admiration|curiosity|disappointment|neutral
883,1,amusement,0|1|2|8|15|22,admiration|amusement|anger|desire|gratitude|realization
884,17,joy,0|2|3|4|18|22|27,admiration|anger|annoyance|approval|love|realization|neutral
885,27,neutral,2|3|10|12|18|25,anger|annoyance|disapproval|embarrassment|love|sadness
886,0|4,admiration|approval,0|1|7|13|17|18,admiration|amusement|curiosity|excitement|joy|love
887,1,amusement,0|4|10|15|17|25,admiration|approval|disapproval|gratitude|joy|sadness
888,7,curiosity,0|7|8|9|10|15|18,admiration|curiosity|desire|disappointment|disapproval|gratitude|love
889,15|18,gratitude|love,0|7|17|18|19|20|27,admiration|curiosity|joy|love|nervousness|optimism|neutral
890,22,realization,0|1|7|10|11|14|17|18|25,admiration|amusement|curiosity|disapproval|disgust|fear|joy|love|sadness
891,9,disappointment,3|6|9|12|17,annoyance|confusion|disappointment|embarrassment|joy
892,1,amusement,3|6|7|13|18|20|27,annoyance|confusion|curiosity|excitement|love|optimism|neutral
893,27,neutral,2|15|22|27,anger|gratitude|realization|neutral
894,25,sadness,5|9|15|17|22|25|26|27,caring|disappointment|gratitude|joy|realization|sadness|surprise|neutral
895,27,neutral,1|3|4,amusement|annoyance|approval
896,27,neutral,2|7|9|14|22|25,anger|curiosity|disappointment|fear|realization|sadness
897,1,amusement,2|7|8|10|11|15|17|18|22|24|26|27,anger|curiosity|desire|disapproval|disgust|gratitude|joy|love|realization|remorse|surprise|neutral
898,4,approval,0|15|18|20|22,admiration|gratitude|love|optimism|realization
899,27,neutral,0|7|11|14|22|24,admiration|curiosity|disgust|fear|realization|remorse
900,11,disgust,0|9|10|15|20,admiration|disappointment|disapproval|gratitude|optimism
901,18,love,7|9|27,curiosity|disappointment|neutral
902,1,amusement,2|6|7|11|15|20|26|27,anger|confusion|curiosity|disgust|gratitude|optimism|surprise|neutral
903,18,love,2|9|15|17,anger|disappointment|gratitude|joy
904,22,realization,0|1|2|3|6|18,admiration|amusement|anger|annoyance|confusion|love
905,18,love,15|24|27,gratitude|remorse|neutral
906,9,disappointment,3|13|15|17|18|27,annoyance|excitement|gratitude|joy|love|neutral
907,6,confusion,5|6|7|14|17|19|26|27,caring|confusion|curiosity|fear|joy|nervousness|surprise|neutral
908,26,surprise,5|7|10|15|17|18|20|22,caring|curiosity|disapproval|gratitude|joy|love|optimism|realization
909,15,gratitude,0|2|5|8|10|11|15|17|18|20|25,admiration|anger|caring|desire|disapproval|disgust|gratitude|joy|love|optimism|sadness
910,25,sadness,1|10|15|18|27,amusement|disapproval|gratitude|love|neutral
911,4,approval,4|5|15|18|25,approval|caring|gratitude|love|sadness
912,17|27,joy|neutral,4|10|20|22|27,approval|disapproval|optimism|realization|neutral
913,2,anger,3|10|25,annoyance|disapproval|sadness
914,1,amusement,0|1|2|6|11|27,admiration|amusement|anger|confusion|disgust|neutral
915,1,amusement,0|7|8|9|15|18|25,admiration|curiosity|desire|disappointment|gratitude|love|sadness
916,1,amusement,2|27,anger|neutral
917,0,admiration,0|7|11|13|14|25|27,admiration|curiosity|disgust|excitement|fear|sadness|neutral
918,27,neutral,1|5|13|20|26,amusement|caring|excitement|optimism|surprise
919,4|27,approval|neutral,4|7|9|11|17|20|24,approval|curiosity|disappointment|disgust|joy|optimism|remorse
920,27,neutral,1|9|10|15|17|19|20,amusement|disappointment|disapproval|gratitude|joy|nervousness|optimism
921,15,gratitude,2|4|5|6|7|11|13|15,anger|approval|caring|confusion|curiosity|disgust|excitement|gratitude
922,10,disapproval,0|1|17,admiration|amusement|joy
923,7,curiosity,0|9|17|20|27,admiration|disappointment|joy|optimism|neutral
924,25,sadness,1|4|9|13|20|24|27,amusement|approval|disappointment|excitement|optimism|remorse|neutral
925,3,annoyance,4|5|15|18|25|27,approval|caring|gratitude|love|sadness|neutral
926,10,disapproval,3|6|7|25|26|27,annoyance|confusion|curiosity|sadness|surprise|neutral
927,2|3,anger|annoyance,0|1|7|14,admiration|amusement|curiosity|fear
928,7|13,curiosity|excitement,1|4|9|18|19|22|27,amusement|approval|disappointment|love|nervousness|realization|neutral
929,27,neutral,1|4|6|9|15|22|25|26,amusement|approval|confusion|disappointment|gratitude|realization|sadness|surprise
930,9,disappointment,6|7|13|14|17|20|22,confusion|curiosity|excitement|fear|joy|optimism|realization
931,1,amusement,3|4|10|17|18|20,annoyance|approval|disapproval|joy|love|optimism
932,0|5,admiration|caring,0|6|7|9|10|15|25,admiration|confusion|curiosity|disappointment|disapproval|gratitude|sadness
933,9|25,disappointment|sadness,0|2|4|5|9|11|14|15|20|25,admiration|anger|approval|caring|disappointment|disgust|fear|gratitude|optimism|sadness
934,27,neutral,0|1|2|10|14|17|18,admiration|amusement|anger|disapproval|fear|joy|love
935,27,neutral,4|6|10|27,approval|confusion|disapproval|neutral
936,27,neutral,2|9|10|15|18|25|27,anger|disappointment|disapproval|gratitude|love|sadness|neutral
937,2,anger,3|5|7|11|17,annoyance|caring|curiosity|disgust|joy
938,0,admiration,0|11|15|18|25,admiration|disgust|gratitude|love|sadness
939,3,annoyance,1|2|3|7|10|24,amusement|anger|annoyance|curiosity|disapproval|remorse
940,27,neutral,0|4|10|17|25,admiration|approval|disapproval|joy|sadness
941,27,neutral,1|2|7|17|18|20|27,amusement|anger|curiosity|joy|love|optimism|neutral
942,5,caring,1|7|9|11|15|17|18|25|26,amusement|curiosity|disappointment|disgust|gratitude|joy|love|sadness|surprise
943,27,neutral,1|2|15|18|20,amusement|anger|gratitude|love|optimism
944,5,caring,1|5|20|27,amusement|caring|optimism|neutral
945,27,neutral,0|7|15|25,admiration|curiosity|gratitude|sadness
946,2,anger,0|1|13|26,admiration|amusement|excitement|surprise
947,4,approval,8|17|18|25|26|27,desire|joy|love|sadness|surprise|neutral
948,20,optimism,0|2|4|5|7|8|14|15|20|22|26,admiration|anger|approval|caring|curiosity|desire|fear|gratitude|optimism|realization|surprise
949,15,gratitude,0|1|3|10|15|18,admiration|amusement|annoyance|disapproval|gratitude|love
950,10,disapproval,0|4|7|10|17|25|26,admiration|approval|curiosity|disapproval|joy|sadness|surprise
951,9,disappointment,0|2|4|5|13|15|22,admiration|anger|approval|caring|excitement|gratitude|realization
952,7,curiosity,6|7|8|10|15|20|22|26,confusion|curiosity|desire|disapproval|gratitude|optimism|realization|surprise
953,1|13,amusement|excitement,1|2|4|10|15|18|26|27,amusement|anger|approval|disapproval|gratitude|love|surprise|neutral
954,4,approval,0|1|2|4|8|10|11|15|23|26,admiration|amusement|anger|approval|desire|disapproval|disgust|gratitude|relief|surprise
955,10,disapproval,4|5|7|8|9|14|15|18|20|22|27,approval|caring|curiosity|desire|disappointment|fear|gratitude|love|optimism|realization|neutral
956,27,neutral,0|2|5|17|25|26|27,admiration|anger|caring|joy|sadness|surprise|neutral
957,27,neutral,0|11|13|14|17|18|26,admiration|disgust|excitement|fear|joy|love|surprise
958,3|4,annoyance|approval,1|4|5|6|7|10|13|15|17|27,amusement|approval|caring|confusion|curiosity|disapproval|excitement|gratitude|joy|neutral
959,2,anger,2|4|17|25|26|27,anger|approval|joy|sadness|surprise|neutral
960,27,neutral,2|3|4|13|14|17|22|27,anger|annoyance|approval|excitement|fear|joy|realization|neutral
961,3,annoyance,0|20|22|27,admiration|optimism|realization|neutral
962,27,neutral,1|2|5|14|15|17|27,amusement|anger|caring|fear|gratitude|joy|neutral
963,4,approval,0|3|6|7|9|11|17|18|25,admiration|annoyance|confusion|curiosity|disappointment|disgust|joy|love|sadness
964,17,joy,1|2|5|18|23|27,amusement|anger|caring|love|relief|neutral
965,10,disapproval,1|2|4|7|8|10|11|15|27,amusement|anger|approval|curiosity|desire|disapproval|disgust|gratitude|neutral
966,27,neutral,0|2|4|6|10|15|17|18|25,admiration|anger|approval|confusion|disapproval|gratitude|joy|love|sadness
967,18,love,0|6|9|15,admiration|confusion|disappointment|gratitude
968,27,neutral,4|5|7|17|22|27,approval|caring|curiosity|joy|realization|neutral
969,15|23,gratitude|relief,0|1|3|4|6|7|9|17|18|22|26,admiration|amusement|annoyance|approval|confusion|curiosity|disappointment|joy|love|realization|surprise
970,15,gratitude,0|1|3|9|10|11|18|25,admiration|amusement|annoyance|disappointment|disapproval|disgust|love|sadness
971,10,disapproval,0|7|10|13|15|18|20|25|27,admiration|curiosity|disapproval|excitement|gratitude|love|optimism|sadness|neutral
972,27,neutral,3|5|6|10|14|22,annoyance|caring|confusion|disapproval|fear|realization
973,27,neutral,27,neutral
974,4,approval,1|8|9|10|11|15|17|18|22,amusement|desire|disappointment|disapproval|disgust|gratitude|joy|love|realization
975,3|27,annoyance|neutral,0|3|4|20,admiration|annoyance|approval|optimism
976,24,remorse,4|6|8|17|18|20|24|27,approval|confusion|desire|joy|love|optimism|remorse|neutral
977,27,neutral,17|27,joy|neutral
978,4|22,approval|realization,1|5|10|22|24|25|26,amusement|caring|disapproval|realization|remorse|sadness|surprise
979,0|17,admiration|joy,0|5|6|7|15|27,admiration|caring|confusion|curiosity|gratitude|neutral
980,0|9|10,admiration|disappointment|disapproval,1|4|15|18|26|27,amusement|approval|gratitude|love|surprise|neutral
981,5,caring,1|3|7|18|26|27,amusement|annoyance|curiosity|love|surprise|neutral
982,25,sadness,5|11|12|15|20|22,caring|disgust|embarrassment|gratitude|optimism|realization
983,27,neutral,0|2|4|6|20|25,admiration|anger|approval|confusion|optimism|sadness
984,15,gratitude,0|3|7|9|10|18|27,admiration|annoyance|curiosity|disappointment|disapproval|love|neutral
985,0|9|15,admiration|disappointment|gratitude,4|7|8|10|26,approval|curiosity|desire|disapproval|surprise
986,9,disappointment,3|5|12|13|14|20,annoyance|caring|embarrassment|excitement|fear|optimism
987,24,remorse,3|27,annoyance|neutral
988,11,disgust,1|4|9|10|22|27,amusement|approval|disappointment|disapproval|realization|neutral
989,27,neutral,1|3|4|15,amusement|annoyance|approval|gratitude
990,0,admiration,0|8|10|13|18,admiration|desire|disapproval|excitement|love
991,27,neutral,4|6|9|22,approval|confusion|disappointment|realization
992,15,gratitude,7|9|27,curiosity|disappointment|neutral
993,27,neutral,1|2|3|9|11|13|14|15|18|20,amusement|anger|annoyance|disappointment|disgust|excitement|fear|gratitude|love|optimism
994,27,neutral,3|6|7|9|11|14|17|18|20|26,annoyance|confusion|curiosity|disappointment|disgust|fear|joy|love|optimism|surprise
995,27,neutral,0|3|6|8|10|21|22|27,admiration|annoyance|confusion|desire|disapproval|pride|realization|neutral
996,27,neutral,5|6|7|10|14|27,caring|confusion|curiosity|disapproval|fear|neutral
997,27,neutral,0|3|6|7|17|20|23,admiration|annoyance|confusion|curiosity|joy|optimism|relief
998,15,gratitude,0|3|4|10|13|18|25,admiration|annoyance|approval|disapproval|excitement|love|sadness
999,2|15,anger|gratitude,0|5|7|11|20|26|27,admiration|caring|curiosity|disgust|optimism|surprise|neutral
1000,1|7,amusement|curiosity,1|5|26|27,amusement|caring|surprise|neutral
1001,18,love,10|14|17|27,disapproval|fear|joy|neutral
1002,2,anger,0|8|13|15|17|20|25|27,admiration|desire|excitement|gratitude|joy|optimism|sadness|neutral
1003,3|6|18,annoyance|confusion|love,7|11|17|22|24|27,curiosity|disgust|joy|realization|remorse|neutral
1004,27,neutral,2|4|5|6|7|13|14|27,anger|approval|caring|confusion|curiosity|excitement|fear|neutral
1005,9|10,disappointment|disapproval,3|6|13|17|18|22|27,annoyance|confusion|excitement|joy|love|realization|neutral
1006,26,surprise,1|3|4|5|7|10|15|17|18,amusement|annoyance|approval|caring|curiosity|disapproval|gratitude|joy|love
1007,27,neutral,6|8|11|15|20|25,confusion|desire|disgust|gratitude|optimism|sadness
1008,17,joy,0|5|13|17|18|20|25|26,admiration|caring|excitement|joy|love|optimism|sadness|surprise
1009,27,neutral,1|12|17|25,amusement|embarrassment|joy|sadness
1010,7,curiosity,0|4|6|17|18|25,admiration|approval|confusion|joy|love|sadness
1011,27,neutral,3|4|6|7|14|20,annoyance|approval|confusion|curiosity|fear|optimism
1012,17,joy,0|3|4|6|17|27,admiration|annoyance|approval|confusion|joy|neutral
1013,0,admiration,0|2|7|11|15|17|27,admiration|anger|curiosity|disgust|gratitude|joy|neutral
1014,27,neutral,1|4|5|10|17,amusement|approval|caring|disapproval|joy
1015,27,neutral,4|5|11|15|17|27,approval|caring|disgust|gratitude|joy|neutral
1016,27,neutral,6|8|15|17|22,confusion|desire|gratitude|joy|realization
1017,27,neutral,1|4|10|14|17|18|22,amusement|approval|disapproval|fear|joy|love|realization
1018,27,neutral,2|5|10|20|22|27,anger|caring|disapproval|optimism|realization|neutral
1019,2|3,anger|annoyance,3|4|8|9|17|27,annoyance|approval|desire|disappointment|joy|neutral
1020,12,embarrassment,1|9|13|17|18|22|25,amusement|disappointment|excitement|joy|love|realization|sadness
1021,2|11,anger|disgust,4|10|11|13,approval|disapproval|disgust|excitement
1022,7,curiosity,1|6|9|18|20|22|25,amusement|confusion|disappointment|love|optimism|realization|sadness
1023,7,curiosity,0|1|3|7|8|14|15|26,admiration|amusement|annoyance|curiosity|desire|fear|gratitude|surprise
1024,18,love,0|1|10|18|20|22|24,admiration|amusement|disapproval|love|optimism|realization|remorse
1025,27,neutral,1|2|8|9|10|25|26,amusement|anger|desire|disappointment|disapproval|sadness|surprise
1026,25,sadness,0|3|5|6|10|20,admiration|annoyance|caring|confusion|disapproval|optimism
1027,9,disappointment,4|6|7|8|14|22|25,approval|confusion|curiosity|desire|fear|realization|sadness
1028,1|4|13|17,amusement|approval|excitement|joy,2|3|4|7|13|20,anger|annoyance|approval|curiosity|excitement|optimism
1029,9,disappointment,1|3|10|15|17|20|26,amusement|annoyance|disapproval|gratitude|joy|optimism|surprise
1030,27,neutral,1|10|25|27,amusement|disapproval|sadness|neutral
1031,9,disappointment,0|1|2|17|20|22,admiration|amusement|anger|joy|optimism|realization
1032,20,optimism,0|3|4|6|7|9|11|14|15|18|25,admiration|annoyance|approval|confusion|curiosity|disappointment|disgust|fear|gratitude|love|sadness
1033,10,disapproval,0|1|2|3|5|7|10|11|18|20|26,admiration|amusement|anger|annoyance|caring|curiosity|disapproval|disgust|love|optimism|surprise
1034,3,annoyance,2|3|10|15|17|22|25|26|27,anger|annoyance|disapproval|gratitude|joy|realization|sadness|surprise|neutral
1035,0,admiration,0|2|3|13|25|27,admiration|anger|annoyance|excitement|sadness|neutral
1036,0,admiration,0|10|14|27,admiration|disapproval|fear|neutral
1037,0|4,admiration|approval,0|6|8|10|11|20|22|25,admiration|confusion|desire|disapproval|disgust|optimism|realization|sadness
1038,20|27,optimism|neutral,1|2|6|7|9|11|18|25,amusement|anger|confusion|curiosity|disappointment|disgust|love|sadness
1039,4,approval,3|4|6|7|25|27,annoyance|approval|confusion|curiosity|sadness|neutral
1040,7,curiosity,2|5|7|10|11|25,anger|caring|curiosity|disapproval|disgust|sadness
1041,26,surprise,0|4|10|20|23|25|27,admiration|approval|disapproval|optimism|relief|sadness|neutral
1042,3,annoyance,0|3|5|6|7|10|15|17|18|26|27,admiration|annoyance|caring|confusion|curiosity|disapproval|gratitude|joy|love|surprise|neutral
1043,1,amusement,0|3|13|18|27,admiration|annoyance|excitement|love|neutral
1044,27,neutral,2|4|7|8|17|26|27,anger|approval|curiosity|desire|joy|surprise|neutral
1045,27,neutral,14|15|18|25,fear|gratitude|love|sadness
1046,10,disapproval,0|4|9,admiration|approval|disappointment
1047,27,neutral,1|17|22|24|25|27,amusement|joy|realization|remorse|sadness|neutral
1048,27,neutral,2|6|13|20|27,anger|confusion|excitement|optimism|neutral
1049,10|18,disapproval|love,1|3|4|8|10|18|22|27,amusement|annoyance|approval|desire|disapproval|love|realization|neutral
1050,27,neutral,3|6|17|18|27,annoyance|confusion|joy|love|neutral
1051,6,confusion,6|10|11|22|24|27,confusion|disapproval|disgust|realization|remorse|neutral
1052,27,neutral,0|1|2|4|5|7|8|11|15|25,admiration|amusement|anger|approval|caring|curiosity|desire|disgust|gratitude|sadness
1053,1,amusement,0|1|7|11|15|18|26|27,admiration|amusement|curiosity|disgust|gratitude|love|surprise|neutral
1054,27,neutral,0|7|25,admiration|curiosity|sadness
1055,27,neutral,3|4|5|8|18|20|22|24|27,annoyance|approval|caring|desire|love|optimism|realization|remorse|neutral
1056,10,disapproval,0|2|3|6|10|13|15,admiration|anger|annoyance|confusion|disapproval|excitement|gratitude
1057,0,admiration,3|7|22|27,annoyance|curiosity|realization|neutral
1058,17,joy,0|3|4|7|15|25|26|27,admiration|annoyance|approval|curiosity|gratitude|sadness|surprise|neutral
1059,9,disappointment,0|4|6|18,admiration|approval|confusion|love
1060,5,caring,5|9|10|20|22|27,caring|disappointment|disapproval|optimism|realization|neutral
1061,3,annoyance,0|2|7|9|10|11|25,admiration|anger|curiosity|disappointment|disapproval|disgust|sadness
1062,2|3,anger|annoyance,1|6|7|11|14|15|25,amusement|confusion|curiosity|disgust|fear|gratitude|sadness
1063,2|3,anger|annoyance,0|1|2|10|15|22|25,admiration|amusement|anger|disapproval|gratitude|realization|sadness
1064,3,annoyance,0|2|6|9|13|17|20|27,admiration|anger|confusion|disappointment|excitement|joy|optimism|neutral
1065,18,love,1|2|4|17|18,amusement|anger|approval|joy|love
1066,2,anger,3|4|9|10|27,annoyance|approval|disappointment|disapproval|neutral
1067,10|18,disapproval|love,1|5|7|8|18|20|25,amusement|caring|curiosity|desire|love|optimism|sadness
1068,10,disapproval,0|7|8|10|18|20|27,admiration|curiosity|desire|disapproval|love|optimism|neutral
1069,9,disappointment,0|2|4|13|26|27,admiration|anger|approval|excitement|surprise|neutral
1070,27,neutral,1|2|3|7|11|18|27,amusement|anger|annoyance|curiosity|disgust|love|neutral
1071,0,admiration,4|7|9|18|27,approval|curiosity|disappointment|love|neutral
1072,1,amusement,0|1|7|17|18|27,admiration|amusement|curiosity|joy|love|neutral
1073,4,approval,1|2|3|6|20|24,amusement|anger|annoyance|confusion|optimism|remorse
1074,27,neutral,1|3|5|26,amusement|annoyance|caring|surprise
1075,27,neutral,0|1|2|3|11|13|17|20|22|25|26,admiration|amusement|anger|annoyance|disgust|excitement|joy|optimism|realization|sadness|surprise
1076,0,admiration,2|4|5|17,anger|approval|caring|joy
1077,27,neutral,1|3|4|7|9|11|22|26|27,amusement|annoyance|approval|curiosity|disappointment|disgust|realization|surprise|neutral
1078,27,neutral,7|22,curiosity|realization
1079,27,neutral,0|2|4|10|17|18|24|25,admiration|anger|approval|disapproval|joy|love|remorse|sadness
1080,2,anger,1|5|9|10|13|18|20|22,amusement|caring|disappointment|disapproval|excitement|love|optimism|realization
1081,27,neutral,0|4|5|7|8|13|15|17,admiration|approval|caring|curiosity|desire|excitement|gratitude|joy
1082,15,gratitude,0|7|9|10|15|20,admiration|curiosity|disappointment|disapproval|gratitude|optimism
1083,27,neutral,1|2|18|25|27,amusement|anger|love|sadness|neutral
1084,18,love,0|1|3|7|8|15|20|24,admiration|amusement|annoyance|curiosity|desire|gratitude|optimism|remorse
1085,20,optimism,3|4|7|10|15|17|20|24|26,annoyance|approval|curiosity|disapproval|gratitude|joy|optimism|remorse|surprise
1086,1,amusement,0|1|4|9|15|20|25,admiration|amusement|approval|disappointment|gratitude|optimism|sadness
1087,22,realization,4|7|9|18|20|22|25|26,approval|curiosity|disappointment|love|optimism|realization|sadness|surprise
1088,27,neutral,0|10|14|18|25|27,admiration|disapproval|fear|love|sadness|neutral
1089,27,neutral,3|5|7|10|13|18,annoyance|caring|curiosity|disapproval|excitement|love
1090,12,embarrassment,1|2|5|6|10|18|20|21|22|25|27,amusement|anger|caring|confusion|disapproval|love|optimism|pride|realization|sadness|neutral
1091,1,amusement,1|3|27,amusement|annoyance|neutral
1092,26,surprise,2|3|9|10|15,anger|annoyance|disappointment|disapproval|gratitude
1093,27,neutral,1|4|7|9|15|22|25|26,amusement|approval|curiosity|disappointment|gratitude|realization|sadness|surprise
1094,0|2|18,admiration|anger|love,4|6|7|10|20|26|27,approval|confusion|curiosity|disapproval|optimism|surprise|neutral
1095,24,remorse,0|1|5|6|15|17|25|27,admiration|amusement|caring|confusion|gratitude|joy|sadness|neutral
1096,15,gratitude,0|1|3|5|7|9|14|15|17,admiration|amusement|annoyance|caring|curiosity|disappointment|fear|gratitude|joy
1097,27,neutral,7|9|13|22|26|27,curiosity|disappointment|excitement|realization|surprise|neutral
1098,15|18,gratitude|love,0|4|7|13|15|18|20|25,admiration|approval|curiosity|excitement|gratitude|love|optimism|sadness
1099,15,gratitude,6|10|14|18|20|27,confusion|disapproval|fear|love|optimism|neutral
1100,0|18,admiration|love,9|27,disappointment|neutral
1101,27,neutral,2|3|4|6|9|10|18|25,anger|annoyance|approval|confusion|disappointment|disapproval|love|sadness
1102,20,optimism,1|2|4|7|9|10|20|27,amusement|anger|approval|curiosity|disappointment|disapproval|optimism|neutral
1103,27,neutral,1|15|17|18|20|27,amusement|gratitude|joy|love|optimism|neutral
1104,0,admiration,1|2|13|18|20|24|25|26,amusement|anger|excitement|love|optimism|remorse|sadness|surprise
1105,0,admiration,0|2|7|8|13|14|20|24,admiration|anger|curiosity|desire|excitement|fear|optimism|remorse
1106,14,fear,9|17|20|22|27,disappointment|joy|optimism|realization|neutral
1107,27,neutral,3|6|7|10|11|12|25,annoyance|confusion|curiosity|disapproval|disgust|embarrassment|sadness
1108,15,gratitude,0|1|2|4|5|9|10|11|18|25,admiration|amusement|anger|approval|caring|disappointment|disapproval|disgust|love|sadness
1109,2,anger,0|4|9|13|17|22|25,admiration|approval|disappointment|excitement|joy|realization|sadness
1110,3|27,annoyance|neutral,0|6|18|25|26|27,admiration|confusion|love|sadness|surprise|neutral
1111,2,anger,1|7|9|11|27,amusement|curiosity|disappointment|disgust|neutral
1112,3,annoyance,0|1|3|15|27,admiration|amusement|annoyance|gratitude|neutral
1113,4|17|22|23,approval|joy|realization|relief,4|6|7|10|13|15|19|22,approval|confusion|curiosity|disapproval|excitement|gratitude|nervousness|realization
1114,0|11,admiration|disgust,2|3|6|10|11|15,anger|annoyance|confusion|disapproval|disgust|gratitude
1115,27,neutral,4|5|6|17|20|22|25|27,approval|caring|confusion|joy|optimism|realization|sadness|neutral
1116,9,disappointment,0|3|26|27,admiration|annoyance|surprise|neutral
1117,22,realization,0|3|4|9|17|20,admiration|annoyance|approval|disappointment|joy|optimism
1118,0,admiration,1|3|11|18|22|25|27,amusement|annoyance|disgust|love|realization|sadness|neutral
1119,27,neutral,2|4|6|10|15|22,anger|approval|confusion|disapproval|gratitude|realization
1120,27,neutral,3|4|8|11|17|18,annoyance|approval|desire|disgust|joy|love
1121,9,disappointment,1|2|3|5|15|25|26,amusement|anger|annoyance|caring|gratitude|sadness|surprise
1122,6,confusion,0|1|15|23|27,admiration|amusement|gratitude|relief|neutral
1123,7,curiosity,0|1|5|6|9|10|11|13|17|20|22,admiration|amusement|caring|confusion|disappointment|disapproval|disgust|excitement|joy|optimism|realization
1124,27,neutral,1|4|17|20|21|26,amusement|approval|joy|optimism|pride|surprise
1125,11,disgust,1|5|18|20|24|27,amusement|caring|love|optimism|remorse|neutral
1126,11,disgust,1|2|4|10|20|22,amusement|anger|approval|disapproval|optimism|realization
1127,11,disgust,0|2|3|6|9|18|26,admiration|anger|annoyance|confusion|disappointment|love|surprise
1128,18|20,love|optimism,0|3|9|11|22,admiration|annoyance|disappointment|disgust|realization
1129,4|27,approval|neutral,13|22|26|27,excitement|realization|surprise|neutral
1130,26,surprise,17|18|27,joy|love|neutral
1131,1,amusement,0|2|3|4|6|10|11|14|25,admiration|anger|annoyance|approval|confusion|disapproval|disgust|fear|sadness
1132,27,neutral,2|5|7|10|25|26|27,anger|caring|curiosity|disapproval|sadness|surprise|neutral
1133,0,admiration,0|4|10|18|27,admiration|approval|disapproval|love|neutral
1134,1,amusement,0|1|6|7|8,admiration|amusement|confusion|curiosity|desire
1135,20,optimism,0|2|6|7|10|19|27,admiration|anger|confusion|curiosity|disapproval|nervousness|neutral
1136,2|3,anger|annoyance,1|6|7|10|13|17|24,amusement|confusion|curiosity|disapproval|excitement|joy|remorse
1137,3,annoyance,0|15|17|19|27,admiration|gratitude|joy|nervousness|neutral
1138,1,amusement,0|1|3|4|5|7|9|10|11|17|18|20,admiration|amusement|annoyance|approval|caring|curiosity|disappointment|disapproval|disgust|joy|love|optimism
1139,15,gratitude,0|3|5|6|7|11|15|18|25,admiration|annoyance|caring|confusion|curiosity|disgust|gratitude|love|sadness
1140,27,neutral,1|4|5|6|12|13|14|17|22,amusement|approval|caring|confusion|embarrassment|excitement|fear|joy|realization
1141,15,gratitude,0|4|7|26,admiration|approval|curiosity|surprise
1142,20,optimism,3|6|10|13|14|15|25,annoyance|confusion|disapproval|excitement|fear|gratitude|sadness
1143,27,neutral,0|1|2|3|8|11|17|18|25,admiration|amusement|anger|annoyance|desire|disgust|joy|love|sadness
1144,8,desire,1|6|7|9|27,amusement|confusion|curiosity|disappointment|neutral
1145,18,love,2|4|10|11|14|15|17|18|22|25|27,anger|approval|disapproval|disgust|fear|gratitude|joy|love|realization|sadness|neutral
1146,26,surprise,9|17|22|26|27,disappointment|joy|realization|surprise|neutral
1147,11,disgust,0|1|5|17|22,admiration|amusement|caring|joy|realization
1148,27,neutral,2|3|5|6|7|9|27,anger|annoyance|caring|confusion|curiosity|disappointment|neutral
1149,13|27,excitement|neutral,2|5|13|15|17|18|20,anger|caring|excitement|gratitude|joy|love|optimism
1150,27,neutral,10|13|18|27,disapproval|excitement|love|neutral
1151,27,neutral,0|1|4|5|15|26,admiration|amusement|approval|caring|gratitude|surprise
1152,15,gratitude,0|2|5|6|7|9|18,admiration|anger|caring|confusion|curiosity|disappointment|love
1153,9|18,disappointment|love,2|4|7|8|15|27,anger|approval|curiosity|desire|gratitude|neutral
1154,27,neutral,8|9|18|20|22|27,desire|disappointment|love|optimism|realization|neutral
1155,10,disapproval,1|2|3|6|10|27,amusement|anger|annoyance|confusion|disapproval|neutral
1156,4,approval,4|5|6|7|10|14|22|27,approval|caring|confusion|curiosity|disapproval|fear|realization|neutral
1157,27,neutral,3|10|13|17|27,annoyance|disapproval|excitement|joy|neutral
1158,27,neutral,2|6|8|10|15|17|18|27,anger|confusion|desire|disapproval|gratitude|joy|love|neutral
1159,2|18,anger|love,1|7|9|10|11|15|18|26,amusement|curiosity|disappointment|disapproval|disgust|gratitude|love|surprise
1160,0,admiration,1|5|6|11|13|15|25|27,amusement|caring|confusion|disgust|excitement|gratitude|sadness|neutral
1161,27,neutral,3|7|10|15|18|25|26,annoyance|curiosity|disapproval|gratitude|love|sadness|surprise
1162,15,gratitude,0|4|7|17|18|20,admiration|approval|curiosity|joy|love|optimism
1163,10,disapproval,2|7|13|17|20|27,anger|curiosity|excitement|joy|optimism|neutral
1164,27,neutral,0|4|6|27,admiration|approval|confusion|neutral
1165,1,amusement,2|3|9|15|24|25|27,anger|annoyance|disappointment|gratitude|remorse|sadness|neutral
1166,27,neutral,9|17|18,disappointment|joy|love
1167,0,admiration,1|6|11|15|20|22,amusement|confusion|disgust|gratitude|optimism|realization
1168,6,confusion,0|1|5|15|17|18|20|25|26,admiration|amusement|caring|gratitude|joy|love|optimism|sadness|surprise
1169,2,anger,2|3|6|7|8|9|13|18|25|26|27,anger|annoyance|confusion|curiosity|desire|disappointment|excitement|love|sadness|surprise|neutral
1170,3,annoyance,0|2|4|5|6|7|11|18|20|22|25,admiration|anger|approval|caring|confusion|curiosity|disgust|love|optimism|realization|sadness
1171,27,neutral,0|3|6|7|9|13|15|17|18,admiration|annoyance|confusion|curiosity|disappointment|excitement|gratitude|joy|love
1172,15,gratitude,0|1|2|3|5|7|8|12|22|25|26,admiration|amusement|anger|annoyance|caring|curiosity|desire|embarrassment|realization|sadness|surprise
1173,0,admiration,0|3|6|14|27,admiration|annoyance|confusion|fear|neutral
1174,4,approval,0|1|3|4|7|8|10|15|20|24|25|27,admiration|amusement|annoyance|approval|curiosity|desire|disapproval|gratitude|optimism|remorse|sadness|neutral
1175,18,love,2|5|15|20,anger|caring|gratitude|optimism
1176,1,amusement,6|9|13|20|25|27,confusion|disappointment|excitement|optimism|sadness|neutral
1177,4|22,approval|realization,2|4|6|10|13|27,anger|approval|confusion|disapproval|excitement|neutral
1178,0,admiration,0|1|2|3|4|10|15|20|25,admiration|amusement|anger|annoyance|approval|disapproval|gratitude|optimism|sadness
1179,27,neutral,0|1|2|3,admiration|amusement|anger|annoyance
1180,1,amusement,1|2|10|13|15|20|21|22,amusement|anger|disapproval|excitement|gratitude|optimism|pride|realization
1181,2|3,anger|annoyance,0|2|3|4|10|13|18,admiration|anger|annoyance|approval|disapproval|excitement|love
1182,27,neutral,0|2|4|15|18|25|27,admiration|anger|approval|gratitude|love|sadness|neutral
1183,13,excitement,5|8|15|27,caring|desire|gratitude|neutral
1184,0,admiration,2|3|6|9|10|15|17|18|20|24|25,anger|annoyance|confusion|disappointment|disapproval|gratitude|joy|love|optimism|remorse|sadness
1185,27,neutral,0|2|4|7|9|13|15|18|26|27,admiration|anger|approval|curiosity|disappointment|excitement|gratitude|love|surprise|neutral
1186,27,neutral,0|1|3|4|5|7|9|11|14|20,admiration|amusement|annoyance|approval|caring|curiosity|disappointment|disgust|fear|optimism
1187,10,disapproval,0|4|6|8|13|14|15|18,admiration|approval|confusion|desire|excitement|fear|gratitude|love
1188,27,neutral,1|4|7|10|15,amusement|approval|curiosity|disapproval|gratitude
1189,22,realization,1|4|5|6|8|9|10|13|27,amusement|approval|caring|confusion|desire|disappointment|disapproval|excitement|neutral
1190,26,surprise,0|1|4|7|8|15|20|22|26,admiration|amusement|approval|curiosity|desire|gratitude|optimism|realization|surprise
1191,3,annoyance,0|5|6|7|11|15|20|22,admiration|caring|confusion|curiosity|disgust|gratitude|optimism|realization
1192,27,neutral,3|4|8|9|10|13|18|19|22,annoyance|approval|desire|disappointment|disapproval|excitement|love|nervousness|realization
1193,27,neutral,3|7|18|24|26|27,annoyance|curiosity|love|remorse|surprise|neutral
1194,27,neutral,0|3|6|7|26|27,admiration|annoyance|confusion|curiosity|surprise|neutral
1195,20,optimism,0|1|3|4|6|10|17|18|22|26,admiration|amusement|annoyance|approval|confusion|disapproval|joy|love|realization|surprise
1196,13,excitement,1|2|4|10|13|26,amusement|anger|approval|disapproval|excitement|surprise
1197,5,caring,3|7|9|11|27,annoyance|curiosity|disappointment|disgust|neutral
1198,22,realization,2|5|7|9|10|20|26,anger|caring|curiosity|disappointment|disapproval|optimism|surprise
1199,6|27,confusion|neutral,1|3|6|7|8|10|26,amusement|annoyance|confusion|curiosity|desire|disapproval|surprise
1200,25,sadness,0|1|7|20|22,admiration|amusement|curiosity|optimism|realization
1201,0,admiration,1|4|10|14|17|27,amusement|approval|disapproval|fear|joy|neutral
1202,9,disappointment,1|2|15|25|26,amusement|anger|gratitude|sadness|surprise
1203,21,pride,5|25|27,caring|sadness|neutral
1204,1,amusement,0|8|9|13|26|27,admiration|desire|disappointment|excitement|surprise|neutral
1205,0,admiration,0|3|15|17|26|27,admiration|annoyance|gratitude|joy|surprise|neutral
1206,15,gratitude,1|5|6|8|10|15|18|27,amusement|caring|confusion|desire|disapproval|gratitude|love|neutral
1207,10,disapproval,1|4|6|13|15|25,amusement|approval|confusion|excitement|gratitude|sadness
1208,27,neutral,10|15|22|25,disapproval|gratitude|realization|sadness
1209,18,love,3|5|7|9|14|15|22|25,annoyance|caring|curiosity|disappointment|fear|gratitude|realization|sadness
1210,15,gratitude,3|4|7|10|25|27,annoyance|approval|curiosity|disapproval|sadness|neutral
1211,7|27,curiosity|neutral,0|9|10|18,admiration|disappointment|disapproval|love
1212,17,joy,1|4|7|9|25|27,amusement|approval|curiosity|disappointment|sadness|neutral
1213,17,joy,0|2|4|13|17|25|26,admiration|anger|approval|excitement|joy|sadness|surprise
1214,2,anger,1|4|5|15|18|20,amusement|approval|caring|gratitude|love|optimism
1215,0,admiration,0|1|7|8|10|15|18|19|25|27,admiration|amusement|curiosity|desire|disapproval|gratitude|love|nervousness|sadness|neutral
1216,27,neutral,4|7|15|18|25|27,approval|curiosity|gratitude|love|sadness|neutral
1217,1,amusement,0|3|6|13|27,admiration|annoyance|confusion|excitement|neutral
1218,25,sadness,0|4|15|20|27,admiration|approval|gratitude|optimism|neutral
1219,1,amusement,0|5|10|13|15|17|18|25|27,admiration|caring|disapproval|excitement|gratitude|joy|love|sadness|neutral
1220,18,love,0|2|3|9|10|17|25,admiration|anger|annoyance|disappointment|disapproval|joy|sadness
1221,15,gratitude,0|1|3|8|10|14|17|20|25,admiration|amusement|annoyance|desire|disapproval|fear|joy|optimism|sadness
1222,26,surprise,0|2|5|17|25|27,admiration|anger|caring|joy|sadness|neutral
1223,18,love,0|7|8|13|14|26|27,admiration|curiosity|desire|excitement|fear|surprise|neutral
1224,18,love,6|10|17|22|27,confusion|disapproval|joy|realization|neutral
1225,27,neutral,4|5|6|9|17|25,approval|caring|confusion|disappointment|joy|sadness
1226,0,admiration,0|1|9|10|11|13|14|15|20,admiration|amusement|disappointment|disapproval|disgust|excitement|fear|gratitude|optimism
1227,17,joy,0|8|13|15|17|18|25,admiration|desire|excitement|gratitude|joy|love|sadness
1228,27,neutral,1|4|8|18|20|24|25|27,amusement|approval|desire|love|optimism|remorse|sadness|neutral
1229,24,remorse,9|10|15|18|26|27,disappointment|disapproval|gratitude|love|surprise|neutral
1230,27,neutral,4|6|7|15|17|18,approval|confusion|curiosity|gratitude|joy|love
1231,27,neutral,1|4|7|8|9|13|22,amusement|approval|curiosity|desire|disappointment|excitement|realization
1232,27,neutral,0|2|8|10|13|20|26|27,admiration|anger|desire|disapproval|excitement|optimism|surprise|neutral
1233,10,disapproval,4|10|26,approval|disapproval|surprise
1234,27,neutral,4|5|7|9|11|15|25,approval|caring|curiosity|disappointment|disgust|gratitude|sadness
1235,0,admiration,12|13|18|20|27,embarrassment|excitement|love|optimism|neutral
1236,15,gratitude,0|9|10|17,admiration|disappointment|disapproval|joy
1237,3,annoyance,0|4|6|7|9|11|13|18|20,admiration|approval|confusion|curiosity|disappointment|disgust|excitement|love|optimism
1238,1,amusement,9|14|20|22|23,disappointment|fear|optimism|realization|relief
1239,27,neutral,2|3|8|15,anger|annoyance|desire|gratitude
1240,27,neutral,2|4|6|10|14|20,anger|approval|confusion|disapproval|fear|optimism
1241,27,neutral,0|9|22|27,admiration|disappointment|realization|neutral
1242,27,neutral,0|3|11|25,admiration|annoyance|disgust|sadness
1243,27,neutral,2|6|9|14|15|17|18|26,anger|confusion|disappointment|fear|gratitude|joy|love|surprise
1244,15,gratitude,3|4|10|15|20,annoyance|approval|disapproval|gratitude|optimism
1245,1|20,amusement|optimism,0|4|5|6|7|9|10|11|20,admiration|approval|caring|confusion|curiosity|disappointment|disapproval|disgust|optimism
1246,1|22,amusement|realization,0|4|9|13|15|20|22,admiration|approval|disappointment|excitement|gratitude|optimism|realization
1247,15,gratitude,2|3|6|7|11|15|17|22|26|27,anger|annoyance|confusion|curiosity|disgust|gratitude|joy|realization|surprise|neutral
1248,0|16|25,admiration|grief|sadness,0|2|3|4|5|10|13|15|18|22,admiration|anger|annoyance|approval|caring|disapproval|excitement|gratitude|love|realization
1249,18,love,0|1|18|20,admiration|amusement|love|optimism
1250,27,neutral,3|6|10|15|26|27,annoyance|confusion|disapproval|gratitude|surprise|neutral
1251,27,neutral,3|5|6|20|27,annoyance|caring|confusion|optimism|neutral
1252,3,annoyance,3|5|15|20|27,annoyance|caring|gratitude|optimism|neutral
1253,27,neutral,0|2|13|15|17|22,admiration|anger|excitement|gratitude|joy|realization
1254,0,admiration,11|25|27,disgust|sadness|neutral
1255,27,neutral,0|1|3|4|6|17|21,admiration|amusement|annoyance|approval|confusion|joy|pride
1256,27,neutral,2|7|25|27,anger|curiosity|sadness|neutral
1257,1,amusement,1|2|6|10|14|17,amusement|anger|confusion|disapproval|fear|joy
1258,7,curiosity,6|7|9|17|18|22|24|25,confusion|curiosity|disappointment|joy|love|realization|remorse|sadness
1259,5,caring,1|4|5|15|17|27,amusement|approval|caring|gratitude|joy|neutral
1260,15|18,gratitude|love,0|6|7|26|27,admiration|confusion|curiosity|surprise|neutral
1261,6,confusion,4|6|7|8|18|25,approval|confusion|curiosity|desire|love|sadness
1262,4,approval,11|22,disgust|realization
1263,27,neutral,7|10|22|27,curiosity|disapproval|realization|neutral
1264,27,neutral,0|1|2|7|8|14|15|18|22,admiration|amusement|anger|curiosity|desire|fear|gratitude|love|realization
1265,0|4,admiration|approval,3|5|7|10|14|17|25|26,annoyance|caring|curiosity|disapproval|fear|joy|sadness|surprise
1266,27,neutral,0|6|10|14|22|24|27,admiration|confusion|disapproval|fear|realization|remorse|neutral
1267,27,neutral,2|3|4|7|9,anger|annoyance|approval|curiosity|disappointment
1268,27,neutral,0|2|4|5|8|10|15|18|20|22,admiration|anger|approval|caring|desire|disapproval|gratitude|love|optimism|realization
1269,27,neutral,0|1|10|18|26|27,admiration|amusement|disapproval|love|surprise|neutral
1270,0,admiration,1|3|9|10|11|15,amusement|annoyance|disappointment|disapproval|disgust|gratitude
1271,27,neutral,2|3|7|17|27,anger|annoyance|curiosity|joy|neutral
1272,1|20,amusement|optimism,3|11,annoyance|disgust
1273,27,neutral,0|1|2|4|17|25,admiration|amusement|anger|approval|joy|sadness
1274,11,disgust,0|4|6|7|10|27,admiration|approval|confusion|curiosity|disapproval|neutral
1275,27,neutral,4|5|6|7|8|20,approval|caring|confusion|curiosity|desire|optimism
1276,4,approval,0|4|5|10|13|20|24|26,admiration|approval|caring|disapproval|excitement|optimism|remorse|surprise
1277,6,confusion,1|3|7|15|17,amusement|annoyance|curiosity|gratitude|joy
1278,27,neutral,0|3|7|9|15|17|22,admiration|annoyance|curiosity|disappointment|gratitude|joy|realization
1279,0,admiration,0|4|9|15|20|24|26|27,admiration|approval|disappointment|gratitude|optimism|remorse|surprise|neutral
1280,27,neutral,2|9|10|27,anger|disappointment|disapproval|neutral
1281,4|14,approval|fear,0|1|2|7,admiration|amusement|anger|curiosity
1282,0,admiration,0|6|7|13|18,admiration|confusion|curiosity|excitement|love
1283,4,approval,0|2|3|4|8|10|18|20|22|25,admiration|anger|annoyance|approval|desire|disapproval|love|optimism|realization|sadness
1284,10,disapproval,0|4|5|6|7|8|9|18|24|25,admiration|approval|caring|confusion|curiosity|desire|disappointment|love|remorse|sadness
1285,3,annoyance,2|15|18|27,anger|gratitude|love|neutral
1286,27,neutral,1|2|4|8|9|13|25,amusement|anger|approval|desire|disappointment|excitement|sadness
1287,27,neutral,1|15|18|20|26|27,amusement|gratitude|love|optimism|surprise|neutral
1288,13|27,excitement|neutral,1|4|7|9|10|11|15|18|24,amusement|approval|curiosity|disappointment|disapproval|disgust|gratitude|love|remorse
1289,27,neutral,1|2|6|15|17|18,amusement|anger|confusion|gratitude|joy|love
1290,15,gratitude,0|5|6|25|26|27,admiration|caring|confusion|sadness|surprise|neutral
1291,27,neutral,0|4|13|27,admiration|approval|excitement|neutral
1292,27,neutral,0|2|5|17|18|20,admiration|anger|caring|joy|love|optimism
1293,20,optimism,4|10|17|18,approval|disapproval|joy|love
1294,9,disappointment,0|6|8|9|12|20|25,admiration|confusion|desire|disappointment|embarrassment|optimism|sadness
1295,11|27,disgust|neutral,3|5|7|18|27,annoyance|caring|curiosity|love|neutral
1296,7,curiosity,0|1|4|6|7|11|20|22|24|25|27,admiration|amusement|approval|confusion|curiosity|disgust|optimism|realization|remorse|sadness|neutral
1297,17,joy,1|6|7|9|15|17|22|27,amusement|confusion|curiosity|disappointment|gratitude|joy|realization|neutral
1298,20,optimism,0|1|2|5|10|14|15|17|24,admiration|amusement|anger|caring|disapproval|fear|gratitude|joy|remorse
1299,10,disapproval,0|1|3|17|18|20,admiration|amusement|annoyance|joy|love|optimism
1300,10|27,disapproval|neutral,5|8|9|10|12|13|22|25,caring|desire|disappointment|disapproval|embarrassment|excitement|realization|sadness
1301,20,optimism,1|2|3|8|15|20|26,amusement|anger|annoyance|desire|gratitude|optimism|surprise
1302,27,neutral,7|10|18|22|25|27,curiosity|disapproval|love|realization|sadness|neutral
1303,22,realization,0|2|13|27,admiration|anger|excitement|neutral
1304,1,amusement,1|4|5|7|10|20|27,amusement|approval|caring|curiosity|disapproval|optimism|neutral
1305,27,neutral,2|3|4|5|9|11|17|27,anger|annoyance|approval|caring|disappointment|disgust|joy|neutral
1306,27,neutral,0|1|3|5|24|27,admiration|amusement|annoyance|caring|remorse|neutral
1307,15|18,gratitude|love,5|13|15|19|27,caring|excitement|gratitude|nervousness|neutral
1308,4,approval,0|2|4|7|10|15,admiration|anger|approval|curiosity|disapproval|gratitude
1309,20,optimism,4|6|7|8|14|26|27,approval|confusion|curiosity|desire|fear|surprise|neutral
1310,4|20,approval|optimism,0|6|9|10|14|20|22|24|25|27,admiration|confusion|disappointment|disapproval|fear|optimism|realization|remorse|sadness|neutral
1311,5,caring,0|1|2|3|4|5|7|9|13|22|25,admiration|amusement|anger|annoyance|approval|caring|curiosity|disappointment|excitement|realization|sadness
1312,2|3,anger|annoyance,1|9|14|25,amusement|disappointment|fear|sadness
1313,8,desire,1|4|9|10|11|20|22|26,amusement|approval|disappointment|disapproval|disgust|optimism|realization|surprise
1314,20,optimism,1|4|6|7|10|13|20|24,amusement|approval|confusion|curiosity|disapproval|excitement|optimism|remorse
1315,6,confusion,1|15|27,amusement|gratitude|neutral
1316,0,admiration,0|1|8|22|27,admiration|amusement|desire|realization|neutral
1317,0|17,admiration|joy,3|13|15|18|20|26|27,annoyance|excitement|gratitude|love|optimism|surprise|neutral
1318,27,neutral,2|9|22|26|27,anger|disappointment|realization|surprise|neutral
1319,27,neutral,0|1|2|4|9|14|17,admiration|amusement|anger|approval|disappointment|fear|joy
1320,7,curiosity,0|1|4|13|15|17|18|20|22,admiration|amusement|approval|excitement|gratitude|joy|love|optimism|realization
1321,27,neutral,1|3|8|10|17,amusement|annoyance|desire|disapproval|joy
1322,15,gratitude,2|7|10|11|26|27,anger|curiosity|disapproval|disgust|surprise|neutral
1323,4,approval,2|5|10|13|18|27,anger|caring|disapproval|excitement|love|neutral
1324,27,neutral,2|6|11|18|20|27,anger|confusion|disgust|love|optimism|neutral
1325,0|4,admiration|approval,0|2|3|4|7|10|15|17|20|22,admiration|anger|annoyance|approval|curiosity|disapproval|gratitude|joy|optimism|realization
1326,27,neutral,0|4|7|15|22|26,admiration|approval|curiosity|gratitude|realization|surprise
1327,15|18,gratitude|love,3|4|9|10|22|26|27,annoyance|approval|disappointment|disapproval|realization|surprise|neutral
1328,6,confusion,1|7|8|15|18|27,amusement|curiosity|desire|gratitude|love|neutral
1329,27,neutral,0|1|2|3|4|6|13|15|18|20|25,admiration|amusement|anger|annoyance|approval|confusion|excitement|gratitude|love|optimism|sadness
1330,27,neutral,8|10|13|15|20|27,desire|disapproval|excitement|gratitude|optimism|neutral
1331,8,desire,11|15|17|18|27,disgust|gratitude|joy|love|neutral
1332,3,annoyance,3|10,annoyance|disapproval
1333,20,optimism,0|2|4|5|13|14|18|22|25,admiration|anger|approval|caring|excitement|fear|love|realization|sadness
1334,0,admiration,1|2|3|6|15|18|19|27,amusement|anger|annoyance|confusion|gratitude|love|nervousness|neutral
1335,1|27,amusement|neutral,2|4|10|17|18|26|27,anger|approval|disapproval|joy|love|surprise|neutral
1336,0,admiration,1|5|10|13|17|19|25|26|27,amusement|caring|disapproval|excitement|joy|nervousness|sadness|surprise|neutral
1337,0,admiration,6|7,confusion|curiosity
1338,7,curiosity,7|17|18|22|24|26,curiosity|joy|love|realization|remorse|surprise
1339,9,disappointment,0|2|4|10|13|17|24|26|27,admiration|anger|approval|disapproval|excitement|joy|remorse|surprise|neutral
1340,4,approval,0|10|18|20|22|27,admiration|disapproval|love|optimism|realization|neutral
1341,1,amusement,2|4|10|15|27,anger|approval|disapproval|gratitude|neutral
1342,22,realization,0|2|17,admiration|anger|joy
1343,27,neutral,1|3|8|10|20|22|26,amusement|annoyance|desire|disapproval|optimism|realization|surprise
1344,20,optimism,3|4|6|7|9|13|15|18|22,annoyance|approval|confusion|curiosity|disappointment|excitement|gratitude|love|realization
1345,0,admiration,0|4|9|10|18|20,admiration|approval|disappointment|disapproval|love|optimism
1346,27,neutral,0|7|9|11|20|27,admiration|curiosity|disappointment|disgust|optimism|neutral
1347,27,neutral,0|4|9|22|27,admiration|approval|disappointment|realization|neutral
1348,27,neutral,6|7|8|10|20|26|27,confusion|curiosity|desire|disapproval|optimism|surprise|neutral
1349,1,amusement,1|10|15|17|20|26|27,amusement|disapproval|gratitude|joy|optimism|surprise|neutral
1350,15|20,gratitude|optimism,0|7|8|27,admiration|curiosity|desire|neutral
1351,13,excitement,0|15|20|25,admiration|gratitude|optimism|sadness
1352,27,neutral,4|10|13|22,approval|disapproval|excitement|realization
1353,2|3,anger|annoyance,1|2|5|9|26|27,amusement|anger|caring|disappointment|surprise|neutral
1354,10,disapproval,1|3|5|7|15|18|19|20|22|25,amusement|annoyance|caring|curiosity|gratitude|love|nervousness|optimism|realization|sadness
1355,3,annoyance,3|4|5|6|7|9|10|14|20|26,annoyance|approval|caring|confusion|curiosity|disappointment|disapproval|fear|optimism|surprise
1356,1,amusement,1|3|4|9|10|14|15,amusement|annoyance|approval|disappointment|disapproval|fear|gratitude
1357,0,admiration,1|2|4|10|13|15|18|20|24|27,amusement|anger|approval|disapproval|excitement|gratitude|love|optimism|remorse|neutral
1358,10,disapproval,3|8|11|27,annoyance|desire|disgust|neutral
1359,22,realization,0|1|10|13|27,admiration|amusement|disapproval|excitement|neutral
1360,10,disapproval,3|4|6|10|16|18,annoyance|approval|confusion|disapproval|grief|love
1361,15,gratitude,2|5|6|11|15|18|20|22|25|26,anger|caring|confusion|disgust|gratitude|love|optimism|realization|sadness|surprise
1362,27,neutral,1|3|5|20|22|27,amusement|annoyance|caring|optimism|realization|neutral
1363,2,anger,4|17|26,approval|joy|surprise
1364,10,disapproval,0|1|4|7|13|18|20|25|27,admiration|amusement|approval|curiosity|excitement|love|optimism|sadness|neutral
1365,1|27,amusement|neutral,2|4|5|6|8|10|15|17|20,anger|approval|caring|confusion|desire|disapproval|gratitude|joy|optimism
1366,9,disappointment,0|2|13|18|27,admiration|anger|excitement|love|neutral
1367,27,neutral,4|6|10|27,approval|confusion|disapproval|neutral
1368,27,neutral,0|1|4|14|20|26|27,admiration|amusement|approval|fear|optimism|surprise|neutral
1369,1|17,amusement|joy,0|2|3|5|20,admiration|anger|annoyance|caring|optimism
1370,3|27,annoyance|neutral,4|7|11|15,approval|curiosity|disgust|gratitude
1371,3|27,annoyance|neutral,1|10|14|20|24|27,amusement|disapproval|fear|optimism|remorse|neutral
1372,26,surprise,1|4|6|10|13|22|27,amusement|approval|confusion|disapproval|excitement|realization|neutral
1373,16,grief,3|8|10|11|20|27,annoyance|desire|disapproval|disgust|optimism|neutral
1374,6,confusion,0|1|9|13|18|20|27,admiration|amusement|disappointment|excitement|love|optimism|neutral
1375,0,admiration,3|4|9|17|18|20,annoyance|approval|disappointment|joy|love|optimism
1376,15|22,gratitude|realization,0|2|4|5|6|9|10|13|27,admiration|anger|approval|caring|confusion|disappointment|disapproval|excitement|neutral
1377,27,neutral,0|8|13|27,admiration|desire|excitement|neutral
1378,27,neutral,2|3|7|15|17|22|26,anger|annoyance|curiosity|gratitude|joy|realization|surprise
1379,24|25,remorse|sadness,4|6|18|20|25|27,approval|confusion|love|optimism|sadness|neutral
1380,10,disapproval,0|1|3|4|7|27,admiration|amusement|annoyance|approval|curiosity|neutral
1381,6,confusion,1|2|7|8|10|13|17|18|22|27,amusement|anger|curiosity|desire|disapproval|excitement|joy|love|realization|neutral
1382,3,annoyance,1|2|3|5|7|10|18|20|27,amusement|anger|annoyance|caring|curiosity|disapproval|love|optimism|neutral
1383,4,approval,1|3|4|10|11|18,amusement|annoyance|approval|disapproval|disgust|love
1384,8|16,desire|grief,1|4|6|7|14|15|17|18|20|26,amusement|approval|confusion|curiosity|fear|gratitude|joy|love|optimism|surprise
1385,15,gratitude,2|7|10|11|20|25|27,anger|curiosity|disapproval|disgust|optimism|sadness|neutral
1386,22,realization,0|1|4|5|17|22|27,admiration|amusement|approval|caring|joy|realization|neutral
1387,27,neutral,1|2|3|10|15|18|27,amusement|anger|annoyance|disapproval|gratitude|love|neutral
1388,4,approval,0|4|13|20|26,admiration|approval|excitement|optimism|surprise
1389,27,neutral,1|27,amusement|neutral
1390,27,neutral,4|11|15|18|20|25,approval|disgust|gratitude|love|optimism|sadness
1391,9|14,disappointment|fear,0|3|4|11|18|25,admiration|annoyance|approval|disgust|love|sadness
1392,2,anger,1|4|26|27,amusement|approval|surprise|neutral
1393,0,admiration,0|2|4|7|10|17|19|22|26|27,admiration|anger|approval|curiosity|disapproval|joy|nervousness|realization|surprise|neutral
1394,15,gratitude,0|1|7|15|17|18|20,admiration|amusement|curiosity|gratitude|joy|love|optimism
1395,17|22,joy|realization,4|9|10|11|14|15|20|25|26,approval|disappointment|disapproval|disgust|fear|gratitude|optimism|sadness|surprise
1396,2,anger,1|7|15,amusement|curiosity|gratitude
1397,20,optimism,2|4|6|10|11|20|27,anger|approval|confusion|disapproval|disgust|optimism|neutral
1398,27,neutral,1|2|4|5|6|10|13|18|22|27,amusement|anger|approval|caring|confusion|disapproval|excitement|love|realization|neutral
1399,1,amusement,0|1|2|4|5|10|15|18|25,admiration|amusement|anger|approval|caring|disapproval|gratitude|love|sadness
1400,11|14,disgust|fear,0|3|5|17|18|25|27,admiration|annoyance|caring|joy|love|sadness|neutral
1401,9,disappointment,3|6|15|18|22|27,annoyance|confusion|gratitude|love|realization|neutral
1402,0,admiration,1|2|10|11|27,amusement|anger|disapproval|disgust|neutral
1403,0,admiration,3|5|10|11|17|20|26|27,annoyance|caring|disapproval|disgust|joy|optimism|surprise|neutral
1404,18,love,4|5|7|11|18|20|26,approval|caring|curiosity|disgust|love|optimism|surprise
1405,5|6,caring|confusion,3|5|6|11|17,annoyance|caring|confusion|disgust|joy
1406,27,neutral,2|3|4|6|7|9|10|11|15|18|22,anger|annoyance|approval|confusion|curiosity|disappointment|disapproval|disgust|gratitude|love|realization
1407,2,anger,10|11|13|17,disapproval|disgust|excitement|joy
1408,0,admiration,2|5|6|7|9|10|15|17|25|26,anger|caring|confusion|curiosity|disappointment|disapproval|gratitude|joy|sadness|surprise
1409,27,neutral,26|27,surprise|neutral
1410,4,approval,2|9|10|26,anger|disappointment|disapproval|surprise
1411,18,love,2|10|13|15|18|20|27,anger|disapproval|excitement|gratitude|love|optimism|neutral
1412,27,neutral,0|3|4|6|7|9|18|25,admiration|annoyance|approval|confusion|curiosity|disappointment|love|sadness
1413,27,neutral,3|4|7|15|17|22|27,annoyance|approval|curiosity|gratitude|joy|realization|neutral
1414,17,joy,7|8|14|17|20|24|25|27,curiosity|desire|fear|joy|optimism|remorse|sadness|neutral
1415,20,optimism,0|1|2|4|5|7|17|22|26,admiration|amusement|anger|approval|caring|curiosity|joy|realization|surprise
1416,27,neutral,1|2|4|6|9|11|25,amusement|anger|approval|confusion|disappointment|disgust|sadness
1417,27,neutral,4|6|9|25|27,approval|confusion|disappointment|sadness|neutral
1418,27,neutral,7,curiosity
1419,26,surprise,0|1|3|4|10|11|20|27,admiration|amusement|annoyance|approval|disapproval|disgust|optimism|neutral
1420,27,neutral,0|2|4|9|11|13|20|22,admiration|anger|approval|disappointment|disgust|excitement|optimism|realization
1421,0,admiration,1|10|17|27,amusement|disapproval|joy|neutral
1422,20,optimism,4|5|7|9|17|18|20|25|27,approval|caring|curiosity|disappointment|joy|love|optimism|sadness|neutral
1423,27,neutral,1|2|10|18|20|26,amusement|anger|disapproval|love|optimism|surprise
1424,4|8,approval|desire,0|5|10|11|15|18,admiration|caring|disapproval|disgust|gratitude|love
1425,12,embarrassment,4|7|10|11|18|26|27,approval|curiosity|disapproval|disgust|love|surprise|neutral
1426,0,admiration,0|2|3|4|10|13|25,admiration|anger|annoyance|approval|disapproval|excitement|sadness
1427,4,approval,0,admiration
1428,15,gratitude,0|2|6|13|17|27,admiration|anger|confusion|excitement|joy|neutral
1429,16,grief,3|5|9|14|19|20|27,annoyance|caring|disappointment|fear|nervousness|optimism|neutral
1430,0|15,admiration|gratitude,0|1|4|5|13|15|27,admiration|amusement|approval|caring|excitement|gratitude|neutral
1431,3,annoyance,1|4|6|11|17|18|22|25,amusement|approval|confusion|disgust|joy|love|realization|sadness
1432,27,neutral,0|2|17|27,admiration|anger|joy|neutral
1433,20|21,optimism|pride,2|4|9|20|22|24|27,anger|approval|disappointment|optimism|realization|remorse|neutral
1434,2|9|22,anger|disappointment|realization,3|4|6|7|11|14|26|27,annoyance|approval|confusion|curiosity|disgust|fear|surprise|neutral
1435,0,admiration,1|2|3|5|27,amusement|anger|annoyance|caring|neutral
1436,1,amusement,0|11|20|27,admiration|disgust|optimism|neutral
1437,27,neutral,4|6|7|18|26|27,approval|confusion|curiosity|love|surprise|neutral
1438,11,disgust,2|3|6|10|15|20|27,anger|annoyance|confusion|disapproval|gratitude|optimism|neutral
1439,1,amusement,1|3|4|6|10|17|22,amusement|annoyance|approval|confusion|disapproval|joy|realization
1440,27,neutral,4|7|27,approval|curiosity|neutral
1441,9|25,disappointment|sadness,0|1|4|6|9|12|13|15,admiration|amusement|approval|confusion|disappointment|embarrassment|excitement|gratitude
1442,27,neutral,1|3|15|20|26,amusement|annoyance|gratitude|optimism|surprise
1443,15,gratitude,3|10|15|17|18|22|24|25,annoyance|disapproval|gratitude|joy|love|realization|remorse|sadness
1444,14,fear,2|3|4|5|7|10|14|15|18|20|27,anger|annoyance|approval|caring|curiosity|disapproval|fear|gratitude|love|optimism|neutral
1445,27,neutral,0|6|17|19|20|22|25|27,admiration|confusion|joy|nervousness|optimism|realization|sadness|neutral
1446,27,neutral,0|3|6|9|11|27,admiration|annoyance|confusion|disappointment|disgust|neutral
1447,7,curiosity,2|3|15|17|27,anger|annoyance|gratitude|joy|neutral
1448,0|27,admiration|neutral,0|6|25|27,admiration|confusion|sadness|neutral
1449,27,neutral,0|1|7|11|13|15|24|25,admiration|amusement|curiosity|disgust|excitement|gratitude|remorse|sadness
1450,11,disgust,0|10|15|24|25|27,admiration|disapproval|gratitude|remorse|sadness|neutral
1451,15,gratitude,2|3|6|7|18|22|25,anger|annoyance|confusion|curiosity|love|realization|sadness
1452,27,neutral,0|1|4|9|14|15|20,admiration|amusement|approval|disappointment|fear|gratitude|optimism
1453,27,neutral,0|1|8|26|27,admiration|amusement|desire|surprise|neutral
1454,7,curiosity,4|6|13|15,approval|confusion|excitement|gratitude
1455,27,neutral,1|2|3|27,amusement|anger|annoyance|neutral
1456,27,neutral,0|2|3|7|25|27,admiration|anger|annoyance|curiosity|sadness|neutral
1457,27,neutral,0|2|4|9|10|15,admiration|anger|approval|disappointment|disapproval|gratitude
1458,27,neutral,1|3|7|9|10|11|15|25,amusement|annoyance|curiosity|disappointment|disapproval|disgust|gratitude|sadness
1459,27,neutral,1|2|6|7|11|17|25,amusement|anger|confusion|curiosity|disgust|joy|sadness
1460,1,amusement,2|4|7|8|9|15|18|27,anger|approval|curiosity|desire|disappointment|gratitude|love|neutral
1461,27,neutral,3|5|10|13|20,annoyance|caring|disapproval|excitement|optimism
1462,3,annoyance,1|4|7|9|12|15|17,amusement|approval|curiosity|disappointment|embarrassment|gratitude|joy
1463,2,anger,0|2|3|5|7|9|10|13|15|18|27,admiration|anger|annoyance|caring|curiosity|disappointment|disapproval|excitement|gratitude|love|neutral
1464,1,amusement,2|7|13,anger|curiosity|excitement
1465,0,admiration,0|1|3|7|10|13|15,admiration|amusement|annoyance|curiosity|disapproval|excitement|gratitude
1466,27,neutral,1|2|5|7|11|13|22|27,amusement|anger|caring|curiosity|disgust|excitement|realization|neutral
1467,15|17,gratitude|joy,0|1|3|4|5|11|13|17|25|26|27,admiration|amusement|annoyance|approval|caring|disgust|excitement|joy|sadness|surprise|neutral
1468,3,annoyance,0|1|13|17|22|27,admiration|amusement|excitement|joy|realization|neutral
1469,18,love,1|5|8|9|15|19|25|27,amusement|caring|desire|disappointment|gratitude|nervousness|sadness|neutral
1470,15,gratitude,1|2|3|4|5|7|9|17|25,amusement|anger|annoyance|approval|caring|curiosity|disappointment|joy|sadness
1471,22,realization,11|13|15,disgust|excitement|gratitude
1472,9,disappointment,0|1|4|5|7|11|20|27,admiration|amusement|approval|caring|curiosity|disgust|optimism|neutral
1473,2,anger,8|9|11|20|22|27,desire|disappointment|disgust|optimism|realization|neutral
1474,0,admiration,0|1|13|27,admiration|amusement|excitement|neutral
1475,27,neutral,1|9|13|26|27,amusement|disappointment|excitement|surprise|neutral
1476,15,gratitude,6|8|10|15|20,confusion|desire|disapproval|gratitude|optimism
1477,27,neutral,3|7|9|11|13|20|26,annoyance|curiosity|disappointment|disgust|excitement|optimism|surprise
1478,6,confusion,1|4|7|10|17|20,amusement|approval|curiosity|disapproval|joy|optimism
1479,15,gratitude,0|15|20,admiration|gratitude|optimism
1480,19,nervousness,4|15|25|27,approval|gratitude|sadness|neutral
1481,27,neutral,0|1|6|8|9|10|15|25,admiration|amusement|confusion|desire|disappointment|disapproval|gratitude|sadness
1482,9,disappointment,1|2|3|4|5|6|7|15,amusement|anger|annoyance|approval|caring|confusion|curiosity|gratitude
1483,4,approval,0|1|4|7|11|17,admiration|amusement|approval|curiosity|disgust|joy
1484,18,love,0|3|6|8|10|18|22,admiration|annoyance|confusion|desire|disapproval|love|realization
1485,26,surprise,1|2|4|5|10|14|17|20|27,amusement|anger|approval|caring|disapproval|fear|joy|optimism|neutral
1486,4,approval,4|9|11|13,approval|disappointment|disgust|excitement
1487,27,neutral,1|10|22|25|27,amusement|disapproval|realization|sadness|neutral
1488,3|10,annoyance|disapproval,0|1|7|17|22,admiration|amusement|curiosity|joy|realization
1489,17,joy,0|2|27,admiration|anger|neutral
1490,27,neutral,10|25|27,disapproval|sadness|neutral
1491,27,neutral,2|4|7|10|15|18,anger|approval|curiosity|disapproval|gratitude|love
1492,27,neutral,8|9|10|11|25,desire|disappointment|disapproval|disgust|sadness
1493,14,fear,2|3|4|15|25|26|27,anger|annoyance|approval|gratitude|sadness|surprise|neutral
1494,27,neutral,3|6|7|9|14|25,annoyance|confusion|curiosity|disappointment|fear|sadness
1495,27,neutral,5|6|7|9|15|20,caring|confusion|curiosity|disappointment|gratitude|optimism
1496,26,surprise,0|5|8|15|18|25,admiration|caring|desire|gratitude|love|sadness
1497,22|24,realization|remorse,1|5|8|15|26,amusement|caring|desire|gratitude|surprise
1498,0,admiration,3|4|7|8|27,annoyance|approval|curiosity|desire|neutral
1499,9,disappointment,0|3|11|17|18|20|22|25,admiration|annoyance|disgust|joy|love|optimism|realization|sadness
1500,4,approval,2|5|8|18|27,anger|caring|desire|love|neutral
1501,15,gratitude,0|5|6|7|9|10|15|25|27,admiration|caring|confusion|curiosity|disappointment|disapproval|gratitude|sadness|neutral
1502,27,neutral,2|3|6|9|10|18|25|26,anger|annoyance|confusion|disappointment|disapproval|love|sadness|surprise
1503,6,confusion,0|1|7|10|15|20|24,admiration|amusement|curiosity|disapproval|gratitude|optimism|remorse
1504,0,admiration,1|7|14|17|18,amusement|curiosity|fear|joy|love
1505,27,neutral,0|3|4|5|6|10|11|15|18|20|25,admiration|annoyance|approval|caring|confusion|disapproval|disgust|gratitude|love|optimism|sadness
1506,27,neutral,0|1|15|26|27,admiration|amusement|gratitude|surprise|neutral
1507,3,annoyance,1|3|4|7|9|13|14|17|22|25|26,amusement|annoyance|approval|curiosity|disappointment|excitement|fear|joy|realization|sadness|surprise
1508,10,disapproval,2|6|13|17|22|25|27,anger|confusion|excitement|joy|realization|sadness|neutral
1509,15,gratitude,3|9|11|26,annoyance|disappointment|disgust|surprise
1510,20|25,optimism|sadness,1|5|6|7|9|11|15|16|17|18|20|22|24|25,amusement|caring|confusion|curiosity|disappointment|disgust|gratitude|grief|joy|love|optimism|realization|remorse|sadness
1511,26,surprise,0|2|9|10|15|18,admiration|anger|disappointment|disapproval|gratitude|love
1512,27,neutral,0|7|9|13|18,admiration|curiosity|disappointment|excitement|love
1513,15,gratitude,0|3|4|7|9|10|14|17|22|27,admiration|annoyance|approval|curiosity|disappointment|disapproval|fear|joy|realization|neutral
1514,15,gratitude,7|10|15|20,curiosity|disapproval|gratitude|optimism
1515,5,caring,0|1|2|5|8|9|10|11|13|22,admiration|amusement|anger|caring|desire|disappointment|disapproval|disgust|excitement|realization
1516,10,disapproval,0|2|4|5|18|20|25,admiration|anger|approval|caring|love|optimism|sadness
1517,27,neutral,2|4|6|25,anger|approval|confusion|sadness
1518,18,love,1|5|6|7|12|13|18|20|22,amusement|caring|confusion|curiosity|embarrassment|excitement|love|optimism|realization
1519,10,disapproval,1|2|3|7|18|20|22,amusement|anger|annoyance|curiosity|love|optimism|realization
1520,7,curiosity,0|7|15|18,admiration|curiosity|gratitude|love
1521,27,neutral,0|1|3|5|7|8|9|14|17|22|25,admiration|amusement|annoyance|caring|curiosity|desire|disappointment|fear|joy|realization|sadness
1522,27,neutral,5|7|15|25|27,caring|curiosity|gratitude|sadness|neutral
1523,27,neutral,0|1|2|3|4|5|9|17,admiration|amusement|anger|annoyance|approval|caring|disappointment|joy
1524,11|20,disgust|optimism,0|1|14|18|20,admiration|amusement|fear|love|optimism
1525,27,neutral,17|18,joy|love
1526,5,caring,4|8|9|15|17|24|25|26,approval|desire|disappointment|gratitude|joy|remorse|sadness|surprise
1527,0,admiration,0|5|9|14|27,admiration|caring|disappointment|fear|neutral
1528,27,neutral,4|5|6|7|10|18|22|26,approval|caring|confusion|curiosity|disapproval|love|realization|surprise
1529,15,gratitude,0|3|9|15|18|26|27,admiration|annoyance|disappointment|gratitude|love|surprise|neutral
1530,17,joy,0|1|2|4|5|15|27,admiration|amusement|anger|approval|caring|gratitude|neutral
1531,3,annoyance,3|9|17|27,annoyance|disappointment|joy|neutral
1532,4,approval,3|4|7|9|24,annoyance|approval|curiosity|disappointment|remorse
1533,27,neutral,0|4|9|10,admiration|approval|disappointment|disapproval
1534,20,optimism,4|9|13|20|25|27,approval|disappointment|excitement|optimism|sadness|neutral
1535,4,approval,0|1|20|27,admiration|amusement|optimism|neutral
1536,27,neutral,1|6|10|18|26,amusement|confusion|disapproval|love|surprise
1537,1,amusement,0|1|6|7|15|20,admiration|amusement|confusion|curiosity|gratitude|optimism
1538,24,remorse,4|18|22|26,approval|love|realization|surprise
1539,20,optimism,0|1|2|4|5|7|9|10|18|26,admiration|amusement|anger|approval|caring|curiosity|disappointment|disapproval|love|surprise
1540,18,love,0|2|9|17|24|25|26|27,admiration|anger|disappointment|joy|remorse|sadness|surprise|neutral
1541,27,neutral,0|1|4|5|15|19|27,admiration|amusement|approval|caring|gratitude|nervousness|neutral
1542,5,caring,0|2|3|8|10|11|13|14|17,admiration|anger|annoyance|desire|disapproval|disgust|excitement|fear|joy
1543,27,neutral,6|7|8|20|24,confusion|curiosity|desire|optimism|remorse
1544,18,love,0|3|5|7|9|10|18|20|25,admiration|annoyance|caring|curiosity|disappointment|disapproval|love|optimism|sadness
1545,17,joy,4|11|17|20|27,approval|disgust|joy|optimism|neutral
1546,15,gratitude,2|3|6|14|25|27,anger|annoyance|confusion|fear|sadness|neutral
1547,2|9,anger|disappointment,1|2|5|10|20|27,amusement|anger|caring|disapproval|optimism|neutral
1548,5,caring,2|5|7|15|25|27,anger|caring|curiosity|gratitude|sadness|neutral
1549,27,neutral,0|3|4|10|14|20,admiration|annoyance|approval|disapproval|fear|optimism
1550,0,admiration,1|2|4|15|25|26,amusement|anger|approval|gratitude|sadness|surprise
1551,19,nervousness,9|18|20|27,disappointment|love|optimism|neutral
1552,1,amusement,0|2|6|7|17|27,admiration|anger|confusion|curiosity|joy|neutral
1553,17,joy,2|11|20|27,anger|disgust|optimism|neutral
1554,13,excitement,1|11|13|17|18|22|25|26|27,amusement|disgust|excitement|joy|love|realization|sadness|surprise|neutral
1555,4,approval,0|2|4|10|15|25|26,admiration|anger|approval|disapproval|gratitude|sadness|surprise
1556,26,surprise,0|1|2|3|7|11|27,admiration|amusement|anger|annoyance|curiosity|disgust|neutral
1557,17|20,joy|optimism,7|10|14|15|20,curiosity|disapproval|fear|gratitude|optimism
1558,3|11,annoyance|disgust,1|3|4|9|11|15|17|25,amusement|annoyance|approval|disappointment|disgust|gratitude|joy|sadness
1559,4,approval,1|9|10|25|27,amusement|disappointment|disapproval|sadness|neutral
1560,17,joy,1|7|8|9|14|15|18|25|26,amusement|curiosity|desire|disappointment|fear|gratitude|love|sadness|surprise
1561,10,disapproval,0|7|10|13|27,admiration|curiosity|disapproval|excitement|neutral
1562,1,amusement,0|1|5|10|15|22|27,admiration|amusement|caring|disapproval|gratitude|realization|neutral
1563,8,desire,4|10|11|18|27,approval|disapproval|disgust|love|neutral
1564,15,gratitude,0|10|18,admiration|disapproval|love
1565,1,amusement,0|1|3|4|7|20|27,admiration|amusement|annoyance|approval|curiosity|optimism|neutral
1566,10|11,disapproval|disgust,0|1|4|17|25,admiration|amusement|approval|joy|sadness
1567,0,admiration,0|1|9|17|18|20|24|27,admiration|amusement|disappointment|joy|love|optimism|remorse|neutral
1568,27,neutral,0|2|4|7|10|26,admiration|anger|approval|curiosity|disapproval|surprise
1569,20|25,optimism|sadness,4|7|8|13|15|26|27,approval|curiosity|desire|excitement|gratitude|surprise|neutral
1570,27,neutral,0|1|2|4|13|15|17|18|24,admiration|amusement|anger|approval|excitement|gratitude|joy|love|remorse
1571,27,neutral,9|10|15|17|25|26,disappointment|disapproval|gratitude|joy|sadness|surprise
1572,0,admiration,0|4|6|10|14|15|17|19|21|26,admiration|approval|confusion|disapproval|fear|gratitude|joy|nervousness|pride|surprise
1573,5,caring,1|4|13|17,amusement|approval|excitement|joy
1574,6,confusion,6|9|15|27,confusion|disappointment|gratitude|neutral
1575,6,confusion,3|7|13|20,annoyance|curiosity|excitement|optimism
1576,1|4,amusement|approval,3|4|13|15|17|20|26,annoyance|approval|excitement|gratitude|joy|optimism|surprise
1577,0|18,admiration|love,3|4|9|10|11|20|27,annoyance|approval|disappointment|disapproval|disgust|optimism|neutral
1578,27,neutral,4|10|11|22,approval|disapproval|disgust|realization
1579,9,disappointment,0|2|3|4|9|23|27,admiration|anger|annoyance|approval|disappointment|relief|neutral
1580,27,neutral,1|6|15|17|20|26,amusement|confusion|gratitude|joy|optimism|surprise
1581,10,disapproval,4|12|18|27,approval|embarrassment|love|neutral
1582,15,gratitude,0|5|6|9|10|15|18|22|25|26,admiration|caring|confusion|disappointment|disapproval|gratitude|love|realization|sadness|surprise
1583,21,pride,1|4|15|24|25|26|27,amusement|approval|gratitude|remorse|sadness|surprise|neutral
1584,6,confusion,0|1|2|3|10|14|18,admiration|amusement|anger|annoyance|disapproval|fear|love
1585,27,neutral,2|4|6|9|20,anger|approval|confusion|disappointment|optimism
1586,15,gratitude,0|2|4|5|7|9|25|26|27,admiration|anger|approval|caring|curiosity|disappointment|sadness|surprise|neutral
1587,3|10,annoyance|disapproval,4|6|8|20|24|25,approval|confusion|desire|optimism|remorse|sadness
1588,4|27,approval|neutral,0|4|15|17|18|27,admiration|approval|gratitude|joy|love|neutral
1589,11,disgust,1|5|10|14|20|25,amusement|caring|disapproval|fear|optimism|sadness
1590,26,surprise,0|1|3|5|11|18|20,admiration|amusement|annoyance|caring|disgust|love|optimism
1591,4,approval,4|5|6|25,approval|caring|confusion|sadness
1592,17,joy,0|3|7|9|13|17|22|26|27,admiration|annoyance|curiosity|disappointment|excitement|joy|realization|surprise|neutral
1593,10,disapproval,0|12|17|18|22,admiration|embarrassment|joy|love|realization
1594,14|19,fear|nervousness,0|1|2|3|6|10|11|15|20|26,admiration|amusement|anger|annoyance|confusion|disapproval|disgust|gratitude|optimism|surprise
1595,27,neutral,0|10|13|15|20|22,admiration|disapproval|excitement|gratitude|optimism|realization
1596,27,neutral,0|2|10|13|17|27,admiration|anger|disapproval|excitement|joy|neutral
1597,3|26,annoyance|surprise,0|3|7|15|17|20,admiration|annoyance|curiosity|gratitude|joy|optimism
1598,27,neutral,3|10|15|27,annoyance|disapproval|gratitude|neutral
1599,0,admiration,2|6|7|18|20|27,anger|confusion|curiosity|love|optimism|neutral
1600,7,curiosity,0|4|10|15|19|25,admiration|approval|disapproval|gratitude|nervousness|sadness
1601,18,love,0|3|5|6|7|10|18|26|27,admiration|annoyance|caring|confusion|curiosity|disapproval|love|surprise|neutral
1602,10,disapproval,1|6|10|13,amusement|confusion|disapproval|excitement
1603,0,admiration,0|4|6|9|13|27,admiration|approval|confusion|disappointment|excitement|neutral
1604,27,neutral,4|6|7|8|9|13|18|22,approval|confusion|curiosity|desire|disappointment|excitement|love|realization
1605,27,neutral,2|5|20|25,anger|caring|optimism|sadness
1606,18,love,2|3|5|7|18|22|27,anger|annoyance|caring|curiosity|love|realization|neutral
1607,27,neutral,6|8|9|11|22|27,confusion|desire|disappointment|disgust|realization|neutral
1608,3|25,annoyance|sadness,3|5|8|15|25,annoyance|caring|desire|gratitude|sadness
1609,27,neutral,0|10|22|25|26,admiration|disapproval|realization|sadness|surprise
1610,1|10,amusement|disapproval,6|10|11|13|17|18|24|25|26,confusion|disapproval|disgust|excitement|joy|love|remorse|sadness|surprise
1611,1,amusement,1|2|3|7|9|19|25|27,amusement|anger|annoyance|curiosity|disappointment|nervousness|sadness|neutral
1612,2,anger,6|11|15|18|20|27,confusion|disgust|gratitude|love|optimism|neutral
1613,27,neutral,0|3|4|9|10|13|24,admiration|annoyance|approval|disappointment|disapproval|excitement|remorse
1614,7|13,curiosity|excitement,2|3|5|10|15|18|25|27,anger|annoyance|caring|disapproval|gratitude|love|sadness|neutral
1615,27,neutral,0|3|18|20,admiration|annoyance|love|optimism
1616,27,neutral,5|6|9|11|12|14|18|20|27,caring|confusion|disappointment|disgust|embarrassment|fear|love|optimism|neutral
1617,27,neutral,6|15|16|25,confusion|gratitude|grief|sadness
1618,17,joy,1|7|9|26,amusement|curiosity|disappointment|surprise
1619,0|15,admiration|gratitude,0|1|5|18|27,admiration|amusement|caring|love|neutral
1620,0|7,admiration|curiosity,4|7|11|27,approval|curiosity|disgust|neutral
1621,27,neutral,2|25|27,anger|sadness|neutral
1622,1|27,amusement|neutral,1|2|7|10|11|17|18|22|24,amusement|anger|curiosity|disapproval|disgust|joy|love|realization|remorse
1623,1,amusement,4|9|15|18|22|27,approval|disappointment|gratitude|love|realization|neutral
1624,10,disapproval,2|7|8|15|26|27,anger|curiosity|desire|gratitude|surprise|neutral
1625,27,neutral,3|6|8|10|12|15|22|26,annoyance|confusion|desire|disapproval|embarrassment|gratitude|realization|surprise
1626,27,neutral,0|4|6|7|10|15|18|21|25,admiration|approval|confusion|curiosity|disapproval|gratitude|love|pride|sadness
1627,27,neutral,4|6|7|9|10|18|20|26|27,approval|confusion|curiosity|disappointment|disapproval|love|optimism|surprise|neutral
1628,1,amusement,4|7|12|13|14|17|18|22|24|27,approval|curiosity|embarrassment|excitement|fear|joy|love|realization|remorse|neutral
1629,3|9,annoyance|disappointment,0|15|17|22,admiration|gratitude|joy|realization
1630,5,caring,0|7|13|15|17|20|24|25,admiration|curiosity|excitement|gratitude|joy|optimism|remorse|sadness
1631,22,realization,1|6|7|11|14|18|27,amusement|confusion|curiosity|disgust|fear|love|neutral
1632,0,admiration,1|5|15|17|20,amusement|caring|gratitude|joy|optimism
1633,17,joy,20|22|25|26|27,optimism|realization|sadness|surprise|neutral
1634,27,neutral,7|17|18|27,curiosity|joy|love|neutral
1635,0,admiration,2|9|10|14|18|20,anger|disappointment|disapproval|fear|love|optimism
1636,10,disapproval,1|3|4|11|18|20|22,amusement|annoyance|approval|disgust|love|optimism|realization
1637,6|7,confusion|curiosity,1|3|4|6|14|15|22|26,amusement|annoyance|approval|confusion|fear|gratitude|realization|surprise
1638,27,neutral,6|7|9|14|18|22|27,confusion|curiosity|disappointment|fear|love|realization|neutral
1639,6|7,confusion|curiosity,1|2|6|10|17|18|27,amusement|anger|confusion|disapproval|joy|love|neutral
1640,19,nervousness,1|3|4|7|14|18|20|24|25,amusement|annoyance|approval|curiosity|fear|love|optimism|remorse|sadness
1641,27,neutral,0|6|27,admiration|confusion|neutral
1642,27,neutral,6|7|15|18|26|27,confusion|curiosity|gratitude|love|surprise|neutral
1643,27,neutral,3|6|7|11|20,annoyance|confusion|curiosity|disgust|optimism
1644,22,realization,1|4|8|9|20,amusement|approval|desire|disappointment|optimism
1645,27,neutral,0|2|4|6|9|10|25|27,admiration|anger|approval|confusion|disappointment|disapproval|sadness|neutral
1646,10,disapproval,4|7|10|13|24,approval|curiosity|disapproval|excitement|remorse
1647,27,neutral,0|4|9|15|26|27,admiration|approval|disappointment|gratitude|surprise|neutral
1648,1,amusement,0|4|7|9|15|18,admiration|approval|curiosity|disappointment|gratitude|love
1649,15,gratitude,1|18|26|27,amusement|love|surprise|neutral
1650,27,neutral,3|18|20|27,annoyance|love|optimism|neutral
1651,27,neutral,1|2|4|6,amusement|anger|approval|confusion
1652,15,gratitude,10|20|25|27,disapproval|optimism|sadness|neutral
1653,27,neutral,0|1|4|10|19|27,admiration|amusement|approval|disapproval|nervousness|neutral
1654,4,approval,1|2|13|15|27,amusement|anger|excitement|gratitude|neutral
1655,15,gratitude,0|2|4|10|18,admiration|anger|approval|disapproval|love
1656,22,realization,1|3|6|15|17|18,amusement|annoyance|confusion|gratitude|joy|love
1657,2,anger,3|8|10|11|16|17|20,annoyance|desire|disapproval|disgust|grief|joy|optimism
1658,0,admiration,0|1|3|4|9|20|25,admiration|amusement|annoyance|approval|disappointment|optimism|sadness
1659,0,admiration,0|6|7|27,admiration|confusion|curiosity|neutral
1660,22,realization,0|1|2|4|5|10|14|15|18|25,admiration|amusement|anger|approval|caring|disapproval|fear|gratitude|love|sadness
1661,26,surprise,1|10|17|20|27,amusement|disapproval|joy|optimism|neutral
1662,27,neutral,1|2|4|10,amusement|anger|approval|disapproval
1663,4|7,approval|curiosity,8|10|20|24|27,desire|disapproval|optimism|remorse|neutral
1664,20,optimism,0|5|10|11|15|19|27,admiration|caring|disapproval|disgust|gratitude|nervousness|neutral
1665,0|7,admiration|curiosity,1|2|6|10|11|17|18|24|27,amusement|anger|confusion|disapproval|disgust|joy|love|remorse|neutral
1666,2,anger,0|2|3|9|17|20|22,admiration|anger|annoyance|disappointment|joy|optimism|realization
1667,10|26,disapproval|surprise,2|6|10|12|15|22|24|25|27,anger|confusion|disapproval|embarrassment|gratitude|realization|remorse|sadness|neutral
1668,25,sadness,1|2|4|5|18|19,amusement|anger|approval|caring|love|nervousness
1669,3|10,annoyance|disapproval,1|4|7|17|18|20|24,amusement|approval|curiosity|joy|love|optimism|remorse
1670,27,neutral,4|15|17|18|25|27,approval|gratitude|joy|love|sadness|neutral
1671,1,amusement,0|7|10|11|13|17|20,admiration|curiosity|disapproval|disgust|excitement|joy|optimism
1672,6,confusion,1|10|11|20|22|26|27,amusement|disapproval|disgust|optimism|realization|surprise|neutral
1673,4,approval,1|7|10|15|27,amusement|curiosity|disapproval|gratitude|neutral
1674,0|4|18,admiration|approval|love,2|13|14|17|22|25|27,anger|excitement|fear|joy|realization|sadness|neutral
1675,20,optimism,1|2|9|10|11|20|22|27,amusement|anger|disappointment|disapproval|disgust|optimism|realization|neutral
1676,15|18,gratitude|love,0|8|9|11|15|17|26|27,admiration|desire|disappointment|disgust|gratitude|joy|surprise|neutral
1677,10,disapproval,0|6|8|9|10|13|20|24|26,admiration|confusion|desire|disappointment|disapproval|excitement|optimism|remorse|surprise
1678,27,neutral,3|7|10,annoyance|curiosity|disapproval
1679,22,realization,7|8|10|11|13|18|25,curiosity|desire|disapproval|disgust|excitement|love|sadness
1680,27,neutral,0|1|2|7|9|27,admiration|amusement|anger|curiosity|disappointment|neutral
1681,10,disapproval,1|2|7|10|14|18|20|22|24|25|26,amusement|anger|curiosity|disapproval|fear|love|optimism|realization|remorse|sadness|surprise
1682,7,curiosity,3|4|8|9|10|17|18,annoyance|approval|desire|disappointment|disapproval|joy|love
1683,27,neutral,1|2|4|10|13|18|20|26,amusement|anger|approval|disapproval|excitement|love|optimism|surprise
1684,0,admiration,7|22|25|26|27,curiosity|realization|sadness|surprise|neutral
1685,17,joy,2|7|12|17|18|22|26|27,anger|curiosity|embarrassment|joy|love|realization|surprise|neutral
1686,20,optimism,3|10|14|18|27,annoyance|disapproval|fear|love|neutral
1687,5,caring,0|2|6|9|14|26|27,admiration|anger|confusion|disappointment|fear|surprise|neutral
1688,4,approval,0|6|7|13|15|17|22,admiration|confusion|curiosity|excitement|gratitude|joy|realization
1689,27,neutral,0|1|27,admiration|amusement|neutral
1690,27,neutral,0|1|3|10,admiration|amusement|annoyance|disapproval
1691,27,neutral,1|2|13|15|25|26,amusement|anger|excitement|gratitude|sadness|surprise
1692,18,love,0|2|10|22|26,admiration|anger|disapproval|realization|surprise
1693,0,admiration,0|1|3|4|8|13|17|27,admiration|amusement|annoyance|approval|desire|excitement|joy|neutral
1694,4,approval,1|2|4|5|15|25,amusement|anger|approval|caring|gratitude|sadness
1695,17,joy,1|2|5|11|17|18|25|26|27,amusement|anger|caring|disgust|joy|love|sadness|surprise|neutral
1696,7|27,curiosity|neutral,0|1|4|6|11|13|15|17|20,admiration|amusement|approval|confusion|disgust|excitement|gratitude|joy|optimism
1697,0,admiration,0|1|2|7|13|15,admiration|amusement|anger|curiosity|excitement|gratitude
1698,3,annoyance,2|15|18,anger|gratitude|love
1699,0,admiration,2|6|14|15|25|26,anger|confusion|fear|gratitude|sadness|surprise
1700,27,neutral,6|7|27,confusion|curiosity|neutral
1701,7,curiosity,1|4|13|15|18|22|25,amusement|approval|excitement|gratitude|love|realization|sadness
1702,0,admiration,1|2|3|20|22|25|27,amusement|anger|annoyance|optimism|realization|sadness|neutral
1703,5|11,caring|disgust,0|3|6|7|8|18|20|26|27,admiration|annoyance|confusion|curiosity|desire|love|optimism|surprise|neutral
1704,2,anger,6|7|9|11|14|17,confusion|curiosity|disappointment|disgust|fear|joy
1705,27,neutral,1|4|6|7|15|17|18|22,amusement|approval|confusion|curiosity|gratitude|joy|love|realization
1706,27,neutral,3|6|18|22,annoyance|confusion|love|realization
1707,27,neutral,4|11|13|15|17|26|27,approval|disgust|excitement|gratitude|joy|surprise|neutral
1708,2,anger,1|10|13|15|20|25|26,amusement|disapproval|excitement|gratitude|optimism|sadness|surprise
1709,1|3|18,amusement|annoyance|love,0|1|2|3|15|17,admiration|amusement|anger|annoyance|gratitude|joy
1710,4,approval,1|3|18|20|25,amusement|annoyance|love|optimism|sadness
1711,5,caring,1|2|4|15|26,amusement|anger|approval|gratitude|surprise
1712,4|5,approval|caring,1|4|5|20|24|25,amusement|approval|caring|optimism|remorse|sadness
1713,10,disapproval,7|10|15|17|18|27,curiosity|disapproval|gratitude|joy|love|neutral
1714,18,love,3|4|5|6|15|17|20|22|25,annoyance|approval|caring|confusion|gratitude|joy|optimism|realization|sadness
1715,9,disappointment,7|9|10|25|26|27,curiosity|disappointment|disapproval|sadness|surprise|neutral
1716,3,annoyance,0|1|2|4|7|26|27,admiration|amusement|anger|approval|curiosity|surprise|neutral
1717,15,gratitude,2|4|7|13|15|17|24,anger|approval|curiosity|excitement|gratitude|joy|remorse
1718,22,realization,2|4|10|13|15|22|24|25,anger|approval|disapproval|excitement|gratitude|realization|remorse|sadness
1719,13,excitement,6|8|14|18|26|27,confusion|desire|fear|love|surprise|neutral
1720,0,admiration,1|5|6|20|25|27,amusement|caring|confusion|optimism|sadness|neutral
1721,15,gratitude,1|3|4|7|10|18|22,amusement|annoyance|approval|curiosity|disapproval|love|realization
1722,3|11,annoyance|disgust,1|2|3|7|8|18|27,amusement|anger|annoyance|curiosity|desire|love|neutral
1723,27,neutral,0|2|4|7|10|15|27,admiration|anger|approval|curiosity|disapproval|gratitude|neutral
1724,22|24,realization|remorse,8|10|18|20|22,desire|disapproval|love|optimism|realization
1725,10|27,disapproval|neutral,0|3|11|13|17|26|27,admiration|annoyance|disgust|excitement|joy|surprise|neutral
1726,1,amusement,2|3|7|9|10|11|13|15|17|18|20|26,anger|annoyance|curiosity|disappointment|disapproval|disgust|excitement|gratitude|joy|love|optimism|surprise
1727,3,annoyance,1|2|4|8|24|26|27,amusement|anger|approval|desire|remorse|surprise|neutral
1728,1,amusement,1|3|10|20|27,amusement|annoyance|disapproval|optimism|neutral
1729,25,sadness,0|7|17|20|22,admiration|curiosity|joy|optimism|realization
1730,27,neutral,1|7|9|13|15|17|25|26,amusement|curiosity|disappointment|excitement|gratitude|joy|sadness|surprise
1731,6,confusion,3|4|7|10|14|20|26,annoyance|approval|curiosity|disapproval|fear|optimism|surprise
1732,4|15|17,approval|gratitude|joy,1|6|7|9|10|13|20|27,amusement|confusion|curiosity|disappointment|disapproval|excitement|optimism|neutral
1733,2,anger,1|4|7|10|20|27,amusement|approval|curiosity|disapproval|optimism|neutral
1734,3|10,annoyance|disapproval,4|6|11|15|18|27,approval|confusion|disgust|gratitude|love|neutral
1735,26,surprise,0|3|9|13|15|22,admiration|annoyance|disappointment|excitement|gratitude|realization
1736,27,neutral,7|10|15|18,curiosity|disapproval|gratitude|love
1737,26,surprise,1|7|15,amusement|curiosity|gratitude
1738,7,curiosity,3|4|6|8|9|15|18|26,annoyance|approval|confusion|desire|disappointment|gratitude|love|surprise
1739,4,approval,1|3|5|15|18|24|27,amusement|annoyance|caring|gratitude|love|remorse|neutral
1740,27,neutral,3|7|9|15|22|26,annoyance|curiosity|disappointment|gratitude|realization|surprise
1741,27,neutral,0|1|2|7|8|10|11|15,admiration|amusement|anger|curiosity|desire|disapproval|disgust|gratitude
1742,27,neutral,2|4|10|17|18|22|26,anger|approval|disapproval|joy|love|realization|surprise
1743,7,curiosity,1|3|5|9|10|13|15|25,amusement|annoyance|caring|disappointment|disapproval|excitement|gratitude|sadness
1744,3,annoyance,1|3|4|6|11|15|17,amusement|annoyance|approval|confusion|disgust|gratitude|joy
1745,15,gratitude,0|1|2|3|4|11|13|14|18|25,admiration|amusement|anger|annoyance|approval|disgust|excitement|fear|love|sadness
1746,2,anger,4|6|10|11|18|20|22|24|27,approval|confusion|disapproval|disgust|love|optimism|realization|remorse|neutral
1747,4|20,approval|optimism,1|2|14|15|18|25|27,amusement|anger|fear|gratitude|love|sadness|neutral
1748,2,anger,0|4|5|7|8|15|18|27,admiration|approval|caring|curiosity|desire|gratitude|love|neutral
1749,25,sadness,0|1|3|4|8|18|20|25,admiration|amusement|annoyance|approval|desire|love|optimism|sadness
1750,1|27,amusement|neutral,2|4|15|17|18|27,anger|approval|gratitude|joy|love|neutral
1751,4,approval,0|4|7|9|10|13|17|18|22,admiration|approval|curiosity|disappointment|disapproval|excitement|joy|love|realization
1752,7|27,curiosity|neutral,2|3|6|7|10|11|15|18|25,anger|annoyance|confusion|curiosity|disapproval|disgust|gratitude|love|sadness
1753,11,disgust,2|3|6|7|8|9|10|27,anger|annoyance|confusion|curiosity|desire|disappointment|disapproval|neutral
1754,11,disgust,0|1|3|15|20|27,admiration|amusement|annoyance|gratitude|optimism|neutral
1755,27,neutral,2|4|18|22|27,anger|approval|love|realization|neutral
1756,27,neutral,1|3|5|7|8|9|15|26,amusement|annoyance|caring|curiosity|desire|disappointment|gratitude|surprise
1757,25,sadness,6|7|9|14|17|18,confusion|curiosity|disappointment|fear|joy|love
1758,3,annoyance,0|4|6|9|27,admiration|approval|confusion|disappointment|neutral
1759,17,joy,4|6|14|22|26|27,approval|confusion|fear|realization|surprise|neutral
1760,0|4,admiration|approval,1|3|6|15|24|25,amusement|annoyance|confusion|gratitude|remorse|sadness
1761,1,amusement,7|15|18|22|27,curiosity|gratitude|love|realization|neutral
1762,6,confusion,6|8|14|15|22|27,confusion|desire|fear|gratitude|realization|neutral
1763,27,neutral,1|7|9|10|18,amusement|curiosity|disappointment|disapproval|love
1764,27,neutral,1|3|9|17|18|27,amusement|annoyance|disappointment|joy|love|neutral
1765,10|27,disapproval|neutral,1|9|15|27,amusement|disappointment|gratitude|neutral
1766,4|18,approval|love,3|9|10|13|20|25,annoyance|disappointment|disapproval|excitement|optimism|sadness
1767,14,fear,1|3|5|17|27,amusement|annoyance|caring|joy|neutral
1768,15,gratitude,0|6|13|17|18|20|22|26,admiration|confusion|excitement|joy|love|optimism|realization|surprise
1769,3,annoyance,3|7|14|17|20,annoyance|curiosity|fear|joy|optimism
1770,1|7,amusement|curiosity,1|10|27,amusement|disapproval|neutral
1771,27,neutral,0|9|22,admiration|disappointment|realization
1772,26,surprise,3|18|20|22|24,annoyance|love|optimism|realization|remorse
1773,15,gratitude,0|1|3|7|10|25|26,admiration|amusement|annoyance|curiosity|disapproval|sadness|surprise
1774,12,embarrassment,1|10|13|17|25,amusement|disapproval|excitement|joy|sadness
1775,15|19,gratitude|nervousness,0|1|4|11|15|20|22|25,admiration|amusement|approval|disgust|gratitude|optimism|realization|sadness
1776,27,neutral,0|1|2|10|15|26|27,admiration|amusement|anger|disapproval|gratitude|surprise|neutral
1777,0,admiration,4|11|15|18,approval|disgust|gratitude|love
1778,7,curiosity,3|4|7|8|9|20|22,annoyance|approval|curiosity|desire|disappointment|optimism|realization
1779,1|18,amusement|love,3|10|14|17|18,annoyance|disapproval|fear|joy|love
1780,27,neutral,1|5|7|15|17|25|27,amusement|caring|curiosity|gratitude|joy|sadness|neutral
1781,0|26,admiration|surprise,3|4|5|12|13|22,annoyance|approval|caring|embarrassment|excitement|realization
1782,27,neutral,2|3|7|14|22|26|27,anger|annoyance|curiosity|fear|realization|surprise|neutral
1783,27,neutral,2|5|14|27,anger|caring|fear|neutral
1784,4,approval,2|10|11|12|27,anger|disapproval|disgust|embarrassment|neutral
1785,27,neutral,2|3|4|13|15,anger|annoyance|approval|excitement|gratitude
1786,27,neutral,0|1|4|5|17|20|25,admiration|amusement|approval|caring|joy|optimism|sadness
1787,0|1,admiration|amusement,3|6|7|9|10|15|18|24|27,annoyance|confusion|curiosity|disappointment|disapproval|gratitude|love|remorse|neutral
1788,4|17,approval|joy,0|2|6|10|17|20,admiration|anger|confusion|disapproval|joy|optimism
1789,20,optimism,8|10|11|14|20|27,desire|disapproval|disgust|fear|optimism|neutral
1790,27,neutral,0|1|2|3|17|20|22,admiration|amusement|anger|annoyance|joy|optimism|realization
1791,27,neutral,0|2|3|5|7|11|14|25|27,admiration|anger|annoyance|caring|curiosity|disgust|fear|sadness|neutral
1792,10,disapproval,0|2|3|4|17,admiration|anger|annoyance|approval|joy
1793,1,amusement,3|5|6|26|27,annoyance|caring|confusion|surprise|neutral
1794,4,approval,0|1|4|10|11|13|26,admiration|amusement|approval|disapproval|disgust|excitement|surprise
1795,0,admiration,2|4|6|17|20|22|26,anger|approval|confusion|joy|optimism|realization|surprise
1796,6,confusion,0|1|2|4|5|6|11|17|20,admiration|amusement|anger|approval|caring|confusion|disgust|joy|optimism
1797,14,fear,0|4|7|8|9|10|15|25,admiration|approval|curiosity|desire|disappointment|disapproval|gratitude|sadness
1798,0,admiration,0|2|6|7|15|20|25|27,admiration|anger|confusion|curiosity|gratitude|optimism|sadness|neutral
1799,15,gratitude,0|2|7|8|17|27,admiration|anger|curiosity|desire|joy|neutral
1800,2,anger,4|14|17|27,approval|fear|joy|neutral
1801,27,neutral,0|9|11|15|25|27,admiration|disappointment|disgust|gratitude|sadness|neutral
1802,27,neutral,0|1|13|15|18|22,admiration|amusement|excitement|gratitude|love|realization
1803,15,gratitude,0|9|15,admiration|disappointment|gratitude
1804,0|20,admiration|optimism,1|4|5|12|13|17|27,amusement|approval|caring|embarrassment|excitement|joy|neutral
1805,9,disappointment,1|2|6|7|8|10|20|25|27,amusement|anger|confusion|curiosity|desire|disapproval|optimism|sadness|neutral
1806,27,neutral,0|2|3|7|27,admiration|anger|annoyance|curiosity|neutral
1807,17|25,joy|sadness,1|4|6|12|20,amusement|approval|confusion|embarrassment|optimism
1808,1,amusement,0|1|2|3|17|20|27,admiration|amusement|anger|annoyance|joy|optimism|neutral
1809,15,gratitude,5|9|12|15|18|20|25|26,caring|disappointment|embarrassment|gratitude|love|optimism|sadness|surprise
1810,27,neutral,10|11|14|17|18|20|27,disapproval|disgust|fear|joy|love|optimism|neutral
1811,27,neutral,0|4|6|9|10|11|13|14|15|18|25,admiration|approval|confusion|disappointment|disapproval|disgust|excitement|fear|gratitude|love|sadness
1812,20,optimism,1|3|4|5|9|10|24|26,amusement|annoyance|approval|caring|disappointment|disapproval|remorse|surprise
1813,3,annoyance,1|2|4|5|27,amusement|anger|approval|caring|neutral
1814,1,amusement,1|6|11|15|18|25|27,amusement|confusion|disgust|gratitude|love|sadness|neutral
1815,24,remorse,0|2|4|5|7|10|11|17,admiration|anger|approval|caring|curiosity|disapproval|disgust|joy
1816,15,gratitude,0|5|8|10|13|20|27,admiration|caring|desire|disapproval|excitement|optimism|neutral
1817,4,approval,6|13|14|17|27,confusion|excitement|fear|joy|neutral
1818,17,joy,3|4|7|8|10|22|27,annoyance|approval|curiosity|desire|disapproval|realization|neutral
1819,0,admiration,1|4|6|14|18,amusement|approval|confusion|fear|love
1820,27,neutral,1|9|13|15|17|18|24,amusement|disappointment|excitement|gratitude|joy|love|remorse
1821,27,neutral,1|4|11|27,amusement|approval|disgust|neutral
1822,27,neutral,1|5|7|8|17|18|26,amusement|caring|curiosity|desire|joy|love|surprise
1823,0|15,admiration|gratitude,0|6|7|8|10|18|25|26|27,admiration|confusion|curiosity|desire|disapproval|love|sadness|surprise|neutral
1824,5,caring,0|1|17|25|26,admiration|amusement|joy|sadness|surprise
1825,11,disgust,1|3|7|11|15|17|20,amusement|annoyance|curiosity|disgust|gratitude|joy|optimism
1826,0|10,admiration|disapproval,0|1|3|9|15|19|20,admiration|amusement|annoyance|disappointment|gratitude|nervousness|optimism
1827,27,neutral,4|5|27,approval|caring|neutral
1828,3,annoyance,1|4|6|9|22|27,amusement|approval|confusion|disappointment|realization|neutral
1829,27,neutral,0|1|9|13|15|18|20,admiration|amusement|disappointment|excitement|gratitude|love|optimism
1830,27,neutral,0|9|26,admiration|disappointment|surprise
1831,18,love,0|1|18|27,admiration|amusement|love|neutral
1832,0,admiration,3|6|7|9|15|18|25|27,annoyance|confusion|curiosity|disappointment|gratitude|love|sadness|neutral
1833,25,sadness,4|10|18|20,approval|disapproval|love|optimism
1834,14,fear,1|3|4|6|7|13|14|24|26,amusement|annoyance|approval|confusion|curiosity|excitement|fear|remorse|surprise
1835,0,admiration,4|11|25|26|27,approval|disgust|sadness|surprise|neutral
1836,20,optimism,1|3|4|6|9|11|13|14|18|26|27,amusement|annoyance|approval|confusion|disappointment|disgust|excitement|fear|love|surprise|neutral
1837,27,neutral,0|2|7|10|13|14,admiration|anger|curiosity|disapproval|excitement|fear
1838,27,neutral,1|2|3|5|11|13|15|18|25|27,amusement|anger|annoyance|caring|disgust|excitement|gratitude|love|sadness|neutral
1839,22,realization,1|2|3|4|8|10|13|17|22|25,amusement|anger|annoyance|approval|desire|disapproval|excitement|joy|realization|sadness
1840,27,neutral,12|13|15|18,embarrassment|excitement|gratitude|love
1841,27,neutral,0|5|18|27,admiration|caring|love|neutral
1842,0,admiration,0|2|3|5,admiration|anger|annoyance|caring
1843,27,neutral,1|10|19|20|27,amusement|disapproval|nervousness|optimism|neutral
1844,7,curiosity,0|2|13|18|22,admiration|anger|excitement|love|realization
1845,6,confusion,0|1|11|17|18|20|26|27,admiration|amusement|disgust|joy|love|optimism|surprise|neutral
1846,8|20,desire|optimism,0|1|6|11|20,admiration|amusement|confusion|disgust|optimism
1847,3,annoyance,1|14|17|27,amusement|fear|joy|neutral
1848,0,admiration,4|5|9|11|18|27,approval|caring|disappointment|disgust|love|neutral
1849,27,neutral,2|5|15|25|27,anger|caring|gratitude|sadness|neutral
1850,9,disappointment,5|7|10|11|14|15|18,caring|curiosity|disapproval|disgust|fear|gratitude|love
1851,27,neutral,0|1|4|6|13|15|25|27,admiration|amusement|approval|confusion|excitement|gratitude|sadness|neutral
1852,27,neutral,15|22|25|26,gratitude|realization|sadness|surprise
1853,10,disapproval,7|8|17|22,curiosity|desire|joy|realization
1854,20,optimism,0|3|4|9|11|18|25|26|27,admiration|annoyance|approval|disappointment|disgust|love|sadness|surprise|neutral
1855,27,neutral,3|7|8|11|15|18|20|24|25,annoyance|curiosity|desire|disgust|gratitude|love|optimism|remorse|sadness
1856,14,fear,6|9|15|25|26|27,confusion|disappointment|gratitude|sadness|surprise|neutral
1857,5|25,caring|sadness,0|2|3|4|7|27,admiration|anger|annoyance|approval|curiosity|neutral
1858,27,neutral,6|9|12|14|17|18|22|24|25|26|27,confusion|disappointment|embarrassment|fear|joy|love|realization|remorse|sadness|surprise|neutral
1859,0,admiration,2|3|4|5|10|13|27,anger|annoyance|approval|caring|disapproval|excitement|neutral
1860,25,sadness,0|1|4|5|9|10|15|22,admiration|amusement|approval|caring|disappointment|disapproval|gratitude|realization
1861,15,gratitude,0|9|15|17,admiration|disappointment|gratitude|joy
1862,14|18,fear|love,0|1|4|10|15|20|24,admiration|amusement|approval|disapproval|gratitude|optimism|remorse
1863,14,fear,0|1|25|26|27,admiration|amusement|sadness|surprise|neutral
1864,27,neutral,0|4|5|11|12|13|14|15|25,admiration|approval|caring|disgust|embarrassment|excitement|fear|gratitude|sadness
1865,0|20,admiration|optimism,0|3|7|10|13|15|18|20|24|26,admiration|annoyance|curiosity|disapproval|excitement|gratitude|love|optimism|remorse|surprise
1866,27,neutral,2|8|13|18|20|24,anger|desire|excitement|love|optimism|remorse
1867,27,neutral,11|13|22|26|27,disgust|excitement|realization|surprise|neutral
1868,0,admiration,5|10|13|17|20|27,caring|disapproval|excitement|joy|optimism|neutral
1869,13,excitement,1|2|6|9|10|15|20|22|25,amusement|anger|confusion|disappointment|disapproval|gratitude|optimism|realization|sadness
1870,4,approval,4|6|15|17,approval|confusion|gratitude|joy
1871,15,gratitude,15|17|20|22|27,gratitude|joy|optimism|realization|neutral
1872,9,disappointment,1|9|15|17|20|22|27,amusement|disappointment|gratitude|joy|optimism|realization|neutral
1873,15,gratitude,0|17|20,admiration|joy|optimism
1874,4,approval,0|3|4|7|11|20|24|27,admiration|annoyance|approval|curiosity|disgust|optimism|remorse|neutral
1875,7,curiosity,1|6|7|15|18|20|24|26,amusement|confusion|curiosity|gratitude|love|optimism|remorse|surprise
1876,15,gratitude,1|2|3|5|6|10|15|18|25|27,amusement|anger|annoyance|caring|confusion|disapproval|gratitude|love|sadness|neutral
1877,4,approval,0|3|4|9|17|25,admiration|annoyance|approval|disappointment|joy|sadness
1878,7|27,curiosity|neutral,1|7|10|11|15|17|18|20,amusement|curiosity|disapproval|disgust|gratitude|joy|love|optimism
1879,4|27,approval|neutral,0|1|5|11|15|18,admiration|amusement|caring|disgust|gratitude|love
1880,27,neutral,1|11|17|20|22,amusement|disgust|joy|optimism|realization
1881,11,disgust,6|15|17|27,confusion|gratitude|joy|neutral
1882,15,gratitude,1|13|17|22|26,amusement|excitement|joy|realization|surprise
1883,26,surprise,1|2|3|4|7|9|10|11|22|25,amusement|anger|annoyance|approval|curiosity|disappointment|disapproval|disgust|realization|sadness
1884,27,neutral,1|6|10|13|20|27,amusement|confusion|disapproval|excitement|optimism|neutral
1885,18,love,2|4|10|11|14|15|17|18|22|25|27,anger|approval|disapproval|disgust|fear|gratitude|joy|love|realization|sadness|neutral
1886,10,disapproval,3|4|6|14|27,annoyance|approval|confusion|fear|neutral
1887,10,disapproval,0|10|17|24|27,admiration|disapproval|joy|remorse|neutral
1888,2|11,anger|disgust,0|4|8|9|12|22|26,admiration|approval|desire|disappointment|embarrassment|realization|surprise
1889,10,disapproval,0|1|3|4|10|13|25|26,admiration|amusement|annoyance|approval|disapproval|excitement|sadness|surprise
1890,14|20,fear|optimism,0|5|7|10|11|20|22|25,admiration|caring|curiosity|disapproval|disgust|optimism|realization|sadness
1891,6,confusion,0|1|3|5|6|9|10|11|14,admiration|amusement|annoyance|caring|confusion|disappointment|disapproval|disgust|fear
1892,18,love,1|4|7|10|27,amusement|approval|curiosity|disapproval|neutral
1893,4,approval,13|18|25|27,excitement|love|sadness|neutral
1894,27,neutral,1|2|3|5|6|27,amusement|anger|annoyance|caring|confusion|neutral
1895,9,disappointment,0|1|2|3|4|6|9|13|15|22|27,admiration|amusement|anger|annoyance|approval|confusion|disappointment|excitement|gratitude|realization|neutral
1896,0,admiration,3|4|7|15|20|26|27,annoyance|approval|curiosity|gratitude|optimism|surprise|neutral
1897,27,neutral,5|10|17|27,caring|disapproval|joy|neutral
1898,27,neutral,2|5|12|17|20|22,anger|caring|embarrassment|joy|optimism|realization
1899,27,neutral,2|5|7|10|18|20|22,anger|caring|curiosity|disapproval|love|optimism|realization
1900,4,approval,3|4|7|9|22|27,annoyance|approval|curiosity|disappointment|realization|neutral
1901,0|4|27,admiration|approval|neutral,0|1|3|4|9|24|26|27,admiration|amusement|annoyance|approval|disappointment|remorse|surprise|neutral
1902,1|2,amusement|anger,15,gratitude
1903,27,neutral,0|1|6|7|8|10|13|17|22|27,admiration|amusement|confusion|curiosity|desire|disapproval|excitement|joy|realization|neutral
1904,2|3,anger|annoyance,5|6|9|11|13|22,caring|confusion|disappointment|disgust|excitement|realization
1905,2,anger,0|1|4|11|12|15|25|27,admiration|amusement|approval|disgust|embarrassment|gratitude|sadness|neutral
1906,0|15,admiration|gratitude,0|15|17|18|20|24|25|27,admiration|gratitude|joy|love|optimism|remorse|sadness|neutral
1907,3|10,annoyance|disapproval,1|3|4|6|7|12|13|15,amusement|annoyance|approval|confusion|curiosity|embarrassment|excitement|gratitude
1908,27,neutral,2|3|9|10|13|20|25|27,anger|annoyance|disappointment|disapproval|excitement|optimism|sadness|neutral
1909,8,desire,0|10|13|15|17|20,admiration|disapproval|excitement|gratitude|joy|optimism
1910,27,neutral,0|3|4|10|13|17|18|22|25,admiration|annoyance|approval|disapproval|excitement|joy|love|realization|sadness
1911,8,desire,2|5|13|14|24|25,anger|caring|excitement|fear|remorse|sadness
1912,4,approval,2|5|15|17|27,anger|caring|gratitude|joy|neutral
1913,4,approval,8|10|15|20|26|27,desire|disapproval|gratitude|optimism|surprise|neutral
1914,10|27,disapproval|neutral,7|9|10|15|20,curiosity|disappointment|disapproval|gratitude|optimism
1915,27,neutral,7|12|13|18|20|22|27,curiosity|embarrassment|excitement|love|optimism|realization|neutral
1916,4,approval,2|22|26|27,anger|realization|surprise|neutral
1917,17,joy,1|2|10|12|13|15|22|26|27,amusement|anger|disapproval|embarrassment|excitement|gratitude|realization|surprise|neutral
1918,27,neutral,5|7|8|9|13|14|18|20|22,caring|curiosity|desire|disappointment|excitement|fear|love|optimism|realization
1919,7,curiosity,0|1|6|7|15|18|20|21|25,admiration|amusement|confusion|curiosity|gratitude|love|optimism|pride|sadness
1920,2,anger,2|3|5|7|10|17|22|26|27,anger|annoyance|caring|curiosity|disapproval|joy|realization|surprise|neutral
1921,2|26,anger|surprise,4|7|11|18|22|27,approval|curiosity|disgust|love|realization|neutral
1922,27,neutral,2|4|9|10|15|17|20,anger|approval|disappointment|disapproval|gratitude|joy|optimism
1923,27,neutral,3|5|10|24,annoyance|caring|disapproval|remorse
1924,27,neutral,6|17|20,confusion|joy|optimism
1925,15,gratitude,1|3|15|17|24|27,amusement|annoyance|gratitude|joy|remorse|neutral
1926,10,disapproval,2|3|4|7|8|20|24|25,anger|annoyance|approval|curiosity|desire|optimism|remorse|sadness
1927,21,pride,5|10|20|26|27,caring|disapproval|optimism|surprise|neutral
1928,3,annoyance,0|1|3|5|17|22,admiration|amusement|annoyance|caring|joy|realization
1929,7|18,curiosity|love,4|7|8|18|20|25,approval|curiosity|desire|love|optimism|sadness
1930,18,love,1|4|5|18|26,amusement|approval|caring|love|surprise
1931,0,admiration,0|1|2|6|7|17,admiration|amusement|anger|confusion|curiosity|joy
1932,27,neutral,0|1|2|6|7|10|17,admiration|amusement|anger|confusion|curiosity|disapproval|joy
1933,27,neutral,2|13|15|18|27,anger|excitement|gratitude|love|neutral
1934,24,remorse,2|6|18|20|24|27,anger|confusion|love|optimism|remorse|neutral
1935,0|15,admiration|gratitude,0|1|2|3|4|6|7|10|13|24,admiration|amusement|anger|annoyance|approval|confusion|curiosity|disapproval|excitement|remorse
1936,15,gratitude,3|6|7|9|13|22|27,annoyance|confusion|curiosity|disappointment|excitement|realization|neutral
1937,3,annoyance,3|4|27,annoyance|approval|neutral
1938,7,curiosity,0|5|6|8|9|20|27,admiration|caring|confusion|desire|disappointment|optimism|neutral
1939,10,disapproval,2|3|8|10|13|14|17|18,anger|annoyance|desire|disapproval|excitement|fear|joy|love
1940,27,neutral,0|3|6|9|15|25,admiration|annoyance|confusion|disappointment|gratitude|sadness
1941,27,neutral,1|2|4|11|15|20|25,amusement|anger|approval|disgust|gratitude|optimism|sadness
1942,27,neutral,2|10|11|18|22|27,anger|disapproval|disgust|love|realization|neutral
1943,2|6|22,anger|confusion|realization,0|2|4|8|11|13|25,admiration|anger|approval|desire|disgust|excitement|sadness
1944,10,disapproval,0|4|6|7|9|14|20|25,admiration|approval|confusion|curiosity|disappointment|fear|optimism|sadness
1945,27,neutral,0|3|6|10|13|15|16|23,admiration|annoyance|confusion|disapproval|excitement|gratitude|grief|relief
1946,27,neutral,1|2|7|9|10,amusement|anger|curiosity|disappointment|disapproval
1947,27,neutral,0|2|3|5|6|9|25|26,admiration|anger|annoyance|caring|confusion|disappointment|sadness|surprise
1948,4,approval,0|1|15,admiration|amusement|gratitude
1949,27,neutral,4|5|6|7|10|13|17|18|27,approval|caring|confusion|curiosity|disapproval|excitement|joy|love|neutral
1950,27,neutral,3|5|7|10|14|18|24|25|26,annoyance|caring|curiosity|disapproval|fear|love|remorse|sadness|surprise
1951,3|10,annoyance|disapproval,6|17|18|25,confusion|joy|love|sadness
1952,17,joy,0|3|4|17|18|20|25,admiration|annoyance|approval|joy|love|optimism|sadness
1953,27,neutral,3|6|7|8|11|14|25|27,annoyance|confusion|curiosity|desire|disgust|fear|sadness|neutral
1954,14,fear,0|4|10|27,admiration|approval|disapproval|neutral
1955,27,neutral,0|3|5|6|9|10|11|13|18|24,admiration|annoyance|caring|confusion|disappointment|disapproval|disgust|excitement|love|remorse
1956,27,neutral,1|2|4|5|6|10|22|26|27,amusement|anger|approval|caring|confusion|disapproval|realization|surprise|neutral
1957,26,surprise,0|2|4|7|9|11|18|23,admiration|anger|approval|curiosity|disappointment|disgust|love|relief
1958,27,neutral,5|7|10|13|17|20,caring|curiosity|disapproval|excitement|joy|optimism
1959,27,neutral,0|3|4|6|9|25|27,admiration|annoyance|approval|confusion|disappointment|sadness|neutral
1960,27,neutral,1|4|6|10|13|17|22,amusement|approval|confusion|disapproval|excitement|joy|realization
1961,3,annoyance,0|1|4|18,admiration|amusement|approval|love
1962,2|3,anger|annoyance,6|13|15|18|27,confusion|excitement|gratitude|love|neutral
1963,15,gratitude,0|3|4|6,admiration|annoyance|approval|confusion
1964,15,gratitude,0|3|11|15|17|18|20,admiration|annoyance|disgust|gratitude|joy|love|optimism
1965,0,admiration,0|10,admiration|disapproval
1966,1,amusement,0|1|2|3|5|9|13|20|22|25,admiration|amusement|anger|annoyance|caring|disappointment|excitement|optimism|realization|sadness
1967,25,sadness,0|3|4|8|11|18,admiration|annoyance|approval|desire|disgust|love
1968,27,neutral,0|1|9|13|15|18|22,admiration|amusement|disappointment|excitement|gratitude|love|realization
1969,15|22|26,gratitude|realization|surprise,2|4|5|9|18|19|27,anger|approval|caring|disappointment|love|nervousness|neutral
1970,1,amusement,0|3|6|7|9|15|18,admiration|annoyance|confusion|curiosity|disappointment|gratitude|love
1971,27,neutral,0|5|7|10|11|17|25|27,admiration|caring|curiosity|disapproval|disgust|joy|sadness|neutral
1972,1|15,amusement|gratitude,2|3|4|6|7|14|15|18|25|27,anger|annoyance|approval|confusion|curiosity|fear|gratitude|love|sadness|neutral
1973,0,admiration,1|9|14|18|27,amusement|disappointment|fear|love|neutral
1974,27,neutral,0|4|10|15|17|27,admiration|approval|disapproval|gratitude|joy|neutral
1975,27,neutral,0|2|3|5|7|20|25,admiration|anger|annoyance|caring|curiosity|optimism|sadness
1976,14,fear,3|7|23|27,annoyance|curiosity|relief|neutral
1977,8,desire,1|3|9|10|11|15|18|20|22,amusement|annoyance|disappointment|disapproval|disgust|gratitude|love|optimism|realization
1978,0,admiration,0|2|6|11|13|20|22|27,admiration|anger|confusion|disgust|excitement|optimism|realization|neutral
1979,22|27,realization|neutral,4|5|8|11|15|17|18|25,approval|caring|desire|disgust|gratitude|joy|love|sadness
1980,27,neutral,3|4|7|10|18,annoyance|approval|curiosity|disapproval|love
1981,1|10,amusement|disapproval,0|7|8|10|11,admiration|curiosity|desire|disapproval|disgust
1982,27,neutral,1|4|7|10|14|15|18|27,amusement|approval|curiosity|disapproval|fear|gratitude|love|neutral
1983,4|27,approval|neutral,3|4|5|9|18|26|27,annoyance|approval|caring|disappointment|love|surprise|neutral
1984,22|27,realization|neutral,0|4|10|15|18|22|27,admiration|approval|disapproval|gratitude|love|realization|neutral
1985,15,gratitude,5|7|17|18,caring|curiosity|joy|love
1986,18,love,0|3|4|9|10|14|24,admiration|annoyance|approval|disappointment|disapproval|fear|remorse
1987,27,neutral,0|4|9|20|27,admiration|approval|disappointment|optimism|neutral
1988,5,caring,0|2|4|5|6|7|9|25,admiration|anger|approval|caring|confusion|curiosity|disappointment|sadness
1989,14|27,fear|neutral,9|11|20,disappointment|disgust|optimism
1990,27,neutral,6|7|14|17|25,confusion|curiosity|fear|joy|sadness
1991,0|13,admiration|excitement,0|1|5|13|15|18,admiration|amusement|caring|excitement|gratitude|love
1992,24,remorse,1|2|4|5|7|13|18|20,amusement|anger|approval|caring|curiosity|excitement|love|optimism
1993,27,neutral,2|3|4|7|10|13|27,anger|annoyance|approval|curiosity|disapproval|excitement|neutral
1994,27,neutral,2|6|10|11|17|20|26,anger|confusion|disapproval|disgust|joy|optimism|surprise
1995,27,neutral,0|2|3|7|15|17|22,admiration|anger|annoyance|curiosity|gratitude|joy|realization
1996,18,love,3|7|9|11|17|22|26|27,annoyance|curiosity|disappointment|disgust|joy|realization|surprise|neutral
1997,9,disappointment,0|6|7|15|27,admiration|confusion|curiosity|gratitude|neutral
1998,27,neutral,0|1|10|13|15|20|26|27,admiration|amusement|disapproval|excitement|gratitude|optimism|surprise|neutral
1999,27,neutral,5|7|9|14|18,caring|curiosity|disappointment|fear|love
2000,27,neutral,1|8|12|13|15,amusement|desire|embarrassment|excitement|gratitude
2001,27,neutral,0|6|9|17|25|27,admiration|confusion|disappointment|joy|sadness|neutral
2002,10,disapproval,2|4|5|6|7|14|27,anger|approval|caring|confusion|curiosity|fear|neutral
2003,27,neutral,0|3|10|11|14|26|27,admiration|annoyance|disapproval|disgust|fear|surprise|neutral
2004,15,gratitude,0|1|4|11|13|17|20,admiration|amusement|approval|disgust|excitement|joy|optimism
2005,6|7,confusion|curiosity,1|2|3|4|6|8|13|22,amusement|anger|annoyance|approval|confusion|desire|excitement|realization
2006,11,disgust,2|9|11|25|26,anger|disappointment|disgust|sadness|surprise
2007,15,gratitude,1|2|4|5|6|13|15|24|26,amusement|anger|approval|caring|confusion|excitement|gratitude|remorse|surprise
2008,1,amusement,3|10|27,annoyance|disapproval|neutral
2009,27,neutral,1|5|9|20|25|27,amusement|caring|disappointment|optimism|sadness|neutral
2010,27,neutral,2|4|5|7|8|9|10|14|27,anger|approval|caring|curiosity|desire|disappointment|disapproval|fear|neutral
2011,7,curiosity,1|4|10|18|22|24|25,amusement|approval|disapproval|love|realization|remorse|sadness
2012,27,neutral,0|3|9|20|27,admiration|annoyance|disappointment|optimism|neutral
2013,7,curiosity,0|6|10|15|17|18|25|26,admiration|confusion|disapproval|gratitude|joy|love|sadness|surprise
2014,0|17,admiration|joy,0|1|5|9|10|11|15|18|20|24|26,admiration|amusement|caring|disappointment|disapproval|disgust|gratitude|love|optimism|remorse|surprise
2015,27,neutral,0|1|5|6|10,admiration|amusement|caring|confusion|disapproval
2016,17,joy,3|17|24|27,annoyance|joy|remorse|neutral
2017,27,neutral,1|2|12|15|25|27,amusement|anger|embarrassment|gratitude|sadness|neutral
2018,3,annoyance,0|1|4|9|15|17|20|27,admiration|amusement|approval|disappointment|gratitude|joy|optimism|neutral
2019,13,excitement,0|5|10|20|22|24|25|26,admiration|caring|disapproval|optimism|realization|remorse|sadness|surprise
2020,27,neutral,0|3|4|8|9|15|26,admiration|annoyance|approval|desire|disappointment|gratitude|surprise
2021,22,realization,1|3|4|6|13|17|18|22,amusement|annoyance|approval|confusion|excitement|joy|love|realization
2022,7,curiosity,1|2|4|9|10|13|18|22|26,amusement|anger|approval|disappointment|disapproval|excitement|love|realization|surprise
2023,27,neutral,0|3|6|7|8|10|15|26,admiration|annoyance|confusion|curiosity|desire|disapproval|gratitude|surprise
2024,4,approval,0|2|5|6,admiration|anger|caring|confusion
2025,4,approval,0|6|7|11|15,admiration|confusion|curiosity|disgust|gratitude
2026,6|26,confusion|surprise,0|1|4|7|13|14|17|18,admiration|amusement|approval|curiosity|excitement|fear|joy|love
2027,0|17,admiration|joy,1|2|5|9|10|14|22,amusement|anger|caring|disappointment|disapproval|fear|realization
2028,27,neutral,5|7|9|11|15|20|22,caring|curiosity|disappointment|disgust|gratitude|optimism|realization
2029,0,admiration,1|6|8|10|13|19|22|27,amusement|confusion|desire|disapproval|excitement|nervousness|realization|neutral
2030,0,admiration,1|15|25|27,amusement|gratitude|sadness|neutral
2031,8,desire,0|7|9|13|14|25,admiration|curiosity|disappointment|excitement|fear|sadness
2032,27,neutral,1|5|7|10|18,amusement|caring|curiosity|disapproval|love
2033,27,neutral,3|7|15|18,annoyance|curiosity|gratitude|love
2034,27,neutral,2|4|7|10,anger|approval|curiosity|disapproval
2035,20,optimism,6|9|10|15|22|26|27,confusion|disappointment|disapproval|gratitude|realization|surprise|neutral
2036,25,sadness,0|5|13|15|17|27,admiration|caring|excitement|gratitude|joy|neutral
2037,25,sadness,4|7|17|20,approval|curiosity|joy|optimism
2038,27,neutral,0|1|3|4|10|15|20,admiration|amusement|annoyance|approval|disapproval|gratitude|optimism
2039,27,neutral,0|17|20|26|27,admiration|joy|optimism|surprise|neutral
2040,5,caring,0|1|2|3|4|5|13|15|25,admiration|amusement|anger|annoyance|approval|caring|excitement|gratitude|sadness
2041,3,annoyance,0|4|5|11|13|17|27,admiration|approval|caring|disgust|excitement|joy|neutral
2042,6|26,confusion|surprise,0|2|3|6|15|17|27,admiration|anger|annoyance|confusion|gratitude|joy|neutral
2043,27,neutral,0|3|4|9|15|17|18,admiration|annoyance|approval|disappointment|gratitude|joy|love
2044,18,love,5|6|14|18|20|27,caring|confusion|fear|love|optimism|neutral
2045,27,neutral,0|1|6|9|15|20|22,admiration|amusement|confusion|disappointment|gratitude|optimism|realization
2046,0,admiration,0|4|11|16|18|24|25|27,admiration|approval|disgust|grief|love|remorse|sadness|neutral
2047,22,realization,0|1|4|5|7|11,admiration|amusement|approval|caring|curiosity|disgust
2048,27,neutral,2|4|13|15|18|20|22,anger|approval|excitement|gratitude|love|optimism|realization
2049,15|24,gratitude|remorse,0|5|10|24|25|27,admiration|caring|disapproval|remorse|sadness|neutral
2050,9,disappointment,0|1|3|4|11|18|22|25|27,admiration|amusement|annoyance|approval|disgust|love|realization|sadness|neutral
2051,9|27,disappointment|neutral,1|2|4|6|10|11|15|27,amusement|anger|approval|confusion|disapproval|disgust|gratitude|neutral
2052,4,approval,3|4|9|18|20|24|27,annoyance|approval|disappointment|love|optimism|remorse|neutral
2053,14|27,fear|neutral,3|4|5|9|14,annoyance|approval|caring|disappointment|fear
2054,23,relief,2|3|7|10|11|25,anger|annoyance|curiosity|disapproval|disgust|sadness
2055,15,gratitude,1|3|10|17|18|24|26,amusement|annoyance|disapproval|joy|love|remorse|surprise
2056,10,disapproval,2|6|13|17|18|27,anger|confusion|excitement|joy|love|neutral
2057,4|27,approval|neutral,1|2|18,amusement|anger|love
2058,27,neutral,2|3|4|6|9|10|15|20,anger|annoyance|approval|confusion|disappointment|disapproval|gratitude|optimism
2059,15,gratitude,0|3|6|10|13|15|17|27,admiration|annoyance|confusion|disapproval|excitement|gratitude|joy|neutral
2060,15,gratitude,1|3|10|15|17|22,amusement|annoyance|disapproval|gratitude|joy|realization
2061,4,approval,0|1|4|10|20|25|26,admiration|amusement|approval|disapproval|optimism|sadness|surprise
2062,4,approval,3|4|5|7|17|25,annoyance|approval|caring|curiosity|joy|sadness
2063,22,realization,0|1|6|7|25,admiration|amusement|confusion|curiosity|sadness
2064,15|20|22,gratitude|optimism|realization,0|1|3|4|6|7|15|18|26,admiration|amusement|annoyance|approval|confusion|curiosity|gratitude|love|surprise
2065,0|9,admiration|disappointment,0|3|6|10|20|27,admiration|annoyance|confusion|disapproval|optimism|neutral
2066,7,curiosity,0|6|9|10|13|15|18|24,admiration|confusion|disappointment|disapproval|excitement|gratitude|love|remorse
2067,27,neutral,1|4|6|7|26|27,amusement|approval|confusion|curiosity|surprise|neutral
2068,26,surprise,0|4|5|10|11|14|15|17|24,admiration|approval|caring|disapproval|disgust|fear|gratitude|joy|remorse
2069,22,realization,1|4|10|13|17|18|20,amusement|approval|disapproval|excitement|joy|love|optimism
2070,27,neutral,0|9|27,admiration|disappointment|neutral
2071,15,gratitude,2|3|10|17|18|25|27,anger|annoyance|disapproval|joy|love|sadness|neutral
2072,9,disappointment,0|4|8|10|25|27,admiration|approval|desire|disapproval|sadness|neutral
2073,27,neutral,0|1|5|9|11|15|22|27,admiration|amusement|caring|disappointment|disgust|gratitude|realization|neutral
2074,17,joy,0|1|3|6|10|14|15|17|18,admiration|amusement|annoyance|confusion|disapproval|fear|gratitude|joy|love
2075,10,disapproval,7|10|13|15|18|20,curiosity|disapproval|excitement|gratitude|love|optimism
2076,27,neutral,0|2|3|5|6|15|17,admiration|anger|annoyance|caring|confusion|gratitude|joy
2077,7,curiosity,10|15|22|25,disapproval|gratitude|realization|sadness
2078,14|25,fear|sadness,6|13|20|22|25|27,confusion|excitement|optimism|realization|sadness|neutral
2079,25,sadness,2|4|10|13|17|25|26,anger|approval|disapproval|excitement|joy|sadness|surprise
2080,15,gratitude,1|2|4|6|7|18|25|27,amusement|anger|approval|confusion|curiosity|love|sadness|neutral
2081,18,love,3|9|17|20,annoyance|disappointment|joy|optimism
2082,13|17,excitement|joy,0|1|3|6|7|9|17,admiration|amusement|annoyance|confusion|curiosity|disappointment|joy
2083,27,neutral,5|7|9|10|15|17|18|22|27,caring|curiosity|disappointment|disapproval|gratitude|joy|love|realization|neutral
2084,2,anger,4|6|10|17|20|25,approval|confusion|disapproval|joy|optimism|sadness
2085,27,neutral,23|27,relief|neutral
2086,27,neutral,0|3|8|13|17|27,admiration|annoyance|desire|excitement|joy|neutral
2087,22,realization,3|6|7|11|17|18|26,annoyance|confusion|curiosity|disgust|joy|love|surprise
2088,27,neutral,0|1|4|5|8|13|15,admiration|amusement|approval|caring|desire|excitement|gratitude
2089,27,neutral,0|3|15|18|26|27,admiration|annoyance|gratitude|love|surprise|neutral
2090,3,annoyance,2|3|4|5|10|17|18,anger|annoyance|approval|caring|disapproval|joy|love
2091,7,curiosity,0|9|11|13|17|18|25|27,admiration|disappointment|disgust|excitement|joy|love|sadness|neutral
2092,27,neutral,4|5|7|9|15|27,approval|caring|curiosity|disappointment|gratitude|neutral
2093,1,amusement,1|4|7|10|13|18|27,amusement|approval|curiosity|disapproval|excitement|love|neutral
2094,15,gratitude,0|5|6|7|20|22|26|27,admiration|caring|confusion|curiosity|optimism|realization|surprise|neutral
2095,10,disapproval,4|5|7|9|11|13|17|20|22,approval|caring|curiosity|disappointment|disgust|excitement|joy|optimism|realization
2096,3,annoyance,1|4|7|17|20|26|27,amusement|approval|curiosity|joy|optimism|surprise|neutral
2097,18,love,0|9|15|17|18|20,admiration|disappointment|gratitude|joy|love|optimism
2098,12|24,embarrassment|remorse,0|5|7|20|22|27,admiration|caring|curiosity|optimism|realization|neutral
2099,27,neutral,3|4|20|24|27,annoyance|approval|optimism|remorse|neutral
2100,27,neutral,0|2|3|7|25,admiration|anger|annoyance|curiosity|sadness
2101,3,annoyance,0|6|10,admiration|confusion|disapproval
2102,9|25,disappointment|sadness,3|4|14|17|18|20|27,annoyance|approval|fear|joy|love|optimism|neutral
2103,11,disgust,0|1|3|4|5|8|15|18|22,admiration|amusement|annoyance|approval|caring|desire|gratitude|love|realization
2104,27,neutral,1|5|6|7|9|10|17|20|22|26,amusement|caring|confusion|curiosity|disappointment|disapproval|joy|optimism|realization|surprise
2105,26,surprise,3|6|8|18|20|22|27,annoyance|confusion|desire|love|optimism|realization|neutral
2106,1,amusement,3|4|15|18|24|27,annoyance|approval|gratitude|love|remorse|neutral
2107,27,neutral,0|4|9|10|18|27,admiration|approval|disappointment|disapproval|love|neutral
2108,27,neutral,0|8|9|18|27,admiration|desire|disappointment|love|neutral
2109,6,confusion,0|3|8|26,admiration|annoyance|desire|surprise
2110,27,neutral,6|18|22|27,confusion|love|realization|neutral
2111,27,neutral,7|20|27,curiosity|optimism|neutral
2112,15,gratitude,0|1|7|8|9|17,admiration|amusement|curiosity|desire|disappointment|joy
2113,2,anger,1|5|6|7|10|17|25|27,amusement|caring|confusion|curiosity|disapproval|joy|sadness|neutral
2114,1,amusement,0|6|13|20|26,admiration|confusion|excitement|optimism|surprise
2115,3|10,annoyance|disapproval,0|3|4|7|14|24,admiration|annoyance|approval|curiosity|fear|remorse
2116,27,neutral,0|3|9|22|25,admiration|annoyance|disappointment|realization|sadness
2117,27,neutral,7|11|13|25|27,curiosity|disgust|excitement|sadness|neutral
2118,27,neutral,0|4|11|12|24|27,admiration|approval|disgust|embarrassment|remorse|neutral
2119,27,neutral,1|2|3|4|10|13,amusement|anger|annoyance|approval|disapproval|excitement
2120,7|27,curiosity|neutral,7|11|18,curiosity|disgust|love
2121,27,neutral,0|4|7|10|18|24|25,admiration|approval|curiosity|disapproval|love|remorse|sadness
2122,4,approval,0|1|4|6|7|13|20,admiration|amusement|approval|confusion|curiosity|excitement|optimism
2123,27,neutral,1|3|5|22|24|26|27,amusement|annoyance|caring|realization|remorse|surprise|neutral
2124,27,neutral,0|5|6|7|9|11|18|20,admiration|caring|confusion|curiosity|disappointment|disgust|love|optimism
2125,0,admiration,2|4|6|7|10|17|25|27,anger|approval|confusion|curiosity|disapproval|joy|sadness|neutral
2126,27,neutral,0|3|4|6|7|9|10|15|17|18|22,admiration|annoyance|approval|confusion|curiosity|disappointment|disapproval|gratitude|joy|love|realization
2127,27,neutral,0|1|2|15|18|20|25,admiration|amusement|anger|gratitude|love|optimism|sadness
2128,18,love,0|1|2|3|9|15|18|20|25,admiration|amusement|anger|annoyance|disappointment|gratitude|love|optimism|sadness
2129,27,neutral,0|3|4|7|11|13|17|18|20|25,admiration|annoyance|approval|curiosity|disgust|excitement|joy|love|optimism|sadness
2130,3,annoyance,0|4|10|20|26|27,admiration|approval|disapproval|optimism|surprise|neutral
2131,15,gratitude,2|6|7|10|14|15|18|27,anger|confusion|curiosity|disapproval|fear|gratitude|love|neutral
2132,9,disappointment,6|17|18|27,confusion|joy|love|neutral
2133,27,neutral,0|4|7|9|11|15|20|27,admiration|approval|curiosity|disappointment|disgust|gratitude|optimism|neutral
2134,2,anger,3|10|20|25|27,annoyance|disapproval|optimism|sadness|neutral
2135,27,neutral,0|5|10|19|27,admiration|caring|disapproval|nervousness|neutral
2136,13|20|27,excitement|optimism|neutral,3|4|6|9|27,annoyance|approval|confusion|disappointment|neutral
2137,27,neutral,1|2|3|4|7|13|27,amusement|anger|annoyance|approval|curiosity|excitement|neutral
2138,17,joy,0|2|4|6|7|11|22|25,admiration|anger|approval|confusion|curiosity|disgust|realization|sadness
2139,7|27,curiosity|neutral,1|26|27,amusement|surprise|neutral
2140,22,realization,2|8|9|20|22|27,anger|desire|disappointment|optimism|realization|neutral
2141,20,optimism,0|4|5|15|20|27,admiration|approval|caring|gratitude|optimism|neutral
2142,15,gratitude,6|8|11|13|15|22|24|27,confusion|desire|disgust|excitement|gratitude|realization|remorse|neutral
2143,20|25,optimism|sadness,3|6|7|15|27,annoyance|confusion|curiosity|gratitude|neutral
2144,1|3,amusement|annoyance,0|1|4|6|7|8|15|17|22|24,admiration|amusement|approval|confusion|curiosity|desire|gratitude|joy|realization|remorse
2145,4,approval,0|2|4|8|9|11|17,admiration|anger|approval|desire|disappointment|disgust|joy
2146,17|25,joy|sadness,1|2|7|15|17|20|24|25,amusement|anger|curiosity|gratitude|joy|optimism|remorse|sadness
2147,27,neutral,3|10,annoyance|disapproval
2148,4,approval,2|4|5|14|18|20|25|26,anger|approval|caring|fear|love|optimism|sadness|surprise
2149,27,neutral,0|5|8|10|17|18,admiration|caring|desire|disapproval|joy|love
2150,3,annoyance,0|5|6|7|10|18|20|25,admiration|caring|confusion|curiosity|disapproval|love|optimism|sadness
2151,7,curiosity,2|3|4|7|9|20,anger|annoyance|approval|curiosity|disappointment|optimism
2152,8,desire,0|4|5|6|7|8|9|11|14|22,admiration|approval|caring|confusion|curiosity|desire|disappointment|disgust|fear|realization
2153,27,neutral,0|1|5|12|13|15|27,admiration|amusement|caring|embarrassment|excitement|gratitude|neutral
2154,18,love,0|2|6|7|10|15,admiration|anger|confusion|curiosity|disapproval|gratitude
2155,27,neutral,0|1|3|10|18|20|25,admiration|amusement|annoyance|disapproval|love|optimism|sadness
2156,15,gratitude,3|4|10|11|13|17|18|26,annoyance|approval|disapproval|disgust|excitement|joy|love|surprise
2157,27,neutral,2|6|26|27,anger|confusion|surprise|neutral
2158,27,neutral,0|2|5|7|10|17|22,admiration|anger|caring|curiosity|disapproval|joy|realization
2159,24,remorse,2|6|12|17|22|27,anger|confusion|embarrassment|joy|realization|neutral
2160,27,neutral,3|4|13|20|22,annoyance|approval|excitement|optimism|realization
2161,15,gratitude,0|1|5|7|13|15|25|26,admiration|amusement|caring|curiosity|excitement|gratitude|sadness|surprise
2162,27,neutral,0|1|2|3|9|11|17|25,admiration|amusement|anger|annoyance|disappointment|disgust|joy|sadness
2163,0|1,admiration|amusement,0|2|9|15|18|20|25,admiration|anger|disappointment|gratitude|love|optimism|sadness
2164,25,sadness,1|6|7|10|13|20,amusement|confusion|curiosity|disapproval|excitement|optimism
2165,20,optimism,2|3|4|5|9|10|11|15|18|25|26,anger|annoyance|approval|caring|disappointment|disapproval|disgust|gratitude|love|sadness|surprise
2166,7,curiosity,0|4|5|6|7|10|14|18,admiration|approval|caring|confusion|curiosity|disapproval|fear|love
2167,27,neutral,0|10|15|17|18|20|27,admiration|disapproval|gratitude|joy|love|optimism|neutral
2168,15,gratitude,3|9|13|17|18|25|27,annoyance|disappointment|excitement|joy|love|sadness|neutral
2169,2|9,anger|disappointment,0|1|4|7|10|27,admiration|amusement|approval|curiosity|disapproval|neutral
2170,4,approval,1|4|6|7|13|17|25|26,amusement|approval|confusion|curiosity|excitement|joy|sadness|surprise
2171,27,neutral,2|7|10|15|20,anger|curiosity|disapproval|gratitude|optimism
2172,27,neutral,6|24,confusion|remorse
2173,27,neutral,1|2|8|13|20|27,amusement|anger|desire|excitement|optimism|neutral
2174,20,optimism,0|7|15|17|27,admiration|curiosity|gratitude|joy|neutral
2175,27,neutral,2|7|11|15|17|20|27,anger|curiosity|disgust|gratitude|joy|optimism|neutral
2176,20,optimism,0|4|9|14|17|18|22|25|27,admiration|approval|disappointment|fear|joy|love|realization|sadness|neutral
2177,9,disappointment,3|5|10|27,annoyance|caring|disapproval|neutral
2178,13,excitement,3|7|8|10|18|20|26,annoyance|curiosity|desire|disapproval|love|optimism|surprise
2179,18,love,2|4|5|8|10|15|17|18|20|26,anger|approval|caring|desire|disapproval|gratitude|joy|love|optimism|surprise
2180,0|1|9,admiration|amusement|disappointment,8|9|10|18|20|22|25|26,desire|disappointment|disapproval|love|optimism|realization|sadness|surprise
2181,16,grief,4|5|6|20|27,approval|caring|confusion|optimism|neutral
2182,27,neutral,3|4|6|7|9|13|15|18|19|22,annoyance|approval|confusion|curiosity|disappointment|excitement|gratitude|love|nervousness|realization
2183,3,annoyance,1|4|10|11|13|18|27,amusement|approval|disapproval|disgust|excitement|love|neutral
2184,7,curiosity,0|3|4|7|9,admiration|annoyance|approval|curiosity|disappointment
2185,27,neutral,0|5|7|20|23|25,admiration|caring|curiosity|optimism|relief|sadness
2186,0,admiration,0|4|6|8|10|14|25|26,admiration|approval|confusion|desire|disapproval|fear|sadness|surprise
2187,0,admiration,1|2|7|11|13|27,amusement|anger|curiosity|disgust|excitement|neutral
2188,3,annoyance,1|3|4|13|17,amusement|annoyance|approval|excitement|joy
2189,27,neutral,0|4|6|7|10|11|27,admiration|approval|confusion|curiosity|disapproval|disgust|neutral
2190,27,neutral,1|6|13|15|27,amusement|confusion|excitement|gratitude|neutral
2191,27,neutral,0|7|8|9|11|13|26,admiration|curiosity|desire|disappointment|disgust|excitement|surprise
2192,27,neutral,0|2|5|6|11|13|15|18|20|22|23,admiration|anger|caring|confusion|disgust|excitement|gratitude|love|optimism|realization|relief
2193,27,neutral,7|20|26,curiosity|optimism|surprise
2194,5,caring,1|7|14|20|27,amusement|curiosity|fear|optimism|neutral
2195,27,neutral,17|24|25|27,joy|remorse|sadness|neutral
2196,0|20,admiration|optimism,1|7|8|15|17|18|26,amusement|curiosity|desire|gratitude|joy|love|surprise
2197,27,neutral,6|8|27,confusion|desire|neutral
2198,27,neutral,2|4|15|18|20|24|25|26,anger|approval|gratitude|love|optimism|remorse|sadness|surprise
2199,27,neutral,1|2|4|5|7|13|26,amusement|anger|approval|caring|curiosity|excitement|surprise
2200,18,love,18|22|25|27,love|realization|sadness|neutral
2201,1,amusement,0|2|9|13|15|17|25|27,admiration|anger|disappointment|excitement|gratitude|joy|sadness|neutral
2202,6,confusion,3|4|7|10|11|22|27,annoyance|approval|curiosity|disapproval|disgust|realization|neutral
2203,17,joy,6|7|8|13|18|22|26|27,confusion|curiosity|desire|excitement|love|realization|surprise|neutral
2204,10,disapproval,0|7|9|13|15|27,admiration|curiosity|disappointment|excitement|gratitude|neutral
2205,15,gratitude,1|5|25|26|27,amusement|caring|sadness|surprise|neutral
2206,0|7,admiration|curiosity,2|7|11|18|25|27,anger|curiosity|disgust|love|sadness|neutral
2207,0|25,admiration|sadness,2|4|9|13|18|20,anger|approval|disappointment|excitement|love|optimism
2208,27,neutral,0|5|7|27,admiration|caring|curiosity|neutral
2209,1|7,amusement|curiosity,0|3|6|10|20|25,admiration|annoyance|confusion|disapproval|optimism|sadness
2210,10|11,disapproval|disgust,2|6|8|13|17|18|20|27,anger|confusion|desire|excitement|joy|love|optimism|neutral
2211,2,anger,4|10|11|20|22|25|27,approval|disapproval|disgust|optimism|realization|sadness|neutral
2212,14,fear,0|1|2|5|7|17|22|27,admiration|amusement|anger|caring|curiosity|joy|realization|neutral
2213,4,approval,0|3|4|5|10|20|25|26,admiration|annoyance|approval|caring|disapproval|optimism|sadness|surprise
2214,13,excitement,0|5|8|9|15|17|18|22|26|27,admiration|caring|desire|disappointment|gratitude|joy|love|realization|surprise|neutral
2215,5,caring,1|4|9|11|26,amusement|approval|disappointment|disgust|surprise
2216,27,neutral,0|2|6|25,admiration|anger|confusion|sadness
2217,10|27,disapproval|neutral,0|3|4|5|7|26,admiration|annoyance|approval|caring|curiosity|surprise
2218,10,disapproval,1|3|4|10|14|25|26|27,amusement|annoyance|approval|disapproval|fear|sadness|surprise|neutral
2219,1,amusement,1|14|15|20|22|25,amusement|fear|gratitude|optimism|realization|sadness
2220,4,approval,0|1|2|13|20,admiration|amusement|anger|excitement|optimism
2221,15,gratitude,0|1|6|7|15|18|20,admiration|amusement|confusion|curiosity|gratitude|love|optimism
2222,27,neutral,0|1|4|5|15|27,admiration|amusement|approval|caring|gratitude|neutral
2223,6,confusion,0|3|7|10|15|18|20|24|25,admiration|annoyance|curiosity|disapproval|gratitude|love|optimism|remorse|sadness
2224,4,approval,0|1|7|10|11|15|20,admiration|amusement|curiosity|disapproval|disgust|gratitude|optimism
2225,24,remorse,1|4|6|9|11|13|15|18,amusement|approval|confusion|disappointment|disgust|excitement|gratitude|love
2226,27,neutral,0|4|9|15|18|24,admiration|approval|disappointment|gratitude|love|remorse
2227,1|3,amusement|annoyance,1|2|4|10|13|18|20|24|25,amusement|anger|approval|disapproval|excitement|love|optimism|remorse|sadness
2228,1,amusement,9|15|27,disappointment|gratitude|neutral
2229,3,annoyance,2|3|4|14|15|20|25,anger|annoyance|approval|fear|gratitude|optimism|sadness
2230,5,caring,0|1|3|4|7|13|18|20|26,admiration|amusement|annoyance|approval|curiosity|excitement|love|optimism|surprise
2231,2,anger,6|7|11|15|27,confusion|curiosity|disgust|gratitude|neutral
2232,25,sadness,1|4|5|15|27,amusement|approval|caring|gratitude|neutral
2233,0,admiration,0|1|4|7|10|17|25,admiration|amusement|approval|curiosity|disapproval|joy|sadness
2234,22,realization,0|1|13|15|22|25|27,admiration|amusement|excitement|gratitude|realization|sadness|neutral
2235,27,neutral,0|2|9|15|18|25|27,admiration|anger|disappointment|gratitude|love|sadness|neutral
2236,10,disapproval,0|2|11|13|18|27,admiration|anger|disgust|excitement|love|neutral
2237,3|27,annoyance|neutral,0|1|2|4|18|25,admiration|amusement|anger|approval|love|sadness
2238,27,neutral,1|3|5|7|11|15|18|24,amusement|annoyance|caring|curiosity|disgust|gratitude|love|remorse
2239,9,disappointment,0|1|2,admiration|amusement|anger
2240,22,realization,0|1|2|11|13|25|26|27,admiration|amusement|anger|disgust|excitement|sadness|surprise|neutral
2241,17,joy,14|17,fear|joy
2242,6,confusion,3|4|7|18|22|27,annoyance|approval|curiosity|love|realization|neutral
2243,18,love,1|7|15|18|25,amusement|curiosity|gratitude|love|sadness
2244,0,admiration,7|13|18,curiosity|excitement|love
2245,17|18,joy|love,1|3|5|6|7|9|10|25,amusement|annoyance|caring|confusion|curiosity|disappointment|disapproval|sadness
2246,27,neutral,0|9|13|18|24|27,admiration|disappointment|excitement|love|remorse|neutral
2247,8|15,desire|gratitude,0|3|7|9|10|13|15|22,admiration|annoyance|curiosity|disappointment|disapproval|excitement|gratitude|realization
2248,18,love,2|7|10|14|15|17|18|25|26,anger|curiosity|disapproval|fear|gratitude|joy|love|sadness|surprise
2249,0,admiration,0|4|5|15|27,admiration|approval|caring|gratitude|neutral
2250,27,neutral,4|7,approval|curiosity
2251,2,anger,5|15|17|18|22|27,caring|gratitude|joy|love|realization|neutral
2252,12|15,embarrassment|gratitude,6|10|11|14,confusion|disapproval|disgust|fear
2253,1,amusement,0|6|9|13|17|25,admiration|confusion|disappointment|excitement|joy|sadness
2254,27,neutral,0|4|13|17|22|25,admiration|approval|excitement|joy|realization|sadness
2255,27,neutral,0|1|3|7|15|16,admiration|amusement|annoyance|curiosity|gratitude|grief
2256,2|3,anger|annoyance,0|2|5|25|27,admiration|anger|caring|sadness|neutral
2257,0,admiration,3|4|13|18|27,annoyance|approval|excitement|love|neutral
2258,1,amusement,2|4|6|7|9|10|11|17,anger|approval|confusion|curiosity|disappointment|disapproval|disgust|joy
2259,15,gratitude,0|1|2|7|8|20,admiration|amusement|anger|curiosity|desire|optimism
2260,1|15|18,amusement|gratitude|love,1|4|5|7|18|20|24,amusement|approval|caring|curiosity|love|optimism|remorse
2261,27,neutral,2|3|5|6|9|11|14|15|17|22|26,anger|annoyance|caring|confusion|disappointment|disgust|fear|gratitude|joy|realization|surprise
2262,0,admiration,0|5|7|8|9|13|15|18|20|22|24,admiration|caring|curiosity|desire|disappointment|excitement|gratitude|love|optimism|realization|remorse
2263,4,approval,6|8|10|14|15|18|26,confusion|desire|disapproval|fear|gratitude|love|surprise
2264,5|10,caring|disapproval,2|3|7|11|15|25|26,anger|annoyance|curiosity|disgust|gratitude|sadness|surprise
2265,10,disapproval,2|4|5|27,anger|approval|caring|neutral
2266,6|27,confusion|neutral,1|3|4|11|20|27,amusement|annoyance|approval|disgust|optimism|neutral
2267,27,neutral,0|2|10|14|17|24|27,admiration|anger|disapproval|fear|joy|remorse|neutral
2268,0,admiration,2|3|10|15|17|22,anger|annoyance|disapproval|gratitude|joy|realization
2269,10|20,disapproval|optimism,3|6|7|10|13|27,annoyance|confusion|curiosity|disapproval|excitement|neutral
2270,15,gratitude,4|7|9|13|20|24|27,approval|curiosity|disappointment|excitement|optimism|remorse|neutral
2271,27,neutral,1|4|10,amusement|approval|disapproval
2272,8,desire,3|6|11|14|17|25,annoyance|confusion|disgust|fear|joy|sadness
2273,27,neutral,7|9|22|24|27,curiosity|disappointment|realization|remorse|neutral
2274,27,neutral,0|1|2|3|6|7|18|27,admiration|amusement|anger|annoyance|confusion|curiosity|love|neutral
2275,11,disgust,3|4|7|22|25|26,annoyance|approval|curiosity|realization|sadness|surprise
2276,0,admiration,2|3|4|6|10|20|22|27,anger|annoyance|approval|confusion|disapproval|optimism|realization|neutral
2277,5,caring,0|1|3|7|10|15|18|20|25,admiration|amusement|annoyance|curiosity|disapproval|gratitude|love|optimism|sadness
2278,4,approval,0|2|4|9|15|17|18|25,admiration|anger|approval|disappointment|gratitude|joy|love|sadness
2279,27,neutral,3|8|9|10|11|18|20|25|26|27,annoyance|desire|disappointment|disapproval|disgust|love|optimism|sadness|surprise|neutral
2280,9|11|14,disappointment|disgust|fear,0|3|6|27,admiration|annoyance|confusion|neutral
2281,0|17,admiration|joy,1|4|7|15|18|20|27,amusement|approval|curiosity|gratitude|love|optimism|neutral
2282,3,annoyance,1|3|4|13|20|22|24,amusement|annoyance|approval|excitement|optimism|realization|remorse
2283,7|27,curiosity|neutral,4|5|6|8|10|15|18|20|22|26,approval|caring|confusion|desire|disapproval|gratitude|love|optimism|realization|surprise
2284,18,love,0|3|9|10|17|22,admiration|annoyance|disappointment|disapproval|joy|realization
2285,2,anger,0|4|5|7|8|13|15|20|27,admiration|approval|caring|curiosity|desire|excitement|gratitude|optimism|neutral
2286,24,remorse,3|4|5|15|26,annoyance|approval|caring|gratitude|surprise
2287,27,neutral,0|4|15|18|20|27,admiration|approval|gratitude|love|optimism|neutral
2288,22,realization,0|4|7|11|24|26|27,admiration|approval|curiosity|disgust|remorse|surprise|neutral
2289,6,confusion,0|1|4|5|8|27,admiration|amusement|approval|caring|desire|neutral
2290,27,neutral,2|4|6|7|8|10|13|15|26,anger|approval|confusion|curiosity|desire|disapproval|excitement|gratitude|surprise
2291,1,amusement,0|9|14|15|25|27,admiration|disappointment|fear|gratitude|sadness|neutral
2292,10|23,disapproval|relief,3|4|9|10|13|17|22|27,annoyance|approval|disappointment|disapproval|excitement|joy|realization|neutral
2293,4,approval,7|9|17|20|22|26,curiosity|disappointment|joy|optimism|realization|surprise
2294,27,neutral,20|27,optimism|neutral
2295,15,gratitude,8|15|18|20|27,desire|gratitude|love|optimism|neutral
2296,3,annoyance,0|1|3|7|13|26,admiration|amusement|annoyance|curiosity|excitement|surprise
2297,0,admiration,2|6|7|8|9|15|25,anger|confusion|curiosity|desire|disappointment|gratitude|sadness
2298,24,remorse,9|17|27,disappointment|joy|neutral
2299,27,neutral,1|7|10|13|15|17|18|25,amusement|curiosity|disapproval|excitement|gratitude|joy|love|sadness
2300,18,love,3|5|6|7|25,annoyance|caring|confusion|curiosity|sadness
2301,3|9,annoyance|disappointment,1|2|4|20|27,amusement|anger|approval|optimism|neutral
2302,27,neutral,3|9|11|17|20|22,annoyance|disappointment|disgust|joy|optimism|realization
2303,0,admiration,0|2|3|4|5,admiration|anger|annoyance|approval|caring
2304,4,approval,0|3|11|15|17|18,admiration|annoyance|disgust|gratitude|joy|love
2305,27,neutral,0|1|3|4|6|8|17|18|20,admiration|amusement|annoyance|approval|confusion|desire|joy|love|optimism
2306,27,neutral,1|3|6|7|10|17|27,amusement|annoyance|confusion|curiosity|disapproval|joy|neutral
2307,27,neutral,0|3|7|11|15|20|22,admiration|annoyance|curiosity|disgust|gratitude|optimism|realization
2308,14,fear,0|17,admiration|joy
2309,2|4,anger|approval,2|7|15,anger|curiosity|gratitude
2310,27,neutral,0|1|2|4|6|9|20|22|25,admiration|amusement|anger|approval|confusion|disappointment|optimism|realization|sadness
2311,3|9,annoyance|disappointment,4|6|7|10|13|15|20,approval|confusion|curiosity|disapproval|excitement|gratitude|optimism
2312,10,disapproval,2|3|4|9|10|13|18|25|27,anger|annoyance|approval|disappointment|disapproval|excitement|love|sadness|neutral
2313,14,fear,0|2|3|5|6|7|9|12|14|15|17|25|26,admiration|anger|annoyance|caring|confusion|curiosity|disappointment|embarrassment|fear|gratitude|joy|sadness|surprise
2314,10,disapproval,0|4|11|15|17,admiration|approval|disgust|gratitude|joy
2315,27,neutral,0|1|7|13|17,admiration|amusement|curiosity|excitement|joy
2316,15,gratitude,4|7|10|13|22,approval|curiosity|disapproval|excitement|realization
2317,2,anger,0|7|12|27,admiration|curiosity|embarrassment|neutral
2318,10,disapproval,0|3|4|10|15|18|22|25|27,admiration|annoyance|approval|disapproval|gratitude|love|realization|sadness|neutral
2319,11,disgust,1|2|3|7|9|27,amusement|anger|annoyance|curiosity|disappointment|neutral
2320,3|9,annoyance|disappointment,3|7|15|17|20|27,annoyance|curiosity|gratitude|joy|optimism|neutral
2321,27,neutral,1|18|27,amusement|love|neutral
2322,9|22,disappointment|realization,2|4|18|27,anger|approval|love|neutral
2323,10,disapproval,0|2|6|10|11|15,admiration|anger|confusion|disapproval|disgust|gratitude
2324,13|18,excitement|love,3|7|11|13|25,annoyance|curiosity|disgust|excitement|sadness
2325,26,surprise,22|27,realization|neutral
2326,15,gratitude,1|2|3|4|6|9|13|17|18|27,amusement|anger|annoyance|approval|confusion|disappointment|excitement|joy|love|neutral
2327,1,amusement,0|2|3|7|8|10|11|26,admiration|anger|annoyance|curiosity|desire|disapproval|disgust|surprise
2328,27,neutral,0|3|7,admiration|annoyance|curiosity
2329,26,surprise,2|5|7|9|11|15|17,anger|caring|curiosity|disappointment|disgust|gratitude|joy
2330,22|27,realization|neutral,0|1|3|5|6|9|11|13|18,admiration|amusement|annoyance|caring|confusion|disappointment|disgust|excitement|love
2331,8,desire,2|3|4|7|15|18|20|27,anger|annoyance|approval|curiosity|gratitude|love|optimism|neutral
2332,27,neutral,3|4|6|7|10|13|15|22|23,annoyance|approval|confusion|curiosity|disapproval|excitement|gratitude|realization|relief
2333,22,realization,2|5|7|11|15|22,anger|caring|curiosity|disgust|gratitude|realization
2334,14|25,fear|sadness,0|4|9|11|15|18|20|25|27,admiration|approval|disappointment|disgust|gratitude|love|optimism|sadness|neutral
2335,25,sadness,0|9|10|13|15|17|18|20|24,admiration|disappointment|disapproval|excitement|gratitude|joy|love|optimism|remorse
2336,5|20,caring|optimism,1|2|4|5|7|13|17|26|27,amusement|anger|approval|caring|curiosity|excitement|joy|surprise|neutral
2337,10,disapproval,0|1|5|7|13|15|27,admiration|amusement|caring|curiosity|excitement|gratitude|neutral
2338,8,desire,0|4|15|25,admiration|approval|gratitude|sadness
2339,10,disapproval,0|5|7|18|22|25|26|27,admiration|caring|curiosity|love|realization|sadness|surprise|neutral
2340,27,neutral,0|7|10|11|13|15,admiration|curiosity|disapproval|disgust|excitement|gratitude
2341,3,annoyance,0|2|7|8|15|18|20,admiration|anger|curiosity|desire|gratitude|love|optimism
2342,27,neutral,2|3|10|22|26|27,anger|annoyance|disapproval|realization|surprise|neutral
2343,27,neutral,1|2|3|10|12|13|15|17|26,amusement|anger|annoyance|disapproval|embarrassment|excitement|gratitude|joy|surprise
2344,27,neutral,0|1|6|11|13|18|25|27,admiration|amusement|confusion|disgust|excitement|love|sadness|neutral
2345,10,disapproval,1|2|9|10|11|15|18|27,amusement|anger|disappointment|disapproval|disgust|gratitude|love|neutral
2346,27,neutral,0|4|8|9|13|14|15,admiration|approval|desire|disappointment|excitement|fear|gratitude
2347,7,curiosity,0|5|12|25|27,admiration|caring|embarrassment|sadness|neutral
2348,27,neutral,10|15|20|25,disapproval|gratitude|optimism|sadness
2349,4|27,approval|neutral,1|2|4|15|17|18|25,amusement|anger|approval|gratitude|joy|love|sadness
2350,3,annoyance,0|1|2|5|7|10|17|26,admiration|amusement|anger|caring|curiosity|disapproval|joy|surprise
2351,5|19,caring|nervousness,6|7|18|20|22|26|27,confusion|curiosity|love|optimism|realization|surprise|neutral
2352,7,curiosity,3|10|15|17|18|20|24,annoyance|disapproval|gratitude|joy|love|optimism|remorse
2353,27,neutral,1|2|3|5|9|11|17|18|22,amusement|anger|annoyance|caring|disappointment|disgust|joy|love|realization
2354,4,approval,2|7|8|9|10|14|15|20,anger|curiosity|desire|disappointment|disapproval|fear|gratitude|optimism
2355,19,nervousness,2|14|20|22|24|27,anger|fear|optimism|realization|remorse|neutral
2356,4,approval,4|7|15|17|19|22|25|26|27,approval|curiosity|gratitude|joy|nervousness|realization|sadness|surprise|neutral
2357,27,neutral,0|2|3|5|7|8|10|17|22,admiration|anger|annoyance|caring|curiosity|desire|disapproval|joy|realization
2358,10|24,disapproval|remorse,0|1|3|7|10|15|18,admiration|amusement|annoyance|curiosity|disapproval|gratitude|love
2359,5,caring,9|15|27,disappointment|gratitude|neutral
2360,1,amusement,4|6|10|17|26|27,approval|confusion|disapproval|joy|surprise|neutral
2361,4,approval,1|2|3|22|24,amusement|anger|annoyance|realization|remorse
2362,1,amusement,10|11|15|20|25|27,disapproval|disgust|gratitude|optimism|sadness|neutral
2363,2,anger,2|3|4|5|8|15|27,anger|annoyance|approval|caring|desire|gratitude|neutral
2364,4|27,approval|neutral,0|1|4|7|11|17|20|22,admiration|amusement|approval|curiosity|disgust|joy|optimism|realization
2365,7,curiosity,0|1|3|7|9|10|11|18|20|26,admiration|amusement|annoyance|curiosity|disappointment|disapproval|disgust|love|optimism|surprise
2366,0,admiration,0|2|7|8|9|13|15|17|18,admiration|anger|curiosity|desire|disappointment|excitement|gratitude|joy|love
2367,2|3,anger|annoyance,1|2|3|7|11|15,amusement|anger|annoyance|curiosity|disgust|gratitude
2368,9,disappointment,2|7|8,anger|curiosity|desire
2369,7,curiosity,6|17|18|27,confusion|joy|love|neutral
2370,3,annoyance,0|4|5|6|17|20|22|25,admiration|approval|caring|confusion|joy|optimism|realization|sadness
2371,17,joy,0|2|3|7|15|17|24|27,admiration|anger|annoyance|curiosity|gratitude|joy|remorse|neutral
2372,3|15,annoyance|gratitude,4|7|9|26|27,approval|curiosity|disappointment|surprise|neutral
2373,3,annoyance,6|9|11|18|22|24|27,confusion|disappointment|disgust|love|realization|remorse|neutral
2374,4,approval,0|4|6|7|9|15|26,admiration|approval|confusion|curiosity|disappointment|gratitude|surprise
2375,27,neutral,1|2|4|5|10|24|26|27,amusement|anger|approval|caring|disapproval|remorse|surprise|neutral
2376,5,caring,1|2|5|7,amusement|anger|caring|curiosity
2377,0|20,admiration|optimism,0|1|2|3|7|9|15|17,admiration|amusement|anger|annoyance|curiosity|disappointment|gratitude|joy
2378,18,love,2|3|7|12|13|17|27,anger|annoyance|curiosity|embarrassment|excitement|joy|neutral
2379,13|17,excitement|joy,6|7|10|18|22|27,confusion|curiosity|disapproval|love|realization|neutral
2380,27,neutral,3|10|15|20,annoyance|disapproval|gratitude|optimism
2381,4,approval,1|2|3|4|14|15|18|22,amusement|anger|annoyance|approval|fear|gratitude|love|realization
2382,8,desire,0|3|7|13|15|20|22|25|26,admiration|annoyance|curiosity|excitement|gratitude|optimism|realization|sadness|surprise
2383,1|9,amusement|disappointment,0|1|7|10|13|18|27,admiration|amusement|curiosity|disapproval|excitement|love|neutral
2384,4,approval,0|9,admiration|disappointment
2385,20,optimism,5|13|15,caring|excitement|gratitude
2386,27,neutral,5|22|27,caring|realization|neutral
2387,0,admiration,0|1|6|7|15|20|22,admiration|amusement|confusion|curiosity|gratitude|optimism|realization
2388,1,amusement,2|4|7|9|11|17|27,anger|approval|curiosity|disappointment|disgust|joy|neutral
2389,27,neutral,4|6|11|27,approval|confusion|disgust|neutral
2390,27,neutral,0|27,admiration|neutral
2391,1,amusement,3|6|7|17|18|22|25|27,annoyance|confusion|curiosity|joy|love|realization|sadness|neutral
2392,10|11,disapproval|disgust,3|6|7|15|17|20|26,annoyance|confusion|curiosity|gratitude|joy|optimism|surprise
2393,0,admiration,1|7|25|27,amusement|curiosity|sadness|neutral
2394,27,neutral,0|1|11|15|20|25,admiration|amusement|disgust|gratitude|optimism|sadness
2395,5,caring,1|2|6|17|22|24|26,amusement|anger|confusion|joy|realization|remorse|surprise
2396,10,disapproval,0|4|5|6|7|11|20|22|27,admiration|approval|caring|confusion|curiosity|disgust|optimism|realization|neutral
2397,27,neutral,4|5|7|15|17|18|20|22,approval|caring|curiosity|gratitude|joy|love|optimism|realization
2398,1|27,amusement|neutral,0|1|13|15,admiration|amusement|excitement|gratitude
2399,27,neutral,7|11|15|25|27,curiosity|disgust|gratitude|sadness|neutral
2400,15,gratitude,2|3|5|10|22|27,anger|annoyance|caring|disapproval|realization|neutral
2401,4,approval,2|4|10|15|17|25,anger|approval|disapproval|gratitude|joy|sadness
2402,3,annoyance,3|4|8|9|17|27,annoyance|approval|desire|disappointment|joy|neutral
2403,25,sadness,1|3|7|20|26|27,amusement|annoyance|curiosity|optimism|surprise|neutral
2404,26,surprise,0|1|6|8|16|17|27,admiration|amusement|confusion|desire|grief|joy|neutral
2405,10,disapproval,2|7|24|27,anger|curiosity|remorse|neutral
2406,10|27,disapproval|neutral,1|3|4|9,amusement|annoyance|approval|disappointment
2407,3,annoyance,1|3|4|6|8|10,amusement|annoyance|approval|confusion|desire|disapproval
2408,1|7,amusement|curiosity,4|6|14|15|18|20|27,approval|confusion|fear|gratitude|love|optimism|neutral
2409,26,surprise,9|10|11|17|20|22|25|27,disappointment|disapproval|disgust|joy|optimism|realization|sadness|neutral
2410,3,annoyance,0|6|11|14|20|27,admiration|confusion|disgust|fear|optimism|neutral
2411,27,neutral,0|1|2|6|10|22,admiration|amusement|anger|confusion|disapproval|realization
2412,4|27,approval|neutral,0|3|15|17,admiration|annoyance|gratitude|joy
2413,0,admiration,0|2|7|10|13|15|26,admiration|anger|curiosity|disapproval|excitement|gratitude|surprise
2414,27,neutral,0|4|5|7|17|25|27,admiration|approval|caring|curiosity|joy|sadness|neutral
2415,0,admiration,0|1|4|9|10|18|27,admiration|amusement|approval|disappointment|disapproval|love|neutral
2416,27,neutral,2|3|5|6|7|8|9|15,anger|annoyance|caring|confusion|curiosity|desire|disappointment|gratitude
2417,7,curiosity,4|6|15|17|27,approval|confusion|gratitude|joy|neutral
2418,27,neutral,2|3|4|27,anger|annoyance|approval|neutral
2419,27,neutral,0|1|15|17|20|27,admiration|amusement|gratitude|joy|optimism|neutral
2420,18,love,1|2|6|9|10|15|27,amusement|anger|confusion|disappointment|disapproval|gratitude|neutral
2421,27,neutral,1|2|3|4|5|9|10|15|20,amusement|anger|annoyance|approval|caring|disappointment|disapproval|gratitude|optimism
2422,17,joy,1|20|24|25|26|27,amusement|optimism|remorse|sadness|surprise|neutral
2423,4,approval,9|14|22|27,disappointment|fear|realization|neutral
2424,27,neutral,0|1|8|15|17|27,admiration|amusement|desire|gratitude|joy|neutral
2425,12,embarrassment,1|3|13|15|17|25,amusement|annoyance|excitement|gratitude|joy|sadness
2426,6,confusion,1|4|5|12|27,amusement|approval|caring|embarrassment|neutral
2427,17|20,joy|optimism,2|7|9|18|20|22|25|26|27,anger|curiosity|disappointment|love|optimism|realization|sadness|surprise|neutral
2428,14,fear,2|3|7|8|13|14|15|20|25|27,anger|annoyance|curiosity|desire|excitement|fear|gratitude|optimism|sadness|neutral
2429,1|10,amusement|disapproval,0|6|9|17|26|27,admiration|confusion|disappointment|joy|surprise|neutral
2430,27,neutral,0|3|4|9|20|25|27,admiration|annoyance|approval|disappointment|optimism|sadness|neutral
2431,27,neutral,0|6|10,admiration|confusion|disapproval
2432,4,approval,1|2|3|4|5|13|20,amusement|anger|annoyance|approval|caring|excitement|optimism
2433,22,realization,3|5|7|9|15|25|26,annoyance|caring|curiosity|disappointment|gratitude|sadness|surprise
2434,27,neutral,0|1|4|7|13|17|20|22|26,admiration|amusement|approval|curiosity|excitement|joy|optimism|realization|surprise
2435,27,neutral,6|12|13|27,confusion|embarrassment|excitement|neutral
2436,4|13,approval|excitement,0|3|4|6|7|11|17|18|20|22|26,admiration|annoyance|approval|confusion|curiosity|disgust|joy|love|optimism|realization|surprise
2437,13,excitement,2|18|25|27,anger|love|sadness|neutral
2438,8,desire,1|4|10|13|18,amusement|approval|disapproval|excitement|love
2439,4,approval,0|1|4|6|27,admiration|amusement|approval|confusion|neutral
2440,21,pride,2|3|4|15|17|20,anger|annoyance|approval|gratitude|joy|optimism
2441,15,gratitude,6|7|17|25,confusion|curiosity|joy|sadness
2442,4|27,approval|neutral,0|1|2|7|10|13|15|17,admiration|amusement|anger|curiosity|disapproval|excitement|gratitude|joy
2443,18,love,4|5|7|15|27,approval|caring|curiosity|gratitude|neutral
2444,10,disapproval,1|2|3|4|8|9|10|11|15|26,amusement|anger|annoyance|approval|desire|disappointment|disapproval|disgust|gratitude|surprise
2445,27,neutral,4|22|27,approval|realization|neutral
2446,27,neutral,1|17|27,amusement|joy|neutral
2447,27,neutral,1|2|6|10|15|24|27,amusement|anger|confusion|disapproval|gratitude|remorse|neutral
2448,17,joy,1|4|5|7|10|15|26,amusement|approval|caring|curiosity|disapproval|gratitude|surprise
2449,0|15,admiration|gratitude,1|3|4|10,amusement|annoyance|approval|disapproval
2450,27,neutral,5|7|15|20|27,caring|curiosity|gratitude|optimism|neutral
2451,15,gratitude,0|6|7|10|17|18|22|27,admiration|confusion|curiosity|disapproval|joy|love|realization|neutral
2452,27,neutral,1|2|3|10|27,amusement|anger|annoyance|disapproval|neutral
2453,27,neutral,0|15|17|20|27,admiration|gratitude|joy|optimism|neutral
2454,1,amusement,0|1|2|7|15,admiration|amusement|anger|curiosity|gratitude
2455,27,neutral,0|10|15|25|27,admiration|disapproval|gratitude|sadness|neutral
2456,9|25,disappointment|sadness,7|10|15|27,curiosity|disapproval|gratitude|neutral
2457,13|17,excitement|joy,3|4|6|9|10|18,annoyance|approval|confusion|disappointment|disapproval|love
2458,1,amusement,2|3|7|10|12|13|15|17|18|20|22|27,anger|annoyance|curiosity|disapproval|embarrassment|excitement|gratitude|joy|love|optimism|realization|neutral
2459,6,confusion,0|3|4|7|8|11|13|17|25,admiration|annoyance|approval|curiosity|desire|disgust|excitement|joy|sadness
2460,0,admiration,0|7|9|13|14|15|17|20|22,admiration|curiosity|disappointment|excitement|fear|gratitude|joy|optimism|realization
2461,9,disappointment,2|3|4|8|17|18|20|25,anger|annoyance|approval|desire|joy|love|optimism|sadness
2462,27,neutral,0|1|7|11|18,admiration|amusement|curiosity|disgust|love
2463,5,caring,0|2|6|7|10,admiration|anger|confusion|curiosity|disapproval
2464,10|27,disapproval|neutral,1|4|5|6|9|10|11|13|15|22|25,amusement|approval|caring|confusion|disappointment|disapproval|disgust|excitement|gratitude|realization|sadness
2465,13,excitement,4|15|25|26,approval|gratitude|sadness|surprise
2466,4|27,approval|neutral,11|17|25|27,disgust|joy|sadness|neutral
2467,27,neutral,2|8|9|10|11|17|18|22|24|25|26,anger|desire|disappointment|disapproval|disgust|joy|love|realization|remorse|sadness|surprise
2468,5,caring,3|4|6|7|15|20|22|27,annoyance|approval|confusion|curiosity|gratitude|optimism|realization|neutral
2469,4,approval,3|7|10|14|18|25|27,annoyance|curiosity|disapproval|fear|love|sadness|neutral
2470,4,approval,2|5|22|25|27,anger|caring|realization|sadness|neutral
2471,1,amusement,0|13|15|22,admiration|excitement|gratitude|realization
2472,27,neutral,0|4|10|22|27,admiration|approval|disapproval|realization|neutral
2473,4,approval,6|7|10|13|15|22|27,confusion|curiosity|disapproval|excitement|gratitude|realization|neutral
2474,27,neutral,6|9|13|18|20|22|25|27,confusion|disappointment|excitement|love|optimism|realization|sadness|neutral
2475,23,relief,0|1|4|7|13|17,admiration|amusement|approval|curiosity|excitement|joy
2476,27,neutral,0|2|5|15|18|22|25,admiration|anger|caring|gratitude|love|realization|sadness
2477,27,neutral,0|9|11|15|18|26|27,admiration|disappointment|disgust|gratitude|love|surprise|neutral
2478,18,love,2|4|10|11|14|18|20,anger|approval|disapproval|disgust|fear|love|optimism
2479,24,remorse,2|6|7|13|15|17|22|27,anger|confusion|curiosity|excitement|gratitude|joy|realization|neutral
2480,27,neutral,6|7|9|13,confusion|curiosity|disappointment|excitement
2481,27,neutral,1|5|8|14,amusement|caring|desire|fear
2482,3,annoyance,0|1|8|15|20,admiration|amusement|desire|gratitude|optimism
2483,1,amusement,2|3|5|6|9|10|15|18,anger|annoyance|caring|confusion|disappointment|disapproval|gratitude|love
2484,8|20,desire|optimism,4|6|18|22|27,approval|confusion|love|realization|neutral
2485,9,disappointment,0|1|6|7|8|10|20,admiration|amusement|confusion|curiosity|desire|disapproval|optimism
2486,15,gratitude,2|3|12|13|14|17|18|26,anger|annoyance|embarrassment|excitement|fear|joy|love|surprise
2487,17,joy,1|2|4|5|6|9|27,amusement|anger|approval|caring|confusion|disappointment|neutral
2488,20,optimism,4|9|18|20|24|27,approval|disappointment|love|optimism|remorse|neutral
2489,3|15,annoyance|gratitude,1|3|6|10|14|22|24|26|27,amusement|annoyance|confusion|disapproval|fear|realization|remorse|surprise|neutral
2490,3|27,annoyance|neutral,0|4|5|10|14|20|22,admiration|approval|caring|disapproval|fear|optimism|realization
2491,25,sadness,2|4|6|27,anger|approval|confusion|neutral
2492,26,surprise,0|1|2|8|10|11|14|15|17|20|22|26,admiration|amusement|anger|desire|disapproval|disgust|fear|gratitude|joy|optimism|realization|surprise
2493,17,joy,1|2|14,amusement|anger|fear
2494,8|25,desire|sadness,0|5|6,admiration|caring|confusion
2495,0,admiration,1|3|9|14|15|25,amusement|annoyance|disappointment|fear|gratitude|sadness
2496,20,optimism,2|6|8|10|14|15|18|20|22|27,anger|confusion|desire|disapproval|fear|gratitude|love|optimism|realization|neutral
2497,0|15,admiration|gratitude,1|4|5|7|22|26|27,amusement|approval|caring|curiosity|realization|surprise|neutral
2498,12,embarrassment,1|2|5|10|15|17|26,amusement|anger|caring|disapproval|gratitude|joy|surprise
2499,0,admiration,5|20|22|27,caring|optimism|realization|neutral
2500,22,realization,3|7|13|17|18|22,annoyance|curiosity|excitement|joy|love|realization
2501,1,amusement,1|13|17|22,amusement|excitement|joy|realization
2502,6,confusion,0|1|7|18|25,admiration|amusement|curiosity|love|sadness
2503,10,disapproval,0|7|17|20|24,admiration|curiosity|joy|optimism|remorse
2504,0,admiration,1|9|27,amusement|disappointment|neutral
2505,3|11,annoyance|disgust,2|5|7|15|17|20|22|27,anger|caring|curiosity|gratitude|joy|optimism|realization|neutral
2506,1,amusement,1|18|25|27,amusement|love|sadness|neutral
2507,11,disgust,3|4|5|13|15|17|27,annoyance|approval|caring|excitement|gratitude|joy|neutral
2508,27,neutral,0|3|6|7|13|15|20|22,admiration|annoyance|confusion|curiosity|excitement|gratitude|optimism|realization
2509,3,annoyance,0|3|4|5|9|10|12|13|14,admiration|annoyance|approval|caring|disappointment|disapproval|embarrassment|excitement|fear
2510,6,confusion,0|2|3|7|15|20,admiration|anger|annoyance|curiosity|gratitude|optimism
2511,2|8,anger|desire,0|4|5|8|9|17|20|22|27,admiration|approval|caring|desire|disappointment|joy|optimism|realization|neutral
2512,4|17,approval|joy,0|1|2|4|17,admiration|amusement|anger|approval|joy
2513,2|3,anger|annoyance,6|8|13|15|20|25,confusion|desire|excitement|gratitude|optimism|sadness
2514,15,gratitude,2|5|9|10|17|22|24|27,anger|caring|disappointment|disapproval|joy|realization|remorse|neutral
2515,27,neutral,4|5|6|8|15|17|18|22,approval|caring|confusion|desire|gratitude|joy|love|realization
2516,24,remorse,1|15|17|25|27,amusement|gratitude|joy|sadness|neutral
2517,3,annoyance,1|5|6|7|15|18|20|24,amusement|caring|confusion|curiosity|gratitude|love|optimism|remorse
2518,14,fear,0|1|17|18|22|25,admiration|amusement|joy|love|realization|sadness
2519,27,neutral,6|10|20|24|25|27,confusion|disapproval|optimism|remorse|sadness|neutral
2520,3,annoyance,2|11|15|18|25|27,anger|disgust|gratitude|love|sadness|neutral
2521,17,joy,2|3|4|18,anger|annoyance|approval|love
2522,7,curiosity,0|1|3|7|8|10|22|27,admiration|amusement|annoyance|curiosity|desire|disapproval|realization|neutral
2523,27,neutral,0|6|7|9|26,admiration|confusion|curiosity|disappointment|surprise
2524,7|27,curiosity|neutral,1|9|10|18|20,amusement|disappointment|disapproval|love|optimism
2525,25,sadness,4|27,approval|neutral
2526,10,disapproval,1|2|3|4|9|13|17|18,amusement|anger|annoyance|approval|disappointment|excitement|joy|love
2527,27,neutral,3|10|20,annoyance|disapproval|optimism
2528,15,gratitude,3|4|6|9|10|27,annoyance|approval|confusion|disappointment|disapproval|neutral
2529,6,confusion,1|2|4|5|7|9|10|11|20|22,amusement|anger|approval|caring|curiosity|disappointment|disapproval|disgust|optimism|realization
2530,18,love,2|3|5|11|15|25|26|27,anger|annoyance|caring|disgust|gratitude|sadness|surprise|neutral
2531,7,curiosity,3|13|17|18|22|27,annoyance|excitement|joy|love|realization|neutral
2532,0,admiration,0|2|4|15|20|25,admiration|anger|approval|gratitude|optimism|sadness
2533,22|25,realization|sadness,4|7|10|15|27,approval|curiosity|disapproval|gratitude|neutral
2534,11,disgust,1|2|8|14|15|18|20|22,amusement|anger|desire|fear|gratitude|love|optimism|realization
2535,27,neutral,0|4|8|17|25,admiration|approval|desire|joy|sadness
2536,4|27,approval|neutral,2|6|7|10|17|20|27,anger|confusion|curiosity|disapproval|joy|optimism|neutral
2537,27,neutral,0|2|11|13|14|18|22|27,admiration|anger|disgust|excitement|fear|love|realization|neutral
2538,27,neutral,1|7|23|25|27,amusement|curiosity|relief|sadness|neutral
2539,27,neutral,0|2|17|26,admiration|anger|joy|surprise
2540,27,neutral,9|11|15|18|20|26|27,disappointment|disgust|gratitude|love|optimism|surprise|neutral
2541,14,fear,1|18|27,amusement|love|neutral
2542,27,neutral,1|2|8|15|17|18,amusement|anger|desire|gratitude|joy|love
2543,7,curiosity,1|10|13|15|18|21|25|27,amusement|disapproval|excitement|gratitude|love|pride|sadness|neutral
2544,27,neutral,1|3|7|10|15|27,amusement|annoyance|curiosity|disapproval|gratitude|neutral
2545,27,neutral,1|2|10|12|27,amusement|anger|disapproval|embarrassment|neutral
2546,6,confusion,4|6|10|15|18|22|27,approval|confusion|disapproval|gratitude|love|realization|neutral
2547,26,surprise,1|3|8|10|17|18|20|25,amusement|annoyance|desire|disapproval|joy|love|optimism|sadness
2548,27,neutral,0|2|15|17|25|26,admiration|anger|gratitude|joy|sadness|surprise
2549,27,neutral,2|4|6|7|27,anger|approval|confusion|curiosity|neutral
2550,27,neutral,0|5|9|15|17|20|23|25,admiration|caring|disappointment|gratitude|joy|optimism|relief|sadness
2551,8,desire,3|14|15|17|26|27,annoyance|fear|gratitude|joy|surprise|neutral
2552,27,neutral,0|6|22|25|26,admiration|confusion|realization|sadness|surprise
2553,0,admiration,8|9|15|17|20|25|27,desire|disappointment|gratitude|joy|optimism|sadness|neutral
2554,27,neutral,1|2|11|15|20|25|27,amusement|anger|disgust|gratitude|optimism|sadness|neutral
2555,27,neutral,0|3|6|9|10|20|25,admiration|annoyance|confusion|disappointment|disapproval|optimism|sadness
2556,15,gratitude,15|26,gratitude|surprise
2557,27,neutral,1|3|9|13|15|17|27,amusement|annoyance|disappointment|excitement|gratitude|joy|neutral
2558,10|26,disapproval|surprise,3,annoyance
2559,20,optimism,2|5|6|11|12|15|17|18|20,anger|caring|confusion|disgust|embarrassment|gratitude|joy|love|optimism
2560,2|3,anger|annoyance,1|3|8|15|25|27,amusement|annoyance|desire|gratitude|sadness|neutral
2561,27,neutral,2|4|15|17|18|22|24|25,anger|approval|gratitude|joy|love|realization|remorse|sadness
2562,27,neutral,1|3|7|10|15|17|19,amusement|annoyance|curiosity|disapproval|gratitude|joy|nervousness
2563,4|23,approval|relief,1|6|7|9|22|27,amusement|confusion|curiosity|disappointment|realization|neutral
2564,3,annoyance,4|6|10|13|18|26,approval|confusion|disapproval|excitement|love|surprise
2565,11|20,disgust|optimism,4|14|15,approval|fear|gratitude
2566,27,neutral,0|4|5|11|17|27,admiration|approval|caring|disgust|joy|neutral
2567,0,admiration,0|3|5|7|14,admiration|annoyance|caring|curiosity|fear
2568,4|15,approval|gratitude,1|3|9|10|18|25,amusement|annoyance|disappointment|disapproval|love|sadness
2569,27,neutral,5|6|7|20|22,caring|confusion|curiosity|optimism|realization
2570,27,neutral,,
2571,4|5,approval|caring,0|2|6|10|12|15|17|18|20|26,admiration|anger|confusion|disapproval|embarrassment|gratitude|joy|love|optimism|surprise
2572,20,optimism,1|2|5|6|7|15|17|25|27,amusement|anger|caring|confusion|curiosity|gratitude|joy|sadness|neutral
2573,2|18,anger|love,0|4|9|11|18|26,admiration|approval|disappointment|disgust|love|surprise
2574,9,disappointment,9|15|17,disappointment|gratitude|joy
2575,15,gratitude,0|2|5|9|11|15|18|23|25|27,admiration|anger|caring|disappointment|disgust|gratitude|love|relief|sadness|neutral
2576,0|1,admiration|amusement,0|1|2|15|26|27,admiration|amusement|anger|gratitude|surprise|neutral
2577,27,neutral,2|3|9|11|15|25|27,anger|annoyance|disappointment|disgust|gratitude|sadness|neutral
2578,0,admiration,1|3|4|5|13|17|23,amusement|annoyance|approval|caring|excitement|joy|relief
2579,25,sadness,0|1|2|8|9|10|13|15|18|26,admiration|amusement|anger|desire|disappointment|disapproval|excitement|gratitude|love|surprise
2580,17,joy,2|4|5|10|22|27,anger|approval|caring|disapproval|realization|neutral
2581,27,neutral,0|7|19|20|24,admiration|curiosity|nervousness|optimism|remorse
2582,10,disapproval,2|3|4|7|11|18|20|22,anger|annoyance|approval|curiosity|disgust|love|optimism|realization
2583,10,disapproval,5|6|7|9|17|22|25|26|27,caring|confusion|curiosity|disappointment|joy|realization|sadness|surprise|neutral
2584,0|15,admiration|gratitude,3|6|10,annoyance|confusion|disapproval
2585,0|15,admiration|gratitude,0|3|7|17|25,admiration|annoyance|curiosity|joy|sadness
2586,27,neutral,3|10,annoyance|disapproval
2587,20,optimism,1|2|9|10|13|15|17|22,amusement|anger|disappointment|disapproval|excitement|gratitude|joy|realization
2588,27,neutral,0|3|8|11|12|27,admiration|annoyance|desire|disgust|embarrassment|neutral
2589,15,gratitude,0|2|7|10|18|25|26,admiration|anger|curiosity|disapproval|love|sadness|surprise
2590,27,neutral,0|2|4|6|8|18|25,admiration|anger|approval|confusion|desire|love|sadness
2591,27,neutral,1|3|7|20|24|25,amusement|annoyance|curiosity|optimism|remorse|sadness
2592,4,approval,8|10|14|15|17|26,desire|disapproval|fear|gratitude|joy|surprise
2593,9|10,disappointment|disapproval,0|8|10|15|27,admiration|desire|disapproval|gratitude|neutral
2594,15,gratitude,1|2|3|8|9|13|15|19|20|22|23,amusement|anger|annoyance|desire|disappointment|excitement|gratitude|nervousness|optimism|realization|relief
2595,10,disapproval,2|3|4|5|17|25|26|27,anger|annoyance|approval|caring|joy|sadness|surprise|neutral
2596,27,neutral,0|4|5|9|13|18|20,admiration|approval|caring|disappointment|excitement|love|optimism
2597,1,amusement,0|2|7|10|17|18|20|25,admiration|anger|curiosity|disapproval|joy|love|optimism|sadness
2598,6,confusion,10|17|25|26|27,disapproval|joy|sadness|surprise|neutral
2599,27,neutral,0|1|4|17|18|25|27,admiration|amusement|approval|joy|love|sadness|neutral
2600,27,neutral,0|1|4|9|13|22|27,admiration|amusement|approval|disappointment|excitement|realization|neutral
2601,3|25,annoyance|sadness,3|4|5|7|9|17|20|24,annoyance|approval|caring|curiosity|disappointment|joy|optimism|remorse
2602,13|17,excitement|joy,5|7|18|27,caring|curiosity|love|neutral
2603,27,neutral,18|20|27,love|optimism|neutral
2604,4|9|20,approval|disappointment|optimism,0|3|6|9|11|13|14|15|17|18,admiration|annoyance|confusion|disappointment|disgust|excitement|fear|gratitude|joy|love
2605,5,caring,1|3|8|11|13|17|20|27,amusement|annoyance|desire|disgust|excitement|joy|optimism|neutral
2606,14,fear,0|3|10|14|17|18|20|25,admiration|annoyance|disapproval|fear|joy|love|optimism|sadness
2607,6,confusion,2|7|17|18|25|27,anger|curiosity|joy|love|sadness|neutral
2608,13,excitement,0|3|9|10|25|26,admiration|annoyance|disappointment|disapproval|sadness|surprise
2609,27,neutral,0|1|2|5|6|9|11|24,admiration|amusement|anger|caring|confusion|disappointment|disgust|remorse
2610,9,disappointment,0|7|11|15|17|18|25|27,admiration|curiosity|disgust|gratitude|joy|love|sadness|neutral
2611,8,desire,1|3|5|6|8|10|11|18|20|22|26,amusement|annoyance|caring|confusion|desire|disapproval|disgust|love|optimism|realization|surprise
2612,1,amusement,0|6|10|14,admiration|confusion|disapproval|fear
2613,27,neutral,0|2|3|10|17|25,admiration|anger|annoyance|disapproval|joy|sadness
2614,17|18,joy|love,1|2|3|7|13|14|25|26|27,amusement|anger|annoyance|curiosity|excitement|fear|sadness|surprise|neutral
2615,27,neutral,0|4|5|7|9|10|11|15|25,admiration|approval|caring|curiosity|disappointment|disapproval|disgust|gratitude|sadness
2616,15,gratitude,0|6|12|13|18|27,admiration|confusion|embarrassment|excitement|love|neutral
2617,1|15,amusement|gratitude,1|5|7|25|27,amusement|caring|curiosity|sadness|neutral
2618,4|17,approval|joy,3|12|15|25|27,annoyance|embarrassment|gratitude|sadness|neutral
2619,0|27,admiration|neutral,7|11|18|22,curiosity|disgust|love|realization
2620,27,neutral,2|6|15|26,anger|confusion|gratitude|surprise
2621,10,disapproval,1|2|10|17|22|27,amusement|anger|disapproval|joy|realization|neutral
2622,0,admiration,2|4|8|15|20|22|25|27,anger|approval|desire|gratitude|optimism|realization|sadness|neutral
2623,1|27,amusement|neutral,1|6|7|10|15|27,amusement|confusion|curiosity|disapproval|gratitude|neutral
2624,15,gratitude,2|3|9|10|11|13|15|17|19|22,anger|annoyance|disappointment|disapproval|disgust|excitement|gratitude|joy|nervousness|realization
2625,7,curiosity,1|4|22|25|27,amusement|approval|realization|sadness|neutral
2626,17,joy,3|15|26|27,annoyance|gratitude|surprise|neutral
2627,27,neutral,3|4|5|6|9|17|27,annoyance|approval|caring|confusion|disappointment|joy|neutral
2628,0,admiration,0|4|7|20|22,admiration|approval|curiosity|optimism|realization
2629,1,amusement,1|2|4|13|14|15|17,amusement|anger|approval|excitement|fear|gratitude|joy
2630,27,neutral,0|7|13|15|18|25,admiration|curiosity|excitement|gratitude|love|sadness
2631,1|18,amusement|love,0|7|15|18,admiration|curiosity|gratitude|love
2632,27,neutral,0|7|13|15|20|22|25,admiration|curiosity|excitement|gratitude|optimism|realization|sadness
2633,0,admiration,7|10|22|27,curiosity|disapproval|realization|neutral
2634,5|25,caring|sadness,1|2|15|25|26|27,amusement|anger|gratitude|sadness|surprise|neutral
2635,2,anger,4|7|17|26,approval|curiosity|joy|surprise
2636,7,curiosity,0|2|11|15|17|20|22|25|26,admiration|anger|disgust|gratitude|joy|optimism|realization|sadness|surprise
2637,20,optimism,1|3|9|10|11,amusement|annoyance|disappointment|disapproval|disgust
2638,2|8|18,anger|desire|love,0|1|2|3|13|27,admiration|amusement|anger|annoyance|excitement|neutral
2639,0|27,admiration|neutral,0|1|3|13|17|26|27,admiration|amusement|annoyance|excitement|joy|surprise|neutral
2640,8|20,desire|optimism,1|5|11|18|20|22|24|27,amusement|caring|disgust|love|optimism|realization|remorse|neutral
2641,0,admiration,1|5|6|7|10|15|17|22,amusement|caring|confusion|curiosity|disapproval|gratitude|joy|realization
2642,11,disgust,1|2|9|17|26,amusement|anger|disappointment|joy|surprise
2643,27,neutral,0|15|26|27,admiration|gratitude|surprise|neutral
2644,27,neutral,0|7|13|17|20|25|27,admiration|curiosity|excitement|joy|optimism|sadness|neutral
2645,22,realization,1|2|11|18|25,amusement|anger|disgust|love|sadness
2646,25,sadness,2|3|5|10|15|18|24|25,anger|annoyance|caring|disapproval|gratitude|love|remorse|sadness
2647,4|27,approval|neutral,3|4|7|8|10|18,annoyance|approval|curiosity|desire|disapproval|love
2648,22,realization,0|1|3|5|15|25|27,admiration|amusement|annoyance|caring|gratitude|sadness|neutral
2649,27,neutral,0|1|2|3|6|7|9|18|26|27,admiration|amusement|anger|annoyance|confusion|curiosity|disappointment|love|surprise|neutral
2650,27,neutral,3|11|20|27,annoyance|disgust|optimism|neutral
2651,27,neutral,0|1|2|3|9|17|27,admiration|amusement|anger|annoyance|disappointment|joy|neutral
2652,23,relief,1|4|6|13|18|25|27,amusement|approval|confusion|excitement|love|sadness|neutral
2653,15|17,gratitude|joy,0|4|5|7|8|9|10|17|18|26,admiration|approval|caring|curiosity|desire|disappointment|disapproval|joy|love|surprise
2654,1,amusement,0|8|10|12|15|25|27,admiration|desire|disapproval|embarrassment|gratitude|sadness|neutral
2655,26,surprise,2|10|11|14|15|17|20|27,anger|disapproval|disgust|fear|gratitude|joy|optimism|neutral
2656,7|27,curiosity|neutral,0|5|11|15|20,admiration|caring|disgust|gratitude|optimism
2657,0,admiration,0|2|3|4|18|20,admiration|anger|annoyance|approval|love|optimism
2658,2,anger,18|20|27,love|optimism|neutral
2659,15,gratitude,4|13|17|18|24|27,approval|excitement|joy|love|remorse|neutral
2660,1,amusement,0|1|2|3|7|12|15|17|20|26,admiration|amusement|anger|annoyance|curiosity|embarrassment|gratitude|joy|optimism|surprise
2661,20,optimism,5|6|9|10|13|14|15|25|26|27,caring|confusion|disappointment|disapproval|excitement|fear|gratitude|sadness|surprise|neutral
2662,27,neutral,4|8|13|18|20|27,approval|desire|excitement|love|optimism|neutral
2663,27,neutral,1|3|4|14|17|27,amusement|annoyance|approval|fear|joy|neutral
2664,27,neutral,0|4|5|22|25|27,admiration|approval|caring|realization|sadness|neutral
2665,27,neutral,0|5|9|14|15|17|18|20|26,admiration|caring|disappointment|fear|gratitude|joy|love|optimism|surprise
2666,6|7,confusion|curiosity,1|4|7|15|27,amusement|approval|curiosity|gratitude|neutral
2667,0,admiration,0|5|7|15|20|25,admiration|caring|curiosity|gratitude|optimism|sadness
2668,27,neutral,8|15|25|27,desire|gratitude|sadness|neutral
2669,27,neutral,3|9|18|24|27,annoyance|disappointment|love|remorse|neutral
2670,27,neutral,2|4|5|7|25,anger|approval|caring|curiosity|sadness
2671,27,neutral,7|9|10|18|27,curiosity|disappointment|disapproval|love|neutral
2672,1|17,amusement|joy,2|11|15|18|20|22|25,anger|disgust|gratitude|love|optimism|realization|sadness
2673,27,neutral,2|5|9|10|14,anger|caring|disappointment|disapproval|fear
2674,7,curiosity,2|5|6|7|8|9|11|12|15|17|24|25|26,anger|caring|confusion|curiosity|desire|disappointment|disgust|embarrassment|gratitude|joy|remorse|sadness|surprise
2675,15,gratitude,2|4|7|10|15|18|22|25|26,anger|approval|curiosity|disapproval|gratitude|love|realization|sadness|surprise
2676,27,neutral,0|1|3|4|14|15|18|26,admiration|amusement|annoyance|approval|fear|gratitude|love|surprise
2677,20,optimism,5|7|9|10|14|20|26,caring|curiosity|disappointment|disapproval|fear|optimism|surprise
2678,0|20,admiration|optimism,0|4|18|20,admiration|approval|love|optimism
2679,0|13|20,admiration|excitement|optimism,0|1|3|4|7|13|23|27,admiration|amusement|annoyance|approval|curiosity|excitement|relief|neutral
2680,27,neutral,0|1|8|15|25|26,admiration|amusement|desire|gratitude|sadness|surprise
2681,10|22,disapproval|realization,2|7|8|10|14|17|18|20,anger|curiosity|desire|disapproval|fear|joy|love|optimism
2682,13,excitement,0|1|4|10|17|20|25,admiration|amusement|approval|disapproval|joy|optimism|sadness
2683,3|11,annoyance|disgust,4|5|6|11|15|25,approval|caring|confusion|disgust|gratitude|sadness
2684,15,gratitude,7|9|10|13|18|25|26|27,curiosity|disappointment|disapproval|excitement|love|sadness|surprise|neutral
2685,25,sadness,4|6|8|22|27,approval|confusion|desire|realization|neutral
2686,17,joy,0|4|6|7|9|13|20|26,admiration|approval|confusion|curiosity|disappointment|excitement|optimism|surprise
2687,2|3,anger|annoyance,6|7|11|25|26,confusion|curiosity|disgust|sadness|surprise
2688,0,admiration,6|7|10|27,confusion|curiosity|disapproval|neutral
2689,10,disapproval,1|2|3|5|7|10|12|17,amusement|anger|annoyance|caring|curiosity|disapproval|embarrassment|joy
2690,6,confusion,0|1|10|14|17|25|26,admiration|amusement|disapproval|fear|joy|sadness|surprise
2691,18,love,0|1|2|4|5|7|9|11|17|20|22|25|26,admiration|amusement|anger|approval|caring|curiosity|disappointment|disgust|joy|optimism|realization|sadness|surprise
2692,27,neutral,4|6|17|22|26|27,approval|confusion|joy|realization|surprise|neutral
2693,3,annoyance,2|3|9|11|22|26|27,anger|annoyance|disappointment|disgust|realization|surprise|neutral
2694,27,neutral,1|2|3|6|18,amusement|anger|annoyance|confusion|love
2695,13,excitement,0|1|9|12|13|15|18|20,admiration|amusement|disappointment|embarrassment|excitement|gratitude|love|optimism
2696,13,excitement,4|7|10|11|20|22|24|25,approval|curiosity|disapproval|disgust|optimism|realization|remorse|sadness
2697,4,approval,3|10|11|18|27,annoyance|disapproval|disgust|love|neutral
2698,3,annoyance,3|7|12|14|22|27,annoyance|curiosity|embarrassment|fear|realization|neutral
2699,5,caring,5|13|27,caring|excitement|neutral
2700,15|18,gratitude|love,0|1|3|5|6|9|10|18|25|26,admiration|amusement|annoyance|caring|confusion|disappointment|disapproval|love|sadness|surprise
2701,27,neutral,2|3|4|5|25|27,anger|annoyance|approval|caring|sadness|neutral
2702,0,admiration,4|5|10|13|20|22|26|27,approval|caring|disapproval|excitement|optimism|realization|surprise|neutral
2703,0,admiration,0|3|4|5|6|8|9|10|17|18|25|26,admiration|annoyance|approval|caring|confusion|desire|disappointment|disapproval|joy|love|sadness|surprise
2704,2|27,anger|neutral,1|7|22|25,amusement|curiosity|realization|sadness
2705,20,optimism,0|1|2|4|5|7|11|14|17|18|25,admiration|amusement|anger|approval|caring|curiosity|disgust|fear|joy|love|sadness
2706,27,neutral,3|8|11|15|25,annoyance|desire|disgust|gratitude|sadness
2707,8,desire,3|7|27,annoyance|curiosity|neutral
2708,11,disgust,9|15|20|26|27,disappointment|gratitude|optimism|surprise|neutral
2709,15,gratitude,0|2|4|5|9|12|15|20|22|27,admiration|anger|approval|caring|disappointment|embarrassment|gratitude|optimism|realization|neutral
2710,18,love,0|6|7|14|18|25|27,admiration|confusion|curiosity|fear|love|sadness|neutral
2711,5,caring,2|4|5|11|15|17|20|26,anger|approval|caring|disgust|gratitude|joy|optimism|surprise
2712,15,gratitude,0|15|18|20|27,admiration|gratitude|love|optimism|neutral
2713,27,neutral,5|6|7|20,caring|confusion|curiosity|optimism
2714,15,gratitude,1|12|13|27,amusement|embarrassment|excitement|neutral
2715,27,neutral,0|1|2|5|7|9|13|15|18,admiration|amusement|anger|caring|curiosity|disappointment|excitement|gratitude|love
2716,0,admiration,0|4|7|9|15|20|24,admiration|approval|curiosity|disappointment|gratitude|optimism|remorse
2717,27,neutral,1|3|4|5|14|18,amusement|annoyance|approval|caring|fear|love
2718,1,amusement,1|4|15|27,amusement|approval|gratitude|neutral
2719,5,caring,7|11|17|18|20|22|25|26,curiosity|disgust|joy|love|optimism|realization|sadness|surprise
2720,8,desire,0|4|6|7|22|25|26|27,admiration|approval|confusion|curiosity|realization|sadness|surprise|neutral
2721,6|26,confusion|surprise,1|3|27,amusement|annoyance|neutral
2722,10,disapproval,0|3|4|10|15|18|20|27,admiration|annoyance|approval|disapproval|gratitude|love|optimism|neutral
2723,7,curiosity,6|7|11|20|22|25|27,confusion|curiosity|disgust|optimism|realization|sadness|neutral
2724,27,neutral,0|4|5|9|10|11|14|17|18|26,admiration|approval|caring|disappointment|disapproval|disgust|fear|joy|love|surprise
2725,4,approval,0|4|27,admiration|approval|neutral
2726,27,neutral,3|4|6|12|13|17|20|27,annoyance|approval|confusion|embarrassment|excitement|joy|optimism|neutral
2727,15,gratitude,1|2|4|10|17|25|27,amusement|anger|approval|disapproval|joy|sadness|neutral
2728,13,excitement,1|3|5|9|10|20|22|25,amusement|annoyance|caring|disappointment|disapproval|optimism|realization|sadness
2729,25,sadness,2|6|8|9|18|19,anger|confusion|desire|disappointment|love|nervousness
2730,10,disapproval,0|4|10|11|18|20,admiration|approval|disapproval|disgust|love|optimism
2731,26,surprise,0|1|4|6|15|27,admiration|amusement|approval|confusion|gratitude|neutral
2732,27,neutral,0|4|11|20|24,admiration|approval|disgust|optimism|remorse
2733,27,neutral,5|15|18|27,caring|gratitude|love|neutral
2734,0,admiration,3|5|10|25,annoyance|caring|disapproval|sadness
2735,18,love,0|2|13|17|27,admiration|anger|excitement|joy|neutral
2736,20,optimism,0|1|2|3|13|14|15|17|18|22|26,admiration|amusement|anger|annoyance|excitement|fear|gratitude|joy|love|realization|surprise
2737,27,neutral,1|5|7|11|13|17|25,amusement|caring|curiosity|disgust|excitement|joy|sadness
2738,26,surprise,1|4|8|10,amusement|approval|desire|disapproval
2739,3,annoyance,1|10|11|13|18|26|27,amusement|disapproval|disgust|excitement|love|surprise|neutral
2740,15,gratitude,9|11|14|15|17|27,disappointment|disgust|fear|gratitude|joy|neutral
2741,27,neutral,7|13|27,curiosity|excitement|neutral
2742,15,gratitude,0|6|7|13|15|17|18|20,admiration|confusion|curiosity|excitement|gratitude|joy|love|optimism
2743,4|27,approval|neutral,0|3|4|6|7|14|15|18|20|25|27,admiration|annoyance|approval|confusion|curiosity|fear|gratitude|love|optimism|sadness|neutral
2744,27,neutral,0|3|4|8|22|27,admiration|annoyance|approval|desire|realization|neutral
2745,27,neutral,3|10|18|20|25|27,annoyance|disapproval|love|optimism|sadness|neutral
2746,27,neutral,0|2|9|10|11|15|17|18|26,admiration|anger|disappointment|disapproval|disgust|gratitude|joy|love|surprise
2747,27,neutral,0|4|11|18|20|26,admiration|approval|disgust|love|optimism|surprise
2748,27,neutral,0|1|6|7|9|11|13|20|25|27,admiration|amusement|confusion|curiosity|disappointment|disgust|excitement|optimism|sadness|neutral
2749,3,annoyance,0|4|7|24|26|27,admiration|approval|curiosity|remorse|surprise|neutral
2750,9,disappointment,8|19|20|27,desire|nervousness|optimism|neutral
2751,15,gratitude,1|2|3|4|5|7|15|18|26,amusement|anger|annoyance|approval|caring|curiosity|gratitude|love|surprise
2752,1,amusement,15|25,gratitude|sadness
2753,7,curiosity,0|1|7|9|10|14|17|18|26,admiration|amusement|curiosity|disappointment|disapproval|fear|joy|love|surprise
2754,27,neutral,0|1|7|10|17|18,admiration|amusement|curiosity|disapproval|joy|love
2755,20,optimism,1|9|10|14|15|18|20,amusement|disappointment|disapproval|fear|gratitude|love|optimism
2756,1|17,amusement|joy,3|4|5|6|8|9|15|20|22,annoyance|approval|caring|confusion|desire|disappointment|gratitude|optimism|realization
2757,0,admiration,1|4|8|10|13|27,amusement|approval|desire|disapproval|excitement|neutral
2758,14,fear,1|9|10|25,amusement|disappointment|disapproval|sadness
2759,26,surprise,1|4|6|7|8|9|10|11|17|18|25|26,amusement|approval|confusion|curiosity|desire|disappointment|disapproval|disgust|joy|love|sadness|surprise
2760,10,disapproval,0|2|7|11|13|17|18|26,admiration|anger|curiosity|disgust|excitement|joy|love|surprise
2761,4,approval,2|3|4|8|10|26|27,anger|annoyance|approval|desire|disapproval|surprise|neutral
2762,27,neutral,1|2|5|6|9|10|13|20|26|27,amusement|anger|caring|confusion|disappointment|disapproval|excitement|optimism|surprise|neutral
2763,4|23,approval|relief,5|11|13|17|22|27,caring|disgust|excitement|joy|realization|neutral
2764,27,neutral,0|2|3|5|27,admiration|anger|annoyance|caring|neutral
2765,20,optimism,7|14|15|17|25,curiosity|fear|gratitude|joy|sadness
2766,27,neutral,0|1|4|6|10|12|15|25,admiration|amusement|approval|confusion|disapproval|embarrassment|gratitude|sadness
2767,24,remorse,0|2|3|27,admiration|anger|annoyance|neutral
2768,3|10,annoyance|disapproval,0|1|4|18,admiration|amusement|approval|love
2769,6|9,confusion|disappointment,3|4|6|10|11|15|17|22|27,annoyance|approval|confusion|disapproval|disgust|gratitude|joy|realization|neutral
2770,1,amusement,1|5|10|15|18|22|25|26,amusement|caring|disapproval|gratitude|love|realization|sadness|surprise
2771,27,neutral,5|17|18|26|27,caring|joy|love|surprise|neutral
2772,27,neutral,0|1|2|3|10|13|15|25|27,admiration|amusement|anger|annoyance|disapproval|excitement|gratitude|sadness|neutral
2773,0|15,admiration|gratitude,0|1|4|10|14|15|18|20,admiration|amusement|approval|disapproval|fear|gratitude|love|optimism
2774,10,disapproval,0|1|2|6|9|11|13|19|24|26|27,admiration|amusement|anger|confusion|disappointment|disgust|excitement|nervousness|remorse|surprise|neutral
2775,18,love,1|15|18|27,amusement|gratitude|love|neutral
2776,3,annoyance,6|13|15|27,confusion|excitement|gratitude|neutral
2777,10,disapproval,1|2|4|7|10|11|13|15|25,amusement|anger|approval|curiosity|disapproval|disgust|excitement|gratitude|sadness
2778,27,neutral,3|22|27,annoyance|realization|neutral
2779,27,neutral,0|1|17|18|22|25,admiration|amusement|joy|love|realization|sadness
2780,27,neutral,7|11|15|18|22|27,curiosity|disgust|gratitude|love|realization|neutral
2781,20,optimism,0|7|26|27,admiration|curiosity|surprise|neutral
2782,4,approval,1|2|5|7|18|22|27,amusement|anger|caring|curiosity|love|realization|neutral
2783,3,annoyance,3|4|8|9|13|14|18|22|25|26,annoyance|approval|desire|disappointment|excitement|fear|love|realization|sadness|surprise
2784,6,confusion,1|6|27,amusement|confusion|neutral
2785,15,gratitude,2|4|7|10|15|22,anger|approval|curiosity|disapproval|gratitude|realization
2786,0|4,admiration|approval,2|4|6|7|9|10|11|17|20|26,anger|approval|confusion|curiosity|disappointment|disapproval|disgust|joy|optimism|surprise
2787,2,anger,0|3|5|6|7|17|22|27,admiration|annoyance|caring|confusion|curiosity|joy|realization|neutral
2788,0|18|26,admiration|love|surprise,3|9|10|17|18,annoyance|disappointment|disapproval|joy|love
2789,27,neutral,1|3|6|7|9|10|18,amusement|annoyance|confusion|curiosity|disappointment|disapproval|love
2790,4,approval,8|10|20|25,desire|disapproval|optimism|sadness
2791,4,approval,0|13|20|25|27,admiration|excitement|optimism|sadness|neutral
2792,27,neutral,0|5|15|18|25|27,admiration|caring|gratitude|love|sadness|neutral
2793,27,neutral,0|1|5|7|11|15|17|18|26,admiration|amusement|caring|curiosity|disgust|gratitude|joy|love|surprise
2794,27,neutral,1|3|4|6|7|8|15|18|20|26,amusement|annoyance|approval|confusion|curiosity|desire|gratitude|love|optimism|surprise
2795,15,gratitude,0|1|10|18|26|27,admiration|amusement|disapproval|love|surprise|neutral
2796,24,remorse,0|2|3|7|8|12|18|20|22|27,admiration|anger|annoyance|curiosity|desire|embarrassment|love|optimism|realization|neutral
2797,3,annoyance,1|2|4|5|11|17|18,amusement|anger|approval|caring|disgust|joy|love
2798,27,neutral,0|9|10|13|17|26,admiration|disappointment|disapproval|excitement|joy|surprise
2799,1,amusement,0|7|9|17|18|22|27,admiration|curiosity|disappointment|joy|love|realization|neutral
2800,17,joy,6|11|15|18,confusion|disgust|gratitude|love
2801,27,neutral,0|3|17|20|26|27,admiration|annoyance|joy|optimism|surprise|neutral
2802,3|27,annoyance|neutral,1|3|4|7|8|17|25|26|27,amusement|annoyance|approval|curiosity|desire|joy|sadness|surprise|neutral
2803,4,approval,1|2|14|15|18|20|26,amusement|anger|fear|gratitude|love|optimism|surprise
2804,6|7,confusion|curiosity,3|4|15|18|22,annoyance|approval|gratitude|love|realization
2805,6,confusion,14|15|17|22|25|27,fear|gratitude|joy|realization|sadness|neutral
2806,0|22,admiration|realization,4|6|7|13|15|17|18|25,approval|confusion|curiosity|excitement|gratitude|joy|love|sadness
2807,10,disapproval,1|8|10|11|15|18|25|27,amusement|desire|disapproval|disgust|gratitude|love|sadness|neutral
2808,4,approval,0|2|3|4|9|10|11|14|18|20|22,admiration|anger|annoyance|approval|disappointment|disapproval|disgust|fear|love|optimism|realization
2809,2,anger,3|4|5|6|7|22|25,annoyance|approval|caring|confusion|curiosity|realization|sadness
2810,1,amusement,3|4|6|10|14|17|18|22,annoyance|approval|confusion|disapproval|fear|joy|love|realization
2811,27,neutral,4|20,approval|optimism
2812,15|20,gratitude|optimism,0|1|2|8|17|18|24|25,admiration|amusement|anger|desire|joy|love|remorse|sadness
2813,3,annoyance,5|7|9|13|26|27,caring|curiosity|disappointment|excitement|surprise|neutral
2814,3,annoyance,1|4|6|9|10|17|22|25,amusement|approval|confusion|disappointment|disapproval|joy|realization|sadness
2815,23,relief,0|3|7|13|27,admiration|annoyance|curiosity|excitement|neutral
2816,27,neutral,4|5|6|7|18|27,approval|caring|confusion|curiosity|love|neutral
2817,27,neutral,0|2|10|22,admiration|anger|disapproval|realization
2818,9|25,disappointment|sadness,0|1|3|4|7|9|15|20,admiration|amusement|annoyance|approval|curiosity|disappointment|gratitude|optimism
2819,4,approval,1|2|4|5|15|18|27,amusement|anger|approval|caring|gratitude|love|neutral
2820,1,amusement,0|17|18|20|22|25,admiration|joy|love|optimism|realization|sadness
2821,2|3,anger|annoyance,1|2|5|10|18|25|26,amusement|anger|caring|disapproval|love|sadness|surprise
2822,0,admiration,0|3|7|13|15,admiration|annoyance|curiosity|excitement|gratitude
2823,3|27,annoyance|neutral,2|3|10|13|17|20|22|27,anger|annoyance|disapproval|excitement|joy|optimism|realization|neutral
2824,10,disapproval,5|10|17|22|25|27,caring|disapproval|joy|realization|sadness|neutral
2825,27,neutral,3|4|5|6|7|8|9|10|11|15|18|20|22|25|26,annoyance|approval|caring|confusion|curiosity|desire|disappointment|disapproval|disgust|gratitude|love|optimism|realization|sadness|surprise
2826,17,joy,3|4|15|25,annoyance|approval|gratitude|sadness
2827,4|25,approval|sadness,0|1|4|7|17,admiration|amusement|approval|curiosity|joy
2828,13,excitement,1|3|4|6,amusement|annoyance|approval|confusion
2829,4,approval,4|6|7|10|17|18|22|24,approval|confusion|curiosity|disapproval|joy|love|realization|remorse
2830,15,gratitude,0|3|4|5|7|12|14|17|20,admiration|annoyance|approval|caring|curiosity|embarrassment|fear|joy|optimism
2831,22,realization,1|2|4|6|7|20|22|27,amusement|anger|approval|confusion|curiosity|optimism|realization|neutral
2832,4,approval,1|4|13|15|17|18|22,amusement|approval|excitement|gratitude|joy|love|realization
2833,22,realization,1|2|3|4|6,amusement|anger|annoyance|approval|confusion
2834,4|15,approval|gratitude,0|2|3|10|15|17|20,admiration|anger|annoyance|disapproval|gratitude|joy|optimism
2835,27,neutral,2|3|6|7|20|22|27,anger|annoyance|confusion|curiosity|optimism|realization|neutral
2836,27,neutral,0|1|2|3|5|6|18|22|24,admiration|amusement|anger|annoyance|caring|confusion|love|realization|remorse
2837,27,neutral,2|6|7|8|9|26|27,anger|confusion|curiosity|desire|disappointment|surprise|neutral
2838,18,love,1|4|5|6|15|20|22|26|27,amusement|approval|caring|confusion|gratitude|optimism|realization|surprise|neutral
2839,27,neutral,0|4|6|7|15,admiration|approval|confusion|curiosity|gratitude
2840,3|27,annoyance|neutral,0|5|9|17|18|20,admiration|caring|disappointment|joy|love|optimism
2841,27,neutral,1|7|10|15|24|27,amusement|curiosity|disapproval|gratitude|remorse|neutral
2842,11,disgust,4|7|15|17|18,approval|curiosity|gratitude|joy|love
2843,9,disappointment,3|5|15|18|20|25,annoyance|caring|gratitude|love|optimism|sadness
2844,14,fear,0|5|10|12|15|18|20|27,admiration|caring|disapproval|embarrassment|gratitude|love|optimism|neutral
2845,20,optimism,1|3|10|15|26|27,amusement|annoyance|disapproval|gratitude|surprise|neutral
2846,27,neutral,1|9|11|27,amusement|disappointment|disgust|neutral
2847,15,gratitude,2|7|9|10|18|27,anger|curiosity|disappointment|disapproval|love|neutral
2848,18,love,3|6|9|13|17|18|20|22,annoyance|confusion|disappointment|excitement|joy|love|optimism|realization
2849,10,disapproval,0|6|15|18|27,admiration|confusion|gratitude|love|neutral
2850,18,love,0|7|9|15|26,admiration|curiosity|disappointment|gratitude|surprise
2851,27,neutral,2|5|14|17|18|25|27,anger|caring|fear|joy|love|sadness|neutral
2852,4,approval,0|1|3|9|15|25|27,admiration|amusement|annoyance|disappointment|gratitude|sadness|neutral
2853,27,neutral,4|10|15|18|26|27,approval|disapproval|gratitude|love|surprise|neutral
2854,7,curiosity,4|6|7|18|22|24,approval|confusion|curiosity|love|realization|remorse
2855,15,gratitude,2|4|7|9|17|27,anger|approval|curiosity|disappointment|joy|neutral
2856,0,admiration,0|4|8|9|10|13|27,admiration|approval|desire|disappointment|disapproval|excitement|neutral
2857,14,fear,3|4|18|26,annoyance|approval|love|surprise
2858,27,neutral,0|1|7|15|20|27,admiration|amusement|curiosity|gratitude|optimism|neutral
2859,13,excitement,0|1|6|7|9|10|13|17|18|20|22|26,admiration|amusement|confusion|curiosity|disappointment|disapproval|excitement|joy|love|optimism|realization|surprise
2860,14|19,fear|nervousness,1|3|14|17|22|26|27,amusement|annoyance|fear|joy|realization|surprise|neutral
2861,4,approval,0|2|4|6|7|11|13|15|18,admiration|anger|approval|confusion|curiosity|disgust|excitement|gratitude|love
2862,0,admiration,1|3|4|5|7|9|11|22|26,amusement|annoyance|approval|caring|curiosity|disappointment|disgust|realization|surprise
2863,4,approval,0|1|2|4|9|11|27,admiration|amusement|anger|approval|disappointment|disgust|neutral
2864,27,neutral,0|1|3|8|9|11|14|17|22,admiration|amusement|annoyance|desire|disappointment|disgust|fear|joy|realization
2865,14,fear,0|13|14|27,admiration|excitement|fear|neutral
2866,1,amusement,0|1|2|7|8|20|23|24,admiration|amusement|anger|curiosity|desire|optimism|relief|remorse
2867,27,neutral,0|5|9|17|18|22|26|27,admiration|caring|disappointment|joy|love|realization|surprise|neutral
2868,4|20,approval|optimism,2|4|13|20|22,anger|approval|excitement|optimism|realization
2869,10,disapproval,10|17|19|22|24|26|27,disapproval|joy|nervousness|realization|remorse|surprise|neutral
2870,0,admiration,0|5|6|20|22,admiration|caring|confusion|optimism|realization
2871,17|18,joy|love,3|5|9|20|27,annoyance|caring|disappointment|optimism|neutral
2872,27,neutral,1|2|4|11|13|15|20|27,amusement|anger|approval|disgust|excitement|gratitude|optimism|neutral
2873,25,sadness,4|9|10|13|17|20|22,approval|disappointment|disapproval|excitement|joy|optimism|realization
2874,14,fear,0|1|2|3|7|11|18|25,admiration|amusement|anger|annoyance|curiosity|disgust|love|sadness
2875,26,surprise,1|2|25|27,amusement|anger|sadness|neutral
2876,27,neutral,0|7|17|18|27,admiration|curiosity|joy|love|neutral
2877,25,sadness,0|1|3|5|20|22,admiration|amusement|annoyance|caring|optimism|realization
2878,27,neutral,4|9|13|15|20|22,approval|disappointment|excitement|gratitude|optimism|realization
2879,17,joy,0|4|7|14|20|22|24,admiration|approval|curiosity|fear|optimism|realization|remorse
2880,3|7,annoyance|curiosity,0|1|3|10|14|15|17|18|20|22|27,admiration|amusement|annoyance|disapproval|fear|gratitude|joy|love|optimism|realization|neutral
2881,27,neutral,0|2|3|4|8|18|20,admiration|anger|annoyance|approval|desire|love|optimism
2882,3,annoyance,2|3|17|27,anger|annoyance|joy|neutral
2883,27,neutral,3|4|6|9|27,annoyance|approval|confusion|disappointment|neutral
2884,2|3,anger|annoyance,4|5|6|9|21|27,approval|caring|confusion|disappointment|pride|neutral
2885,27,neutral,1|3|17|18|20|25|27,amusement|annoyance|joy|love|optimism|sadness|neutral
2886,3,annoyance,1|2|5|13|27,amusement|anger|caring|excitement|neutral
2887,27,neutral,0|1|2|3|9|13,admiration|amusement|anger|annoyance|disappointment|excitement
2888,0,admiration,0|4|9|10|20,admiration|approval|disappointment|disapproval|optimism
2889,9|26,disappointment|surprise,3|4|8|11|14|17|20|27,annoyance|approval|desire|disgust|fear|joy|optimism|neutral
2890,4|8|20,approval|desire|optimism,0|7|8|9|15|24,admiration|curiosity|desire|disappointment|gratitude|remorse
2891,27,neutral,1|3|4|7|10|13|18|20|22,amusement|annoyance|approval|curiosity|disapproval|excitement|love|optimism|realization
2892,18,love,0|2|3|4|5|7|10|27,admiration|anger|annoyance|approval|caring|curiosity|disapproval|neutral
2893,17,joy,0|3|4|10|14|17|18|22|27,admiration|annoyance|approval|disapproval|fear|joy|love|realization|neutral
2894,27,neutral,3|5|6|7|10|20|25,annoyance|caring|confusion|curiosity|disapproval|optimism|sadness
2895,5|27,caring|neutral,0|1|9|10|15|17|20,admiration|amusement|disappointment|disapproval|gratitude|joy|optimism
2896,4|21,approval|pride,2|3|4|13|14|15|18|20,anger|annoyance|approval|excitement|fear|gratitude|love|optimism
2897,13|15,excitement|gratitude,0|1|3|9,admiration|amusement|annoyance|disappointment
2898,27,neutral,2|4|5|7|9|13|15|22|26,anger|approval|caring|curiosity|disappointment|excitement|gratitude|realization|surprise
2899,27,neutral,2|4|6|13|27,anger|approval|confusion|excitement|neutral
2900,18,love,1|5|9|10|11|14|17|18,amusement|caring|disappointment|disapproval|disgust|fear|joy|love
2901,6,confusion,1|3|9|10|13|18|25|26,amusement|annoyance|disappointment|disapproval|excitement|love|sadness|surprise
2902,25,sadness,2|3|5|8|20|27,anger|annoyance|caring|desire|optimism|neutral
2903,27,neutral,2|5|14|25|27,anger|caring|fear|sadness|neutral
2904,1,amusement,0|1|2|3|4|5|17|24|26,admiration|amusement|anger|annoyance|approval|caring|joy|remorse|surprise
2905,4,approval,0|3|4|5|10|17|18|27,admiration|annoyance|approval|caring|disapproval|joy|love|neutral
2906,5|6,caring|confusion,0|1|5|8|14|20|25,admiration|amusement|caring|desire|fear|optimism|sadness
2907,25,sadness,0|4|5|7|10|13|14|20|22|25|27,admiration|approval|caring|curiosity|disapproval|excitement|fear|optimism|realization|sadness|neutral
2908,0|17,admiration|joy,0|5|7|26,admiration|caring|curiosity|surprise
2909,27,neutral,2|4|13|15|20|26|27,anger|approval|excitement|gratitude|optimism|surprise|neutral
2910,27,neutral,2|6|7|9|10|11|17|20|22|26|27,anger|confusion|curiosity|disappointment|disapproval|disgust|joy|optimism|realization|surprise|neutral
2911,7,curiosity,0|5|6|13|17|25,admiration|caring|confusion|excitement|joy|sadness
2912,26,surprise,2|3|9|10|14|15|25,anger|annoyance|disappointment|disapproval|fear|gratitude|sadness
2913,0,admiration,4|8|10|11|13|14|22|25|27,approval|desire|disapproval|disgust|excitement|fear|realization|sadness|neutral
2914,0,admiration,0|2|5|7|20|24|26|27,admiration|anger|caring|curiosity|optimism|remorse|surprise|neutral
2915,0,admiration,4|6|10|18|27,approval|confusion|disapproval|love|neutral
2916,27,neutral,2|10|13|17|24|27,anger|disapproval|excitement|joy|remorse|neutral
2917,27,neutral,3|5|7|11|13|18|26|27,annoyance|caring|curiosity|disgust|excitement|love|surprise|neutral
2918,27,neutral,2|3|5|25|26,anger|annoyance|caring|sadness|surprise
2919,10,disapproval,0|2|3|9|10|17|18|25|27,admiration|anger|annoyance|disappointment|disapproval|joy|love|sadness|neutral
2920,27,neutral,2|3|4|15|17|20|23,anger|annoyance|approval|gratitude|joy|optimism|relief
2921,15,gratitude,0|1|3|6|9|10|15|18|20|27,admiration|amusement|annoyance|confusion|disappointment|disapproval|gratitude|love|optimism|neutral
2922,27,neutral,0|3|5|8|15|17|18,admiration|annoyance|caring|desire|gratitude|joy|love
2923,0,admiration,1|4|15|27,amusement|approval|gratitude|neutral
2924,27,neutral,0|1|4|7|13|19|20,admiration|amusement|approval|curiosity|excitement|nervousness|optimism
2925,2,anger,1|2|7|13|25|27,amusement|anger|curiosity|excitement|sadness|neutral
2926,2,anger,4|7|22|27,approval|curiosity|realization|neutral
2927,5|27,caring|neutral,2|10|20|26,anger|disapproval|optimism|surprise
2928,5,caring,0|4|7|9|10|22|25|26,admiration|approval|curiosity|disappointment|disapproval|realization|sadness|surprise
2929,1,amusement,0|5|8|11|27,admiration|caring|desire|disgust|neutral
2930,27,neutral,4|5|10|11|14|17,approval|caring|disapproval|disgust|fear|joy
2931,4|13,approval|excitement,1|3|5|6|7|10|11|20|27,amusement|annoyance|caring|confusion|curiosity|disapproval|disgust|optimism|neutral
2932,7,curiosity,1|3|4|5|13|17|27,amusement|annoyance|approval|caring|excitement|joy|neutral
2933,4,approval,3|5|9|10|17|18|27,annoyance|caring|disappointment|disapproval|joy|love|neutral
2934,27,neutral,2|5|9|14|22|25|26|27,anger|caring|disappointment|fear|realization|sadness|surprise|neutral
2935,1,amusement,0|1|2|5|9|10|12|15|20|22,admiration|amusement|anger|caring|disappointment|disapproval|embarrassment|gratitude|optimism|realization
2936,10,disapproval,0|2|3|4|5|6|13|27,admiration|anger|annoyance|approval|caring|confusion|excitement|neutral
2937,0|7,admiration|curiosity,0|2|5|7|10|14|15|17|18|25|26,admiration|anger|caring|curiosity|disapproval|fear|gratitude|joy|love|sadness|surprise
2938,4,approval,2|3|4|8|9|17|27,anger|annoyance|approval|desire|disappointment|joy|neutral
2939,27,neutral,3|4|7|10|18,annoyance|approval|curiosity|disapproval|love
2940,1,amusement,0|2|3|12|20|22|27,admiration|anger|annoyance|embarrassment|optimism|realization|neutral
2941,22,realization,7|13|17|27,curiosity|excitement|joy|neutral
2942,25,sadness,2|4|10|13|17|23|24|27,anger|approval|disapproval|excitement|joy|relief|remorse|neutral
2943,3,annoyance,0|8|15|20|25,admiration|desire|gratitude|optimism|sadness
2944,0,admiration,17|27,joy|neutral
2945,27,neutral,3|4|9|11|18|25,annoyance|approval|disappointment|disgust|love|sadness
2946,1|10,amusement|disapproval,0|4|9|14|15|26|27,admiration|approval|disappointment|fear|gratitude|surprise|neutral
2947,10,disapproval,5|7|9|10|12|13|17|19|27,caring|curiosity|disappointment|disapproval|embarrassment|excitement|joy|nervousness|neutral
2948,27,neutral,0|6|10|11|13|18|27,admiration|confusion|disapproval|disgust|excitement|love|neutral
2949,27,neutral,4|5|15|20|27,approval|caring|gratitude|optimism|neutral
2950,27,neutral,0|7|15|20|22|27,admiration|curiosity|gratitude|optimism|realization|neutral
2951,27,neutral,3|4|5|7|8|13|14|15|17|18,annoyance|approval|caring|curiosity|desire|excitement|fear|gratitude|joy|love
2952,17,joy,7|11|14|17|22|25|27,curiosity|disgust|fear|joy|realization|sadness|neutral
2953,25,sadness,4|5|11|15|22,approval|caring|disgust|gratitude|realization
2954,0,admiration,2|3|7|8|15|27,anger|annoyance|curiosity|desire|gratitude|neutral
2955,27,neutral,0|7|15|26|27,admiration|curiosity|gratitude|surprise|neutral
2956,4,approval,2|3|6|7|8|15|22|26,anger|annoyance|confusion|curiosity|desire|gratitude|realization|surprise
2957,7,curiosity,0|4|10|11|15|22|25,admiration|approval|disapproval|disgust|gratitude|realization|sadness
2958,8,desire,2|4|6|9|14|20|27,anger|approval|confusion|disappointment|fear|optimism|neutral
2959,5,caring,1|3|10|25|27,amusement|annoyance|disapproval|sadness|neutral
2960,27,neutral,6|15|18|20|25|26,confusion|gratitude|love|optimism|sadness|surprise
2961,7,curiosity,7|18|24|27,curiosity|love|remorse|neutral
2962,4,approval,0|3|6|7|10|15|17|22,admiration|annoyance|confusion|curiosity|disapproval|gratitude|joy|realization
2963,5,caring,3|7|10|14|15|20|24|27,annoyance|curiosity|disapproval|fear|gratitude|optimism|remorse|neutral
2964,23,relief,4|10|13|20|27,approval|disapproval|excitement|optimism|neutral
2965,12,embarrassment,3|8|11|13|15|18|25|27,annoyance|desire|disgust|excitement|gratitude|love|sadness|neutral
2966,13,excitement,0|2|3|7|10|13|15|26,admiration|anger|annoyance|curiosity|disapproval|excitement|gratitude|surprise
2967,1,amusement,0|3|4|7|11|27,admiration|annoyance|approval|curiosity|disgust|neutral
2968,17,joy,1|4|7|10|15|18,amusement|approval|curiosity|disapproval|gratitude|love
2969,2,anger,1|11|15|18|25|27,amusement|disgust|gratitude|love|sadness|neutral
2970,27,neutral,4|5|18|26|27,approval|caring|love|surprise|neutral
2971,15,gratitude,1|3|4|6|10|17|18|27,amusement|annoyance|approval|confusion|disapproval|joy|love|neutral
2972,7,curiosity,1|4|10|17|18|26,amusement|approval|disapproval|joy|love|surprise
2973,3|11,annoyance|disgust,9|10|15|17|21,disappointment|disapproval|gratitude|joy|pride
2974,27,neutral,0|3|4|17|27,admiration|annoyance|approval|joy|neutral
2975,27,neutral,5|6|7|8|9|11|13|20|22|24|25,caring|confusion|curiosity|desire|disappointment|disgust|excitement|optimism|realization|remorse|sadness
2976,14,fear,2|5|6|15,anger|caring|confusion|gratitude
2977,1,amusement,0|3|6|7|10|14|17|18|20|26,admiration|annoyance|confusion|curiosity|disapproval|fear|joy|love|optimism|surprise
2978,27,neutral,0|4|5|10|14|17|18|24|25,admiration|approval|caring|disapproval|fear|joy|love|remorse|sadness
2979,9,disappointment,0|1|3|4|9|13|22|25|27,admiration|amusement|annoyance|approval|disappointment|excitement|realization|sadness|neutral
2980,15,gratitude,3|6|8|13|15|17,annoyance|confusion|desire|excitement|gratitude|joy
2981,27,neutral,6|17|27,confusion|joy|neutral
2982,27,neutral,0|4|7|10|11|17|18|25|26,admiration|approval|curiosity|disapproval|disgust|joy|love|sadness|surprise
2983,5|25,caring|sadness,2|3|5|8|15|17|20|27,anger|annoyance|caring|desire|gratitude|joy|optimism|neutral
2984,4,approval,9|15|20|26|27,disappointment|gratitude|optimism|surprise|neutral
2985,15,gratitude,8|22|27,desire|realization|neutral
2986,0,admiration,0|1|3|4|5|7|20|24,admiration|amusement|annoyance|approval|caring|curiosity|optimism|remorse
2987,0,admiration,0|3|6|7|18|26|27,admiration|annoyance|confusion|curiosity|love|surprise|neutral
2988,20,optimism,1|3|13|15|25|26,amusement|annoyance|excitement|gratitude|sadness|surprise
2989,0|15,admiration|gratitude,0|2|7|15|18,admiration|anger|curiosity|gratitude|love
2990,3,annoyance,1|2|5|17|20,amusement|anger|caring|joy|optimism
2991,27,neutral,0|5|13|15|18|25|27,admiration|caring|excitement|gratitude|love|sadness|neutral
2992,10,disapproval,10|13|14|17|18|27,disapproval|excitement|fear|joy|love|neutral
2993,0|18,admiration|love,0|5|12|18|27,admiration|caring|embarrassment|love|neutral
2994,4,approval,2|3|4|6|8|9|10|17|18,anger|annoyance|approval|confusion|desire|disappointment|disapproval|joy|love
2995,25,sadness,0|6|7|9|10|13|15|17|20,admiration|confusion|curiosity|disappointment|disapproval|excitement|gratitude|joy|optimism
2996,3,annoyance,3|6|8|9|10|13,annoyance|confusion|desire|disappointment|disapproval|excitement
2997,20,optimism,0|7|11|13|15|25,admiration|curiosity|disgust|excitement|gratitude|sadness
2998,17,joy,7|10|18|22|27,curiosity|disapproval|love|realization|neutral
2999,9,disappointment,0|1|18|19|20|27,admiration|amusement|love|nervousness|optimism|neutral
3000,12|27,embarrassment|neutral,0|2|3|4|7|10|14|15|20,admiration|anger|annoyance|approval|curiosity|disapproval|fear|gratitude|optimism
3001,6,confusion,0|4|27,admiration|approval|neutral
3002,27,neutral,1|5|8|17|22|23|25|26|27,amusement|caring|desire|joy|realization|relief|sadness|surprise|neutral
3003,0|15,admiration|gratitude,6|7|9|10|22|27,confusion|curiosity|disappointment|disapproval|realization|neutral
3004,4,approval,0|7|11|20|24|25|27,admiration|curiosity|disgust|optimism|remorse|sadness|neutral
3005,27,neutral,2|9|10|20|25|27,anger|disappointment|disapproval|optimism|sadness|neutral
3006,27,neutral,4|10|11|27,approval|disapproval|disgust|neutral
3007,0,admiration,0|2|3|4|6|7|15|20|25|26,admiration|anger|annoyance|approval|confusion|curiosity|gratitude|optimism|sadness|surprise
3008,5,caring,0|7|13|15|22|25,admiration|curiosity|excitement|gratitude|realization|sadness
3009,27,neutral,10|11|15|18|25|27,disapproval|disgust|gratitude|love|sadness|neutral
3010,6,confusion,0|1|4|7|9|10|20|22|25,admiration|amusement|approval|curiosity|disappointment|disapproval|optimism|realization|sadness
3011,2,anger,1|2|3|5|14|15|25|27,amusement|anger|annoyance|caring|fear|gratitude|sadness|neutral
3012,3|14,annoyance|fear,0|2|3|7|10|15|27,admiration|anger|annoyance|curiosity|disapproval|gratitude|neutral
3013,3,annoyance,1|10|11|12|18|20,amusement|disapproval|disgust|embarrassment|love|optimism
3014,2,anger,1|2|11|15|22|23,amusement|anger|disgust|gratitude|realization|relief
3015,8,desire,1|2|5|10|11|18|22|25,amusement|anger|caring|disapproval|disgust|love|realization|sadness
3016,26,surprise,0|1|10|13|15|17|18|20,admiration|amusement|disapproval|excitement|gratitude|joy|love|optimism
3017,6|7|27,confusion|curiosity|neutral,4|5|7|20|22|25|26|27,approval|caring|curiosity|optimism|realization|sadness|surprise|neutral
3018,27,neutral,0|2|4|14|18|27,admiration|anger|approval|fear|love|neutral
3019,4,approval,4|7|9|17|18|22|27,approval|curiosity|disappointment|joy|love|realization|neutral
3020,13,excitement,1|3|9|13|14|17|18|24|26,amusement|annoyance|disappointment|excitement|fear|joy|love|remorse|surprise
3021,18,love,0|2|4|10|18|20|24|26,admiration|anger|approval|disapproval|love|optimism|remorse|surprise
3022,4,approval,0|1|2|7|8|9|13|26|27,admiration|amusement|anger|curiosity|desire|disappointment|excitement|surprise|neutral
3023,0,admiration,6|13|22,confusion|excitement|realization
3024,7,curiosity,1|11|15|18|24|27,amusement|disgust|gratitude|love|remorse|neutral
3025,6,confusion,0|4|5|9|10|11|18|20|25,admiration|approval|caring|disappointment|disapproval|disgust|love|optimism|sadness
3026,18,love,5|8|11|15|20|26|27,caring|desire|disgust|gratitude|optimism|surprise|neutral
3027,27,neutral,5|8|10|11|22,caring|desire|disapproval|disgust|realization
3028,27,neutral,3|4|15|18|27,annoyance|approval|gratitude|love|neutral
3029,27,neutral,1|3|5|6|18|22|27,amusement|annoyance|caring|confusion|love|realization|neutral
3030,1,amusement,0|1|15|27,admiration|amusement|gratitude|neutral
3031,27,neutral,11|15|26|27,disgust|gratitude|surprise|neutral
3032,7,curiosity,1|2|4|10|17|18|20,amusement|anger|approval|disapproval|joy|love|optimism
3033,27,neutral,0|2|3|7|10|17,admiration|anger|annoyance|curiosity|disapproval|joy
3034,10,disapproval,0|1|2|3|10|15|27,admiration|amusement|anger|annoyance|disapproval|gratitude|neutral
3035,9|25,disappointment|sadness,6|9|13|20|25|27,confusion|disappointment|excitement|optimism|sadness|neutral
3036,3,annoyance,5|15,caring|gratitude
3037,4|15,approval|gratitude,1|2|10|15|18|27,amusement|anger|disapproval|gratitude|love|neutral
3038,24|25,remorse|sadness,10|15|17|22|26|27,disapproval|gratitude|joy|realization|surprise|neutral
3039,4,approval,0|1|2|6|20,admiration|amusement|anger|confusion|optimism
3040,14|27,fear|neutral,0|3|5|7|9|26,admiration|annoyance|caring|curiosity|disappointment|surprise
3041,27,neutral,1|2|3|7|10|17,amusement|anger|annoyance|curiosity|disapproval|joy
3042,13,excitement,1|13|15|17|22|26,amusement|excitement|gratitude|joy|realization|surprise
3043,27,neutral,7|10|11|15|17|20,curiosity|disapproval|disgust|gratitude|joy|optimism
3044,27,neutral,0|1|2|4|10|13|15|17|18|26,admiration|amusement|anger|approval|disapproval|excitement|gratitude|joy|love|surprise
3045,0,admiration,9|10|13|14|18|22|25|27,disappointment|disapproval|excitement|fear|love|realization|sadness|neutral
3046,0|7,admiration|curiosity,10|13|14|15|22|24|25,disapproval|excitement|fear|gratitude|realization|remorse|sadness
3047,27,neutral,2|4|7|8|10|20|22|24|27,anger|approval|curiosity|desire|disapproval|optimism|realization|remorse|neutral
3048,10|27,disapproval|neutral,9|18|26|27,disappointment|love|surprise|neutral
3049,18,love,0|6|11|15|20|22|27,admiration|confusion|disgust|gratitude|optimism|realization|neutral
3050,27,neutral,1|2|7|11|25|26|27,amusement|anger|curiosity|disgust|sadness|surprise|neutral
3051,27,neutral,6|10|18|20|25|27,confusion|disapproval|love|optimism|sadness|neutral
3052,15,gratitude,0|22|27,admiration|realization|neutral
3053,3|27,annoyance|neutral,1|10|20|22|24|27,amusement|disapproval|optimism|realization|remorse|neutral
3054,1,amusement,1|3|4|15|25|27,amusement|annoyance|approval|gratitude|sadness|neutral
3055,27,neutral,0|1|3|5|6|7|8|14|26,admiration|amusement|annoyance|caring|confusion|curiosity|desire|fear|surprise
3056,10,disapproval,2|3|5|10|13|17,anger|annoyance|caring|disapproval|excitement|joy
3057,0,admiration,4|5|15|17|22|26,approval|caring|gratitude|joy|realization|surprise
3058,27,neutral,0|9|14|15|22|25|27,admiration|disappointment|fear|gratitude|realization|sadness|neutral
3059,4,approval,0|8|15|20|22|26|27,admiration|desire|gratitude|optimism|realization|surprise|neutral
3060,0|11|14,admiration|disgust|fear,0|4|6|9|10|15|18|22|24,admiration|approval|confusion|disappointment|disapproval|gratitude|love|realization|remorse
3061,15,gratitude,0|2|3|4|5|7|10|11|13|18|20|25|26,admiration|anger|annoyance|approval|caring|curiosity|disapproval|disgust|excitement|love|optimism|sadness|surprise
3062,25,sadness,0|1|3|7|9|11|15|17|18|20,admiration|amusement|annoyance|curiosity|disappointment|disgust|gratitude|joy|love|optimism
3063,25|27,sadness|neutral,1|3|15|18|27,amusement|annoyance|gratitude|love|neutral
3064,4|23,approval|relief,3|7|8|13,annoyance|curiosity|desire|excitement
3065,2|3|27,anger|annoyance|neutral,0|3|9|15|18|22|27,admiration|annoyance|disappointment|gratitude|love|realization|neutral
3066,22,realization,0|4|8|27,admiration|approval|desire|neutral
3067,0|26,admiration|surprise,3|4|5|7|9|22,annoyance|approval|caring|curiosity|disappointment|realization
3068,2,anger,5|9|17|27,caring|disappointment|joy|neutral
3069,0,admiration,0|2|3|4|10|15|20|24|26|27,admiration|anger|annoyance|approval|disapproval|gratitude|optimism|remorse|surprise|neutral
3070,18,love,2|4|5|6|7|9|10|18|22|25,anger|approval|caring|confusion|curiosity|disappointment|disapproval|love|realization|sadness
3071,27,neutral,0|3|4|5|7|13|15|20,admiration|annoyance|approval|caring|curiosity|excitement|gratitude|optimism
3072,27,neutral,1|4|18|22,amusement|approval|love|realization
3073,27,neutral,0|1|2|3|4|7|8|17|22|26|27,admiration|amusement|anger|annoyance|approval|curiosity|desire|joy|realization|surprise|neutral
3074,0,admiration,3|5|7|10|15|18|20|27,annoyance|caring|curiosity|disapproval|gratitude|love|optimism|neutral
3075,27,neutral,0|1|10|14|15|17|20|22,admiration|amusement|disapproval|fear|gratitude|joy|optimism|realization
3076,27,neutral,2|3|5|17|18,anger|annoyance|caring|joy|love
3077,18,love,1|2|7|8|14|15|18,amusement|anger|curiosity|desire|fear|gratitude|love
3078,2|3,anger|annoyance,0|2|3|17|25,admiration|anger|annoyance|joy|sadness
3079,27,neutral,3|9|10|15|17|18|27,annoyance|disappointment|disapproval|gratitude|joy|love|neutral
3080,26,surprise,2|3|7|10|13|15|22|23,anger|annoyance|curiosity|disapproval|excitement|gratitude|realization|relief
3081,15,gratitude,3|5|6|15|18|27,annoyance|caring|confusion|gratitude|love|neutral
3082,0|4,admiration|approval,0|5|6|10|14|15|17|18|27,admiration|caring|confusion|disapproval|fear|gratitude|joy|love|neutral
3083,17,joy,4|10|15|18,approval|disapproval|gratitude|love
3084,27,neutral,0|3|4|9|18|25,admiration|annoyance|approval|disappointment|love|sadness
3085,15,gratitude,0|4|7|12|15|18|27,admiration|approval|curiosity|embarrassment|gratitude|love|neutral
3086,27,neutral,7|8|12|15|22|27,curiosity|desire|embarrassment|gratitude|realization|neutral
3087,3,annoyance,1|3|7|20|27,amusement|annoyance|curiosity|optimism|neutral
3088,13|25,excitement|sadness,0|2|13|26|27,admiration|anger|excitement|surprise|neutral
3089,27,neutral,0|4|5|9|18|27,admiration|approval|caring|disappointment|love|neutral
3090,10,disapproval,3|9|11|27,annoyance|disappointment|disgust|neutral
3091,27,neutral,0|10|15|18|25,admiration|disapproval|gratitude|love|sadness
3092,17,joy,1|2|3|4|7|18|20|24|25|27,amusement|anger|annoyance|approval|curiosity|love|optimism|remorse|sadness|neutral
3093,9,disappointment,3|14|17|18|24,annoyance|fear|joy|love|remorse
3094,15,gratitude,1|3|6|10|13|18|20|25,amusement|annoyance|confusion|disapproval|excitement|love|optimism|sadness
3095,27,neutral,0|1|3|4|9|11|13|17|18|24,admiration|amusement|annoyance|approval|disappointment|disgust|excitement|joy|love|remorse
3096,9,disappointment,7|11|12|15|18|25,curiosity|disgust|embarrassment|gratitude|love|sadness
3097,27,neutral,0|3|6|8|9|10|18|20|24|25,admiration|annoyance|confusion|desire|disappointment|disapproval|love|optimism|remorse|sadness
3098,27,neutral,2|4|22|26|27,anger|approval|realization|surprise|neutral
3099,27,neutral,0|2|4|5|6|7|10|13|24,admiration|anger|approval|caring|confusion|curiosity|disapproval|excitement|remorse
3100,4,approval,1|3|7|10|18|20|22,amusement|annoyance|curiosity|disapproval|love|optimism|realization
3101,27,neutral,4|5|7|15|20|22|25|26,approval|caring|curiosity|gratitude|optimism|realization|sadness|surprise
3102,5,caring,2|3|6|7|8|15|17|18|27,anger|annoyance|confusion|curiosity|desire|gratitude|joy|love|neutral
3103,7|13,curiosity|excitement,0|1|4|17,admiration|amusement|approval|joy
3104,10,disapproval,0|1|4|12|22,admiration|amusement|approval|embarrassment|realization
3105,13,excitement,2|3|13|14|18|27,anger|annoyance|excitement|fear|love|neutral
3106,17,joy,3|4|9|17|18|20|26,annoyance|approval|disappointment|joy|love|optimism|surprise
3107,27,neutral,0|4|7|10|15|20|27,admiration|approval|curiosity|disapproval|gratitude|optimism|neutral
3108,27,neutral,0|4|6|15|20|27,admiration|approval|confusion|gratitude|optimism|neutral
3109,27,neutral,4|9|14|18|25,approval|disappointment|fear|love|sadness
3110,0|27,admiration|neutral,7|13|20|22|24|25|27,curiosity|excitement|optimism|realization|remorse|sadness|neutral
3111,2|15,anger|gratitude,1|7|10|15|18,amusement|curiosity|disapproval|gratitude|love
3112,7,curiosity,9|17|22|25|26|27,disappointment|joy|realization|sadness|surprise|neutral
3113,15,gratitude,3|4|12|18|20|22|27,annoyance|approval|embarrassment|love|optimism|realization|neutral
3114,0,admiration,0|2|4|6|15|18|26,admiration|anger|approval|confusion|gratitude|love|surprise
3115,15,gratitude,0|1|3|17|26|27,admiration|amusement|annoyance|joy|surprise|neutral
3116,10,disapproval,0|1|3|4|6|11|12|14|20|22|25,admiration|amusement|annoyance|approval|confusion|disgust|embarrassment|fear|optimism|realization|sadness
3117,1,amusement,0|1|4|15|17|25|26,admiration|amusement|approval|gratitude|joy|sadness|surprise
3118,27,neutral,3|8|13|14|15|19|20,annoyance|desire|excitement|fear|gratitude|nervousness|optimism
3119,4,approval,4|5|27,approval|caring|neutral
3120,27,neutral,3|4|5|6|7|9|20|22|25|27,annoyance|approval|caring|confusion|curiosity|disappointment|optimism|realization|sadness|neutral
3121,27,neutral,5|7|14|15|20|27,caring|curiosity|fear|gratitude|optimism|neutral
3122,18,love,0|5|7|10|15|20|24|25|26|27,admiration|caring|curiosity|disapproval|gratitude|optimism|remorse|sadness|surprise|neutral
3123,0|20,admiration|optimism,6|13|17,confusion|excitement|joy
3124,1|13,amusement|excitement,0|2|3|5|14|15|16|20,admiration|anger|annoyance|caring|fear|gratitude|grief|optimism
3125,27,neutral,2|3|5|20|27,anger|annoyance|caring|optimism|neutral
3126,27,neutral,0|1|10|17|18|27,admiration|amusement|disapproval|joy|love|neutral
3127,27,neutral,4|7|13|14|15|18|20|26|27,approval|curiosity|excitement|fear|gratitude|love|optimism|surprise|neutral
3128,27,neutral,2|5|9|13|15|18|25|27,anger|caring|disappointment|excitement|gratitude|love|sadness|neutral
3129,2,anger,2|7|10|14|15,anger|curiosity|disapproval|fear|gratitude
3130,27,neutral,3|4|6|9|22|27,annoyance|approval|confusion|disappointment|realization|neutral
3131,15,gratitude,1|5|6|7|11|15|25,amusement|caring|confusion|curiosity|disgust|gratitude|sadness
3132,9,disappointment,0|2|7|10|13|27,admiration|anger|curiosity|disapproval|excitement|neutral
3133,20|27,optimism|neutral,1|3|10|15|23,amusement|annoyance|disapproval|gratitude|relief
3134,27,neutral,6|7|10|15,confusion|curiosity|disapproval|gratitude
3135,12,embarrassment,4|7|14|25,approval|curiosity|fear|sadness
3136,24,remorse,3|4|5|7|8|9|11|20|22|25|26,annoyance|approval|caring|curiosity|desire|disappointment|disgust|optimism|realization|sadness|surprise
3137,27,neutral,2|4|7|10|18,anger|approval|curiosity|disapproval|love
3138,25,sadness,3|5|10|15|27,annoyance|caring|disapproval|gratitude|neutral
3139,17,joy,2|4|9|11|14|17|18|25|26,anger|approval|disappointment|disgust|fear|joy|love|sadness|surprise
3140,27,neutral,0|2|5|6|8|10|20|27,admiration|anger|caring|confusion|desire|disapproval|optimism|neutral
3141,3,annoyance,1|2|3|6|7|8|10|14|18|25,amusement|anger|annoyance|confusion|curiosity|desire|disapproval|fear|love|sadness
3142,0,admiration,0|9|15|27,admiration|disappointment|gratitude|neutral
3143,10,disapproval,0|2|3|15|20|25,admiration|anger|annoyance|gratitude|optimism|sadness
3144,27,neutral,1|3|5|11|14|17|20|22|24,amusement|annoyance|caring|disgust|fear|joy|optimism|realization|remorse
3145,27,neutral,4|7|11|18|25,approval|curiosity|disgust|love|sadness
3146,7,curiosity,17|18|20|24|26|27,joy|love|optimism|remorse|surprise|neutral
3147,5,caring,0|1|3|9|10|13|17|20,admiration|amusement|annoyance|disappointment|disapproval|excitement|joy|optimism
3148,1,amusement,13|20|26|27,excitement|optimism|surprise|neutral
3149,27,neutral,1|4|5|25|26|27,amusement|approval|caring|sadness|surprise|neutral
3150,7,curiosity,2|6|13|24|27,anger|confusion|excitement|remorse|neutral
3151,1,amusement,0|1|10|20|27,admiration|amusement|disapproval|optimism|neutral
3152,27,neutral,2|6|17|25|27,anger|confusion|joy|sadness|neutral
3153,27,neutral,0|1|5|13|18|25,admiration|amusement|caring|excitement|love|sadness
3154,0|27,admiration|neutral,9|11|13|15|17|20|24|27,disappointment|disgust|excitement|gratitude|joy|optimism|remorse|neutral
3155,6,confusion,0|4|8|9|11|17|25|26|27,admiration|approval|desire|disappointment|disgust|joy|sadness|surprise|neutral
3156,27,neutral,5|9|15|17|27,caring|disappointment|gratitude|joy|neutral
3157,0,admiration,4|6|7|8|10|22|24,approval|confusion|curiosity|desire|disapproval|realization|remorse
3158,27,neutral,6|7|27,confusion|curiosity|neutral
3159,9|25,disappointment|sadness,6|13|27,confusion|excitement|neutral
3160,5|9,caring|disappointment,5|6|8|9|20|27,caring|confusion|desire|disappointment|optimism|neutral
3161,3|7,annoyance|curiosity,0|3|5|8|9|18|22|25|26,admiration|annoyance|caring|desire|disappointment|love|realization|sadness|surprise
3162,8|18|25,desire|love|sadness,1|8|11|26|27,amusement|desire|disgust|surprise|neutral
3163,20,optimism,1|5|20|27,amusement|caring|optimism|neutral
3164,27,neutral,0|1|2|3|4|6|8|10|11,admiration|amusement|anger|annoyance|approval|confusion|desire|disapproval|disgust
3165,5,caring,1|2|3|5|10|20|22|25,amusement|anger|annoyance|caring|disapproval|optimism|realization|sadness
3166,3|9,annoyance|disappointment,0|1|2|3|4|5|7|14|20|22|25,admiration|amusement|anger|annoyance|approval|caring|curiosity|fear|optimism|realization|sadness
3167,11,disgust,0|1|3|15|22|25|26,admiration|amusement|annoyance|gratitude|realization|sadness|surprise
3168,27,neutral,4|10|15|25,approval|disapproval|gratitude|sadness
3169,27,neutral,1|4|5|13|14|17|25,amusement|approval|caring|excitement|fear|joy|sadness
3170,24,remorse,4|5|7|9|18|22,approval|caring|curiosity|disappointment|love|realization
3171,27,neutral,3|7|10|14|17|22|24,annoyance|curiosity|disapproval|fear|joy|realization|remorse
3172,0,admiration,2|4|7|13|17|18|27,anger|approval|curiosity|excitement|joy|love|neutral
3173,5|27,caring|neutral,0|1|3|6|10|17|25|26,admiration|amusement|annoyance|confusion|disapproval|joy|sadness|surprise
3174,15,gratitude,1|2|4|5|26|27,amusement|anger|approval|caring|surprise|neutral
3175,13|27,excitement|neutral,15|22|24|25|27,gratitude|realization|remorse|sadness|neutral
3176,0|13|18|20,admiration|excitement|love|optimism,1|2|3|5|11|15|18|25,amusement|anger|annoyance|caring|disgust|gratitude|love|sadness
3177,27,neutral,2|3|4|5|14|17,anger|annoyance|approval|caring|fear|joy
3178,27,neutral,0|11|22|27,admiration|disgust|realization|neutral
3179,10|27,disapproval|neutral,0|9|27,admiration|disappointment|neutral
3180,27,neutral,3|4|6|7|15|22|24|25,annoyance|approval|confusion|curiosity|gratitude|realization|remorse|sadness
3181,27,neutral,6|10|24|27,confusion|disapproval|remorse|neutral
3182,10,disapproval,0|1|2|4|10|15|17,admiration|amusement|anger|approval|disapproval|gratitude|joy
3183,0,admiration,0|4|9|11|14|22|24|27,admiration|approval|disappointment|disgust|fear|realization|remorse|neutral
3184,7|27,curiosity|neutral,0|3|5|22|27,admiration|annoyance|caring|realization|neutral
3185,4|5,approval|caring,0|4|8|9|10|17|26,admiration|approval|desire|disappointment|disapproval|joy|surprise
3186,0,admiration,1|4|14|17|20|25|27,amusement|approval|fear|joy|optimism|sadness|neutral
3187,8,desire,3|5|7|11|20|22|24|25|26,annoyance|caring|curiosity|disgust|optimism|realization|remorse|sadness|surprise
3188,27,neutral,0|1|6|7|13|15|17|18|24|26,admiration|amusement|confusion|curiosity|excitement|gratitude|joy|love|remorse|surprise
3189,27,neutral,3|4|6|7|11|18|22|27,annoyance|approval|confusion|curiosity|disgust|love|realization|neutral
3190,24|25,remorse|sadness,10|11|25|26|27,disapproval|disgust|sadness|surprise|neutral
3191,4|17,approval|joy,2|3|4|5|9|20|22|26,anger|annoyance|approval|caring|disappointment|optimism|realization|surprise
3192,18,love,2|4|5|9|17|22|26|27,anger|approval|caring|disappointment|joy|realization|surprise|neutral
3193,6|7,confusion|curiosity,5|6|8|15|20|27,caring|confusion|desire|gratitude|optimism|neutral
3194,27,neutral,0|4|11|13|14|15|17|22|27,admiration|approval|disgust|excitement|fear|gratitude|joy|realization|neutral
3195,15,gratitude,1|2|3|4|14|22,amusement|anger|annoyance|approval|fear|realization
3196,27,neutral,11|15|18|27,disgust|gratitude|love|neutral
3197,10,disapproval,0|1|5|7|13|18|27,admiration|amusement|caring|curiosity|excitement|love|neutral
3198,2|22,anger|realization,0|2|6|12|17|22|26|27,admiration|anger|confusion|embarrassment|joy|realization|surprise|neutral
3199,27,neutral,4|5|7|18|20,approval|caring|curiosity|love|optimism
3200,27,neutral,2|7|12|14|15|17,anger|curiosity|embarrassment|fear|gratitude|joy
3201,10,disapproval,0|1|2|3|10|13|17|18|20|26,admiration|amusement|anger|annoyance|disapproval|excitement|joy|love|optimism|surprise
3202,3|6|7,annoyance|confusion|curiosity,2|3|6|7|27,anger|annoyance|confusion|curiosity|neutral
3203,3,annoyance,0|4|5|6|11|13|15,admiration|approval|caring|confusion|disgust|excitement|gratitude
3204,27,neutral,2|4|6|8|15|19|22|27,anger|approval|confusion|desire|gratitude|nervousness|realization|neutral
3205,15|18,gratitude|love,0|2|4|5|6|9|10|11|26,admiration|anger|approval|caring|confusion|disappointment|disapproval|disgust|surprise
3206,15,gratitude,0|3|5|7|10|13|15|18,admiration|annoyance|caring|curiosity|disapproval|excitement|gratitude|love
3207,4,approval,0|1|4|15|25|26,admiration|amusement|approval|gratitude|sadness|surprise
3208,27,neutral,1|2|4|8|11|15|17|18|26|27,amusement|anger|approval|desire|disgust|gratitude|joy|love|surprise|neutral
3209,27,neutral,4|5|9|10|11|14|15|17|20,approval|caring|disappointment|disapproval|disgust|fear|gratitude|joy|optimism
3210,2|3,anger|annoyance,0|1|2|11,admiration|amusement|anger|disgust
3211,27,neutral,2|14|15|18|27,anger|fear|gratitude|love|neutral
3212,27,neutral,7|15|27,curiosity|gratitude|neutral
3213,25,sadness,11|18|22|25|27,disgust|love|realization|sadness|neutral
3214,18,love,0|2|5|9|10|17|25,admiration|anger|caring|disappointment|disapproval|joy|sadness
3215,27,neutral,1|5|18|22|27,amusement|caring|love|realization|neutral
3216,2,anger,0|1|3|4|11|13|17|25,admiration|amusement|annoyance|approval|disgust|excitement|joy|sadness
3217,15,gratitude,0|3|9|11|14|17|22,admiration|annoyance|disappointment|disgust|fear|joy|realization
3218,0,admiration,6|7|9|10|13|14|15|18|22|24|25|27,confusion|curiosity|disappointment|disapproval|excitement|fear|gratitude|love|realization|remorse|sadness|neutral
3219,2|3,anger|annoyance,1|4|27,amusement|approval|neutral
3220,27,neutral,0|1|5|6|10|15|22|24|25,admiration|amusement|caring|confusion|disapproval|gratitude|realization|remorse|sadness
3221,25,sadness,0|9|13|14|27,admiration|disappointment|excitement|fear|neutral
3222,27,neutral,0|1|9|12|14|15|22|27,admiration|amusement|disappointment|embarrassment|fear|gratitude|realization|neutral
3223,13,excitement,0|1|2|4|5|15|17,admiration|amusement|anger|approval|caring|gratitude|joy
3224,27,neutral,1|4|13|15|17|22|25|26,amusement|approval|excitement|gratitude|joy|realization|sadness|surprise
3225,7,curiosity,3|7|9|22|26,annoyance|curiosity|disappointment|realization|surprise
3226,27,neutral,11|15|18|27,disgust|gratitude|love|neutral
3227,15,gratitude,0|1|2|3|10|11|13|20|22,admiration|amusement|anger|annoyance|disapproval|disgust|excitement|optimism|realization
3228,27,neutral,0|7|8|13|20,admiration|curiosity|desire|excitement|optimism
3229,15,gratitude,0|2|3|8|9|11|15|17,admiration|anger|annoyance|desire|disappointment|disgust|gratitude|joy
3230,21,pride,1|10|15|20|27,amusement|disapproval|gratitude|optimism|neutral
3231,4,approval,4|15|17|27,approval|gratitude|joy|neutral
3232,4,approval,0|8|13|15|18|27,admiration|desire|excitement|gratitude|love|neutral
3233,17,joy,1|10|15|24|27,amusement|disapproval|gratitude|remorse|neutral
3234,17,joy,0|1|3|4|15|18,admiration|amusement|annoyance|approval|gratitude|love
3235,1,amusement,5|6|9|15|20|25|26,caring|confusion|disappointment|gratitude|optimism|sadness|surprise
3236,21,pride,1|5|11|15|17|18|26,amusement|caring|disgust|gratitude|joy|love|surprise
3237,18,love,0|1|5|7|9|11|13|17|20,admiration|amusement|caring|curiosity|disappointment|disgust|excitement|joy|optimism
3238,0,admiration,2|6|13|15|22|25,anger|confusion|excitement|gratitude|realization|sadness
3239,1,amusement,2|7|13|17|18,anger|curiosity|excitement|joy|love
3240,5|27,caring|neutral,1|4|7|15|20|22|27,amusement|approval|curiosity|gratitude|optimism|realization|neutral
3241,20,optimism,1|2|6|10|17|27,amusement|anger|confusion|disapproval|joy|neutral
3242,2|15,anger|gratitude,0|1|5|6|8|9|11|12|18|22|26|27,admiration|amusement|caring|confusion|desire|disappointment|disgust|embarrassment|love|realization|surprise|neutral
3243,1,amusement,5|8|11|15|20|22|26,caring|desire|disgust|gratitude|optimism|realization|surprise
3244,1,amusement,0|1|3|6|11|20|25,admiration|amusement|annoyance|confusion|disgust|optimism|sadness
3245,3,annoyance,3|4|13|15|25|27,annoyance|approval|excitement|gratitude|sadness|neutral
3246,0,admiration,3|4|18|22|27,annoyance|approval|love|realization|neutral
3247,0|18,admiration|love,14|26|27,fear|surprise|neutral
3248,27,neutral,1|3|5|14|15|25|27,amusement|annoyance|caring|fear|gratitude|sadness|neutral
3249,0,admiration,4|6|8|11|13|17|20,approval|confusion|desire|disgust|excitement|joy|optimism
3250,4,approval,3|5|6|25|27,annoyance|caring|confusion|sadness|neutral
3251,7,curiosity,5|7|8|27,caring|curiosity|desire|neutral
3252,27,neutral,3|4|7|9|20,annoyance|approval|curiosity|disappointment|optimism
3253,4|13,approval|excitement,1|2|3|8|10|11|14|18|23|27,amusement|anger|annoyance|desire|disapproval|disgust|fear|love|relief|neutral
3254,5,caring,0|1|3|5|6|9|10|15|17|18|27,admiration|amusement|annoyance|caring|confusion|disappointment|disapproval|gratitude|joy|love|neutral
3255,27,neutral,0|3|20|25,admiration|annoyance|optimism|sadness
3256,2|3,anger|annoyance,4|8|11|14|15|17|20|25,approval|desire|disgust|fear|gratitude|joy|optimism|sadness
3257,10,disapproval,5|6|7|13|20|27,caring|confusion|curiosity|excitement|optimism|neutral
3258,13|18,excitement|love,1|3|12|17|18,amusement|annoyance|embarrassment|joy|love
3259,27,neutral,1|10|13|26|27,amusement|disapproval|excitement|surprise|neutral
3260,27,neutral,0|1|11|25|26,admiration|amusement|disgust|sadness|surprise
3261,15,gratitude,0|3|9|10|15|26,admiration|annoyance|disappointment|disapproval|gratitude|surprise
3262,18,love,1|2|7|9|18|27,amusement|anger|curiosity|disappointment|love|neutral
3263,6,confusion,1|2|7|11|18|22|26|27,amusement|anger|curiosity|disgust|love|realization|surprise|neutral
3264,10,disapproval,1|3|6|7|26|27,amusement|annoyance|confusion|curiosity|surprise|neutral
3265,27,neutral,7|13|15|18|25,curiosity|excitement|gratitude|love|sadness
3266,27,neutral,3|12|15|17|22|27,annoyance|embarrassment|gratitude|joy|realization|neutral
3267,27,neutral,1|2|7|10|15|17,amusement|anger|curiosity|disapproval|gratitude|joy
3268,6|14|26,confusion|fear|surprise,3|14|15|18|25,annoyance|fear|gratitude|love|sadness
3269,27,neutral,0|7|11|13|20|22|26|27,admiration|curiosity|disgust|excitement|optimism|realization|surprise|neutral
3270,20,optimism,1|2|5|7|27,amusement|anger|caring|curiosity|neutral
3271,18,love,5|7|9|26,caring|curiosity|disappointment|surprise
3272,27,neutral,3|5|10|18|25|27,annoyance|caring|disapproval|love|sadness|neutral
3273,5,caring,3|18|24,annoyance|love|remorse
3274,26,surprise,2|3|5|9|10|13|15|26|27,anger|annoyance|caring|disappointment|disapproval|excitement|gratitude|surprise|neutral
3275,27,neutral,2|6|9|10|15|25,anger|confusion|disappointment|disapproval|gratitude|sadness
3276,13,excitement,1|2|5|13|18|20|27,amusement|anger|caring|excitement|love|optimism|neutral
3277,8,desire,1|2|3|4|14,amusement|anger|annoyance|approval|fear
3278,27,neutral,1|3|6|14|18|27,amusement|annoyance|confusion|fear|love|neutral
3279,27,neutral,0|3|7|9|25|26,admiration|annoyance|curiosity|disappointment|sadness|surprise
3280,10,disapproval,4|9|18|20,approval|disappointment|love|optimism
3281,18,love,2|10,anger|disapproval
3282,27,neutral,0|1|4|7|13,admiration|amusement|approval|curiosity|excitement
3283,17,joy,0|3|4|9|25|26,admiration|annoyance|approval|disappointment|sadness|surprise
3284,27,neutral,0|2|5|6|10|27,admiration|anger|caring|confusion|disapproval|neutral
3285,7,curiosity,1|3|7|9|10|15|25,amusement|annoyance|curiosity|disappointment|disapproval|gratitude|sadness
3286,27,neutral,1|3|4|6|15|26,amusement|annoyance|approval|confusion|gratitude|surprise
3287,26,surprise,0|26,admiration|surprise
3288,2,anger,1|6|7|11|12|15|22,amusement|confusion|curiosity|disgust|embarrassment|gratitude|realization
3289,3|18,annoyance|love,3|4|9|17|18|22|27,annoyance|approval|disappointment|joy|love|realization|neutral
3290,15,gratitude,1|2|7|10|20|22,amusement|anger|curiosity|disapproval|optimism|realization
3291,27,neutral,0|1|2|10|15|18,admiration|amusement|anger|disapproval|gratitude|love
3292,15,gratitude,0|4|5|7|15,admiration|approval|caring|curiosity|gratitude
3293,20,optimism,0|1|4|10|14,admiration|amusement|approval|disapproval|fear
3294,4,approval,2|5|6|7|10|14|20|27,anger|caring|confusion|curiosity|disapproval|fear|optimism|neutral
3295,27,neutral,1|2|15|18,amusement|anger|gratitude|love
3296,0,admiration,7|11|17|22|26|27,curiosity|disgust|joy|realization|surprise|neutral
3297,2,anger,1|3|6|7|8|10|20,amusement|annoyance|confusion|curiosity|desire|disapproval|optimism
3298,27,neutral,4|6|7|13|22|27,approval|confusion|curiosity|excitement|realization|neutral
3299,1,amusement,1|8|18|25,amusement|desire|love|sadness
3300,6,confusion,2|3|4|5|14|18|26|27,anger|annoyance|approval|caring|fear|love|surprise|neutral
3301,18,love,1|4|11|12|13|14|26|27,amusement|approval|disgust|embarrassment|excitement|fear|surprise|neutral
3302,2|3,anger|annoyance,0|2|3|5|7|8|9|10|25|26|27,admiration|anger|annoyance|caring|curiosity|desire|disappointment|disapproval|sadness|surprise|neutral
3303,26,surprise,0|7|10|22|26|27,admiration|curiosity|disapproval|realization|surprise|neutral
3304,18,love,0|3|5|10|11|17|24|27,admiration|annoyance|caring|disapproval|disgust|joy|remorse|neutral
3305,0|15,admiration|gratitude,4|10|15|18,approval|disapproval|gratitude|love
3306,3,annoyance,2|4|5|6|12|15|18|20|22|25,anger|approval|caring|confusion|embarrassment|gratitude|love|optimism|realization|sadness
3307,0,admiration,4|7|10|11|27,approval|curiosity|disapproval|disgust|neutral
3308,3,annoyance,3|4|6|11|14|15|20|22|25,annoyance|approval|confusion|disgust|fear|gratitude|optimism|realization|sadness
3309,27,neutral,1|2|6|9|10|15|17|22|26,amusement|anger|confusion|disappointment|disapproval|gratitude|joy|realization|surprise
3310,1,amusement,0|2|7|9|14|22|26,admiration|anger|curiosity|disappointment|fear|realization|surprise
3311,27,neutral,2|4|6|7|10|15,anger|approval|confusion|curiosity|disapproval|gratitude
3312,27,neutral,2|5|7|18|20|23|26,anger|caring|curiosity|love|optimism|relief|surprise
3313,5,caring,0|2|7|9|12|13|20|27,admiration|anger|curiosity|disappointment|embarrassment|excitement|optimism|neutral
3314,10,disapproval,1|2|4|5|13|15|18|22|27,amusement|anger|approval|caring|excitement|gratitude|love|realization|neutral
3315,15,gratitude,3|6|7|10|13|18|27,annoyance|confusion|curiosity|disapproval|excitement|love|neutral
3316,10,disapproval,2|4|5|17|22|25|26,anger|approval|caring|joy|realization|sadness|surprise
3317,1,amusement,0|5|7|8|15|27,admiration|caring|curiosity|desire|gratitude|neutral
3318,27,neutral,3|5|7|15|18|20,annoyance|caring|curiosity|gratitude|love|optimism
3319,5,caring,0|3|4|9|15|17|20|25,admiration|annoyance|approval|disappointment|gratitude|joy|optimism|sadness
3320,8|20,desire|optimism,4|5|7|8|9|14|20|22|26,approval|caring|curiosity|desire|disappointment|fear|optimism|realization|surprise
3321,27,neutral,3|10|15|23|27,annoyance|disapproval|gratitude|relief|neutral
3322,7,curiosity,3|9|20|26|27,annoyance|disappointment|optimism|surprise|neutral
3323,7,curiosity,2|7|11|15|18|24|27,anger|curiosity|disgust|gratitude|love|remorse|neutral
3324,22,realization,1|7|22|27,amusement|curiosity|realization|neutral
3325,27,neutral,0|10|17|27,admiration|disapproval|joy|neutral
3326,0,admiration,1|4|5|8|9|11|17|18|20|26,amusement|approval|caring|desire|disappointment|disgust|joy|love|optimism|surprise
3327,10,disapproval,1|2|7|11|13|15|18,amusement|anger|curiosity|disgust|excitement|gratitude|love
3328,18,love,4|18|22|26,approval|love|realization|surprise
3329,6,confusion,0|3|7|15|17,admiration|annoyance|curiosity|gratitude|joy
3330,10,disapproval,0|2|8|10|11|15|17|20|26|27,admiration|anger|desire|disapproval|disgust|gratitude|joy|optimism|surprise|neutral
3331,0|4,admiration|approval,1|2|10|15|27,amusement|anger|disapproval|gratitude|neutral
3332,1,amusement,1|4|9|15|17|25,amusement|approval|disappointment|gratitude|joy|sadness
3333,0,admiration,0|1|5|26|27,admiration|amusement|caring|surprise|neutral
3334,4,approval,1|5|15|22|27,amusement|caring|gratitude|realization|neutral
3335,27,neutral,2|13|15|20|27,anger|excitement|gratitude|optimism|neutral
3336,10,disapproval,9|18|27,disappointment|love|neutral
3337,27,neutral,0|5|18|22|27,admiration|caring|love|realization|neutral
3338,1,amusement,1|2|4|11|13|15|18|20,amusement|anger|approval|disgust|excitement|gratitude|love|optimism
3339,0|4,admiration|approval,0|2|5|13|27,admiration|anger|caring|excitement|neutral
3340,13,excitement,0|1|2|15|18,admiration|amusement|anger|gratitude|love
3341,4|20,approval|optimism,3|9|22|27,annoyance|disappointment|realization|neutral
3342,15,gratitude,0|1|4|5|9|10|11|17|22|27,admiration|amusement|approval|caring|disappointment|disapproval|disgust|joy|realization|neutral
3343,27,neutral,1|3|9|10|11|13|17|22,amusement|annoyance|disappointment|disapproval|disgust|excitement|joy|realization
3344,2,anger,4|6|8|13|15|17|25,approval|confusion|desire|excitement|gratitude|joy|sadness
3345,15,gratitude,0|1|5|6|8|9|10|14|15|18|20|25,admiration|amusement|caring|confusion|desire|disappointment|disapproval|fear|gratitude|love|optimism|sadness
3346,2|27,anger|neutral,4|10|13|14|25,approval|disapproval|excitement|fear|sadness
3347,15,gratitude,1|3|6|8|9|10|11|14|15|18,amusement|annoyance|confusion|desire|disappointment|disapproval|disgust|fear|gratitude|love
3348,4,approval,0|6|7|15|18|20|22,admiration|confusion|curiosity|gratitude|love|optimism|realization
3349,6,confusion,4|10|15|17|18|22|27,approval|disapproval|gratitude|joy|love|realization|neutral
3350,20,optimism,0|1|2|3|4|15|18|26,admiration|amusement|anger|annoyance|approval|gratitude|love|surprise
3351,27,neutral,3|6|9|14|15|27,annoyance|confusion|disappointment|fear|gratitude|neutral
3352,27,neutral,1|4|7|13|14|20|22,amusement|approval|curiosity|excitement|fear|optimism|realization
3353,27,neutral,3|5|8|25,annoyance|caring|desire|sadness
3354,0|17|18,admiration|joy|love,0|4|5|7|10|14|15|25|27,admiration|approval|caring|curiosity|disapproval|fear|gratitude|sadness|neutral
3355,27,neutral,4|6|7|15|18|27,approval|confusion|curiosity|gratitude|love|neutral
3356,7|27,curiosity|neutral,1|15|17|20|22|27,amusement|gratitude|joy|optimism|realization|neutral
3357,15,gratitude,1|2|4|17|18|20|27,amusement|anger|approval|joy|love|optimism|neutral
3358,27,neutral,0|1|2|4|13|20|22|26,admiration|amusement|anger|approval|excitement|optimism|realization|surprise
3359,18,love,1|3|5|9|11|17|18,amusement|annoyance|caring|disappointment|disgust|joy|love
3360,27,neutral,2|3|7|18|22|25|27,anger|annoyance|curiosity|love|realization|sadness|neutral
3361,27,neutral,1|3|4|5|6|8|10|11|20|27,amusement|annoyance|approval|caring|confusion|desire|disapproval|disgust|optimism|neutral
3362,18,love,0|1|9|10|13|15|18|22|25,admiration|amusement|disappointment|disapproval|excitement|gratitude|love|realization|sadness
3363,17,joy,7|10|17|18,curiosity|disapproval|joy|love
3364,27,neutral,3|10|22|25|27,annoyance|disapproval|realization|sadness|neutral
3365,1|22,amusement|realization,1|4|6|9|10|15|25,amusement|approval|confusion|disappointment|disapproval|gratitude|sadness
3366,3|27,annoyance|neutral,2|5|6|10|11|15,anger|caring|confusion|disapproval|disgust|gratitude
3367,27,neutral,2|5|6|13|20|25|27,anger|caring|confusion|excitement|optimism|sadness|neutral
3368,5,caring,7|10|17|18,curiosity|disapproval|joy|love
3369,7|27,curiosity|neutral,0|1|4|5|8|10|18|19|22,admiration|amusement|approval|caring|desire|disapproval|love|nervousness|realization
3370,27,neutral,0|4|9|10|17,admiration|approval|disappointment|disapproval|joy
3371,20,optimism,7|8|9|10|11|13|14|15|20,curiosity|desire|disappointment|disapproval|disgust|excitement|fear|gratitude|optimism
3372,0,admiration,0|1|2|6|7|10|13|18,admiration|amusement|anger|confusion|curiosity|disapproval|excitement|love
3373,18,love,1|3|4|5|7|15|27,amusement|annoyance|approval|caring|curiosity|gratitude|neutral
3374,14,fear,1|4|9|10|14|15|18|20|22|25,amusement|approval|disappointment|disapproval|fear|gratitude|love|optimism|realization|sadness
3375,3,annoyance,2|3|4|15|26,anger|annoyance|approval|gratitude|surprise
3376,7,curiosity,0|1|2|15|17|18|20,admiration|amusement|anger|gratitude|joy|love|optimism
3377,4,approval,0|2|4|10|18|20|27,admiration|anger|approval|disapproval|love|optimism|neutral
3378,2|3|10,anger|annoyance|disapproval,0|1|9|13|17|26,admiration|amusement|disappointment|excitement|joy|surprise
3379,27,neutral,0|1|4|10|13,admiration|amusement|approval|disapproval|excitement
3380,27,neutral,0|1|3|6|10|11|20|24,admiration|amusement|annoyance|confusion|disapproval|disgust|optimism|remorse
3381,22,realization,0|2|5|6|7|22|25|26,admiration|anger|caring|confusion|curiosity|realization|sadness|surprise
3382,1,amusement,0|4|6|15|17|22|24|26,admiration|approval|confusion|gratitude|joy|realization|remorse|surprise
3383,27,neutral,2|3|7|27,anger|annoyance|curiosity|neutral
3384,7,curiosity,2|4|5|7|15|17|20|22|27,anger|approval|caring|curiosity|gratitude|joy|optimism|realization|neutral
3385,10,disapproval,0|3|5|7|10|20|26,admiration|annoyance|caring|curiosity|disapproval|optimism|surprise
3386,3,annoyance,1|7|8|9|25,amusement|curiosity|desire|disappointment|sadness
3387,2,anger,1|3|9|15|18|25|27,amusement|annoyance|disappointment|gratitude|love|sadness|neutral
3388,27,neutral,6|14|15|18|27,confusion|fear|gratitude|love|neutral
3389,7|10,curiosity|disapproval,5|7|10|15|20|22|27,caring|curiosity|disapproval|gratitude|optimism|realization|neutral
3390,27,neutral,2|5|9|10|17|22|27,anger|caring|disappointment|disapproval|joy|realization|neutral
3391,27,neutral,0|1|17|18|20|26|27,admiration|amusement|joy|love|optimism|surprise|neutral
3392,1|6,amusement|confusion,0|3|5|6|7|10|20,admiration|annoyance|caring|confusion|curiosity|disapproval|optimism
3393,27,neutral,1|2|3|4|9|15|18|22,amusement|anger|annoyance|approval|disappointment|gratitude|love|realization
3394,27,neutral,4|6|9|10|27,approval|confusion|disappointment|disapproval|neutral
3395,4,approval,3|5|7|9|14|18|27,annoyance|caring|curiosity|disappointment|fear|love|neutral
3396,27,neutral,4|10|18|20|22|27,approval|disapproval|love|optimism|realization|neutral
3397,27,neutral,2|3|18|20|25|27,anger|annoyance|love|optimism|sadness|neutral
3398,27,neutral,5|18|20,caring|love|optimism
3399,15,gratitude,13|20|27,excitement|optimism|neutral
3400,27,neutral,4|8|9|10|18|20|22|25,approval|desire|disappointment|disapproval|love|optimism|realization|sadness
3401,1,amusement,2|3|5|6|9,anger|annoyance|caring|confusion|disappointment
3402,4,approval,0|2|5|7|17|18|22|24,admiration|anger|caring|curiosity|joy|love|realization|remorse
3403,0,admiration,1|5|6|7|11|12|13|15|17|18,amusement|caring|confusion|curiosity|disgust|embarrassment|excitement|gratitude|joy|love
3404,27,neutral,2|4|7|10|13|20|24|25,anger|approval|curiosity|disapproval|excitement|optimism|remorse|sadness
3405,27,neutral,1|5|6|9|13|15|20|25,amusement|caring|confusion|disappointment|excitement|gratitude|optimism|sadness
3406,20,optimism,14|22|26,fear|realization|surprise
3407,27,neutral,3|4|6|9|11|14|22,annoyance|approval|confusion|disappointment|disgust|fear|realization
3408,4,approval,6|10|15|17|22|25,confusion|disapproval|gratitude|joy|realization|sadness
3409,27,neutral,4|10|15|17|22,approval|disapproval|gratitude|joy|realization
3410,1,amusement,3|7|8|10|11|25,annoyance|curiosity|desire|disapproval|disgust|sadness
3411,27,neutral,0|4|6|11|18|20|27,admiration|approval|confusion|disgust|love|optimism|neutral
3412,6,confusion,4|5|8|9|17|27,approval|caring|desire|disappointment|joy|neutral
3413,12,embarrassment,0|1|5|7|13|17|26,admiration|amusement|caring|curiosity|excitement|joy|surprise
3414,10,disapproval,1|4|14|15|17|22,amusement|approval|fear|gratitude|joy|realization
3415,27,neutral,8|14|18|26|27,desire|fear|love|surprise|neutral
3416,24,remorse,0|2|3|4|27,admiration|anger|annoyance|approval|neutral
3417,7,curiosity,7|15|17|20|27,curiosity|gratitude|joy|optimism|neutral
3418,27,neutral,0|3|10|11|15|20|27,admiration|annoyance|disapproval|disgust|gratitude|optimism|neutral
3419,4,approval,3|4|5|6|7|9|10|17|20|26,annoyance|approval|caring|confusion|curiosity|disappointment|disapproval|joy|optimism|surprise
3420,1,amusement,3|5|15|18|20|25|27,annoyance|caring|gratitude|love|optimism|sadness|neutral
3421,13,excitement,1|5|14|22|27,amusement|caring|fear|realization|neutral
3422,18,love,5|6|7|11|15|22|25,caring|confusion|curiosity|disgust|gratitude|realization|sadness
3423,27,neutral,0|3|4|9|11|14|18|20|25,admiration|annoyance|approval|disappointment|disgust|fear|love|optimism|sadness
3424,9|25,disappointment|sadness,2|6|15|17|20|26,anger|confusion|gratitude|joy|optimism|surprise
3425,27,neutral,0|1|3|5|7|9|10|15,admiration|amusement|annoyance|caring|curiosity|disappointment|disapproval|gratitude
3426,3,annoyance,2|3|4|5|6|7|8|27,anger|annoyance|approval|caring|confusion|curiosity|desire|neutral
3427,4,approval,14|15|20|27,fear|gratitude|optimism|neutral
3428,3,annoyance,3|7|9|13|15|18|23|25,annoyance|curiosity|disappointment|excitement|gratitude|love|relief|sadness
3429,27,neutral,2|4|6|7|8|15|18|22,anger|approval|confusion|curiosity|desire|gratitude|love|realization
3430,15|18,gratitude|love,0|3|4|10|22|25,admiration|annoyance|approval|disapproval|realization|sadness
3431,10,disapproval,14|17|18|22|24,fear|joy|love|realization|remorse
3432,2|3,anger|annoyance,2|4|6|7|9|15|17|25|26,anger|approval|confusion|curiosity|disappointment|gratitude|joy|sadness|surprise
3433,27,neutral,1|2|10|18|27,amusement|anger|disapproval|love|neutral
3434,27,neutral,3|4|5|6|7|10|11|13|14|15|17|24|25,annoyance|approval|caring|confusion|curiosity|disapproval|disgust|excitement|fear|gratitude|joy|remorse|sadness
3435,27,neutral,0|3|17|26,admiration|annoyance|joy|surprise
3436,8,desire,0|4|5|6|9|11|18|19|20|22|27,admiration|approval|caring|confusion|disappointment|disgust|love|nervousness|optimism|realization|neutral
3437,27,neutral,3|6|9|13|15|22|26,annoyance|confusion|disappointment|excitement|gratitude|realization|surprise
3438,27,neutral,3|6|7|9|10|14|20,annoyance|confusion|curiosity|disappointment|disapproval|fear|optimism
3439,3|9,annoyance|disappointment,0|1|6|17,admiration|amusement|confusion|joy
3440,15,gratitude,1|3|7|11|15|18|20|22|24|26,amusement|annoyance|curiosity|disgust|gratitude|love|optimism|realization|remorse|surprise
3441,25,sadness,7|8|10|12|14|22|24|27,curiosity|desire|disapproval|embarrassment|fear|realization|remorse|neutral
3442,2|3,anger|annoyance,4|11|17|20,approval|disgust|joy|optimism
3443,6,confusion,0|2|3|5|7|11|15|20|26,admiration|anger|annoyance|caring|curiosity|disgust|gratitude|optimism|surprise
3444,4|15,approval|gratitude,2|3|6|8|11|15|17|18|24|25|26|27,anger|annoyance|confusion|desire|disgust|gratitude|joy|love|remorse|sadness|surprise|neutral
3445,7,curiosity,0|6|11|18|20,admiration|confusion|disgust|love|optimism
3446,0,admiration,0|20,admiration|optimism
3447,27,neutral,0|7|18|20,admiration|curiosity|love|optimism
3448,1,amusement,9|10|15|18|24|25|26,disappointment|disapproval|gratitude|love|remorse|sadness|surprise
3449,0|10,admiration|disapproval,0|1|4|11|18|27,admiration|amusement|approval|disgust|love|neutral
3450,1,amusement,2|3|5|7|10|13|17,anger|annoyance|caring|curiosity|disapproval|excitement|joy
3451,26,surprise,0|1|4|11|13|18|20|24|27,admiration|amusement|approval|disgust|excitement|love|optimism|remorse|neutral
3452,4|27,approval|neutral,0|1|2|3|4|5|8|9|10|17,admiration|amusement|anger|annoyance|approval|caring|desire|disappointment|disapproval|joy
3453,3,annoyance,4|9|20,approval|disappointment|optimism
3454,18,love,2|10|11|12|14|15|17|24|25,anger|disapproval|disgust|embarrassment|fear|gratitude|joy|remorse|sadness
3455,17,joy,1|4|7|13|22|27,amusement|approval|curiosity|excitement|realization|neutral
3456,27,neutral,1|2|4|6|7|9|20|27,amusement|anger|approval|confusion|curiosity|disappointment|optimism|neutral
3457,27,neutral,4|7|10|15|17,approval|curiosity|disapproval|gratitude|joy
3458,4,approval,0|3|4|11|15|20|26,admiration|annoyance|approval|disgust|gratitude|optimism|surprise
3459,27,neutral,0|1|3|11|17|20,admiration|amusement|annoyance|disgust|joy|optimism
3460,27,neutral,0|1|9|13|15|20|26|27,admiration|amusement|disappointment|excitement|gratitude|optimism|surprise|neutral
3461,1,amusement,3|5|9|15|20|25|27,annoyance|caring|disappointment|gratitude|optimism|sadness|neutral
3462,1|13,amusement|excitement,1|3|4|10|12|22|27,amusement|annoyance|approval|disapproval|embarrassment|realization|neutral
3463,9,disappointment,1|13|15|22,amusement|excitement|gratitude|realization
3464,27,neutral,7|10|15|17|25,curiosity|disapproval|gratitude|joy|sadness
3465,27,neutral,2|10|15|20|21|25,anger|disapproval|gratitude|optimism|pride|sadness
3466,17,joy,1|6|7|15|18|22|25,amusement|confusion|curiosity|gratitude|love|realization|sadness
3467,15,gratitude,4|10|18|23|26,approval|disapproval|love|relief|surprise
3468,1,amusement,7|9|14|20|26|27,curiosity|disappointment|fear|optimism|surprise|neutral
3469,3|9,annoyance|disappointment,1|10|18|25|27,amusement|disapproval|love|sadness|neutral
3470,27,neutral,1|14|18|25,amusement|fear|love|sadness
3471,12|27,embarrassment|neutral,0|20|25,admiration|optimism|sadness
3472,27,neutral,0|2|6|7|9|13|17|18|25,admiration|anger|confusion|curiosity|disappointment|excitement|joy|love|sadness
3473,27,neutral,1|2|5|15|20|26|27,amusement|anger|caring|gratitude|optimism|surprise|neutral
3474,1|4,amusement|approval,0|2|4|6|7|14|15|18|25|26,admiration|anger|approval|confusion|curiosity|fear|gratitude|love|sadness|surprise
3475,17,joy,2|3|4|10|21|22,anger|annoyance|approval|disapproval|pride|realization
3476,5,caring,0|1|6|10|11|23|27,admiration|amusement|confusion|disapproval|disgust|relief|neutral
3477,27,neutral,1|4|11|25,amusement|approval|disgust|sadness
3478,13,excitement,4|5|13|27,approval|caring|excitement|neutral
3479,25,sadness,0|5|17|27,admiration|caring|joy|neutral
3480,10,disapproval,5|10|18|23|25|27,caring|disapproval|love|relief|sadness|neutral
3481,27,neutral,0|1|15|27,admiration|amusement|gratitude|neutral
3482,20,optimism,2|4|5|9|10|13|18|27,anger|approval|caring|disappointment|disapproval|excitement|love|neutral
3483,5|6,caring|confusion,0|3|7|9|10|20|27,admiration|annoyance|curiosity|disappointment|disapproval|optimism|neutral
3484,18,love,5|6|7|15|17|24,caring|confusion|curiosity|gratitude|joy|remorse
3485,26,surprise,0|5|20|24,admiration|caring|optimism|remorse
3486,1,amusement,1|4|9|13|20|22|26,amusement|approval|disappointment|excitement|optimism|realization|surprise
3487,14,fear,0|1|4|5,admiration|amusement|approval|caring
3488,7,curiosity,1|2|5|6|8|9|15|18|20|24,amusement|anger|caring|confusion|desire|disappointment|gratitude|love|optimism|remorse
3489,15,gratitude,0|3|13|15|17|20|26,admiration|annoyance|excitement|gratitude|joy|optimism|surprise
3490,27,neutral,3|6|10|11|13|20,annoyance|confusion|disapproval|disgust|excitement|optimism
3491,24,remorse,0|8|20|22|24|27,admiration|desire|optimism|realization|remorse|neutral
3492,27,neutral,0|3|4|6|9|10|24|26,admiration|annoyance|approval|confusion|disappointment|disapproval|remorse|surprise
3493,27,neutral,2|4|5|6|9|17|18,anger|approval|caring|confusion|disappointment|joy|love
3494,15,gratitude,1|3|8|10|17|26|27,amusement|annoyance|desire|disapproval|joy|surprise|neutral
3495,17,joy,0|3|8|9|11|13|14|18|25,admiration|annoyance|desire|disappointment|disgust|excitement|fear|love|sadness
3496,3,annoyance,3|5|10|13|22|25,annoyance|caring|disapproval|excitement|realization|sadness
3497,3,annoyance,1|2|18|22|27,amusement|anger|love|realization|neutral
3498,6,confusion,0|1|9|25|27,admiration|amusement|disappointment|sadness|neutral
3499,6,confusion,7|8|14|17|20|27,curiosity|desire|fear|joy|optimism|neutral
3500,4|7,approval|curiosity,0|2|3|9|24,admiration|anger|annoyance|disappointment|remorse
3501,6,confusion,1|3|7|27,amusement|annoyance|curiosity|neutral
3502,0|22,admiration|realization,1|2|3|9|11|12|13|14|18|25|27,amusement|anger|annoyance|disappointment|disgust|embarrassment|excitement|fear|love|sadness|neutral
3503,27,neutral,10|20,disapproval|optimism
3504,4,approval,0|6|11|15|27,admiration|confusion|disgust|gratitude|neutral
3505,27,neutral,0|2|3|8|13|20,admiration|anger|annoyance|desire|excitement|optimism
3506,9,disappointment,0|1|15|18,admiration|amusement|gratitude|love
3507,27,neutral,0|1|4|6|8|9|10|13|20,admiration|amusement|approval|confusion|desire|disappointment|disapproval|excitement|optimism
3508,27,neutral,5|7|14|19|20|22|27,caring|curiosity|fear|nervousness|optimism|realization|neutral
3509,27,neutral,0|1|5|6|7,admiration|amusement|caring|confusion|curiosity
3510,3,annoyance,7|9|15|20|25|27,curiosity|disappointment|gratitude|optimism|sadness|neutral
3511,0|4,admiration|approval,0|1|5|6|10|14|20|27,admiration|amusement|caring|confusion|disapproval|fear|optimism|neutral
3512,4,approval,0|3|4|5|7|13|17|18|22,admiration|annoyance|approval|caring|curiosity|excitement|joy|love|realization
3513,27,neutral,1|2|7|10|15|20,amusement|anger|curiosity|disapproval|gratitude|optimism
3514,4|22,approval|realization,0|5|6|20|25,admiration|caring|confusion|optimism|sadness
3515,4,approval,0|1|2|3|6|7|8|9|17,admiration|amusement|anger|annoyance|confusion|curiosity|desire|disappointment|joy
3516,4,approval,2|4|6|7|22|27,anger|approval|confusion|curiosity|realization|neutral
3517,25,sadness,3|13,annoyance|excitement
3518,27,neutral,6|15|17,confusion|gratitude|joy
3519,27,neutral,3|14|20,annoyance|fear|optimism
3520,5|27,caring|neutral,4|9|11|13|17|18|22|24|25,approval|disappointment|disgust|excitement|joy|love|realization|remorse|sadness
3521,26,surprise,10|18|20|25|27,disapproval|love|optimism|sadness|neutral
3522,0,admiration,0|2|3|11|27,admiration|anger|annoyance|disgust|neutral
3523,7|24,curiosity|remorse,1|9|10|12|15|27,amusement|disappointment|disapproval|embarrassment|gratitude|neutral
3524,2,anger,0|1|3|4|8|9|10|25|27,admiration|amusement|annoyance|approval|desire|disappointment|disapproval|sadness|neutral
3525,1,amusement,0|4|17|18|24|26,admiration|approval|joy|love|remorse|surprise
3526,4,approval,1|5|6|10|17|18|25,amusement|caring|confusion|disapproval|joy|love|sadness
3527,27,neutral,3|5|6|10|18|22|27,annoyance|caring|confusion|disapproval|love|realization|neutral
3528,14|19,fear|nervousness,1|3|4|10|14|15|25,amusement|annoyance|approval|disapproval|fear|gratitude|sadness
3529,13|25,excitement|sadness,3|9|18|27,annoyance|disappointment|love|neutral
3530,27,neutral,2|3|6|17|27,anger|annoyance|confusion|joy|neutral
3531,4,approval,2|9|10|22|25|26|27,anger|disappointment|disapproval|realization|sadness|surprise|neutral
3532,27,neutral,0|3|6|10|11|15|18|20|24,admiration|annoyance|confusion|disapproval|disgust|gratitude|love|optimism|remorse
3533,27,neutral,0|4|5|10|15|22|27,admiration|approval|caring|disapproval|gratitude|realization|neutral
3534,11,disgust,2|5|10|13|14|18|24|25,anger|caring|disapproval|excitement|fear|love|remorse|sadness
3535,11|25,disgust|sadness,0|4|7|9|15|17,admiration|approval|curiosity|disappointment|gratitude|joy
3536,1,amusement,3|6|7|9|13|15|20|27,annoyance|confusion|curiosity|disappointment|excitement|gratitude|optimism|neutral
3537,2,anger,3|6|10|17|27,annoyance|confusion|disapproval|joy|neutral
3538,3,annoyance,0|1|4|7|14|15|17|24|25|27,admiration|amusement|approval|curiosity|fear|gratitude|joy|remorse|sadness|neutral
3539,1,amusement,0|1|2|5|9|10|15,admiration|amusement|anger|caring|disappointment|disapproval|gratitude
3540,0,admiration,0|1|4|20,admiration|amusement|approval|optimism
3541,6|7,confusion|curiosity,2|10|11|26|27,anger|disapproval|disgust|surprise|neutral
3542,20,optimism,0|1|18|20|25,admiration|amusement|love|optimism|sadness
3543,1,amusement,2|3|4|5|9|10|11|26|27,anger|annoyance|approval|caring|disappointment|disapproval|disgust|surprise|neutral
3544,4,approval,0|1|6|8|18|20|25|26,admiration|amusement|confusion|desire|love|optimism|sadness|surprise
3545,10,disapproval,1|3|5|10|15|18|22|24|27,amusement|annoyance|caring|disapproval|gratitude|love|realization|remorse|neutral
3546,15,gratitude,0|1|5|6|7|8|10|15|25|26,admiration|amusement|caring|confusion|curiosity|desire|disapproval|gratitude|sadness|surprise
3547,3|10,annoyance|disapproval,0|1|3|6|7|8|13|22|24|26,admiration|amusement|annoyance|confusion|curiosity|desire|excitement|realization|remorse|surprise
3548,24,remorse,3|4|7|10|11|17|24|25|27,annoyance|approval|curiosity|disapproval|disgust|joy|remorse|sadness|neutral
3549,27,neutral,1|3|8|10|14|15|22|27,amusement|annoyance|desire|disapproval|fear|gratitude|realization|neutral
3550,0,admiration,1|7|10|18,amusement|curiosity|disapproval|love
3551,18,love,0|2|4|5|8|9|15|18,admiration|anger|approval|caring|desire|disappointment|gratitude|love
3552,27,neutral,10|17|18|20|27,disapproval|joy|love|optimism|neutral
3553,1,amusement,0|1|3|6|7|11|15,admiration|amusement|annoyance|confusion|curiosity|disgust|gratitude
3554,2,anger,2|3|4|6|9|18|20|27,anger|annoyance|approval|confusion|disappointment|love|optimism|neutral
3555,15,gratitude,0|1|2|6|9|25,admiration|amusement|anger|confusion|disappointment|sadness
3556,27,neutral,0|14|17|20|22|26,admiration|fear|joy|optimism|realization|surprise
3557,27,neutral,0|4|10|23|27,admiration|approval|disapproval|relief|neutral
3558,27,neutral,2|6|11|17|18|27,anger|confusion|disgust|joy|love|neutral
3559,27,neutral,0|1|3|5|6|7|27,admiration|amusement|annoyance|caring|confusion|curiosity|neutral
3560,27,neutral,0|1|3|6|10|13|17|18|26,admiration|amusement|annoyance|confusion|disapproval|excitement|joy|love|surprise
3561,2|3,anger|annoyance,6|7|15|22|27,confusion|curiosity|gratitude|realization|neutral
3562,20,optimism,1|2|6|7|13|14|15|27,amusement|anger|confusion|curiosity|excitement|fear|gratitude|neutral
3563,4,approval,4|10|18|22|24|27,approval|disapproval|love|realization|remorse|neutral
3564,2,anger,0|4|13|17|25,admiration|approval|excitement|joy|sadness
3565,0,admiration,3|4|7|18|20|27,annoyance|approval|curiosity|love|optimism|neutral
3566,27,neutral,0|11|15|25|27,admiration|disgust|gratitude|sadness|neutral
3567,18,love,0|7|10|11|13|27,admiration|curiosity|disapproval|disgust|excitement|neutral
3568,13,excitement,2|10|15|25|26|27,anger|disapproval|gratitude|sadness|surprise|neutral
3569,27,neutral,0|2|5|6|7|11|20,admiration|anger|caring|confusion|curiosity|disgust|optimism
3570,0,admiration,1|2|3|9|10|11|15|22|25,amusement|anger|annoyance|disappointment|disapproval|disgust|gratitude|realization|sadness
3571,11,disgust,3|4|7|10|25,annoyance|approval|curiosity|disapproval|sadness
3572,26,surprise,2|4|6|7|18|22|25,anger|approval|confusion|curiosity|love|realization|sadness
3573,5|10,caring|disapproval,5|6|12|26|27,caring|confusion|embarrassment|surprise|neutral
3574,1,amusement,0|6|10|13|20|26|27,admiration|confusion|disapproval|excitement|optimism|surprise|neutral
3575,11,disgust,0|1|2|15|26,admiration|amusement|anger|gratitude|surprise
3576,27,neutral,0|2|7|12|17|20|26|27,admiration|anger|curiosity|embarrassment|joy|optimism|surprise|neutral
3577,0,admiration,0|3|6|10|17|18,admiration|annoyance|confusion|disapproval|joy|love
3578,27,neutral,1|3|4|14|15,amusement|annoyance|approval|fear|gratitude
3579,9,disappointment,4|7|14|17|27,approval|curiosity|fear|joy|neutral
3580,20,optimism,0|1|12|14|26|27,admiration|amusement|embarrassment|fear|surprise|neutral
3581,9|26,disappointment|surprise,2|26|27,anger|surprise|neutral
3582,7|20,curiosity|optimism,0|1|7|9|10|18|26|27,admiration|amusement|curiosity|disappointment|disapproval|love|surprise|neutral
3583,27,neutral,0|10|11|25,admiration|disapproval|disgust|sadness
3584,5,caring,0|1|5|9|10|20|26,admiration|amusement|caring|disappointment|disapproval|optimism|surprise
3585,1,amusement,2|7|10|17|22|27,anger|curiosity|disapproval|joy|realization|neutral
3586,27,neutral,0|2|4|10,admiration|anger|approval|disapproval
3587,27,neutral,0|1|2|17|18|20|25,admiration|amusement|anger|joy|love|optimism|sadness
3588,9,disappointment,0|1|7|12|15|18|20,admiration|amusement|curiosity|embarrassment|gratitude|love|optimism
3589,4,approval,0|2|6|10|13|14|15|27,admiration|anger|confusion|disapproval|excitement|fear|gratitude|neutral
3590,18|22,love|realization,2|3|5|19,anger|annoyance|caring|nervousness
3591,10,disapproval,2|9|11|20|27,anger|disappointment|disgust|optimism|neutral
3592,18,love,5|6|8|15|18|27,caring|confusion|desire|gratitude|love|neutral
3593,7|27,curiosity|neutral,0|25|27,admiration|sadness|neutral
3594,10,disapproval,4|11|27,approval|disgust|neutral
3595,17,joy,3|4|6|7|9|20|25,annoyance|approval|confusion|curiosity|disappointment|optimism|sadness
3596,4,approval,1|3|4|5|18|27,amusement|annoyance|approval|caring|love|neutral
3597,3,annoyance,2|3|4|15,anger|annoyance|approval|gratitude
3598,27,neutral,0|4|7|10|11|18|25,admiration|approval|curiosity|disapproval|disgust|love|sadness
3599,27,neutral,1|10|20|26|27,amusement|disapproval|optimism|surprise|neutral
3600,27,neutral,0|1|2|4|13|14|20,admiration|amusement|anger|approval|excitement|fear|optimism
3601,0,admiration,0|1|4|6|7|10|22|26,admiration|amusement|approval|confusion|curiosity|disapproval|realization|surprise
3602,1,amusement,4|15|17,approval|gratitude|joy
3603,1|18,amusement|love,1|6|11|15|17|18|25|27,amusement|confusion|disgust|gratitude|joy|love|sadness|neutral
3604,15,gratitude,0|1|5|7|9|10|20|25,admiration|amusement|caring|curiosity|disappointment|disapproval|optimism|sadness
3605,27,neutral,0|4|6|7|15|22,admiration|approval|confusion|curiosity|gratitude|realization
3606,4,approval,2|4|17|18|27,anger|approval|joy|love|neutral
3607,18,love,2|9|10|11|15|18|25,anger|disappointment|disapproval|disgust|gratitude|love|sadness
3608,27,neutral,0|1|3|4|15|27,admiration|amusement|annoyance|approval|gratitude|neutral
3609,6,confusion,0|1|2|18|26|27,admiration|amusement|anger|love|surprise|neutral
3610,10,disapproval,0|1|3|10|14|18|20|22|23|25|26,admiration|amusement|annoyance|disapproval|fear|love|optimism|realization|relief|sadness|surprise
3611,4,approval,0|1|2|5|10|18|20|22|24|25,admiration|amusement|anger|caring|disapproval|love|optimism|realization|remorse|sadness
3612,27,neutral,1|2|3|6|8|9|10|20|25,amusement|anger|annoyance|confusion|desire|disappointment|disapproval|optimism|sadness
3613,7,curiosity,0|4|5|10|17,admiration|approval|caring|disapproval|joy
3614,14,fear,0|3|4|5|9|15|27,admiration|annoyance|approval|caring|disappointment|gratitude|neutral
3615,27,neutral,3|5|8|20,annoyance|caring|desire|optimism
3616,3|9,annoyance|disappointment,0|1|6|10|14|15|18,admiration|amusement|confusion|disapproval|fear|gratitude|love
3617,15,gratitude,11|27,disgust|neutral
3618,5,caring,0|3|11|13|14|26,admiration|annoyance|disgust|excitement|fear|surprise
3619,27,neutral,4|7|13|27,approval|curiosity|excitement|neutral
3620,0,admiration,0|1|4|5|13|17|20|27,admiration|amusement|approval|caring|excitement|joy|optimism|neutral
3621,27,neutral,4|7|13|27,approval|curiosity|excitement|neutral
3622,27,neutral,2|3|4|6|7|9|10|18|27,anger|annoyance|approval|confusion|curiosity|disappointment|disapproval|love|neutral
3623,15,gratitude,10|15|20|26,disapproval|gratitude|optimism|surprise
3624,4|5|7,approval|caring|curiosity,0|2|3|26,admiration|anger|annoyance|surprise
3625,7,curiosity,9|13|20|22|27,disappointment|excitement|optimism|realization|neutral
3626,27,neutral,0|15|18|22|27,admiration|gratitude|love|realization|neutral
3627,12,embarrassment,1|3|6|8|15|17|25|27,amusement|annoyance|confusion|desire|gratitude|joy|sadness|neutral
3628,0,admiration,3|4|6|8|12|15|17|20,annoyance|approval|confusion|desire|embarrassment|gratitude|joy|optimism
3629,0,admiration,4|5|6|13|15|27,approval|caring|confusion|excitement|gratitude|neutral
3630,27,neutral,0|1|4|9|13|24|27,admiration|amusement|approval|disappointment|excitement|remorse|neutral
3631,5,caring,0|2|3|11|15|18|20|24|25,admiration|anger|annoyance|disgust|gratitude|love|optimism|remorse|sadness
3632,0|3,admiration|annoyance,1|2|4|6|7|8|10|24,amusement|anger|approval|confusion|curiosity|desire|disapproval|remorse
3633,27,neutral,1|5|9|10|15|27,amusement|caring|disappointment|disapproval|gratitude|neutral
3634,0|4,admiration|approval,0|5|6|7|18|27,admiration|caring|confusion|curiosity|love|neutral
3635,11|24,disgust|remorse,3|4|8|9|10|13|20|22|27,annoyance|approval|desire|disappointment|disapproval|excitement|optimism|realization|neutral
3636,4,approval,3|5|6|20|22|27,annoyance|caring|confusion|optimism|realization|neutral
3637,20|27,optimism|neutral,2|3|5|9|10|15|16,anger|annoyance|caring|disappointment|disapproval|gratitude|grief
3638,27,neutral,0|1|2|3|5|7|18|22,admiration|amusement|anger|annoyance|caring|curiosity|love|realization
3639,5|20,caring|optimism,0|2|3|4|6|7|17|22|26,admiration|anger|annoyance|approval|confusion|curiosity|joy|realization|surprise
3640,10,disapproval,0|3|4|13|15|22,admiration|annoyance|approval|excitement|gratitude|realization
3641,27,neutral,2|3|5|9|15|27,anger|annoyance|caring|disappointment|gratitude|neutral
3642,27,neutral,0|3|15|18|22|25,admiration|annoyance|gratitude|love|realization|sadness
3643,7,curiosity,1|3|10|15|17|20|24|26,amusement|annoyance|disapproval|gratitude|joy|optimism|remorse|surprise
3644,8,desire,7|13|15|18|27,curiosity|excitement|gratitude|love|neutral
3645,9,disappointment,1|2|7|18|22|27,amusement|anger|curiosity|love|realization|neutral
3646,20,optimism,0|8|9|10|27,admiration|desire|disappointment|disapproval|neutral
3647,4,approval,4|7|9|20,approval|curiosity|disappointment|optimism
3648,8,desire,3|6|7|8|27,annoyance|confusion|curiosity|desire|neutral
3649,10,disapproval,0|2|6|12,admiration|anger|confusion|embarrassment
3650,4|14|18,approval|fear|love,6|9|10|11|18|26|27,confusion|disappointment|disapproval|disgust|love|surprise|neutral
3651,25,sadness,2|3|7|15|18|24|27,anger|annoyance|curiosity|gratitude|love|remorse|neutral
3652,15|24,gratitude|remorse,0|1|4|9|13|15|18,admiration|amusement|approval|disappointment|excitement|gratitude|love
3653,10,disapproval,3|4|17|22|25|27,annoyance|approval|joy|realization|sadness|neutral
3654,27,neutral,1|4|5|17|20|27,amusement|approval|caring|joy|optimism|neutral
3655,3,annoyance,0|1|9|25|27,admiration|amusement|disappointment|sadness|neutral
3656,10,disapproval,0|1|3|5|26,admiration|amusement|annoyance|caring|surprise
3657,27,neutral,0|1|2|3|6|7|9|10|11|14|15|21,admiration|amusement|anger|annoyance|confusion|curiosity|disappointment|disapproval|disgust|fear|gratitude|pride
3658,17,joy,0|5|6|17|18|20|22|24|26,admiration|caring|confusion|joy|love|optimism|realization|remorse|surprise
3659,26,surprise,4|15|17|24|26|27,approval|gratitude|joy|remorse|surprise|neutral
3660,1,amusement,0|2|4|6|11|18|22|24|25|27,admiration|anger|approval|confusion|disgust|love|realization|remorse|sadness|neutral
3661,10,disapproval,0|1|15|27,admiration|amusement|gratitude|neutral
3662,10,disapproval,1|2|7|15|17|26|27,amusement|anger|curiosity|gratitude|joy|surprise|neutral
3663,5,caring,3|7|13|24|27,annoyance|curiosity|excitement|remorse|neutral
3664,12,embarrassment,0|2|4|6|7|10|18|26,admiration|anger|approval|confusion|curiosity|disapproval|love|surprise
3665,27,neutral,1|2|3|6|7|9|13|14|15|25|26,amusement|anger|annoyance|confusion|curiosity|disappointment|excitement|fear|gratitude|sadness|surprise
3666,2|3,anger|annoyance,0|1|2|4|5|6|10|11|15|18,admiration|amusement|anger|approval|caring|confusion|disapproval|disgust|gratitude|love
3667,24|25,remorse|sadness,0|1|3|4|6|10|20|22|26,admiration|amusement|annoyance|approval|confusion|disapproval|optimism|realization|surprise
3668,18,love,4|20|27,approval|optimism|neutral
3669,26,surprise,4|6|13|14|17|22|27,approval|confusion|excitement|fear|joy|realization|neutral
3670,0,admiration,1|2|3|6|10|15|22,amusement|anger|annoyance|confusion|disapproval|gratitude|realization
3671,10,disapproval,2|3|7|10|18|22,anger|annoyance|curiosity|disapproval|love|realization
3672,10,disapproval,1|2|3|4|7|8|10|18|20|22|24|25,amusement|anger|annoyance|approval|curiosity|desire|disapproval|love|optimism|realization|remorse|sadness
3673,6,confusion,0|1|14|20|25|26,admiration|amusement|fear|optimism|sadness|surprise
3674,27,neutral,1|4|5|14|27,amusement|approval|caring|fear|neutral
3675,27,neutral,2|4|13|27,anger|approval|excitement|neutral
3676,27,neutral,0|1|2|5|6|7|18|27,admiration|amusement|anger|caring|confusion|curiosity|love|neutral
3677,9,disappointment,1|3|5|7|11|25|26,amusement|annoyance|caring|curiosity|disgust|sadness|surprise
3678,5,caring,1|5|6|9|11|14|18|25|27,amusement|caring|confusion|disappointment|disgust|fear|love|sadness|neutral
3679,7,curiosity,0|3|5|11|15|17|24,admiration|annoyance|caring|disgust|gratitude|joy|remorse
3680,27,neutral,2|6|7|9|15|19|22|27,anger|confusion|curiosity|disappointment|gratitude|nervousness|realization|neutral
3681,27,neutral,15,gratitude
3682,0,admiration,0|4|5|18|20|22|27,admiration|approval|caring|love|optimism|realization|neutral
3683,4,approval,4|7|11|26|27,approval|curiosity|disgust|surprise|neutral
3684,19|25,nervousness|sadness,0|1|6|10|13|14|15|17|27,admiration|amusement|confusion|disapproval|excitement|fear|gratitude|joy|neutral
3685,11|14|20,disgust|fear|optimism,3|4|6|7|9|17|20|27,annoyance|approval|confusion|curiosity|disappointment|joy|optimism|neutral
3686,4|15,approval|gratitude,2|6|7|9|10|13|18,anger|confusion|curiosity|disappointment|disapproval|excitement|love
3687,3|14,annoyance|fear,1|2|5|6|7|9|19|27,amusement|anger|caring|confusion|curiosity|disappointment|nervousness|neutral
3688,18,love,3|4|9|11|17|18|22|25,annoyance|approval|disappointment|disgust|joy|love|realization|sadness
3689,4,approval,0|1|6|17|27,admiration|amusement|confusion|joy|neutral
3690,25,sadness,1|3|4|6|7|17|27,amusement|annoyance|approval|confusion|curiosity|joy|neutral
3691,22,realization,0|1|6|10|13|27,admiration|amusement|confusion|disapproval|excitement|neutral
3692,4|27,approval|neutral,3|5|25,annoyance|caring|sadness
3693,1,amusement,1|10|15|25|27,amusement|disapproval|gratitude|sadness|neutral
3694,27,neutral,3|7|26|27,annoyance|curiosity|surprise|neutral
3695,6,confusion,7|10|11|15|17|24|27,curiosity|disapproval|disgust|gratitude|joy|remorse|neutral
3696,27,neutral,1|3|9|18|20|22|27,amusement|annoyance|disappointment|love|optimism|realization|neutral
3697,27,neutral,0|1|2|3|10|20|26|27,admiration|amusement|anger|annoyance|disapproval|optimism|surprise|neutral
3698,20,optimism,2|6|10|13|27,anger|confusion|disapproval|excitement|neutral
3699,15,gratitude,0|2|4|9|10|27,admiration|anger|approval|disappointment|disapproval|neutral
3700,3,annoyance,4|6|17|18|22,approval|confusion|joy|love|realization
3701,27,neutral,8|14|27,desire|fear|neutral
3702,27,neutral,0|4|10|15|25|27,admiration|approval|disapproval|gratitude|sadness|neutral
3703,11,disgust,2|4|6|7|11|13|20|24|26|27,anger|approval|confusion|curiosity|disgust|excitement|optimism|remorse|surprise|neutral
3704,27,neutral,1|10|18|24,amusement|disapproval|love|remorse
3705,26,surprise,0|1|4|10|17|27,admiration|amusement|approval|disapproval|joy|neutral
3706,3,annoyance,0|2|8|17|18|19|22,admiration|anger|desire|joy|love|nervousness|realization
3707,5,caring,3|4|7|9|10|11|13|15|20,annoyance|approval|curiosity|disappointment|disapproval|disgust|excitement|gratitude|optimism
3708,27,neutral,1|3|7|13|20|25,amusement|annoyance|curiosity|excitement|optimism|sadness
3709,4,approval,2|5|11|20|26|27,anger|caring|disgust|optimism|surprise|neutral
3710,27,neutral,1|2|4|5|9|11|12|15|22|27,amusement|anger|approval|caring|disappointment|disgust|embarrassment|gratitude|realization|neutral
3711,27,neutral,3|4|6|9|22|27,annoyance|approval|confusion|disappointment|realization|neutral
3712,3|10,annoyance|disapproval,2|4|7|8|10|15|18|22,anger|approval|curiosity|desire|disapproval|gratitude|love|realization
3713,27,neutral,2|4|17|24|27,anger|approval|joy|remorse|neutral
3714,23,relief,0|1|2|18|24|25,admiration|amusement|anger|love|remorse|sadness
3715,0|4,admiration|approval,0|1|2|10|11|15|17|25|27,admiration|amusement|anger|disapproval|disgust|gratitude|joy|sadness|neutral
3716,11,disgust,2|3|7|14|15|18|20|25|26,anger|annoyance|curiosity|fear|gratitude|love|optimism|sadness|surprise
3717,0,admiration,1|2|4|10|18|22,amusement|anger|approval|disapproval|love|realization
3718,27,neutral,3|15|20|25,annoyance|gratitude|optimism|sadness
3719,7,curiosity,5|10|13|15|17|18|20|25,caring|disapproval|excitement|gratitude|joy|love|optimism|sadness
3720,27,neutral,1|2|6|7|18,amusement|anger|confusion|curiosity|love
3721,27,neutral,0|3|9|11|14|15|17|25|27,admiration|annoyance|disappointment|disgust|fear|gratitude|joy|sadness|neutral
3722,7,curiosity,10|11|17|18|25,disapproval|disgust|joy|love|sadness
3723,18,love,9|18|22|24|27,disappointment|love|realization|remorse|neutral
3724,17,joy,1|2|3|9|10|13|20|27,amusement|anger|annoyance|disappointment|disapproval|excitement|optimism|neutral
3725,4|22,approval|realization,1|13|25|27,amusement|excitement|sadness|neutral
3726,9,disappointment,1|6|7|10|13|18|22|25,amusement|confusion|curiosity|disapproval|excitement|love|realization|sadness
3727,0,admiration,0|2|5|6|11|15|20|27,admiration|anger|caring|confusion|disgust|gratitude|optimism|neutral
3728,0,admiration,3|5|26|27,annoyance|caring|surprise|neutral
3729,27,neutral,1|4|10|20|26,amusement|approval|disapproval|optimism|surprise
3730,9,disappointment,4|17|18|27,approval|joy|love|neutral
3731,27,neutral,1|2|9|11|15|17|18|25|26,amusement|anger|disappointment|disgust|gratitude|joy|love|sadness|surprise
3732,26,surprise,1|3|5|10|15|18,amusement|annoyance|caring|disapproval|gratitude|love
3733,17,joy,1|13|17|18|20|24,amusement|excitement|joy|love|optimism|remorse
3734,7,curiosity,1|18|22|27,amusement|love|realization|neutral
3735,1|17,amusement|joy,4|6|9|11|17,approval|confusion|disappointment|disgust|joy
3736,8,desire,0|4|6|8|9|14|20|22|26|27,admiration|approval|confusion|desire|disappointment|fear|optimism|realization|surprise|neutral
3737,27,neutral,1|8|14|15,amusement|desire|fear|gratitude
3738,27,neutral,1|3|10|27,amusement|annoyance|disapproval|neutral
3739,7,curiosity,1|3|5|6|9|11|13|17|20,amusement|annoyance|caring|confusion|disappointment|disgust|excitement|joy|optimism
3740,19,nervousness,1|3|4|24|25|27,amusement|annoyance|approval|remorse|sadness|neutral
3741,24|25,remorse|sadness,0|1|4|7|20,admiration|amusement|approval|curiosity|optimism
3742,22|25,realization|sadness,0|6|20|27,admiration|confusion|optimism|neutral
3743,27,neutral,9|18|25|27,disappointment|love|sadness|neutral
3744,5|27,caring|neutral,1|3|5|13|25,amusement|annoyance|caring|excitement|sadness
3745,27,neutral,2|13|15|17|26|27,anger|excitement|gratitude|joy|surprise|neutral
3746,2|27,anger|neutral,3|6|10|11|15|18|19,annoyance|confusion|disapproval|disgust|gratitude|love|nervousness
3747,7,curiosity,1|2|4|9|19|20|27,amusement|anger|approval|disappointment|nervousness|optimism|neutral
3748,18,love,0|1|6|9|15|20,admiration|amusement|confusion|disappointment|gratitude|optimism
3749,18,love,9|17|18|27,disappointment|joy|love|neutral
3750,18,love,8|15|17|18,desire|gratitude|joy|love
3751,27,neutral,0|14|18|27,admiration|fear|love|neutral
3752,25,sadness,0|1|7,admiration|amusement|curiosity
3753,27,neutral,1|15|25,amusement|gratitude|sadness
3754,27,neutral,6|9|11|20|25|27,confusion|disappointment|disgust|optimism|sadness|neutral
3755,22,realization,0|4|5|8|10|13|17|20|24,admiration|approval|caring|desire|disapproval|excitement|joy|optimism|remorse
3756,0,admiration,4|6|10|14|15|20|22|26,approval|confusion|disapproval|fear|gratitude|optimism|realization|surprise
3757,20,optimism,6|15|26,confusion|gratitude|surprise
3758,7|25,curiosity|sadness,6|7|9|13|17|18|26|27,confusion|curiosity|disappointment|excitement|joy|love|surprise|neutral
3759,0,admiration,0|2|4|6|7|11|15|26,admiration|anger|approval|confusion|curiosity|disgust|gratitude|surprise
3760,4,approval,0|1|3|7|11|15|22|24,admiration|amusement|annoyance|curiosity|disgust|gratitude|realization|remorse
3761,18,love,2|4|7|9|20|24|25,anger|approval|curiosity|disappointment|optimism|remorse|sadness
3762,27,neutral,2|3|6|7|9|10|15|17|27,anger|annoyance|confusion|curiosity|disappointment|disapproval|gratitude|joy|neutral
3763,22|27,realization|neutral,3|4|5|6|10|11|17|27,annoyance|approval|caring|confusion|disapproval|disgust|joy|neutral
3764,2|3,anger|annoyance,0|4|10|11|22|26|27,admiration|approval|disapproval|disgust|realization|surprise|neutral
3765,18,love,2|3|7|9|10|13|18|25|26|27,anger|annoyance|curiosity|disappointment|disapproval|excitement|love|sadness|surprise|neutral
3766,13,excitement,4|6|7|17,approval|confusion|curiosity|joy
3767,5,caring,0|2|3|9|17|25|26,admiration|anger|annoyance|disappointment|joy|sadness|surprise
3768,27,neutral,2|3|10|18,anger|annoyance|disapproval|love
3769,18,love,0|4|6|9|22|26,admiration|approval|confusion|disappointment|realization|surprise
3770,27,neutral,0|6|7|17|18,admiration|confusion|curiosity|joy|love
3771,27,neutral,1|3|4|10|11|14|22,amusement|annoyance|approval|disapproval|disgust|fear|realization
3772,5|14,caring|fear,0|8|9|17|18|27,admiration|desire|disappointment|joy|love|neutral
3773,25,sadness,4|14|17|22|26|27,approval|fear|joy|realization|surprise|neutral
3774,27,neutral,15|18|20|27,gratitude|love|optimism|neutral
3775,4,approval,0|1|6|10|27,admiration|amusement|confusion|disapproval|neutral
3776,5|8|20|25,caring|desire|optimism|sadness,2|6|10|15|18|24,anger|confusion|disapproval|gratitude|love|remorse
3777,27,neutral,0|2|4|18|27,admiration|anger|approval|love|neutral
3778,9,disappointment,2|4|7|8|15|17|18,anger|approval|curiosity|desire|gratitude|joy|love
3779,0,admiration,1|3|5|15|24|25|27,amusement|annoyance|caring|gratitude|remorse|sadness|neutral
3780,13,excitement,1|3|7|14|18|20|22|26,amusement|annoyance|curiosity|fear|love|optimism|realization|surprise
3781,27,neutral,0|1|6|14|20|25,admiration|amusement|confusion|fear|optimism|sadness
3782,0,admiration,0|6|15|17|20|22|26|27,admiration|confusion|gratitude|joy|optimism|realization|surprise|neutral
3783,7,curiosity,3|4|6|7|26,annoyance|approval|confusion|curiosity|surprise
3784,18,love,1|3|6|7|8|9|10|17|25|27,amusement|annoyance|confusion|curiosity|desire|disappointment|disapproval|joy|sadness|neutral
3785,13|26,excitement|surprise,3|4|15|27,annoyance|approval|gratitude|neutral
3786,15,gratitude,3|7|8|9|15|22|25,annoyance|curiosity|desire|disappointment|gratitude|realization|sadness
3787,27,neutral,2|10|18|27,anger|disapproval|love|neutral
3788,0,admiration,0|1|6|7|9|15|27,admiration|amusement|confusion|curiosity|disappointment|gratitude|neutral
3789,27,neutral,0|4|7|20|26|27,admiration|approval|curiosity|optimism|surprise|neutral
3790,3|27,annoyance|neutral,3|7|15|18|22|27,annoyance|curiosity|gratitude|love|realization|neutral
3791,4,approval,0|3|5|9|10|13|17,admiration|annoyance|caring|disappointment|disapproval|excitement|joy
3792,4,approval,0|2|3|15|17|22,admiration|anger|annoyance|gratitude|joy|realization
3793,27,neutral,1|4|6|20|25,amusement|approval|confusion|optimism|sadness
3794,27,neutral,0|4|5|17|20|27,admiration|approval|caring|joy|optimism|neutral
3795,4,approval,1|5|10|14|17|18|27,amusement|caring|disapproval|fear|joy|love|neutral
3796,11,disgust,2|4|5|17|18|20|22|27,anger|approval|caring|joy|love|optimism|realization|neutral
3797,10,disapproval,6|7|10|15|22,confusion|curiosity|disapproval|gratitude|realization
3798,27,neutral,5|6|7|13|15|18|27,caring|confusion|curiosity|excitement|gratitude|love|neutral
3799,20,optimism,0|1|4|6|9|18|26,admiration|amusement|approval|confusion|disappointment|love|surprise
3800,27,neutral,5|7|20,caring|curiosity|optimism
3801,5,caring,3|5|10|14|18|20|27,annoyance|caring|disapproval|fear|love|optimism|neutral
3802,7,curiosity,1|2|3|10|17|27,amusement|anger|annoyance|disapproval|joy|neutral
3803,27,neutral,4|6|7|27,approval|confusion|curiosity|neutral
3804,2|3,anger|annoyance,0|4|7|9|27,admiration|approval|curiosity|disappointment|neutral
3805,1,amusement,1|4|6|7|15|18|27,amusement|approval|confusion|curiosity|gratitude|love|neutral
3806,27,neutral,3|6|13|14|17|27,annoyance|confusion|excitement|fear|joy|neutral
3807,27,neutral,6|13,confusion|excitement
3808,1|4,amusement|approval,2|3|7|11|13|17|18|27,anger|annoyance|curiosity|disgust|excitement|joy|love|neutral
3809,0|14,admiration|fear,0|4|20|25|27,admiration|approval|optimism|sadness|neutral
3810,18,love,1|2|3|4|8|9|10|15|25,amusement|anger|annoyance|approval|desire|disappointment|disapproval|gratitude|sadness
3811,27,neutral,0|2|3|5|7|9|14|15|25|26,admiration|anger|annoyance|caring|curiosity|disappointment|fear|gratitude|sadness|surprise
3812,5,caring,1|2|3|13|14|20|26,amusement|anger|annoyance|excitement|fear|optimism|surprise
3813,18,love,0|1|3|18|20|22,admiration|amusement|annoyance|love|optimism|realization
3814,3,annoyance,0|2|4|7|17,admiration|anger|approval|curiosity|joy
3815,18,love,0|6|9|10|11|14|17,admiration|confusion|disappointment|disapproval|disgust|fear|joy
3816,22|27,realization|neutral,1|10|13|17|18|20|25|27,amusement|disapproval|excitement|joy|love|optimism|sadness|neutral
3817,27,neutral,1|2|3|5|8|27,amusement|anger|annoyance|caring|desire|neutral
3818,27,neutral,1|7|27,amusement|curiosity|neutral
3819,3,annoyance,0|2|3|5|9|20|27,admiration|anger|annoyance|caring|disappointment|optimism|neutral
3820,1,amusement,2|4|5|7|10|18,anger|approval|caring|curiosity|disapproval|love
3821,26,surprise,0|1|3|7|15|17|22,admiration|amusement|annoyance|curiosity|gratitude|joy|realization
3822,14,fear,1|3|4|9|10|14|18|20|25|27,amusement|annoyance|approval|disappointment|disapproval|fear|love|optimism|sadness|neutral
3823,10,disapproval,0|4|6|7|17|18|25,admiration|approval|confusion|curiosity|joy|love|sadness
3824,27,neutral,2|6|10|11|18|27,anger|confusion|disapproval|disgust|love|neutral
3825,0,admiration,0|1|4|6|7|8|13|15,admiration|amusement|approval|confusion|curiosity|desire|excitement|gratitude
3826,15,gratitude,5|9|15|18|25|27,caring|disappointment|gratitude|love|sadness|neutral
3827,27,neutral,3|7|8|13|15|25|27,annoyance|curiosity|desire|excitement|gratitude|sadness|neutral
3828,27,neutral,3|9|18|27,annoyance|disappointment|love|neutral
3829,6|7,confusion|curiosity,1|2|5|10|17|26,amusement|anger|caring|disapproval|joy|surprise
3830,3,annoyance,0|2|3|9|10|13|20|25|27,admiration|anger|annoyance|disappointment|disapproval|excitement|optimism|sadness|neutral
3831,1,amusement,1|3|17|22,amusement|annoyance|joy|realization
3832,10,disapproval,1|10|14|15|17|18|27,amusement|disapproval|fear|gratitude|joy|love|neutral
3833,1,amusement,0|2|6|7|15|25|27,admiration|anger|confusion|curiosity|gratitude|sadness|neutral
3834,27,neutral,6|10|18|22,confusion|disapproval|love|realization
3835,3,annoyance,1|3|6|18|20|25|27,amusement|annoyance|confusion|love|optimism|sadness|neutral
3836,27,neutral,0|7|17,admiration|curiosity|joy
3837,27,neutral,0|1|2|3|5|10|15,admiration|amusement|anger|annoyance|caring|disapproval|gratitude
3838,1,amusement,1|7|9|15|18|20,amusement|curiosity|disappointment|gratitude|love|optimism
3839,27,neutral,3|5|17|22|27,annoyance|caring|joy|realization|neutral
3840,5|15,caring|gratitude,0|2|7|11|17|18,admiration|anger|curiosity|disgust|joy|love
3841,27,neutral,2|3|9|10|25|27,anger|annoyance|disappointment|disapproval|sadness|neutral
3842,27,neutral,0|5|6|7|26|27,admiration|caring|confusion|curiosity|surprise|neutral
3843,4,approval,1|4|7|13|17|22|27,amusement|approval|curiosity|excitement|joy|realization|neutral
3844,8,desire,0|1|15|22|27,admiration|amusement|gratitude|realization|neutral
3845,7,curiosity,3|11|13|27,annoyance|disgust|excitement|neutral
3846,15|22,gratitude|realization,2|3|4|5|7|13|27,anger|annoyance|approval|caring|curiosity|excitement|neutral
3847,8,desire,1|18,amusement|love
3848,20,optimism,1|2|6|8|13|15|17|25,amusement|anger|confusion|desire|excitement|gratitude|joy|sadness
3849,1,amusement,0|1|10|11|27,admiration|amusement|disapproval|disgust|neutral
3850,25,sadness,5|7|19|26|27,caring|curiosity|nervousness|surprise|neutral
3851,7,curiosity,6|10|17|22|25|26,confusion|disapproval|joy|realization|sadness|surprise
3852,17,joy,1|3|4|9|10|15|20|22|27,amusement|annoyance|approval|disappointment|disapproval|gratitude|optimism|realization|neutral
3853,4,approval,4|13|15|25|26|27,approval|excitement|gratitude|sadness|surprise|neutral
3854,27,neutral,0|4|13|15|25|26,admiration|approval|excitement|gratitude|sadness|surprise
3855,3|12,annoyance|embarrassment,1|3|7|12|13|18|25|27,amusement|annoyance|curiosity|embarrassment|excitement|love|sadness|neutral
3856,2,anger,1|17|20,amusement|joy|optimism
3857,0|20,admiration|optimism,5|8|27,caring|desire|neutral
3858,27,neutral,0|3|7|12|27,admiration|annoyance|curiosity|embarrassment|neutral
3859,27,neutral,5|6|7|15|25,caring|confusion|curiosity|gratitude|sadness
3860,3,annoyance,1|2|4|9|13|22|25|26|27,amusement|anger|approval|disappointment|excitement|realization|sadness|surprise|neutral
3861,15|20,gratitude|optimism,1|2|3|10|13|15|19|25|27,amusement|anger|annoyance|disapproval|excitement|gratitude|nervousness|sadness|neutral
3862,15,gratitude,0|6|7|9|15,admiration|confusion|curiosity|disappointment|gratitude
3863,27,neutral,3|4|6|11|14|20|27,annoyance|approval|confusion|disgust|fear|optimism|neutral
3864,27,neutral,1|2|11|13|20|24,amusement|anger|disgust|excitement|optimism|remorse
3865,27,neutral,0|3|4|5|6|7|11|25|27,admiration|annoyance|approval|caring|confusion|curiosity|disgust|sadness|neutral
3866,2,anger,0|2|3|9|17|18,admiration|anger|annoyance|disappointment|joy|love
3867,27,neutral,9|15,disappointment|gratitude
3868,2,anger,0|5|11|17|18|24|25,admiration|caring|disgust|joy|love|remorse|sadness
3869,2,anger,0|1|15|22,admiration|amusement|gratitude|realization
3870,27,neutral,0|1|3|7|13|22|25,admiration|amusement|annoyance|curiosity|excitement|realization|sadness
3871,18,love,2|3|11|15|18|25|27,anger|annoyance|disgust|gratitude|love|sadness|neutral
3872,15,gratitude,2|5|6|9|17|20|22,anger|caring|confusion|disappointment|joy|optimism|realization
3873,27,neutral,1|2|5|6|7|15|17|27,amusement|anger|caring|confusion|curiosity|gratitude|joy|neutral
3874,27,neutral,0|1|2|14|15|25|26|27,admiration|amusement|anger|fear|gratitude|sadness|surprise|neutral
3875,27,neutral,2|6|9|13|14|18|20|24|25|27,anger|confusion|disappointment|excitement|fear|love|optimism|remorse|sadness|neutral
3876,27,neutral,1|15|17|27,amusement|gratitude|joy|neutral
3877,6,confusion,1|2|6|10|15|18|26,amusement|anger|confusion|disapproval|gratitude|love|surprise
3878,6,confusion,1|6|10|15|26,amusement|confusion|disapproval|gratitude|surprise
3879,7,curiosity,3|4|6|13|15|17|22,annoyance|approval|confusion|excitement|gratitude|joy|realization
3880,2|20,anger|optimism,3|5|7|11|13|15|17|18|22,annoyance|caring|curiosity|disgust|excitement|gratitude|joy|love|realization
3881,6|22,confusion|realization,2|6|7|14|17|25|27,anger|confusion|curiosity|fear|joy|sadness|neutral
3882,10,disapproval,0|2|3|4|5|6|17|18,admiration|anger|annoyance|approval|caring|confusion|joy|love
3883,27,neutral,0|3|11|20|21,admiration|annoyance|disgust|optimism|pride
3884,6,confusion,1|2|3|5|9|18|20,amusement|anger|annoyance|caring|disappointment|love|optimism
3885,27,neutral,6|11|17|18,confusion|disgust|joy|love
3886,27,neutral,0|2|3|6|17|20,admiration|anger|annoyance|confusion|joy|optimism
3887,12,embarrassment,0|3|6|8|18|20|22|25|26|27,admiration|annoyance|confusion|desire|love|optimism|realization|sadness|surprise|neutral
3888,7,curiosity,2|7|10|14|15|17|18|20,anger|curiosity|disapproval|fear|gratitude|joy|love|optimism
3889,27,neutral,0|6|11|13|15|17|18|20,admiration|confusion|disgust|excitement|gratitude|joy|love|optimism
3890,9,disappointment,4|5|10|26,approval|caring|disapproval|surprise
3891,10,disapproval,15|18|22|27,gratitude|love|realization|neutral
3892,27,neutral,1|9|15|20|22|27,amusement|disappointment|gratitude|optimism|realization|neutral
3893,4|6|7,approval|confusion|curiosity,0|1|2|5|9|10|15|20|22,admiration|amusement|anger|caring|disappointment|disapproval|gratitude|optimism|realization
3894,4,approval,0|1|4|10|26,admiration|amusement|approval|disapproval|surprise
3895,27,neutral,2|4|18|20|24|26,anger|approval|love|optimism|remorse|surprise
3896,15,gratitude,1|2|7|13|17,amusement|anger|curiosity|excitement|joy
3897,7,curiosity,1|10|22|25|27,amusement|disapproval|realization|sadness|neutral
3898,4,approval,4|6|9|13|22|26,approval|confusion|disappointment|excitement|realization|surprise
3899,1,amusement,1|2|7|8|15|25|27,amusement|anger|curiosity|desire|gratitude|sadness|neutral
3900,4,approval,2|3|6|9|17|18|27,anger|annoyance|confusion|disappointment|joy|love|neutral
3901,6,confusion,4|6|7|8|10|12|14|17|19,approval|confusion|curiosity|desire|disapproval|embarrassment|fear|joy|nervousness
3902,27,neutral,1|3|4|6|9|10|11|18|25|27,amusement|annoyance|approval|confusion|disappointment|disapproval|disgust|love|sadness|neutral
3903,3|10,annoyance|disapproval,0|1|2|3|6|7|18|22,admiration|amusement|anger|annoyance|confusion|curiosity|love|realization
3904,0|15,admiration|gratitude,0|2|6|10|15|24|27,admiration|anger|confusion|disapproval|gratitude|remorse|neutral
3905,27,neutral,0|1|5|9|20|26,admiration|amusement|caring|disappointment|optimism|surprise
3906,1|18,amusement|love,0|2|4|6|7|9|10|15|22|27,admiration|anger|approval|confusion|curiosity|disappointment|disapproval|gratitude|realization|neutral
3907,27,neutral,0|3|5|18|20|22|25|27,admiration|annoyance|caring|love|optimism|realization|sadness|neutral
3908,7,curiosity,0|3|12|14|15|17,admiration|annoyance|embarrassment|fear|gratitude|joy
3909,17,joy,3|5|8|22|24|25|27,annoyance|caring|desire|realization|remorse|sadness|neutral
3910,5|27,caring|neutral,7|13|15|17|25|26,curiosity|excitement|gratitude|joy|sadness|surprise
3911,22,realization,0|2|4|9|15|17|18|20|22|25|27,admiration|anger|approval|disappointment|gratitude|joy|love|optimism|realization|sadness|neutral
3912,27,neutral,0|3|7|13|14|27,admiration|annoyance|curiosity|excitement|fear|neutral
3913,18,love,6|10|17|27,confusion|disapproval|joy|neutral
3914,15,gratitude,4|6|10|18|21|27,approval|confusion|disapproval|love|pride|neutral
3915,2|3,anger|annoyance,0|9|15|20|25,admiration|disappointment|gratitude|optimism|sadness
3916,2,anger,4|6|11|27,approval|confusion|disgust|neutral
3917,7,curiosity,0|2|3|7|15|17|18|20|27,admiration|anger|annoyance|curiosity|gratitude|joy|love|optimism|neutral
3918,27,neutral,0|3|7|9|13|20,admiration|annoyance|curiosity|disappointment|excitement|optimism
3919,27,neutral,0|4|10|11|17|27,admiration|approval|disapproval|disgust|joy|neutral
3920,7,curiosity,0|1|2|8|15|27,admiration|amusement|anger|desire|gratitude|neutral
3921,0,admiration,0|4|7|10|17|18|24|25,admiration|approval|curiosity|disapproval|joy|love|remorse|sadness
3922,4,approval,4|7|15|17|18|20|22|25,approval|curiosity|gratitude|joy|love|optimism|realization|sadness
3923,4,approval,2|3|9|11|13|18|20|26,anger|annoyance|disappointment|disgust|excitement|love|optimism|surprise
3924,27,neutral,4|5|9|15|17|18|20|25|26|27,approval|caring|disappointment|gratitude|joy|love|optimism|sadness|surprise|neutral
3925,27,neutral,1|2|11|22|27,amusement|anger|disgust|realization|neutral
3926,15|26,gratitude|surprise,3|4|5|7|8|14|18|20|22,annoyance|approval|caring|curiosity|desire|fear|love|optimism|realization
3927,2|3,anger|annoyance,0|1|2|15|17|18,admiration|amusement|anger|gratitude|joy|love
3928,27,neutral,0|1|4|5|7|20,admiration|amusement|approval|caring|curiosity|optimism
3929,15,gratitude,3|20|25|27,annoyance|optimism|sadness|neutral
3930,10,disapproval,0|4|7|10|20|26|27,admiration|approval|curiosity|disapproval|optimism|surprise|neutral
3931,2|3,anger|annoyance,1|4|9|10|17,amusement|approval|disappointment|disapproval|joy
3932,27,neutral,3|4|7|9|13|15|20|25,annoyance|approval|curiosity|disappointment|excitement|gratitude|optimism|sadness
3933,0,admiration,1|4|6|10|17|22|26,amusement|approval|confusion|disapproval|joy|realization|surprise
3934,5|24,caring|remorse,0|3|9|20|22|24|25|26|27,admiration|annoyance|disappointment|optimism|realization|remorse|sadness|surprise|neutral
3935,27,neutral,1|6|15|17|18,amusement|confusion|gratitude|joy|love
3936,22|27,realization|neutral,0|1|4|5|11|27,admiration|amusement|approval|caring|disgust|neutral
3937,27,neutral,0|6|9|15|25|26|27,admiration|confusion|disappointment|gratitude|sadness|surprise|neutral
3938,22,realization,4|5|7|15|18|20|27,approval|caring|curiosity|gratitude|love|optimism|neutral
3939,26,surprise,6|8|9|12|15|22|25|26|27,confusion|desire|disappointment|embarrassment|gratitude|realization|sadness|surprise|neutral
3940,1,amusement,0|3|5|7|9|10|12|14|15|17|18|22|24,admiration|annoyance|caring|curiosity|disappointment|disapproval|embarrassment|fear|gratitude|joy|love|realization|remorse
3941,3,annoyance,3|7|10|11|15|17|20|22,annoyance|curiosity|disapproval|disgust|gratitude|joy|optimism|realization
3942,15,gratitude,1|3|4|11|18|26,amusement|annoyance|approval|disgust|love|surprise
3943,3|10,annoyance|disapproval,3|7|20|22|25|27,annoyance|curiosity|optimism|realization|sadness|neutral
3944,1|15,amusement|gratitude,1|10|18|26|27,amusement|disapproval|love|surprise|neutral
3945,24,remorse,1|5|10|20|26|27,amusement|caring|disapproval|optimism|surprise|neutral
3946,27,neutral,0|3|17|18|25|26,admiration|annoyance|joy|love|sadness|surprise
3947,27,neutral,2|6|11|13|25,anger|confusion|disgust|excitement|sadness
3948,27,neutral,6|7|8|9|26|27,confusion|curiosity|desire|disappointment|surprise|neutral
3949,27,neutral,11|13|14|17|22,disgust|excitement|fear|joy|realization
3950,4,approval,1|2|3|7|10|13|26|27,amusement|anger|annoyance|curiosity|disapproval|excitement|surprise|neutral
3951,27,neutral,2|3|5|8|14|15|17|27,anger|annoyance|caring|desire|fear|gratitude|joy|neutral
3952,20,optimism,3|6|11|15|20|25,annoyance|confusion|disgust|gratitude|optimism|sadness
3953,27,neutral,0|2|4|15|20|22|27,admiration|anger|approval|gratitude|optimism|realization|neutral
3954,18,love,8|9|10|11|14|15|18|19|26,desire|disappointment|disapproval|disgust|fear|gratitude|love|nervousness|surprise
3955,25,sadness,7|10|12|18|20|22,curiosity|disapproval|embarrassment|love|optimism|realization
3956,25,sadness,0|2|4|7|9|11|17|18|24|26,admiration|anger|approval|curiosity|disappointment|disgust|joy|love|remorse|surprise
3957,25,sadness,0|9|17|18|19,admiration|disappointment|joy|love|nervousness
3958,27,neutral,1|6|7|10|15|17,amusement|confusion|curiosity|disapproval|gratitude|joy
3959,4,approval,7|10|20|27,curiosity|disapproval|optimism|neutral
3960,27,neutral,1|2|3|6|7|8|11|18|26|27,amusement|anger|annoyance|confusion|curiosity|desire|disgust|love|surprise|neutral
3961,1,amusement,3|4|6|7|22|25,annoyance|approval|confusion|curiosity|realization|sadness
3962,0,admiration,0|3|4|5|7|18,admiration|annoyance|approval|caring|curiosity|love
3963,15,gratitude,0|6|14|15|24|27,admiration|confusion|fear|gratitude|remorse|neutral
3964,18,love,9|12|14|15|24|26|27,disappointment|embarrassment|fear|gratitude|remorse|surprise|neutral
3965,27,neutral,0|1|7|9|15|17|18|27,admiration|amusement|curiosity|disappointment|gratitude|joy|love|neutral
3966,1,amusement,0|4|6|7|9|11|22|24,admiration|approval|confusion|curiosity|disappointment|disgust|realization|remorse
3967,1|2,amusement|anger,1|7|9|18|24|25|27,amusement|curiosity|disappointment|love|remorse|sadness|neutral
3968,3,annoyance,0|1|2|3|7|10|15|26,admiration|amusement|anger|annoyance|curiosity|disapproval|gratitude|surprise
3969,18,love,2|5|6|9|10|11,anger|caring|confusion|disappointment|disapproval|disgust
3970,27,neutral,0|1|3|4|10|11|15|17|18,admiration|amusement|annoyance|approval|disapproval|disgust|gratitude|joy|love
3971,0,admiration,3|6|7|8|18|25,annoyance|confusion|curiosity|desire|love|sadness
3972,0,admiration,0|3|7|10|11|15|17,admiration|annoyance|curiosity|disapproval|disgust|gratitude|joy
3973,27,neutral,0|1|3|6|7|10|20|25,admiration|amusement|annoyance|confusion|curiosity|disapproval|optimism|sadness
3974,27,neutral,4|7|13|14|17,approval|curiosity|excitement|fear|joy
3975,27,neutral,0|1|4|7,admiration|amusement|approval|curiosity
3976,8,desire,0|2|3|6|15|22,admiration|anger|annoyance|confusion|gratitude|realization
3977,0,admiration,3|5|7|9|11|14|18|20|22|24,annoyance|caring|curiosity|disappointment|disgust|fear|love|optimism|realization|remorse
3978,11,disgust,0|2|7|10|11|22,admiration|anger|curiosity|disapproval|disgust|realization
3979,4,approval,0|15|26,admiration|gratitude|surprise
3980,27,neutral,0|1|2|20,admiration|amusement|anger|optimism
3981,3|25,annoyance|sadness,0|2|4|5|6|9|15|18|25|27,admiration|anger|approval|caring|confusion|disappointment|gratitude|love|sadness|neutral
3982,9,disappointment,5|7|13|14|18|22|26|27,caring|curiosity|excitement|fear|love|realization|surprise|neutral
3983,18,love,0|3|5|27,admiration|annoyance|caring|neutral
3984,27,neutral,4|6|20|24,approval|confusion|optimism|remorse
3985,27,neutral,27,neutral
3986,27,neutral,0|13,admiration|excitement
3987,27,neutral,1|2|7|11|13|14|18|25,amusement|anger|curiosity|disgust|excitement|fear|love|sadness
3988,26,surprise,1|7|13|15|20|25|26,amusement|curiosity|excitement|gratitude|optimism|sadness|surprise
3989,27,neutral,3|13|19|25|26|27,annoyance|excitement|nervousness|sadness|surprise|neutral
3990,27,neutral,3|11|27,annoyance|disgust|neutral
3991,18,love,0|9|10|25|27,admiration|disappointment|disapproval|sadness|neutral
3992,3|9|14,annoyance|disappointment|fear,1|2|5|10|15|18|20|25|26,amusement|anger|caring|disapproval|gratitude|love|optimism|sadness|surprise
3993,7,curiosity,0|3|8|9|11|27,admiration|annoyance|desire|disappointment|disgust|neutral
3994,3|22,annoyance|realization,1|2|4|11|18|22|27,amusement|anger|approval|disgust|love|realization|neutral
3995,27,neutral,2|7|10|17|18|20|25,anger|curiosity|disapproval|joy|love|optimism|sadness
3996,1,amusement,6|13|15|16|17|27,confusion|excitement|gratitude|grief|joy|neutral
3997,5,caring,3|7|8|9|11|15|18|20,annoyance|curiosity|desire|disappointment|disgust|gratitude|love|optimism
3998,2|3,anger|annoyance,5|9|10|11|13|18|20|22,caring|disappointment|disapproval|disgust|excitement|love|optimism|realization
3999,1|27,amusement|neutral,0|1|18|25|27,admiration|amusement|love|sadness|neutral
4000,5,caring,0|1|7|15|17|26,admiration|amusement|curiosity|gratitude|joy|surprise
4001,26,surprise,0|4|6|10|17|24|25,admiration|approval|confusion|disapproval|joy|remorse|sadness
4002,27,neutral,0|1|3|7|13|26,admiration|amusement|annoyance|curiosity|excitement|surprise
4003,1,amusement,4|7|10|20|22,approval|curiosity|disapproval|optimism|realization
4004,27,neutral,3|4|5|6|7|13|26,annoyance|approval|caring|confusion|curiosity|excitement|surprise
4005,27,neutral,4|5|6|7|8|9|18|19|20|25|26,approval|caring|confusion|curiosity|desire|disappointment|love|nervousness|optimism|sadness|surprise
4006,1,amusement,5|6|15|17|18|19|20|27,caring|confusion|gratitude|joy|love|nervousness|optimism|neutral
4007,27,neutral,0|1|2|4|6|11|15|25|27,admiration|amusement|anger|approval|confusion|disgust|gratitude|sadness|neutral
4008,27,neutral,0|5|7|15|20|25,admiration|caring|curiosity|gratitude|optimism|sadness
4009,27,neutral,0|1|10|14|18|20,admiration|amusement|disapproval|fear|love|optimism
4010,20|25,optimism|sadness,1|4|9|10|13|14|17|25,amusement|approval|disappointment|disapproval|excitement|fear|joy|sadness
4011,4|20,approval|optimism,0|2|3|17|18|26,admiration|anger|annoyance|joy|love|surprise
4012,10,disapproval,2|7|15|25|27,anger|curiosity|gratitude|sadness|neutral
4013,10,disapproval,0|3|11|22|26|27,admiration|annoyance|disgust|realization|surprise|neutral
4014,6,confusion,0|2|5|7|11|14|20|26,admiration|anger|caring|curiosity|disgust|fear|optimism|surprise
4015,10,disapproval,0|10|13|17|20|26,admiration|disapproval|excitement|joy|optimism|surprise
4016,10|11,disapproval|disgust,0|2|3|9|15|18,admiration|anger|annoyance|disappointment|gratitude|love
4017,26,surprise,0|2|13|14|17|18|20|27,admiration|anger|excitement|fear|joy|love|optimism|neutral
4018,4,approval,1|10|15|18,amusement|disapproval|gratitude|love
4019,27,neutral,0|1|3|7|10|27,admiration|amusement|annoyance|curiosity|disapproval|neutral
4020,0,admiration,2|4|6|27,anger|approval|confusion|neutral
4021,24,remorse,7|10|11|17|18|27,curiosity|disapproval|disgust|joy|love|neutral
4022,5|19,caring|nervousness,0|4|5|10|22|25|27,admiration|approval|caring|disapproval|realization|sadness|neutral
4023,0|18,admiration|love,2|26|27,anger|surprise|neutral
4024,10,disapproval,2|3|10|18|22|25|27,anger|annoyance|disapproval|love|realization|sadness|neutral
4025,7,curiosity,1|3|6|7|10|25|26|27,amusement|annoyance|confusion|curiosity|disapproval|sadness|surprise|neutral
4026,27,neutral,4|6|10|17|19|22|25|27,approval|confusion|disapproval|joy|nervousness|realization|sadness|neutral
4027,27,neutral,0|1|3|6|7|9|20|26,admiration|amusement|annoyance|confusion|curiosity|disappointment|optimism|surprise
4028,11,disgust,0|3|6|18|27,admiration|annoyance|confusion|love|neutral
4029,22,realization,0|2|4|8|17|27,admiration|anger|approval|desire|joy|neutral
4030,8,desire,3|9|15|22|25|27,annoyance|disappointment|gratitude|realization|sadness|neutral
4031,18,love,0|1|4|5|20|27,admiration|amusement|approval|caring|optimism|neutral
4032,11,disgust,0|2|4|5|7|27,admiration|anger|approval|caring|curiosity|neutral
4033,14,fear,3|8|10|11|27,annoyance|desire|disapproval|disgust|neutral
4034,1|17,amusement|joy,2|4|17|18|20|22,anger|approval|joy|love|optimism|realization
4035,15,gratitude,2|3|5|6|9|18|20|24,anger|annoyance|caring|confusion|disappointment|love|optimism|remorse
4036,27,neutral,3|15|25|27,annoyance|gratitude|sadness|neutral
4037,27,neutral,0|1|2|7|11|27,admiration|amusement|anger|curiosity|disgust|neutral
4038,10,disapproval,0|2|3|4|6|27,admiration|anger|annoyance|approval|confusion|neutral
4039,27,neutral,3|4|7|14|15|24|27,annoyance|approval|curiosity|fear|gratitude|remorse|neutral
4040,25,sadness,0|6|7|10|27,admiration|confusion|curiosity|disapproval|neutral
4041,27,neutral,9|10|11|13|14|20|22|25|27,disappointment|disapproval|disgust|excitement|fear|optimism|realization|sadness|neutral
4042,10,disapproval,2|5|9|12|13,anger|caring|disappointment|embarrassment|excitement
4043,27,neutral,0|1|4|5|13|25|27,admiration|amusement|approval|caring|excitement|sadness|neutral
4044,9,disappointment,0|1|2|4|5|6|7|11|15|18|25,admiration|amusement|anger|approval|caring|confusion|curiosity|disgust|gratitude|love|sadness
4045,9,disappointment,6|15|17|20|25|27,confusion|gratitude|joy|optimism|sadness|neutral
4046,18,love,2|6|7|9|14|15|22,anger|confusion|curiosity|disappointment|fear|gratitude|realization
4047,27,neutral,1|7|10|15,amusement|curiosity|disapproval|gratitude
4048,6,confusion,0|4|5|10|11|12|13|15|26|27,admiration|approval|caring|disapproval|disgust|embarrassment|excitement|gratitude|surprise|neutral
4049,27,neutral,0|1|2|3|5|18|26,admiration|amusement|anger|annoyance|caring|love|surprise
4050,5,caring,0|2|4|5|27,admiration|anger|approval|caring|neutral
4051,2|3,anger|annoyance,3|6|8|9|15|17|25|26|27,annoyance|confusion|desire|disappointment|gratitude|joy|sadness|surprise|neutral
4052,27,neutral,2|4|5|8|9|10|15|18|20|24,anger|approval|caring|desire|disappointment|disapproval|gratitude|love|optimism|remorse
4053,27,neutral,0|1|5|11|13|18|20|22,admiration|amusement|caring|disgust|excitement|love|optimism|realization
4054,7,curiosity,0|2|3|5|6|7|10|17|18|20|25|26,admiration|anger|annoyance|caring|confusion|curiosity|disapproval|joy|love|optimism|sadness|surprise
4055,27,neutral,6|7|10|18|20,confusion|curiosity|disapproval|love|optimism
4056,27,neutral,4|5|7|18|20|27,approval|caring|curiosity|love|optimism|neutral
4057,27,neutral,4|7|9|18|24|27,approval|curiosity|disappointment|love|remorse|neutral
4058,14|19,fear|nervousness,0|9|17|18|25|27,admiration|disappointment|joy|love|sadness|neutral
4059,27,neutral,2|3|5|7|10|11|18,anger|annoyance|caring|curiosity|disapproval|disgust|love
4060,4|22,approval|realization,1|2|9|18|22|26|27,amusement|anger|disappointment|love|realization|surprise|neutral
4061,3,annoyance,5|10|14|18|20|22|27,caring|disapproval|fear|love|optimism|realization|neutral
4062,18,love,0|2|3|7|15|18|20|27,admiration|anger|annoyance|curiosity|gratitude|love|optimism|neutral
4063,10,disapproval,0|3|5|7|13|26|27,admiration|annoyance|caring|curiosity|excitement|surprise|neutral
4064,18,love,3|4|15|17,annoyance|approval|gratitude|joy
4065,27,neutral,3|4|6|7|13|18|20|25|26,annoyance|approval|confusion|curiosity|excitement|love|optimism|sadness|surprise
4066,27,neutral,5|6|11|26|27,caring|confusion|disgust|surprise|neutral
4067,9,disappointment,2|4|8|9|11|13|18|25|26,anger|approval|desire|disappointment|disgust|excitement|love|sadness|surprise
4068,27,neutral,2|3|6|7|11|14|15|25,anger|annoyance|confusion|curiosity|disgust|fear|gratitude|sadness
4069,4,approval,1|2|3|8|9|10|20,amusement|anger|annoyance|desire|disappointment|disapproval|optimism
4070,4,approval,1|7|10|17|25,amusement|curiosity|disapproval|joy|sadness
4071,4|27,approval|neutral,0|1|2|9|10|15|18|24,admiration|amusement|anger|disappointment|disapproval|gratitude|love|remorse
4072,26,surprise,0|4|10|17|22|27,admiration|approval|disapproval|joy|realization|neutral
4073,27,neutral,1|3|7|15|20,amusement|annoyance|curiosity|gratitude|optimism
4074,27,neutral,1|2|5|15|22|27,amusement|anger|caring|gratitude|realization|neutral
4075,27,neutral,1|3|4|9|11|17|18,amusement|annoyance|approval|disappointment|disgust|joy|love
4076,27,neutral,0|3|5|13|14|18|24|25|27,admiration|annoyance|caring|excitement|fear|love|remorse|sadness|neutral
4077,0,admiration,0|4|5|6|9|15|18|24|25,admiration|approval|caring|confusion|disappointment|gratitude|love|remorse|sadness
4078,4,approval,5|10|15|25|26|27,caring|disapproval|gratitude|sadness|surprise|neutral
4079,3,annoyance,0|2|7|8|10|13|15|17|24,admiration|anger|curiosity|desire|disapproval|excitement|gratitude|joy|remorse
4080,27,neutral,2|3|9|10|18|20|22|27,anger|annoyance|disappointment|disapproval|love|optimism|realization|neutral
4081,1,amusement,0|3|7|9|10|17|25,admiration|annoyance|curiosity|disappointment|disapproval|joy|sadness
4082,27,neutral,0|5|13|20|25|27,admiration|caring|excitement|optimism|sadness|neutral
4083,10,disapproval,1|2|3|11|15|22|25,amusement|anger|annoyance|disgust|gratitude|realization|sadness
4084,27,neutral,1|8|13|20,amusement|desire|excitement|optimism
4085,22,realization,2|5|10|14|15|18|25|26,anger|caring|disapproval|fear|gratitude|love|sadness|surprise
4086,27,neutral,0|1|2|5|6|24|27,admiration|amusement|anger|caring|confusion|remorse|neutral
4087,7,curiosity,4|5|20|27,approval|caring|optimism|neutral
4088,9,disappointment,5|15|19|27,caring|gratitude|nervousness|neutral
4089,24,remorse,3|6|7|10|25|26,annoyance|confusion|curiosity|disapproval|sadness|surprise
4090,0,admiration,3|4|5|6|10|20|25|26|27,annoyance|approval|caring|confusion|disapproval|optimism|sadness|surprise|neutral
4091,9,disappointment,0|1|6|7|10|14|20|25,admiration|amusement|confusion|curiosity|disapproval|fear|optimism|sadness
4092,4|8,approval|desire,10|17,disapproval|joy
4093,27,neutral,3|6|26|27,annoyance|confusion|surprise|neutral
4094,27,neutral,1|4|7|15|18|27,amusement|approval|curiosity|gratitude|love|neutral
4095,9|10,disappointment|disapproval,1|4|7|13|17|20|22|27,amusement|approval|curiosity|excitement|joy|optimism|realization|neutral
4096,2|3,anger|annoyance,1|4|5|10|24,amusement|approval|caring|disapproval|remorse
4097,3,annoyance,0|2|5|6|7|10|15|18|20|22,admiration|anger|caring|confusion|curiosity|disapproval|gratitude|love|optimism|realization
4098,5,caring,1|2|15|24|27,amusement|anger|gratitude|remorse|neutral
4099,27,neutral,0|1|3|4|6|11|26|27,admiration|amusement|annoyance|approval|confusion|disgust|surprise|neutral
4100,3,annoyance,2|4|9|10,anger|approval|disappointment|disapproval
4101,6,confusion,3|4|5|9|18|20|25|26,annoyance|approval|caring|disappointment|love|optimism|sadness|surprise
4102,2,anger,0|6|7|9|14|18|26|27,admiration|confusion|curiosity|disappointment|fear|love|surprise|neutral
4103,27,neutral,0|3|7|8|9|10|13|14|20|22,admiration|annoyance|curiosity|desire|disappointment|disapproval|excitement|fear|optimism|realization
4104,3,annoyance,1|4|6|15|18|25,amusement|approval|confusion|gratitude|love|sadness
4105,8|20,desire|optimism,3|4|7|10|15|18|25,annoyance|approval|curiosity|disapproval|gratitude|love|sadness
4106,14,fear,0|1|7|8|13|17|18|22|25|26,admiration|amusement|curiosity|desire|excitement|joy|love|realization|sadness|surprise
4107,26,surprise,1|3|7|8|11|13|14|15|20,amusement|annoyance|curiosity|desire|disgust|excitement|fear|gratitude|optimism
4108,27,neutral,0|3|10|18|26,admiration|annoyance|disapproval|love|surprise
4109,10,disapproval,1|2|3|7|10|15|26|27,amusement|anger|annoyance|curiosity|disapproval|gratitude|surprise|neutral
4110,9,disappointment,1|6|7|10|17|18,amusement|confusion|curiosity|disapproval|joy|love
4111,27,neutral,0|1|7|8|11|13|20|27,admiration|amusement|curiosity|desire|disgust|excitement|optimism|neutral
4112,27,neutral,0|2|3|15|20,admiration|anger|annoyance|gratitude|optimism
4113,1,amusement,0|3|4|7|9|17|25,admiration|annoyance|approval|curiosity|disappointment|joy|sadness
4114,18,love,0|3|4|7|8|13|17|20|22|24,admiration|annoyance|approval|curiosity|desire|excitement|joy|optimism|realization|remorse
4115,5,caring,2|4|17|18|27,anger|approval|joy|love|neutral
4116,27,neutral,1|3|11|15|17|18|22|25,amusement|annoyance|disgust|gratitude|joy|love|realization|sadness
4117,27,neutral,6|7|11|18|25,confusion|curiosity|disgust|love|sadness
4118,17,joy,0|5|27,admiration|caring|neutral
4119,8|22,desire|realization,8|9|15|27,desire|disappointment|gratitude|neutral
4120,0,admiration,2|8|14|15|27,anger|desire|fear|gratitude|neutral
4121,9,disappointment,1|4|6|7|14|18|27,amusement|approval|confusion|curiosity|fear|love|neutral
4122,10,disapproval,2|3|5|6|11|15|19|27,anger|annoyance|caring|confusion|disgust|gratitude|nervousness|neutral
4123,1,amusement,4|6|14|15|17|27,approval|confusion|fear|gratitude|joy|neutral
4124,27,neutral,3|4|10|20|27,annoyance|approval|disapproval|optimism|neutral
4125,2|11,anger|disgust,1|5|9|10|11|17|18|22,amusement|caring|disappointment|disapproval|disgust|joy|love|realization
4126,4|7,approval|curiosity,0|1|4|7|13,admiration|amusement|approval|curiosity|excitement
4127,1|27,amusement|neutral,0|2|6|7|8|9|15|17|18|20|25,admiration|anger|confusion|curiosity|desire|disappointment|gratitude|joy|love|optimism|sadness
4128,27,neutral,5|8|10|20|24|26,caring|desire|disapproval|optimism|remorse|surprise
4129,27,neutral,2|4|10|18|27,anger|approval|disapproval|love|neutral
4130,20,optimism,2|14|15|26|27,anger|fear|gratitude|surprise|neutral
4131,0|18,admiration|love,11|18|27,disgust|love|neutral
4132,4,approval,0|1|2|3|6|7|10|17|20|27,admiration|amusement|anger|annoyance|confusion|curiosity|disapproval|joy|optimism|neutral
4133,7,curiosity,0|4|9|11|15|17|27,admiration|approval|disappointment|disgust|gratitude|joy|neutral
4134,0,admiration,0|4|6|9|10|12|14|18|25,admiration|approval|confusion|disappointment|disapproval|embarrassment|fear|love|sadness
4135,1|7,amusement|curiosity,0|3|6|20|24|27,admiration|annoyance|confusion|optimism|remorse|neutral
4136,15,gratitude,0|2|3|4|9|11|15|17|18,admiration|anger|annoyance|approval|disappointment|disgust|gratitude|joy|love
4137,0,admiration,10|11|13|18|22|24|26|27,disapproval|disgust|excitement|love|realization|remorse|surprise|neutral
4138,0|17,admiration|joy,1|3|4|17|18|20|22|27,amusement|annoyance|approval|joy|love|optimism|realization|neutral
4139,9,disappointment,1|4|8|9|10|15|17|18|25,amusement|approval|desire|disappointment|disapproval|gratitude|joy|love|sadness
4140,27,neutral,0|2|4|9|10|18|27,admiration|anger|approval|disappointment|disapproval|love|neutral
4141,0|20,admiration|optimism,1|3|4|7|10|13|14|17|20|27,amusement|annoyance|approval|curiosity|disapproval|excitement|fear|joy|optimism|neutral
4142,27,neutral,0|2|3|4|11|15,admiration|anger|annoyance|approval|disgust|gratitude
4143,2,anger,2|3|5|26|27,anger|annoyance|caring|surprise|neutral
4144,18,love,3|4|18|20|27,annoyance|approval|love|optimism|neutral
4145,27,neutral,0|3|9|13|17,admiration|annoyance|disappointment|excitement|joy
4146,17|27,joy|neutral,10|13|27,disapproval|excitement|neutral
4147,1|11,amusement|disgust,0|2|3|11|25|27,admiration|anger|annoyance|disgust|sadness|neutral
4148,15,gratitude,0|1|4|8|13|15|18,admiration|amusement|approval|desire|excitement|gratitude|love
4149,27,neutral,1|2|6|7|27,amusement|anger|confusion|curiosity|neutral
4150,27,neutral,1|2|4|6|20,amusement|anger|approval|confusion|optimism
4151,17,joy,1|6|14|15|20|24|27,amusement|confusion|fear|gratitude|optimism|remorse|neutral
4152,27,neutral,4|18|20|26,approval|love|optimism|surprise
4153,27,neutral,1|2|3|11|15|20|25|27,amusement|anger|annoyance|disgust|gratitude|optimism|sadness|neutral
4154,17,joy,4|7|13|17|22|25,approval|curiosity|excitement|joy|realization|sadness
4155,15,gratitude,1|2|4|13|15|24,amusement|anger|approval|excitement|gratitude|remorse
4156,4|20,approval|optimism,1|4|5|6|20|24,amusement|approval|caring|confusion|optimism|remorse
4157,4,approval,0|1,admiration|amusement
4158,27,neutral,0|4|5|6|7|25|27,admiration|approval|caring|confusion|curiosity|sadness|neutral
4159,6,confusion,0|1|3|11|14|15|20|22,admiration|amusement|annoyance|disgust|fear|gratitude|optimism|realization
4160,3,annoyance,1|2|3|7|8|18|27,amusement|anger|annoyance|curiosity|desire|love|neutral
4161,25,sadness,1|10|17|20|22,amusement|disapproval|joy|optimism|realization
4162,26,surprise,1|2|4|9|22,amusement|anger|approval|disappointment|realization
4163,20,optimism,3|4|5|7|9|10|18|20,annoyance|approval|caring|curiosity|disappointment|disapproval|love|optimism
4164,27,neutral,7|20|26|27,curiosity|optimism|surprise|neutral
4165,5|20|24,caring|optimism|remorse,0|2|5|6|15|17|18|24,admiration|anger|caring|confusion|gratitude|joy|love|remorse
4166,2,anger,1|2|3|4|6|7|10|11|17|18|27,amusement|anger|annoyance|approval|confusion|curiosity|disapproval|disgust|joy|love|neutral
4167,2|3,anger|annoyance,0|4|18|27,admiration|approval|love|neutral
4168,22,realization,7|27,curiosity|neutral
4169,4,approval,3|7|10|11|13|22,annoyance|curiosity|disapproval|disgust|excitement|realization
4170,1,amusement,0|4|13|17|20|25|27,admiration|approval|excitement|joy|optimism|sadness|neutral
4171,0|4|17,admiration|approval|joy,1|2|13|15|27,amusement|anger|excitement|gratitude|neutral
4172,0,admiration,0|11|17|22|26|27,admiration|disgust|joy|realization|surprise|neutral
4173,1,amusement,0|1|2|3|9|11|15|17|25,admiration|amusement|anger|annoyance|disappointment|disgust|gratitude|joy|sadness
4174,27,neutral,0|3|6|9|10|27,admiration|annoyance|confusion|disappointment|disapproval|neutral
4175,27,neutral,5|9|22|27,caring|disappointment|realization|neutral
4176,2,anger,5|6|8|9|15|18|25,caring|confusion|desire|disappointment|gratitude|love|sadness
4177,26,surprise,0|2|4|8|25,admiration|anger|approval|desire|sadness
4178,0|7,admiration|curiosity,0|2|4|6|9|10|20|27,admiration|anger|approval|confusion|disappointment|disapproval|optimism|neutral
4179,1|5|18,amusement|caring|love,0|5|10|15|26|27,admiration|caring|disapproval|gratitude|surprise|neutral
4180,3,annoyance,4|5|6|9|10|27,approval|caring|confusion|disappointment|disapproval|neutral
4181,27,neutral,0|1|15|17,admiration|amusement|gratitude|joy
4182,27,neutral,0|6|7|9|10|13|14|15|20,admiration|confusion|curiosity|disappointment|disapproval|excitement|fear|gratitude|optimism
4183,27,neutral,3|7|27,annoyance|curiosity|neutral
4184,22,realization,0|2|3|4|14|16|18|22,admiration|anger|annoyance|approval|fear|grief|love|realization
4185,6,confusion,0|15|18|27,admiration|gratitude|love|neutral
4186,24,remorse,1|2|26|27,amusement|anger|surprise|neutral
4187,9|25,disappointment|sadness,3|8|9|11|22|27,annoyance|desire|disappointment|disgust|realization|neutral
4188,27,neutral,0|1|2|7|9|11|15|17|26,admiration|amusement|anger|curiosity|disappointment|disgust|gratitude|joy|surprise
4189,27,neutral,1|3|7|8|15|20|27,amusement|annoyance|curiosity|desire|gratitude|optimism|neutral
4190,18,love,0|4|5|13|17|20|25,admiration|approval|caring|excitement|joy|optimism|sadness
4191,10,disapproval,2|3|6|8|14|18|26,anger|annoyance|confusion|desire|fear|love|surprise
4192,25,sadness,0|2|9|12|13|17|27,admiration|anger|disappointment|embarrassment|excitement|joy|neutral
4193,6,confusion,0|1|2|4|6|17|27,admiration|amusement|anger|approval|confusion|joy|neutral
4194,27,neutral,1|6|7|9|10|13,amusement|confusion|curiosity|disappointment|disapproval|excitement
4195,27,neutral,0|9|18|26|27,admiration|disappointment|love|surprise|neutral
4196,4,approval,1|2|3|7|13|22|25|26,amusement|anger|annoyance|curiosity|excitement|realization|sadness|surprise
4197,5,caring,1|2|4|5|18,amusement|anger|approval|caring|love
4198,6|7,confusion|curiosity,1|4|7|15|27,amusement|approval|curiosity|gratitude|neutral
4199,27,neutral,0|5|11|15|24|25,admiration|caring|disgust|gratitude|remorse|sadness
4200,0,admiration,0|1|6|11|27,admiration|amusement|confusion|disgust|neutral
4201,0,admiration,2|10|11|14|15|16|18,anger|disapproval|disgust|fear|gratitude|grief|love
4202,13|17,excitement|joy,5|6|7|9|23,caring|confusion|curiosity|disappointment|relief
4203,7,curiosity,1|4|6|8|11|17|18|24,amusement|approval|confusion|desire|disgust|joy|love|remorse
4204,8,desire,1|6|7|10|18|24|26|27,amusement|confusion|curiosity|disapproval|love|remorse|surprise|neutral
4205,10|27,disapproval|neutral,2|7|11|18|20|27,anger|curiosity|disgust|love|optimism|neutral
4206,4|26,approval|surprise,1|3|4|10|17|19|26,amusement|annoyance|approval|disapproval|joy|nervousness|surprise
4207,1,amusement,1|2|3|4|6|17|20|26,amusement|anger|annoyance|approval|confusion|joy|optimism|surprise
4208,27,neutral,0|9|10|11|14|18|25|27,admiration|disappointment|disapproval|disgust|fear|love|sadness|neutral
4209,0,admiration,3|4|5|7|9|15,annoyance|approval|caring|curiosity|disappointment|gratitude
4210,20,optimism,15|17|18|22|27,gratitude|joy|love|realization|neutral
4211,0,admiration,4|17,approval|joy
4212,0,admiration,8|12|15|18|20|25|26|27,desire|embarrassment|gratitude|love|optimism|sadness|surprise|neutral
4213,27,neutral,1|6|17|26|27,amusement|confusion|joy|surprise|neutral
4214,10,disapproval,1|2|4|7|10|15|17|19|20|24|25,amusement|anger|approval|curiosity|disapproval|gratitude|joy|nervousness|optimism|remorse|sadness
4215,15,gratitude,0|4|27,admiration|approval|neutral
4216,27,neutral,2|7|26|27,anger|curiosity|surprise|neutral
4217,3,annoyance,3|7|11|14|15|17|20|22|25,annoyance|curiosity|disgust|fear|gratitude|joy|optimism|realization|sadness
4218,3,annoyance,0|4|20|25|26,admiration|approval|optimism|sadness|surprise
4219,26,surprise,1|4|20|22,amusement|approval|optimism|realization
4220,27,neutral,3|9|11|13,annoyance|disappointment|disgust|excitement
4221,26,surprise,1|10|12|14|15|17|27,amusement|disapproval|embarrassment|fear|gratitude|joy|neutral
4222,27,neutral,1|11|14|17|27,amusement|disgust|fear|joy|neutral
4223,27,neutral,0|3|7|9|15|20|22|25,admiration|annoyance|curiosity|disappointment|gratitude|optimism|realization|sadness
4224,27,neutral,0|6|7|8|15|17|18|27,admiration|confusion|curiosity|desire|gratitude|joy|love|neutral
4225,27,neutral,1|15|18|27,amusement|gratitude|love|neutral
4226,17,joy,1|5|6|7|10|13|15|18|27,amusement|caring|confusion|curiosity|disapproval|excitement|gratitude|love|neutral
4227,0|4,admiration|approval,0|4|7|15|17,admiration|approval|curiosity|gratitude|joy
4228,1,amusement,0|2|17|27,admiration|anger|joy|neutral
4229,27,neutral,0|3|7|27,admiration|annoyance|curiosity|neutral
4230,27,neutral,0|2|3|14|15|17,admiration|anger|annoyance|fear|gratitude|joy
4231,7,curiosity,3|4|10|13|15|22|27,annoyance|approval|disapproval|excitement|gratitude|realization|neutral
4232,27,neutral,0|2|4|13|14|15|19|25|27,admiration|anger|approval|excitement|fear|gratitude|nervousness|sadness|neutral
4233,15,gratitude,0|1|4|6|9|15,admiration|amusement|approval|confusion|disappointment|gratitude
4234,18,love,2|9|10|26|27,anger|disappointment|disapproval|surprise|neutral
4235,0,admiration,7|17|18|22|26|27,curiosity|joy|love|realization|surprise|neutral
4236,27,neutral,0|6|8|17|27,admiration|confusion|desire|joy|neutral
4237,4,approval,1|3|4|11|14|25|27,amusement|annoyance|approval|disgust|fear|sadness|neutral
4238,27,neutral,8|22|27,desire|realization|neutral
4239,0|4|18,admiration|approval|love,1|7|13|15|20|22|27,amusement|curiosity|excitement|gratitude|optimism|realization|neutral
4240,3,annoyance,2|4|17|20|27,anger|approval|joy|optimism|neutral
4241,25,sadness,1|3|4|5|10|15|17|24,amusement|annoyance|approval|caring|disapproval|gratitude|joy|remorse
4242,0|27,admiration|neutral,1|7|8|15|17|20|27,amusement|curiosity|desire|gratitude|joy|optimism|neutral
4243,27,neutral,0|5|18|20|27,admiration|caring|love|optimism|neutral
4244,27,neutral,2|10|18|25|27,anger|disapproval|love|sadness|neutral
4245,27,neutral,1|3|6|9|20,amusement|annoyance|confusion|disappointment|optimism
4246,9,disappointment,0|3|8|11|15|18|22|25|27,admiration|annoyance|desire|disgust|gratitude|love|realization|sadness|neutral
4247,12,embarrassment,0|3|4|8|9|20|26,admiration|annoyance|approval|desire|disappointment|optimism|surprise
4248,27,neutral,2|7|8|9|12|14|20|27,anger|curiosity|desire|disappointment|embarrassment|fear|optimism|neutral
4249,8,desire,1|3|10|11|17|18|20|27,amusement|annoyance|disapproval|disgust|joy|love|optimism|neutral
4250,5,caring,4|6|7|10|15|27,approval|confusion|curiosity|disapproval|gratitude|neutral
4251,14,fear,1|2|3|5|6|7|10|14|15|19|20|22|25,amusement|anger|annoyance|caring|confusion|curiosity|disapproval|fear|gratitude|nervousness|optimism|realization|sadness
4252,27,neutral,2|3|4|10|25|26|27,anger|annoyance|approval|disapproval|sadness|surprise|neutral
4253,0,admiration,1|11|15|20|25|27,amusement|disgust|gratitude|optimism|sadness|neutral
4254,0,admiration,3|6|10|11|25|27,annoyance|confusion|disapproval|disgust|sadness|neutral
4255,27,neutral,13|17|18,excitement|joy|love
4256,27,neutral,0|3|4|6|9|13|25|27,admiration|annoyance|approval|confusion|disappointment|excitement|sadness|neutral
4257,1|17,amusement|joy,3|7|8|9|26|27,annoyance|curiosity|desire|disappointment|surprise|neutral
4258,27,neutral,0|1|6|26,admiration|amusement|confusion|surprise
4259,20,optimism,0|1|7|9|14|15|17|22|25|27,admiration|amusement|curiosity|disappointment|fear|gratitude|joy|realization|sadness|neutral
4260,27,neutral,0|1|3|4|5|6|7|15,admiration|amusement|annoyance|approval|caring|confusion|curiosity|gratitude
4261,19,nervousness,6|7|8|10|11|13|14|15|17|25|27,confusion|curiosity|desire|disapproval|disgust|excitement|fear|gratitude|joy|sadness|neutral
4262,4,approval,0|1|4|6|7|10|18|26,admiration|amusement|approval|confusion|curiosity|disapproval|love|surprise
4263,27,neutral,0|4|9|10|18|20|22|25|27,admiration|approval|disappointment|disapproval|love|optimism|realization|sadness|neutral
4264,4,approval,9|20|22|24|25|27,disappointment|optimism|realization|remorse|sadness|neutral
4265,27,neutral,3|4|6|15|18|20|26,annoyance|approval|confusion|gratitude|love|optimism|surprise
4266,27,neutral,2|4|18|20|25|27,anger|approval|love|optimism|sadness|neutral
4267,0,admiration,1|3|10|15|17|22|23|27,amusement|annoyance|disapproval|gratitude|joy|realization|relief|neutral
4268,3,annoyance,0|1|2|4|5|6|17|18|22|26,admiration|amusement|anger|approval|caring|confusion|joy|love|realization|surprise
4269,9,disappointment,3|4|7|17|25|26,annoyance|approval|curiosity|joy|sadness|surprise
4270,27,neutral,1|3|5|7|9|22|27,amusement|annoyance|caring|curiosity|disappointment|realization|neutral
4271,7|27,curiosity|neutral,2|5|6|9|26|27,anger|caring|confusion|disappointment|surprise|neutral
4272,15,gratitude,9|11|14|15|17|27,disappointment|disgust|fear|gratitude|joy|neutral
4273,4,approval,0|9|15|18|20|25,admiration|disappointment|gratitude|love|optimism|sadness
4274,27,neutral,5|6|11|13|15|18|27,caring|confusion|disgust|excitement|gratitude|love|neutral
4275,27,neutral,0|7|15|17|22,admiration|curiosity|gratitude|joy|realization
4276,7|27,curiosity|neutral,5|7|11|15|17|20|25|26,caring|curiosity|disgust|gratitude|joy|optimism|sadness|surprise
4277,15,gratitude,0|2|3|4|9|17|27,admiration|anger|annoyance|approval|disappointment|joy|neutral
4278,0|15,admiration|gratitude,0|4|5|7|9|10|15|20,admiration|approval|caring|curiosity|disappointment|disapproval|gratitude|optimism
4279,27,neutral,5|10|11|15|18|20|22|26,caring|disapproval|disgust|gratitude|love|optimism|realization|surprise
4280,27,neutral,3|7|13|14|20|26,annoyance|curiosity|excitement|fear|optimism|surprise
4281,27,neutral,6|8|13|14|19|27,confusion|desire|excitement|fear|nervousness|neutral
4282,1,amusement,1|2|17|27,amusement|anger|joy|neutral
4283,4,approval,3|4|11|18|20|25|27,annoyance|approval|disgust|love|optimism|sadness|neutral
4284,17,joy,2|3|10|15|27,anger|annoyance|disapproval|gratitude|neutral
4285,6,confusion,5|9|13|18|20|25|27,caring|disappointment|excitement|love|optimism|sadness|neutral
4286,2,anger,7|9|10|14|18|26|27,curiosity|disappointment|disapproval|fear|love|surprise|neutral
4287,0|4,admiration|approval,4|5|15|18|25|27,approval|caring|gratitude|love|sadness|neutral
4288,7,curiosity,0|3|6|9|10|13|20|22|24,admiration|annoyance|confusion|disappointment|disapproval|excitement|optimism|realization|remorse
4289,0|4,admiration|approval,0|1|4|6|9|14|18,admiration|amusement|approval|confusion|disappointment|fear|love
4290,13,excitement,1|2|6|14|15|18|25,amusement|anger|confusion|fear|gratitude|love|sadness
4291,27,neutral,0|1|6|7|10|11|26,admiration|amusement|confusion|curiosity|disapproval|disgust|surprise
4292,3,annoyance,9|10|27,disappointment|disapproval|neutral
4293,0,admiration,0|1|2|3|6|7|15|27,admiration|amusement|anger|annoyance|confusion|curiosity|gratitude|neutral
4294,27,neutral,4|15|16|22|24|25|27,approval|gratitude|grief|realization|remorse|sadness|neutral
4295,18,love,1|4|8|15|18|25|27,amusement|approval|desire|gratitude|love|sadness|neutral
4296,27,neutral,2|3|4|10|15|18|24|25|27,anger|annoyance|approval|disapproval|gratitude|love|remorse|sadness|neutral
4297,9|12,disappointment|embarrassment,2|4|13|18|20|26|27,anger|approval|excitement|love|optimism|surprise|neutral
4298,3,annoyance,5|17|18|27,caring|joy|love|neutral
4299,14,fear,4|18|26|27,approval|love|surprise|neutral
4300,5,caring,2|3|6|7|11|26,anger|annoyance|confusion|curiosity|disgust|surprise
4301,0,admiration,1|5|6|15|17|19|26|27,amusement|caring|confusion|gratitude|joy|nervousness|surprise|neutral
4302,0,admiration,1|3|4|10|13|15|17|22|25,amusement|annoyance|approval|disapproval|excitement|gratitude|joy|realization|sadness
4303,15,gratitude,0|5|8|18|20|25|27,admiration|caring|desire|love|optimism|sadness|neutral
4304,18,love,5|7|15|20|22|24|25|27,caring|curiosity|gratitude|optimism|realization|remorse|sadness|neutral
4305,27,neutral,1|3|7|10|15|27,amusement|annoyance|curiosity|disapproval|gratitude|neutral
4306,4,approval,0|11|17|20|25|26|27,admiration|disgust|joy|optimism|sadness|surprise|neutral
4307,27,neutral,0|1|3|4|5|6|7|13|17|20|24|25,admiration|amusement|annoyance|approval|caring|confusion|curiosity|excitement|joy|optimism|remorse|sadness
4308,4,approval,1|2|3|5|7|9|11|15,amusement|anger|annoyance|caring|curiosity|disappointment|disgust|gratitude
4309,10,disapproval,0|5|9|10|17|25|27,admiration|caring|disappointment|disapproval|joy|sadness|neutral
4310,27,neutral,2|5|7|10|13|14|17|20|25,anger|caring|curiosity|disapproval|excitement|fear|joy|optimism|sadness
4311,27,neutral,0|2|3|5|9|10|17|18|20|26,admiration|anger|annoyance|caring|disappointment|disapproval|joy|love|optimism|surprise
4312,27,neutral,0|10|11|12|13|17|18,admiration|disapproval|disgust|embarrassment|excitement|joy|love
4313,18,love,0|5|7|15|17|26,admiration|caring|curiosity|gratitude|joy|surprise
4314,27,neutral,2|4|7|9,anger|approval|curiosity|disappointment
4315,25,sadness,4|5|9|17|18|20|27,approval|caring|disappointment|joy|love|optimism|neutral
4316,4,approval,3|4|14|27,annoyance|approval|fear|neutral
4317,4,approval,0|1|2|7|11|15|25,admiration|amusement|anger|curiosity|disgust|gratitude|sadness
4318,27,neutral,0|7|9|17|18,admiration|curiosity|disappointment|joy|love
4319,0,admiration,0|3|6|10|15,admiration|annoyance|confusion|disapproval|gratitude
4320,4,approval,7|10|13|15|17|18|25,curiosity|disapproval|excitement|gratitude|joy|love|sadness
4321,9|22,disappointment|realization,1|2|3|11|13|17|18|20,amusement|anger|annoyance|disgust|excitement|joy|love|optimism
4322,8,desire,2|3|7|11|15|17|25,anger|annoyance|curiosity|disgust|gratitude|joy|sadness
4323,16,grief,3|6|11|15|17|20|27,annoyance|confusion|disgust|gratitude|joy|optimism|neutral
4324,3,annoyance,3|11|13|24|26|27,annoyance|disgust|excitement|remorse|surprise|neutral
4325,9,disappointment,1|9|10|13|14|23|24|27,amusement|disappointment|disapproval|excitement|fear|relief|remorse|neutral
4326,3,annoyance,1|3|11|14|17|20,amusement|annoyance|disgust|fear|joy|optimism
4327,10,disapproval,1|4|5|10|15|17|20|26,amusement|approval|caring|disapproval|gratitude|joy|optimism|surprise
4328,27,neutral,4|5|6|11|15|17|20,approval|caring|confusion|disgust|gratitude|joy|optimism
4329,1|13,amusement|excitement,1|14|22|25|26,amusement|fear|realization|sadness|surprise
4330,10|18,disapproval|love,0|3|10|15|17|18|20,admiration|annoyance|disapproval|gratitude|joy|love|optimism
4331,7|17,curiosity|joy,1|2|3|6|11|27,amusement|anger|annoyance|confusion|disgust|neutral
4332,12|25|27,embarrassment|sadness|neutral,2|3|6|9,anger|annoyance|confusion|disappointment
4333,0|8,admiration|desire,1|4|5|11|13|17|22|25|27,amusement|approval|caring|disgust|excitement|joy|realization|sadness|neutral
4334,27,neutral,0|3|4|5|6|7|9|17|23,admiration|annoyance|approval|caring|confusion|curiosity|disappointment|joy|relief
4335,9|10,disappointment|disapproval,0|1|4|6|17|26,admiration|amusement|approval|confusion|joy|surprise
4336,9|27,disappointment|neutral,4|9|20|22|25,approval|disappointment|optimism|realization|sadness
4337,27,neutral,1|2|4|15|17|20,amusement|anger|approval|gratitude|joy|optimism
4338,27,neutral,2|3|6|7|9|15|22|26,anger|annoyance|confusion|curiosity|disappointment|gratitude|realization|surprise
4339,15,gratitude,5|10|15|20|26,caring|disapproval|gratitude|optimism|surprise
4340,3|6,annoyance|confusion,1|4|5|8|9|10|18|27,amusement|approval|caring|desire|disappointment|disapproval|love|neutral
4341,0,admiration,0|3|7|26|27,admiration|annoyance|curiosity|surprise|neutral
4342,10|27,disapproval|neutral,0|1|2|3|4|17|25|27,admiration|amusement|anger|annoyance|approval|joy|sadness|neutral
4343,2|3,anger|annoyance,3|6|9|10|15|17|18|25,annoyance|confusion|disappointment|disapproval|gratitude|joy|love|sadness
4344,8,desire,1|4|5|6|7|22|27,amusement|approval|caring|confusion|curiosity|realization|neutral
4345,27,neutral,2|4|5|7|10|15|18|25,anger|approval|caring|curiosity|disapproval|gratitude|love|sadness
4346,27,neutral,11|15|18|27,disgust|gratitude|love|neutral
4347,27,neutral,3|4|6|7|9|12|14|15|20|25,annoyance|approval|confusion|curiosity|disappointment|embarrassment|fear|gratitude|optimism|sadness
4348,4,approval,2|5|7|10|13|14|15|18|27,anger|caring|curiosity|disapproval|excitement|fear|gratitude|love|neutral
4349,2,anger,1|2|3|4|17|24|25|27,amusement|anger|annoyance|approval|joy|remorse|sadness|neutral
4350,3,annoyance,13|17|27,excitement|joy|neutral
4351,18,love,0|9|13|27,admiration|disappointment|excitement|neutral
4352,27,neutral,0|2|3|17|18|20|24|27,admiration|anger|annoyance|joy|love|optimism|remorse|neutral
4353,4,approval,1|2|4|6|7|27,amusement|anger|approval|confusion|curiosity|neutral
4354,12,embarrassment,1|3|4|6|9|17|20|22,amusement|annoyance|approval|confusion|disappointment|joy|optimism|realization
4355,0,admiration,4|7|11|13|25|27,approval|curiosity|disgust|excitement|sadness|neutral
4356,13|17|18|20,excitement|joy|love|optimism,3|6|8|10|14,annoyance|confusion|desire|disapproval|fear
4357,27,neutral,0|5|6|7|11|15,admiration|caring|confusion|curiosity|disgust|gratitude
4358,13,excitement,17|18|20|27,joy|love|optimism|neutral
4359,20,optimism,0|1|2|4|12|15|25,admiration|amusement|anger|approval|embarrassment|gratitude|sadness
4360,24,remorse,5|7|9|10|13|15|17|27,caring|curiosity|disappointment|disapproval|excitement|gratitude|joy|neutral
4361,15,gratitude,1|3|4|5|18|27,amusement|annoyance|approval|caring|love|neutral
4362,27,neutral,2|3|10|15|22|26,anger|annoyance|disapproval|gratitude|realization|surprise
4363,27,neutral,1|2|10|11|25|27,amusement|anger|disapproval|disgust|sadness|neutral
4364,27,neutral,0|5|7|8|15|17|22|26|27,admiration|caring|curiosity|desire|gratitude|joy|realization|surprise|neutral
4365,10,disapproval,0|2|3|9|25|26,admiration|anger|annoyance|disappointment|sadness|surprise
4366,25,sadness,4|14|17|27,approval|fear|joy|neutral
4367,3|10,annoyance|disapproval,0|6|9|27,admiration|confusion|disappointment|neutral
4368,4,approval,4|5|6|9|11|13|17,approval|caring|confusion|disappointment|disgust|excitement|joy
4369,25,sadness,0|3|4|7|10|13|15|26,admiration|annoyance|approval|curiosity|disapproval|excitement|gratitude|surprise
4370,4,approval,0|1|2|10|11|15|18|26|27,admiration|amusement|anger|disapproval|disgust|gratitude|love|surprise|neutral
4371,1,amusement,3|6|27,annoyance|confusion|neutral
4372,5,caring,0|1|4|5|17|18|22,admiration|amusement|approval|caring|joy|love|realization
4373,0,admiration,1|5|7|10|20|25|26|27,amusement|caring|curiosity|disapproval|optimism|sadness|surprise|neutral
4374,20,optimism,0|6|13|17|20|24|27,admiration|confusion|excitement|joy|optimism|remorse|neutral
4375,27,neutral,1|2|3|6|10|22|27,amusement|anger|annoyance|confusion|disapproval|realization|neutral
4376,0,admiration,0|1|2|11|15|17|18|25|26,admiration|amusement|anger|disgust|gratitude|joy|love|sadness|surprise
4377,27,neutral,4|14|15|18|20|25|27,approval|fear|gratitude|love|optimism|sadness|neutral
4378,27,neutral,0|1|17|22|25,admiration|amusement|joy|realization|sadness
4379,22|27,realization|neutral,1|8|17|20|25|26,amusement|desire|joy|optimism|sadness|surprise
4380,4,approval,7|11|17|18,curiosity|disgust|joy|love
4381,17,joy,3|7|9|17|18|26|27,annoyance|curiosity|disappointment|joy|love|surprise|neutral
4382,24,remorse,3|14|25|26|27,annoyance|fear|sadness|surprise|neutral
4383,26,surprise,1|17|27,amusement|joy|neutral
4384,27,neutral,0|1|2|3|7|9|25,admiration|amusement|anger|annoyance|curiosity|disappointment|sadness
4385,9|27,disappointment|neutral,1|3|5|17,amusement|annoyance|caring|joy
4386,27,neutral,0|2|3,admiration|anger|annoyance
4387,5|27,caring|neutral,0|1|6|9|11|13|15,admiration|amusement|confusion|disappointment|disgust|excitement|gratitude
4388,1,amusement,1|3|9|10|11|26,amusement|annoyance|disappointment|disapproval|disgust|surprise
4389,15,gratitude,3|4|15,annoyance|approval|gratitude
4390,15,gratitude,0|1|3|13|22|27,admiration|amusement|annoyance|excitement|realization|neutral
4391,27,neutral,0|3|4|11|13,admiration|annoyance|approval|disgust|excitement
4392,27,neutral,0|1|6|8|9,admiration|amusement|confusion|desire|disappointment
4393,27,neutral,0|2|3|4|7|10|12|13|22,admiration|anger|annoyance|approval|curiosity|disapproval|embarrassment|excitement|realization
4394,18,love,6|26|27,confusion|surprise|neutral
4395,27,neutral,5|15|26|27,caring|gratitude|surprise|neutral
4396,3|27,annoyance|neutral,1|3|4|6|8|17|20|26,amusement|annoyance|approval|confusion|desire|joy|optimism|surprise
4397,27,neutral,2|6|8|9|10|17|22|27,anger|confusion|desire|disappointment|disapproval|joy|realization|neutral
4398,0,admiration,0|2|7|10|11|15|17|22,admiration|anger|curiosity|disapproval|disgust|gratitude|joy|realization
4399,4,approval,0|1|2|3|4|8|10|13,admiration|amusement|anger|annoyance|approval|desire|disapproval|excitement
4400,11,disgust,0|13|17|20|25|27,admiration|excitement|joy|optimism|sadness|neutral
4401,27,neutral,0|3|9|17|18|20,admiration|annoyance|disappointment|joy|love|optimism
4402,7,curiosity,6|7|10|17|26|27,confusion|curiosity|disapproval|joy|surprise|neutral
4403,13|17,excitement|joy,11|15|22|26|27,disgust|gratitude|realization|surprise|neutral
4404,6,confusion,1|3|4|6|8|9|15|20|26|27,amusement|annoyance|approval|confusion|desire|disappointment|gratitude|optimism|surprise|neutral
4405,22,realization,3|4|6|10|27,annoyance|approval|confusion|disapproval|neutral
4406,27,neutral,1|6|7|13|15|17|20|27,amusement|confusion|curiosity|excitement|gratitude|joy|optimism|neutral
4407,4,approval,2|10|11|17|24|25|27,anger|disapproval|disgust|joy|remorse|sadness|neutral
4408,7|13,curiosity|excitement,1|3|6|22|27,amusement|annoyance|confusion|realization|neutral
4409,9|12,disappointment|embarrassment,4|10|15|17|18|22|27,approval|disapproval|gratitude|joy|love|realization|neutral
4410,15,gratitude,0|2|3|7|11|13|17|18|22|25,admiration|anger|annoyance|curiosity|disgust|excitement|joy|love|realization|sadness
4411,10,disapproval,7|15|25|27,curiosity|gratitude|sadness|neutral
4412,0|5,admiration|caring,0|1|2|10|27,admiration|amusement|anger|disapproval|neutral
4413,7,curiosity,3|5|6|17|27,annoyance|caring|confusion|joy|neutral
4414,0|6,admiration|confusion,3|6|7|18|27,annoyance|confusion|curiosity|love|neutral
4415,0,admiration,0|1|4|6|15|25|27,admiration|amusement|approval|confusion|gratitude|sadness|neutral
4416,4,approval,0|2|3|6,admiration|anger|annoyance|confusion
4417,7,curiosity,2|6|8|17|22|26|27,anger|confusion|desire|joy|realization|surprise|neutral
4418,0,admiration,0|1|4|13|15|20|27,admiration|amusement|approval|excitement|gratitude|optimism|neutral
4419,10,disapproval,0|1|5|7|13|14|15|18|26,admiration|amusement|caring|curiosity|excitement|fear|gratitude|love|surprise
4420,7,curiosity,1|2|3|4|5|6|17|20,amusement|anger|annoyance|approval|caring|confusion|joy|optimism
4421,27,neutral,0|2|7|13|21|27,admiration|anger|curiosity|excitement|pride|neutral
4422,9,disappointment,0|3|7|17|22|25|27,admiration|annoyance|curiosity|joy|realization|sadness|neutral
4423,27,neutral,3|7|11|15|25,annoyance|curiosity|disgust|gratitude|sadness
4424,2|4,anger|approval,1|4|5|7|11|27,amusement|approval|caring|curiosity|disgust|neutral
4425,9|27,disappointment|neutral,0|1|3|15|27,admiration|amusement|annoyance|gratitude|neutral
4426,24,remorse,0|4|18,admiration|approval|love
4427,2,anger,1|6|10|13|22|25,amusement|confusion|disapproval|excitement|realization|sadness
4428,27,neutral,2|3|5|6|7|17|20,anger|annoyance|caring|confusion|curiosity|joy|optimism
4429,3|10,annoyance|disapproval,1|2|10|17|27,amusement|anger|disapproval|joy|neutral
4430,4,approval,1|2|7|8|10|17|20|25|27,amusement|anger|curiosity|desire|disapproval|joy|optimism|sadness|neutral
4431,1,amusement,0|1|2|6|10|27,admiration|amusement|anger|confusion|disapproval|neutral
4432,10,disapproval,2|3|5|10|17|18|20,anger|annoyance|caring|disapproval|joy|love|optimism
4433,0|4|20,admiration|approval|optimism,2|3|6|7|8|10|15|25|26,anger|annoyance|confusion|curiosity|desire|disapproval|gratitude|sadness|surprise
4434,17,joy,3|4|13|18|22,annoyance|approval|excitement|love|realization
4435,27,neutral,0|2|9|18|22,admiration|anger|disappointment|love|realization
4436,27,neutral,0|3|5|7|11|24|26|27,admiration|annoyance|caring|curiosity|disgust|remorse|surprise|neutral
4437,3|10,annoyance|disapproval,4|17|27,approval|joy|neutral
4438,7,curiosity,1|3|6|15|17|18,amusement|annoyance|confusion|gratitude|joy|love
4439,27,neutral,2|4|17|18|20|22|27,anger|approval|joy|love|optimism|realization|neutral
4440,4,approval,3|4|6|7|9|10|18|24,annoyance|approval|confusion|curiosity|disappointment|disapproval|love|remorse
4441,15,gratitude,0|1|3|8|12|18|22|26,admiration|amusement|annoyance|desire|embarrassment|love|realization|surprise
4442,15,gratitude,0|2|3|6|10|15|17|18|20,admiration|anger|annoyance|confusion|disapproval|gratitude|joy|love|optimism
4443,7,curiosity,2|3|7|11|15|25|26,anger|annoyance|curiosity|disgust|gratitude|sadness|surprise
4444,27,neutral,0|1|2|9|14|27,admiration|amusement|anger|disappointment|fear|neutral
4445,27,neutral,1|7|15|17|22,amusement|curiosity|gratitude|joy|realization
4446,0,admiration,0|1|2|6|7|10|11|20|27,admiration|amusement|anger|confusion|curiosity|disapproval|disgust|optimism|neutral
4447,27,neutral,0|4|10|15|27,admiration|approval|disapproval|gratitude|neutral
4448,27,neutral,0|1|7|14|17|27,admiration|amusement|curiosity|fear|joy|neutral
4449,15|17,gratitude|joy,1|2|3|9|10|18|27,amusement|anger|annoyance|disappointment|disapproval|love|neutral
4450,18,love,0|7|9|10|11|25|27,admiration|curiosity|disappointment|disapproval|disgust|sadness|neutral
4451,2,anger,7|22|27,curiosity|realization|neutral
4452,0,admiration,1|3|8|13|22|27,amusement|annoyance|desire|excitement|realization|neutral
4453,3,annoyance,0|2|5|11|15|18|26,admiration|anger|caring|disgust|gratitude|love|surprise
4454,27,neutral,1|5|6|14|15|18|27,amusement|caring|confusion|fear|gratitude|love|neutral
4455,4,approval,1|3|4|6|10|11|20|22|26,amusement|annoyance|approval|confusion|disapproval|disgust|optimism|realization|surprise
4456,15,gratitude,1|4|8|17|25,amusement|approval|desire|joy|sadness
4457,18,love,0|2|4|9|15|18|27,admiration|anger|approval|disappointment|gratitude|love|neutral
4458,27,neutral,0|1|9|10|13|26,admiration|amusement|disappointment|disapproval|excitement|surprise
4459,27,neutral,0|4|5|14|15|17|20,admiration|approval|caring|fear|gratitude|joy|optimism
4460,8,desire,0|5|9|15|17|18|20|21|26|27,admiration|caring|disappointment|gratitude|joy|love|optimism|pride|surprise|neutral
4461,15,gratitude,0|6|11|15|18,admiration|confusion|disgust|gratitude|love
4462,27,neutral,0|1|4|9|18,admiration|amusement|approval|disappointment|love
4463,15,gratitude,3|4|10|11|26|27,annoyance|approval|disapproval|disgust|surprise|neutral
4464,17,joy,0|6|11|15|18|24|27,admiration|confusion|disgust|gratitude|love|remorse|neutral
4465,7,curiosity,1|2|3|8|13|15|18|20|25,amusement|anger|annoyance|desire|excitement|gratitude|love|optimism|sadness
4466,5,caring,0|12|14|15|18|27,admiration|embarrassment|fear|gratitude|love|neutral
4467,27,neutral,0|2|10|13|27,admiration|anger|disapproval|excitement|neutral
4468,0,admiration,3|5|6|9|13|15|27,annoyance|caring|confusion|disappointment|excitement|gratitude|neutral
4469,0,admiration,1|3|4|18|20|27,amusement|annoyance|approval|love|optimism|neutral
4470,7,curiosity,1|3|7|9|10|17,amusement|annoyance|curiosity|disappointment|disapproval|joy
4471,7,curiosity,1|5|7|15|18,amusement|caring|curiosity|gratitude|love
4472,9,disappointment,1|9|12|20|22|24|27,amusement|disappointment|embarrassment|optimism|realization|remorse|neutral
4473,27,neutral,1|3|9|17|20|25|27,amusement|annoyance|disappointment|joy|optimism|sadness|neutral
4474,3,annoyance,6|7|14|25|26,confusion|curiosity|fear|sadness|surprise
4475,27,neutral,2|3|5|7|8|9|15|20|24|26,anger|annoyance|caring|curiosity|desire|disappointment|gratitude|optimism|remorse|surprise
4476,1,amusement,0|7|8|20|27,admiration|curiosity|desire|optimism|neutral
4477,1,amusement,4|18|20|22,approval|love|optimism|realization
4478,27,neutral,1|3|15|17|23,amusement|annoyance|gratitude|joy|relief
4479,16|25,grief|sadness,7|10|13|18|27,curiosity|disapproval|excitement|love|neutral
4480,8,desire,0|5|18|26,admiration|caring|love|surprise
4481,0,admiration,0|4|9|13|27,admiration|approval|disappointment|excitement|neutral
4482,1,amusement,1|3|10|12|15|17|18|20|25,amusement|annoyance|disapproval|embarrassment|gratitude|joy|love|optimism|sadness
4483,15,gratitude,22|27,realization|neutral
4484,4,approval,1|6|9|15|24|25,amusement|confusion|disappointment|gratitude|remorse|sadness
4485,27,neutral,7|11|13|14|22|25|27,curiosity|disgust|excitement|fear|realization|sadness|neutral
4486,0,admiration,1|6|7|18|27,amusement|confusion|curiosity|love|neutral
4487,14,fear,4|8|9|10|11|15|17|25|26,approval|desire|disappointment|disapproval|disgust|gratitude|joy|sadness|surprise
4488,15|26,gratitude|surprise,0|1|3|4|5|8|9|10|17|18|25|27,admiration|amusement|annoyance|approval|caring|desire|disappointment|disapproval|joy|love|sadness|neutral
4489,0,admiration,0|2|3|27,admiration|anger|annoyance|neutral
4490,27,neutral,6|8|9|14|22|26|27,confusion|desire|disappointment|fear|realization|surprise|neutral
4491,27,neutral,3|4|13|18|22|27,annoyance|approval|excitement|love|realization|neutral
4492,12,embarrassment,3|4|9|18|26|27,annoyance|approval|disappointment|love|surprise|neutral
4493,4,approval,0|1|3|27,admiration|amusement|annoyance|neutral
4494,15,gratitude,1|2|5|6|10|11|22|25,amusement|anger|caring|confusion|disapproval|disgust|realization|sadness
4495,5,caring,1|2|9|14|15|22,amusement|anger|disappointment|fear|gratitude|realization
4496,25,sadness,2|5|7|10|24|27,anger|caring|curiosity|disapproval|remorse|neutral
4497,0|15,admiration|gratitude,0|3|10|13|17,admiration|annoyance|disapproval|excitement|joy
4498,26,surprise,1|7|9|20|24,amusement|curiosity|disappointment|optimism|remorse
4499,27,neutral,3|7|15|18|20|25|27,annoyance|curiosity|gratitude|love|optimism|sadness|neutral
4500,27,neutral,1|3|4|7|8|9|11,amusement|annoyance|approval|curiosity|desire|disappointment|disgust
4501,10,disapproval,5|7|11|20|27,caring|curiosity|disgust|optimism|neutral
4502,2,anger,0|6|7|8|9|10|13|14|15|18|20|22|25,admiration|confusion|curiosity|desire|disappointment|disapproval|excitement|fear|gratitude|love|optimism|realization|sadness
4503,10,disapproval,14|17|18|22|27,fear|joy|love|realization|neutral
4504,27,neutral,3|7|9|15|26|27,annoyance|curiosity|disappointment|gratitude|surprise|neutral
4505,0,admiration,0|1|2|13|15|17,admiration|amusement|anger|excitement|gratitude|joy
4506,27,neutral,1|2|5|7|9|18|27,amusement|anger|caring|curiosity|disappointment|love|neutral
4507,0|15,admiration|gratitude,4|5|11|14|20|22|27,approval|caring|disgust|fear|optimism|realization|neutral
4508,27,neutral,0|2|5|13|15|18|20,admiration|anger|caring|excitement|gratitude|love|optimism
4509,7|11,curiosity|disgust,3|7|8|9|15|17|22|27,annoyance|curiosity|desire|disappointment|gratitude|joy|realization|neutral
4510,3,annoyance,1|3|4|15|27,amusement|annoyance|approval|gratitude|neutral
4511,26,surprise,2|3|4|5|6|8|11|22,anger|annoyance|approval|caring|confusion|desire|disgust|realization
4512,27,neutral,0|4|7|10|18,admiration|approval|curiosity|disapproval|love
4513,27,neutral,3|7|15,annoyance|curiosity|gratitude
4514,27,neutral,1|5|10|11|17|18|24|25|26,amusement|caring|disapproval|disgust|joy|love|remorse|sadness|surprise
4515,4|23,approval|relief,0|5|7|10|13|17|26,admiration|caring|curiosity|disapproval|excitement|joy|surprise
4516,27,neutral,6|11|15|26|27,confusion|disgust|gratitude|surprise|neutral
4517,15,gratitude,1|2|7|10|18,amusement|anger|curiosity|disapproval|love
4518,1,amusement,1|2|9|18|20|22|25|27,amusement|anger|disappointment|love|optimism|realization|sadness|neutral
4519,18,love,3|5|6|15|26,annoyance|caring|confusion|gratitude|surprise
4520,27,neutral,2|3|5|7|18|20|25,anger|annoyance|caring|curiosity|love|optimism|sadness
4521,0,admiration,3|4|5|6|7|10|25,annoyance|approval|caring|confusion|curiosity|disapproval|sadness
4522,3,annoyance,3|7|10|20|22|27,annoyance|curiosity|disapproval|optimism|realization|neutral
4523,18,love,17|18|20|27,joy|love|optimism|neutral
4524,0|18,admiration|love,0|5|6|7|9|10|17|25,admiration|caring|confusion|curiosity|disappointment|disapproval|joy|sadness
4525,5|8,caring|desire,2|3|7|15|18|25,anger|annoyance|curiosity|gratitude|love|sadness
4526,27,neutral,0|3|7|8|9|13|20,admiration|annoyance|curiosity|desire|disappointment|excitement|optimism
4527,18|22,love|realization,0|5|6|7|8|15|20|25,admiration|caring|confusion|curiosity|desire|gratitude|optimism|sadness
4528,10,disapproval,0|1|2|3|4|6|15|18|25,admiration|amusement|anger|annoyance|approval|confusion|gratitude|love|sadness
4529,5,caring,0|3|5|9|13|14|20|25,admiration|annoyance|caring|disappointment|excitement|fear|optimism|sadness
4530,11,disgust,0|1|4|6|8|18|20|22|26|27,admiration|amusement|approval|confusion|desire|love|optimism|realization|surprise|neutral
4531,15,gratitude,0|1|3|5|7|10|13|15|20|27,admiration|amusement|annoyance|caring|curiosity|disapproval|excitement|gratitude|optimism|neutral
4532,14|19,fear|nervousness,0|9|10|15|18|20|26,admiration|disappointment|disapproval|gratitude|love|optimism|surprise
4533,17,joy,4|9|10|18|27,approval|disappointment|disapproval|love|neutral
4534,27,neutral,1|2|3|6|8|10|22|24,amusement|anger|annoyance|confusion|desire|disapproval|realization|remorse
4535,9,disappointment,0|15|17|25,admiration|gratitude|joy|sadness
4536,13,excitement,0|1|7|20|27,admiration|amusement|curiosity|optimism|neutral
4537,0,admiration,2|4|6|9|11|17|25,anger|approval|confusion|disappointment|disgust|joy|sadness
4538,5|20,caring|optimism,3|9|13|20|25|27,annoyance|disappointment|excitement|optimism|sadness|neutral
4539,10,disapproval,2|9|11|13|18|25|27,anger|disappointment|disgust|excitement|love|sadness|neutral
4540,0,admiration,3|4|25|27,annoyance|approval|sadness|neutral
4541,0,admiration,0|3|9|14|15|20|27,admiration|annoyance|disappointment|fear|gratitude|optimism|neutral
4542,0|4,admiration|approval,3|7|13|14|18|25|26,annoyance|curiosity|excitement|fear|love|sadness|surprise
4543,7,curiosity,7|11|15|17|27,curiosity|disgust|gratitude|joy|neutral
4544,5,caring,0|1|2|4|6|7|11|15|17,admiration|amusement|anger|approval|confusion|curiosity|disgust|gratitude|joy
4545,27,neutral,0|3|4|6|18|27,admiration|annoyance|approval|confusion|love|neutral
4546,4|9,approval|disappointment,0|3|6|7|8|13|17|20|26|27,admiration|annoyance|confusion|curiosity|desire|excitement|joy|optimism|surprise|neutral
4547,7,curiosity,3|4|6|7|8|10|20|22|23,annoyance|approval|confusion|curiosity|desire|disapproval|optimism|realization|relief
4548,3,annoyance,1|7|18|27,amusement|curiosity|love|neutral
4549,24,remorse,1|18|20|22|25,amusement|love|optimism|realization|sadness
4550,27,neutral,4|6|7|15|23,approval|confusion|curiosity|gratitude|relief
4551,27,neutral,2|5|6|10|13|15|17|25,anger|caring|confusion|disapproval|excitement|gratitude|joy|sadness
4552,27,neutral,0|1|11|17|25,admiration|amusement|disgust|joy|sadness
4553,27,neutral,1|5|10|15|20|23|27,amusement|caring|disapproval|gratitude|optimism|relief|neutral
4554,0,admiration,2|4|6|7|8|15|20|22|26,anger|approval|confusion|curiosity|desire|gratitude|optimism|realization|surprise
4555,8|15,desire|gratitude,1|5|7|15|18|27,amusement|caring|curiosity|gratitude|love|neutral
4556,27,neutral,0|2|10|17|20|26|27,admiration|anger|disapproval|joy|optimism|surprise|neutral
4557,7,curiosity,4|6|7|10|22,approval|confusion|curiosity|disapproval|realization
4558,15,gratitude,0|4|5|10|17|20|22,admiration|approval|caring|disapproval|joy|optimism|realization
4559,18,love,1|2|3|15|27,amusement|anger|annoyance|gratitude|neutral
4560,25,sadness,13|27,excitement|neutral
4561,4,approval,0|2|4|5|9|11|15|22|27,admiration|anger|approval|caring|disappointment|disgust|gratitude|realization|neutral
4562,27,neutral,0|4|5|27,admiration|approval|caring|neutral
4563,20|25,optimism|sadness,0|1|5|7|14|17|18|20|27,admiration|amusement|caring|curiosity|fear|joy|love|optimism|neutral
4564,3,annoyance,0|2|4|7|11|17|20|22,admiration|anger|approval|curiosity|disgust|joy|optimism|realization
4565,5,caring,2|5|7|13|27,anger|caring|curiosity|excitement|neutral
4566,27,neutral,0|1|10|18|26,admiration|amusement|disapproval|love|surprise
4567,4,approval,1|3|8|18|22,amusement|annoyance|desire|love|realization
4568,0,admiration,0|3|5|10|18|26,admiration|annoyance|caring|disapproval|love|surprise
4569,15,gratitude,3|9|10|11|15|18|25|26,annoyance|disappointment|disapproval|disgust|gratitude|love|sadness|surprise
4570,26,surprise,1|2|4|7|11|13|18|24|25|27,amusement|anger|approval|curiosity|disgust|excitement|love|remorse|sadness|neutral
4571,3|10,annoyance|disapproval,1|2|4|5|10|13|25,amusement|anger|approval|caring|disapproval|excitement|sadness
4572,0,admiration,3|6|7|8|9|11|15|20|27,annoyance|confusion|curiosity|desire|disappointment|disgust|gratitude|optimism|neutral
4573,16|27,grief|neutral,2|4|6|9|11|13|14|15|17,anger|approval|confusion|disappointment|disgust|excitement|fear|gratitude|joy
4574,27,neutral,4|7|13|22|24|25|27,approval|curiosity|excitement|realization|remorse|sadness|neutral
4575,4,approval,0|2|7|10|15|18|20|27,admiration|anger|curiosity|disapproval|gratitude|love|optimism|neutral
4576,3|10,annoyance|disapproval,0|1|3|4|6|7|8|9|15|20,admiration|amusement|annoyance|approval|confusion|curiosity|desire|disappointment|gratitude|optimism
4577,18,love,0|2|6|9|11|18|22|27,admiration|anger|confusion|disappointment|disgust|love|realization|neutral
4578,4,approval,5|6|7|12|15|26,caring|confusion|curiosity|embarrassment|gratitude|surprise
4579,15,gratitude,0|6|9|18|22|25|26|27,admiration|confusion|disappointment|love|realization|sadness|surprise|neutral
4580,20,optimism,4|10|17|18|27,approval|disapproval|joy|love|neutral
4581,26,surprise,0|6|7|22|27,admiration|confusion|curiosity|realization|neutral
4582,27,neutral,0|1|20|24|26,admiration|amusement|optimism|remorse|surprise
4583,3|22,annoyance|realization,3|4|7|10|11|17,annoyance|approval|curiosity|disapproval|disgust|joy
4584,27,neutral,0|3|4|5|6|14|17|18|27,admiration|annoyance|approval|caring|confusion|fear|joy|love|neutral
4585,2|3,anger|annoyance,0|4|8|11|15|25,admiration|approval|desire|disgust|gratitude|sadness
4586,27,neutral,1|10|13|20|27,amusement|disapproval|excitement|optimism|neutral
4587,22,realization,0|7|8|18|20|22|25|26|27,admiration|curiosity|desire|love|optimism|realization|sadness|surprise|neutral
4588,20,optimism,0|2|3|4|10|11|27,admiration|anger|annoyance|approval|disapproval|disgust|neutral
4589,27,neutral,0|4|5|10|18|26,admiration|approval|caring|disapproval|love|surprise
4590,27,neutral,0|3|7|18|26,admiration|annoyance|curiosity|love|surprise
4591,27,neutral,5|11|15,caring|disgust|gratitude
4592,1|20,amusement|optimism,0|2|3|5|7|26,admiration|anger|annoyance|caring|curiosity|surprise
4593,27,neutral,2|4|10|11|15|18|25|27,anger|approval|disapproval|disgust|gratitude|love|sadness|neutral
4594,27,neutral,7|15|17|26,curiosity|gratitude|joy|surprise
4595,1,amusement,1|4|7|11|17|24|25|27,amusement|approval|curiosity|disgust|joy|remorse|sadness|neutral
4596,11,disgust,1|2|3|4|15,amusement|anger|annoyance|approval|gratitude
4597,27,neutral,0|1|5|10|20|27,admiration|amusement|caring|disapproval|optimism|neutral
4598,20,optimism,0|9|18|20|24|27,admiration|disappointment|love|optimism|remorse|neutral
4599,27,neutral,0|2|3|7|10|13|20|26|27,admiration|anger|annoyance|curiosity|disapproval|excitement|optimism|surprise|neutral
4600,0,admiration,0|4|6|7|17|22|25|27,admiration|approval|confusion|curiosity|joy|realization|sadness|neutral
4601,13|26,excitement|surprise,4|7|13|20|26,approval|curiosity|excitement|optimism|surprise
4602,15,gratitude,0|3|7|9|15|17|27,admiration|annoyance|curiosity|disappointment|gratitude|joy|neutral
4603,0,admiration,0|2|3|10|17,admiration|anger|annoyance|disapproval|joy
4604,4,approval,4|5|6|7|15|27,approval|caring|confusion|curiosity|gratitude|neutral
4605,18,love,6|8|27,confusion|desire|neutral
4606,15,gratitude,0|1|2|3|7|26,admiration|amusement|anger|annoyance|curiosity|surprise
4607,4,approval,1|10|27,amusement|disapproval|neutral
4608,11,disgust,0|1|2|3|5|6|7|20|27,admiration|amusement|anger|annoyance|caring|confusion|curiosity|optimism|neutral
4609,27,neutral,1|4|15|18|22|23,amusement|approval|gratitude|love|realization|relief
4610,7|18,curiosity|love,9|13|27,disappointment|excitement|neutral
4611,27,neutral,1|3|5|8|17|20|22|25,amusement|annoyance|caring|desire|joy|optimism|realization|sadness
4612,15,gratitude,0|3|4|6|10|13|26,admiration|annoyance|approval|confusion|disapproval|excitement|surprise
4613,14,fear,1|10|15|17|27,amusement|disapproval|gratitude|joy|neutral
4614,6|7,confusion|curiosity,0|1|6|8|9|15|17|20,admiration|amusement|confusion|desire|disappointment|gratitude|joy|optimism
4615,6|20,confusion|optimism,4|7|15|26,approval|curiosity|gratitude|surprise
4616,18,love,0|3|11|13|20,admiration|annoyance|disgust|excitement|optimism
4617,19|27,nervousness|neutral,7|8|10|11|17|20|25,curiosity|desire|disapproval|disgust|joy|optimism|sadness
4618,26,surprise,1|4|6|10|15|17|25,amusement|approval|confusion|disapproval|gratitude|joy|sadness
4619,5,caring,0|2|3|9|14|20|25,admiration|anger|annoyance|disappointment|fear|optimism|sadness
4620,27,neutral,0|4|11|15|25|26,admiration|approval|disgust|gratitude|sadness|surprise
4621,1,amusement,9|18|22|24|25|27,disappointment|love|realization|remorse|sadness|neutral
4622,3,annoyance,3|4|15|22|24|27,annoyance|approval|gratitude|realization|remorse|neutral
4623,1,amusement,3|4|5|7|9|13|26|27,annoyance|approval|caring|curiosity|disappointment|excitement|surprise|neutral
4624,27,neutral,2|3|6|10|27,anger|annoyance|confusion|disapproval|neutral
4625,0|8|20,admiration|desire|optimism,4|17|20|25|27,approval|joy|optimism|sadness|neutral
4626,15,gratitude,1|4|7|8|10|15|17|18|20|22|26,amusement|approval|curiosity|desire|disapproval|gratitude|joy|love|optimism|realization|surprise
4627,27,neutral,0|1|2|3|9|12|13|15,admiration|amusement|anger|annoyance|disappointment|embarrassment|excitement|gratitude
4628,27,neutral,0|4|6|13|15|18|22|25|27,admiration|approval|confusion|excitement|gratitude|love|realization|sadness|neutral
4629,2|10,anger|disapproval,0|3|5|11|13|25|27,admiration|annoyance|caring|disgust|excitement|sadness|neutral
4630,27,neutral,0|4|7|15|17|25,admiration|approval|curiosity|gratitude|joy|sadness
4631,27,neutral,0|7|9|10|14|18|26|27,admiration|curiosity|disappointment|disapproval|fear|love|surprise|neutral
4632,27,neutral,0|10|18|27,admiration|disapproval|love|neutral
4633,3,annoyance,2|4|5|10|18|20|24|27,anger|approval|caring|disapproval|love|optimism|remorse|neutral
4634,0,admiration,3|4|7|11|13|23,annoyance|approval|curiosity|disgust|excitement|relief
4635,1,amusement,0|5|17|20|22,admiration|caring|joy|optimism|realization
4636,27,neutral,2|3|5|6|27,anger|annoyance|caring|confusion|neutral
4637,15,gratitude,7|18|22,curiosity|love|realization
4638,27,neutral,0|2|4|10|17,admiration|anger|approval|disapproval|joy
4639,5|24,caring|remorse,9|10|17|22|27,disappointment|disapproval|joy|realization|neutral
4640,27,neutral,0|1|9|10|17|20|22|25|27,admiration|amusement|disappointment|disapproval|joy|optimism|realization|sadness|neutral
4641,27,neutral,9|15|17|20|27,disappointment|gratitude|joy|optimism|neutral
4642,4,approval,0|1|2|3|10|15|17|18|26,admiration|amusement|anger|annoyance|disapproval|gratitude|joy|love|surprise
4643,27,neutral,2|7|10|11|12|15|18,anger|curiosity|disapproval|disgust|embarrassment|gratitude|love
4644,27,neutral,1|2|3|5|11|15|20,amusement|anger|annoyance|caring|disgust|gratitude|optimism
4645,18,love,1|6|26,amusement|confusion|surprise
4646,27,neutral,0|2|4|7|10|22,admiration|anger|approval|curiosity|disapproval|realization
4647,8,desire,1|2|3|5|8|9|12|13|18|20|22|24|25|26,amusement|anger|annoyance|caring|desire|disappointment|embarrassment|excitement|love|optimism|realization|remorse|sadness|surprise
4648,2,anger,1|3|8|11|12|18|20|25|27,amusement|annoyance|desire|disgust|embarrassment|love|optimism|sadness|neutral
4649,4,approval,11|20|27,disgust|optimism|neutral
4650,27,neutral,0|4|5|7|9|22|26,admiration|approval|caring|curiosity|disappointment|realization|surprise
4651,27,neutral,3|7|14,annoyance|curiosity|fear
4652,27,neutral,2|4|7|15|18|22,anger|approval|curiosity|gratitude|love|realization
4653,8,desire,3|4|9|15|26|27,annoyance|approval|disappointment|gratitude|surprise|neutral
4654,27,neutral,0|1|14|15|17|22|26,admiration|amusement|fear|gratitude|joy|realization|surprise
4655,27,neutral,0|6|7|10|13|15|17,admiration|confusion|curiosity|disapproval|excitement|gratitude|joy
4656,14,fear,0|3|6|18|27,admiration|annoyance|confusion|love|neutral
4657,6,confusion,1|2|11|20|26,amusement|anger|disgust|optimism|surprise
4658,27,neutral,1|4|7|18|22|25,amusement|approval|curiosity|love|realization|sadness
4659,0|15,admiration|gratitude,2|4|5|18|25|27,anger|approval|caring|love|sadness|neutral
4660,27,neutral,4|7|10|25|27,approval|curiosity|disapproval|sadness|neutral
4661,2,anger,4|5|8|12|15|19|20|27,approval|caring|desire|embarrassment|gratitude|nervousness|optimism|neutral
4662,27,neutral,2|4|5|7|10|19|27,anger|approval|caring|curiosity|disapproval|nervousness|neutral
4663,4,approval,1|13|20|27,amusement|excitement|optimism|neutral
4664,15,gratitude,0|1|8|10|13|17|22|23|26,admiration|amusement|desire|disapproval|excitement|joy|realization|relief|surprise
4665,2,anger,0|3|4|15|18|24|25|26,admiration|annoyance|approval|gratitude|love|remorse|sadness|surprise
4666,10,disapproval,1|2|4|8|9|17|24,amusement|anger|approval|desire|disappointment|joy|remorse
4667,27,neutral,3|9|15|18|20,annoyance|disappointment|gratitude|love|optimism
4668,20,optimism,1|3|5|10|15|18|22|23,amusement|annoyance|caring|disapproval|gratitude|love|realization|relief
4669,4|20,approval|optimism,4|6|7|13|17|19|22|25|27,approval|confusion|curiosity|excitement|joy|nervousness|realization|sadness|neutral
4670,2,anger,0|1|7|18|20|26,admiration|amusement|curiosity|love|optimism|surprise
4671,12,embarrassment,3|8|9|13|17|20|22|24|25,annoyance|desire|disappointment|excitement|joy|optimism|realization|remorse|sadness
4672,15,gratitude,2|3|10|23|24|26,anger|annoyance|disapproval|relief|remorse|surprise
4673,9,disappointment,4|17|18|25|27,approval|joy|love|sadness|neutral
4674,0|15,admiration|gratitude,0|4|5|9|17|18|22|25|27,admiration|approval|caring|disappointment|joy|love|realization|sadness|neutral
4675,27,neutral,2|3|15|17|24|25,anger|annoyance|gratitude|joy|remorse|sadness
4676,1,amusement,2|3|5|6|9|10|13|17|18|25|27,anger|annoyance|caring|confusion|disappointment|disapproval|excitement|joy|love|sadness|neutral
4677,27,neutral,4|5|6|8,approval|caring|confusion|desire
4678,24,remorse,0|1|7|8|15|25|26,admiration|amusement|curiosity|desire|gratitude|sadness|surprise
4679,15,gratitude,0|2|3|27,admiration|anger|annoyance|neutral
4680,22,realization,0|3|7|10|14|15|26,admiration|annoyance|curiosity|disapproval|fear|gratitude|surprise
4681,27,neutral,2|6|7|25|27,anger|confusion|curiosity|sadness|neutral
4682,10|11,disapproval|disgust,0|2|4|27,admiration|anger|approval|neutral
4683,0,admiration,1|2|13|18|19|27,amusement|anger|excitement|love|nervousness|neutral
4684,5,caring,1|3|5|7|10|25|26|27,amusement|annoyance|caring|curiosity|disapproval|sadness|surprise|neutral
4685,27,neutral,1|3|9|10|18|27,amusement|annoyance|disappointment|disapproval|love|neutral
4686,27,neutral,5|7|10|17|22|25|27,caring|curiosity|disapproval|joy|realization|sadness|neutral
4687,11,disgust,0|1|3|4|7|17|20|26,admiration|amusement|annoyance|approval|curiosity|joy|optimism|surprise
4688,6|27,confusion|neutral,2|3|8|9|10|20|22|26,anger|annoyance|desire|disappointment|disapproval|optimism|realization|surprise
4689,27,neutral,0|15|20|24|25|27,admiration|gratitude|optimism|remorse|sadness|neutral
4690,27,neutral,0|1|3|6|9|10|14|17|18|20|25,admiration|amusement|annoyance|confusion|disappointment|disapproval|fear|joy|love|optimism|sadness
4691,5,caring,6|9|11|13|15|24|25|26|27,confusion|disappointment|disgust|excitement|gratitude|remorse|sadness|surprise|neutral
4692,15|20,gratitude|optimism,10|15|18|26|27,disapproval|gratitude|love|surprise|neutral
4693,18,love,1|2|4|7|18|22|24,amusement|anger|approval|curiosity|love|realization|remorse
4694,15,gratitude,2|3|4|11|15|17|18|24|25,anger|annoyance|approval|disgust|gratitude|joy|love|remorse|sadness
4695,27,neutral,0|1|2|4|6|12|13|17,admiration|amusement|anger|approval|confusion|embarrassment|excitement|joy
4696,4|27,approval|neutral,1|4|13,amusement|approval|excitement
4697,20,optimism,1|2|5|13|20|25|27,amusement|anger|caring|excitement|optimism|sadness|neutral
4698,1,amusement,1|4|7|9|11|15|25|27,amusement|approval|curiosity|disappointment|disgust|gratitude|sadness|neutral
4699,4|23,approval|relief,5|6|7|9|27,caring|confusion|curiosity|disappointment|neutral
4700,15|21,gratitude|pride,0|2|4|20|26|27,admiration|anger|approval|optimism|surprise|neutral
4701,10,disapproval,1|2|4|6|14|20,amusement|anger|approval|confusion|fear|optimism
4702,0|4,admiration|approval,0|2|9|10|11|15|26,admiration|anger|disappointment|disapproval|disgust|gratitude|surprise
4703,9,disappointment,2|4|5|8|20|22|26,anger|approval|caring|desire|optimism|realization|surprise
4704,0|15,admiration|gratitude,0|3|4|10|14|15,admiration|annoyance|approval|disapproval|fear|gratitude
4705,27,neutral,6|7|26,confusion|curiosity|surprise
4706,1,amusement,4|15|18|27,approval|gratitude|love|neutral
4707,6|7,confusion|curiosity,0|2|7|15|22|27,admiration|anger|curiosity|gratitude|realization|neutral
4708,15,gratitude,0|1|2|7|10|11,admiration|amusement|anger|curiosity|disapproval|disgust
4709,27,neutral,7|9|27,curiosity|disappointment|neutral
4710,27,neutral,0|3|7|18|20,admiration|annoyance|curiosity|love|optimism
4711,10,disapproval,0|14|15|20,admiration|fear|gratitude|optimism
4712,7|22,curiosity|realization,6|10|13|15|17|18|20,confusion|disapproval|excitement|gratitude|joy|love|optimism
4713,15,gratitude,0|1|4|7|10|13|17,admiration|amusement|approval|curiosity|disapproval|excitement|joy
4714,15,gratitude,0|2|4|9|13|25|26,admiration|anger|approval|disappointment|excitement|sadness|surprise
4715,2,anger,4|6|8|9|11|18|22,approval|confusion|desire|disappointment|disgust|love|realization
4716,27,neutral,2|3|5|10|11|15|17|20,anger|annoyance|caring|disapproval|disgust|gratitude|joy|optimism
4717,18,love,2|10|13|22|25|26,anger|disapproval|excitement|realization|sadness|surprise
4718,27,neutral,4|5|17|20|27,approval|caring|joy|optimism|neutral
4719,6,confusion,1|4|7|9|14|15|24,amusement|approval|curiosity|disappointment|fear|gratitude|remorse
4720,0,admiration,6|7|27,confusion|curiosity|neutral
4721,0|15,admiration|gratitude,0|2|4|7|13|18|26|27,admiration|anger|approval|curiosity|excitement|love|surprise|neutral
4722,10,disapproval,1|14|15|17|18|22,amusement|fear|gratitude|joy|love|realization
4723,20,optimism,0|3|4|7|15|17,admiration|annoyance|approval|curiosity|gratitude|joy
4724,4,approval,1|7|8|11|13|20|27,amusement|curiosity|desire|disgust|excitement|optimism|neutral
4725,6,confusion,0|1|10|15|17|27,admiration|amusement|disapproval|gratitude|joy|neutral
4726,15|20,gratitude|optimism,0|2|3|9|18|20|27,admiration|anger|annoyance|disappointment|love|optimism|neutral
4727,27,neutral,0|4|7|13|18|22,admiration|approval|curiosity|excitement|love|realization
4728,6,confusion,1|3|4|10|22|25,amusement|annoyance|approval|disapproval|realization|sadness
4729,27,neutral,2|7|10|15|17|18|27,anger|curiosity|disapproval|gratitude|joy|love|neutral
4730,27,neutral,1|2|6|10|17|20,amusement|anger|confusion|disapproval|joy|optimism
4731,27,neutral,3|25|27,annoyance|sadness|neutral
4732,4,approval,1|7|20,amusement|curiosity|optimism
4733,18,love,2|4|9|11|13|15|25|26,anger|approval|disappointment|disgust|excitement|gratitude|sadness|surprise
4734,27,neutral,2|5|15|18|20,anger|caring|gratitude|love|optimism
4735,5,caring,0|3|6|15|27,admiration|annoyance|confusion|gratitude|neutral
4736,27,neutral,8|10|14|27,desire|disapproval|fear|neutral
4737,6,confusion,1|9|11|15|17|27,amusement|disappointment|disgust|gratitude|joy|neutral
4738,15,gratitude,2|4|5|6|17|18|27,anger|approval|caring|confusion|joy|love|neutral
4739,13|17,excitement|joy,1|15|18|20|23,amusement|gratitude|love|optimism|relief
4740,27,neutral,0|6|22|26|27,admiration|confusion|realization|surprise|neutral
4741,6,confusion,1|2|3|5|10|11|24|25,amusement|anger|annoyance|caring|disapproval|disgust|remorse|sadness
4742,4,approval,7|20|25|27,curiosity|optimism|sadness|neutral
4743,27,neutral,2|3|4|5|18|27,anger|annoyance|approval|caring|love|neutral
4744,17,joy,4|9|13|15|22|27,approval|disappointment|excitement|gratitude|realization|neutral
4745,27,neutral,0|4|8|9|17|18|22|25,admiration|approval|desire|disappointment|joy|love|realization|sadness
4746,26,surprise,1|3|6|7|9|13|14|15|18|22|25|26,amusement|annoyance|confusion|curiosity|disappointment|excitement|fear|gratitude|love|realization|sadness|surprise
4747,0,admiration,1|3|4|11|27,amusement|annoyance|approval|disgust|neutral
4748,22,realization,3|4|5|8|13|25,annoyance|approval|caring|desire|excitement|sadness
4749,6,confusion,0|2|4|8|20|26|27,admiration|anger|approval|desire|optimism|surprise|neutral
4750,5,caring,0|1|7|8|9|14|26,admiration|amusement|curiosity|desire|disappointment|fear|surprise
4751,7,curiosity,0|1|11|17|18|27,admiration|amusement|disgust|joy|love|neutral
4752,27,neutral,3|4|5|22|26|27,annoyance|approval|caring|realization|surprise|neutral
4753,17,joy,1|4|9|11|17|18|27,amusement|approval|disappointment|disgust|joy|love|neutral
4754,18,love,2|4|10|17|27,anger|approval|disapproval|joy|neutral
4755,4,approval,1|2|3|18,amusement|anger|annoyance|love
4756,0,admiration,0|3|4|8|11|15|17|18|24|25,admiration|annoyance|approval|desire|disgust|gratitude|joy|love|remorse|sadness
4757,27,neutral,9|20|21|27,disappointment|optimism|pride|neutral
4758,11,disgust,2|9|11|18|26,anger|disappointment|disgust|love|surprise
4759,27,neutral,0|2|4|6|10|15|25,admiration|anger|approval|confusion|disapproval|gratitude|sadness
4760,27,neutral,1|2|4|5|11|17|27,amusement|anger|approval|caring|disgust|joy|neutral
4761,6,confusion,0|7,admiration|curiosity
4762,27,neutral,0|1|2|6|10|17|27,admiration|amusement|anger|confusion|disapproval|joy|neutral
4763,12,embarrassment,2|4|5|6|15|17|20|24,anger|approval|caring|confusion|gratitude|joy|optimism|remorse
4764,27,neutral,2|11|17|18|22|26,anger|disgust|joy|love|realization|surprise
4765,27,neutral,1|15|25|27,amusement|gratitude|sadness|neutral
4766,27,neutral,3|4|9|15|18|27,annoyance|approval|disappointment|gratitude|love|neutral
4767,27,neutral,3|5|8|11|18,annoyance|caring|desire|disgust|love
4768,27,neutral,1|5|6|7|11|15|18|25,amusement|caring|confusion|curiosity|disgust|gratitude|love|sadness
4769,7,curiosity,0|1|2|3|7|8|10|15|22,admiration|amusement|anger|annoyance|curiosity|desire|disapproval|gratitude|realization
4770,27,neutral,0|1|4|15|20|25|26,admiration|amusement|approval|gratitude|optimism|sadness|surprise
4771,27,neutral,0|3|9|15|20,admiration|annoyance|disappointment|gratitude|optimism
4772,27,neutral,2|6|9|22,anger|confusion|disappointment|realization
4773,27,neutral,1|11|13|14|15|22,amusement|disgust|excitement|fear|gratitude|realization
4774,10,disapproval,1|2|3|4|6|9|10|20|27,amusement|anger|annoyance|approval|confusion|disappointment|disapproval|optimism|neutral
4775,25,sadness,3|4|27,annoyance|approval|neutral
4776,14,fear,0|1|3|5|6|7|9|10|11|14|20|22|26,admiration|amusement|annoyance|caring|confusion|curiosity|disappointment|disapproval|disgust|fear|optimism|realization|surprise
4777,15,gratitude,4|6|9|10|13|15|17,approval|confusion|disappointment|disapproval|excitement|gratitude|joy
4778,18,love,0|1|22|25|26|27,admiration|amusement|realization|sadness|surprise|neutral
4779,15,gratitude,0|2|3|8|17|18|22|26,admiration|anger|annoyance|desire|joy|love|realization|surprise
4780,27,neutral,2|6|7|22|26,anger|confusion|curiosity|realization|surprise
4781,0,admiration,6|9|18|26,confusion|disappointment|love|surprise
4782,27,neutral,4|22|27,approval|realization|neutral
4783,27,neutral,3|7|11|17|25|27,annoyance|curiosity|disgust|joy|sadness|neutral
4784,27,neutral,0|1|2|6|9|15|20|22,admiration|amusement|anger|confusion|disappointment|gratitude|optimism|realization
4785,0,admiration,1|19|27,amusement|nervousness|neutral
4786,18,love,0|3|7|10,admiration|annoyance|curiosity|disapproval
4787,17,joy,2|4|9|10|14|22|25|26,anger|approval|disappointment|disapproval|fear|realization|sadness|surprise
4788,15,gratitude,0|2|3|4|7|11|17|18|20,admiration|anger|annoyance|approval|curiosity|disgust|joy|love|optimism
4789,4,approval,6|8|15|17|22|25|27,confusion|desire|gratitude|joy|realization|sadness|neutral
4790,27,neutral,2|7|9|18|25|27,anger|curiosity|disappointment|love|sadness|neutral
4791,2,anger,0|3|10|15|18|25,admiration|annoyance|disapproval|gratitude|love|sadness
4792,20,optimism,4|7|14|17|20,approval|curiosity|fear|joy|optimism
4793,0,admiration,2|4|5|6|8|10|11|13|15|18|20|25,anger|approval|caring|confusion|desire|disapproval|disgust|excitement|gratitude|love|optimism|sadness
4794,27,neutral,3|27,annoyance|neutral
4795,27,neutral,4|5|7|13|26,approval|caring|curiosity|excitement|surprise
4796,27,neutral,4|8|10|11|17|18|25|27,approval|desire|disapproval|disgust|joy|love|sadness|neutral
4797,27,neutral,2|3|7|15|25|26,anger|annoyance|curiosity|gratitude|sadness|surprise
4798,6,confusion,0|1|2|7|14|15,admiration|amusement|anger|curiosity|fear|gratitude
4799,27,neutral,1|3|4|7|22|25,amusement|annoyance|approval|curiosity|realization|sadness
4800,18,love,1|9|10|15|17|18|27,amusement|disappointment|disapproval|gratitude|joy|love|neutral
4801,27,neutral,6|7|24|25,confusion|curiosity|remorse|sadness
4802,27,neutral,2|7|8|10|15|20|25,anger|curiosity|desire|disapproval|gratitude|optimism|sadness
4803,3,annoyance,0|2|3|6|7|17|22|26|27,admiration|anger|annoyance|confusion|curiosity|joy|realization|surprise|neutral
4804,27,neutral,0|1|9|18|20|26|27,admiration|amusement|disappointment|love|optimism|surprise|neutral
4805,26,surprise,3|9|10|13|14|25|26|27,annoyance|disappointment|disapproval|excitement|fear|sadness|surprise|neutral
4806,27,neutral,2|4|9|27,anger|approval|disappointment|neutral
4807,0,admiration,0|4|9|18|27,admiration|approval|disappointment|love|neutral
4808,27,neutral,0|1|2|7|9|15|18|20,admiration|amusement|anger|curiosity|disappointment|gratitude|love|optimism
4809,27,neutral,6|10|14|17|20|25,confusion|disapproval|fear|joy|optimism|sadness
4810,20,optimism,3|6|15|18|27,annoyance|confusion|gratitude|love|neutral
4811,4,approval,7|8|10|15|20|22|27,curiosity|desire|disapproval|gratitude|optimism|realization|neutral
4812,27,neutral,0|2|7|9|10|13|15|25,admiration|anger|curiosity|disappointment|disapproval|excitement|gratitude|sadness
4813,26,surprise,0|3|7|15|18,admiration|annoyance|curiosity|gratitude|love
4814,1,amusement,4|7|27,approval|curiosity|neutral
4815,10,disapproval,2|4|15|17|20|22|25,anger|approval|gratitude|joy|optimism|realization|sadness
4816,1,amusement,0|1|4|8|9|18|20|27,admiration|amusement|approval|desire|disappointment|love|optimism|neutral
4817,10,disapproval,1|5|6|7|10|15|20|25|27,amusement|caring|confusion|curiosity|disapproval|gratitude|optimism|sadness|neutral
4818,26,surprise,0|1|3|4|13|17|20|26,admiration|amusement|annoyance|approval|excitement|joy|optimism|surprise
4819,13,excitement,0|2|5|8|10|11|22|27,admiration|anger|caring|desire|disapproval|disgust|realization|neutral
4820,3,annoyance,0|2|3|15|20|24|26,admiration|anger|annoyance|gratitude|optimism|remorse|surprise
4821,1|9,amusement|disappointment,0|3|4|8|9|13|22|25|27,admiration|annoyance|approval|desire|disappointment|excitement|realization|sadness|neutral
4822,27,neutral,2|7|14|15|20,anger|curiosity|fear|gratitude|optimism
4823,20,optimism,0|1|10|13|17|18|20|26,admiration|amusement|disapproval|excitement|joy|love|optimism|surprise
4824,27,neutral,9|10|14|27,disappointment|disapproval|fear|neutral
4825,18,love,0|1|5|6|9|10|12|15|17|18|26,admiration|amusement|caring|confusion|disappointment|disapproval|embarrassment|gratitude|joy|love|surprise
4826,27,neutral,1|3|10|18|22|26,amusement|annoyance|disapproval|love|realization|surprise
4827,7,curiosity,8|11|17|18|27,desire|disgust|joy|love|neutral
4828,10,disapproval,4|5|6|8|10|27,approval|caring|confusion|desire|disapproval|neutral
4829,27,neutral,5|17|25,caring|joy|sadness
4830,27,neutral,13|14|15|18,excitement|fear|gratitude|love
4831,27,neutral,3|6|10|12|15|18|26|27,annoyance|confusion|disapproval|embarrassment|gratitude|love|surprise|neutral
4832,27,neutral,8|18|23|27,desire|love|relief|neutral
4833,27,neutral,4|7|9|15|18|25,approval|curiosity|disappointment|gratitude|love|sadness
4834,0,admiration,2|3|5|7|13|23|25|26|27,anger|annoyance|caring|curiosity|excitement|relief|sadness|surprise|neutral
4835,3,annoyance,0|1|4|10|13,admiration|amusement|approval|disapproval|excitement
4836,4,approval,1|2|7|9|10|11|18|27,amusement|anger|curiosity|disappointment|disapproval|disgust|love|neutral
4837,27,neutral,2|4|5|9|18|20|22|24|27,anger|approval|caring|disappointment|love|optimism|realization|remorse|neutral
4838,4|17,approval|joy,5|6|9|18|20|22|26,caring|confusion|disappointment|love|optimism|realization|surprise
4839,27,neutral,4|5|6|7|10|15|17|18|20|24|26,approval|caring|confusion|curiosity|disapproval|gratitude|joy|love|optimism|remorse|surprise
4840,27,neutral,4|6|9|10|11|15|17|25|27,approval|confusion|disappointment|disapproval|disgust|gratitude|joy|sadness|neutral
4841,10,disapproval,0|1|2|3|6|9|10|11|26|27,admiration|amusement|anger|annoyance|confusion|disappointment|disapproval|disgust|surprise|neutral
4842,13,excitement,0|1|4|5|7|13|27,admiration|amusement|approval|caring|curiosity|excitement|neutral
4843,27,neutral,4|10,approval|disapproval
4844,2|3,anger|annoyance,0|10|15|27,admiration|disapproval|gratitude|neutral
4845,27,neutral,3|5|7|13|18|20,annoyance|caring|curiosity|excitement|love|optimism
4846,27,neutral,0|1|6|8|15|26,admiration|amusement|confusion|desire|gratitude|surprise
4847,0|15,admiration|gratitude,0|4|5|9|13|14|25,admiration|approval|caring|disappointment|excitement|fear|sadness
4848,27,neutral,2|5|14|15|20|27,anger|caring|fear|gratitude|optimism|neutral
4849,27,neutral,4|9|10|13|18,approval|disappointment|disapproval|excitement|love
4850,5,caring,1|4|5|7|15|25|26|27,amusement|approval|caring|curiosity|gratitude|sadness|surprise|neutral
4851,10,disapproval,1|4|8|11|17|24|25|27,amusement|approval|desire|disgust|joy|remorse|sadness|neutral
4852,0,admiration,0|2|3|5|7|27,admiration|anger|annoyance|caring|curiosity|neutral
4853,22,realization,0|2|5|6|15,admiration|anger|caring|confusion|gratitude
4854,27,neutral,0|5|14|15|20|27,admiration|caring|fear|gratitude|optimism|neutral
4855,18|27,love|neutral,1|3|5|27,amusement|annoyance|caring|neutral
4856,27,neutral,0|6|9,admiration|confusion|disappointment
4857,18,love,1|2|4|7|10|13|14|18|20,amusement|anger|approval|curiosity|disapproval|excitement|fear|love|optimism
4858,6|22,confusion|realization,0|5|6|7|11|12|13|17|27,admiration|caring|confusion|curiosity|disgust|embarrassment|excitement|joy|neutral
4859,4,approval,2|3|4|6|11,anger|annoyance|approval|confusion|disgust
4860,0,admiration,7|17|18|22|26,curiosity|joy|love|realization|surprise
4861,1,amusement,0|4|6|7|9|11|15|22|23|27,admiration|approval|confusion|curiosity|disappointment|disgust|gratitude|realization|relief|neutral
4862,25,sadness,2|3|10|18|24|27,anger|annoyance|disapproval|love|remorse|neutral
4863,23,relief,0|1|4|13|14|15|25|27,admiration|amusement|approval|excitement|fear|gratitude|sadness|neutral
4864,9|22,disappointment|realization,0|1|2|5|8|15|17|18|24,admiration|amusement|anger|caring|desire|gratitude|joy|love|remorse
4865,0,admiration,0|2|3|7|13|27,admiration|anger|annoyance|curiosity|excitement|neutral
4866,1,amusement,3|6|12|13|15|18,annoyance|confusion|embarrassment|excitement|gratitude|love
4867,14,fear,0|9|11|15|24|25|26,admiration|disappointment|disgust|gratitude|remorse|sadness|surprise
4868,3,annoyance,0|1|3|6|7|11|18|20|22,admiration|amusement|annoyance|confusion|curiosity|disgust|love|optimism|realization
4869,4,approval,7|8|11|13|20|22|24|25,curiosity|desire|disgust|excitement|optimism|realization|remorse|sadness
4870,3,annoyance,2|5|12|15,anger|caring|embarrassment|gratitude
4871,7,curiosity,4|6|10|25|27,approval|confusion|disapproval|sadness|neutral
4872,26,surprise,1|2|3|7|13|18|20|22|24|27,amusement|anger|annoyance|curiosity|excitement|love|optimism|realization|remorse|neutral
4873,10,disapproval,1|7|10|15|17|25|27,amusement|curiosity|disapproval|gratitude|joy|sadness|neutral
4874,0|14,admiration|fear,3|4|6|10|12|22|26|27,annoyance|approval|confusion|disapproval|embarrassment|realization|surprise|neutral
4875,27,neutral,0|3|4|6|15,admiration|annoyance|approval|confusion|gratitude
4876,2,anger,0|6|7|9|11|17|20|25,admiration|confusion|curiosity|disappointment|disgust|joy|optimism|sadness
4877,11,disgust,0|3|7|8|9|10|15|17|27,admiration|annoyance|curiosity|desire|disappointment|disapproval|gratitude|joy|neutral
4878,22,realization,0|1|3|6|7|20|22|26,admiration|amusement|annoyance|confusion|curiosity|optimism|realization|surprise
4879,0,admiration,10|26|27,disapproval|surprise|neutral
4880,27,neutral,1|4|7|8|13|18|25|26,amusement|approval|curiosity|desire|excitement|love|sadness|surprise
4881,5|18,caring|love,4|5|8|15,approval|caring|desire|gratitude
4882,2|7,anger|curiosity,0|2|3|4|6|7|10|11|25,admiration|anger|annoyance|approval|confusion|curiosity|disapproval|disgust|sadness
4883,27,neutral,2|4|15,anger|approval|gratitude
4884,27,neutral,3|4|6|9|10|15|18|27,annoyance|approval|confusion|disappointment|disapproval|gratitude|love|neutral
4885,27,neutral,2|7|11|20|22|25|27,anger|curiosity|disgust|optimism|realization|sadness|neutral
4886,18,love,0|2|5|13|17|18|27,admiration|anger|caring|excitement|joy|love|neutral
4887,1,amusement,0|2|12|15|22|27,admiration|anger|embarrassment|gratitude|realization|neutral
4888,0,admiration,2|3|7|22|25,anger|annoyance|curiosity|realization|sadness
4889,10,disapproval,5|11|27,caring|disgust|neutral
4890,3,annoyance,1|2|3|6|11|14|15|26|27,amusement|anger|annoyance|confusion|disgust|fear|gratitude|surprise|neutral
4891,1,amusement,2|5|10|13|17|27,anger|caring|disapproval|excitement|joy|neutral
4892,20,optimism,1|2|6|7|10|13|22|27,amusement|anger|confusion|curiosity|disapproval|excitement|realization|neutral
4893,27,neutral,1|4|6|10|22|23,amusement|approval|confusion|disapproval|realization|relief
4894,27,neutral,0|3|6|9|10|13|17|19|20|27,admiration|annoyance|confusion|disappointment|disapproval|excitement|joy|nervousness|optimism|neutral
4895,27,neutral,4|13|15|27,approval|excitement|gratitude|neutral
4896,27,neutral,4|5|6|14|17|18|23|27,approval|caring|confusion|fear|joy|love|relief|neutral
4897,27,neutral,0|4|11|15|18|26,admiration|approval|disgust|gratitude|love|surprise
4898,27,neutral,4|5|10|13|25|27,approval|caring|disapproval|excitement|sadness|neutral
4899,4,approval,0|2|5|6|8|10|18|22|27,admiration|anger|caring|confusion|desire|disapproval|love|realization|neutral
4900,27,neutral,0|1|3|6|13|22|27,admiration|amusement|annoyance|confusion|excitement|realization|neutral
4901,27,neutral,1|3|14|22|27,amusement|annoyance|fear|realization|neutral
4902,10,disapproval,0|11|27,admiration|disgust|neutral
4903,27,neutral,2|3|4|7|9|10|14|20,anger|annoyance|approval|curiosity|disappointment|disapproval|fear|optimism
4904,1|6,amusement|confusion,4|15|17|26|27,approval|gratitude|joy|surprise|neutral
4905,27,neutral,0|1|27,admiration|amusement|neutral
4906,0,admiration,2|7|9|20|27,anger|curiosity|disappointment|optimism|neutral
4907,4,approval,0|1|2|5|6|10|13|15|20,admiration|amusement|anger|caring|confusion|disapproval|excitement|gratitude|optimism
4908,9,disappointment,7|9|14|18,curiosity|disappointment|fear|love
4909,27,neutral,4|7|11|20|25|26,approval|curiosity|disgust|optimism|sadness|surprise
4910,27,neutral,0|8|9|24|27,admiration|desire|disappointment|remorse|neutral
4911,1|15,amusement|gratitude,1|2|6|7|9|13|18|20|25|26,amusement|anger|confusion|curiosity|disappointment|excitement|love|optimism|sadness|surprise
4912,3|9,annoyance|disappointment,4|6|7|8|10|22|25,approval|confusion|curiosity|desire|disapproval|realization|sadness
4913,2|3,anger|annoyance,5|7|10|15|20|21|24,caring|curiosity|disapproval|gratitude|optimism|pride|remorse
4914,27,neutral,0|1|3|4|6|9|17|19,admiration|amusement|annoyance|approval|confusion|disappointment|joy|nervousness
4915,2,anger,0|3|7|8|9|15,admiration|annoyance|curiosity|desire|disappointment|gratitude
4916,0|15,admiration|gratitude,3|6|7|9|18|25|27,annoyance|confusion|curiosity|disappointment|love|sadness|neutral
4917,11|18,disgust|love,2|3|5|9|14|15|25,anger|annoyance|caring|disappointment|fear|gratitude|sadness
4918,18,love,4|7|10|27,approval|curiosity|disapproval|neutral
4919,7,curiosity,17,joy
4920,9,disappointment,4|8|13|18|20|25,approval|desire|excitement|love|optimism|sadness
4921,27,neutral,2|15|18|25|27,anger|gratitude|love|sadness|neutral
4922,0,admiration,0|1|2|3|5|10|11|26|27,admiration|amusement|anger|annoyance|caring|disapproval|disgust|surprise|neutral
4923,27,neutral,1|2|7|22,amusement|anger|curiosity|realization
4924,4|27,approval|neutral,0|2|3|9|14|15|18|26|27,admiration|anger|annoyance|disappointment|fear|gratitude|love|surprise|neutral
4925,9|27,disappointment|neutral,0|4|10|20|22|25|27,admiration|approval|disapproval|optimism|realization|sadness|neutral
4926,14|19,fear|nervousness,4|11|25|26|27,approval|disgust|sadness|surprise|neutral
4927,4,approval,12|13|18|22|25,embarrassment|excitement|love|realization|sadness
4928,20,optimism,3|5|7|10|13|14|27,annoyance|caring|curiosity|disapproval|excitement|fear|neutral
4929,3|9,annoyance|disappointment,3|15|22|24|26,annoyance|gratitude|realization|remorse|surprise
4930,27,neutral,1|3|5|9|12|13|14|15|18|20,amusement|annoyance|caring|disappointment|embarrassment|excitement|fear|gratitude|love|optimism
4931,27,neutral,3|4|5|17|25,annoyance|approval|caring|joy|sadness
4932,1|4,amusement|approval,0|2|4|10|22|25,admiration|anger|approval|disapproval|realization|sadness
4933,22,realization,1|3|5|17|22|27,amusement|annoyance|caring|joy|realization|neutral
4934,10,disapproval,0|2|3|10|18|27,admiration|anger|annoyance|disapproval|love|neutral
4935,10,disapproval,5|10|11|14|26|27,caring|disapproval|disgust|fear|surprise|neutral
4936,0|18,admiration|love,1|2|3|5|9|13|14|27,amusement|anger|annoyance|caring|disappointment|excitement|fear|neutral
4937,0,admiration,18|22|26|27,love|realization|surprise|neutral
4938,18,love,3|5|6|9,annoyance|caring|confusion|disappointment
4939,4,approval,0|4|6|8|9|20|22|25,admiration|approval|confusion|desire|disappointment|optimism|realization|sadness
4940,27,neutral,5|9|17|25|26|27,caring|disappointment|joy|sadness|surprise|neutral
4941,0,admiration,0|2|3|6|27,admiration|anger|annoyance|confusion|neutral
4942,0,admiration,0|1|4|5|8|17|24,admiration|amusement|approval|caring|desire|joy|remorse
4943,1,amusement,0|4|9|10|14|20,admiration|approval|disappointment|disapproval|fear|optimism
4944,15,gratitude,0|2|7|8|10|14|15,admiration|anger|curiosity|desire|disapproval|fear|gratitude
4945,27,neutral,0|7|9|10|18|20,admiration|curiosity|disappointment|disapproval|love|optimism
4946,1|6,amusement|confusion,3|4|13|15|18,annoyance|approval|excitement|gratitude|love
4947,20,optimism,2|7|8|18|20|27,anger|curiosity|desire|love|optimism|neutral
4948,7,curiosity,1|10|17|18|27,amusement|disapproval|joy|love|neutral
4949,15,gratitude,0|2|4|15|17|27,admiration|anger|approval|gratitude|joy|neutral
4950,27,neutral,0|3|9|11|15|18|22|25|27,admiration|annoyance|disappointment|disgust|gratitude|love|realization|sadness|neutral
4951,4,approval,1|11|17|22|27,amusement|disgust|joy|realization|neutral
4952,13|20,excitement|optimism,0|1|2|6|17|27,admiration|amusement|anger|confusion|joy|neutral
4953,22,realization,3|8|9|10|11|18|27,annoyance|desire|disappointment|disapproval|disgust|love|neutral
4954,27,neutral,0|2|7|23|26|27,admiration|anger|curiosity|relief|surprise|neutral
4955,8,desire,3|6|13|15|18|20|26,annoyance|confusion|excitement|gratitude|love|optimism|surprise
4956,2,anger,5|6|9|10|20|27,caring|confusion|disappointment|disapproval|optimism|neutral
4957,5,caring,4|7|9|13|20|25|26,approval|curiosity|disappointment|excitement|optimism|sadness|surprise
4958,1|18,amusement|love,0|14,admiration|fear
4959,5|18,caring|love,0|1|8|17|25|27,admiration|amusement|desire|joy|sadness|neutral
4960,27,neutral,0|7|17|18|20,admiration|curiosity|joy|love|optimism
4961,5|18,caring|love,4|11|15|18|25,approval|disgust|gratitude|love|sadness
4962,17,joy,1|2|9|20|22|27,amusement|anger|disappointment|optimism|realization|neutral
4963,0,admiration,1|2|7|15|18|25|27,amusement|anger|curiosity|gratitude|love|sadness|neutral
4964,0|25,admiration|sadness,1|3|4|6|7|9|13|20,amusement|annoyance|approval|confusion|curiosity|disappointment|excitement|optimism
4965,0|15,admiration|gratitude,4|6|8|11|22|25|26|27,approval|confusion|desire|disgust|realization|sadness|surprise|neutral
4966,20,optimism,0|3|6|7|20|25,admiration|annoyance|confusion|curiosity|optimism|sadness
4967,4,approval,2|6|7|10|11|15|20|25|27,anger|confusion|curiosity|disapproval|disgust|gratitude|optimism|sadness|neutral
4968,27,neutral,7|10|17|26|27,curiosity|disapproval|joy|surprise|neutral
4969,27,neutral,0|2|3|27,admiration|anger|annoyance|neutral
4970,22,realization,3|6|14|15|18|20|22|27,annoyance|confusion|fear|gratitude|love|optimism|realization|neutral
4971,27,neutral,4|14|26|27,approval|fear|surprise|neutral
4972,20,optimism,7|15|20|21|25,curiosity|gratitude|optimism|pride|sadness
4973,0,admiration,1|2|9|10|20|23,amusement|anger|disappointment|disapproval|optimism|relief
4974,1|17,amusement|joy,1|2|3|4|6|11|20|26,amusement|anger|annoyance|approval|confusion|disgust|optimism|surprise
4975,3,annoyance,0|4|5|6|7|15,admiration|approval|caring|confusion|curiosity|gratitude
4976,1|15,amusement|gratitude,3|4|10|17|18|20|22|24,annoyance|approval|disapproval|joy|love|optimism|realization|remorse
4977,11,disgust,3|7|10|18|27,annoyance|curiosity|disapproval|love|neutral
4978,0,admiration,0|1|7|9|10|13|14,admiration|amusement|curiosity|disappointment|disapproval|excitement|fear
4979,27,neutral,5|8|9|14|26,caring|desire|disappointment|fear|surprise
4980,2|11,anger|disgust,0|2|18|27,admiration|anger|love|neutral
4981,13,excitement,0|2|3|5|20,admiration|anger|annoyance|caring|optimism
4982,11,disgust,0|1|2|11|13|17|18|27,admiration|amusement|anger|disgust|excitement|joy|love|neutral
4983,4,approval,3|6|7|9|17|18,annoyance|confusion|curiosity|disappointment|joy|love
4984,6,confusion,2|10|11|14|15|18|20,anger|disapproval|disgust|fear|gratitude|love|optimism
4985,4,approval,1|7|10|15|18,amusement|curiosity|disapproval|gratitude|love
4986,15,gratitude,0|1|3|7|18|22,admiration|amusement|annoyance|curiosity|love|realization
4987,7,curiosity,0|4|11|15|17|22|24,admiration|approval|disgust|gratitude|joy|realization|remorse
4988,20,optimism,0|2|3|4|5|7|18,admiration|anger|annoyance|approval|caring|curiosity|love
4989,27,neutral,1|3|10|20|21,amusement|annoyance|disapproval|optimism|pride
4990,13|18,excitement|love,5|7|10|11|22|25|26,caring|curiosity|disapproval|disgust|realization|sadness|surprise
4991,17,joy,0|3|6|9|10|11|14|22|24|26,admiration|annoyance|confusion|disappointment|disapproval|disgust|fear|realization|remorse|surprise
4992,1|10,amusement|disapproval,13|17|18|20|25|27,excitement|joy|love|optimism|sadness|neutral
4993,10,disapproval,21|22|27,pride|realization|neutral
4994,18,love,3|9|10|18|22|27,annoyance|disappointment|disapproval|love|realization|neutral
4995,27,neutral,0|2|4|9|17,admiration|anger|approval|disappointment|joy
4996,9|10,disappointment|disapproval,1|2|17|18|20|25,amusement|anger|joy|love|optimism|sadness
4997,27,neutral,10|11|15|22,disapproval|disgust|gratitude|realization
4998,27,neutral,7|14|20|27,curiosity|fear|optimism|neutral
4999,7,curiosity,1|3|9|18|20,amusement|annoyance|disappointment|love|optimism
5000,10,disapproval,0|1|2|3|5|10|17|20|27,admiration|amusement|anger|annoyance|caring|disapproval|joy|optimism|neutral
5001,4,approval,3|6|10|27,annoyance|confusion|disapproval|neutral
5002,27,neutral,4|6|14|15|20,approval|confusion|fear|gratitude|optimism
5003,25,sadness,0|2|4|5|9|13|26|27,admiration|anger|approval|caring|disappointment|excitement|surprise|neutral
5004,1,amusement,10|13|15,disapproval|excitement|gratitude
5005,10,disapproval,0|1|2|3|7|14|17|18|22|27,admiration|amusement|anger|annoyance|curiosity|fear|joy|love|realization|neutral
5006,27,neutral,2|10|17|24,anger|disapproval|joy|remorse
5007,27,neutral,2|3|4|13|15|27,anger|annoyance|approval|excitement|gratitude|neutral
5008,13,excitement,3|6|7|10|15|18|27,annoyance|confusion|curiosity|disapproval|gratitude|love|neutral
5009,27,neutral,2|3|7|9|11|14|15,anger|annoyance|curiosity|disappointment|disgust|fear|gratitude
5010,18,love,0|1|5|10|26|27,admiration|amusement|caring|disapproval|surprise|neutral
5011,1,amusement,2|4|9|20|22|26|27,anger|approval|disappointment|optimism|realization|surprise|neutral
5012,27,neutral,3|18|22|25|27,annoyance|love|realization|sadness|neutral
5013,20,optimism,1|3|4|6|7|10|13|21|27,amusement|annoyance|approval|confusion|curiosity|disapproval|excitement|pride|neutral
5014,27,neutral,2|4|5|10|17|20|27,anger|approval|caring|disapproval|joy|optimism|neutral
5015,2|3,anger|annoyance,4|5|6|27,approval|caring|confusion|neutral
5016,27,neutral,4|5|6|13|15|17|18|25,approval|caring|confusion|excitement|gratitude|joy|love|sadness
5017,10,disapproval,2|3|13|17|20|22|26,anger|annoyance|excitement|joy|optimism|realization|surprise
5018,4|5,approval|caring,3|5|8|9|10|25,annoyance|caring|desire|disappointment|disapproval|sadness
5019,27,neutral,2|8|20|22|25|27,anger|desire|optimism|realization|sadness|neutral
5020,20,optimism,0|1|2|3|7|27,admiration|amusement|anger|annoyance|curiosity|neutral
5021,0,admiration,3|4|10|11|17|27,annoyance|approval|disapproval|disgust|joy|neutral
5022,0|4,admiration|approval,1|2|3|4|17|18|22|26,amusement|anger|annoyance|approval|joy|love|realization|surprise
5023,10,disapproval,12|15|20|27,embarrassment|gratitude|optimism|neutral
5024,0,admiration,0|1|2|3|4|6|7|26,admiration|amusement|anger|annoyance|approval|confusion|curiosity|surprise
5025,27,neutral,4|10|18|20|22,approval|disapproval|love|optimism|realization
5026,27,neutral,3|6|7|11|13|17|18|24|27,annoyance|confusion|curiosity|disgust|excitement|joy|love|remorse|neutral
5027,27,neutral,1|7|10|15|22|25,amusement|curiosity|disapproval|gratitude|realization|sadness
5028,2,anger,1|2|3|5|15|25,amusement|anger|annoyance|caring|gratitude|sadness
5029,17,joy,0|5|25|27,admiration|caring|sadness|neutral
5030,27,neutral,7|18,curiosity|love
5031,27,neutral,2|3|7|10|17|18|25|26,anger|annoyance|curiosity|disapproval|joy|love|sadness|surprise
5032,15,gratitude,0|2|3|6|9|10|17,admiration|anger|annoyance|confusion|disappointment|disapproval|joy
5033,6|27,confusion|neutral,4|6|9|18|20|27,approval|confusion|disappointment|love|optimism|neutral
5034,2|3,anger|annoyance,1|2|3|6|7|9|10|22,amusement|anger|annoyance|confusion|curiosity|disappointment|disapproval|realization
5035,6,confusion,3|4|6|9|10|17|18|22,annoyance|approval|confusion|disappointment|disapproval|joy|love|realization
5036,2|27,anger|neutral,0|2|6|7|8|27,admiration|anger|confusion|curiosity|desire|neutral
5037,11,disgust,3|7|9|15|26,annoyance|curiosity|disappointment|gratitude|surprise
5038,5,caring,0|1|6|7|17|22,admiration|amusement|confusion|curiosity|joy|realization
5039,27,neutral,7|10|13|14|20|22|27,curiosity|disapproval|excitement|fear|optimism|realization|neutral
5040,15,gratitude,2|3|4|8|18|25|27,anger|annoyance|approval|desire|love|sadness|neutral
5041,4,approval,4|7|11|15,approval|curiosity|disgust|gratitude
5042,27,neutral,0|1|4|5|15|22,admiration|amusement|approval|caring|gratitude|realization
5043,0,admiration,1|11|15|20|24|27,amusement|disgust|gratitude|optimism|remorse|neutral
5044,7,curiosity,5|7|8|11|15|18|26,caring|curiosity|desire|disgust|gratitude|love|surprise
5045,0,admiration,9|10|11|17|20|22|27,disappointment|disapproval|disgust|joy|optimism|realization|neutral
5046,2,anger,0|3|4|5|6,admiration|annoyance|approval|caring|confusion
5047,27,neutral,0|1|3|15|20|22|26,admiration|amusement|annoyance|gratitude|optimism|realization|surprise
5048,1,amusement,4|10|11|12|15|22|27,approval|disapproval|disgust|embarrassment|gratitude|realization|neutral
5049,27,neutral,0|2|3|4|7|13|27,admiration|anger|annoyance|approval|curiosity|excitement|neutral
5050,10,disapproval,0|3|7|20|23,admiration|annoyance|curiosity|optimism|relief
5051,18,love,3|4|17|24|25,annoyance|approval|joy|remorse|sadness
5052,27,neutral,0|4|7|13|15|17|20,admiration|approval|curiosity|excitement|gratitude|joy|optimism
5053,15,gratitude,4|6|9|11|15|18,approval|confusion|disappointment|disgust|gratitude|love
5054,27,neutral,1|2|7|27,amusement|anger|curiosity|neutral
5055,9,disappointment,2|6|7|8|10|26|27,anger|confusion|curiosity|desire|disapproval|surprise|neutral
5056,15,gratitude,0|1|5|10|13|17|25,admiration|amusement|caring|disapproval|excitement|joy|sadness
5057,27,neutral,0|1|3|4|10|17|20,admiration|amusement|annoyance|approval|disapproval|joy|optimism
5058,18,love,4|22|27,approval|realization|neutral
5059,26,surprise,0|1|10|13|17|20|25|26,admiration|amusement|disapproval|excitement|joy|optimism|sadness|surprise
5060,20,optimism,0|1|4|6|10|13|15,admiration|amusement|approval|confusion|disapproval|excitement|gratitude
5061,27,neutral,13|14|15|17|24|27,excitement|fear|gratitude|joy|remorse|neutral
5062,27,neutral,0|3|14|15|25,admiration|annoyance|fear|gratitude|sadness
5063,15,gratitude,0|10|25|26|27,admiration|disapproval|sadness|surprise|neutral
5064,27,neutral,3|6|15|19|27,annoyance|confusion|gratitude|nervousness|neutral
5065,11,disgust,0|2|5|13|14|17|18|20|26,admiration|anger|caring|excitement|fear|joy|love|optimism|surprise
5066,27,neutral,0|7|10|18|22|27,admiration|curiosity|disapproval|love|realization|neutral
5067,26,surprise,1|3|5|8|17|18,amusement|annoyance|caring|desire|joy|love
5068,18,love,1|3|5|7|9|14|15|22|25,amusement|annoyance|caring|curiosity|disappointment|fear|gratitude|realization|sadness
5069,7,curiosity,1|9|10|14|15|20|22,amusement|disappointment|disapproval|fear|gratitude|optimism|realization
5070,4|27,approval|neutral,4|6|17|18,approval|confusion|joy|love
5071,27,neutral,0|3|5|6|7|10|13|27,admiration|annoyance|caring|confusion|curiosity|disapproval|excitement|neutral
5072,17,joy,0|1|3|4|5|6|7,admiration|amusement|annoyance|approval|caring|confusion|curiosity
5073,15,gratitude,0|4|5|9|18|25,admiration|approval|caring|disappointment|love|sadness
5074,4,approval,11|15|18|26|27,disgust|gratitude|love|surprise|neutral
5075,20,optimism,0|1|2|17|25,admiration|amusement|anger|joy|sadness
5076,25,sadness,1|3|6|7|17|22|25|26,amusement|annoyance|confusion|curiosity|joy|realization|sadness|surprise
5077,3|10,annoyance|disapproval,0|1|4|5|18|25|27,admiration|amusement|approval|caring|love|sadness|neutral
5078,10,disapproval,5|17|20|27,caring|joy|optimism|neutral
5079,6,confusion,0|4|7|8|10|11|15|18|20|27,admiration|approval|curiosity|desire|disapproval|disgust|gratitude|love|optimism|neutral
5080,27,neutral,3|5|8|10|14|25|27,annoyance|caring|desire|disapproval|fear|sadness|neutral
5081,27,neutral,1|7|22|26,amusement|curiosity|realization|surprise
5082,13,excitement,9|10|18|22|26|27,disappointment|disapproval|love|realization|surprise|neutral
5083,18,love,7|9|11|15,curiosity|disappointment|disgust|gratitude
5084,10,disapproval,1|6|7|10|17|20|25|27,amusement|confusion|curiosity|disapproval|joy|optimism|sadness|neutral
5085,7|27,curiosity|neutral,0|14|17|27,admiration|fear|joy|neutral
5086,15,gratitude,0|8|9|25|27,admiration|desire|disappointment|sadness|neutral
5087,3|27,annoyance|neutral,1|2|4|10|20|22,amusement|anger|approval|disapproval|optimism|realization
5088,27,neutral,2|11|15|18|20|25|27,anger|disgust|gratitude|love|optimism|sadness|neutral
5089,15,gratitude,0|6|7|9|11|15|17|27,admiration|confusion|curiosity|disappointment|disgust|gratitude|joy|neutral
5090,27,neutral,1|4|10|20|27,amusement|approval|disapproval|optimism|neutral
5091,27,neutral,0|2|14|15|18|20|25,admiration|anger|fear|gratitude|love|optimism|sadness
5092,3,annoyance,0|2|5|6|14|17|18,admiration|anger|caring|confusion|fear|joy|love
5093,10,disapproval,0|1|4|13|27,admiration|amusement|approval|excitement|neutral
5094,6,confusion,1|2|3|4|6|15|18,amusement|anger|annoyance|approval|confusion|gratitude|love
5095,27,neutral,3|4|27,annoyance|approval|neutral
5096,2|9,anger|disappointment,0|1|3|5|6|7|17|27,admiration|amusement|annoyance|caring|confusion|curiosity|joy|neutral
5097,17,joy,0|3|5|9|11|13|18,admiration|annoyance|caring|disappointment|disgust|excitement|love
5098,27,neutral,3|6|8|9|15|17|18|22,annoyance|confusion|desire|disappointment|gratitude|joy|love|realization
5099,18,love,4|17,approval|joy
5100,4,approval,0|2|3|5|6|7|20|25|27,admiration|anger|annoyance|caring|confusion|curiosity|optimism|sadness|neutral
5101,1,amusement,0|1|4|15|18|20|26,admiration|amusement|approval|gratitude|love|optimism|surprise
5102,27,neutral,2|4|10|17,anger|approval|disapproval|joy
5103,27,neutral,0|1|2|3|6|7|24|27,admiration|amusement|anger|annoyance|confusion|curiosity|remorse|neutral
5104,0,admiration,0|1|3|4|10|13|18,admiration|amusement|annoyance|approval|disapproval|excitement|love
5105,7,curiosity,0|1|6|9|17|27,admiration|amusement|confusion|disappointment|joy|neutral
5106,27,neutral,1|3|5|7|18,amusement|annoyance|caring|curiosity|love
5107,3,annoyance,4|6|7|18|27,approval|confusion|curiosity|love|neutral
5108,27,neutral,1|3|5|9|13|20|23,amusement|annoyance|caring|disappointment|excitement|optimism|relief
5109,1,amusement,0|2|6|14|15|18|20|27,admiration|anger|confusion|fear|gratitude|love|optimism|neutral
5110,15,gratitude,9|13|15|17|18|20|22|25,disappointment|excitement|gratitude|joy|love|optimism|realization|sadness
5111,0,admiration,0|2|7|11|15|20|25,admiration|anger|curiosity|disgust|gratitude|optimism|sadness
5112,27,neutral,1|3|5|11|17|18,amusement|annoyance|caring|disgust|joy|love
5113,11|14,disgust|fear,0|2|3|4|6,admiration|anger|annoyance|approval|confusion
5114,6,confusion,0|3|5|8|15|20|26,admiration|annoyance|caring|desire|gratitude|optimism|surprise
5115,14,fear,1|2|6|7|20|27,amusement|anger|confusion|curiosity|optimism|neutral
5116,2,anger,0|1|2|3|5|10|11|25,admiration|amusement|anger|annoyance|caring|disapproval|disgust|sadness
5117,4,approval,0|1|4|6|7|9|13|14|18,admiration|amusement|approval|confusion|curiosity|disappointment|excitement|fear|love
5118,17,joy,2|4|5|6|7|12|14|17|18,anger|approval|caring|confusion|curiosity|embarrassment|fear|joy|love
5119,27,neutral,0|2|5|6|7|8|15|17|18|20,admiration|anger|caring|confusion|curiosity|desire|gratitude|joy|love|optimism
5120,9,disappointment,3|7|8|9|17,annoyance|curiosity|desire|disappointment|joy
5121,10,disapproval,1|2|3|5|6|9|13|18|20|22,amusement|anger|annoyance|caring|confusion|disappointment|excitement|love|optimism|realization
5122,27,neutral,1|2|3|5|6|11|18|27,amusement|anger|annoyance|caring|confusion|disgust|love|neutral
5123,0|15,admiration|gratitude,5|6|10|11|18|26|27,caring|confusion|disapproval|disgust|love|surprise|neutral
5124,0|1,admiration|amusement,1|2|3|4|11|27,amusement|anger|annoyance|approval|disgust|neutral
5125,9,disappointment,1|3|7|20|25|27,amusement|annoyance|curiosity|optimism|sadness|neutral
5126,0,admiration,0|6|9|10|11|14|17|18|22|25|27,admiration|confusion|disappointment|disapproval|disgust|fear|joy|love|realization|sadness|neutral
5127,8,desire,1|3|5|6|7|8|9|10|15|17|20|22|24|25,amusement|annoyance|caring|confusion|curiosity|desire|disappointment|disapproval|gratitude|joy|optimism|realization|remorse|sadness
5128,2,anger,0|3|6|7,admiration|annoyance|confusion|curiosity
5129,0,admiration,1|4|6|20|22|27,amusement|approval|confusion|optimism|realization|neutral
5130,27,neutral,2|3|5|7|10|13|15|20|22|24|26,anger|annoyance|caring|curiosity|disapproval|excitement|gratitude|optimism|realization|remorse|surprise
5131,27,neutral,1|4|11|20|22,amusement|approval|disgust|optimism|realization
5132,27,neutral,1|3|4|5|7|9|10|15|17|20|22|25,amusement|annoyance|approval|caring|curiosity|disappointment|disapproval|gratitude|joy|optimism|realization|sadness
5133,27,neutral,3|5|9|10|11|17|20|27,annoyance|caring|disappointment|disapproval|disgust|joy|optimism|neutral
5134,22,realization,6|8|10|14|17|22|25,confusion|desire|disapproval|fear|joy|realization|sadness
5135,10,disapproval,0|4|7|9|18|20|26|27,admiration|approval|curiosity|disappointment|love|optimism|surprise|neutral
5136,27,neutral,1|5|7|13|25,amusement|caring|curiosity|excitement|sadness
5137,27,neutral,1|9|10|13|15|18|27,amusement|disappointment|disapproval|excitement|gratitude|love|neutral
5138,27,neutral,0|1|2|4|9|18,admiration|amusement|anger|approval|disappointment|love
5139,27,neutral,4|7|10|11|17|25|27,approval|curiosity|disapproval|disgust|joy|sadness|neutral
5140,2,anger,0|2|3|7|18|27,admiration|anger|annoyance|curiosity|love|neutral
5141,0,admiration,1|7|9|15|27,amusement|curiosity|disappointment|gratitude|neutral
5142,22,realization,0|7|9|10|13|20|25,admiration|curiosity|disappointment|disapproval|excitement|optimism|sadness
5143,17,joy,0|6|11|20|25|27,admiration|confusion|disgust|optimism|sadness|neutral
5144,14|27,fear|neutral,0|2|3|4|7|11|17|24|27,admiration|anger|annoyance|approval|curiosity|disgust|joy|remorse|neutral
5145,3,annoyance,2|6|15|17,anger|confusion|gratitude|joy
5146,27,neutral,0|3|11|18|25|26,admiration|annoyance|disgust|love|sadness|surprise
5147,15,gratitude,8|17|20,desire|joy|optimism
5148,8,desire,1|4|10|12|15|27,amusement|approval|disapproval|embarrassment|gratitude|neutral
5149,27,neutral,1|6|11|24|27,amusement|confusion|disgust|remorse|neutral
5150,27,neutral,1|3|9|27,amusement|annoyance|disappointment|neutral
5151,0,admiration,1|2|3|15|27,amusement|anger|annoyance|gratitude|neutral
5152,1|15,amusement|gratitude,2|3|4|7|9|14|15|17|20|22|25,anger|annoyance|approval|curiosity|disappointment|fear|gratitude|joy|optimism|realization|sadness
5153,7,curiosity,4|5|13|20|22|25|27,approval|caring|excitement|optimism|realization|sadness|neutral
5154,11,disgust,0|1|2|4|5|6|7|15|22,admiration|amusement|anger|approval|caring|confusion|curiosity|gratitude|realization
5155,22,realization,2|3|6|7|10|22,anger|annoyance|confusion|curiosity|disapproval|realization
5156,27,neutral,1|4|8|9|11|15|18|26,amusement|approval|desire|disappointment|disgust|gratitude|love|surprise
5157,12,embarrassment,0|1|2|3|15|25|27,admiration|amusement|anger|annoyance|gratitude|sadness|neutral
5158,7,curiosity,3|4|5|8|9|14|15|18,annoyance|approval|caring|desire|disappointment|fear|gratitude|love
5159,21,pride,0|2|5|10|17|18|24|25,admiration|anger|caring|disapproval|joy|love|remorse|sadness
5160,20,optimism,4|5|6|10|22|26,approval|caring|confusion|disapproval|realization|surprise
5161,3|10,annoyance|disapproval,2|11|17|26,anger|disgust|joy|surprise
5162,3,annoyance,0|3|7|15|18|20,admiration|annoyance|curiosity|gratitude|love|optimism
5163,4,approval,1|14|18|26,amusement|fear|love|surprise
5164,7,curiosity,0|1|2|9|10|13|20|26,admiration|amusement|anger|disappointment|disapproval|excitement|optimism|surprise
5165,4,approval,0|1|3|7|8|9|15|22,admiration|amusement|annoyance|curiosity|desire|disappointment|gratitude|realization
5166,0,admiration,0|4|7|11|15|20|25|27,admiration|approval|curiosity|disgust|gratitude|optimism|sadness|neutral
5167,27,neutral,0|1|5|7|9|20|26,admiration|amusement|caring|curiosity|disappointment|optimism|surprise
5168,10,disapproval,1|7|8|13|16|23|24|25|27,amusement|curiosity|desire|excitement|grief|relief|remorse|sadness|neutral
5169,1|18,amusement|love,0|5|15|18|27,admiration|caring|gratitude|love|neutral
5170,27,neutral,0|2|5|6|7|9|14|17|18|22|25,admiration|anger|caring|confusion|curiosity|disappointment|fear|joy|love|realization|sadness
5171,15,gratitude,0|3|4|6|7|8|18|22|25,admiration|annoyance|approval|confusion|curiosity|desire|love|realization|sadness
5172,26,surprise,1|4|6|7|14|17|26,amusement|approval|confusion|curiosity|fear|joy|surprise
5173,27,neutral,10|15|25|26|27,disapproval|gratitude|sadness|surprise|neutral
5174,7,curiosity,0|1|4|5|7|18|20|22,admiration|amusement|approval|caring|curiosity|love|optimism|realization
5175,26,surprise,2|6|10|12|13|17|20|24|25|26,anger|confusion|disapproval|embarrassment|excitement|joy|optimism|remorse|sadness|surprise
5176,8,desire,0|2|3|6|7|13|15,admiration|anger|annoyance|confusion|curiosity|excitement|gratitude
5177,14,fear,0|7|11|17|18|20|22|25|26,admiration|curiosity|disgust|joy|love|optimism|realization|sadness|surprise
5178,27,neutral,0|5|10|15|25,admiration|caring|disapproval|gratitude|sadness
5179,0,admiration,0|2|7|9|11|13|14|17|27,admiration|anger|curiosity|disappointment|disgust|excitement|fear|joy|neutral
5180,1|17,amusement|joy,0|6|25|27,admiration|confusion|sadness|neutral
5181,17|23,joy|relief,0|14|15|22|25|26,admiration|fear|gratitude|realization|sadness|surprise
5182,27,neutral,1|3|4|9,amusement|annoyance|approval|disappointment
5183,27,neutral,5|6|7|8|20|24|27,caring|confusion|curiosity|desire|optimism|remorse|neutral
5184,7|27,curiosity|neutral,0|3|6|7|9|20,admiration|annoyance|confusion|curiosity|disappointment|optimism
5185,25,sadness,0|1|4|11|20|27,admiration|amusement|approval|disgust|optimism|neutral
5186,27,neutral,1|2|3|20|27,amusement|anger|annoyance|optimism|neutral
5187,15,gratitude,0|3|4|7|8|9|27,admiration|annoyance|approval|curiosity|desire|disappointment|neutral
5188,27,neutral,1|3|14|20|24,amusement|annoyance|fear|optimism|remorse
5189,27,neutral,1|3|7|8|9|13|20|22,amusement|annoyance|curiosity|desire|disappointment|excitement|optimism|realization
5190,26,surprise,2|3|9|10|11|13|17|18,anger|annoyance|disappointment|disapproval|disgust|excitement|joy|love
5191,27,neutral,14|18|20|25|26,fear|love|optimism|sadness|surprise
5192,9|27,disappointment|neutral,0|1|4|8|9|10|13|14,admiration|amusement|approval|desire|disappointment|disapproval|excitement|fear
5193,10,disapproval,1|4|17|27,amusement|approval|joy|neutral
5194,22,realization,1|2|3|7|11|13|20|22|27,amusement|anger|annoyance|curiosity|disgust|excitement|optimism|realization|neutral
5195,5,caring,3|5|8|10|12|17|18|26|27,annoyance|caring|desire|disapproval|embarrassment|joy|love|surprise|neutral
5196,27,neutral,2|6|7|8|10|11|13|15|17|20|22|24,anger|confusion|curiosity|desire|disapproval|disgust|excitement|gratitude|joy|optimism|realization|remorse
5197,0,admiration,0|1|10|11|13|25,admiration|amusement|disapproval|disgust|excitement|sadness
5198,27,neutral,1|2|3|6|9|11|13|25|27,amusement|anger|annoyance|confusion|disappointment|disgust|excitement|sadness|neutral
5199,13|20,excitement|optimism,1|3|7|9|11|13|26,amusement|annoyance|curiosity|disappointment|disgust|excitement|surprise
5200,27,neutral,0|2|7|11|15|17|18|22|25,admiration|anger|curiosity|disgust|gratitude|joy|love|realization|sadness
5201,20,optimism,1|4|8|15|17|18|20,amusement|approval|desire|gratitude|joy|love|optimism
5202,17,joy,1|4|5|7|10|15|17|18|22|24,amusement|approval|caring|curiosity|disapproval|gratitude|joy|love|realization|remorse
5203,0,admiration,0|1|6|11|25,admiration|amusement|confusion|disgust|sadness
5204,27,neutral,0|2|3|5|6|17|22,admiration|anger|annoyance|caring|confusion|joy|realization
5205,27,neutral,2|3|14|18|22|27,anger|annoyance|fear|love|realization|neutral
5206,27,neutral,0|5|8|20|25,admiration|caring|desire|optimism|sadness
5207,27,neutral,0|1|4|6|7|10|27,admiration|amusement|approval|confusion|curiosity|disapproval|neutral
5208,27,neutral,2|6|10|11|17|18|24|27,anger|confusion|disapproval|disgust|joy|love|remorse|neutral
5209,1,amusement,4|5|13|15|17|27,approval|caring|excitement|gratitude|joy|neutral
5210,27,neutral,0|1|2|3|9|17|18|25,admiration|amusement|anger|annoyance|disappointment|joy|love|sadness
5211,15,gratitude,0|6|7|11|13|15|17|27,admiration|confusion|curiosity|disgust|excitement|gratitude|joy|neutral
5212,0|4,admiration|approval,1|5|9|10|14|17|18|26|27,amusement|caring|disappointment|disapproval|fear|joy|love|surprise|neutral
5213,1,amusement,0|4|6|7|10|15|17,admiration|approval|confusion|curiosity|disapproval|gratitude|joy
5214,1|22,amusement|realization,1|5|6|7|18|26,amusement|caring|confusion|curiosity|love|surprise
5215,10|27,disapproval|neutral,2|3|4|8|9|10|18|22|25,anger|annoyance|approval|desire|disappointment|disapproval|love|realization|sadness
5216,27,neutral,0|4|15|20|24|25|26|27,admiration|approval|gratitude|optimism|remorse|sadness|surprise|neutral
5217,9|25,disappointment|sadness,0|27,admiration|neutral
5218,15,gratitude,0|3|10|15|17,admiration|annoyance|disapproval|gratitude|joy
5219,1,amusement,0|3|8|15|17|20|27,admiration|annoyance|desire|gratitude|joy|optimism|neutral
5220,0|17,admiration|joy,2|6|27,anger|confusion|neutral
5221,7,curiosity,3|18|20,annoyance|love|optimism
5222,15|20,gratitude|optimism,1|3|4|6|11|12|17|18|27,amusement|annoyance|approval|confusion|disgust|embarrassment|joy|love|neutral
5223,5,caring,0|2|3|4|10|13|24|27,admiration|anger|annoyance|approval|disapproval|excitement|remorse|neutral
5224,24,remorse,15|18|27,gratitude|love|neutral
5225,27,neutral,1|5|6|8|14|24|27,amusement|caring|confusion|desire|fear|remorse|neutral
5226,0|15,admiration|gratitude,9|10|11|18|24|27,disappointment|disapproval|disgust|love|remorse|neutral
5227,15,gratitude,0|3|5|7|10|18,admiration|annoyance|caring|curiosity|disapproval|love
5228,3,annoyance,1|2|3|4|9|14|23,amusement|anger|annoyance|approval|disappointment|fear|relief
5229,5,caring,1|2|4|17,amusement|anger|approval|joy
5230,9,disappointment,0|7|10|11|18|20,admiration|curiosity|disapproval|disgust|love|optimism
5231,13,excitement,4|7|15|17|20|22,approval|curiosity|gratitude|joy|optimism|realization
5232,27,neutral,1|2|3|4|9|10|13|15|22,amusement|anger|annoyance|approval|disappointment|disapproval|excitement|gratitude|realization
5233,1,amusement,0|5|6|11|13|15|18,admiration|caring|confusion|disgust|excitement|gratitude|love
5234,5|9|24,caring|disappointment|remorse,0|6|10|11|13|15|18|26,admiration|confusion|disapproval|disgust|excitement|gratitude|love|surprise
5235,0|4,admiration|approval,1|2|3|4|5|9|10|11|17|19,amusement|anger|annoyance|approval|caring|disappointment|disapproval|disgust|joy|nervousness
5236,22,realization,0|2|3|4|6|8|10|11|25|26,admiration|anger|annoyance|approval|confusion|desire|disapproval|disgust|sadness|surprise
5237,18,love,2|9|10|11|27,anger|disappointment|disapproval|disgust|neutral
5238,27,neutral,1|4|6|7|11|27,amusement|approval|confusion|curiosity|disgust|neutral
5239,0,admiration,2|4|10|11|14|15|17|18|22|25|27,anger|approval|disapproval|disgust|fear|gratitude|joy|love|realization|sadness|neutral
5240,0|18,admiration|love,2|3|6|10|17|27,anger|annoyance|confusion|disapproval|joy|neutral
5241,15,gratitude,1|3|6|7|8|18,amusement|annoyance|confusion|curiosity|desire|love
5242,9,disappointment,0|10|15|20|27,admiration|disapproval|gratitude|optimism|neutral
5243,27,neutral,6|9|18|26|27,confusion|disappointment|love|surprise|neutral
5244,4|12,approval|embarrassment,0|1|2|9|10|11|18|20|25|27,admiration|amusement|anger|disappointment|disapproval|disgust|love|optimism|sadness|neutral
5245,27,neutral,1|15|22|26,amusement|gratitude|realization|surprise
5246,27,neutral,0|10|13|15|20|22,admiration|disapproval|excitement|gratitude|optimism|realization
5247,27,neutral,2|3|4|11|13|18,anger|annoyance|approval|disgust|excitement|love
5248,27,neutral,0|1|2|6|7|10|15|19|20|25,admiration|amusement|anger|confusion|curiosity|disapproval|gratitude|nervousness|optimism|sadness
5249,1,amusement,0|4|6|11|14|17,admiration|approval|confusion|disgust|fear|joy
5250,0|18,admiration|love,2|9|14|17|26|27,anger|disappointment|fear|joy|surprise|neutral
5251,10,disapproval,4|5|6|7|10|13|17|20|25|26|27,approval|caring|confusion|curiosity|disapproval|excitement|joy|optimism|sadness|surprise|neutral
5252,27,neutral,7|9|12|22|26,curiosity|disappointment|embarrassment|realization|surprise
5253,11,disgust,3|5|27,annoyance|caring|neutral
5254,27,neutral,0|1|15|20|24|25|27,admiration|amusement|gratitude|optimism|remorse|sadness|neutral
5255,11,disgust,1|6|20,amusement|confusion|optimism
5256,27,neutral,1|5|6|8|9|10|12|14|17|18|25,amusement|caring|confusion|desire|disappointment|disapproval|embarrassment|fear|joy|love|sadness
5257,4|7,approval|curiosity,0|2|5|6|18|25|27,admiration|anger|caring|confusion|love|sadness|neutral
5258,1,amusement,0|2|17|18|24,admiration|anger|joy|love|remorse
5259,20,optimism,0|1|15|27,admiration|amusement|gratitude|neutral
5260,9|25,disappointment|sadness,15|18|22|25,gratitude|love|realization|sadness
5261,10,disapproval,3|4|13|17|18|20|24,annoyance|approval|excitement|joy|love|optimism|remorse
5262,27,neutral,3|8|9|22|27,annoyance|desire|disappointment|realization|neutral
5263,8,desire,6|8|9|15|27,confusion|desire|disappointment|gratitude|neutral
5264,0,admiration,5|9|10|11|17,caring|disappointment|disapproval|disgust|joy
5265,27,neutral,1|2|3|4|18|25,amusement|anger|annoyance|approval|love|sadness
5266,27,neutral,9|25|27,disappointment|sadness|neutral
5267,4|5,approval|caring,0|1|5|6|10|27,admiration|amusement|caring|confusion|disapproval|neutral
5268,20,optimism,2|6|20|27,anger|confusion|optimism|neutral
5269,0,admiration,1|5|9|13|17|22,amusement|caring|disappointment|excitement|joy|realization
5270,7,curiosity,0|1|2|9|17|18|25|27,admiration|amusement|anger|disappointment|joy|love|sadness|neutral
5271,2,anger,1|3|4|10|17|22,amusement|annoyance|approval|disapproval|joy|realization
5272,0,admiration,0|3|4|7|8|9|10|17|20|22|26|27,admiration|annoyance|approval|curiosity|desire|disappointment|disapproval|joy|optimism|realization|surprise|neutral
5273,0,admiration,6|26|27,confusion|surprise|neutral
5274,14,fear,6|7|15|17|20|27,confusion|curiosity|gratitude|joy|optimism|neutral
5275,27,neutral,1|3|8|9|10|14,amusement|annoyance|desire|disappointment|disapproval|fear
5276,0,admiration,2|7|9|10|13|18|22|24|27,anger|curiosity|disappointment|disapproval|excitement|love|realization|remorse|neutral
5277,4,approval,1|4|6|8|13|17|20,amusement|approval|confusion|desire|excitement|joy|optimism
5278,15,gratitude,1|4|5|15|18|20|27,amusement|approval|caring|gratitude|love|optimism|neutral
5279,0|4|9,admiration|approval|disappointment,0|6|10|27,admiration|confusion|disapproval|neutral
5280,4,approval,1|2|3|6|9|10|13,amusement|anger|annoyance|confusion|disappointment|disapproval|excitement
5281,27,neutral,1|2|3|4|10|15|18|20|25|27,amusement|anger|annoyance|approval|disapproval|gratitude|love|optimism|sadness|neutral
5282,4,approval,6|7|10|11|15|17|25|27,confusion|curiosity|disapproval|disgust|gratitude|joy|sadness|neutral
5283,25,sadness,6|9|18|25|27,confusion|disappointment|love|sadness|neutral
5284,4,approval,1|4|25,amusement|approval|sadness
5285,25,sadness,0|2|3|6|10|11|20|22|25,admiration|anger|annoyance|confusion|disapproval|disgust|optimism|realization|sadness
5286,20,optimism,1|4|6|9|10|13|18,amusement|approval|confusion|disappointment|disapproval|excitement|love
5287,16,grief,1|4|9|13|14|27,amusement|approval|disappointment|excitement|fear|neutral
5288,2|3|27,anger|annoyance|neutral,4|7|20|26|27,approval|curiosity|optimism|surprise|neutral
5289,6|27,confusion|neutral,8|10|11|13|14|15|17|18,desire|disapproval|disgust|excitement|fear|gratitude|joy|love
5290,4|27,approval|neutral,0|2|3|4|5|6|10|17|20|25,admiration|anger|annoyance|approval|caring|confusion|disapproval|joy|optimism|sadness
5291,0,admiration,2|7|9|10|14|25,anger|curiosity|disappointment|disapproval|fear|sadness
5292,1|27,amusement|neutral,0|3|9|11|17|18|20|27,admiration|annoyance|disappointment|disgust|joy|love|optimism|neutral
5293,27,neutral,1|5|8|13|15|20|22,amusement|caring|desire|excitement|gratitude|optimism|realization
5294,27,neutral,2|7|15|17,anger|curiosity|gratitude|joy
5295,25,sadness,0|3|6|9|15,admiration|annoyance|confusion|disappointment|gratitude
5296,10,disapproval,0|5|9|10|20|27,admiration|caring|disappointment|disapproval|optimism|neutral
5297,5|27,caring|neutral,3|5|7|17|20|26,annoyance|caring|curiosity|joy|optimism|surprise
5298,22,realization,0|2|17|18|25|26,admiration|anger|joy|love|sadness|surprise
5299,20|27,optimism|neutral,4|7|20,approval|curiosity|optimism
5300,3|7,annoyance|curiosity,1|2|6|7|15|20|22,amusement|anger|confusion|curiosity|gratitude|optimism|realization
5301,26,surprise,0|1|3|5|9|13|14|17|18,admiration|amusement|annoyance|caring|disappointment|excitement|fear|joy|love
5302,0|13|15|26,admiration|excitement|gratitude|surprise,0|5|10|17|24|25,admiration|caring|disapproval|joy|remorse|sadness
5303,27,neutral,0|1|6|15|20,admiration|amusement|confusion|gratitude|optimism
5304,27,neutral,2|6|7|14|22|24|25|27,anger|confusion|curiosity|fear|realization|remorse|sadness|neutral
5305,3,annoyance,2|4|5|25|26|27,anger|approval|caring|sadness|surprise|neutral
5306,27,neutral,1|3|6|7|18|20|22|27,amusement|annoyance|confusion|curiosity|love|optimism|realization|neutral
5307,27,neutral,0|4|5|13|27,admiration|approval|caring|excitement|neutral
5308,4,approval,1|3|22|26|27,amusement|annoyance|realization|surprise|neutral
5309,15,gratitude,1|5|15|17|18|25,amusement|caring|gratitude|joy|love|sadness
5310,27,neutral,0|3|7|27,admiration|annoyance|curiosity|neutral
5311,15,gratitude,4|7|25|27,approval|curiosity|sadness|neutral
5312,6|27,confusion|neutral,3|4|6|7|20|25|26,annoyance|approval|confusion|curiosity|optimism|sadness|surprise
5313,0,admiration,0|2|5|12|15|26,admiration|anger|caring|embarrassment|gratitude|surprise
5314,6|7,confusion|curiosity,4|6|24|25,approval|confusion|remorse|sadness
5315,2,anger,3|4|7|18|20|22|24,annoyance|approval|curiosity|love|optimism|realization|remorse
5316,1,amusement,1|2|7|8|11|15|25,amusement|anger|curiosity|desire|disgust|gratitude|sadness
5317,15|17,gratitude|joy,1|14|18|26|27,amusement|fear|love|surprise|neutral
5318,6,confusion,4|20|27,approval|optimism|neutral
5319,27,neutral,1|2|3|13,amusement|anger|annoyance|excitement
5320,2,anger,1|4|7|10|17|18|20|22|27,amusement|approval|curiosity|disapproval|joy|love|optimism|realization|neutral
5321,25,sadness,1|2|3|9|10|13|22|27,amusement|anger|annoyance|disappointment|disapproval|excitement|realization|neutral
5322,2,anger,11|20|26|27,disgust|optimism|surprise|neutral
5323,27,neutral,10|17|20|24|25|26,disapproval|joy|optimism|remorse|sadness|surprise
5324,0,admiration,4|15|17|22|26,approval|gratitude|joy|realization|surprise
5325,2,anger,2|5|7|11|17|18,anger|caring|curiosity|disgust|joy|love
5326,5,caring,4|9|10|14|22|27,approval|disappointment|disapproval|fear|realization|neutral
5327,27,neutral,3|6|15|17|25,annoyance|confusion|gratitude|joy|sadness
5328,27,neutral,1|7|13|18,amusement|curiosity|excitement|love
5329,27,neutral,0|4|9|10|17|20,admiration|approval|disappointment|disapproval|joy|optimism
5330,26,surprise,0|15|20|22,admiration|gratitude|optimism|realization
5331,0|27,admiration|neutral,0|2|8|13|26,admiration|anger|desire|excitement|surprise
5332,13,excitement,1|9|10|11|25|27,amusement|disappointment|disapproval|disgust|sadness|neutral
5333,20,optimism,2|3|7|14|17|18|26,anger|annoyance|curiosity|fear|joy|love|surprise
5334,18,love,0|1|6|18,admiration|amusement|confusion|love
5335,10,disapproval,4|7|13|18|22,approval|curiosity|excitement|love|realization
5336,10,disapproval,4|9|10|18|20|24|26|27,approval|disappointment|disapproval|love|optimism|remorse|surprise|neutral
5337,1|22,amusement|realization,1|3|9|11|20|26,amusement|annoyance|disappointment|disgust|optimism|surprise
5338,27,neutral,0|1|2|4|5|10|27,admiration|amusement|anger|approval|caring|disapproval|neutral
5339,27,neutral,1|3|4|13|20,amusement|annoyance|approval|excitement|optimism
5340,0,admiration,0|3|4|8|10|11|15|18|22|24|25,admiration|annoyance|approval|desire|disapproval|disgust|gratitude|love|realization|remorse|sadness
5341,27,neutral,3|4|5|10|18,annoyance|approval|caring|disapproval|love
5342,27,neutral,0|4|13|14|17|20|24|27,admiration|approval|excitement|fear|joy|optimism|remorse|neutral
5343,7|15,curiosity|gratitude,0|3|10|18|26,admiration|annoyance|disapproval|love|surprise
5344,26,surprise,5|8|15|17|25|26|27,caring|desire|gratitude|joy|sadness|surprise|neutral
5345,26,surprise,6|17|22|25|27,confusion|joy|realization|sadness|neutral
5346,0,admiration,3|11|13|17|22|24|27,annoyance|disgust|excitement|joy|realization|remorse|neutral
5347,13,excitement,6|7|13|15|17|22|26|27,confusion|curiosity|excitement|gratitude|joy|realization|surprise|neutral
5348,26,surprise,3|4|9|10|15|17|22|26,annoyance|approval|disappointment|disapproval|gratitude|joy|realization|surprise
5349,1,amusement,0|1|2|15|25|27,admiration|amusement|anger|gratitude|sadness|neutral
5350,22,realization,0|4|5|8|9|14|27,admiration|approval|caring|desire|disappointment|fear|neutral
5351,10,disapproval,3|6|7|8|9|15|18|22|24,annoyance|confusion|curiosity|desire|disappointment|gratitude|love|realization|remorse
5352,18,love,0|3|5|6|11|14|15|25|27,admiration|annoyance|caring|confusion|disgust|fear|gratitude|sadness|neutral
5353,0|17|22,admiration|joy|realization,0|1|2|6|8|9|10|14|27,admiration|amusement|anger|confusion|desire|disappointment|disapproval|fear|neutral
5354,27,neutral,2|4|5|7|10|13|17|23|24|26,anger|approval|caring|curiosity|disapproval|excitement|joy|relief|remorse|surprise
5355,2|3,anger|annoyance,0|1|9|13|15|22|25|26,admiration|amusement|disappointment|excitement|gratitude|realization|sadness|surprise
5356,6,confusion,2|6|9|10|15|22|27,anger|confusion|disappointment|disapproval|gratitude|realization|neutral
5357,15,gratitude,6|9|10|11|13|15|26,confusion|disappointment|disapproval|disgust|excitement|gratitude|surprise
5358,27,neutral,9|12|13|15,disappointment|embarrassment|excitement|gratitude
5359,12|22,embarrassment|realization,1|4|5|7|9|11|13|17|26,amusement|approval|caring|curiosity|disappointment|disgust|excitement|joy|surprise
5360,27,neutral,0|3|8|18|25|26|27,admiration|annoyance|desire|love|sadness|surprise|neutral
5361,27,neutral,8|15|17|20,desire|gratitude|joy|optimism
5362,27,neutral,2|3|6|10|18|26|27,anger|annoyance|confusion|disapproval|love|surprise|neutral
5363,2|27,anger|neutral,0|3|13|20,admiration|annoyance|excitement|optimism
5364,9,disappointment,6|11|15|18|24,confusion|disgust|gratitude|love|remorse
5365,27,neutral,0|2|4|8|25,admiration|anger|approval|desire|sadness
5366,4,approval,1|3|9|25|27,amusement|annoyance|disappointment|sadness|neutral
5367,27,neutral,7|27,curiosity|neutral
5368,11,disgust,1|6|20|21|27,amusement|confusion|optimism|pride|neutral
5369,26,surprise,0|6|7|11|15|17|18|20,admiration|confusion|curiosity|disgust|gratitude|joy|love|optimism
5370,27,neutral,0|7|8|10|17|21|25|26,admiration|curiosity|desire|disapproval|joy|pride|sadness|surprise
5371,1,amusement,3|5|27,annoyance|caring|neutral
5372,3,annoyance,2|3|4|5|6|7|8|10|14|24,anger|annoyance|approval|caring|confusion|curiosity|desire|disapproval|fear|remorse
5373,9|27,disappointment|neutral,0|2|5|9|10|18|20,admiration|anger|caring|disappointment|disapproval|love|optimism
5374,1|10,amusement|disapproval,2|4|5|7|9|10|13|14|15|17|22|24,anger|approval|caring|curiosity|disappointment|disapproval|excitement|fear|gratitude|joy|realization|remorse
5375,0|26,admiration|surprise,4|5|7|17|18|20|25|26,approval|caring|curiosity|joy|love|optimism|sadness|surprise
5376,6|27,confusion|neutral,6|7|9|10|15|20|27,confusion|curiosity|disappointment|disapproval|gratitude|optimism|neutral
5377,1,amusement,0|13|17|27,admiration|excitement|joy|neutral
5378,15,gratitude,0|5|11|22|27,admiration|caring|disgust|realization|neutral
5379,27,neutral,9|11|17|18|27,disappointment|disgust|joy|love|neutral
5380,10,disapproval,2|4|5|6|7|22|25|26,anger|approval|caring|confusion|curiosity|realization|sadness|surprise
5381,18,love,0|15|18|24|27,admiration|gratitude|love|remorse|neutral
5382,15,gratitude,3|6|10|15,annoyance|confusion|disapproval|gratitude
5383,27,neutral,3|4|7|8|11,annoyance|approval|curiosity|desire|disgust
5384,26,surprise,2|3|10|18|21|26,anger|annoyance|disapproval|love|pride|surprise
5385,27,neutral,0|1|8|9|11|18|20|27,admiration|amusement|desire|disappointment|disgust|love|optimism|neutral
5386,15,gratitude,2|3|4|7|18|27,anger|annoyance|approval|curiosity|love|neutral
5387,15,gratitude,9|18|22|27,disappointment|love|realization|neutral
5388,14,fear,1|10|17|27,amusement|disapproval|joy|neutral
5389,9,disappointment,0|2|13|15|22|25|26,admiration|anger|excitement|gratitude|realization|sadness|surprise
5390,27,neutral,0|2|3|10|13|27,admiration|anger|annoyance|disapproval|excitement|neutral
5391,27,neutral,0|4|13|15,admiration|approval|excitement|gratitude
5392,9,disappointment,0|2|3|8|10|17|20|25|26,admiration|anger|annoyance|desire|disapproval|joy|optimism|sadness|surprise
5393,15,gratitude,1|2|9|18|20|22,amusement|anger|disappointment|love|optimism|realization
5394,1,amusement,7|9|12|14|20|27,curiosity|disappointment|embarrassment|fear|optimism|neutral
5395,10,disapproval,1|2|6|8|11|15|18|27,amusement|anger|confusion|desire|disgust|gratitude|love|neutral
5396,0|18,admiration|love,2|4|7|11|17|18,anger|approval|curiosity|disgust|joy|love
5397,18,love,1|3|17|25,amusement|annoyance|joy|sadness
5398,27,neutral,0|4|6|7|17|27,admiration|approval|confusion|curiosity|joy|neutral
5399,27,neutral,6|12|27,confusion|embarrassment|neutral
5400,3|27,annoyance|neutral,0|2|10|11|13|15|18|27,admiration|anger|disapproval|disgust|excitement|gratitude|love|neutral
5401,0,admiration,0|9|18|23,admiration|disappointment|love|relief
5402,24|25,remorse|sadness,1|5|10|15|27,amusement|caring|disapproval|gratitude|neutral
5403,27,neutral,1|6|11|13|15|22,amusement|confusion|disgust|excitement|gratitude|realization
5404,7,curiosity,1|9|18|24|25|27,amusement|disappointment|love|remorse|sadness|neutral
5405,27,neutral,1|3|5|6|7|15|24|27,amusement|annoyance|caring|confusion|curiosity|gratitude|remorse|neutral
5406,0|4,admiration|approval,0|15|27,admiration|gratitude|neutral
5407,10,disapproval,1|2|10|14|15|22|25,amusement|anger|disapproval|fear|gratitude|realization|sadness
5408,27,neutral,0|5|6|7|10|12|24|26,admiration|caring|confusion|curiosity|disapproval|embarrassment|remorse|surprise
5409,14,fear,0|1|2|4|6|14|22|24,admiration|amusement|anger|approval|confusion|fear|realization|remorse
5410,4,approval,0|6|8|10|11|20,admiration|confusion|desire|disapproval|disgust|optimism
5411,14,fear,5|7|10|17|22|27,caring|curiosity|disapproval|joy|realization|neutral
5412,18,love,0|1|6|7|9|12|14,admiration|amusement|confusion|curiosity|disappointment|embarrassment|fear
5413,22,realization,0|5|12|17|22|23|27,admiration|caring|embarrassment|joy|realization|relief|neutral
5414,4|7,approval|curiosity,0|3|4|10|20|26,admiration|annoyance|approval|disapproval|optimism|surprise
5415,4,approval,15|22|27,gratitude|realization|neutral
5416,7,curiosity,3|5|7|10|14|20|21|27,annoyance|caring|curiosity|disapproval|fear|optimism|pride|neutral
5417,22,realization,0|2|3|6|27,admiration|anger|annoyance|confusion|neutral
5418,27,neutral,0|1|2|9|13|14|15|19,admiration|amusement|anger|disappointment|excitement|fear|gratitude|nervousness
5419,27,neutral,6|17|26,confusion|joy|surprise
5420,15,gratitude,0|2|3|8|9|10|17|18|22|25,admiration|anger|annoyance|desire|disappointment|disapproval|joy|love|realization|sadness
5421,0,admiration,1|2|4|5|18|22|26|27,amusement|anger|approval|caring|love|realization|surprise|neutral
5422,14,fear,0|1|15|18|26|27,admiration|amusement|gratitude|love|surprise|neutral
5423,20,optimism,3|4|6|14|25,annoyance|approval|confusion|fear|sadness
5424,10,disapproval,0|3|4|7|13|18|22|25,admiration|annoyance|approval|curiosity|excitement|love|realization|sadness
5425,3,annoyance,0|1|5|10|13|25|27,admiration|amusement|caring|disapproval|excitement|sadness|neutral
5426,18,love,4|11|20|27,approval|disgust|optimism|neutral
