row_number,gold_label_ids,gold_labels,predicted_label_ids,predicted_labels
1,27,neutral,4|6|9|10|11|18|20|26|27,approval|confusion|disappointment|disapproval|disgust|love|optimism|surprise|neutral
2,4|27,approval|neutral,0|1|4|10|24,admiration|amusement|approval|disapproval|remorse
3,25,sadness,1|6|10|15|18,amusement|confusion|disapproval|gratitude|love
4,4|27,approval|neutral,11|18|20|25|26,disgust|love|optimism|sadness|surprise
5,20,optimism,0|1|6|15,admiration|amusement|confusion|gratitude
6,15,gratitude,2|8|9|10|14|15|18,anger|desire|disappointment|disapproval|fear|gratitude|love
7,2,anger,0|1|3|6|18|24,admiration|amusement|annoyance|confusion|love|remorse
8,27,neutral,0|7|15|18|22|24|26,admiration|curiosity|gratitude|love|realization|remorse|surprise
9,20,optimism,0|1|7|9|10|17|26,admiration|amusement|curiosity|disappointment|disapproval|joy|surprise
10,10,disapproval,0|3|5|6|11|18|26,admiration|annoyance|caring|confusion|disgust|love|surprise
11,18,love,0|4|10|13|15|18,admiration|approval|disapproval|excitement|gratitude|love
12,12|22,embarrassment|realization,0|3|6|9|14,admiration|annoyance|confusion|disappointment|fear
13,16,grief,0|8|10|13|15|20|24|27,admiration|desire|disapproval|excitement|gratitude|optimism|remorse|neutral
14,27,neutral,1|5|9|11|17|18|20|26,amusement|caring|disappointment|disgust|joy|love|optimism|surprise
15,1|3|25,amusement|annoyance|sadness,0|1|2|3|5|6|17|18|22|26,admiration|amusement|anger|annoyance|caring|confusion|joy|love|realization|surprise
16,2|3,anger|annoyance,0|3|4|7|9|10|18,admiration|annoyance|approval|curiosity|disappointment|disapproval|love
17,25,sadness,1|2|6|7|9|14|15|18|22|24|27,amusement|anger|confusion|curiosity|disappointment|fear|gratitude|love|realization|remorse|neutral
18,27,neutral,2|5|13|15|17|18|22|24,anger|caring|excitement|gratitude|joy|love|realization|remorse
19,27,neutral,3|10|17|27,annoyance|disapproval|joy|neutral
20,3|10,annoyance|disapproval,2|4|5|10|18|26,anger|approval|caring|disapproval|love|surprise
21,9,disappointment,0|1|5|15|17|20|24|25,admiration|amusement|caring|gratitude|joy|optimism|remorse|sadness
22,0,admiration,0|1|2|3|6|10|13|15|17,admiration|amusement|anger|annoyance|confusion|disapproval|excitement|gratitude|joy
23,10,disapproval,7|9|20|27,curiosity|disappointment|optimism|neutral
24,5|27,caring|neutral,9|11|17|18|22|24|25|27,disappointment|disgust|joy|love|realization|remorse|sadness|neutral
25,27,neutral,22|25|27,realization|sadness|neutral
26,7|24,curiosity|remorse,1|7|10|27,amusement|curiosity|disapproval|neutral
27,3,annoyance,1|2|5|7|8|10|13|15|26|27,amusement|anger|caring|curiosity|desire|disapproval|excitement|gratitude|surprise|neutral
28,27,neutral,1|2|5|7|15|22|27,amusement|anger|caring|curiosity|gratitude|realization|neutral
29,0|15,admiration|gratitude,0|1|13|17|18|25|27,admiration|amusement|excitement|joy|love|sadness|neutral
30,27,neutral,0|1|6|13|22|26,admiration|amusement|confusion|excitement|realization|surprise
31,17,joy,0|6|7|26|27,admiration|confusion|curiosity|surprise|neutral
32,14,fear,0|18|25,admiration|love|sadness
33,27,neutral,3|5|14|15|22|26,annoyance|caring|fear|gratitude|realization|surprise
34,27,neutral,2|3|5|7|10|13|17|20|22|25|26,anger|annoyance|caring|curiosity|disapproval|excitement|joy|optimism|realization|sadness|surprise
35,24,remorse,0|1|3|4|22|25,admiration|amusement|annoyance|approval|realization|sadness
36,25,sadness,1|3|9|10|15|18|20|26,amusement|annoyance|disappointment|disapproval|gratitude|love|optimism|surprise
37,27,neutral,0|3|10|13|18|20|24|26,admiration|annoyance|disapproval|excitement|love|optimism|remorse|surprise
38,10,disapproval,2|10|17|22|27,anger|disapproval|joy|realization|neutral
39,1,amusement,1|2|4|13,amusement|anger|approval|excitement
40,15,gratitude,15|22|27,gratitude|realization|neutral
41,18,love,3|4|10|20|22,annoyance|approval|disapproval|optimism|realization
42,15,gratitude,0|2|3|7|12|20|22,admiration|anger|annoyance|curiosity|embarrassment|optimism|realization
43,24,remorse,11|13|17|22|26|27,disgust|excitement|joy|realization|surprise|neutral
44,7,curiosity,1|2|5|9|11|18|27,amusement|anger|caring|disappointment|disgust|love|neutral
45,27,neutral,0|2|13|17|18|26|27,admiration|anger|excitement|joy|love|surprise|neutral
46,3|4,annoyance|approval,6|7|26|27,confusion|curiosity|surprise|neutral
47,14,fear,5|9|11|17|18|20|22|25|27,caring|disappointment|disgust|joy|love|optimism|realization|sadness|neutral
48,27,neutral,0|1|2|3|9|11|18|25|26|27,admiration|amusement|anger|annoyance|disappointment|disgust|love|sadness|surprise|neutral
49,8,desire,1|4|6|17|20|25|26|27,amusement|approval|confusion|joy|optimism|sadness|surprise|neutral
50,7,curiosity,2|5|10|17|18|27,anger|caring|disapproval|joy|love|neutral
51,27,neutral,8|10|17|18|20|25,desire|disapproval|joy|love|optimism|sadness
52,24,remorse,0|1|9|11|13|18|22,admiration|amusement|disappointment|disgust|excitement|love|realization
53,4,approval,1|6|15|27,amusement|confusion|gratitude|neutral
54,7,curiosity,7|10|15|17|22|25,curiosity|disapproval|gratitude|joy|realization|sadness
55,27,neutral,0|6|7|15|27,admiration|confusion|curiosity|gratitude|neutral
56,13,excitement,4|6|20|22|24|26,approval|confusion|optimism|realization|remorse|surprise
57,1|6|7|24,amusement|confusion|curiosity|remorse,0|1|2|10|20|24|27,admiration|amusement|anger|disapproval|optimism|remorse|neutral
58,14,fear,1|4|6|18|26|27,amusement|approval|confusion|love|surprise|neutral
59,6,confusion,2|5|10|11|15|25|27,anger|caring|disapproval|disgust|gratitude|sadness|neutral
60,4,approval,1|7|13|18|20|22|25,amusement|curiosity|excitement|love|optimism|realization|sadness
61,7,curiosity,1|5|6|7|8|14|20|25|27,amusement|caring|confusion|curiosity|desire|fear|optimism|sadness|neutral
62,27,neutral,0|4|8|15|17,admiration|approval|desire|gratitude|joy
63,22,realization,0|1|4|18|27,admiration|amusement|approval|love|neutral
64,27,neutral,1|2|5|17,amusement|anger|caring|joy
65,10,disapproval,2|3|4|7|13|18|20|22|26,anger|annoyance|approval|curiosity|excitement|love|optimism|realization|surprise
66,1,amusement,2|3|4|7|8|9|18,anger|annoyance|approval|curiosity|desire|disappointment|love
67,27,neutral,0|5|7|9|13|18|26,admiration|caring|curiosity|disappointment|excitement|love|surprise
68,0|17,admiration|joy,3|9|11|13|14|18|24|25|27,annoyance|disappointment|disgust|excitement|fear|love|remorse|sadness|neutral
69,27,neutral,1|2|10|26|27,amusement|anger|disapproval|surprise|neutral
70,10,disapproval,4|6|7|15|17|26,approval|confusion|curiosity|gratitude|joy|surprise
71,0,admiration,5|10|15|26|27,caring|disapproval|gratitude|surprise|neutral
72,3|27,annoyance|neutral,3|4|7|10|13|20|26,annoyance|approval|curiosity|disapproval|excitement|optimism|surprise
73,2,anger,0|1|8|10|13|25|27,admiration|amusement|desire|disapproval|excitement|sadness|neutral
74,4,approval,1|2|3|13|17|20|27,amusement|anger|annoyance|excitement|joy|optimism|neutral
75,27,neutral,4|13|17|20|25|27,approval|excitement|joy|optimism|sadness|neutral
76,27,neutral,0|3|6|7|13|15,admiration|annoyance|confusion|curiosity|excitement|gratitude
77,15,gratitude,0|6|10|18|25,admiration|confusion|disapproval|love|sadness
78,6,confusion,0|1|6|13|18|22|27,admiration|amusement|confusion|excitement|love|realization|neutral
79,20,optimism,2|4|7|8|9|15|19|22|24|25|27,anger|approval|curiosity|desire|disappointment|gratitude|nervousness|realization|remorse|sadness|neutral
80,3,annoyance,1|3|4|5|10|17|26|27,amusement|annoyance|approval|caring|disapproval|joy|surprise|neutral
81,27,neutral,9|15|25|27,disappointment|gratitude|sadness|neutral
82,27,neutral,0|1|5|11|15|17|23,admiration|amusement|caring|disgust|gratitude|joy|relief
83,0,admiration,2|3|6|10|18|20|26,anger|annoyance|confusion|disapproval|love|optimism|surprise
84,9,disappointment,1|6|11|20,amusement|confusion|disgust|optimism
85,10|27,disapproval|neutral,0|9|15|20|25|27,admiration|disappointment|gratitude|optimism|sadness|neutral
86,1|10|15,amusement|disapproval|gratitude,0|1|4|9|17|27,admiration|amusement|approval|disappointment|joy|neutral
87,0,admiration,1|4|10|26|27,amusement|approval|disapproval|surprise|neutral
88,7|27,curiosity|neutral,1|5|17|18|27,amusement|caring|joy|love|neutral
89,10,disapproval,2|4|6|9|13|20|25,anger|approval|confusion|disappointment|excitement|optimism|sadness
90,7,curiosity,0|10|11|13|15|17|18,admiration|disapproval|disgust|excitement|gratitude|joy|love
91,11|26,disgust|surprise,9|10|13|27,disappointment|disapproval|excitement|neutral
92,2|10,anger|disapproval,5|7|11|17|18|20|25|27,caring|curiosity|disgust|joy|love|optimism|sadness|neutral
93,1,amusement,1|7|13|20|26|27,amusement|curiosity|excitement|optimism|surprise|neutral
94,15,gratitude,0|3|4|10|15|18|24,admiration|annoyance|approval|disapproval|gratitude|love|remorse
95,0,admiration,0|4|5|7|17|20|25|27,admiration|approval|caring|curiosity|joy|optimism|sadness|neutral
96,6,confusion,0|4|5|10|26|27,admiration|approval|caring|disapproval|surprise|neutral
97,5|24,caring|remorse,1|2|6|7|10|20,amusement|anger|confusion|curiosity|disapproval|optimism
98,27,neutral,3|6|8|9|10|13|27,annoyance|confusion|desire|disappointment|disapproval|excitement|neutral
99,27,neutral,1|2|4|8|11|18|22,amusement|anger|approval|desire|disgust|love|realization
100,5|27,caring|neutral,1|3|5|7|11|15|18,amusement|annoyance|caring|curiosity|disgust|gratitude|love
101,27,neutral,1|17|27,amusement|joy|neutral
102,0|18,admiration|love,1|6|7|9|10|15|18|22|26,amusement|confusion|curiosity|disappointment|disapproval|gratitude|love|realization|surprise
103,27,neutral,0|1|2|10|13,admiration|amusement|anger|disapproval|excitement
104,14,fear,4|7|10|15|17|27,approval|curiosity|disapproval|gratitude|joy|neutral
105,0|17,admiration|joy,3|10|13|14|18|27,annoyance|disapproval|excitement|fear|love|neutral
106,17,joy,4|15|17|27,approval|gratitude|joy|neutral
107,4,approval,4|5|8|9|20|24|26|27,approval|caring|desire|disappointment|optimism|remorse|surprise|neutral
108,1|4,amusement|approval,0|4|5|6|9|11|13|15|17|18|22|24,admiration|approval|caring|confusion|disappointment|disgust|excitement|gratitude|joy|love|realization|remorse
109,7,curiosity,1|2|5|9|17|27,amusement|anger|caring|disappointment|joy|neutral
110,15|27,gratitude|neutral,0|1|5|22|27,admiration|amusement|caring|realization|neutral
111,27,neutral,1|2|4|9|11|15,amusement|anger|approval|disappointment|disgust|gratitude
112,20,optimism,5|6|20|27,caring|confusion|optimism|neutral
113,23,relief,10|13|14|27,disapproval|excitement|fear|neutral
114,27,neutral,1|4|6|7|14|15|18,amusement|approval|confusion|curiosity|fear|gratitude|love
115,27,neutral,1|6|10|15|22|24|27,amusement|confusion|disapproval|gratitude|realization|remorse|neutral
116,27,neutral,0|3|5|6|8|17|20|24,admiration|annoyance|caring|confusion|desire|joy|optimism|remorse
117,15,gratitude,0|4|6|7|8|11|15|25,admiration|approval|confusion|curiosity|desire|disgust|gratitude|sadness
118,4,approval,1|8|26|27,amusement|desire|surprise|neutral
119,1|27,amusement|neutral,0|5|6|15|26,admiration|caring|confusion|gratitude|surprise
120,18,love,6|7|11|15|20,confusion|curiosity|disgust|gratitude|optimism
121,11|12,disgust|embarrassment,1|9|15,amusement|disappointment|gratitude
122,7,curiosity,2|11|13|17|22,anger|disgust|excitement|joy|realization
123,13|17,excitement|joy,0|1|7|13|17|18|25|27,admiration|amusement|curiosity|excitement|joy|love|sadness|neutral
124,3|27,annoyance|neutral,0|4|10|15|18|20|22|26,admiration|approval|disapproval|gratitude|love|optimism|realization|surprise
125,25,sadness,0|1|7|10|17|18|22|26,admiration|amusement|curiosity|disapproval|joy|love|realization|surprise
126,27,neutral,1|2|3|9|11|22|25|26,amusement|anger|annoyance|disappointment|disgust|realization|sadness|surprise
127,2,anger,4|18|20|25|27,approval|love|optimism|sadness|neutral
128,27,neutral,1|7|15|17|20|22,amusement|curiosity|gratitude|joy|optimism|realization
129,0,admiration,11|17|27,disgust|joy|neutral
130,17,joy,0|4|9|20|22|25,admiration|approval|disappointment|optimism|realization|sadness
131,5,caring,0|3|5|6|13|18,admiration|annoyance|caring|confusion|excitement|love
132,6|27,confusion|neutral,0|5|15|22|23|26,admiration|caring|gratitude|realization|relief|surprise
133,11,disgust,7|9|13|15|25|27,curiosity|disappointment|excitement|gratitude|sadness|neutral
134,4,approval,6|9|11|17|27,confusion|disappointment|disgust|joy|neutral
135,27,neutral,0|3|4|5|8|11|24|27,admiration|annoyance|approval|caring|desire|disgust|remorse|neutral
136,15,gratitude,2|3|5|10|13|17|20|22,anger|annoyance|caring|disapproval|excitement|joy|optimism|realization
137,4,approval,0|2|3|5|8|11|20|24|26,admiration|anger|annoyance|caring|desire|disgust|optimism|remorse|surprise
138,7,curiosity,2|3|4|9|10|13|15|17|25|27,anger|annoyance|approval|disappointment|disapproval|excitement|gratitude|joy|sadness|neutral
139,5,caring,0|2|11|22|27,admiration|anger|disgust|realization|neutral
140,27,neutral,0|3|5|6|9|18|26,admiration|annoyance|caring|confusion|disappointment|love|surprise
141,0,admiration,2|4|5|10|16|17|25|27,anger|approval|caring|disapproval|grief|joy|sadness|neutral
142,27,neutral,3|14|25|26,annoyance|fear|sadness|surprise
143,27,neutral,2|3|17|18|20|26,anger|annoyance|joy|love|optimism|surprise
144,10,disapproval,0|6|10|13|15|18|21|26|27,admiration|confusion|disapproval|excitement|gratitude|love|pride|surprise|neutral
145,27,neutral,2|13|15|20|22|25|27,anger|excitement|gratitude|optimism|realization|sadness|neutral
146,4|20,approval|optimism,0|4|6|12|15|17|23|27,admiration|approval|confusion|embarrassment|gratitude|joy|relief|neutral
147,7,curiosity,1|4|13|15|17,amusement|approval|excitement|gratitude|joy
148,26,surprise,1|5|7|15|17|20|22|24|25,amusement|caring|curiosity|gratitude|joy|optimism|realization|remorse|sadness
149,27,neutral,0|6|7|10|17|22|24|26,admiration|confusion|curiosity|disapproval|joy|realization|remorse|surprise
150,27,neutral,4|6|7|9|11|18|20|25|26,approval|confusion|curiosity|disappointment|disgust|love|optimism|sadness|surprise
151,27,neutral,0|2|3|5|9|10|20,admiration|anger|annoyance|caring|disappointment|disapproval|optimism
152,17,joy,0|1|2|3|6|10,admiration|amusement|anger|annoyance|confusion|disapproval
153,15,gratitude,3|5|7|10|15|17|24,annoyance|caring|curiosity|disapproval|gratitude|joy|remorse
154,13,excitement,0|2|3|7|10|13|17,admiration|anger|annoyance|curiosity|disapproval|excitement|joy
155,26,surprise,4|7,approval|curiosity
156,2,anger,0|1|2|4|17|20|27,admiration|amusement|anger|approval|joy|optimism|neutral
157,27,neutral,3|4|5|6|8|17|20|22,annoyance|approval|caring|confusion|desire|joy|optimism|realization
158,4,approval,0|7|8|17|18|27,admiration|curiosity|desire|joy|love|neutral
159,0,admiration,1|2|9|10|15|17|26,amusement|anger|disappointment|disapproval|gratitude|joy|surprise
160,17,joy,0|7|8|9|13|25,admiration|curiosity|desire|disappointment|excitement|sadness
161,4,approval,3|10|17|18|22,annoyance|disapproval|joy|love|realization
162,4|5,approval|caring,3|11|13|18|23|26|27,annoyance|disgust|excitement|love|relief|surprise|neutral
163,27,neutral,0|1|3|4|10|18|25,admiration|amusement|annoyance|approval|disapproval|love|sadness
164,7,curiosity,4|6|14|20|22|27,approval|confusion|fear|optimism|realization|neutral
165,24,remorse,1|4|10|15|18,amusement|approval|disapproval|gratitude|love
166,12|26,embarrassment|surprise,3|4|5|7|11|13|20|26|27,annoyance|approval|caring|curiosity|disgust|excitement|optimism|surprise|neutral
167,27,neutral,0|2|3|6|14|18|22|25,admiration|anger|annoyance|confusion|fear|love|realization|sadness
168,0|25,admiration|sadness,3|4|6|10|14|20|22|27,annoyance|approval|confusion|disapproval|fear|optimism|realization|neutral
169,4,approval,0|1|5|9|13|25|26,admiration|amusement|caring|disappointment|excitement|sadness|surprise
170,17,joy,3|6|8|15|26|27,annoyance|confusion|desire|gratitude|surprise|neutral
171,27,neutral,1|4|5|10|15|17|18|24|26,amusement|approval|caring|disapproval|gratitude|joy|love|remorse|surprise
172,27,neutral,0|11|22,admiration|disgust|realization
173,5,caring,3|5|10|11|24|25,annoyance|caring|disapproval|disgust|remorse|sadness
174,15,gratitude,0|3|4|5|7|8|9|17,admiration|annoyance|approval|caring|curiosity|desire|disappointment|joy
175,27,neutral,0|4|5|6|7|9|11|12|14|15,admiration|approval|caring|confusion|curiosity|disappointment|disgust|embarrassment|fear|gratitude
176,10,disapproval,0|10|11|14|17|27,admiration|disapproval|disgust|fear|joy|neutral
177,17,joy,2|3|6|8|9|11|15|17|18|25|26,anger|annoyance|confusion|desire|disappointment|disgust|gratitude|joy|love|sadness|surprise
178,27,neutral,1|3|10|12|14|17|18,amusement|annoyance|disapproval|embarrassment|fear|joy|love
179,10,disapproval,5|6|15|27,caring|confusion|gratitude|neutral
180,15,gratitude,0|2|6|15|25|26,admiration|anger|confusion|gratitude|sadness|surprise
181,4,approval,7|15|18|27,curiosity|gratitude|love|neutral
182,27,neutral,0|1|2|18|22|27,admiration|amusement|anger|love|realization|neutral
183,27,neutral,0|13|27,admiration|excitement|neutral
184,2,anger,0|2|7|17,admiration|anger|curiosity|joy
185,18,love,0|6|25|27,admiration|confusion|sadness|neutral
186,5,caring,15|18|21|26,gratitude|love|pride|surprise
187,7,curiosity,0|3|8|9|14|20|26|27,admiration|annoyance|desire|disappointment|fear|optimism|surprise|neutral
188,1|5,amusement|caring,0|1|3|9|10|11|18,admiration|amusement|annoyance|disappointment|disapproval|disgust|love
189,10,disapproval,0|1|2|6|9|18|22,admiration|amusement|anger|confusion|disappointment|love|realization
190,27,neutral,0|5|7,admiration|caring|curiosity
191,27,neutral,2|4|10|15|22|27,anger|approval|disapproval|gratitude|realization|neutral
192,7,curiosity,1|4|17|20|26,amusement|approval|joy|optimism|surprise
193,9,disappointment,2|6|7|11|20|26|27,anger|confusion|curiosity|disgust|optimism|surprise|neutral
194,15,gratitude,1|7|27,amusement|curiosity|neutral
195,27,neutral,3|18|20|24|25|27,annoyance|love|optimism|remorse|sadness|neutral
196,27,neutral,4|7|10|26|27,approval|curiosity|disapproval|surprise|neutral
197,4|5,approval|caring,1|3|10|11|17|25,amusement|annoyance|disapproval|disgust|joy|sadness
198,3,annoyance,0|2|8|11|15|18,admiration|anger|desire|disgust|gratitude|love
199,1,amusement,0|1|2|4|10|14|15|18|24,admiration|amusement|anger|approval|disapproval|fear|gratitude|love|remorse
200,15,gratitude,0|1|4|5|10|13|15|25|26,admiration|amusement|approval|caring|disapproval|excitement|gratitude|sadness|surprise
201,27,neutral,10|27,disapproval|neutral
202,27,neutral,7|8|10|20|22|27,curiosity|desire|disapproval|optimism|realization|neutral
203,27,neutral,7|13|17|22|25,curiosity|excitement|joy|realization|sadness
204,7,curiosity,0|2|9|18|22,admiration|anger|disappointment|love|realization
205,0|9,admiration|disappointment,0|6|7|14|17|27,admiration|confusion|curiosity|fear|joy|neutral
206,0,admiration,4|7|26|27,approval|curiosity|surprise|neutral
207,0,admiration,1|2|3|4|6|7|15|24,amusement|anger|annoyance|approval|confusion|curiosity|gratitude|remorse
208,27,neutral,0|2|7|10|11|13|27,admiration|anger|curiosity|disapproval|disgust|excitement|neutral
209,18,love,4|10|11|20|27,approval|disapproval|disgust|optimism|neutral
210,5,caring,1|7|18|27,amusement|curiosity|love|neutral
211,9,disappointment,1|8|13|15|27,amusement|desire|excitement|gratitude|neutral
212,2,anger,1|2|3|4|10|11|14|15|17|24,amusement|anger|annoyance|approval|disapproval|disgust|fear|gratitude|joy|remorse
213,27,neutral,3|6|11|17|27,annoyance|confusion|disgust|joy|neutral
214,10,disapproval,2|4|6|7|18|27,anger|approval|confusion|curiosity|love|neutral
215,15,gratitude,2|7|15|20|26|27,anger|curiosity|gratitude|optimism|surprise|neutral
216,18,love,4|7|17|22|25|27,approval|curiosity|joy|realization|sadness|neutral
217,27,neutral,0|2|6|15|27,admiration|anger|confusion|gratitude|neutral
218,1|20,amusement|optimism,0|1|5|8|11|20|26,admiration|amusement|caring|desire|disgust|optimism|surprise
219,27,neutral,3|9|13|15|20|27,annoyance|disappointment|excitement|gratitude|optimism|neutral
220,24,remorse,1|6|10|15|17|18|22,amusement|confusion|disapproval|gratitude|joy|love|realization
221,5,caring,0|6|7|9|27,admiration|confusion|curiosity|disappointment|neutral
222,13,excitement,0|1|6|7|13|24|25,admiration|amusement|confusion|curiosity|excitement|remorse|sadness
223,27,neutral,0|11|22|24,admiration|disgust|realization|remorse
224,4,approval,0|1|4|13|18|26|27,admiration|amusement|approval|excitement|love|surprise|neutral
225,6|27,confusion|neutral,4|8|27,approval|desire|neutral
226,8,desire,2|3|7|9|10|11|20|25,anger|annoyance|curiosity|disappointment|disapproval|disgust|optimism|sadness
227,25,sadness,4|5|6|10|11|17|22|25|26|27,approval|caring|confusion|disapproval|disgust|joy|realization|sadness|surprise|neutral
228,27,neutral,4|8|9|10|16|18|22,approval|desire|disappointment|disapproval|grief|love|realization
229,7|15,curiosity|gratitude,2|6|8|15|20,anger|confusion|desire|gratitude|optimism
230,0,admiration,0|6|7|20|24|26|27,admiration|confusion|curiosity|optimism|remorse|surprise|neutral
231,18|20,love|optimism,3|4|5|7|13|20|25,annoyance|approval|caring|curiosity|excitement|optimism|sadness
232,7,curiosity,1|5|11|15|24|25|27,amusement|caring|disgust|gratitude|remorse|sadness|neutral
233,21,pride,1|2|10|11|15|26|27,amusement|anger|disapproval|disgust|gratitude|surprise|neutral
234,3,annoyance,0|6|7|18|21|27,admiration|confusion|curiosity|love|pride|neutral
235,18|20,love|optimism,4|6|7|9|11|13|18|20|22|24|25,approval|confusion|curiosity|disappointment|disgust|excitement|love|optimism|realization|remorse|sadness
236,15,gratitude,2|3|4|6|10|14|15|27,anger|annoyance|approval|confusion|disapproval|fear|gratitude|neutral
237,18,love,0|2|8|12|18,admiration|anger|desire|embarrassment|love
238,4,approval,1|4|5|17|18|20|26|27,amusement|approval|caring|joy|love|optimism|surprise|neutral
239,27,neutral,10|15|27,disapproval|gratitude|neutral
240,15,gratitude,1|2|7|10|11|14|15|18,amusement|anger|curiosity|disapproval|disgust|fear|gratitude|love
241,27,neutral,2|4|9|11|14|15|17|22|26,anger|approval|disappointment|disgust|fear|gratitude|joy|realization|surprise
242,0,admiration,2|3|4|6|10|15|25,anger|annoyance|approval|confusion|disapproval|gratitude|sadness
243,15,gratitude,1|4|9|27,amusement|approval|disappointment|neutral
244,4,approval,4|6|10|15|18|24|25,approval|confusion|disapproval|gratitude|love|remorse|sadness
245,20,optimism,3|7|10|17|24|26|27,annoyance|curiosity|disapproval|joy|remorse|surprise|neutral
246,13,excitement,1|5|10|14|15|27,amusement|caring|disapproval|fear|gratitude|neutral
247,27,neutral,1|6|11|14|22|27,amusement|confusion|disgust|fear|realization|neutral
248,27,neutral,5|15|17|22|27,caring|gratitude|joy|realization|neutral
249,3,annoyance,3|4|5|6|7|9|13|15|18|20|26,annoyance|approval|caring|confusion|curiosity|disappointment|excitement|gratitude|love|optimism|surprise
250,27,neutral,0|1|2|18,admiration|amusement|anger|love
251,1,amusement,4|6|9|18|26,approval|confusion|disappointment|love|surprise
252,27,neutral,1|4|14|15|18|25,amusement|approval|fear|gratitude|love|sadness
253,27,neutral,3|11|26|27,annoyance|disgust|surprise|neutral
254,4|17|27,approval|joy|neutral,0|10|14|18|25|27,admiration|disapproval|fear|love|sadness|neutral
255,27,neutral,0|1|4|7|8|14|15|17,admiration|amusement|approval|curiosity|desire|fear|gratitude|joy
256,27,neutral,4|5|7|13|18|23|27,approval|caring|curiosity|excitement|love|relief|neutral
257,9|22,disappointment|realization,0|2|3|5|10,admiration|anger|annoyance|caring|disapproval
258,6,confusion,6|8|10,confusion|desire|disapproval
259,4,approval,3|6|13|27,annoyance|confusion|excitement|neutral
260,3|10,annoyance|disapproval,0|2|3|4|10|15|17|24|25,admiration|anger|annoyance|approval|disapproval|gratitude|joy|remorse|sadness
261,5,caring,2|11|20|22|26,anger|disgust|optimism|realization|surprise
262,1|20,amusement|optimism,0|1|4|15|20|22|25|26,admiration|amusement|approval|gratitude|optimism|realization|sadness|surprise
263,10,disapproval,4|7|13|15|17|27,approval|curiosity|excitement|gratitude|joy|neutral
264,27,neutral,1|4|6|7|12,amusement|approval|confusion|curiosity|embarrassment
265,18|20,love|optimism,0|4|5|6|22|24|25|26|27,admiration|approval|caring|confusion|realization|remorse|sadness|surprise|neutral
266,2,anger,0|14|20|24|25|26|27,admiration|fear|optimism|remorse|sadness|surprise|neutral
267,7,curiosity,1|3|4|7|9|15|18,amusement|annoyance|approval|curiosity|disappointment|gratitude|love
268,26,surprise,1|3|5|10|22|27,amusement|annoyance|caring|disapproval|realization|neutral
269,2|9,anger|disappointment,0|2|3|15|17|20|26,admiration|anger|annoyance|gratitude|joy|optimism|surprise
270,17,joy,1|4|6|7|9|10|15|20|22|25,amusement|approval|confusion|curiosity|disappointment|disapproval|gratitude|optimism|realization|sadness
271,27,neutral,2|3|7|9|10|25|27,anger|annoyance|curiosity|disappointment|disapproval|sadness|neutral
272,20,optimism,7|17|27,curiosity|joy|neutral
273,13|17|21,excitement|joy|pride,0|1|2|5|13|17|27,admiration|amusement|anger|caring|excitement|joy|neutral
274,10,disapproval,3|4|9|15|22|25|27,annoyance|approval|disappointment|gratitude|realization|sadness|neutral
275,8,desire,0|3|4|6|7|13|17|18|20,admiration|annoyance|approval|confusion|curiosity|excitement|joy|love|optimism
276,7,curiosity,0|2|3|7|15|17|20|23|25,admiration|anger|annoyance|curiosity|gratitude|joy|optimism|relief|sadness
277,22,realization,0|2|7|9|10|11|15|18|27,admiration|anger|curiosity|disappointment|disapproval|disgust|gratitude|love|neutral
278,0|8,admiration|desire,0|1|4|6|10|11|14|24|25,admiration|amusement|approval|confusion|disapproval|disgust|fear|remorse|sadness
279,4,approval,3|9|10|14,annoyance|disappointment|disapproval|fear
280,27,neutral,0|2|6|7|10|15|17|27,admiration|anger|confusion|curiosity|disapproval|gratitude|joy|neutral
281,27,neutral,2|6|7|10|22|27,anger|confusion|curiosity|disapproval|realization|neutral
282,1,amusement,0|3|6|7|15|25,admiration|annoyance|confusion|curiosity|gratitude|sadness
283,1|26,amusement|surprise,0|5|6|18|20|27,admiration|caring|confusion|love|optimism|neutral
284,15,gratitude,2|6|10|15|18|27,anger|confusion|disapproval|gratitude|love|neutral
285,15,gratitude,6|20,confusion|optimism
286,8,desire,1|2|3|4|6|22,amusement|anger|annoyance|approval|confusion|realization
287,15,gratitude,6|10|18|20|22|25,confusion|disapproval|love|optimism|realization|sadness
288,0,admiration,10|27,disapproval|neutral
289,27,neutral,2|8|10|14|18|27,anger|desire|disapproval|fear|love|neutral
290,25,sadness,3|4|5|20|27,annoyance|approval|caring|optimism|neutral
291,27,neutral,4|7|9|15|22,approval|curiosity|disappointment|gratitude|realization
292,19,nervousness,1|2|3|4|6|9|10|13|15|17|20|22,amusement|anger|annoyance|approval|confusion|disappointment|disapproval|excitement|gratitude|joy|optimism|realization
293,7|8,curiosity|desire,4|5|6|10|13|22|27,approval|caring|confusion|disapproval|excitement|realization|neutral
294,5|10,caring|disapproval,3|20|25|27,annoyance|optimism|sadness|neutral
295,4|13,approval|excitement,0|1|3|4|7|18|24,admiration|amusement|annoyance|approval|curiosity|love|remorse
296,1|17,amusement|joy,0|10|15|25,admiration|disapproval|gratitude|sadness
297,8,desire,0|2|10|16,admiration|anger|disapproval|grief
298,11|12,disgust|embarrassment,4|5|8|9|14|27,approval|caring|desire|disappointment|fear|neutral
299,2,anger,1|2|7|22|25,amusement|anger|curiosity|realization|sadness
300,7,curiosity,6|7|22|25|27,confusion|curiosity|realization|sadness|neutral
301,1,amusement,0|2|4|7|9|12|15|18,admiration|anger|approval|curiosity|disappointment|embarrassment|gratitude|love
302,18,love,1|7|9|18|27,amusement|curiosity|disappointment|love|neutral
303,9,disappointment,3|6|7|13|17|18|25|27,annoyance|confusion|curiosity|excitement|joy|love|sadness|neutral
304,27,neutral,6|7|9|11|25,confusion|curiosity|disappointment|disgust|sadness
305,27,neutral,4|5|15|27,approval|caring|gratitude|neutral
306,27,neutral,0|1|6|7|10|13|14|20|27,admiration|amusement|confusion|curiosity|disapproval|excitement|fear|optimism|neutral
307,0|27,admiration|neutral,0|3|4|6|10|26|27,admiration|annoyance|approval|confusion|disapproval|surprise|neutral
308,27,neutral,0|3|4|6|11|12|15|17|27,admiration|annoyance|approval|confusion|disgust|embarrassment|gratitude|joy|neutral
309,20,optimism,3|9|11|25|27,annoyance|disappointment|disgust|sadness|neutral
310,20,optimism,6|7|9|10|12|20|27,confusion|curiosity|disappointment|disapproval|embarrassment|optimism|neutral
311,10,disapproval,1|3|4|11|15|20|25,amusement|annoyance|approval|disgust|gratitude|optimism|sadness
312,7|19,curiosity|nervousness,2|3|15|17,anger|annoyance|gratitude|joy
313,27,neutral,4|5|14|20,approval|caring|fear|optimism
314,2,anger,1|4|5|9|24|25|27,amusement|approval|caring|disappointment|remorse|sadness|neutral
315,10,disapproval,0|1|6|22|27,admiration|amusement|confusion|realization|neutral
316,27,neutral,0|5|6|20|22|27,admiration|caring|confusion|optimism|realization|neutral
317,2,anger,0|1|18|20|25|26|27,admiration|amusement|love|optimism|sadness|surprise|neutral
318,27,neutral,5|12|15|17|27,caring|embarrassment|gratitude|joy|neutral
319,27,neutral,1|2|4|7|9|15|27,amusement|anger|approval|curiosity|disappointment|gratitude|neutral
320,4,approval,0|1|3|4|9|13|15|26,admiration|amusement|annoyance|approval|disappointment|excitement|gratitude|surprise
321,3,annoyance,0|20|22|26,admiration|optimism|realization|surprise
322,27,neutral,2|6|13|15|17|18|21|24,anger|confusion|excitement|gratitude|joy|love|pride|remorse
323,10|15,disapproval|gratitude,0|1|5|7|11|15|22|25|27,admiration|amusement|caring|curiosity|disgust|gratitude|realization|sadness|neutral
324,1|17,amusement|joy,1|9|10|22|23|27,amusement|disappointment|disapproval|realization|relief|neutral
325,2|3,anger|annoyance,0|2|3|4|7|11|14,admiration|anger|annoyance|approval|curiosity|disgust|fear
326,27,neutral,6|7|9|10|11|20,confusion|curiosity|disappointment|disapproval|disgust|optimism
327,27,neutral,2|9|11,anger|disappointment|disgust
328,17,joy,5|15|17|20|25,caring|gratitude|joy|optimism|sadness
329,15,gratitude,1|2|3|4|6|7|9|10|14|20|22,amusement|anger|annoyance|approval|confusion|curiosity|disappointment|disapproval|fear|optimism|realization
330,27,neutral,1|8|9|13|24,amusement|desire|disappointment|excitement|remorse
331,27,neutral,6|9|15|19|22|25|27,confusion|disappointment|gratitude|nervousness|realization|sadness|neutral
332,27,neutral,2|4|6|7|11|13|14,anger|approval|confusion|curiosity|disgust|excitement|fear
333,27,neutral,7|8|13|20,curiosity|desire|excitement|optimism
334,20,optimism,2|3|10|13|15|20|26,anger|annoyance|disapproval|excitement|gratitude|optimism|surprise
335,3,annoyance,2|3|5|6|9|10|20|22,anger|annoyance|caring|confusion|disappointment|disapproval|optimism|realization
336,5|24,caring|remorse,3|6|7|9|13|24|25|26,annoyance|confusion|curiosity|disappointment|excitement|remorse|sadness|surprise
337,0|15,admiration|gratitude,4|6|10|17|22|25|27,approval|confusion|disapproval|joy|realization|sadness|neutral
338,25,sadness,0|1|6|7|8|20|26,admiration|amusement|confusion|curiosity|desire|optimism|surprise
339,3,annoyance,0|1|4|13|15|24|25|27,admiration|amusement|approval|excitement|gratitude|remorse|sadness|neutral
340,13,excitement,0|2|3|7|14|20|25,admiration|anger|annoyance|curiosity|fear|optimism|sadness
341,0,admiration,2|9|10|11|15|22|25,anger|disappointment|disapproval|disgust|gratitude|realization|sadness
342,1,amusement,1|4|11|14|18|20|24|27,amusement|approval|disgust|fear|love|optimism|remorse|neutral
343,27,neutral,0|3|15|20|25|26|27,admiration|annoyance|gratitude|optimism|sadness|surprise|neutral
344,7,curiosity,1|3|4|7|18|20|27,amusement|annoyance|approval|curiosity|love|optimism|neutral
345,14,fear,6|7|18|25|27,confusion|curiosity|love|sadness|neutral
346,27,neutral,0|3|10|15|18|22,admiration|annoyance|disapproval|gratitude|love|realization
347,3,annoyance,1|2|3|7|10|17|20|25,amusement|anger|annoyance|curiosity|disapproval|joy|optimism|sadness
348,13,excitement,0|4|6|10|14|18,admiration|approval|confusion|disapproval|fear|love
349,0|5|20,admiration|caring|optimism,2|3|4|7|8|23|24|26,anger|annoyance|approval|curiosity|desire|relief|remorse|surprise
350,26,surprise,7|8|9|14|15|19|22|25,curiosity|desire|disappointment|fear|gratitude|nervousness|realization|sadness
351,27,neutral,0|27,admiration|neutral
352,27,neutral,0|3|4|10|11|26,admiration|annoyance|approval|disapproval|disgust|surprise
353,5,caring,1|3|5|7|9|10|17|25|27,amusement|annoyance|caring|curiosity|disappointment|disapproval|joy|sadness|neutral
354,6|27,confusion|neutral,0|7|8|26|27,admiration|curiosity|desire|surprise|neutral
355,7,curiosity,3|10|13|14|17|18|25|27,annoyance|disapproval|excitement|fear|joy|love|sadness|neutral
356,26,surprise,1|4|5|12|22,amusement|approval|caring|embarrassment|realization
357,0,admiration,6|11|12|26|27,confusion|disgust|embarrassment|surprise|neutral
358,27,neutral,0|3|4|6|15|18|24|26,admiration|annoyance|approval|confusion|gratitude|love|remorse|surprise
359,10|20,disapproval|optimism,0|2|3|7|9|13|15|17|18|20,admiration|anger|annoyance|curiosity|disappointment|excitement|gratitude|joy|love|optimism
360,27,neutral,1|13|20|26,amusement|excitement|optimism|surprise
361,1,amusement,2|3|14|15|17|25,anger|annoyance|fear|gratitude|joy|sadness
362,0,admiration,0|2|4|5|8|9|10|13|27,admiration|anger|approval|caring|desire|disappointment|disapproval|excitement|neutral
363,3|9,annoyance|disappointment,2|4|5|7|22,anger|approval|caring|curiosity|realization
364,4,approval,1|3|5|6|7|15|24,amusement|annoyance|caring|confusion|curiosity|gratitude|remorse
365,0|27,admiration|neutral,1|2|3|10|13|17|25|27,amusement|anger|annoyance|disapproval|excitement|joy|sadness|neutral
366,0,admiration,0|1|5|7|11|14|15|18|20|23,admiration|amusement|caring|curiosity|disgust|fear|gratitude|love|optimism|relief
367,27,neutral,1|17|18|20,amusement|joy|love|optimism
368,3|9,annoyance|disappointment,3|4|6|14|22|25|27,annoyance|approval|confusion|fear|realization|sadness|neutral
369,27,neutral,0|1|4|9|14,admiration|amusement|approval|disappointment|fear
370,8,desire,1|11|15|18|27,amusement|disgust|gratitude|love|neutral
371,27,neutral,1|3|7|10|11|15|22|25|27,amusement|annoyance|curiosity|disapproval|disgust|gratitude|realization|sadness|neutral
372,6,confusion,15|27,gratitude|neutral
373,0|18,admiration|love,3|6|15|18|20|24|25,annoyance|confusion|gratitude|love|optimism|remorse|sadness
374,4|6|7,approval|confusion|curiosity,1|6|9|14|15|22|25|27,amusement|confusion|disappointment|fear|gratitude|realization|sadness|neutral
375,27,neutral,4|6|8|9|10|18|22|24|25|27,approval|confusion|desire|disappointment|disapproval|love|realization|remorse|sadness|neutral
376,27,neutral,2|3|5|7|10|11|13|18|20,anger|annoyance|caring|curiosity|disapproval|disgust|excitement|love|optimism
377,13,excitement,1|6|9|13|15|22|24|27,amusement|confusion|disappointment|excitement|gratitude|realization|remorse|neutral
378,24,remorse,1|15|17|18|20|27,amusement|gratitude|joy|love|optimism|neutral
379,20,optimism,1|2|4|5|7|8|9|10|18,amusement|anger|approval|caring|curiosity|desire|disappointment|disapproval|love
380,18,love,1|2|4|6|7|9,amusement|anger|approval|confusion|curiosity|disappointment
381,1|27,amusement|neutral,0|2|3|10|13|15|18|20|22,admiration|anger|annoyance|disapproval|excitement|gratitude|love|optimism|realization
382,6,confusion,5|7|9|27,caring|curiosity|disappointment|neutral
383,4|27,approval|neutral,0|2|7|12|15|22|26,admiration|anger|curiosity|embarrassment|gratitude|realization|surprise
384,27,neutral,0|3|4|7|10|15|20|27,admiration|annoyance|approval|curiosity|disapproval|gratitude|optimism|neutral
385,6,confusion,0|1|2|5|10|11|14|15|24|27,admiration|amusement|anger|caring|disapproval|disgust|fear|gratitude|remorse|neutral
386,1,amusement,0|1|2|3|5|8|9|15|20|24|27,admiration|amusement|anger|annoyance|caring|desire|disappointment|gratitude|optimism|remorse|neutral
387,4|27,approval|neutral,0|3|6|11|14|15|20|22,admiration|annoyance|confusion|disgust|fear|gratitude|optimism|realization
388,10,disapproval,1|3|11|18|22|25|26,amusement|annoyance|disgust|love|realization|sadness|surprise
389,3|9|25,annoyance|disappointment|sadness,7|25|27,curiosity|sadness|neutral
390,4,approval,1|8|17|20|25|26,amusement|desire|joy|optimism|sadness|surprise
391,7,curiosity,1|4|7|9|20|26,amusement|approval|curiosity|disappointment|optimism|surprise
392,7,curiosity,0|2|3|4|7|17,admiration|anger|annoyance|approval|curiosity|joy
393,27,neutral,2|3|4|5|15|17|18,anger|annoyance|approval|caring|gratitude|joy|love
394,0|9,admiration|disappointment,3|5|10|17|24,annoyance|caring|disapproval|joy|remorse
395,27,neutral,2|4|22|25|27,anger|approval|realization|sadness|neutral
396,0|3,admiration|annoyance,1|5|10|17|25|27,amusement|caring|disapproval|joy|sadness|neutral
397,25,sadness,0|1|7|9|10|18|22|25|27,admiration|amusement|curiosity|disappointment|disapproval|love|realization|sadness|neutral
398,1|11,amusement|disgust,0|2|5|6|7|26|27,admiration|anger|caring|confusion|curiosity|surprise|neutral
399,2|3,anger|annoyance,2|5|7|10|13|15|18|22,anger|caring|curiosity|disapproval|excitement|gratitude|love|realization
400,3,annoyance,0|3|4|6|17,admiration|annoyance|approval|confusion|joy
401,27,neutral,0|5|6|9|11|20|26|27,admiration|caring|confusion|disappointment|disgust|optimism|surprise|neutral
402,17,joy,0|2|4|24|26|27,admiration|anger|approval|remorse|surprise|neutral
403,3,annoyance,3|13|14|15|27,annoyance|excitement|fear|gratitude|neutral
404,0,admiration,3|5|7|15|17|18|20|25,annoyance|caring|curiosity|gratitude|joy|love|optimism|sadness
405,6,confusion,1|3|4|6|8|13|15|17|24|25|27,amusement|annoyance|approval|confusion|desire|excitement|gratitude|joy|remorse|sadness|neutral
406,11,disgust,0|1|3|15|18|25|26,admiration|amusement|annoyance|gratitude|love|sadness|surprise
407,0,admiration,0|1|3|9|11|22|26|27,admiration|amusement|annoyance|disappointment|disgust|realization|surprise|neutral
408,27,neutral,1|4|8|10|11|15|20|27,amusement|approval|desire|disapproval|disgust|gratitude|optimism|neutral
409,9,disappointment,2|3|7|15,anger|annoyance|curiosity|gratitude
410,15,gratitude,0|3|9|22|25,admiration|annoyance|disappointment|realization|sadness
411,0,admiration,2|3|4|5|7|15,anger|annoyance|approval|caring|curiosity|gratitude
412,27,neutral,2|3|4|5|6|7|18|20,anger|annoyance|approval|caring|confusion|curiosity|love|optimism
413,0|27,admiration|neutral,4|9|22,approval|disappointment|realization
414,10,disapproval,0|10|13|15|18|20|27,admiration|disapproval|excitement|gratitude|love|optimism|neutral
415,27,neutral,7|9|13|15|20,curiosity|disappointment|excitement|gratitude|optimism
416,2|3,anger|annoyance,6|8|9|20|22,confusion|desire|disappointment|optimism|realization
417,27,neutral,0|3|6|11|14|26|27,admiration|annoyance|confusion|disgust|fear|surprise|neutral
418,0|1,admiration|amusement,9|10|11|15|18|22|27,disappointment|disapproval|disgust|gratitude|love|realization|neutral
419,15,gratitude,1|2|3|4|6|8|9|15|17|25,amusement|anger|annoyance|approval|confusion|desire|disappointment|gratitude|joy|sadness
420,14,fear,0|11|16|17|25|27,admiration|disgust|grief|joy|sadness|neutral
421,11,disgust,2|3|4|8|10|11|15|17|25|26,anger|annoyance|approval|desire|disapproval|disgust|gratitude|joy|sadness|surprise
422,10,disapproval,10|15|20,disapproval|gratitude|optimism
423,4|14,approval|fear,7|8|9|17|27,curiosity|desire|disappointment|joy|neutral
424,0,admiration,15|17|18|20|22|24|27,gratitude|joy|love|optimism|realization|remorse|neutral
425,3|27,annoyance|neutral,1|2|25|26|27,amusement|anger|sadness|surprise|neutral
426,12,embarrassment,5|13|15|22,caring|excitement|gratitude|realization
427,26,surprise,1|5|7|8|15|25,amusement|caring|curiosity|desire|gratitude|sadness
428,0|18,admiration|love,0|3|5|8|11|15|17|22,admiration|annoyance|caring|desire|disgust|gratitude|joy|realization
429,22,realization,4|7|13|18|22|25|26|27,approval|curiosity|excitement|love|realization|sadness|surprise|neutral
430,11,disgust,1|15|27,amusement|gratitude|neutral
431,24,remorse,0|2|11|15|22|24|26|27,admiration|anger|disgust|gratitude|realization|remorse|surprise|neutral
432,7,curiosity,0|3|14|17|20|24|25|27,admiration|annoyance|fear|joy|optimism|remorse|sadness|neutral
433,27,neutral,0|10|15|18,admiration|disapproval|gratitude|love
434,0,admiration,10|11|22|24,disapproval|disgust|realization|remorse
435,3,annoyance,0|2|7|15|17|27,admiration|anger|curiosity|gratitude|joy|neutral
436,27,neutral,3|4|11|22,annoyance|approval|disgust|realization
437,27,neutral,6|7|8|9|13|17|25|27,confusion|curiosity|desire|disappointment|excitement|joy|sadness|neutral
438,7|26,curiosity|surprise,0|4|6|20,admiration|approval|confusion|optimism
439,27,neutral,3|4|7|10|13|22|25,annoyance|approval|curiosity|disapproval|excitement|realization|sadness
440,0,admiration,3|5|6|7|11|13|20,annoyance|caring|confusion|curiosity|disgust|excitement|optimism
441,27,neutral,0|4|6|13|15|17|18|25|26,admiration|approval|confusion|excitement|gratitude|joy|love|sadness|surprise
442,7,curiosity,0|1|3|10|18,admiration|amusement|annoyance|disapproval|love
443,10,disapproval,3|5|6|7|18|22|24,annoyance|caring|confusion|curiosity|love|realization|remorse
444,25,sadness,1|3|8|10|11|13|20,amusement|annoyance|desire|disapproval|disgust|excitement|optimism
445,24|25,remorse|sadness,0|1|3|17,admiration|amusement|annoyance|joy
446,1|27,amusement|neutral,0|3|4|6|8|9|15|27,admiration|annoyance|approval|confusion|desire|disappointment|gratitude|neutral
447,25,sadness,3|6|7|10|11|24,annoyance|confusion|curiosity|disapproval|disgust|remorse
448,24,remorse,1|3|8|10|14|17|18|27,amusement|annoyance|desire|disapproval|fear|joy|love|neutral
449,13,excitement,2|3|6|14|15|25,anger|annoyance|confusion|fear|gratitude|sadness
450,0|4,admiration|approval,2|8|9|10|11|17|22|27,anger|desire|disappointment|disapproval|disgust|joy|realization|neutral
451,4|21,approval|pride,0|1|2|3|5|7|8|13|17|20|27,admiration|amusement|anger|annoyance|caring|curiosity|desire|excitement|joy|optimism|neutral
452,4,approval,3|4|6|7|9|20|22|27,annoyance|approval|confusion|curiosity|disappointment|optimism|realization|neutral
453,18,love,0|5|7|18|20|27,admiration|caring|curiosity|love|optimism|neutral
454,27,neutral,1|3|5|7|13|15|26|27,amusement|annoyance|caring|curiosity|excitement|gratitude|surprise|neutral
455,25,sadness,1|4|15|20|27,amusement|approval|gratitude|optimism|neutral
456,27,neutral,1|2|17|27,amusement|anger|joy|neutral
457,4,approval,9|13|14|15|17|25|27,disappointment|excitement|fear|gratitude|joy|sadness|neutral
458,26,surprise,0|3|7|9|11|18,admiration|annoyance|curiosity|disappointment|disgust|love
459,27,neutral,25|26|27,sadness|surprise|neutral
460,27,neutral,3|6|7|10|17|24|27,annoyance|confusion|curiosity|disapproval|joy|remorse|neutral
461,6,confusion,0|1|2|4|11|14,admiration|amusement|anger|approval|disgust|fear
462,27,neutral,0|3|7|13|17|18|27,admiration|annoyance|curiosity|excitement|joy|love|neutral
463,7,curiosity,0|3|6|7|9|15|17|25,admiration|annoyance|confusion|curiosity|disappointment|gratitude|joy|sadness
464,0|20,admiration|optimism,1|3|4|9|13|14|25,amusement|annoyance|approval|disappointment|excitement|fear|sadness
465,27,neutral,3|4|6|9|10|20|22,annoyance|approval|confusion|disappointment|disapproval|optimism|realization
466,9,disappointment,3|9|13|18|22|27,annoyance|disappointment|excitement|love|realization|neutral
467,27,neutral,2|6|15|26|27,anger|confusion|gratitude|surprise|neutral
468,27,neutral,2|3|10|15|18,anger|annoyance|disapproval|gratitude|love
469,21,pride,1|4|5|6|7|20|22,amusement|approval|caring|confusion|curiosity|optimism|realization
470,27,neutral,4|6|9|15|18|23|25|27,approval|confusion|disappointment|gratitude|love|relief|sadness|neutral
471,0,admiration,0|2|4|5|6|17,admiration|anger|approval|caring|confusion|joy
472,14,fear,0|2|15|17|20|21|25|27,admiration|anger|gratitude|joy|optimism|pride|sadness|neutral
473,27,neutral,0|5|17|18|25|26|27,admiration|caring|joy|love|sadness|surprise|neutral
474,27,neutral,1|10|26|27,amusement|disapproval|surprise|neutral
475,27,neutral,2|3|5|17|27,anger|annoyance|caring|joy|neutral
476,17,joy,6|7|10|17|25|26|27,confusion|curiosity|disapproval|joy|sadness|surprise|neutral
477,2|11,anger|disgust,10|27,disapproval|neutral
478,27,neutral,4|15|17|27,approval|gratitude|joy|neutral
479,0,admiration,3|4|6|10|18|20|26|27,annoyance|approval|confusion|disapproval|love|optimism|surprise|neutral
480,26,surprise,0|1|3|13|14|17|18,admiration|amusement|annoyance|excitement|fear|joy|love
481,4|20,approval|optimism,5|6|8|9|13|15,caring|confusion|desire|disappointment|excitement|gratitude
482,0,admiration,0|5|7|9|11|27,admiration|caring|curiosity|disappointment|disgust|neutral
483,10,disapproval,1|3|4|9|11|13|24|27,amusement|annoyance|approval|disappointment|disgust|excitement|remorse|neutral
484,2,anger,0|4|7|9|13|22|25|27,admiration|approval|curiosity|disappointment|excitement|realization|sadness|neutral
485,11,disgust,0|2|11|15|27,admiration|anger|disgust|gratitude|neutral
486,15,gratitude,0|1|2|3|4|5|22|26|27,admiration|amusement|anger|annoyance|approval|caring|realization|surprise|neutral
487,6|7,confusion|curiosity,0|1|2|4|13|22|25,admiration|amusement|anger|approval|excitement|realization|sadness
488,1,amusement,0|1|15|18|20|27,admiration|amusement|gratitude|love|optimism|neutral
489,27,neutral,0|2|4|9|17|25|26|27,admiration|anger|approval|disappointment|joy|sadness|surprise|neutral
490,10,disapproval,2|6|7|13|15|20,anger|confusion|curiosity|excitement|gratitude|optimism
491,27,neutral,6|11|15|25|26|27,confusion|disgust|gratitude|sadness|surprise|neutral
492,27,neutral,3|9|12|15|17|18|22|27,annoyance|disappointment|embarrassment|gratitude|joy|love|realization|neutral
493,0,admiration,0|2|3|9|10|11|15,admiration|anger|annoyance|disappointment|disapproval|disgust|gratitude
494,27,neutral,0|2|8|9|18|22,admiration|anger|desire|disappointment|love|realization
495,27,neutral,0|4|7|15|18|22|26,admiration|approval|curiosity|gratitude|love|realization|surprise
496,15|26,gratitude|surprise,0|5|6|7|15|17,admiration|caring|confusion|curiosity|gratitude|joy
497,6,confusion,3|5|15|20|26|27,annoyance|caring|gratitude|optimism|surprise|neutral
498,17|20,joy|optimism,1|4|5|7|9|15|20,amusement|approval|caring|curiosity|disappointment|gratitude|optimism
499,5,caring,1|2|7|9|15|18|27,amusement|anger|curiosity|disappointment|gratitude|love|neutral
500,7,curiosity,1|7|10|11|15|22|25,amusement|curiosity|disapproval|disgust|gratitude|realization|sadness
501,0,admiration,2|4|9|13|18|25,anger|approval|disappointment|excitement|love|sadness
502,14|22,fear|realization,1|3|4|7|8|10|13|14|18,amusement|annoyance|approval|curiosity|desire|disapproval|excitement|fear|love
503,26,surprise,0|1|2|3|10|13|18|22|27,admiration|amusement|anger|annoyance|disapproval|excitement|love|realization|neutral
504,4,approval,3|9|13|15|17|20|25|27,annoyance|disappointment|excitement|gratitude|joy|optimism|sadness|neutral
505,18,love,0|1|2|4|5|9|10|11|14,admiration|amusement|anger|approval|caring|disappointment|disapproval|disgust|fear
506,18,love,6|7|8|10|17|27,confusion|curiosity|desire|disapproval|joy|neutral
507,11,disgust,1|3|4|5|10|20|22|27,amusement|annoyance|approval|caring|disapproval|optimism|realization|neutral
508,4,approval,0|1|5|8|14|17|20|24|25|26,admiration|amusement|caring|desire|fear|joy|optimism|remorse|sadness|surprise
509,20|27,optimism|neutral,0|4|6|7|9|17|24,admiration|approval|confusion|curiosity|disappointment|joy|remorse
510,17|23,joy|relief,0|2|3|5|6|7|11|25,admiration|anger|annoyance|caring|confusion|curiosity|disgust|sadness
511,10,disapproval,0|3|4|6|10|15,admiration|annoyance|approval|confusion|disapproval|gratitude
512,27,neutral,3|4|5|6|7|10|11|12|20|27,annoyance|approval|caring|confusion|curiosity|disapproval|disgust|embarrassment|optimism|neutral
513,0,admiration,3|4|6|7|8|13|18|20|22|27,annoyance|approval|confusion|curiosity|desire|excitement|love|optimism|realization|neutral
514,12,embarrassment,4|5|10|13|14|15|17|18|23|25,approval|caring|disapproval|excitement|fear|gratitude|joy|love|relief|sadness
515,27,neutral,18|20|22|25|27,love|optimism|realization|sadness|neutral
516,0,admiration,4|6|7|15|25|27,approval|confusion|curiosity|gratitude|sadness|neutral
517,2,anger,2|3|6|7|9|15|17|18|26,anger|annoyance|confusion|curiosity|disappointment|gratitude|joy|love|surprise
518,17,joy,0|13|15|17|18,admiration|excitement|gratitude|joy|love
519,16|18,grief|love,4|5|8|11|15|25|26,approval|caring|desire|disgust|gratitude|sadness|surprise
520,10,disapproval,3|10|13|15|26|27,annoyance|disapproval|excitement|gratitude|surprise|neutral
521,27,neutral,5|13|20|21|27,caring|excitement|optimism|pride|neutral
522,1|4,amusement|approval,0|1|3|5|7|13|15|17,admiration|amusement|annoyance|caring|curiosity|excitement|gratitude|joy
523,6,confusion,1|7|8|12|18|20|25|26,amusement|curiosity|desire|embarrassment|love|optimism|sadness|surprise
524,14,fear,4|10|20|24|26|27,approval|disapproval|optimism|remorse|surprise|neutral
525,26,surprise,0|2|3|4|18|26,admiration|anger|annoyance|approval|love|surprise
526,0|4|17,admiration|approval|joy,0|2|3|6|13|17,admiration|anger|annoyance|confusion|excitement|joy
527,20,optimism,9|10|17|20|27,disappointment|disapproval|joy|optimism|neutral
528,25,sadness,0|3|5,admiration|annoyance|caring
529,27,neutral,3|7|13|20|27,annoyance|curiosity|excitement|optimism|neutral
530,9,disappointment,1|2|7|25|27,amusement|anger|curiosity|sadness|neutral
531,1,amusement,0|4|7|9|20|27,admiration|approval|curiosity|disappointment|optimism|neutral
532,3,annoyance,1|2|3|4|7|11|14|15|18|20|22,amusement|anger|annoyance|approval|curiosity|disgust|fear|gratitude|love|optimism|realization
533,22,realization,0|3|4|13|18|20|27,admiration|annoyance|approval|excitement|love|optimism|neutral
534,27,neutral,7|10|13|18|20,curiosity|disapproval|excitement|love|optimism
535,27,neutral,0|3|4|15|20,admiration|annoyance|approval|gratitude|optimism
536,18,love,4|5|9|14|15|25|27,approval|caring|disappointment|fear|gratitude|sadness|neutral
537,27,neutral,5|7|9|18|20|27,caring|curiosity|disappointment|love|optimism|neutral
538,27,neutral,2|3|4|5|7|15|20|26,anger|annoyance|approval|caring|curiosity|gratitude|optimism|surprise
539,2|26,anger|surprise,0|3|8|11|13|15|18|22|27,admiration|annoyance|desire|disgust|excitement|gratitude|love|realization|neutral
540,7,curiosity,0|8|10|12|13|15|17|24|25|26,admiration|desire|disapproval|embarrassment|excitement|gratitude|joy|remorse|sadness|surprise
541,5,caring,0|3|8|13|17|18|27,admiration|annoyance|desire|excitement|joy|love|neutral
542,10,disapproval,1|9|14|20|27,amusement|disappointment|fear|optimism|neutral
543,16|24|25,grief|remorse|sadness,0|27,admiration|neutral
544,27,neutral,17|18|22|23|27,joy|love|realization|relief|neutral
545,13,excitement,0|7|9|18|20,admiration|curiosity|disappointment|love|optimism
546,0,admiration,2|4|8|10|27,anger|approval|desire|disapproval|neutral
547,27,neutral,1|4|7|11|17|18|24|27,amusement|approval|curiosity|disgust|joy|love|remorse|neutral
548,0,admiration,0|2|11|12|13|15|20|27,admiration|anger|disgust|embarrassment|excitement|gratitude|optimism|neutral
549,7,curiosity,0|2|17|27,admiration|anger|joy|neutral
550,0,admiration,0|1|6|7|11|18|27,admiration|amusement|confusion|curiosity|disgust|love|neutral
551,27,neutral,10|17|24,disapproval|joy|remorse
552,3,annoyance,0|6|7|8|9|15|20,admiration|confusion|curiosity|desire|disappointment|gratitude|optimism
553,27,neutral,1|2|3|4|7|15|17|20,amusement|anger|annoyance|approval|curiosity|gratitude|joy|optimism
554,17|24,joy|remorse,7|10|13|20|26|27,curiosity|disapproval|excitement|optimism|surprise|neutral
555,0,admiration,2|5|9|10|26|27,anger|caring|disappointment|disapproval|surprise|neutral
556,20|22,optimism|realization,0|6|7|10|13|15,admiration|confusion|curiosity|disapproval|excitement|gratitude
557,27,neutral,3|17|20|25|27,annoyance|joy|optimism|sadness|neutral
558,5,caring,4|7|10|14|15|25,approval|curiosity|disapproval|fear|gratitude|sadness
559,11,disgust,0|7|9|10|11|17|22|26,admiration|curiosity|disappointment|disapproval|disgust|joy|realization|surprise
560,9|12,disappointment|embarrassment,0|1|5|6|15|22,admiration|amusement|caring|confusion|gratitude|realization
561,20,optimism,0|7|9|10|15,admiration|curiosity|disappointment|disapproval|gratitude
562,17|27,joy|neutral,2|3|8|11|14|15|25,anger|annoyance|desire|disgust|fear|gratitude|sadness
563,27,neutral,2|3|6|13,anger|annoyance|confusion|excitement
564,7,curiosity,0|1|2|3|4|5|9|20,admiration|amusement|anger|annoyance|approval|caring|disappointment|optimism
565,0|18,admiration|love,0|1|4|18|20|27,admiration|amusement|approval|love|optimism|neutral
566,27,neutral,1|2|16|20,amusement|anger|grief|optimism
567,9,disappointment,1|6|13|15|17|18|25|26,amusement|confusion|excitement|gratitude|joy|love|sadness|surprise
568,0,admiration,1|2|3|17|20,amusement|anger|annoyance|joy|optimism
569,7,curiosity,1|3|20|24|27,amusement|annoyance|optimism|remorse|neutral
570,22,realization,0|5|7|10|15|18|22|25|26,admiration|caring|curiosity|disapproval|gratitude|love|realization|sadness|surprise
571,27,neutral,0|2|11|15|17,admiration|anger|disgust|gratitude|joy
572,27,neutral,1|3|6|9|13|15|20|22,amusement|annoyance|confusion|disappointment|excitement|gratitude|optimism|realization
573,1,amusement,2|5|7|15|27,anger|caring|curiosity|gratitude|neutral
574,15,gratitude,2|6|15|27,anger|confusion|gratitude|neutral
575,27,neutral,1|4|6|7|8|9|18|20,amusement|approval|confusion|curiosity|desire|disappointment|love|optimism
576,20,optimism,0|3|6|10|15|18|26,admiration|annoyance|confusion|disapproval|gratitude|love|surprise
577,1|17,amusement|joy,0|2|9|11|13|18|19|27,admiration|anger|disappointment|disgust|excitement|love|nervousness|neutral
578,0,admiration,1|4|6|14|15|17|22|25|27,amusement|approval|confusion|fear|gratitude|joy|realization|sadness|neutral
579,10|20,disapproval|optimism,0|8|15|18|25|27,admiration|desire|gratitude|love|sadness|neutral
580,14,fear,0|18|20|22,admiration|love|optimism|realization
581,4|21,approval|pride,3|6|7|9|20|27,annoyance|confusion|curiosity|disappointment|optimism|neutral
582,15|20,gratitude|optimism,5|15|27,caring|gratitude|neutral
583,7,curiosity,0|1|15|18|25,admiration|amusement|gratitude|love|sadness
584,3,annoyance,0|3|4|13|18|20|25|26,admiration|annoyance|approval|excitement|love|optimism|sadness|surprise
585,27,neutral,0|4|10|13|14|26,admiration|approval|disapproval|excitement|fear|surprise
586,27,neutral,2|3|4|11|20|26,anger|annoyance|approval|disgust|optimism|surprise
587,13|15|26,excitement|gratitude|surprise,2|5|7|9|18|27,anger|caring|curiosity|disappointment|love|neutral
588,27,neutral,1|2|3|5|6|9|17|25,amusement|anger|annoyance|caring|confusion|disappointment|joy|sadness
589,27,neutral,0|1|2|5|6|7|20,admiration|amusement|anger|caring|confusion|curiosity|optimism
590,6,confusion,0|10|27,admiration|disapproval|neutral
591,27,neutral,1|2|15|22|25,amusement|anger|gratitude|realization|sadness
592,1,amusement,4|6|7|9|10|14|15|20|25,approval|confusion|curiosity|disappointment|disapproval|fear|gratitude|optimism|sadness
593,0,admiration,0|4|10|20|26,admiration|approval|disapproval|optimism|surprise
594,9|26,disappointment|surprise,0|5|17|18|27,admiration|caring|joy|love|neutral
595,7,curiosity,0|4|7|9|10|18,admiration|approval|curiosity|disappointment|disapproval|love
596,20,optimism,0|4|6|9|10|18|27,admiration|approval|confusion|disappointment|disapproval|love|neutral
597,0,admiration,0|2|4|7|20|25|27,admiration|anger|approval|curiosity|optimism|sadness|neutral
598,1,amusement,0|2|3|6|13|15|27,admiration|anger|annoyance|confusion|excitement|gratitude|neutral
599,18,love,1|6|8|24|26|27,amusement|confusion|desire|remorse|surprise|neutral
600,10|27,disapproval|neutral,1|4|6|7|8|9|10|11|13|15|22|25,amusement|approval|confusion|curiosity|desire|disappointment|disapproval|disgust|excitement|gratitude|realization|sadness
601,27,neutral,10|11|15|17|24,disapproval|disgust|gratitude|joy|remorse
602,3|5|22,annoyance|caring|realization,1|2|4|7|25|26|27,amusement|anger|approval|curiosity|sadness|surprise|neutral
603,27,neutral,2|3|4|6|17|27,anger|annoyance|approval|confusion|joy|neutral
604,20,optimism,0|5|7|9|11|15|26,admiration|caring|curiosity|disappointment|disgust|gratitude|surprise
605,4|10|27,approval|disapproval|neutral,0|1|4|6|17|22,admiration|amusement|approval|confusion|joy|realization
606,25,sadness,0|1|2|5|6|7|11|25,admiration|amusement|anger|caring|confusion|curiosity|disgust|sadness
607,2|18,anger|love,0|1|2|4|10|11|12|13|17|25|26,admiration|amusement|anger|approval|disapproval|disgust|embarrassment|excitement|joy|sadness|surprise
608,4,approval,7|20|22|26,curiosity|optimism|realization|surprise
609,7|27,curiosity|neutral,3|5|6|8|9|14|15|17|20,annoyance|caring|confusion|desire|disappointment|fear|gratitude|joy|optimism
610,4|27,approval|neutral,0|1|2|4|18|20,admiration|amusement|anger|approval|love|optimism
611,0|17,admiration|joy,0|1|7|9|15|27,admiration|amusement|curiosity|disappointment|gratitude|neutral
612,27,neutral,0|9|10|17|18|20|25|26,admiration|disappointment|disapproval|joy|love|optimism|sadness|surprise
613,6,confusion,3|7|8|9|13|14|20|25|27,annoyance|curiosity|desire|disappointment|excitement|fear|optimism|sadness|neutral
614,0,admiration,1|6|18|25|26|27,amusement|confusion|love|sadness|surprise|neutral
615,3,annoyance,1|3|6|7|8|10|13|14|18|20|22|24,amusement|annoyance|confusion|curiosity|desire|disapproval|excitement|fear|love|optimism|realization|remorse
616,0,admiration,15|18|20,gratitude|love|optimism
617,14,fear,0|2|3|15|27,admiration|anger|annoyance|gratitude|neutral
618,2|25,anger|sadness,0|3|4|5|7|8|9|12|20|27,admiration|annoyance|approval|caring|curiosity|desire|disappointment|embarrassment|optimism|neutral
619,1,amusement,0|7|15|18|20,admiration|curiosity|gratitude|love|optimism
620,7,curiosity,4|6|9|15,approval|confusion|disappointment|gratitude
621,9|10,disappointment|disapproval,1|2|11|22|26,amusement|anger|disgust|realization|surprise
622,18,love,1|2|7|17|22|27,amusement|anger|curiosity|joy|realization|neutral
623,1|10,amusement|disapproval,0|4|6|7|10|18|26,admiration|approval|confusion|curiosity|disapproval|love|surprise
624,6,confusion,0|1|8|13|15|18|22,admiration|amusement|desire|excitement|gratitude|love|realization
625,18,love,0|2|4|6|7|18,admiration|anger|approval|confusion|curiosity|love
626,3,annoyance,1|3|10|14|15|22|26|27,amusement|annoyance|disapproval|fear|gratitude|realization|surprise|neutral
627,0|15,admiration|gratitude,1|9|10|11|18|20|22,amusement|disappointment|disapproval|disgust|love|optimism|realization
628,18,love,0|7|15,admiration|curiosity|gratitude
629,19,nervousness,0|2|5|9|20|22|27,admiration|anger|caring|disappointment|optimism|realization|neutral
630,7|27,curiosity|neutral,0|3|6|7|15|18|22|27,admiration|annoyance|confusion|curiosity|gratitude|love|realization|neutral
631,0|7,admiration|curiosity,6|9|10|17|22|26,confusion|disappointment|disapproval|joy|realization|surprise
632,10,disapproval,5|15|18|20|25,caring|gratitude|love|optimism|sadness
633,7,curiosity,1|3|6|11,amusement|annoyance|confusion|disgust
634,20|27,optimism|neutral,2|4|10|27,anger|approval|disapproval|neutral
635,17,joy,3|7|20|27,annoyance|curiosity|optimism|neutral
636,25,sadness,7|10|11|18|20|25|27,curiosity|disapproval|disgust|love|optimism|sadness|neutral
637,10|20,disapproval|optimism,0|11|15|20,admiration|disgust|gratitude|optimism
638,8,desire,1|2|3|5|6|9|15|18|22|25,amusement|anger|annoyance|caring|confusion|disappointment|gratitude|love|realization|sadness
639,27,neutral,1|2|8|20|22|27,amusement|anger|desire|optimism|realization|neutral
640,5,caring,3|7|9|14|18|25|26,annoyance|curiosity|disappointment|fear|love|sadness|surprise
641,27,neutral,3|9|27,annoyance|disappointment|neutral
642,5,caring,2|4|17|20|22|25|27,anger|approval|joy|optimism|realization|sadness|neutral
643,1,amusement,1|3|6|9|13|17|25|26,amusement|annoyance|confusion|disappointment|excitement|joy|sadness|surprise
644,18,love,1|27,amusement|neutral
645,13|17,excitement|joy,10|15|17|18,disapproval|gratitude|joy|love
646,0|20|24,admiration|optimism|remorse,2|3|17|27,anger|annoyance|joy|neutral
647,15|20,gratitude|optimism,0|2|4|5|6|8|9|10|14|15|20,admiration|anger|approval|caring|confusion|desire|disappointment|disapproval|fear|gratitude|optimism
648,0|15,admiration|gratitude,3|7|10|15|18|24,annoyance|curiosity|disapproval|gratitude|love|remorse
649,10,disapproval,2|3|7|18|25,anger|annoyance|curiosity|love|sadness
650,11,disgust,2|4|7|10|17|27,anger|approval|curiosity|disapproval|joy|neutral
651,2,anger,2|3|8|11|20|22,anger|annoyance|desire|disgust|optimism|realization
652,27,neutral,6|7|17|25|26|27,confusion|curiosity|joy|sadness|surprise|neutral
653,1,amusement,3|6|10|18|22,annoyance|confusion|disapproval|love|realization
654,0,admiration,0|1|4|5|7|15|18|20,admiration|amusement|approval|caring|curiosity|gratitude|love|optimism
655,27,neutral,1|7|9|11|27,amusement|curiosity|disappointment|disgust|neutral
656,5,caring,0|2|4|9|10|11|17|18|25,admiration|anger|approval|disappointment|disapproval|disgust|joy|love|sadness
657,2,anger,4|10|11|17,approval|disapproval|disgust|joy
658,11,disgust,2|7,anger|curiosity
659,6,confusion,0|6|7|9|10|13|25,admiration|confusion|curiosity|disappointment|disapproval|excitement|sadness
660,26,surprise,4|6|10|20|25|26|27,approval|confusion|disapproval|optimism|sadness|surprise|neutral
661,22,realization,2|10|22|27,anger|disapproval|realization|neutral
662,27,neutral,6|7|14|17|20|27,confusion|curiosity|fear|joy|optimism|neutral
663,1,amusement,4|5|9|18|24|27,approval|caring|disappointment|love|remorse|neutral
664,27,neutral,10|11|15|17|18|24|25|26,disapproval|disgust|gratitude|joy|love|remorse|sadness|surprise
665,22,realization,10|13|17|18|25|27,disapproval|excitement|joy|love|sadness|neutral
666,6,confusion,2|4|10|24|25|27,anger|approval|disapproval|remorse|sadness|neutral
667,10,disapproval,0|2|7|26,admiration|anger|curiosity|surprise
668,4,approval,0|2|3|5|7|13|17|27,admiration|anger|annoyance|caring|curiosity|excitement|joy|neutral
669,27,neutral,3|7|8|11|14|15|20|22|27,annoyance|curiosity|desire|disgust|fear|gratitude|optimism|realization|neutral
670,27,neutral,0|4|7|8|9|15|17|21|22|26|27,admiration|approval|curiosity|desire|disappointment|gratitude|joy|pride|realization|surprise|neutral
671,3,annoyance,3|11|13|14|27,annoyance|disgust|excitement|fear|neutral
672,15,gratitude,0|9|15|18|22,admiration|disappointment|gratitude|love|realization
673,27,neutral,1|6|8|9|15|17|20|22,amusement|confusion|desire|disappointment|gratitude|joy|optimism|realization
674,0,admiration,0|3|4|5|7|13|15|17|18|25,admiration|annoyance|approval|caring|curiosity|excitement|gratitude|joy|love|sadness
675,27,neutral,0|3|7|9|10|15|25|27,admiration|annoyance|curiosity|disappointment|disapproval|gratitude|sadness|neutral
676,1,amusement,1|2|6|7|14|27,amusement|anger|confusion|curiosity|fear|neutral
677,6,confusion,0|1|5|8|13|15|20,admiration|amusement|caring|desire|excitement|gratitude|optimism
678,20,optimism,0|3|7|15|17,admiration|annoyance|curiosity|gratitude|joy
679,3,annoyance,0|3|6|9|17|18|22|24|25|27,admiration|annoyance|confusion|disappointment|joy|love|realization|remorse|sadness|neutral
680,1,amusement,5|7|14|18|21|25,caring|curiosity|fear|love|pride|sadness
681,5,caring,4|7|18|20|27,approval|curiosity|love|optimism|neutral
682,14,fear,0|1|7|13|27,admiration|amusement|curiosity|excitement|neutral
683,6|26,confusion|surprise,0|4|17|18|20|24|26|27,admiration|approval|joy|love|optimism|remorse|surprise|neutral
684,17,joy,10|22|26|27,disapproval|realization|surprise|neutral
685,24,remorse,0|7|15|17|20|22|25,admiration|curiosity|gratitude|joy|optimism|realization|sadness
686,2,anger,2|3|4|6|7|10|15|20,anger|annoyance|approval|confusion|curiosity|disapproval|gratitude|optimism
687,27,neutral,0|1|4|6|22|27,admiration|amusement|approval|confusion|realization|neutral
688,27,neutral,0|3|8|13|20|22|24|26,admiration|annoyance|desire|excitement|optimism|realization|remorse|surprise
689,0|22,admiration|realization,0|1|3|5|10|25,admiration|amusement|annoyance|caring|disapproval|sadness
690,0|4,admiration|approval,2|3|8|9|10|15|17|18|24,anger|annoyance|desire|disappointment|disapproval|gratitude|joy|love|remorse
691,8,desire,3|4|5|7|8|9|10|11|15|25|27,annoyance|approval|caring|curiosity|desire|disappointment|disapproval|disgust|gratitude|sadness|neutral
692,4|5,approval|caring,1|2|5|7|9|11|22,amusement|anger|caring|curiosity|disappointment|disgust|realization
693,4,approval,3|4|10|18|26|27,annoyance|approval|disapproval|love|surprise|neutral
694,7|11|25,curiosity|disgust|sadness,0|1|4|10|13|22|24|25|26,admiration|amusement|approval|disapproval|excitement|realization|remorse|sadness|surprise
695,20,optimism,0|5|15|16|17|20|25,admiration|caring|gratitude|grief|joy|optimism|sadness
696,27,neutral,1|2|4|9|10|11|17|20|27,amusement|anger|approval|disappointment|disapproval|disgust|joy|optimism|neutral
697,6|7,confusion|curiosity,1|2|3|6|7|9|10|13|15|17,amusement|anger|annoyance|confusion|curiosity|disappointment|disapproval|excitement|gratitude|joy
698,27,neutral,2|5|10|13|17|18|22|26,anger|caring|disapproval|excitement|joy|love|realization|surprise
699,22,realization,0|3|4|6|9,admiration|annoyance|approval|confusion|disappointment
700,7,curiosity,0|4|14|17|18|20|22|25,admiration|approval|fear|joy|love|optimism|realization|sadness
701,0|13,admiration|excitement,2|3|4|9|10|15|24|25,anger|annoyance|approval|disappointment|disapproval|gratitude|remorse|sadness
702,27,neutral,0|2|3|5|20|25|27,admiration|anger|annoyance|caring|optimism|sadness|neutral
703,0,admiration,3|6|15|17|25|27,annoyance|confusion|gratitude|joy|sadness|neutral
704,11|18,disgust|love,6|8|13|14|18|20|22|25|27,confusion|desire|excitement|fear|love|optimism|realization|sadness|neutral
705,7,curiosity,1|7|10|26|27,amusement|curiosity|disapproval|surprise|neutral
706,20,optimism,0|2|3|4|20|27,admiration|anger|annoyance|approval|optimism|neutral
707,1,amusement,1|10|15|18|20|26,amusement|disapproval|gratitude|love|optimism|surprise
708,27,neutral,3|4|5|9|15|18|27,annoyance|approval|caring|disappointment|gratitude|love|neutral
709,18,love,4|6|7|9|15|20|27,approval|confusion|curiosity|disappointment|gratitude|optimism|neutral
710,2,anger,0|2|7|13|27,admiration|anger|curiosity|excitement|neutral
711,3,annoyance,10|13|22|25|26|27,disapproval|excitement|realization|sadness|surprise|neutral
712,10,disapproval,0|2|7|9|10|18|25|27,admiration|anger|curiosity|disappointment|disapproval|love|sadness|neutral
713,20,optimism,0|4|14|25,admiration|approval|fear|sadness
714,27,neutral,3|5|6|7|13|15|17|20,annoyance|caring|confusion|curiosity|excitement|gratitude|joy|optimism
715,8|18,desire|love,0|1|2|6|10|15|17,admiration|amusement|anger|confusion|disapproval|gratitude|joy
716,15,gratitude,2|3|5|9|10|15|25,anger|annoyance|caring|disappointment|disapproval|gratitude|sadness
717,15,gratitude,1|7|10|11|18|27,amusement|curiosity|disapproval|disgust|love|neutral
718,27,neutral,0|1|5|20|22|26|27,admiration|amusement|caring|optimism|realization|surprise|neutral
719,9|25,disappointment|sadness,1|5,amusement|caring
720,1,amusement,0|6|7|15|20|26,admiration|confusion|curiosity|gratitude|optimism|surprise
721,27,neutral,0|4|9|18,admiration|approval|disappointment|love
722,27,neutral,4|10|15|18|20|27,approval|disapproval|gratitude|love|optimism|neutral
723,4,approval,3|9|18|24|26|27,annoyance|disappointment|love|remorse|surprise|neutral
724,27,neutral,0|5|10|15|22,admiration|caring|disapproval|gratitude|realization
725,4,approval,10|11|17|20|25|27,disapproval|disgust|joy|optimism|sadness|neutral
726,27,neutral,2|10|15|17|27,anger|disapproval|gratitude|joy|neutral
727,15,gratitude,0|2|5|7|15|26,admiration|anger|caring|curiosity|gratitude|surprise
728,1,amusement,0|2|3|7|8|11|18|20|22|27,admiration|anger|annoyance|curiosity|desire|disgust|love|optimism|realization|neutral
729,5,caring,2|3|11|18|22|24|25,anger|annoyance|disgust|love|realization|remorse|sadness
730,17,joy,2|3|13|17|18,anger|annoyance|excitement|joy|love
731,6,confusion,2|8|9|10|11|17|25|26|27,anger|desire|disappointment|disapproval|disgust|joy|sadness|surprise|neutral
732,7,curiosity,2|6|7|15|18|20,anger|confusion|curiosity|gratitude|love|optimism
733,27,neutral,0|1|2|3|5|9|13|17,admiration|amusement|anger|annoyance|caring|disappointment|excitement|joy
734,15,gratitude,15|18|20|26|27,gratitude|love|optimism|surprise|neutral
735,17,joy,1|15|20|25|26,amusement|gratitude|optimism|sadness|surprise
736,27,neutral,0|2|3|7|14|15|20,admiration|anger|annoyance|curiosity|fear|gratitude|optimism
737,11,disgust,4|11|15|17|27,approval|disgust|gratitude|joy|neutral
738,27,neutral,0|2|5|9|10|12|13|14|18|22,admiration|anger|caring|disappointment|disapproval|embarrassment|excitement|fear|love|realization
739,0|4,admiration|approval,4|7|13|17|27,approval|curiosity|excitement|joy|neutral
740,27,neutral,6|14|20,confusion|fear|optimism
741,10,disapproval,2|4|6|15|17|20|22,anger|approval|confusion|gratitude|joy|optimism|realization
742,27,neutral,1|3|10|15|17|18|20,amusement|annoyance|disapproval|gratitude|joy|love|optimism
743,6,confusion,1|3|4|6|7|11|15|27,amusement|annoyance|approval|confusion|curiosity|disgust|gratitude|neutral
744,27,neutral,0|4|9|15|17|18|20|26,admiration|approval|disappointment|gratitude|joy|love|optimism|surprise
745,18,love,1|5|17|18|25,amusement|caring|joy|love|sadness
746,0,admiration,0|2|4|5|9|13|15,admiration|anger|approval|caring|disappointment|excitement|gratitude
747,27,neutral,1|5|10|11|17|18|23,amusement|caring|disapproval|disgust|joy|love|relief
748,27,neutral,1|2|10|18|27,amusement|anger|disapproval|love|neutral
749,27,neutral,4,approval
750,1,amusement,9|11|17|20|26|27,disappointment|disgust|joy|optimism|surprise|neutral
751,27,neutral,3|7|25|27,annoyance|curiosity|sadness|neutral
752,5,caring,0|3|7|9|15|17|20|26,admiration|annoyance|curiosity|disappointment|gratitude|joy|optimism|surprise
753,14,fear,6|10|15,confusion|disapproval|gratitude
754,27,neutral,1|2|3|18|20|24,amusement|anger|annoyance|love|optimism|remorse
755,4|8,approval|desire,2|9|10|11|18|26,anger|disappointment|disapproval|disgust|love|surprise
756,27,neutral,1|5|7|17|22,amusement|caring|curiosity|joy|realization
757,27,neutral,0|3|9|15|17|24|25,admiration|annoyance|disappointment|gratitude|joy|remorse|sadness
758,27,neutral,3|6|22|26,annoyance|confusion|realization|surprise
759,17,joy,3|11|15|22,annoyance|disgust|gratitude|realization
760,27,neutral,1|3|5|6|9|14|17|24,amusement|annoyance|caring|confusion|disappointment|fear|joy|remorse
761,25,sadness,1|20|22|25,amusement|optimism|realization|sadness
762,3|27,annoyance|neutral,2|4|5|17|18|20|27,anger|approval|caring|joy|love|optimism|neutral
763,27,neutral,3|5|6|7|9|17|18|25|26|27,annoyance|caring|confusion|curiosity|disappointment|joy|love|sadness|surprise|neutral
764,9,disappointment,2|4|13|17|18|25|27,anger|approval|excitement|joy|love|sadness|neutral
765,27,neutral,2|9|10|11|27,anger|disappointment|disapproval|disgust|neutral
766,19|20,nervousness|optimism,4|5|7|9|17|20|27,approval|caring|curiosity|disappointment|joy|optimism|neutral
767,27,neutral,0|6|17|27,admiration|confusion|joy|neutral
768,22,realization,0|3|18|27,admiration|annoyance|love|neutral
769,27,neutral,1|5|7|17|25|27,amusement|caring|curiosity|joy|sadness|neutral
770,0,admiration,5|6|8|11|12|17|22|26,caring|confusion|desire|disgust|embarrassment|joy|realization|surprise
771,10|27,disapproval|neutral,0|1|2|3|5|10|15|18|22,admiration|amusement|anger|annoyance|caring|disapproval|gratitude|love|realization
772,27,neutral,7|8|9|13|14|15|17|20|25,curiosity|desire|disappointment|excitement|fear|gratitude|joy|optimism|sadness
773,27,neutral,3|4|5|6|7|8|9|10|20|22|27,annoyance|approval|caring|confusion|curiosity|desire|disappointment|disapproval|optimism|realization|neutral
774,0,admiration,6|10|14|25|27,confusion|disapproval|fear|sadness|neutral
775,10,disapproval,0|4|17|18|20|27,admiration|approval|joy|love|optimism|neutral
776,27,neutral,0|3|13|17|18|22|26|27,admiration|annoyance|excitement|joy|love|realization|surprise|neutral
777,0,admiration,6|7|13|17|25,confusion|curiosity|excitement|joy|sadness
778,0,admiration,0|3|4|15|18|24|25|27,admiration|annoyance|approval|gratitude|love|remorse|sadness|neutral
779,11,disgust,2|3|15|23,anger|annoyance|gratitude|relief
780,4,approval,1|2|4|5|10|11|14|17|24,amusement|anger|approval|caring|disapproval|disgust|fear|joy|remorse
781,22,realization,2|3|4|8|10|15|27,anger|annoyance|approval|desire|disapproval|gratitude|neutral
782,2,anger,2|3|7|14|18|20|25,anger|annoyance|curiosity|fear|love|optimism|sadness
783,18|20,love|optimism,0|2|5|7|13|15|18|25|27,admiration|anger|caring|curiosity|excitement|gratitude|love|sadness|neutral
784,0,admiration,2|3|13|17|22,anger|annoyance|excitement|joy|realization
785,4,approval,4|11|17|18|25|27,approval|disgust|joy|love|sadness|neutral
786,7,curiosity,4|5|6|8|9|11|23|27,approval|caring|confusion|desire|disappointment|disgust|relief|neutral
787,27,neutral,1|13|15|18|22|25,amusement|excitement|gratitude|love|realization|sadness
788,15,gratitude,0|1|3|15|17,admiration|amusement|annoyance|gratitude|joy
789,27,neutral,0|7,admiration|curiosity
790,4|24,approval|remorse,0|2|4|6|10|11|13|27,admiration|anger|approval|confusion|disapproval|disgust|excitement|neutral
791,0|18,admiration|love,1|5|6|8|10|27,amusement|caring|confusion|desire|disapproval|neutral
792,11,disgust,4|11|17|22|26,approval|disgust|joy|realization|surprise
793,27,neutral,0|3|14|22|25|27,admiration|annoyance|fear|realization|sadness|neutral
794,27,neutral,3|9|13|17|20|24|25,annoyance|disappointment|excitement|joy|optimism|remorse|sadness
795,27,neutral,0|3|5|10|20|22|25|27,admiration|annoyance|caring|disapproval|optimism|realization|sadness|neutral
796,18,love,25|27,sadness|neutral
797,1,amusement,7|8|10|22|27,curiosity|desire|disapproval|realization|neutral
798,17,joy,0|5|7|11|18|27,admiration|caring|curiosity|disgust|love|neutral
799,1,amusement,5|9|11|18|27,caring|disappointment|disgust|love|neutral
800,2,anger,0|1|5|20,admiration|amusement|caring|optimism
801,27,neutral,0|1|2|5|8|18|26,admiration|amusement|anger|caring|desire|love|surprise
802,17,joy,0|3|18|27,admiration|annoyance|love|neutral
803,27,neutral,1|4|9|10|11|18|25|27,amusement|approval|disappointment|disapproval|disgust|love|sadness|neutral
804,17,joy,0|1|7|10|26,admiration|amusement|curiosity|disapproval|surprise
805,2,anger,4|9|18|20,approval|disappointment|love|optimism
806,14,fear,4|7|9|11|15,approval|curiosity|disappointment|disgust|gratitude
807,26,surprise,0|1|13|17|18|25|26|27,admiration|amusement|excitement|joy|love|sadness|surprise|neutral
808,15,gratitude,0|4|7|8|15|17,admiration|approval|curiosity|desire|gratitude|joy
809,15|20,gratitude|optimism,1|5|6|7|15|17|20,amusement|caring|confusion|curiosity|gratitude|joy|optimism
810,3,annoyance,3|4|25,annoyance|approval|sadness
811,13,excitement,2|3|6|9|13|14|17|18|27,anger|annoyance|confusion|disappointment|excitement|fear|joy|love|neutral
812,3,annoyance,0|4|8|9|24,admiration|approval|desire|disappointment|remorse
813,27,neutral,0|2|3|4|10|14|18|22,admiration|anger|annoyance|approval|disapproval|fear|love|realization
814,8,desire,2|5|6|7|10|13|15|22|27,anger|caring|confusion|curiosity|disapproval|excitement|gratitude|realization|neutral
815,3|6,annoyance|confusion,1|4|10|17|20,amusement|approval|disapproval|joy|optimism
816,0,admiration,4|10|17|18|27,approval|disapproval|joy|love|neutral
817,4,approval,0|5|6|7|18|20|25,admiration|caring|confusion|curiosity|love|optimism|sadness
818,3|9|16,annoyance|disappointment|grief,0|5|10|11|17|20|22|27,admiration|caring|disapproval|disgust|joy|optimism|realization|neutral
819,20,optimism,2|4|5|8|10|17,anger|approval|caring|desire|disapproval|joy
820,20,optimism,0|1|7|10|13|18|22|27,admiration|amusement|curiosity|disapproval|excitement|love|realization|neutral
821,27,neutral,1|2|9|10|11|15|24|25|26,amusement|anger|disappointment|disapproval|disgust|gratitude|remorse|sadness|surprise
822,5|24|25,caring|remorse|sadness,7|17|18|22|26,curiosity|joy|love|realization|surprise
823,0|8,admiration|desire,3|4|6|9|13|20|22,annoyance|approval|confusion|disappointment|excitement|optimism|realization
824,27,neutral,0|1|4|13|14|17|20|22|27,admiration|amusement|approval|excitement|fear|joy|optimism|realization|neutral
825,26,surprise,9|17|18|26,disappointment|joy|love|surprise
826,4,approval,0|3|5|10|15|18|20,admiration|annoyance|caring|disapproval|gratitude|love|optimism
827,27,neutral,0|1|14|22|27,admiration|amusement|fear|realization|neutral
828,3,annoyance,1|5|8|14|17|18|20|25|27,amusement|caring|desire|fear|joy|love|optimism|sadness|neutral
829,27,neutral,3|5|11|15|18|20|25,annoyance|caring|disgust|gratitude|love|optimism|sadness
830,17,joy,0|4|8|10|21|25,admiration|approval|desire|disapproval|pride|sadness
831,25,sadness,6|9|13|15|17|24|25|27,confusion|disappointment|excitement|gratitude|joy|remorse|sadness|neutral
832,4|7,approval|curiosity,0|2|4|5|8|10|15|17,admiration|anger|approval|caring|desire|disapproval|gratitude|joy
833,5|20,caring|optimism,2|17|18|27,anger|joy|love|neutral
834,4,approval,0|1|9|15|18|20|22|24|26,admiration|amusement|disappointment|gratitude|love|optimism|realization|remorse|surprise
835,20,optimism,1|3|8|9|18|20|22|27,amusement|annoyance|desire|disappointment|love|optimism|realization|neutral
836,18,love,0|4|6,admiration|approval|confusion
837,17,joy,6|27,confusion|neutral
838,27,neutral,4|9|15|18|27,approval|disappointment|gratitude|love|neutral
839,27,neutral,9|10|27,disappointment|disapproval|neutral
840,27,neutral,6|18|19|20|22|24|25|27,confusion|love|nervousness|optimism|realization|remorse|sadness|neutral
841,27,neutral,0|1|2|4|10|24,admiration|amusement|anger|approval|disapproval|remorse
842,1|6,amusement|confusion,4|5|7|15|18|22|26,approval|caring|curiosity|gratitude|love|realization|surprise
843,25,sadness,3|13,annoyance|excitement
844,11,disgust,1|3|4|6|20|25|26,amusement|annoyance|approval|confusion|optimism|sadness|surprise
845,0,admiration,3|4|9|27,annoyance|approval|disappointment|neutral
846,27,neutral,1|5|6|13|15|20|22,amusement|caring|confusion|excitement|gratitude|optimism|realization
847,27,neutral,0|3|5|13|20|27,admiration|annoyance|caring|excitement|optimism|neutral
848,14|26,fear|surprise,2|5|13|17|27,anger|caring|excitement|joy|neutral
849,17,joy,1|4|5|7|17|18|20|25|27,amusement|approval|caring|curiosity|joy|love|optimism|sadness|neutral
850,10,disapproval,0|13|18|27,admiration|excitement|love|neutral
851,27,neutral,0|1|2|3|8|9|10,admiration|amusement|anger|annoyance|desire|disappointment|disapproval
852,27,neutral,0|3|5|11|15|17,admiration|annoyance|caring|disgust|gratitude|joy
853,10,disapproval,1|3|5|7|24|27,amusement|annoyance|caring|curiosity|remorse|neutral
854,20|22,optimism|realization,0|10|15|27,admiration|disapproval|gratitude|neutral
855,3,annoyance,1|2|3|8|15|17|18|22|25|26,amusement|anger|annoyance|desire|gratitude|joy|love|realization|sadness|surprise
856,3,annoyance,0|1|2|4|7|13|18|20,admiration|amusement|anger|approval|curiosity|excitement|love|optimism
857,6,confusion,2|3|4|17|20|26,anger|annoyance|approval|joy|optimism|surprise
858,27,neutral,0|3|9|17|24|26,admiration|annoyance|disappointment|joy|remorse|surprise
859,22|26,realization|surprise,0|4|8|9|25,admiration|approval|desire|disappointment|sadness
860,3|7,annoyance|curiosity,1|2|3|6|14|15|25,amusement|anger|annoyance|confusion|fear|gratitude|sadness
861,10|25,disapproval|sadness,3|6|10|13|20|27,annoyance|confusion|disapproval|excitement|optimism|neutral
862,27,neutral,1|2|6|22|27,amusement|anger|confusion|realization|neutral
863,4,approval,4|10|13|14|22|25|26,approval|disapproval|excitement|fear|realization|sadness|surprise
864,27,neutral,1|2|3|13|14|15|17|18|20|22,amusement|anger|annoyance|excitement|fear|gratitude|joy|love|optimism|realization
865,0|18,admiration|love,0|1|8|13|15|17|18|27,admiration|amusement|desire|excitement|gratitude|joy|love|neutral
866,14,fear,0|4|7|9|15|26,admiration|approval|curiosity|disappointment|gratitude|surprise
867,18,love,2|4|6|22|25|27,anger|approval|confusion|realization|sadness|neutral
868,15,gratitude,0|1|2|3|5|7|10|15,admiration|amusement|anger|annoyance|caring|curiosity|disapproval|gratitude
869,27,neutral,2|4|5|9|17|19|20|23|25,anger|approval|caring|disappointment|joy|nervousness|optimism|relief|sadness
870,1|3,amusement|annoyance,3|4|5|6|7|15|17|24|27,annoyance|approval|caring|confusion|curiosity|gratitude|joy|remorse|neutral
871,27,neutral,0|10|18|20|27,admiration|disapproval|love|optimism|neutral
872,0,admiration,3|9|13|15|18|26,annoyance|disappointment|excitement|gratitude|love|surprise
873,13,excitement,3|5|13|18|27,annoyance|caring|excitement|love|neutral
874,27,neutral,0|3|4|9|10|20|22,admiration|annoyance|approval|disappointment|disapproval|optimism|realization
875,27,neutral,0|2|4|15|17|26,admiration|anger|approval|gratitude|joy|surprise
876,7,curiosity,2|3|4|5|7|9|10|13|14|18,anger|annoyance|approval|caring|curiosity|disappointment|disapproval|excitement|fear|love
877,4,approval,0|3|27,admiration|annoyance|neutral
878,1|15,amusement|gratitude,0|1|2|4|6|15|22,admiration|amusement|anger|approval|confusion|gratitude|realization
879,15|26,gratitude|surprise,1|5|11|13|15|20|26|27,amusement|caring|disgust|excitement|gratitude|optimism|surprise|neutral
880,0,admiration,7|11|15|17|18|20|26,curiosity|disgust|gratitude|joy|love|optimism|surprise
881,14,fear,1|4|10|14|22|26|27,amusement|approval|disapproval|fear|realization|surprise|neutral
882,7|26,curiosity|surprise,2|3|9|10|14|17|20,anger|annoyance|disappointment|disapproval|fear|joy|optimism
883,1,amusement,3|25|26,annoyance|sadness|surprise
884,17,joy,5|7|10|15|20|22|26,caring|curiosity|disapproval|gratitude|optimism|realization|surprise
885,27,neutral,3|22|26|27,annoyance|realization|surprise|neutral
886,0|4,admiration|approval,0|1|15|18|25,admiration|amusement|gratitude|love|sadness
887,1,amusement,4|8|10|13|15|17|25|26,approval|desire|disapproval|excitement|gratitude|joy|sadness|surprise
888,7,curiosity,0|1|2|7|9|22,admiration|amusement|anger|curiosity|disappointment|realization
889,15|18,gratitude|love,0|1|10|25|27,admiration|amusement|disapproval|sadness|neutral
890,22,realization,0|4|6|7|10|11|14|17|18|20,admiration|approval|confusion|curiosity|disapproval|disgust|fear|joy|love|optimism
891,9,disappointment,2|3|6|15|17|20|25|26,anger|annoyance|confusion|gratitude|joy|optimism|sadness|surprise
892,1,amusement,4|11|20|27,approval|disgust|optimism|neutral
893,27,neutral,0|9|10|25|27,admiration|disappointment|disapproval|sadness|neutral
894,25,sadness,0|8|20|24|25|27,admiration|desire|optimism|remorse|sadness|neutral
895,27,neutral,1|2|4|5|7|26,amusement|anger|approval|caring|curiosity|surprise
896,27,neutral,1|9|11|17|18|26,amusement|disappointment|disgust|joy|love|surprise
897,1,amusement,1|2|3|7|11|15|22|24|27,amusement|anger|annoyance|curiosity|disgust|gratitude|realization|remorse|neutral
898,4,approval,5|9|25|26|27,caring|disappointment|sadness|surprise|neutral
899,27,neutral,5|6|13|16|17|24|27,caring|confusion|excitement|grief|joy|remorse|neutral
900,11,disgust,0|3|4|7|17,admiration|annoyance|approval|curiosity|joy
901,18,love,1|3|4|5|6|9|11|20|22|25,amusement|annoyance|approval|caring|confusion|disappointment|disgust|optimism|realization|sadness
902,1,amusement,7|10|18,curiosity|disapproval|love
903,18,love,11|15|27,disgust|gratitude|neutral
904,22,realization,20|22|25|26,optimism|realization|sadness|surprise
905,18,love,0|1|4|7|10|12|27,admiration|amusement|approval|curiosity|disapproval|embarrassment|neutral
906,9,disappointment,1|3|5|6|7|9|10|18|27,amusement|annoyance|caring|confusion|curiosity|disappointment|disapproval|love|neutral
907,6,confusion,1|4|13|14|15|19|27,amusement|approval|excitement|fear|gratitude|nervousness|neutral
908,26,surprise,3|4|6|9|10|13|22|27,annoyance|approval|confusion|disappointment|disapproval|excitement|realization|neutral
909,15,gratitude,0|6|7|9|15|17|20|25|27,admiration|confusion|curiosity|disappointment|gratitude|joy|optimism|sadness|neutral
910,25,sadness,10|12|17|18,disapproval|embarrassment|joy|love
911,4,approval,1|6|13|22|25,amusement|confusion|excitement|realization|sadness
912,17|27,joy|neutral,1|8|15|17,amusement|desire|gratitude|joy
913,2,anger,8|20|22|24|27,desire|optimism|realization|remorse|neutral
914,1,amusement,3|15|22|27,annoyance|gratitude|realization|neutral
915,1,amusement,0|1|3|9|13|18,admiration|amusement|annoyance|disappointment|excitement|love
916,1,amusement,2|4|9|27,anger|approval|disappointment|neutral
917,0,admiration,2|3|6|7|10|13|25,anger|annoyance|confusion|curiosity|disapproval|excitement|sadness
918,27,neutral,0|6|7|14|27,admiration|confusion|curiosity|fear|neutral
919,4|27,approval|neutral,0|8|9|20,admiration|desire|disappointment|optimism
920,27,neutral,0|4|6|10|18|24|26,admiration|approval|confusion|disapproval|love|remorse|surprise
921,15,gratitude,2|4|5|6|11|18|20|22|24|25,anger|approval|caring|confusion|disgust|love|optimism|realization|remorse|sadness
922,10,disapproval,1|3|7|12|22|26,amusement|annoyance|curiosity|embarrassment|realization|surprise
923,7,curiosity,0|3|4|6|9|17|20|26,admiration|annoyance|approval|confusion|disappointment|joy|optimism|surprise
924,25,sadness,0|1|5|7|27,admiration|amusement|caring|curiosity|neutral
925,3,annoyance,0|1|3|4|7|9|10|17|26,admiration|amusement|annoyance|approval|curiosity|disappointment|disapproval|joy|surprise
926,10,disapproval,3|5|6|8|10|20|25|26|27,annoyance|caring|confusion|desire|disapproval|optimism|sadness|surprise|neutral
927,2|3,anger|annoyance,4|10|27,approval|disapproval|neutral
928,7|13,curiosity|excitement,0|1|4|5|7|20|25|27,admiration|amusement|approval|caring|curiosity|optimism|sadness|neutral
929,27,neutral,3|7|15|22,annoyance|curiosity|gratitude|realization
930,9,disappointment,1|2|3|5|10|17,amusement|anger|annoyance|caring|disapproval|joy
931,1,amusement,0|4|5|17|20|25|26|27,admiration|approval|caring|joy|optimism|sadness|surprise|neutral
932,0|5,admiration|caring,2|3|5|6|7|13|27,anger|annoyance|caring|confusion|curiosity|excitement|neutral
933,9|25,disappointment|sadness,3|4|7|10|15,annoyance|approval|curiosity|disapproval|gratitude
934,27,neutral,0|2|4|5|9|10|20|26,admiration|anger|approval|caring|disappointment|disapproval|optimism|surprise
935,27,neutral,2|4|5|14|20|27,anger|approval|caring|fear|optimism|neutral
936,27,neutral,0|4|6|15|20,admiration|approval|confusion|gratitude|optimism
937,2,anger,9|10|27,disappointment|disapproval|neutral
938,0,admiration,6|27,confusion|neutral
939,3,annoyance,3|4|5|8|9|14|17|18|22,annoyance|approval|caring|desire|disappointment|fear|joy|love|realization
940,27,neutral,0|2|10|15|17|20|27,admiration|anger|disapproval|gratitude|joy|optimism|neutral
941,27,neutral,3|6|9|10|24|27,annoyance|confusion|disappointment|disapproval|remorse|neutral
942,5,caring,0|1|10|13|15|27,admiration|amusement|disapproval|excitement|gratitude|neutral
943,27,neutral,0|3|5|8|13|17,admiration|annoyance|caring|desire|excitement|joy
944,5,caring,0|8|12|15|20|24|26|27,admiration|desire|embarrassment|gratitude|optimism|remorse|surprise|neutral
945,27,neutral,0|6|15|18|25|27,admiration|confusion|gratitude|love|sadness|neutral
946,2,anger,1|2|4|7|22|25,amusement|anger|approval|curiosity|realization|sadness
947,4,approval,1|4|5|9|18|24|27,amusement|approval|caring|disappointment|love|remorse|neutral
948,20,optimism,0|4|8|13|15|17,admiration|approval|desire|excitement|gratitude|joy
949,15,gratitude,0|6|17|18|20|25|27,admiration|confusion|joy|love|optimism|sadness|neutral
950,10,disapproval,0|4|5|6|11|15|18|27,admiration|approval|caring|confusion|disgust|gratitude|love|neutral
951,9,disappointment,0|3|4|26,admiration|annoyance|approval|surprise
952,7,curiosity,0|2|8|13|15|25|27,admiration|anger|desire|excitement|gratitude|sadness|neutral
953,1|13,amusement|excitement,0|4|5|10|15|18|25,admiration|approval|caring|disapproval|gratitude|love|sadness
954,4,approval,1|18|24|27,amusement|love|remorse|neutral
955,10,disapproval,0|1|9|11|13|27,admiration|amusement|disappointment|disgust|excitement|neutral
956,27,neutral,4|14|18|20|25|26|27,approval|fear|love|optimism|sadness|surprise|neutral
957,27,neutral,0|5|13,admiration|caring|excitement
958,3|4,annoyance|approval,1|3|4|5|10|13|18|20|22|25,amusement|annoyance|approval|caring|disapproval|excitement|love|optimism|realization|sadness
959,2,anger,1|7|11|12|27,amusement|curiosity|disgust|embarrassment|neutral
960,27,neutral,5|6|8|13|17|25|26,caring|confusion|desire|excitement|joy|sadness|surprise
961,3,annoyance,1|3|4|5|8|15|20|26,amusement|annoyance|approval|caring|desire|gratitude|optimism|surprise
962,27,neutral,1|8|13|15|24,amusement|desire|excitement|gratitude|remorse
963,4,approval,0|10|18|27,admiration|disapproval|love|neutral
964,17,joy,3|7|10|22|27,annoyance|curiosity|disapproval|realization|neutral
965,10,disapproval,0|1|2|3|6|7|14|18|25,admiration|amusement|anger|annoyance|confusion|curiosity|fear|love|sadness
966,27,neutral,5|7|10|18|20|27,caring|curiosity|disapproval|love|optimism|neutral
967,18,love,3|7|8|9|11|17|18|24|25,annoyance|curiosity|desire|disappointment|disgust|joy|love|remorse|sadness
968,27,neutral,0|2|3|7|13,admiration|anger|annoyance|curiosity|excitement
969,15|23,gratitude|relief,0|1|3|4|5|18|20|22|25|26,admiration|amusement|annoyance|approval|caring|love|optimism|realization|sadness|surprise
970,15,gratitude,0|5|6|9|10|13|22,admiration|caring|confusion|disappointment|disapproval|excitement|realization
971,10,disapproval,1|10|18|22|26,amusement|disapproval|love|realization|surprise
972,27,neutral,9|17|18|24|25|26|27,disappointment|joy|love|remorse|sadness|surprise|neutral
973,27,neutral,0|3|10|26,admiration|annoyance|disapproval|surprise
974,4,approval,1|2|3|7|9|10|20|27,amusement|anger|annoyance|curiosity|disappointment|disapproval|optimism|neutral
975,3|27,annoyance|neutral,1|2|3|4|5|8|15|27,amusement|anger|annoyance|approval|caring|desire|gratitude|neutral
976,24,remorse,3|4|6|10|11|17|22|26|27,annoyance|approval|confusion|disapproval|disgust|joy|realization|surprise|neutral
977,27,neutral,0|2|4|5|9|26,admiration|anger|approval|caring|disappointment|surprise
978,4|22,approval|realization,1|4|7|12|15|17|22|25,amusement|approval|curiosity|embarrassment|gratitude|joy|realization|sadness
979,0|17,admiration|joy,2|5|9|18,anger|caring|disappointment|love
980,0|9|10,admiration|disappointment|disapproval,27,neutral
981,5,caring,7|9|10|18|27,curiosity|disappointment|disapproval|love|neutral
982,25,sadness,7|8|9|20|26,curiosity|desire|disappointment|optimism|surprise
983,27,neutral,1|2|6|9|25|27,amusement|anger|confusion|disappointment|sadness|neutral
984,15,gratitude,0|6|15|17,admiration|confusion|gratitude|joy
985,0|9|15,admiration|disappointment|gratitude,3|5|6|7|10|11|13|15|24,annoyance|caring|confusion|curiosity|disapproval|disgust|excitement|gratitude|remorse
986,9,disappointment,1|2|3|4|5|7|10|11|13|14|17|20|21,amusement|anger|annoyance|approval|caring|curiosity|disapproval|disgust|excitement|fear|joy|optimism|pride
987,24,remorse,3|7|11|12|15|27,annoyance|curiosity|disgust|embarrassment|gratitude|neutral
988,11,disgust,0|8|15|20|25|27,admiration|desire|gratitude|optimism|sadness|neutral
989,27,neutral,1|3|6|7|9|15|27,amusement|annoyance|confusion|curiosity|disappointment|gratitude|neutral
990,0,admiration,2|5|9|15|17|18|22|24|27,anger|caring|disappointment|gratitude|joy|love|realization|remorse|neutral
991,27,neutral,0|7|9|14|15|22,admiration|curiosity|disappointment|fear|gratitude|realization
992,15,gratitude,0|1|2|3|6|7|14|18|25|26,admiration|amusement|anger|annoyance|confusion|curiosity|fear|love|sadness|surprise
993,27,neutral,0|1|3|4|6|7|8|15|18|20,admiration|amusement|annoyance|approval|confusion|curiosity|desire|gratitude|love|optimism
994,27,neutral,0|3|7|10|15|26,admiration|annoyance|curiosity|disapproval|gratitude|surprise
995,27,neutral,1|2|7|8|9|13|14|15|17|22,amusement|anger|curiosity|desire|disappointment|excitement|fear|gratitude|joy|realization
996,27,neutral,1|4|20|27,amusement|approval|optimism|neutral
997,27,neutral,0|6|10|11|13|26,admiration|confusion|disapproval|disgust|excitement|surprise
998,15,gratitude,2|3|6|13|17|24|25,anger|annoyance|confusion|excitement|joy|remorse|sadness
999,2|15,anger|gratitude,1|5|9|10|14|25|27,amusement|caring|disappointment|disapproval|fear|sadness|neutral
1000,1|7,amusement|curiosity,0|2|4|7|10|15|18|27,admiration|anger|approval|curiosity|disapproval|gratitude|love|neutral
1001,18,love,1|2|3|4|7|9|10|15|22,amusement|anger|annoyance|approval|curiosity|disappointment|disapproval|gratitude|realization
1002,2,anger,2|3|4|6|9|15|18|26,anger|annoyance|approval|confusion|disappointment|gratitude|love|surprise
1003,3|6|18,annoyance|confusion|love,2|3|7|10|17|18|27,anger|annoyance|curiosity|disapproval|joy|love|neutral
1004,27,neutral,0|2|4|7|9|11|17|26,admiration|anger|approval|curiosity|disappointment|disgust|joy|surprise
1005,9|10,disappointment|disapproval,3|6|7|8|9|10|12|15|17|21,annoyance|confusion|curiosity|desire|disappointment|disapproval|embarrassment|gratitude|joy|pride
1006,26,surprise,2|3|4|6|7|15|27,anger|annoyance|approval|confusion|curiosity|gratitude|neutral
1007,27,neutral,1|2|4|15|17|27,amusement|anger|approval|gratitude|joy|neutral
1008,17,joy,4|9|10|20|27,approval|disappointment|disapproval|optimism|neutral
1009,27,neutral,0|1|25|26,admiration|amusement|sadness|surprise
1010,7,curiosity,1|2|3|5|10|14|15,amusement|anger|annoyance|caring|disapproval|fear|gratitude
1011,27,neutral,1|2|4|5|13|18|22|24|25|26,amusement|anger|approval|caring|excitement|love|realization|remorse|sadness|surprise
1012,17,joy,3|6|7|10|18,annoyance|confusion|curiosity|disapproval|love
1013,0,admiration,3|11|15|18|20|25,annoyance|disgust|gratitude|love|optimism|sadness
1014,27,neutral,0|7|15|27,admiration|curiosity|gratitude|neutral
1015,27,neutral,2|3|7|8|9|18|27,anger|annoyance|curiosity|desire|disappointment|love|neutral
1016,27,neutral,1|4|10|15|17|22,amusement|approval|disapproval|gratitude|joy|realization
1017,27,neutral,1|4|5|17|27,amusement|approval|caring|joy|neutral
1018,27,neutral,0|2|4|17|18|25|27,admiration|anger|approval|joy|love|sadness|neutral
1019,2|3,anger|annoyance,1|7|9|11|18|22|25,amusement|curiosity|disappointment|disgust|love|realization|sadness
1020,12,embarrassment,0|1|2|3|11|15|17|25,admiration|amusement|anger|annoyance|disgust|gratitude|joy|sadness
1021,2|11,anger|disgust,4|5|6,approval|caring|confusion
1022,7,curiosity,1|6|11|26,amusement|confusion|disgust|surprise
1023,7,curiosity,1|7|9|10|14|15|20|25,amusement|curiosity|disappointment|disapproval|fear|gratitude|optimism|sadness
1024,18,love,0|3|4|8|13|15|18|20,admiration|annoyance|approval|desire|excitement|gratitude|love|optimism
1025,27,neutral,3|5|18|20|22|27,annoyance|caring|love|optimism|realization|neutral
1026,25,sadness,5|10|13|15|20|22|26|27,caring|disapproval|excitement|gratitude|optimism|realization|surprise|neutral
1027,9,disappointment,2|6|10|15|25,anger|confusion|disapproval|gratitude|sadness
1028,1|4|13|17,amusement|approval|excitement|joy,1|10|18|27,amusement|disapproval|love|neutral
1029,9,disappointment,4|5|6|20|26|27,approval|caring|confusion|optimism|surprise|neutral
1030,27,neutral,0|2|3|4|7|9|10|17|27,admiration|anger|annoyance|approval|curiosity|disappointment|disapproval|joy|neutral
1031,9,disappointment,1|15|22|25|26,amusement|gratitude|realization|sadness|surprise
1032,20,optimism,1|3|6|10|17|25|27,amusement|annoyance|confusion|disapproval|joy|sadness|neutral
1033,10,disapproval,0|4|8|26,admiration|approval|desire|surprise
1034,3,annoyance,0|1|4|5|7|8|22|26|27,admiration|amusement|approval|caring|curiosity|desire|realization|surprise|neutral
1035,0,admiration,1|9|11|15|17|25,amusement|disappointment|disgust|gratitude|joy|sadness
1036,0,admiration,0|4|6|10|13|18,admiration|approval|confusion|disapproval|excitement|love
1037,0|4,admiration|approval,0|2|5|7|15|17|18,admiration|anger|caring|curiosity|gratitude|joy|love
1038,20|27,optimism|neutral,0|1|3|4|6|13|27,admiration|amusement|annoyance|approval|confusion|excitement|neutral
1039,4,approval,0|10|17|26|27,admiration|disapproval|joy|surprise|neutral
1040,7,curiosity,2|6|14|24|27,anger|confusion|fear|remorse|neutral
1041,26,surprise,8|14|15|17|18|26|27,desire|fear|gratitude|joy|love|surprise|neutral
1042,3,annoyance,0|4|17,admiration|approval|joy
1043,1,amusement,0|3|4|6|7|14|18,admiration|annoyance|approval|confusion|curiosity|fear|love
1044,27,neutral,0|7|11|13|15|20|26,admiration|curiosity|disgust|excitement|gratitude|optimism|surprise
1045,27,neutral,5|9|13|14|15|20|22|27,caring|disappointment|excitement|fear|gratitude|optimism|realization|neutral
1046,10,disapproval,4|22|27,approval|realization|neutral
1047,27,neutral,0|3|4|5|10|17|22,admiration|annoyance|approval|caring|disapproval|joy|realization
1048,27,neutral,3|4|7|9|11|17|22|25|27,annoyance|approval|curiosity|disappointment|disgust|joy|realization|sadness|neutral
1049,10|18,disapproval|love,11|13|26|27,disgust|excitement|surprise|neutral
1050,27,neutral,1|3|4|10|22,amusement|annoyance|approval|disapproval|realization
1051,6,confusion,0|2|3|7|8|13|14|15|17|26,admiration|anger|annoyance|curiosity|desire|excitement|fear|gratitude|joy|surprise
1052,27,neutral,1|2|3|4|6|10|15|18|20|25,amusement|anger|annoyance|approval|confusion|disapproval|gratitude|love|optimism|sadness
1053,1,amusement,1|2|4|13|15|18|26,amusement|anger|approval|excitement|gratitude|love|surprise
1054,27,neutral,10|25|26,disapproval|sadness|surprise
1055,27,neutral,0|2|3|6|14|15|25,admiration|anger|annoyance|confusion|fear|gratitude|sadness
1056,10,disapproval,0|1|3|5|8|22|26,admiration|amusement|annoyance|caring|desire|realization|surprise
1057,0,admiration,7|11|14|15|17|25|27,curiosity|disgust|fear|gratitude|joy|sadness|neutral
1058,17,joy,0|3|5|10|11,admiration|annoyance|caring|disapproval|disgust
1059,9,disappointment,0|2|3|10|13|23,admiration|anger|annoyance|disapproval|excitement|relief
1060,5,caring,0|6|7|9|11|20|22|25,admiration|confusion|curiosity|disappointment|disgust|optimism|realization|sadness
1061,3,annoyance,3|7|9|15|17|20|27,annoyance|curiosity|disappointment|gratitude|joy|optimism|neutral
1062,2|3,anger|annoyance,0|1|2|3|5|11|18|22|27,admiration|amusement|anger|annoyance|caring|disgust|love|realization|neutral
1063,2|3,anger|annoyance,0|1|8|17|20|27,admiration|amusement|desire|joy|optimism|neutral
1064,3,annoyance,1|11|17|18|26|27,amusement|disgust|joy|love|surprise|neutral
1065,18,love,3|4|5|8|11|17|20,annoyance|approval|caring|desire|disgust|joy|optimism
1066,2,anger,3|7|8|15|22|24|25|26|27,annoyance|curiosity|desire|gratitude|realization|remorse|sadness|surprise|neutral
1067,10|18,disapproval|love,0|1|6|9|27,admiration|amusement|confusion|disappointment|neutral
1068,10,disapproval,0|1|2|7|25|26|27,admiration|amusement|anger|curiosity|sadness|surprise|neutral
1069,9,disappointment,1|3|5|11|13,amusement|annoyance|caring|disgust|excitement
1070,27,neutral,1|3|7|27,amusement|annoyance|curiosity|neutral
1071,0,admiration,1|4|10|11|13|25|27,amusement|approval|disapproval|disgust|excitement|sadness|neutral
1072,1,amusement,6|13|15|18|20|25|26|27,confusion|excitement|gratitude|love|optimism|sadness|surprise|neutral
1073,4,approval,0|8|24,admiration|desire|remorse
1074,27,neutral,4|14|17|18|20|22,approval|fear|joy|love|optimism|realization
1075,27,neutral,5|18|27,caring|love|neutral
1076,0,admiration,2|4|18|27,anger|approval|love|neutral
1077,27,neutral,3|5|6|8|15|17|20|27,annoyance|caring|confusion|desire|gratitude|joy|optimism|neutral
1078,27,neutral,1|4|22|27,amusement|approval|realization|neutral
1079,27,neutral,3|4|10|11|17|26,annoyance|approval|disapproval|disgust|joy|surprise
1080,2,anger,1|7|20|22|24,amusement|curiosity|optimism|realization|remorse
1081,27,neutral,1|3|6|17|18|20,amusement|annoyance|confusion|joy|love|optimism
1082,15,gratitude,6|7|17|20|27,confusion|curiosity|joy|optimism|neutral
1083,27,neutral,3|13|27,annoyance|excitement|neutral
1084,18,love,5|26|27,caring|surprise|neutral
1085,20,optimism,1|3|4|6|7|10|18|22,amusement|annoyance|approval|confusion|curiosity|disapproval|love|realization
1086,1,amusement,1|4|17|18|27,amusement|approval|joy|love|neutral
1087,22,realization,4|5|7|10|17|22|27,approval|caring|curiosity|disapproval|joy|realization|neutral
1088,27,neutral,0|5|10|11|15|16|23,admiration|caring|disapproval|disgust|gratitude|grief|relief
1089,27,neutral,0|5|6|7|9|15|17|20|21|22|26,admiration|caring|confusion|curiosity|disappointment|gratitude|joy|optimism|pride|realization|surprise
1090,12,embarrassment,3|6|9|10|13|15|22,annoyance|confusion|disappointment|disapproval|excitement|gratitude|realization
1091,1,amusement,1|2|20|25,amusement|anger|optimism|sadness
1092,26,surprise,1|2|6|7|8|9|10|13|18|19|20|25|26,amusement|anger|confusion|curiosity|desire|disappointment|disapproval|excitement|love|nervousness|optimism|sadness|surprise
1093,27,neutral,0|2|10|13|17,admiration|anger|disapproval|excitement|joy
1094,0|2|18,admiration|anger|love,1|10|18|20|25|26,amusement|disapproval|love|optimism|sadness|surprise
1095,24,remorse,0|1|3|4|7|8|10|11|17|18|22|26,admiration|amusement|annoyance|approval|curiosity|desire|disapproval|disgust|joy|love|realization|surprise
1096,15,gratitude,0|1|7|17|18|20|25,admiration|amusement|curiosity|joy|love|optimism|sadness
1097,27,neutral,0|1|3|4|5|9|10|11|13|17|20,admiration|amusement|annoyance|approval|caring|disappointment|disapproval|disgust|excitement|joy|optimism
1098,15|18,gratitude|love,0|1|3|4|5|7|18|26,admiration|amusement|annoyance|approval|caring|curiosity|love|surprise
1099,15,gratitude,1|10|14|16|25|27,amusement|disapproval|fear|grief|sadness|neutral
1100,0|18,admiration|love,22|27,realization|neutral
1101,27,neutral,4|5|9|14,approval|caring|disappointment|fear
1102,20,optimism,2|3|8|9|20|25|26|27,anger|annoyance|desire|disappointment|optimism|sadness|surprise|neutral
1103,27,neutral,4|7|10|26|27,approval|curiosity|disapproval|surprise|neutral
1104,0,admiration,3|6|7|10|17|20|27,annoyance|confusion|curiosity|disapproval|joy|optimism|neutral
1105,0,admiration,3|7|10|15|26,annoyance|curiosity|disapproval|gratitude|surprise
1106,14,fear,0|14|20|26|27,admiration|fear|optimism|surprise|neutral
1107,27,neutral,4|7|8|13|27,approval|curiosity|desire|excitement|neutral
1108,15,gratitude,0|1|6|9|17|24|25|26|27,admiration|amusement|confusion|disappointment|joy|remorse|sadness|surprise|neutral
1109,2,anger,13|15,excitement|gratitude
1110,3|27,annoyance|neutral,0|18|22,admiration|love|realization
1111,2,anger,0|3|5|6|7|10|11,admiration|annoyance|caring|confusion|curiosity|disapproval|disgust
1112,3,annoyance,0|1|3|8|10|15|20|25,admiration|amusement|annoyance|desire|disapproval|gratitude|optimism|sadness
1113,4|17|22|23,approval|joy|realization|relief,0|3|6|7|8|10|27,admiration|annoyance|confusion|curiosity|desire|disapproval|neutral
1114,0|11,admiration|disgust,27,neutral
1115,27,neutral,3|4|17|18|20,annoyance|approval|joy|love|optimism
1116,9,disappointment,10|14|22|27,disapproval|fear|realization|neutral
1117,22,realization,3|5|8|17|18,annoyance|caring|desire|joy|love
1118,0,admiration,2|3|4|15|17|26|27,anger|annoyance|approval|gratitude|joy|surprise|neutral
1119,27,neutral,9|10|13|17|18,disappointment|disapproval|excitement|joy|love
1120,27,neutral,5|6|7|17|22|27,caring|confusion|curiosity|joy|realization|neutral
1121,9,disappointment,0|3|4|7|10|14|15|25,admiration|annoyance|approval|curiosity|disapproval|fear|gratitude|sadness
1122,6,confusion,2|5|6|8|20|22|26|27,anger|caring|confusion|desire|optimism|realization|surprise|neutral
1123,7,curiosity,1|4|5|6|9|14|15|22|27,amusement|approval|caring|confusion|disappointment|fear|gratitude|realization|neutral
1124,27,neutral,0|5|15|17|20|21|22,admiration|caring|gratitude|joy|optimism|pride|realization
1125,11,disgust,7|18|20|27,curiosity|love|optimism|neutral
1126,11,disgust,3|4|15|18|22|27,annoyance|approval|gratitude|love|realization|neutral
1127,11,disgust,1|9|11|13|21|27,amusement|disappointment|disgust|excitement|pride|neutral
1128,18|20,love|optimism,1|8|10|18|22,amusement|desire|disapproval|love|realization
1129,4|27,approval|neutral,1|3|7|13|18|20,amusement|annoyance|curiosity|excitement|love|optimism
1130,26,surprise,1|5|6|7|27,amusement|caring|confusion|curiosity|neutral
1131,1,amusement,1|2|3|4|5|6|9|15|17,amusement|anger|annoyance|approval|caring|confusion|disappointment|gratitude|joy
1132,27,neutral,0|4|6|7|10|17|25,admiration|approval|confusion|curiosity|disapproval|joy|sadness
1133,0,admiration,1|2|7|10|26,amusement|anger|curiosity|disapproval|surprise
1134,1,amusement,2|8|17|20|26,anger|desire|joy|optimism|surprise
1135,20,optimism,0|1|10|25,admiration|amusement|disapproval|sadness
1136,2|3,anger|annoyance,4|6|7|9|10|11|22|27,approval|confusion|curiosity|disappointment|disapproval|disgust|realization|neutral
1137,3,annoyance,3|4|14|17|20,annoyance|approval|fear|joy|optimism
1138,1,amusement,1|2|4|5|6|11|17|22,amusement|anger|approval|caring|confusion|disgust|joy|realization
1139,15,gratitude,7|9|14|25|26|27,curiosity|disappointment|fear|sadness|surprise|neutral
1140,27,neutral,1|6|14|15|20|26|27,amusement|confusion|fear|gratitude|optimism|surprise|neutral
1141,15,gratitude,0|6|9|11|13|17|27,admiration|confusion|disappointment|disgust|excitement|joy|neutral
1142,20,optimism,2|4|6|7|9|11|15|20,anger|approval|confusion|curiosity|disappointment|disgust|gratitude|optimism
1143,27,neutral,3|15|18|20,annoyance|gratitude|love|optimism
1144,8,desire,2|13|17|18|26,anger|excitement|joy|love|surprise
1145,18,love,0|2|4|5|6|11|13|17|18|25,admiration|anger|approval|caring|confusion|disgust|excitement|joy|love|sadness
1146,26,surprise,0|2|3|9|10|18,admiration|anger|annoyance|disappointment|disapproval|love
1147,11,disgust,1|2|4|15|17|18|27,amusement|anger|approval|gratitude|joy|love|neutral
1148,27,neutral,0|6|10|14|20|25,admiration|confusion|disapproval|fear|optimism|sadness
1149,13|27,excitement|neutral,1|4|6|7|9|10|11|22|24|27,amusement|approval|confusion|curiosity|disappointment|disapproval|disgust|realization|remorse|neutral
1150,27,neutral,2|4|6|9|11|25|27,anger|approval|confusion|disappointment|disgust|sadness|neutral
1151,27,neutral,1|3|9|10|11|22,amusement|annoyance|disappointment|disapproval|disgust|realization
1152,15,gratitude,2|4|5|15|20|24|26,anger|approval|caring|gratitude|optimism|remorse|surprise
1153,9|18,disappointment|love,0|6|10,admiration|confusion|disapproval
1154,27,neutral,0|3|5|12|15|26,admiration|annoyance|caring|embarrassment|gratitude|surprise
1155,10,disapproval,1|3|10|15|27,amusement|annoyance|disapproval|gratitude|neutral
1156,4,approval,0|7|10|11|14|17|18|24|27,admiration|curiosity|disapproval|disgust|fear|joy|love|remorse|neutral
1157,27,neutral,1|2|3|5|6|10|11|14|15|17|20,amusement|anger|annoyance|caring|confusion|disapproval|disgust|fear|gratitude|joy|optimism
1158,27,neutral,3|5|7|8|9|10|18|20|24,annoyance|caring|curiosity|desire|disappointment|disapproval|love|optimism|remorse
1159,2|18,anger|love,0|1|2|12|17|22,admiration|amusement|anger|embarrassment|joy|realization
1160,0,admiration,4|10|25,approval|disapproval|sadness
1161,27,neutral,7|9|20|26|27,curiosity|disappointment|optimism|surprise|neutral
1162,15,gratitude,0|1|4|7|24|26|27,admiration|amusement|approval|curiosity|remorse|surprise|neutral
1163,10,disapproval,0|1|4|6|8|13|25,admiration|amusement|approval|confusion|desire|excitement|sadness
1164,27,neutral,0|1|4|15|17|25|27,admiration|amusement|approval|gratitude|joy|sadness|neutral
1165,1,amusement,0|2|3|4|7|10|11|14|15|18,admiration|anger|annoyance|approval|curiosity|disapproval|disgust|fear|gratitude|love
1166,27,neutral,1|6|9|15|17|20|26,amusement|confusion|disappointment|gratitude|joy|optimism|surprise
1167,0,admiration,4|7|9|15|20|27,approval|curiosity|disappointment|gratitude|optimism|neutral
1168,6,confusion,1|4|10|17|22|27,amusement|approval|disapproval|joy|realization|neutral
1169,2,anger,4|5|6|11|15|17|24|26|27,approval|caring|confusion|disgust|gratitude|joy|remorse|surprise|neutral
1170,3,annoyance,0|1|2|11|25|27,admiration|amusement|anger|disgust|sadness|neutral
1171,27,neutral,0|5|6|8|13|17|20|26,admiration|caring|confusion|desire|excitement|joy|optimism|surprise
1172,15,gratitude,0|2|4|5|6|20|22|25,admiration|anger|approval|caring|confusion|optimism|realization|sadness
1173,0,admiration,0|3|7|11|15|17|18|26,admiration|annoyance|curiosity|disgust|gratitude|joy|love|surprise
1174,4,approval,1|4|7|8|9|11|12|15|22|26,amusement|approval|curiosity|desire|disappointment|disgust|embarrassment|gratitude|realization|surprise
1175,18,love,0|2|4|6|25|26|27,admiration|anger|approval|confusion|sadness|surprise|neutral
1176,1,amusement,0|3|6|7|13|15,admiration|annoyance|confusion|curiosity|excitement|gratitude
1177,4|22,approval|realization,0|4|5|7|24,admiration|approval|caring|curiosity|remorse
1178,0,admiration,0|9|10|13|15|23|25,admiration|disappointment|disapproval|excitement|gratitude|relief|sadness
1179,27,neutral,7|8|9|10|14|17|19|20|21,curiosity|desire|disappointment|disapproval|fear|joy|nervousness|optimism|pride
1180,1,amusement,0|1|14|15|22|27,admiration|amusement|fear|gratitude|realization|neutral
1181,2|3,anger|annoyance,1|3|4|6|7|12|24|27,amusement|annoyance|approval|confusion|curiosity|embarrassment|remorse|neutral
1182,27,neutral,6|9|10|11|25|27,confusion|disappointment|disapproval|disgust|sadness|neutral
1183,13,excitement,0|6|8|9|10|14|15|18|25,admiration|confusion|desire|disappointment|disapproval|fear|gratitude|love|sadness
1184,0,admiration,0|4|5|8|10|17|20|25|26,admiration|approval|caring|desire|disapproval|joy|optimism|sadness|surprise
1185,27,neutral,5|8|9|10|11|15|25,caring|desire|disappointment|disapproval|disgust|gratitude|sadness
1186,27,neutral,0|4|6|10|18|27,admiration|approval|confusion|disapproval|love|neutral
1187,10,disapproval,7|8|9|10|11|13|15|17|18|20,curiosity|desire|disappointment|disapproval|disgust|excitement|gratitude|joy|love|optimism
1188,27,neutral,1|9|13|15|18|26,amusement|disappointment|excitement|gratitude|love|surprise
1189,22,realization,0|1|3|15|27,admiration|amusement|annoyance|gratitude|neutral
1190,26,surprise,0|3|4|6|8|14|17|18|25,admiration|annoyance|approval|confusion|desire|fear|joy|love|sadness
1191,3,annoyance,3|4|9|13|18|20|25,annoyance|approval|disappointment|excitement|love|optimism|sadness
1192,27,neutral,0|2|3|4|10|17|25|27,admiration|anger|annoyance|approval|disapproval|joy|sadness|neutral
1193,27,neutral,1|2|3|5|7|27,amusement|anger|annoyance|caring|curiosity|neutral
1194,27,neutral,1|6|7|8|11|13|18|20|27,amusement|confusion|curiosity|desire|disgust|excitement|love|optimism|neutral
1195,20,optimism,4|5|6|18|24|26|27,approval|caring|confusion|love|remorse|surprise|neutral
1196,13,excitement,0|4|8|10|15|20|22|27,admiration|approval|desire|disapproval|gratitude|optimism|realization|neutral
1197,5,caring,0|2|11|15|20|22|27,admiration|anger|disgust|gratitude|optimism|realization|neutral
1198,22,realization,2|3|4|6|9|13|15|18|25,anger|annoyance|approval|confusion|disappointment|excitement|gratitude|love|sadness
1199,6|27,confusion|neutral,0|2|18|20|25,admiration|anger|love|optimism|sadness
1200,25,sadness,0|1|6|13|17,admiration|amusement|confusion|excitement|joy
1201,0,admiration,0|5|6|15|18|20|26,admiration|caring|confusion|gratitude|love|optimism|surprise
1202,9,disappointment,3|5|22|26|27,annoyance|caring|realization|surprise|neutral
1203,21,pride,1|2|4|20|22|25,amusement|anger|approval|optimism|realization|sadness
1204,1,amusement,0|1|6|15|18|25|26,admiration|amusement|confusion|gratitude|love|sadness|surprise
1205,0,admiration,2|8|9|10|11|13|15|18|27,anger|desire|disappointment|disapproval|disgust|excitement|gratitude|love|neutral
1206,15,gratitude,0|6|7|9|10|13|15|17,admiration|confusion|curiosity|disappointment|disapproval|excitement|gratitude|joy
1207,10,disapproval,0|1|2|7|9|10|15|26,admiration|amusement|anger|curiosity|disappointment|disapproval|gratitude|surprise
1208,27,neutral,5|27,caring|neutral
1209,18,love,0|1|4|9|10|11|17|24|26|27,admiration|amusement|approval|disappointment|disapproval|disgust|joy|remorse|surprise|neutral
1210,15,gratitude,0|2|5|6|7|9|15|17|18,admiration|anger|caring|confusion|curiosity|disappointment|gratitude|joy|love
1211,7|27,curiosity|neutral,1|6|7|9|10|11,amusement|confusion|curiosity|disappointment|disapproval|disgust
1212,17,joy,1|2|4|20,amusement|anger|approval|optimism
1213,17,joy,0|1|3|4|7|9|11|13|15|27,admiration|amusement|annoyance|approval|curiosity|disappointment|disgust|excitement|gratitude|neutral
1214,2,anger,2|9|27,anger|disappointment|neutral
1215,0,admiration,0|4|14|20|27,admiration|approval|fear|optimism|neutral
1216,27,neutral,1|3|4|7|9|22|27,amusement|annoyance|approval|curiosity|disappointment|realization|neutral
1217,1,amusement,0|4|18|20|25|27,admiration|approval|love|optimism|sadness|neutral
1218,25,sadness,3|9|17|20,annoyance|disappointment|joy|optimism
1219,1,amusement,4|6|7|27,approval|confusion|curiosity|neutral
1220,18,love,13|15|17|18|26,excitement|gratitude|joy|love|surprise
1221,15,gratitude,0|1|4|9|17,admiration|amusement|approval|disappointment|joy
1222,26,surprise,0|2|3|4|8|10|11|15|20|25,admiration|anger|annoyance|approval|desire|disapproval|disgust|gratitude|optimism|sadness
1223,18,love,0|3|4|13|15|18|22|27,admiration|annoyance|approval|excitement|gratitude|love|realization|neutral
1224,18,love,3|4|5|7|9|10|11|14|16,annoyance|approval|caring|curiosity|disappointment|disapproval|disgust|fear|grief
1225,27,neutral,0|3|15|26|27,admiration|annoyance|gratitude|surprise|neutral
1226,0,admiration,2|7|15|18|25|27,anger|curiosity|gratitude|love|sadness|neutral
1227,17,joy,0|1|3|10|13|18|20,admiration|amusement|annoyance|disapproval|excitement|love|optimism
1228,27,neutral,0|5|15|26|27,admiration|caring|gratitude|surprise|neutral
1229,24,remorse,2|10|22|26,anger|disapproval|realization|surprise
1230,27,neutral,4|10|11|15|25|27,approval|disapproval|disgust|gratitude|sadness|neutral
1231,27,neutral,6|8|10|22|26|27,confusion|desire|disapproval|realization|surprise|neutral
1232,27,neutral,1|6|18|26|27,amusement|confusion|love|surprise|neutral
1233,10,disapproval,0|1|2|3|4|5|9|13|15|27,admiration|amusement|anger|annoyance|approval|caring|disappointment|excitement|gratitude|neutral
1234,27,neutral,4|11|15|17|20|22|27,approval|disgust|gratitude|joy|optimism|realization|neutral
1235,0,admiration,0|2|4|10|14|27,admiration|anger|approval|disapproval|fear|neutral
1236,15,gratitude,0|1|2|3|10|17|24,admiration|amusement|anger|annoyance|disapproval|joy|remorse
1237,3,annoyance,0|4|5|6|10|17|24|25,admiration|approval|caring|confusion|disapproval|joy|remorse|sadness
1238,1,amusement,0|2|4|10|22|25|26,admiration|anger|approval|disapproval|realization|sadness|surprise
1239,27,neutral,0|2|9|11|15|25|27,admiration|anger|disappointment|disgust|gratitude|sadness|neutral
1240,27,neutral,0|4|6|15|26|27,admiration|approval|confusion|gratitude|surprise|neutral
1241,27,neutral,4|5|27,approval|caring|neutral
1242,27,neutral,3|5|7|27,annoyance|caring|curiosity|neutral
1243,27,neutral,9|14|20|22|26|27,disappointment|fear|optimism|realization|surprise|neutral
1244,15,gratitude,0|8|9|10|11|17|18,admiration|desire|disappointment|disapproval|disgust|joy|love
1245,1|20,amusement|optimism,1|6|9|15|18|22,amusement|confusion|disappointment|gratitude|love|realization
1246,1|22,amusement|realization,0|1|2|3|5|10|15|17|19|20|24,admiration|amusement|anger|annoyance|caring|disapproval|gratitude|joy|nervousness|optimism|remorse
1247,15,gratitude,1|20|23|25|27,amusement|optimism|relief|sadness|neutral
1248,0|16|25,admiration|grief|sadness,1|2|3|6|10|11|20,amusement|anger|annoyance|confusion|disapproval|disgust|optimism
1249,18,love,0|2|11|17|18|22|25|27,admiration|anger|disgust|joy|love|realization|sadness|neutral
1250,27,neutral,2|4|6|11|17|22|25|27,anger|approval|confusion|disgust|joy|realization|sadness|neutral
1251,27,neutral,0|5|17|18|25,admiration|caring|joy|love|sadness
1252,3,annoyance,0|2|3|4|5|13|15|18,admiration|anger|annoyance|approval|caring|excitement|gratitude|love
1253,27,neutral,0|1|10|11|13|17|27,admiration|amusement|disapproval|disgust|excitement|joy|neutral
1254,0,admiration,2|7|8,anger|curiosity|desire
1255,27,neutral,0|6|7|9|10|26|27,admiration|confusion|curiosity|disappointment|disapproval|surprise|neutral
1256,27,neutral,2|3|5|10|13|15|22|26,anger|annoyance|caring|disapproval|excitement|gratitude|realization|surprise
1257,1,amusement,8|15|18|20|26|27,desire|gratitude|love|optimism|surprise|neutral
1258,7,curiosity,1|2|6|14|15|17|22|27,amusement|anger|confusion|fear|gratitude|joy|realization|neutral
1259,5,caring,3|6|7|9|11|20|22|27,annoyance|confusion|curiosity|disappointment|disgust|optimism|realization|neutral
1260,15|18,gratitude|love,1|3|6|7|14|15|22|25,amusement|annoyance|confusion|curiosity|fear|gratitude|realization|sadness
1261,6,confusion,0|3|4|6|13|14|15|17,admiration|annoyance|approval|confusion|excitement|fear|gratitude|joy
1262,4,approval,7|8|10|11|17|18,curiosity|desire|disapproval|disgust|joy|love
1263,27,neutral,0|1|5|6|7|13|14|20|26|27,admiration|amusement|caring|confusion|curiosity|excitement|fear|optimism|surprise|neutral
1264,27,neutral,0|1|7|18|22|26,admiration|amusement|curiosity|love|realization|surprise
1265,0|4,admiration|approval,0|1|6|14|22|27,admiration|amusement|confusion|fear|realization|neutral
1266,27,neutral,0|3|9|10|18|22|27,admiration|annoyance|disappointment|disapproval|love|realization|neutral
1267,27,neutral,4|5|7|15|25|26,approval|caring|curiosity|gratitude|sadness|surprise
1268,27,neutral,5|6|9|13|15|27,caring|confusion|disappointment|excitement|gratitude|neutral
1269,27,neutral,0|3|10|18|20,admiration|annoyance|disapproval|love|optimism
1270,0,admiration,1|3|27,amusement|annoyance|neutral
1271,27,neutral,0|1|5|13|25|26,admiration|amusement|caring|excitement|sadness|surprise
1272,1|20,amusement|optimism,0|1|18|27,admiration|amusement|love|neutral
1273,27,neutral,12|13|14|17|20|22,embarrassment|excitement|fear|joy|optimism|realization
1274,11,disgust,0|3|4|5|6|9|10|14|15|19|26,admiration|annoyance|approval|caring|confusion|disappointment|disapproval|fear|gratitude|nervousness|surprise
1275,27,neutral,3|11|15|17|26,annoyance|disgust|gratitude|joy|surprise
1276,4,approval,2|5|7|10|11|13|14|15|18|25,anger|caring|curiosity|disapproval|disgust|excitement|fear|gratitude|love|sadness
1277,6,confusion,0|1|3|15|17|18|24,admiration|amusement|annoyance|gratitude|joy|love|remorse
1278,27,neutral,3|9|11|18|22,annoyance|disappointment|disgust|love|realization
1279,0,admiration,8|15|17|18|20|25,desire|gratitude|joy|love|optimism|sadness
1280,27,neutral,0|4|6|9|11|13,admiration|approval|confusion|disappointment|disgust|excitement
1281,4|14,approval|fear,0|6|7|15|18|27,admiration|confusion|curiosity|gratitude|love|neutral
1282,0,admiration,1|7|11|15|17|18|25|27,amusement|curiosity|disgust|gratitude|joy|love|sadness|neutral
1283,4,approval,0|3|6|7|8|11|13|14,admiration|annoyance|confusion|curiosity|desire|disgust|excitement|fear
1284,10,disapproval,3|4|7|13|18|25|27,annoyance|approval|curiosity|excitement|love|sadness|neutral
1285,3,annoyance,1|3|6|9|15|18|27,amusement|annoyance|confusion|disappointment|gratitude|love|neutral
1286,27,neutral,3|6|9|10|12|15|18|26,annoyance|confusion|disappointment|disapproval|embarrassment|gratitude|love|surprise
1287,27,neutral,2|4|10|15|17,anger|approval|disapproval|gratitude|joy
1288,13|27,excitement|neutral,4|5|17|22|26|27,approval|caring|joy|realization|surprise|neutral
1289,27,neutral,1|6|7|13|15|17|18|20,amusement|confusion|curiosity|excitement|gratitude|joy|love|optimism
1290,15,gratitude,1|6|15|26|27,amusement|confusion|gratitude|surprise|neutral
1291,27,neutral,4|5|10|12|17|20|25,approval|caring|disapproval|embarrassment|joy|optimism|sadness
1292,27,neutral,1|6|7|9|10|18,amusement|confusion|curiosity|disappointment|disapproval|love
1293,20,optimism,3|4|6|18|26,annoyance|approval|confusion|love|surprise
1294,9,disappointment,0|7,admiration|curiosity
1295,11|27,disgust|neutral,1|4|5|6|15|17|19|20|25|27,amusement|approval|caring|confusion|gratitude|joy|nervousness|optimism|sadness|neutral
1296,7,curiosity,0|4|7|10|26,admiration|approval|curiosity|disapproval|surprise
1297,17,joy,1|2|9|10|14|15|18,amusement|anger|disappointment|disapproval|fear|gratitude|love
1298,20,optimism,0|4|13|14|20|26|27,admiration|approval|excitement|fear|optimism|surprise|neutral
1299,10,disapproval,1|10|13|15|17|18|22|27,amusement|disapproval|excitement|gratitude|joy|love|realization|neutral
1300,10|27,disapproval|neutral,1|3|6|10|15|24|25|27,amusement|annoyance|confusion|disapproval|gratitude|remorse|sadness|neutral
1301,20,optimism,0|1|7|12|14|18|26|27,admiration|amusement|curiosity|embarrassment|fear|love|surprise|neutral
1302,27,neutral,2|3|4|11|15|18|20|22|27,anger|annoyance|approval|disgust|gratitude|love|optimism|realization|neutral
1303,22,realization,2|4|17|18|25,anger|approval|joy|love|sadness
1304,1,amusement,1|3|7|14|18,amusement|annoyance|curiosity|fear|love
1305,27,neutral,1|2|4|6|10|20|25,amusement|anger|approval|confusion|disapproval|optimism|sadness
1306,27,neutral,1|4|9|20|25,amusement|approval|disappointment|optimism|sadness
1307,15|18,gratitude|love,0|3|6|25|27,admiration|annoyance|confusion|sadness|neutral
1308,4,approval,2|3|15|20|22|25,anger|annoyance|gratitude|optimism|realization|sadness
1309,20,optimism,0|3|7|9|15|25|27,admiration|annoyance|curiosity|disappointment|gratitude|sadness|neutral
1310,4|20,approval|optimism,0|5|6|7|17|18|20|22|26|27,admiration|caring|confusion|curiosity|joy|love|optimism|realization|surprise|neutral
1311,5,caring,3|6|7|9|11|15|20|27,annoyance|confusion|curiosity|disappointment|disgust|gratitude|optimism|neutral
1312,2|3,anger|annoyance,1|3|7,amusement|annoyance|curiosity
1313,8,desire,0|1|3|13|17|25|27,admiration|amusement|annoyance|excitement|joy|sadness|neutral
1314,20,optimism,1|2|3|4|7|14|15|24,amusement|anger|annoyance|approval|curiosity|fear|gratitude|remorse
1315,6,confusion,1|4|5|9|10|18|20|27,amusement|approval|caring|disappointment|disapproval|love|optimism|neutral
1316,0,admiration,1|2|15|17|18|25|27,amusement|anger|gratitude|joy|love|sadness|neutral
1317,0|17,admiration|joy,0|3|4|6|15|18|22,admiration|annoyance|approval|confusion|gratitude|love|realization
1318,27,neutral,1|2|3|13|15|17|18|25,amusement|anger|annoyance|excitement|gratitude|joy|love|sadness
1319,27,neutral,4|7|12|15|27,approval|curiosity|embarrassment|gratitude|neutral
1320,7,curiosity,4|18|22,approval|love|realization
1321,27,neutral,1|3|7|11|18|24|25,amusement|annoyance|curiosity|disgust|love|remorse|sadness
1322,15,gratitude,0|2|7|9|13|27,admiration|anger|curiosity|disappointment|excitement|neutral
1323,4,approval,0|1|6|10|26,admiration|amusement|confusion|disapproval|surprise
1324,27,neutral,2|3|14|22|27,anger|annoyance|fear|realization|neutral
1325,0|4,admiration|approval,0|4|5|6|7|10|11|13|18|25,admiration|approval|caring|confusion|curiosity|disapproval|disgust|excitement|love|sadness
1326,27,neutral,1|3|4|10|14|15,amusement|annoyance|approval|disapproval|fear|gratitude
1327,15|18,gratitude|love,1|7|9|15|20|25|27,amusement|curiosity|disappointment|gratitude|optimism|sadness|neutral
1328,6,confusion,0|1|5|6|10|20|22|25|26,admiration|amusement|caring|confusion|disapproval|optimism|realization|sadness|surprise
1329,27,neutral,0|2|7|10|13|17|18|25|26,admiration|anger|curiosity|disapproval|excitement|joy|love|sadness|surprise
1330,27,neutral,5|7|8|22|25|26,caring|curiosity|desire|realization|sadness|surprise
1331,8,desire,1|3|5|6|7|20|22|25|27,amusement|annoyance|caring|confusion|curiosity|optimism|realization|sadness|neutral
1332,3,annoyance,4|6|9|25|27,approval|confusion|disappointment|sadness|neutral
1333,20,optimism,7|9|10|17|22,curiosity|disappointment|disapproval|joy|realization
1334,0,admiration,0|2|5|15|22,admiration|anger|caring|gratitude|realization
1335,1|27,amusement|neutral,5|6|8|18|22|25,caring|confusion|desire|love|realization|sadness
1336,0,admiration,4|7|10|20|22|27,approval|curiosity|disapproval|optimism|realization|neutral
1337,0,admiration,0|2|9|10|18|20,admiration|anger|disappointment|disapproval|love|optimism
1338,7,curiosity,3|6|7|13|18|22,annoyance|confusion|curiosity|excitement|love|realization
1339,9,disappointment,1|2|4|13,amusement|anger|approval|excitement
1340,4,approval,1|4|7|15|25|26,amusement|approval|curiosity|gratitude|sadness|surprise
1341,1,amusement,0|3|12|20,admiration|annoyance|embarrassment|optimism
1342,22,realization,0|1|2|4|6|9|10|11|20|21|22,admiration|amusement|anger|approval|confusion|disappointment|disapproval|disgust|optimism|pride|realization
1343,27,neutral,0|2|4|9|10|11|18|20|22,admiration|anger|approval|disappointment|disapproval|disgust|love|optimism|realization
1344,20,optimism,0|4|6|7|12|24,admiration|approval|confusion|curiosity|embarrassment|remorse
1345,0,admiration,0|6|7|10|22|25,admiration|confusion|curiosity|disapproval|realization|sadness
1346,27,neutral,4|7|9|18|25|27,approval|curiosity|disappointment|love|sadness|neutral
1347,27,neutral,0|3|4|5|13|27,admiration|annoyance|approval|caring|excitement|neutral
1348,27,neutral,1|3|8|9|15|17|18|25|26,amusement|annoyance|desire|disappointment|gratitude|joy|love|sadness|surprise
1349,1,amusement,2|6|13|14|24|27,anger|confusion|excitement|fear|remorse|neutral
1350,15|20,gratitude|optimism,4|15|17|22|26,approval|gratitude|joy|realization|surprise
1351,13,excitement,0|1|9|15|22|27,admiration|amusement|disappointment|gratitude|realization|neutral
1352,27,neutral,0|1|3|9|17,admiration|amusement|annoyance|disappointment|joy
1353,2|3,anger|annoyance,3|7|8|10|15|18|22,annoyance|curiosity|desire|disapproval|gratitude|love|realization
1354,10,disapproval,17|27,joy|neutral
1355,3,annoyance,0|3|4|6|7|9|13|18,admiration|annoyance|approval|confusion|curiosity|disappointment|excitement|love
1356,1,amusement,3|6|8|9|11|13|18|26|27,annoyance|confusion|desire|disappointment|disgust|excitement|love|surprise|neutral
1357,0,admiration,1|3|7|11|15|17|18|22,amusement|annoyance|curiosity|disgust|gratitude|joy|love|realization
1358,10,disapproval,2|5|6|7|15|27,anger|caring|confusion|curiosity|gratitude|neutral
1359,22,realization,1|4|5|7|9|11|15|25|26,amusement|approval|caring|curiosity|disappointment|disgust|gratitude|sadness|surprise
1360,10,disapproval,0|2|4|15,admiration|anger|approval|gratitude
1361,15,gratitude,0|6|10|17|20|22,admiration|confusion|disapproval|joy|optimism|realization
1362,27,neutral,7|15|17|18|22,curiosity|gratitude|joy|love|realization
1363,2,anger,0|10,admiration|disapproval
1364,10,disapproval,0|2|6|7|8|10|18,admiration|anger|confusion|curiosity|desire|disapproval|love
1365,1|27,amusement|neutral,1|3|5|6|11|18,amusement|annoyance|caring|confusion|disgust|love
1366,9,disappointment,1|7|13|15|18|20|27,amusement|curiosity|excitement|gratitude|love|optimism|neutral
1367,27,neutral,17|21|22|26|27,joy|pride|realization|surprise|neutral
1368,27,neutral,3|9|15|27,annoyance|disappointment|gratitude|neutral
1369,1|17,amusement|joy,4|7|10|15|18|20|24,approval|curiosity|disapproval|gratitude|love|optimism|remorse
1370,3|27,annoyance|neutral,4|9|14|27,approval|disappointment|fear|neutral
1371,3|27,annoyance|neutral,1|7|13|17|18|22|27,amusement|curiosity|excitement|joy|love|realization|neutral
1372,26,surprise,0|1|4|7|9,admiration|amusement|approval|curiosity|disappointment
1373,16,grief,0|10|15|20|22|24|25|27,admiration|disapproval|gratitude|optimism|realization|remorse|sadness|neutral
1374,6,confusion,3|8|10|13|27,annoyance|desire|disapproval|excitement|neutral
1375,0,admiration,0|4|7|10|15|20|22,admiration|approval|curiosity|disapproval|gratitude|optimism|realization
1376,15|22,gratitude|realization,25|26,sadness|surprise
1377,27,neutral,1|2|9|13|15|25,amusement|anger|disappointment|excitement|gratitude|sadness
1378,27,neutral,4|6|7|11|13|15|22|26,approval|confusion|curiosity|disgust|excitement|gratitude|realization|surprise
1379,24|25,remorse|sadness,7|9|22|25|27,curiosity|disappointment|realization|sadness|neutral
1380,10,disapproval,0|1|6|7|11|22|25,admiration|amusement|confusion|curiosity|disgust|realization|sadness
1381,6,confusion,0|1|3|6|7|11|18|20|22|27,admiration|amusement|annoyance|confusion|curiosity|disgust|love|optimism|realization|neutral
1382,3,annoyance,6|9|11|17|27,confusion|disappointment|disgust|joy|neutral
1383,4,approval,2|4|5|7|14|15|22,anger|approval|caring|curiosity|fear|gratitude|realization
1384,8|16,desire|grief,0|3|6|10|17|25|27,admiration|annoyance|confusion|disapproval|joy|sadness|neutral
1385,15,gratitude,1|2|5|8|9|15|25,amusement|anger|caring|desire|disappointment|gratitude|sadness
1386,22,realization,0|9|15|22|27,admiration|disappointment|gratitude|realization|neutral
1387,27,neutral,2|4|7|20,anger|approval|curiosity|optimism
1388,4,approval,6|10|18|27,confusion|disapproval|love|neutral
1389,27,neutral,1|2|9|14|22|27,amusement|anger|disappointment|fear|realization|neutral
1390,27,neutral,3|13|17|18,annoyance|excitement|joy|love
1391,9|14,disappointment|fear,1|4|5|6|9|18|27,amusement|approval|caring|confusion|disappointment|love|neutral
1392,2,anger,7|14|18|20|27,curiosity|fear|love|optimism|neutral
1393,0,admiration,0|1|24|27,admiration|amusement|remorse|neutral
1394,15,gratitude,0|1|15|18|22|27,admiration|amusement|gratitude|love|realization|neutral
1395,17|22,joy|realization,0|4|5|7|13|17,admiration|approval|caring|curiosity|excitement|joy
1396,2,anger,0|1|6|7|25|27,admiration|amusement|confusion|curiosity|sadness|neutral
1397,20,optimism,4|8|9|10|25,approval|desire|disappointment|disapproval|sadness
1398,27,neutral,1|2|6|7|9|11|13|14|27,amusement|anger|confusion|curiosity|disappointment|disgust|excitement|fear|neutral
1399,1,amusement,13|25|27,excitement|sadness|neutral
1400,11|14,disgust|fear,1|5|6|11|18|21|26,amusement|caring|confusion|disgust|love|pride|surprise
1401,9,disappointment,7|11|13|17|18|27,curiosity|disgust|excitement|joy|love|neutral
1402,0,admiration,3|8|20,annoyance|desire|optimism
1403,0,admiration,4|18|20|25|26,approval|love|optimism|sadness|surprise
1404,18,love,1|2|5|17|24|27,amusement|anger|caring|joy|remorse|neutral
1405,5|6,caring|confusion,0|7|9|13|17|27,admiration|curiosity|disappointment|excitement|joy|neutral
1406,27,neutral,1|5|6|26|27,amusement|caring|confusion|surprise|neutral
1407,2,anger,1|2|3|5|18,amusement|anger|annoyance|caring|love
1408,0,admiration,5|6|9|11|18|20|27,caring|confusion|disappointment|disgust|love|optimism|neutral
1409,27,neutral,7|10|15|27,curiosity|disapproval|gratitude|neutral
1410,4,approval,2|9|11|14|15|20|22|26,anger|disappointment|disgust|fear|gratitude|optimism|realization|surprise
1411,18,love,1|2|15|18|20|26|27,amusement|anger|gratitude|love|optimism|surprise|neutral
1412,27,neutral,1|4|5|20|22|27,amusement|approval|caring|optimism|realization|neutral
1413,27,neutral,1|3|6|11|15|18|24|26|27,amusement|annoyance|confusion|disgust|gratitude|love|remorse|surprise|neutral
1414,17,joy,0|2|6|15|22|26|27,admiration|anger|confusion|gratitude|realization|surprise|neutral
1415,20,optimism,6|7|9|11|22|26|27,confusion|curiosity|disappointment|disgust|realization|surprise|neutral
1416,27,neutral,11|14|15|20|25,disgust|fear|gratitude|optimism|sadness
1417,27,neutral,0|6|7|18,admiration|confusion|curiosity|love
1418,27,neutral,0|4,admiration|approval
1419,26,surprise,1|2|8|10|15|17|22|25,amusement|anger|desire|disapproval|gratitude|joy|realization|sadness
1420,27,neutral,2|5|17,anger|caring|joy
1421,0,admiration,1|2|3|4|10|11|17,amusement|anger|annoyance|approval|disapproval|disgust|joy
1422,20,optimism,0|3|7|9|10|11|20,admiration|annoyance|curiosity|disappointment|disapproval|disgust|optimism
1423,27,neutral,0|2|4|6|7|20|25|27,admiration|anger|approval|confusion|curiosity|optimism|sadness|neutral
1424,4|8,approval|desire,1|3|4|5|6|8|11|18|20|26,amusement|annoyance|approval|caring|confusion|desire|disgust|love|optimism|surprise
1425,12,embarrassment,0|1|2|3|9|13|22|25|27,admiration|amusement|anger|annoyance|disappointment|excitement|realization|sadness|neutral
1426,0,admiration,3|4|5|8|15|17|18|23|24|25|26,annoyance|approval|caring|desire|gratitude|joy|love|relief|remorse|sadness|surprise
1427,4,approval,0|1|6|13|15|17|20,admiration|amusement|confusion|excitement|gratitude|joy|optimism
1428,15,gratitude,2|3|6|26,anger|annoyance|confusion|surprise
1429,16,grief,0|8|10|15|19|27,admiration|desire|disapproval|gratitude|nervousness|neutral
1430,0|15,admiration|gratitude,0|1|6|13|17|19|25,admiration|amusement|confusion|excitement|joy|nervousness|sadness
1431,3,annoyance,3|5|6|7|26|27,annoyance|caring|confusion|curiosity|surprise|neutral
1432,27,neutral,1|11|14|18|22|25,amusement|disgust|fear|love|realization|sadness
1433,20|21,optimism|pride,3|4|6|14|15|22|26,annoyance|approval|confusion|fear|gratitude|realization|surprise
1434,2|9|22,anger|disappointment|realization,1|2|3|6|7|14|25,amusement|anger|annoyance|confusion|curiosity|fear|sadness
1435,0,admiration,0|3|6|17|18,admiration|annoyance|confusion|joy|love
1436,1,amusement,2|7|10|13|26|27,anger|curiosity|disapproval|excitement|surprise|neutral
1437,27,neutral,0|5|6|10|11|18,admiration|caring|confusion|disapproval|disgust|love
1438,11,disgust,0|4|6|7|9|14|17|18|20|27,admiration|approval|confusion|curiosity|disappointment|fear|joy|love|optimism|neutral
1439,1,amusement,0|2|4|11|15|22|25,admiration|anger|approval|disgust|gratitude|realization|sadness
1440,27,neutral,9|10|15|27,disappointment|disapproval|gratitude|neutral
1441,9|25,disappointment|sadness,0|2|5|9|18|26,admiration|anger|caring|disappointment|love|surprise
1442,27,neutral,0|3|7|10|13|20|22|24|26,admiration|annoyance|curiosity|disapproval|excitement|optimism|realization|remorse|surprise
1443,15,gratitude,1|2|8|11|15|18|25|26|27,amusement|anger|desire|disgust|gratitude|love|sadness|surprise|neutral
1444,14,fear,0|10|14|18|22|27,admiration|disapproval|fear|love|realization|neutral
1445,27,neutral,10|15|27,disapproval|gratitude|neutral
1446,27,neutral,1|15|18|20|21|27,amusement|gratitude|love|optimism|pride|neutral
1447,7,curiosity,1|7|9|20|25|27,amusement|curiosity|disappointment|optimism|sadness|neutral
1448,0|27,admiration|neutral,0|1|3|5|7|11|13|17,admiration|amusement|annoyance|caring|curiosity|disgust|excitement|joy
1449,27,neutral,0|1|11|15|18|27,admiration|amusement|disgust|gratitude|love|neutral
1450,11,disgust,1|3|4|13|17|25|27,amusement|annoyance|approval|excitement|joy|sadness|neutral
1451,15,gratitude,0|7|10|13|18|22|26,admiration|curiosity|disapproval|excitement|love|realization|surprise
1452,27,neutral,6|7|14|15|18|22,confusion|curiosity|fear|gratitude|love|realization
1453,27,neutral,4|9|10|13|25|27,approval|disappointment|disapproval|excitement|sadness|neutral
1454,7,curiosity,0|1|2|4|10|18|25,admiration|amusement|anger|approval|disapproval|love|sadness
1455,27,neutral,8|18|26,desire|love|surprise
1456,27,neutral,2|10|17|18|20,anger|disapproval|joy|love|optimism
1457,27,neutral,0|2|6|17|22|27,admiration|anger|confusion|joy|realization|neutral
1458,27,neutral,9|17,disappointment|joy
1459,27,neutral,7|25|27,curiosity|sadness|neutral
1460,1,amusement,0|5|6|11|18|20|25|27,admiration|caring|confusion|disgust|love|optimism|sadness|neutral
1461,27,neutral,1|3|6|9|14|15|17|24|25,amusement|annoyance|confusion|disappointment|fear|gratitude|joy|remorse|sadness
1462,3,annoyance,0|1|5|6|7|22|26,admiration|amusement|caring|confusion|curiosity|realization|surprise
1463,2,anger,0|3|4|5|6|7|20|22|27,admiration|annoyance|approval|caring|confusion|curiosity|optimism|realization|neutral
1464,1,amusement,5|10|13|15|18|25|27,caring|disapproval|excitement|gratitude|love|sadness|neutral
1465,0,admiration,0|6|15|22,admiration|confusion|gratitude|realization
1466,27,neutral,1|2|3|15|18|22|27,amusement|anger|annoyance|gratitude|love|realization|neutral
1467,15|17,gratitude|joy,4|7|10|11|13|14|17|18|25|27,approval|curiosity|disapproval|disgust|excitement|fear|joy|love|sadness|neutral
1468,3,annoyance,3|4|6|7|8|17|18,annoyance|approval|confusion|curiosity|desire|joy|love
1469,18,love,1|7|17|20|27,amusement|curiosity|joy|optimism|neutral
1470,15,gratitude,0|10|20|27,admiration|disapproval|optimism|neutral
1471,22,realization,0|4|7|10|17|22,admiration|approval|curiosity|disapproval|joy|realization
1472,9,disappointment,3|15|18,annoyance|gratitude|love
1473,2,anger,0|7|18|20,admiration|curiosity|love|optimism
1474,0,admiration,2|8|10|15|17|22,anger|desire|disapproval|gratitude|joy|realization
1475,27,neutral,0|6|10|15|25|27,admiration|confusion|disapproval|gratitude|sadness|neutral
1476,15,gratitude,0|1|2|13|22|27,admiration|amusement|anger|excitement|realization|neutral
1477,27,neutral,1|2|6|7|9|10|11|15|22|25,amusement|anger|confusion|curiosity|disappointment|disapproval|disgust|gratitude|realization|sadness
1478,6,confusion,0|1|2|9|10|13|22|27,admiration|amusement|anger|disappointment|disapproval|excitement|realization|neutral
1479,15,gratitude,0|1|2|5,admiration|amusement|anger|caring
1480,19,nervousness,4|8|11|13|18|27,approval|desire|disgust|excitement|love|neutral
1481,27,neutral,3|10|13|15,annoyance|disapproval|excitement|gratitude
1482,9,disappointment,7|10|13|14|18|22|25|27,curiosity|disapproval|excitement|fear|love|realization|sadness|neutral
1483,4,approval,2|3|7|11|15|18|24|27,anger|annoyance|curiosity|disgust|gratitude|love|remorse|neutral
1484,18,love,2|3|7|9|10|15|23,anger|annoyance|curiosity|disappointment|disapproval|gratitude|relief
1485,26,surprise,0|6|7|8|15|18|24|27,admiration|confusion|curiosity|desire|gratitude|love|remorse|neutral
1486,4,approval,3|5|6|7|9|10|15|27,annoyance|caring|confusion|curiosity|disappointment|disapproval|gratitude|neutral
1487,27,neutral,0|9|11|18|27,admiration|disappointment|disgust|love|neutral
1488,3|10,annoyance|disapproval,1|2|8|11|15|17|18|22|25,amusement|anger|desire|disgust|gratitude|joy|love|realization|sadness
1489,17,joy,2|3|6|9|11|15|22|25,anger|annoyance|confusion|disappointment|disgust|gratitude|realization|sadness
1490,27,neutral,5|7|9|13|15|17|25|27,caring|curiosity|disappointment|excitement|gratitude|joy|sadness|neutral
1491,27,neutral,6|7|8|13|15|17|26,confusion|curiosity|desire|excitement|gratitude|joy|surprise
1492,27,neutral,1|2|3|7|18|24,amusement|anger|annoyance|curiosity|love|remorse
1493,14,fear,0|2|3|10|22,admiration|anger|annoyance|disapproval|realization
1494,27,neutral,1|4|10|11|20|27,amusement|approval|disapproval|disgust|optimism|neutral
1495,27,neutral,1|2|3|5|7|18,amusement|anger|annoyance|caring|curiosity|love
1496,26,surprise,0|2|3|5|6|7|10|13,admiration|anger|annoyance|caring|confusion|curiosity|disapproval|excitement
1497,22|24,realization|remorse,7|9|13|15|20|25|27,curiosity|disappointment|excitement|gratitude|optimism|sadness|neutral
1498,0,admiration,2|3|7|10|13|22|26|27,anger|annoyance|curiosity|disapproval|excitement|realization|surprise|neutral
1499,9,disappointment,22|25|26,realization|sadness|surprise
1500,4,approval,2|3|7|10|11|26|27,anger|annoyance|curiosity|disapproval|disgust|surprise|neutral
1501,15,gratitude,1|2|3|5|7|11|15|22,amusement|anger|annoyance|caring|curiosity|disgust|gratitude|realization
1502,27,neutral,2|3|6|9|10|15|27,anger|annoyance|confusion|disappointment|disapproval|gratitude|neutral
1503,6,confusion,0|2|9|13|25|26,admiration|anger|disappointment|excitement|sadness|surprise
1504,0,admiration,2|3|5|9|17|20|22,anger|annoyance|caring|disappointment|joy|optimism|realization
1505,27,neutral,0|2|4|5|7|15|20|26,admiration|anger|approval|caring|curiosity|gratitude|optimism|surprise
1506,27,neutral,0|2|3|6|10|11|22,admiration|anger|annoyance|confusion|disapproval|disgust|realization
1507,3,annoyance,7|10|11|15|17|25,curiosity|disapproval|disgust|gratitude|joy|sadness
1508,10,disapproval,3|7|8|11|14|17|20|27,annoyance|curiosity|desire|disgust|fear|joy|optimism|neutral
1509,15,gratitude,4|6|7|9|27,approval|confusion|curiosity|disappointment|neutral
1510,20|25,optimism|sadness,4|11|15|25|26,approval|disgust|gratitude|sadness|surprise
1511,26,surprise,5|7|10|13|14|15|25,caring|curiosity|disapproval|excitement|fear|gratitude|sadness
1512,27,neutral,5|13|18|27,caring|excitement|love|neutral
1513,15,gratitude,1|4|9|10|15|18|22|24,amusement|approval|disappointment|disapproval|gratitude|love|realization|remorse
1514,15,gratitude,1|3|6|7|9|10|14|17|18,amusement|annoyance|confusion|curiosity|disappointment|disapproval|fear|joy|love
1515,5,caring,1|7|11|14|20|25|27,amusement|curiosity|disgust|fear|optimism|sadness|neutral
1516,10,disapproval,0|2|3|9|11|15|20|22|24,admiration|anger|annoyance|disappointment|disgust|gratitude|optimism|realization|remorse
1517,27,neutral,0|8|18|26|27,admiration|desire|love|surprise|neutral
1518,18,love,0|3|4|6|8|13|15|18|20|22|25,admiration|annoyance|approval|confusion|desire|excitement|gratitude|love|optimism|realization|sadness
1519,10,disapproval,3|4|5|14|17|26,annoyance|approval|caring|fear|joy|surprise
1520,7,curiosity,0|3|6|7|9|15,admiration|annoyance|confusion|curiosity|disappointment|gratitude
1521,27,neutral,1|4|6|7|10|11|22|25|27,amusement|approval|confusion|curiosity|disapproval|disgust|realization|sadness|neutral
1522,27,neutral,0|4|7|13|15|18|27,admiration|approval|curiosity|excitement|gratitude|love|neutral
1523,27,neutral,1|2|4|6|7|13|20|22|27,amusement|anger|approval|confusion|curiosity|excitement|optimism|realization|neutral
1524,11|20,disgust|optimism,0|3|6|8|10|11,admiration|annoyance|confusion|desire|disapproval|disgust
1525,27,neutral,1|3|5|8|10|13|22,amusement|annoyance|caring|desire|disapproval|excitement|realization
1526,5,caring,0|1|2|5|15|18|20,admiration|amusement|anger|caring|gratitude|love|optimism
1527,0,admiration,1|2|4|5|22|26,amusement|anger|approval|caring|realization|surprise
1528,27,neutral,1|5|6|7|8|9|15|18|20|25,amusement|caring|confusion|curiosity|desire|disappointment|gratitude|love|optimism|sadness
1529,15,gratitude,0|1|6|10|17|20,admiration|amusement|confusion|disapproval|joy|optimism
1530,17,joy,0|3|6|7|12|13|18,admiration|annoyance|confusion|curiosity|embarrassment|excitement|love
1531,3,annoyance,1|4|11|18|27,amusement|approval|disgust|love|neutral
1532,4,approval,9|11|12|15|17|18|25|27,disappointment|disgust|embarrassment|gratitude|joy|love|sadness|neutral
1533,27,neutral,0|1|17|25|27,admiration|amusement|joy|sadness|neutral
1534,20,optimism,1|2|3|4|7|9|11|20|25|27,amusement|anger|annoyance|approval|curiosity|disappointment|disgust|optimism|sadness|neutral
1535,4,approval,0|4|5|6|7|15|24,admiration|approval|caring|confusion|curiosity|gratitude|remorse
1536,27,neutral,0|25,admiration|sadness
1537,1,amusement,0|4|15|26|27,admiration|approval|gratitude|surprise|neutral
1538,24,remorse,0|6|7|15|19|27,admiration|confusion|curiosity|gratitude|nervousness|neutral
1539,20,optimism,1|2|13|15|18|22|24,amusement|anger|excitement|gratitude|love|realization|remorse
1540,18,love,0|2|4|5|15|18|20,admiration|anger|approval|caring|gratitude|love|optimism
1541,27,neutral,0|1|3|7|8|13|20|27,admiration|amusement|annoyance|curiosity|desire|excitement|optimism|neutral
1542,5,caring,0|1|2|3|5|8|17|23,admiration|amusement|anger|annoyance|caring|desire|joy|relief
1543,27,neutral,9|17|18|20|27,disappointment|joy|love|optimism|neutral
1544,18,love,3|10|11|18|22|25|26,annoyance|disapproval|disgust|love|realization|sadness|surprise
1545,17,joy,3|17|19|25|26|27,annoyance|joy|nervousness|sadness|surprise|neutral
1546,15,gratitude,3|5|6|15|26,annoyance|caring|confusion|gratitude|surprise
1547,2|9,anger|disappointment,0|5|7|11|17|18|27,admiration|caring|curiosity|disgust|joy|love|neutral
1548,5,caring,1|3|8|10|25,amusement|annoyance|desire|disapproval|sadness
1549,27,neutral,0|1|15|17|27,admiration|amusement|gratitude|joy|neutral
1550,0,admiration,2|4|15|20|22|24,anger|approval|gratitude|optimism|realization|remorse
1551,19,nervousness,2|6|10|11|14|17|18,anger|confusion|disapproval|disgust|fear|joy|love
1552,1,amusement,0|6|7|22|26,admiration|confusion|curiosity|realization|surprise
1553,17,joy,7|10|14|20|26|27,curiosity|disapproval|fear|optimism|surprise|neutral
1554,13,excitement,3|7|10,annoyance|curiosity|disapproval
1555,4,approval,4|7|22|27,approval|curiosity|realization|neutral
1556,26,surprise,0|6|7|20|22|27,admiration|confusion|curiosity|optimism|realization|neutral
1557,17|20,joy|optimism,3|9|20|25|27,annoyance|disappointment|optimism|sadness|neutral
1558,3|11,annoyance|disgust,0|2|3|4|7|9|10,admiration|anger|annoyance|approval|curiosity|disappointment|disapproval
1559,4,approval,4|12|13|14|15|18|25|26|27,approval|embarrassment|excitement|fear|gratitude|love|sadness|surprise|neutral
1560,17,joy,0|3|4|13|14|15|25,admiration|annoyance|approval|excitement|fear|gratitude|sadness
1561,10,disapproval,3|7|9|13|17|18|25,annoyance|curiosity|disappointment|excitement|joy|love|sadness
1562,1,amusement,0|11|13|14|15|17|19,admiration|disgust|excitement|fear|gratitude|joy|nervousness
1563,8,desire,1|2|5|13|15|17|22,amusement|anger|caring|excitement|gratitude|joy|realization
1564,15,gratitude,1|3|5|6|8|9|17|25|27,amusement|annoyance|caring|confusion|desire|disappointment|joy|sadness|neutral
1565,1,amusement,0|5|7|9|18|27,admiration|caring|curiosity|disappointment|love|neutral
1566,10|11,disapproval|disgust,1|6|9|20|23,amusement|confusion|disappointment|optimism|relief
1567,0,admiration,7|10|20|24|27,curiosity|disapproval|optimism|remorse|neutral
1568,27,neutral,0|2|5|7|9|14|22,admiration|anger|caring|curiosity|disappointment|fear|realization
1569,20|25,optimism|sadness,1|4|5|7|8|10|11,amusement|approval|caring|curiosity|desire|disapproval|disgust
1570,27,neutral,1|4|10|17|25|27,amusement|approval|disapproval|joy|sadness|neutral
1571,27,neutral,0|1|2|3|6|7|8|15|20,admiration|amusement|anger|annoyance|confusion|curiosity|desire|gratitude|optimism
1572,0,admiration,2|4|9|11|13|15|17|18|24,anger|approval|disappointment|disgust|excitement|gratitude|joy|love|remorse
1573,5,caring,2|4|6|11|12|14|27,anger|approval|confusion|disgust|embarrassment|fear|neutral
1574,6,confusion,0|2|3|4|9|11|15|22|27,admiration|anger|annoyance|approval|disappointment|disgust|gratitude|realization|neutral
1575,6,confusion,1|7|10|13|15,amusement|curiosity|disapproval|excitement|gratitude
1576,1|4,amusement|approval,0|2|3|15|18|24,admiration|anger|annoyance|gratitude|love|remorse
1577,0|18,admiration|love,0|1|5|8|12|27,admiration|amusement|caring|desire|embarrassment|neutral
1578,27,neutral,10|17|27,disapproval|joy|neutral
1579,9,disappointment,1|5|6|10|14|18|20|25,amusement|caring|confusion|disapproval|fear|love|optimism|sadness
1580,27,neutral,0|4|9|15|19|20|22|25|26,admiration|approval|disappointment|gratitude|nervousness|optimism|realization|sadness|surprise
1581,10,disapproval,0,admiration
1582,15,gratitude,1|2|6|10|13|14|20,amusement|anger|confusion|disapproval|excitement|fear|optimism
1583,21,pride,0|5|9|10|11|15|20|27,admiration|caring|disappointment|disapproval|disgust|gratitude|optimism|neutral
1584,6,confusion,0|2|3|4|9|17|18|22,admiration|anger|annoyance|approval|disappointment|joy|love|realization
1585,27,neutral,0|1|2|6|14,admiration|amusement|anger|confusion|fear
1586,15,gratitude,0|1|5|10|15|22,admiration|amusement|caring|disapproval|gratitude|realization
1587,3|10,annoyance|disapproval,0|1|6|9|13|26,admiration|amusement|confusion|disappointment|excitement|surprise
1588,4|27,approval|neutral,1|25|26|27,amusement|sadness|surprise|neutral
1589,11,disgust,1|5|7|15|17|22|27,amusement|caring|curiosity|gratitude|joy|realization|neutral
1590,26,surprise,0|1|6|9|13|22|25|27,admiration|amusement|confusion|disappointment|excitement|realization|sadness|neutral
1591,4,approval,1|11|15|17|20|25|27,amusement|disgust|gratitude|joy|optimism|sadness|neutral
1592,17,joy,1|2|3|10|11|15|20,amusement|anger|annoyance|disapproval|disgust|gratitude|optimism
1593,10,disapproval,0|4|6|7|13|15|26,admiration|approval|confusion|curiosity|excitement|gratitude|surprise
1594,14|19,fear|nervousness,0|2|5|20|27,admiration|anger|caring|optimism|neutral
1595,27,neutral,4|7|9|12|13|21|26|27,approval|curiosity|disappointment|embarrassment|excitement|pride|surprise|neutral
1596,27,neutral,2|4|7|8|20|26|27,anger|approval|curiosity|desire|optimism|surprise|neutral
1597,3|26,annoyance|surprise,5|6|17|18|26,caring|confusion|joy|love|surprise
1598,27,neutral,1|2|6|11|15|19,amusement|anger|confusion|disgust|gratitude|nervousness
1599,0,admiration,4|11|15|17|20|24|25|27,approval|disgust|gratitude|joy|optimism|remorse|sadness|neutral
1600,7,curiosity,3|6|7|9|15|17|20,annoyance|confusion|curiosity|disappointment|gratitude|joy|optimism
1601,18,love,0|2|3|9|14|15|18|20|25,admiration|anger|annoyance|disappointment|fear|gratitude|love|optimism|sadness
1602,10,disapproval,0|4|6|11|27,admiration|approval|confusion|disgust|neutral
1603,0,admiration,0|2|8|17|25|27,admiration|anger|desire|joy|sadness|neutral
1604,27,neutral,6|10|13|22|25|27,confusion|disapproval|excitement|realization|sadness|neutral
1605,27,neutral,0|1|3|7|8|13|17|18|27,admiration|amusement|annoyance|curiosity|desire|excitement|joy|love|neutral
1606,18,love,0|1|7|10|26,admiration|amusement|curiosity|disapproval|surprise
1607,27,neutral,0|1|2|3|22,admiration|amusement|anger|annoyance|realization
1608,3|25,annoyance|sadness,0|1|7|21|22|26,admiration|amusement|curiosity|pride|realization|surprise
1609,27,neutral,0|4|13|15|17|18|22,admiration|approval|excitement|gratitude|joy|love|realization
1610,1|10,amusement|disapproval,1|5|8|15|22|27,amusement|caring|desire|gratitude|realization|neutral
1611,1,amusement,1|2|3|9|12|18|22|27,amusement|anger|annoyance|disappointment|embarrassment|love|realization|neutral
1612,2,anger,0|2|3|4|6|7|13|25|27,admiration|anger|annoyance|approval|confusion|curiosity|excitement|sadness|neutral
1613,27,neutral,0|1|2|3|9|12|14|22,admiration|amusement|anger|annoyance|disappointment|embarrassment|fear|realization
1614,7|13,curiosity|excitement,0|1|4|10|13|17|18|25|26,admiration|amusement|approval|disapproval|excitement|joy|love|sadness|surprise
1615,27,neutral,2|3|6|7,anger|annoyance|confusion|curiosity
1616,27,neutral,2|9|10|18|27,anger|disappointment|disapproval|love|neutral
1617,27,neutral,3|4|5|7|10|20|25|27,annoyance|approval|caring|curiosity|disapproval|optimism|sadness|neutral
1618,17,joy,4|5|9|10|14|25,approval|caring|disappointment|disapproval|fear|sadness
1619,0|15,admiration|gratitude,0|5|18|26|27,admiration|caring|love|surprise|neutral
1620,0|7,admiration|curiosity,6|10|13|15|18,confusion|disapproval|excitement|gratitude|love
1621,27,neutral,4|7,approval|curiosity
1622,1|27,amusement|neutral,2|3|9|11|15|18,anger|annoyance|disappointment|disgust|gratitude|love
1623,1,amusement,3|4|9|14|17|20|24|25|26|27,annoyance|approval|disappointment|fear|joy|optimism|remorse|sadness|surprise|neutral
1624,10,disapproval,3|4|5|6|9|11|14|22|26,annoyance|approval|caring|confusion|disappointment|disgust|fear|realization|surprise
1625,27,neutral,1|3|6|8|9|13|18|20|26,amusement|annoyance|confusion|desire|disappointment|excitement|love|optimism|surprise
1626,27,neutral,3|4|11|14|18|26|27,annoyance|approval|disgust|fear|love|surprise|neutral
1627,27,neutral,1|3|6|13|15|17|22,amusement|annoyance|confusion|excitement|gratitude|joy|realization
1628,1,amusement,0|1|4|6|9|10|13|18|22|24|25|27,admiration|amusement|approval|confusion|disappointment|disapproval|excitement|love|realization|remorse|sadness|neutral
1629,3|9,annoyance|disappointment,1|11|15|22|25|27,amusement|disgust|gratitude|realization|sadness|neutral
1630,5,caring,3|7|10|11|15|25,annoyance|curiosity|disapproval|disgust|gratitude|sadness
1631,22,realization,7|12|14|22|26,curiosity|embarrassment|fear|realization|surprise
1632,0,admiration,4|7|27,approval|curiosity|neutral
1633,17,joy,15|20|27,gratitude|optimism|neutral
1634,27,neutral,3|6|9|13|21|22,annoyance|confusion|disappointment|excitement|pride|realization
1635,0,admiration,0|1|5|6|7|9|10|14|15|17|27,admiration|amusement|caring|confusion|curiosity|disappointment|disapproval|fear|gratitude|joy|neutral
1636,10,disapproval,3|4|17|22|26,annoyance|approval|joy|realization|surprise
1637,6|7,confusion|curiosity,1|6|10|17|20|22|27,amusement|confusion|disapproval|joy|optimism|realization|neutral
1638,27,neutral,0|1|2|3|4|14|27,admiration|amusement|anger|annoyance|approval|fear|neutral
1639,6|7,confusion|curiosity,0|1|2|7|13|20|22|27,admiration|amusement|anger|curiosity|excitement|optimism|realization|neutral
1640,19,nervousness,0|6|10|11|15|22|25,admiration|confusion|disapproval|disgust|gratitude|realization|sadness
1641,27,neutral,0|1|3|7|15|17|20|25,admiration|amusement|annoyance|curiosity|gratitude|joy|optimism|sadness
1642,27,neutral,3|5|6|7|10|14|26|27,annoyance|caring|confusion|curiosity|disapproval|fear|surprise|neutral
1643,27,neutral,0|7|13|14|17|26,admiration|curiosity|excitement|fear|joy|surprise
1644,22,realization,0|6|13|15|18|22|27,admiration|confusion|excitement|gratitude|love|realization|neutral
1645,27,neutral,0|1|7|10|18,admiration|amusement|curiosity|disapproval|love
1646,10,disapproval,0|7|13|20|27,admiration|curiosity|excitement|optimism|neutral
1647,27,neutral,3|9|11|25,annoyance|disappointment|disgust|sadness
1648,1,amusement,2|5|7|20|22,anger|caring|curiosity|optimism|realization
1649,15,gratitude,2|3|4|5|15,anger|annoyance|approval|caring|gratitude
1650,27,neutral,2|3|6|8|9|12|13|15|27,anger|annoyance|confusion|desire|disappointment|embarrassment|excitement|gratitude|neutral
1651,27,neutral,0|4|9|20,admiration|approval|disappointment|optimism
1652,15,gratitude,1|6|22|25,amusement|confusion|realization|sadness
1653,27,neutral,3|15|26|27,annoyance|gratitude|surprise|neutral
1654,4,approval,0|4|6|10|25|27,admiration|approval|confusion|disapproval|sadness|neutral
1655,15,gratitude,0|10|27,admiration|disapproval|neutral
1656,22,realization,0|3|4|5|6|8|15|18|25|27,admiration|annoyance|approval|caring|confusion|desire|gratitude|love|sadness|neutral
1657,2,anger,4|13|17|18,approval|excitement|joy|love
1658,0,admiration,0|4|5|8|15|27,admiration|approval|caring|desire|gratitude|neutral
1659,0,admiration,3|7|8|9|11,annoyance|curiosity|desire|disappointment|disgust
1660,22,realization,3|4|10|14|15|17,annoyance|approval|disapproval|fear|gratitude|joy
1661,26,surprise,4|10|13|18|20|25,approval|disapproval|excitement|love|optimism|sadness
1662,27,neutral,4|5|6|9|15|18|25,approval|caring|confusion|disappointment|gratitude|love|sadness
1663,4|7,approval|curiosity,4|9|15|18|20,approval|disappointment|gratitude|love|optimism
1664,20,optimism,5|7|8|15|20|26,caring|curiosity|desire|gratitude|optimism|surprise
1665,0|7,admiration|curiosity,2|3|11|13|15|18|22|26,anger|annoyance|disgust|excitement|gratitude|love|realization|surprise
1666,2,anger,2|3|9|10|18|20|27,anger|annoyance|disappointment|disapproval|love|optimism|neutral
1667,10|26,disapproval|surprise,5|6|13|15|18|22|26,caring|confusion|excitement|gratitude|love|realization|surprise
1668,25,sadness,1|3|4|17|20,amusement|annoyance|approval|joy|optimism
1669,3|10,annoyance|disapproval,3|4|6|7|18|22|27,annoyance|approval|confusion|curiosity|love|realization|neutral
1670,27,neutral,7|15|20|24|27,curiosity|gratitude|optimism|remorse|neutral
1671,1,amusement,1|4|5|26|27,amusement|approval|caring|surprise|neutral
1672,6,confusion,1|5|27,amusement|caring|neutral
1673,4,approval,4|6|7|27,approval|confusion|curiosity|neutral
1674,0|4|18,admiration|approval|love,3|4|6|7|24|27,annoyance|approval|confusion|curiosity|remorse|neutral
1675,20,optimism,4|9|15|20,approval|disappointment|gratitude|optimism
1676,15|18,gratitude|love,4|5|7|10|13|15|20|24,approval|caring|curiosity|disapproval|excitement|gratitude|optimism|remorse
1677,10,disapproval,3|15|20|22|24|27,annoyance|gratitude|optimism|realization|remorse|neutral
1678,27,neutral,2|3|13|25,anger|annoyance|excitement|sadness
1679,22,realization,0|2|4|6|7|14|17|18|24|27,admiration|anger|approval|confusion|curiosity|fear|joy|love|remorse|neutral
1680,27,neutral,0|10|13|22|27,admiration|disapproval|excitement|realization|neutral
1681,10,disapproval,4|15|24|25|26|27,approval|gratitude|remorse|sadness|surprise|neutral
1682,7,curiosity,3|7|10|14|15|22|24|26|27,annoyance|curiosity|disapproval|fear|gratitude|realization|remorse|surprise|neutral
1683,27,neutral,10|14|18,disapproval|fear|love
1684,0,admiration,1|4|15|18|24|25|27,amusement|approval|gratitude|love|remorse|sadness|neutral
1685,17,joy,2|4|6|7|11|27,anger|approval|confusion|curiosity|disgust|neutral
1686,20,optimism,0|2|3,admiration|anger|annoyance
1687,5,caring,0|3|5|6|10|17|26,admiration|annoyance|caring|confusion|disapproval|joy|surprise
1688,4,approval,0|1|2|10|12|15,admiration|amusement|anger|disapproval|embarrassment|gratitude
1689,27,neutral,1|2|3|4|6|13|20|22|26,amusement|anger|annoyance|approval|confusion|excitement|optimism|realization|surprise
1690,27,neutral,0|5|10|26,admiration|caring|disapproval|surprise
1691,27,neutral,0|1|3|4|5|10|11|13|27,admiration|amusement|annoyance|approval|caring|disapproval|disgust|excitement|neutral
1692,18,love,0|1|8|9|27,admiration|amusement|desire|disappointment|neutral
1693,0,admiration,0|6|7|10|17|18|20,admiration|confusion|curiosity|disapproval|joy|love|optimism
1694,4,approval,1|4|20|25|27,amusement|approval|optimism|sadness|neutral
1695,17,joy,1|4|12|20|21|25|27,amusement|approval|embarrassment|optimism|pride|sadness|neutral
1696,7|27,curiosity|neutral,2|3|4|6|7|9|13|18|26,anger|annoyance|approval|confusion|curiosity|disappointment|excitement|love|surprise
1697,0,admiration,5|10|17|18|27,caring|disapproval|joy|love|neutral
1698,3,annoyance,2|3|5|11|15|25|27,anger|annoyance|caring|disgust|gratitude|sadness|neutral
1699,0,admiration,1|2|3|4|15|27,amusement|anger|annoyance|approval|gratitude|neutral
1700,27,neutral,3|10|17|27,annoyance|disapproval|joy|neutral
1701,7,curiosity,4|7|8|10|18|22|27,approval|curiosity|desire|disapproval|love|realization|neutral
1702,0,admiration,6|7|8|10|22|25|27,confusion|curiosity|desire|disapproval|realization|sadness|neutral
1703,5|11,caring|disgust,4|7|8|10|22|25|27,approval|curiosity|desire|disapproval|realization|sadness|neutral
1704,2,anger,0|9|20|26,admiration|disappointment|optimism|surprise
1705,27,neutral,1|2|9|13|17|18|20|27,amusement|anger|disappointment|excitement|joy|love|optimism|neutral
1706,27,neutral,3|10|15|18|22,annoyance|disapproval|gratitude|love|realization
1707,27,neutral,2|4|11|13|14|20|26,anger|approval|disgust|excitement|fear|optimism|surprise
1708,2,anger,3|4|5|9|11|15|27,annoyance|approval|caring|disappointment|disgust|gratitude|neutral
1709,1|3|18,amusement|annoyance|love,4|8|9|20|27,approval|desire|disappointment|optimism|neutral
1710,4,approval,2|3|4|9|22|27,anger|annoyance|approval|disappointment|realization|neutral
1711,5,caring,0|2|3|4|13|18|20|24,admiration|anger|annoyance|approval|excitement|love|optimism|remorse
1712,4|5,approval|caring,3|4|10|15|22|27,annoyance|approval|disapproval|gratitude|realization|neutral
1713,10,disapproval,2|8|15,anger|desire|gratitude
1714,18,love,0|2|3|17|27,admiration|anger|annoyance|joy|neutral
1715,9,disappointment,0|2|3|5|6|15|17|22,admiration|anger|annoyance|caring|confusion|gratitude|joy|realization
1716,3,annoyance,3|4|7|13|18|20|22|23|24|25|27,annoyance|approval|curiosity|excitement|love|optimism|realization|relief|remorse|sadness|neutral
1717,15,gratitude,0|1|3|8,admiration|amusement|annoyance|desire
1718,22,realization,0|2|5|13|24|27,admiration|anger|caring|excitement|remorse|neutral
1719,13,excitement,1|26,amusement|surprise
1720,0,admiration,10|11|14|15,disapproval|disgust|fear|gratitude
1721,15,gratitude,1|2|5|6|11|17,amusement|anger|caring|confusion|disgust|joy
1722,3|11,annoyance|disgust,5|7|9|10|11|14|17|18|27,caring|curiosity|disappointment|disapproval|disgust|fear|joy|love|neutral
1723,27,neutral,4|5|7|8|10|13|14|15|18,approval|caring|curiosity|desire|disapproval|excitement|fear|gratitude|love
1724,22|24,realization|remorse,0|1|4|27,admiration|amusement|approval|neutral
1725,10|27,disapproval|neutral,0|3|7|11|15|20|22,admiration|annoyance|curiosity|disgust|gratitude|optimism|realization
1726,1,amusement,1|7|9|13|15|22|26,amusement|curiosity|disappointment|excitement|gratitude|realization|surprise
1727,3,annoyance,3|5|7|14|17|18,annoyance|caring|curiosity|fear|joy|love
1728,1,amusement,0|2|9|15|22,admiration|anger|disappointment|gratitude|realization
1729,25,sadness,0|3|4|5|6|8|11|13,admiration|annoyance|approval|caring|confusion|desire|disgust|excitement
1730,27,neutral,0|5|15|18|22|27,admiration|caring|gratitude|love|realization|neutral
1731,6,confusion,4|7|9|15|22|27,approval|curiosity|disappointment|gratitude|realization|neutral
1732,4|15|17,approval|gratitude|joy,1|2|6|17|20|27,amusement|anger|confusion|joy|optimism|neutral
1733,2,anger,0|1|4|5|7|10|17,admiration|amusement|approval|caring|curiosity|disapproval|joy
1734,3|10,annoyance|disapproval,0|3|4|13|20,admiration|annoyance|approval|excitement|optimism
1735,26,surprise,0|2|3|4|7|9|15|18|26,admiration|anger|annoyance|approval|curiosity|disappointment|gratitude|love|surprise
1736,27,neutral,1|2|17|27,amusement|anger|joy|neutral
1737,26,surprise,2|4|8|15,anger|approval|desire|gratitude
1738,7,curiosity,3|6|8|14|15,annoyance|confusion|desire|fear|gratitude
1739,4,approval,2|4|9|18|26|27,anger|approval|disappointment|love|surprise|neutral
1740,27,neutral,2|5|6|17|20|25,anger|caring|confusion|joy|optimism|sadness
1741,27,neutral,3|9|13|15|17|25,annoyance|disappointment|excitement|gratitude|joy|sadness
1742,27,neutral,13|15|22|27,excitement|gratitude|realization|neutral
1743,7,curiosity,1|3|4|15|27,amusement|annoyance|approval|gratitude|neutral
1744,3,annoyance,0|3|17|20|24|26|27,admiration|annoyance|joy|optimism|remorse|surprise|neutral
1745,15,gratitude,7|15|18|20|22|27,curiosity|gratitude|love|optimism|realization|neutral
1746,2,anger,0|9|15|17|20|27,admiration|disappointment|gratitude|joy|optimism|neutral
1747,4|20,approval|optimism,0|9|14|15|17|24|27,admiration|disappointment|fear|gratitude|joy|remorse|neutral
1748,2,anger,1|4|5|7|14|15|17|18|20|25,amusement|approval|caring|curiosity|fear|gratitude|joy|love|optimism|sadness
1749,25,sadness,0|1|5|20|25|26|27,admiration|amusement|caring|optimism|sadness|surprise|neutral
1750,1|27,amusement|neutral,6|9|10|12|13|18|20|22|24,confusion|disappointment|disapproval|embarrassment|excitement|love|optimism|realization|remorse
1751,4,approval,0|4|7|9|13|15|17|18|25|27,admiration|approval|curiosity|disappointment|excitement|gratitude|joy|love|sadness|neutral
1752,7|27,curiosity|neutral,0|6|7|27,admiration|confusion|curiosity|neutral
1753,11,disgust,1|6|7|15|27,amusement|confusion|curiosity|gratitude|neutral
1754,11,disgust,0|6|11|12|14|17|22|26|27,admiration|confusion|disgust|embarrassment|fear|joy|realization|surprise|neutral
1755,27,neutral,14|17|20|22|25|27,fear|joy|optimism|realization|sadness|neutral
1756,27,neutral,1|3|9|17|20|25,amusement|annoyance|disappointment|joy|optimism|sadness
1757,25,sadness,0|3|7|18,admiration|annoyance|curiosity|love
1758,3,annoyance,1|3|6,amusement|annoyance|confusion
1759,17,joy,1|3|5|7|11|15|18|25,amusement|annoyance|caring|curiosity|disgust|gratitude|love|sadness
1760,0|4,admiration|approval,0|6|25|26,admiration|confusion|sadness|surprise
1761,1,amusement,0|13|17|27,admiration|excitement|joy|neutral
1762,6,confusion,0|2|5|6|9|14|22|25,admiration|anger|caring|confusion|disappointment|fear|realization|sadness
1763,27,neutral,0|3|7|11|20|25|27,admiration|annoyance|curiosity|disgust|optimism|sadness|neutral
1764,27,neutral,4|13|25,approval|excitement|sadness
1765,10|27,disapproval|neutral,0|4|5|6|14|22|25,admiration|approval|caring|confusion|fear|realization|sadness
1766,4|18,approval|love,0|3|5|15|20|26,admiration|annoyance|caring|gratitude|optimism|surprise
1767,14,fear,3|5|7|10|11|18|26|27,annoyance|caring|curiosity|disapproval|disgust|love|surprise|neutral
1768,15,gratitude,0|1|2|4|5|10|15|25,admiration|amusement|anger|approval|caring|disapproval|gratitude|sadness
1769,3,annoyance,3|4|6|18,annoyance|approval|confusion|love
1770,1|7,amusement|curiosity,0|1|5|6|10|13|20|22|24|27,admiration|amusement|caring|confusion|disapproval|excitement|optimism|realization|remorse|neutral
1771,27,neutral,1|4|18|25|27,amusement|approval|love|sadness|neutral
1772,26,surprise,0|7|8|15|18|19|27,admiration|curiosity|desire|gratitude|love|nervousness|neutral
1773,15,gratitude,1|3|6|7|17|20|25,amusement|annoyance|confusion|curiosity|joy|optimism|sadness
1774,12,embarrassment,0|1|3|7|10|13|18|22|27,admiration|amusement|annoyance|curiosity|disapproval|excitement|love|realization|neutral
1775,15|19,gratitude|nervousness,0|1|3|9|10|26,admiration|amusement|annoyance|disappointment|disapproval|surprise
1776,27,neutral,4|7|9|27,approval|curiosity|disappointment|neutral
1777,0,admiration,2|6|10|11|15|22|27,anger|confusion|disapproval|disgust|gratitude|realization|neutral
1778,7,curiosity,5|16|17|18,caring|grief|joy|love
1779,1|18,amusement|love,4|9|13|17|18|25|27,approval|disappointment|excitement|joy|love|sadness|neutral
1780,27,neutral,0|22|27,admiration|realization|neutral
1781,0|26,admiration|surprise,4|14|15|18|25|27,approval|fear|gratitude|love|sadness|neutral
1782,27,neutral,0|2|3|5|9|10|13|18|20|22,admiration|anger|annoyance|caring|disappointment|disapproval|excitement|love|optimism|realization
1783,27,neutral,4|10|17,approval|disapproval|joy
1784,4,approval,0|3|4|5|6|7|15,admiration|annoyance|approval|caring|confusion|curiosity|gratitude
1785,27,neutral,0|3|6|11|14|15|18,admiration|annoyance|confusion|disgust|fear|gratitude|love
1786,27,neutral,4|5|7|15|18|22|25|26,approval|caring|curiosity|gratitude|love|realization|sadness|surprise
1787,0|1,admiration|amusement,0|1|2|3|4|9|10|11|26,admiration|amusement|anger|annoyance|approval|disappointment|disapproval|disgust|surprise
1788,4|17,approval|joy,2|6|10|13|15,anger|confusion|disapproval|excitement|gratitude
1789,20,optimism,1|2|5|10|14|17|25,amusement|anger|caring|disapproval|fear|joy|sadness
1790,27,neutral,1|10|13|14|17|27,amusement|disapproval|excitement|fear|joy|neutral
1791,27,neutral,1|3|4|6|8,amusement|annoyance|approval|confusion|desire
1792,10,disapproval,13|15|22|25|27,excitement|gratitude|realization|sadness|neutral
1793,1,amusement,3|4|6|9|17|18|25,annoyance|approval|confusion|disappointment|joy|love|sadness
1794,4,approval,0|1|11|15|20|22|27,admiration|amusement|disgust|gratitude|optimism|realization|neutral
1795,0,admiration,3|4|6|7|9|10|13|18|25,annoyance|approval|confusion|curiosity|disappointment|disapproval|excitement|love|sadness
1796,6,confusion,6|7|8|10|15|17|18|20|25|27,confusion|curiosity|desire|disapproval|gratitude|joy|love|optimism|sadness|neutral
1797,14,fear,3|6|7|9|10|12|15|26,annoyance|confusion|curiosity|disappointment|disapproval|embarrassment|gratitude|surprise
1798,0,admiration,2|5|6|7|15|17|27,anger|caring|confusion|curiosity|gratitude|joy|neutral
1799,15,gratitude,4|5|6|7|9|15|24|25|26,approval|caring|confusion|curiosity|disappointment|gratitude|remorse|sadness|surprise
1800,2,anger,3|5|6|10|11|14|15|17|22,annoyance|caring|confusion|disapproval|disgust|fear|gratitude|joy|realization
1801,27,neutral,3|5|7|15|20|22|26,annoyance|caring|curiosity|gratitude|optimism|realization|surprise
1802,27,neutral,0|2|3|10|11|17|27,admiration|anger|annoyance|disapproval|disgust|joy|neutral
1803,15,gratitude,0|1|15|18|20|26|27,admiration|amusement|gratitude|love|optimism|surprise|neutral
1804,0|20,admiration|optimism,2|7|8|15|20|22,anger|curiosity|desire|gratitude|optimism|realization
1805,9,disappointment,3|9|10|15|17|20,annoyance|disappointment|disapproval|gratitude|joy|optimism
1806,27,neutral,0|5|9|15|20|25|27,admiration|caring|disappointment|gratitude|optimism|sadness|neutral
1807,17|25,joy|sadness,2|5|9,anger|caring|disappointment
1808,1,amusement,2|15|17|18|20,anger|gratitude|joy|love|optimism
1809,15,gratitude,1|4|5|9|11|13|17|21|22,amusement|approval|caring|disappointment|disgust|excitement|joy|pride|realization
1810,27,neutral,0|1|5|7|8|13|17|18|20,admiration|amusement|caring|curiosity|desire|excitement|joy|love|optimism
1811,27,neutral,0|2|3|4|9|10|15,admiration|anger|annoyance|approval|disappointment|disapproval|gratitude
1812,20,optimism,4|7|17|20|22,approval|curiosity|joy|optimism|realization
1813,3,annoyance,1|2|3|4|5|8|12|17|18|20|26,amusement|anger|annoyance|approval|caring|desire|embarrassment|joy|love|optimism|surprise
1814,1,amusement,1|2|3|7|8|14|15|17|18,amusement|anger|annoyance|curiosity|desire|fear|gratitude|joy|love
1815,24,remorse,3|13|17|27,annoyance|excitement|joy|neutral
1816,15,gratitude,2|9|15|25|26,anger|disappointment|gratitude|sadness|surprise
1817,4,approval,3|4|5|9|14|17|20,annoyance|approval|caring|disappointment|fear|joy|optimism
1818,17,joy,3|4|6|12|15|24,annoyance|approval|confusion|embarrassment|gratitude|remorse
1819,0,admiration,1|7|25|27,amusement|curiosity|sadness|neutral
1820,27,neutral,3|4|7|15|25,annoyance|approval|curiosity|gratitude|sadness
1821,27,neutral,1|13|15|27,amusement|excitement|gratitude|neutral
1822,27,neutral,2|3|7|8|9|15|17|20|24|25|27,anger|annoyance|curiosity|desire|disappointment|gratitude|joy|optimism|remorse|sadness|neutral
1823,0|15,admiration|gratitude,0|6|17|18|20,admiration|confusion|joy|love|optimism
1824,5,caring,1|7|17|18|22|25|26,amusement|curiosity|joy|love|realization|sadness|surprise
1825,11,disgust,0|2|4|7|25|26,admiration|anger|approval|curiosity|sadness|surprise
1826,0|10,admiration|disapproval,0|3|4|12|15|17|23,admiration|annoyance|approval|embarrassment|gratitude|joy|relief
1827,27,neutral,1|2|6|15|17|19,amusement|anger|confusion|gratitude|joy|nervousness
1828,3,annoyance,0|1|2|5|10|17|25,admiration|amusement|anger|caring|disapproval|joy|sadness
1829,27,neutral,4|20|27,approval|optimism|neutral
1830,27,neutral,0|4|15|18|27,admiration|approval|gratitude|love|neutral
1831,18,love,3|4|10|15,annoyance|approval|disapproval|gratitude
1832,0,admiration,1|2|4|10|11|20|24,amusement|anger|approval|disapproval|disgust|optimism|remorse
1833,25,sadness,0|3|4|5|7,admiration|annoyance|approval|caring|curiosity
1834,14,fear,6|12|14|19,confusion|embarrassment|fear|nervousness
1835,0,admiration,0|2|10|15|20,admiration|anger|disapproval|gratitude|optimism
1836,20,optimism,1|3|5|7|10|24|25|27,amusement|annoyance|caring|curiosity|disapproval|remorse|sadness|neutral
1837,27,neutral,0|2|15|18|20|22,admiration|anger|gratitude|love|optimism|realization
1838,27,neutral,3|7|26|27,annoyance|curiosity|surprise|neutral
1839,22,realization,1|7|15|27,amusement|curiosity|gratitude|neutral
1840,27,neutral,6|9|13|15|25,confusion|disappointment|excitement|gratitude|sadness
1841,27,neutral,0|4|7|13|18|20,admiration|approval|curiosity|excitement|love|optimism
1842,0,admiration,0|1|8|9|13|22|25,admiration|amusement|desire|disappointment|excitement|realization|sadness
1843,27,neutral,9|15|25|27,disappointment|gratitude|sadness|neutral
1844,7,curiosity,3|7|10|17|18|20|22,annoyance|curiosity|disapproval|joy|love|optimism|realization
1845,6,confusion,0|1|2|5|9|10|17|20|21,admiration|amusement|anger|caring|disappointment|disapproval|joy|optimism|pride
1846,8|20,desire|optimism,0|2|4|9|11|13|17|26,admiration|anger|approval|disappointment|disgust|excitement|joy|surprise
1847,3,annoyance,0|1|3|4|5|7|8|11|15,admiration|amusement|annoyance|approval|caring|curiosity|desire|disgust|gratitude
1848,0,admiration,1|2|5|7|18|19|22|27,amusement|anger|caring|curiosity|love|nervousness|realization|neutral
1849,27,neutral,1|3|13|15|18|24,amusement|annoyance|excitement|gratitude|love|remorse
1850,9,disappointment,0|1|3|4|6|10|18|25,admiration|amusement|annoyance|approval|confusion|disapproval|love|sadness
1851,27,neutral,0|2|3|5|13|26,admiration|anger|annoyance|caring|excitement|surprise
1852,27,neutral,0|1|4|17|27,admiration|amusement|approval|joy|neutral
1853,10,disapproval,0|1|2|6|8|9|15|17|25|26,admiration|amusement|anger|confusion|desire|disappointment|gratitude|joy|sadness|surprise
1854,20,optimism,1|3|4|6|14|20|22,amusement|annoyance|approval|confusion|fear|optimism|realization
1855,27,neutral,5|9|10|26|27,caring|disappointment|disapproval|surprise|neutral
1856,14,fear,7|10|15,curiosity|disapproval|gratitude
1857,5|25,caring|sadness,1|2|4|5|9|11|14|15|20|22|25,amusement|anger|approval|caring|disappointment|disgust|fear|gratitude|optimism|realization|sadness
1858,27,neutral,7|11|14|18|22|26,curiosity|disgust|fear|love|realization|surprise
1859,0,admiration,0|2|4|17|20,admiration|anger|approval|joy|optimism
1860,25,sadness,3|4|7|27,annoyance|approval|curiosity|neutral
1861,15,gratitude,6|7|8|15|20|25|27,confusion|curiosity|desire|gratitude|optimism|sadness|neutral
1862,14|18,fear|love,0|8|15|27,admiration|desire|gratitude|neutral
1863,14,fear,7|26,curiosity|surprise
1864,27,neutral,0|1|4|6|11|16|17|20|27,admiration|amusement|approval|confusion|disgust|grief|joy|optimism|neutral
1865,0|20,admiration|optimism,2|11|14|17|22|25,anger|disgust|fear|joy|realization|sadness
1866,27,neutral,1|5|7|10|13|15|27,amusement|caring|curiosity|disapproval|excitement|gratitude|neutral
1867,27,neutral,0|4|5|11|13|14,admiration|approval|caring|disgust|excitement|fear
1868,0,admiration,3|8|9|25,annoyance|desire|disappointment|sadness
1869,13,excitement,7|13|24|25|27,curiosity|excitement|remorse|sadness|neutral
1870,4,approval,1|3|6|8|10|14|15,amusement|annoyance|confusion|desire|disapproval|fear|gratitude
1871,15,gratitude,0|3|15|20|24|26,admiration|annoyance|gratitude|optimism|remorse|surprise
1872,9,disappointment,1|22|26|27,amusement|realization|surprise|neutral
1873,15,gratitude,2|9|15|17|20|25|26|27,anger|disappointment|gratitude|joy|optimism|sadness|surprise|neutral
1874,4,approval,11|15|22|26|27,disgust|gratitude|realization|surprise|neutral
1875,7,curiosity,0|3|10|15|27,admiration|annoyance|disapproval|gratitude|neutral
1876,15,gratitude,1|4|10|22|25|26|27,amusement|approval|disapproval|realization|sadness|surprise|neutral
1877,4,approval,2|3|6|9|10|15|19|26,anger|annoyance|confusion|disappointment|disapproval|gratitude|nervousness|surprise
1878,7|27,curiosity|neutral,2|3|7|18|20|26|27,anger|annoyance|curiosity|love|optimism|surprise|neutral
1879,4|27,approval|neutral,0|2|3|6|7|9|13,admiration|anger|annoyance|confusion|curiosity|disappointment|excitement
1880,27,neutral,0|9|17|18|27,admiration|disappointment|joy|love|neutral
1881,11,disgust,4|11|27,approval|disgust|neutral
1882,15,gratitude,4|9|17|18|20|24|25,approval|disappointment|joy|love|optimism|remorse|sadness
1883,26,surprise,0|4|8|10|13|15|18|20|25,admiration|approval|desire|disapproval|excitement|gratitude|love|optimism|sadness
1884,27,neutral,7|10|17|18|22|26,curiosity|disapproval|joy|love|realization|surprise
1885,18,love,0|2|4|5|6|11|13|17|18|25,admiration|anger|approval|caring|confusion|disgust|excitement|joy|love|sadness
1886,10,disapproval,2|4|5|6|7|10|11|20|22,anger|approval|caring|confusion|curiosity|disapproval|disgust|optimism|realization
1887,10,disapproval,1|2|3|7|8|13|15,amusement|anger|annoyance|curiosity|desire|excitement|gratitude
1888,2|11,anger|disgust,0|6|17|18,admiration|confusion|joy|love
1889,10,disapproval,3|5|9|11|15|25|26,annoyance|caring|disappointment|disgust|gratitude|sadness|surprise
1890,14|20,fear|optimism,3|5|15|17|25,annoyance|caring|gratitude|joy|sadness
1891,6,confusion,4|6|13|15|17|18|20|22|25,approval|confusion|excitement|gratitude|joy|love|optimism|realization|sadness
1892,18,love,1|4|15|22|25,amusement|approval|gratitude|realization|sadness
1893,4,approval,3|6|10|13|14|18|27,annoyance|confusion|disapproval|excitement|fear|love|neutral
1894,27,neutral,0|5|6|7|25|27,admiration|caring|confusion|curiosity|sadness|neutral
1895,9,disappointment,0|4|5|10|15|26,admiration|approval|caring|disapproval|gratitude|surprise
1896,0,admiration,0|1|2|3|5|8|9|15|25,admiration|amusement|anger|annoyance|caring|desire|disappointment|gratitude|sadness
1897,27,neutral,7|9|10|11|18|25,curiosity|disappointment|disapproval|disgust|love|sadness
1898,27,neutral,0|6|10|11|15,admiration|confusion|disapproval|disgust|gratitude
1899,27,neutral,0|1|2|15|17,admiration|amusement|anger|gratitude|joy
1900,4,approval,4|6|22|25|27,approval|confusion|realization|sadness|neutral
1901,0|4|27,admiration|approval|neutral,1|7|11|17|27,amusement|curiosity|disgust|joy|neutral
1902,1|2,amusement|anger,2|9|10|13|17|22|27,anger|disappointment|disapproval|excitement|joy|realization|neutral
1903,27,neutral,5|10|18|24|27,caring|disapproval|love|remorse|neutral
1904,2|3,anger|annoyance,3|4|15|20|25,annoyance|approval|gratitude|optimism|sadness
1905,2,anger,1|3|4|6|9|18|22|25,amusement|annoyance|approval|confusion|disappointment|love|realization|sadness
1906,0|15,admiration|gratitude,0|3|5|6|7|9|18|20|26|27,admiration|annoyance|caring|confusion|curiosity|disappointment|love|optimism|surprise|neutral
1907,3|10,annoyance|disapproval,0|2|3|10|17|26|27,admiration|anger|annoyance|disapproval|joy|surprise|neutral
1908,27,neutral,0|2|3|6|7|15|27,admiration|anger|annoyance|confusion|curiosity|gratitude|neutral
1909,8,desire,1|2|3|4|6|7|11|27,amusement|anger|annoyance|approval|confusion|curiosity|disgust|neutral
1910,27,neutral,3|5|7|9|20|25|27,annoyance|caring|curiosity|disappointment|optimism|sadness|neutral
1911,8,desire,0|4|6|25|26,admiration|approval|confusion|sadness|surprise
1912,4,approval,9|22|25,disappointment|realization|sadness
1913,4,approval,0|3|4|7|12|17|18,admiration|annoyance|approval|curiosity|embarrassment|joy|love
1914,10|27,disapproval|neutral,0|5|6|20|26|27,admiration|caring|confusion|optimism|surprise|neutral
1915,27,neutral,7|8|23|26|27,curiosity|desire|relief|surprise|neutral
1916,4,approval,0|6|15|16|18|20|25|26,admiration|confusion|gratitude|grief|love|optimism|sadness|surprise
1917,17,joy,0|1|3|15|26,admiration|amusement|annoyance|gratitude|surprise
1918,27,neutral,0|1|6|7|13|22|25|27,admiration|amusement|confusion|curiosity|excitement|realization|sadness|neutral
1919,7,curiosity,0|1|7|15|18|20|22|26,admiration|amusement|curiosity|gratitude|love|optimism|realization|surprise
1920,2,anger,3|18|27,annoyance|love|neutral
1921,2|26,anger|surprise,4|10|13|27,approval|disapproval|excitement|neutral
1922,27,neutral,2|9|11|18|27,anger|disappointment|disgust|love|neutral
1923,27,neutral,4|6|11|15|25|26|27,approval|confusion|disgust|gratitude|sadness|surprise|neutral
1924,27,neutral,3|6|8|20|25|27,annoyance|confusion|desire|optimism|sadness|neutral
1925,15,gratitude,2|4|5|7|9|14|20,anger|approval|caring|curiosity|disappointment|fear|optimism
1926,10,disapproval,4|10|15|20|24,approval|disapproval|gratitude|optimism|remorse
1927,21,pride,1|2|3|10|13|17|18|20|25|26,amusement|anger|annoyance|disapproval|excitement|joy|love|optimism|sadness|surprise
1928,3,annoyance,1|2|4|11|26|27,amusement|anger|approval|disgust|surprise|neutral
1929,7|18,curiosity|love,2|5|27,anger|caring|neutral
1930,18,love,4|7|17,approval|curiosity|joy
1931,0,admiration,0|3|4|7|9|13|15|18|20|23|26,admiration|annoyance|approval|curiosity|disappointment|excitement|gratitude|love|optimism|relief|surprise
1932,27,neutral,2|5|10|11|18|25|27,anger|caring|disapproval|disgust|love|sadness|neutral
1933,27,neutral,1|3|4|14|18|27,amusement|annoyance|approval|fear|love|neutral
1934,24,remorse,1|7|10|11|17|18|20|22|25,amusement|curiosity|disapproval|disgust|joy|love|optimism|realization|sadness
1935,0|15,admiration|gratitude,2|3|4|5|11|17|22,anger|annoyance|approval|caring|disgust|joy|realization
1936,15,gratitude,15|20|22|25|26|27,gratitude|optimism|realization|sadness|surprise|neutral
1937,3,annoyance,4|7|9|15|17|25,approval|curiosity|disappointment|gratitude|joy|sadness
1938,7,curiosity,0|2|4|6|10|26|27,admiration|anger|approval|confusion|disapproval|surprise|neutral
1939,10,disapproval,0|3|4|5|9|13|15|20,admiration|annoyance|approval|caring|disappointment|excitement|gratitude|optimism
1940,27,neutral,1|2|6|11|13|18|25,amusement|anger|confusion|disgust|excitement|love|sadness
1941,27,neutral,1|5|6|9|15|18|22|25,amusement|caring|confusion|disappointment|gratitude|love|realization|sadness
1942,27,neutral,4|9|10|18|27,approval|disappointment|disapproval|love|neutral
1943,2|6|22,anger|confusion|realization,0|1|4|6|7|9|11|13|14,admiration|amusement|approval|confusion|curiosity|disappointment|disgust|excitement|fear
1944,10,disapproval,1|7|10|13|15,amusement|curiosity|disapproval|excitement|gratitude
1945,27,neutral,0|1|5|10|20,admiration|amusement|caring|disapproval|optimism
1946,27,neutral,5|10|15|18,caring|disapproval|gratitude|love
1947,27,neutral,2|3|4|5|6|20,anger|annoyance|approval|caring|confusion|optimism
1948,4,approval,1|3|10|13|27,amusement|annoyance|disapproval|excitement|neutral
1949,27,neutral,1|3|7|11|15|23|25|26|27,amusement|annoyance|curiosity|disgust|gratitude|relief|sadness|surprise|neutral
1950,27,neutral,1|9|10|20|22|27,amusement|disappointment|disapproval|optimism|realization|neutral
1951,3|10,annoyance|disapproval,1|3|11|18|24|25,amusement|annoyance|disgust|love|remorse|sadness
1952,17,joy,0|7|10|15|26|27,admiration|curiosity|disapproval|gratitude|surprise|neutral
1953,27,neutral,10|15|17|18|26,disapproval|gratitude|joy|love|surprise
1954,14,fear,0|4|6|15|27,admiration|approval|confusion|gratitude|neutral
1955,27,neutral,1|2|4|5|6|7|10|15|22|26,amusement|anger|approval|caring|confusion|curiosity|disapproval|gratitude|realization|surprise
1956,27,neutral,4|13|15|17|18|20,approval|excitement|gratitude|joy|love|optimism
1957,26,surprise,4|5|10|11|20|22|24|27,approval|caring|disapproval|disgust|optimism|realization|remorse|neutral
1958,27,neutral,0|3|4|6|7|11|13|17|18|20|25,admiration|annoyance|approval|confusion|curiosity|disgust|excitement|joy|love|optimism|sadness
1959,27,neutral,1|2|3|6|10|13|14|18,amusement|anger|annoyance|confusion|disapproval|excitement|fear|love
1960,27,neutral,4|9|13|14|20|25,approval|disappointment|excitement|fear|optimism|sadness
1961,3,annoyance,2|3|5|6|9|10|22|24|26,anger|annoyance|caring|confusion|disappointment|disapproval|realization|remorse|surprise
1962,2|3,anger|annoyance,1|3|4|5|7|13|17|20|26,amusement|annoyance|approval|caring|curiosity|excitement|joy|optimism|surprise
1963,15,gratitude,2|6|7|13|20|24|25|26,anger|confusion|curiosity|excitement|optimism|remorse|sadness|surprise
1964,15,gratitude,0|6|11|17,admiration|confusion|disgust|joy
1965,0,admiration,7|20|27,curiosity|optimism|neutral
1966,1,amusement,6|9|10|11|15|22|27,confusion|disappointment|disapproval|disgust|gratitude|realization|neutral
1967,25,sadness,0|3|9|14|22,admiration|annoyance|disappointment|fear|realization
1968,27,neutral,1|3|10|15|18|22,amusement|annoyance|disapproval|gratitude|love|realization
1969,15|22|26,gratitude|realization|surprise,0|3|9|15|22,admiration|annoyance|disappointment|gratitude|realization
1970,1,amusement,2|6|8|22|26,anger|confusion|desire|realization|surprise
1971,27,neutral,0|6|13|18|20|22|26,admiration|confusion|excitement|love|optimism|realization|surprise
1972,1|15,amusement|gratitude,0|2|14|15|27,admiration|anger|fear|gratitude|neutral
1973,0,admiration,1|5|9|15|25|26,amusement|caring|disappointment|gratitude|sadness|surprise
1974,27,neutral,0|1|11|15|22,admiration|amusement|disgust|gratitude|realization
1975,27,neutral,6|18|20|26|27,confusion|love|optimism|surprise|neutral
1976,14,fear,1|2|4|7|8|13|17,amusement|anger|approval|curiosity|desire|excitement|joy
1977,8,desire,2|3|6|10|11|15|17,anger|annoyance|confusion|disapproval|disgust|gratitude|joy
1978,0,admiration,1|2|3|9|10|13|27,amusement|anger|annoyance|disappointment|disapproval|excitement|neutral
1979,22|27,realization|neutral,1|3|9|10|14|17|18,amusement|annoyance|disappointment|disapproval|fear|joy|love
1980,27,neutral,0|1|2|4|6|8|15|17|22,admiration|amusement|anger|approval|confusion|desire|gratitude|joy|realization
1981,1|10,amusement|disapproval,1|2|6|7|10|15|24,amusement|anger|confusion|curiosity|disapproval|gratitude|remorse
1982,27,neutral,0|5|9|10|12|25,admiration|caring|disappointment|disapproval|embarrassment|sadness
1983,4|27,approval|neutral,1|2|4|9|13|15|17|22,amusement|anger|approval|disappointment|excitement|gratitude|joy|realization
1984,22|27,realization|neutral,0|3|4|6|7|9|10|22|24,admiration|annoyance|approval|confusion|curiosity|disappointment|disapproval|realization|remorse
1985,15,gratitude,3|7|15|18|20|25|27,annoyance|curiosity|gratitude|love|optimism|sadness|neutral
1986,18,love,0|4|13|15|18|26|27,admiration|approval|excitement|gratitude|love|surprise|neutral
1987,27,neutral,1|10|17|21,amusement|disapproval|joy|pride
1988,5,caring,3|4|5|7|11|14|20|26,annoyance|approval|caring|curiosity|disgust|fear|optimism|surprise
1989,14|27,fear|neutral,1|5|7|9|17|20|27,amusement|caring|curiosity|disappointment|joy|optimism|neutral
1990,27,neutral,2|3|10|17|25|27,anger|annoyance|disapproval|joy|sadness|neutral
1991,0|13,admiration|excitement,1|2|4|6|15|18,amusement|anger|approval|confusion|gratitude|love
1992,24,remorse,0|1|7|9|12|26|27,admiration|amusement|curiosity|disappointment|embarrassment|surprise|neutral
1993,27,neutral,0|4|6|10|17|22|26,admiration|approval|confusion|disapproval|joy|realization|surprise
1994,27,neutral,0|7|8|10|27,admiration|curiosity|desire|disapproval|neutral
1995,27,neutral,1|5|7|10|24,amusement|caring|curiosity|disapproval|remorse
1996,18,love,0|3|6|7|9|11|14|17|18,admiration|annoyance|confusion|curiosity|disappointment|disgust|fear|joy|love
1997,9,disappointment,0|9|11|17|22|27,admiration|disappointment|disgust|joy|realization|neutral
1998,27,neutral,1|4|15|17|18|20|25,amusement|approval|gratitude|joy|love|optimism|sadness
1999,27,neutral,0|4|7|27,admiration|approval|curiosity|neutral
2000,27,neutral,1|2|20|27,amusement|anger|optimism|neutral
2001,27,neutral,1|7|11|15|17|20|25,amusement|curiosity|disgust|gratitude|joy|optimism|sadness
2002,10,disapproval,0|1|3|5|10|17|20|24,admiration|amusement|annoyance|caring|disapproval|joy|optimism|remorse
2003,27,neutral,0|6|7|27,admiration|confusion|curiosity|neutral
2004,15,gratitude,0|4|7|14|15|17|18|20|25,admiration|approval|curiosity|fear|gratitude|joy|love|optimism|sadness
2005,6|7,confusion|curiosity,0|1|7|20|22|24,admiration|amusement|curiosity|optimism|realization|remorse
2006,11,disgust,0|1|4|7|17,admiration|amusement|approval|curiosity|joy
2007,15,gratitude,0|1|3|4|6|7|18|20,admiration|amusement|annoyance|approval|confusion|curiosity|love|optimism
2008,1,amusement,1|2|6|17,amusement|anger|confusion|joy
2009,27,neutral,2|5|8|9|15|17|20,anger|caring|desire|disappointment|gratitude|joy|optimism
2010,27,neutral,1|2|4|6|7|20|22|25,amusement|anger|approval|confusion|curiosity|optimism|realization|sadness
2011,7,curiosity,7|15|27,curiosity|gratitude|neutral
2012,27,neutral,26|27,surprise|neutral
2013,7,curiosity,7|8|10|12|13|15|18,curiosity|desire|disapproval|embarrassment|excitement|gratitude|love
2014,0|17,admiration|joy,3|6|10|18|20|25|27,annoyance|confusion|disapproval|love|optimism|sadness|neutral
2015,27,neutral,4|6|9|13|17|26|27,approval|confusion|disappointment|excitement|joy|surprise|neutral
2016,17,joy,3|10|13|14|27,annoyance|disapproval|excitement|fear|neutral
2017,27,neutral,1|2|3|5|25,amusement|anger|annoyance|caring|sadness
2018,3,annoyance,1|3|4|14|17,amusement|annoyance|approval|fear|joy
2019,13,excitement,2|3|7|10|11|15|17|25|26|27,anger|annoyance|curiosity|disapproval|disgust|gratitude|joy|sadness|surprise|neutral
2020,27,neutral,0|1|6,admiration|amusement|confusion
2021,22,realization,2|10|15|18,anger|disapproval|gratitude|love
2022,7,curiosity,0|2|3|4|10|27,admiration|anger|annoyance|approval|disapproval|neutral
2023,27,neutral,3|4|5|9|13|15|18|22|27,annoyance|approval|caring|disappointment|excitement|gratitude|love|realization|neutral
2024,4,approval,0|2|6|10|15|20|24|26,admiration|anger|confusion|disapproval|gratitude|optimism|remorse|surprise
2025,4,approval,1|2|3|13|27,amusement|anger|annoyance|excitement|neutral
2026,6|26,confusion|surprise,0|1|2|4|8|22|27,admiration|amusement|anger|approval|desire|realization|neutral
2027,0|17,admiration|joy,1|3|5|10|15|18|22,amusement|annoyance|caring|disapproval|gratitude|love|realization
2028,27,neutral,0|4|13|20|25|26,admiration|approval|excitement|optimism|sadness|surprise
2029,0,admiration,0|11|23|25|27,admiration|disgust|relief|sadness|neutral
2030,0,admiration,1|3|7|10|15|22|26|27,amusement|annoyance|curiosity|disapproval|gratitude|realization|surprise|neutral
2031,8,desire,4|6|7,approval|confusion|curiosity
2032,27,neutral,0|6|14|20,admiration|confusion|fear|optimism
2033,27,neutral,1|4|6|17,amusement|approval|confusion|joy
2034,27,neutral,3|5|6|11|13|18|20|27,annoyance|caring|confusion|disgust|excitement|love|optimism|neutral
2035,20,optimism,1|2|3|6|10|13|20|24|27,amusement|anger|annoyance|confusion|disapproval|excitement|optimism|remorse|neutral
2036,25,sadness,1|5|10|14|22|26,amusement|caring|disapproval|fear|realization|surprise
2037,25,sadness,4|6|15|22|25|27,approval|confusion|gratitude|realization|sadness|neutral
2038,27,neutral,0|4|10|15|17|27,admiration|approval|disapproval|gratitude|joy|neutral
2039,27,neutral,0|4|20|24|25|27,admiration|approval|optimism|remorse|sadness|neutral
2040,5,caring,0|4|6|15|17|20|27,admiration|approval|confusion|gratitude|joy|optimism|neutral
2041,3,annoyance,1|6|8|9|17|26,amusement|confusion|desire|disappointment|joy|surprise
2042,6|26,confusion|surprise,0|4|6|7|9|18|20|27,admiration|approval|confusion|curiosity|disappointment|love|optimism|neutral
2043,27,neutral,2|3|5|7|8|13|20|24,anger|annoyance|caring|curiosity|desire|excitement|optimism|remorse
2044,18,love,0|9|10|13|15|18|21|25,admiration|disappointment|disapproval|excitement|gratitude|love|pride|sadness
2045,27,neutral,2|3|4|5|11|13|15|17|18|19|20|22|27,anger|annoyance|approval|caring|disgust|excitement|gratitude|joy|love|nervousness|optimism|realization|neutral
2046,0,admiration,1|2|5|10|18|20|24,amusement|anger|caring|disapproval|love|optimism|remorse
2047,22,realization,1|7|10,amusement|curiosity|disapproval
2048,27,neutral,1|2|7|10|13|18|24,amusement|anger|curiosity|disapproval|excitement|love|remorse
2049,15|24,gratitude|remorse,0|1|5|10|14|17|20|22|25,admiration|amusement|caring|disapproval|fear|joy|optimism|realization|sadness
2050,9,disappointment,2|3|4|10|11|14|15|18,anger|annoyance|approval|disapproval|disgust|fear|gratitude|love
2051,9|27,disappointment|neutral,2|3|6|12|18|27,anger|annoyance|confusion|embarrassment|love|neutral
2052,4,approval,4|5|6|7|8|10|20|22|26|27,approval|caring|confusion|curiosity|desire|disapproval|optimism|realization|surprise|neutral
2053,14|27,fear|neutral,0|2|3|10|11|17|24|27,admiration|anger|annoyance|disapproval|disgust|joy|remorse|neutral
2054,23,relief,1|2|9|15|20|22|26,amusement|anger|disappointment|gratitude|optimism|realization|surprise
2055,15,gratitude,0|27,admiration|neutral
2056,10,disapproval,2|3|4|7|8|9|11|13|20,anger|annoyance|approval|curiosity|desire|disappointment|disgust|excitement|optimism
2057,4|27,approval|neutral,0|1|3|5|7|14|15|22,admiration|amusement|annoyance|caring|curiosity|fear|gratitude|realization
2058,27,neutral,1|3|13|14|17|20|22|25,amusement|annoyance|excitement|fear|joy|optimism|realization|sadness
2059,15,gratitude,5|9|10|11|14|15|20,caring|disappointment|disapproval|disgust|fear|gratitude|optimism
2060,15,gratitude,1|2|4|7|13|15|17|18|26,amusement|anger|approval|curiosity|excitement|gratitude|joy|love|surprise
2061,4,approval,0|3|6|13|15|17,admiration|annoyance|confusion|excitement|gratitude|joy
2062,4,approval,0|6|10|11|15|19,admiration|confusion|disapproval|disgust|gratitude|nervousness
2063,22,realization,0|1|2|3|9|10|13|15|24,admiration|amusement|anger|annoyance|disappointment|disapproval|excitement|gratitude|remorse
2064,15|20|22,gratitude|optimism|realization,1|5|6|7|15|18,amusement|caring|confusion|curiosity|gratitude|love
2065,0|9,admiration|disappointment,3|7|8|9|14|15|18|22|26,annoyance|curiosity|desire|disappointment|fear|gratitude|love|realization|surprise
2066,7,curiosity,0|13|20|25,admiration|excitement|optimism|sadness
2067,27,neutral,0|1|4|7|10|11|18,admiration|amusement|approval|curiosity|disapproval|disgust|love
2068,26,surprise,1|2|4|5|17|20|26,amusement|anger|approval|caring|joy|optimism|surprise
2069,22,realization,0|1|2|3|9|10|12|15|22,admiration|amusement|anger|annoyance|disappointment|disapproval|embarrassment|gratitude|realization
2070,27,neutral,0|3|25|27,admiration|annoyance|sadness|neutral
2071,15,gratitude,4|10|15,approval|disapproval|gratitude
2072,9,disappointment,1|2|7|8|9|15|17|18|20|27,amusement|anger|curiosity|desire|disappointment|gratitude|joy|love|optimism|neutral
2073,27,neutral,5|6|7|10|11|13|14|22|27,caring|confusion|curiosity|disapproval|disgust|excitement|fear|realization|neutral
2074,17,joy,0|1|2|4|6|14|15|25|27,admiration|amusement|anger|approval|confusion|fear|gratitude|sadness|neutral
2075,10,disapproval,1|2|3|7|10|15|18|23|25|26,amusement|anger|annoyance|curiosity|disapproval|gratitude|love|relief|sadness|surprise
2076,27,neutral,3|5|9,annoyance|caring|disappointment
2077,7,curiosity,1|4|7|17|22|25,amusement|approval|curiosity|joy|realization|sadness
2078,14|25,fear|sadness,1|4|20|25|26,amusement|approval|optimism|sadness|surprise
2079,25,sadness,0|2|5|14|18|22|26|27,admiration|anger|caring|fear|love|realization|surprise|neutral
2080,15,gratitude,7|9|10|27,curiosity|disappointment|disapproval|neutral
2081,18,love,0|4|11|14|17|26,admiration|approval|disgust|fear|joy|surprise
2082,13|17,excitement|joy,7|10|22|27,curiosity|disapproval|realization|neutral
2083,27,neutral,11|13|22|26|27,disgust|excitement|realization|surprise|neutral
2084,2,anger,1|3|7|9|10|26|27,amusement|annoyance|curiosity|disappointment|disapproval|surprise|neutral
2085,27,neutral,0|1|2|5|7|10,admiration|amusement|anger|caring|curiosity|disapproval
2086,27,neutral,1|3|6|14|15|18,amusement|annoyance|confusion|fear|gratitude|love
2087,22,realization,2|3|5|6|10|18|20|22|25,anger|annoyance|caring|confusion|disapproval|love|optimism|realization|sadness
2088,27,neutral,0|1|2|6|7|13|17|18|22|25|26,admiration|amusement|anger|confusion|curiosity|excitement|joy|love|realization|sadness|surprise
2089,27,neutral,4|5|11|12|15|26|27,approval|caring|disgust|embarrassment|gratitude|surprise|neutral
2090,3,annoyance,0|2|3|4|6|9|13|17|25,admiration|anger|annoyance|approval|confusion|disappointment|excitement|joy|sadness
2091,7,curiosity,1|10|15|17|25|27,amusement|disapproval|gratitude|joy|sadness|neutral
2092,27,neutral,0|3|7|19|25,admiration|annoyance|curiosity|nervousness|sadness
2093,1,amusement,1|3|4|5|25,amusement|annoyance|approval|caring|sadness
2094,15,gratitude,0|1|2|3|4|5|7|15|24,admiration|amusement|anger|annoyance|approval|caring|curiosity|gratitude|remorse
2095,10,disapproval,0|7|9|10|14|15,admiration|curiosity|disappointment|disapproval|fear|gratitude
2096,3,annoyance,5|6|10|18|25,caring|confusion|disapproval|love|sadness
2097,18,love,0|4|13|14|23|27,admiration|approval|excitement|fear|relief|neutral
2098,12|24,embarrassment|remorse,3|8|11|14|20|27,annoyance|desire|disgust|fear|optimism|neutral
2099,27,neutral,0|4|5|7|15|18|20|26,admiration|approval|caring|curiosity|gratitude|love|optimism|surprise
2100,27,neutral,0|5|9|10|27,admiration|caring|disappointment|disapproval|neutral
2101,3,annoyance,1|6|7|17|18|25|26,amusement|confusion|curiosity|joy|love|sadness|surprise
2102,9|25,disappointment|sadness,0|1|2|3|4|5|17|24,admiration|amusement|anger|annoyance|approval|caring|joy|remorse
2103,11,disgust,1|2|18,amusement|anger|love
2104,27,neutral,4|7|13|20|22,approval|curiosity|excitement|optimism|realization
2105,26,surprise,1|4|6|15|22|25|26,amusement|approval|confusion|gratitude|realization|sadness|surprise
2106,1,amusement,2|8|18|20|22|26|27,anger|desire|love|optimism|realization|surprise|neutral
2107,27,neutral,3|6|7|13|20|27,annoyance|confusion|curiosity|excitement|optimism|neutral
2108,27,neutral,0|2|4|5|7|11|15|18|22|25,admiration|anger|approval|caring|curiosity|disgust|gratitude|love|realization|sadness
2109,6,confusion,0|1|3|4|6|7|11|13|20|26,admiration|amusement|annoyance|approval|confusion|curiosity|disgust|excitement|optimism|surprise
2110,27,neutral,0|3|22,admiration|annoyance|realization
2111,27,neutral,2|5|6|9|11|18|25,anger|caring|confusion|disappointment|disgust|love|sadness
2112,15,gratitude,1|2|4|10|13|17,amusement|anger|approval|disapproval|excitement|joy
2113,2,anger,0|4|7|10|17|18|25|26,admiration|approval|curiosity|disapproval|joy|love|sadness|surprise
2114,1,amusement,0|1|5|7|12|15|26,admiration|amusement|caring|curiosity|embarrassment|gratitude|surprise
2115,3|10,annoyance|disapproval,0|2|3|8|10|11|15|22|26,admiration|anger|annoyance|desire|disapproval|disgust|gratitude|realization|surprise
2116,27,neutral,0|2|6|8|17|20|25|26,admiration|anger|confusion|desire|joy|optimism|sadness|surprise
2117,27,neutral,2|4|20|25,anger|approval|optimism|sadness
2118,27,neutral,2|3|4|7|10|24|25,anger|annoyance|approval|curiosity|disapproval|remorse|sadness
2119,27,neutral,0|2|5|26,admiration|anger|caring|surprise
2120,7|27,curiosity|neutral,0|2|4|5|10|13|15|17|18|26,admiration|anger|approval|caring|disapproval|excitement|gratitude|joy|love|surprise
2121,27,neutral,2|3|4|7|17|26,anger|annoyance|approval|curiosity|joy|surprise
2122,4,approval,7|9|11|18|22,curiosity|disappointment|disgust|love|realization
2123,27,neutral,6|10|15|17|18|22|27,confusion|disapproval|gratitude|joy|love|realization|neutral
2124,27,neutral,0|1|5|6|7|14|17|22|24|27,admiration|amusement|caring|confusion|curiosity|fear|joy|realization|remorse|neutral
2125,0,admiration,2|3|9|10,anger|annoyance|disappointment|disapproval
2126,27,neutral,4|7|9|10|22,approval|curiosity|disappointment|disapproval|realization
2127,27,neutral,2|3|6|9|13|15|18|22,anger|annoyance|confusion|disappointment|excitement|gratitude|love|realization
2128,18,love,3|7|10|15|17|18|20,annoyance|curiosity|disapproval|gratitude|joy|love|optimism
2129,27,neutral,0|5|6|7|10|11|22|27,admiration|caring|confusion|curiosity|disapproval|disgust|realization|neutral
2130,3,annoyance,0|3|6|10,admiration|annoyance|confusion|disapproval
2131,15,gratitude,4|7|10|20|22|25,approval|curiosity|disapproval|optimism|realization|sadness
2132,9,disappointment,0|7|17|26,admiration|curiosity|joy|surprise
2133,27,neutral,4|5|8|15|20|25|27,approval|caring|desire|gratitude|optimism|sadness|neutral
2134,2,anger,3|4|7|9|15,annoyance|approval|curiosity|disappointment|gratitude
2135,27,neutral,2|3|6|8|11|27,anger|annoyance|confusion|desire|disgust|neutral
2136,13|20|27,excitement|optimism|neutral,1|3|17|18|25,amusement|annoyance|joy|love|sadness
2137,27,neutral,0|3|4|17|18,admiration|annoyance|approval|joy|love
2138,17,joy,3|4|9|10|18|26,annoyance|approval|disappointment|disapproval|love|surprise
2139,7|27,curiosity|neutral,1|2|3|7|9|13|15,amusement|anger|annoyance|curiosity|disappointment|excitement|gratitude
2140,22,realization,1|3|6|7|8|10|11|15|18|20|22|26,amusement|annoyance|confusion|curiosity|desire|disapproval|disgust|gratitude|love|optimism|realization|surprise
2141,20,optimism,0|5|6|8|9|15|18|27,admiration|caring|confusion|desire|disappointment|gratitude|love|neutral
2142,15,gratitude,0|1|10|18|22|27,admiration|amusement|disapproval|love|realization|neutral
2143,20|25,optimism|sadness,1|2|3|7|10|13|17|18|20,amusement|anger|annoyance|curiosity|disapproval|excitement|joy|love|optimism
2144,1|3,amusement|annoyance,3|4|9|10|25|27,annoyance|approval|disappointment|disapproval|sadness|neutral
2145,4,approval,0|1|2|4|22|25,admiration|amusement|anger|approval|realization|sadness
2146,17|25,joy|sadness,1|5|8|10|11|18|20|27,amusement|caring|desire|disapproval|disgust|love|optimism|neutral
2147,27,neutral,4|6|7|8|9|20|22|27,approval|confusion|curiosity|desire|disappointment|optimism|realization|neutral
2148,4,approval,2|3|4|18|25|27,anger|annoyance|approval|love|sadness|neutral
2149,27,neutral,0|3|4|5|7|9|18|25|27,admiration|annoyance|approval|caring|curiosity|disappointment|love|sadness|neutral
2150,3,annoyance,3|4|15|26,annoyance|approval|gratitude|surprise
2151,7,curiosity,1|3|6|15|24,amusement|annoyance|confusion|gratitude|remorse
2152,8,desire,3|9|10|12|25|27,annoyance|disappointment|disapproval|embarrassment|sadness|neutral
2153,27,neutral,2|3|7|10|15|18,anger|annoyance|curiosity|disapproval|gratitude|love
2154,18,love,11|18|27,disgust|love|neutral
2155,27,neutral,1|4|6|8|15|20|27,amusement|approval|confusion|desire|gratitude|optimism|neutral
2156,15,gratitude,0|1|2|4|18|20|27,admiration|amusement|anger|approval|love|optimism|neutral
2157,27,neutral,0|1|6|9|10|11,admiration|amusement|confusion|disappointment|disapproval|disgust
2158,27,neutral,0|3|9|27,admiration|annoyance|disappointment|neutral
2159,24,remorse,1|4|7|24|26|27,amusement|approval|curiosity|remorse|surprise|neutral
2160,27,neutral,2|5|11|15|18,anger|caring|disgust|gratitude|love
2161,15,gratitude,3|5|9|18|25|26|27,annoyance|caring|disappointment|love|sadness|surprise|neutral
2162,27,neutral,0|1|3|11|18|27,admiration|amusement|annoyance|disgust|love|neutral
2163,0|1,admiration|amusement,6|7|9|11|13|15|20|22|26|27,confusion|curiosity|disappointment|disgust|excitement|gratitude|optimism|realization|surprise|neutral
2164,25,sadness,4|9|10|22|25,approval|disappointment|disapproval|realization|sadness
2165,20,optimism,0|1|5|10|20|25|26|27,admiration|amusement|caring|disapproval|optimism|sadness|surprise|neutral
2166,7,curiosity,9|11|15|20,disappointment|disgust|gratitude|optimism
2167,27,neutral,1|2|3|10|20|25|27,amusement|anger|annoyance|disapproval|optimism|sadness|neutral
2168,15,gratitude,1|2|3|4|5|7|10|20,amusement|anger|annoyance|approval|caring|curiosity|disapproval|optimism
2169,2|9,anger|disappointment,1|2|3|5|7,amusement|anger|annoyance|caring|curiosity
2170,4,approval,0|1|6|7|13|26,admiration|amusement|confusion|curiosity|excitement|surprise
2171,27,neutral,1|9|11|15|26|27,amusement|disappointment|disgust|gratitude|surprise|neutral
2172,27,neutral,3|10|15|22|26,annoyance|disapproval|gratitude|realization|surprise
2173,27,neutral,0|1|12|15|24,admiration|amusement|embarrassment|gratitude|remorse
2174,20,optimism,10|14|17|20|22,disapproval|fear|joy|optimism|realization
2175,27,neutral,0|2|5|8|11|15|27,admiration|anger|caring|desire|disgust|gratitude|neutral
2176,20,optimism,1|9|17|27,amusement|disappointment|joy|neutral
2177,9,disappointment,0|1|6|7|9|14|17|18|19|25,admiration|amusement|confusion|curiosity|disappointment|fear|joy|love|nervousness|sadness
2178,13,excitement,0|4|6|10,admiration|approval|confusion|disapproval
2179,18,love,0|1|2|4|18,admiration|amusement|anger|approval|love
2180,0|1|9,admiration|amusement|disappointment,8|9|15|17|18|20|26|27,desire|disappointment|gratitude|joy|love|optimism|surprise|neutral
2181,16,grief,6|9|10|15,confusion|disappointment|disapproval|gratitude
2182,27,neutral,0|1|2|4|5|11|14|22|25,admiration|amusement|anger|approval|caring|disgust|fear|realization|sadness
2183,3,annoyance,2|6|17|18|25,anger|confusion|joy|love|sadness
2184,7,curiosity,1|6|10|15|22|27,amusement|confusion|disapproval|gratitude|realization|neutral
2185,27,neutral,1|7|13|15|20|22|26|27,amusement|curiosity|excitement|gratitude|optimism|realization|surprise|neutral
2186,0,admiration,0|3|8|9|10|18|25,admiration|annoyance|desire|disappointment|disapproval|love|sadness
2187,0,admiration,1|3|13|18|24|27,amusement|annoyance|excitement|love|remorse|neutral
2188,3,annoyance,2|4|7|15|17|22|25|27,anger|approval|curiosity|gratitude|joy|realization|sadness|neutral
2189,27,neutral,3|6|7|9|17,annoyance|confusion|curiosity|disappointment|joy
2190,27,neutral,3|7|13|15|18|20|27,annoyance|curiosity|excitement|gratitude|love|optimism|neutral
2191,27,neutral,3|7|9|15|27,annoyance|curiosity|disappointment|gratitude|neutral
2192,27,neutral,0|5|6|9|20|25|27,admiration|caring|confusion|disappointment|optimism|sadness|neutral
2193,27,neutral,1|18|20|21|25,amusement|love|optimism|pride|sadness
2194,5,caring,1|3|9|10|18|22|25,amusement|annoyance|disappointment|disapproval|love|realization|sadness
2195,27,neutral,2|11|15|18|22|26,anger|disgust|gratitude|love|realization|surprise
2196,0|20,admiration|optimism,1|9|25|27,amusement|disappointment|sadness|neutral
2197,27,neutral,0|7|9|17|22|25|26|27,admiration|curiosity|disappointment|joy|realization|sadness|surprise|neutral
2198,27,neutral,1|5|9|17|18|27,amusement|caring|disappointment|joy|love|neutral
2199,27,neutral,2|5|6|17|20|22|25|26,anger|caring|confusion|joy|optimism|realization|sadness|surprise
2200,18,love,1|9|15|27,amusement|disappointment|gratitude|neutral
2201,1,amusement,0|7|17|20|27,admiration|curiosity|joy|optimism|neutral
2202,6,confusion,0|4|10|15|22|27,admiration|approval|disapproval|gratitude|realization|neutral
2203,17,joy,1|2|6|7|20|25|27,amusement|anger|confusion|curiosity|optimism|sadness|neutral
2204,10,disapproval,1|9|18|25|26|27,amusement|disappointment|love|sadness|surprise|neutral
2205,15,gratitude,1|3|4|10|25,amusement|annoyance|approval|disapproval|sadness
2206,0|7,admiration|curiosity,2|6|9|11|13|20|25,anger|confusion|disappointment|disgust|excitement|optimism|sadness
2207,0|25,admiration|sadness,2|7|10|11|24|26|27,anger|curiosity|disapproval|disgust|remorse|surprise|neutral
2208,27,neutral,1|8|10|13|21|26|27,amusement|desire|disapproval|excitement|pride|surprise|neutral
2209,1|7,amusement|curiosity,1|2|4|7|10,amusement|anger|approval|curiosity|disapproval
2210,10|11,disapproval|disgust,0|4|7|11|18|24|26|27,admiration|approval|curiosity|disgust|love|remorse|surprise|neutral
2211,2,anger,2|4|6|7|10|11|14|18|24,anger|approval|confusion|curiosity|disapproval|disgust|fear|love|remorse
2212,14,fear,0|2|5|10|18|25|26,admiration|anger|caring|disapproval|love|sadness|surprise
2213,4,approval,2|4|18,anger|approval|love
2214,13,excitement,0|2|3|6|7|18|25|27,admiration|anger|annoyance|confusion|curiosity|love|sadness|neutral
2215,5,caring,2|11|25|27,anger|disgust|sadness|neutral
2216,27,neutral,5|10|15|17|18|20,caring|disapproval|gratitude|joy|love|optimism
2217,10|27,disapproval|neutral,1|3|9|15|27,amusement|annoyance|disappointment|gratitude|neutral
2218,10,disapproval,0|3|4|5|10|13|20|26,admiration|annoyance|approval|caring|disapproval|excitement|optimism|surprise
2219,1,amusement,6|7|10|15|17|18,confusion|curiosity|disapproval|gratitude|joy|love
2220,4,approval,4|8|10|17|24|27,approval|desire|disapproval|joy|remorse|neutral
2221,15,gratitude,0|4|5|13|18|25,admiration|approval|caring|excitement|love|sadness
2222,27,neutral,1|4|18|25,amusement|approval|love|sadness
2223,6,confusion,1|3|4|6|13|17|22,amusement|annoyance|approval|confusion|excitement|joy|realization
2224,4,approval,2|10|18,anger|disapproval|love
2225,24,remorse,0|5|7|17|25|27,admiration|caring|curiosity|joy|sadness|neutral
2226,27,neutral,3|14|17|25|26|27,annoyance|fear|joy|sadness|surprise|neutral
2227,1|3,amusement|annoyance,1|2|10|22|25|26|27,amusement|anger|disapproval|realization|sadness|surprise|neutral
2228,1,amusement,10|11|13|14|17|26,disapproval|disgust|excitement|fear|joy|surprise
2229,3,annoyance,1|3|11|18|24|27,amusement|annoyance|disgust|love|remorse|neutral
2230,5,caring,2|26|27,anger|surprise|neutral
2231,2,anger,3|4|14|20|24|25|27,annoyance|approval|fear|optimism|remorse|sadness|neutral
2232,25,sadness,0|4|20,admiration|approval|optimism
2233,0,admiration,2|5|10|17|27,anger|caring|disapproval|joy|neutral
2234,22,realization,0|2|3|8|9|13|23,admiration|anger|annoyance|desire|disappointment|excitement|relief
2235,27,neutral,4|10|11|18|25|26,approval|disapproval|disgust|love|sadness|surprise
2236,10,disapproval,0|3|4|5|10|18|27,admiration|annoyance|approval|caring|disapproval|love|neutral
2237,3|27,annoyance|neutral,12|15|17|18|25|27,embarrassment|gratitude|joy|love|sadness|neutral
2238,27,neutral,2|4|7|10|14|18|26|27,anger|approval|curiosity|disapproval|fear|love|surprise|neutral
2239,9,disappointment,3|4|7|9|19|27,annoyance|approval|curiosity|disappointment|nervousness|neutral
2240,22,realization,3|7|8|9|18,annoyance|curiosity|desire|disappointment|love
2241,17,joy,0|3|6|10,admiration|annoyance|confusion|disapproval
2242,6,confusion,2|10|14|22|27,anger|disapproval|fear|realization|neutral
2243,18,love,1|3|6|9|18|20|27,amusement|annoyance|confusion|disappointment|love|optimism|neutral
2244,0,admiration,2|3|15|25|27,anger|annoyance|gratitude|sadness|neutral
2245,17|18,joy|love,0|1|2|3|4|5|8|18|20|22|25,admiration|amusement|anger|annoyance|approval|caring|desire|love|optimism|realization|sadness
2246,27,neutral,0|1|2|4|5|6|15|27,admiration|amusement|anger|approval|caring|confusion|gratitude|neutral
2247,8|15,desire|gratitude,1|3|5|6|20|27,amusement|annoyance|caring|confusion|optimism|neutral
2248,18,love,4|6|11|17|18|20|25|26,approval|confusion|disgust|joy|love|optimism|sadness|surprise
2249,0,admiration,0|4|6|10|18|26,admiration|approval|confusion|disapproval|love|surprise
2250,27,neutral,0|2|4|27,admiration|anger|approval|neutral
2251,2,anger,2|20|25|27,anger|optimism|sadness|neutral
2252,12|15,embarrassment|gratitude,1|10|13|17|18|20|26,amusement|disapproval|excitement|joy|love|optimism|surprise
2253,1,amusement,18|20|27,love|optimism|neutral
2254,27,neutral,0|1|2|3|4|5|15|24|25|27,admiration|amusement|anger|annoyance|approval|caring|gratitude|remorse|sadness|neutral
2255,27,neutral,2|12|22|24,anger|embarrassment|realization|remorse
2256,2|3,anger|annoyance,3|4|13|15|22,annoyance|approval|excitement|gratitude|realization
2257,0,admiration,5|6|8|9|26|27,caring|confusion|desire|disappointment|surprise|neutral
2258,1,amusement,1|27,amusement|neutral
2259,15,gratitude,2|7|9|10|15|17|18,anger|curiosity|disappointment|disapproval|gratitude|joy|love
2260,1|15|18,amusement|gratitude|love,0|2|4|7|8|9|20|27,admiration|anger|approval|curiosity|desire|disappointment|optimism|neutral
2261,27,neutral,0|2|3|6|9|15,admiration|anger|annoyance|confusion|disappointment|gratitude
2262,0,admiration,3|6|7|10|25,annoyance|confusion|curiosity|disapproval|sadness
2263,4,approval,0|1|4|10|25|26|27,admiration|amusement|approval|disapproval|sadness|surprise|neutral
2264,5|10,caring|disapproval,0|3|6|15|17|27,admiration|annoyance|confusion|gratitude|joy|neutral
2265,10,disapproval,9|11|20|26|27,disappointment|disgust|optimism|surprise|neutral
2266,6|27,confusion|neutral,3|5|17|20,annoyance|caring|joy|optimism
2267,27,neutral,5|8|11|14|17|20,caring|desire|disgust|fear|joy|optimism
2268,0,admiration,1|3|5|14|15|17|24|25|27,amusement|annoyance|caring|fear|gratitude|joy|remorse|sadness|neutral
2269,10|20,disapproval|optimism,0|6|7|8|9|12|18|20|25,admiration|confusion|curiosity|desire|disappointment|embarrassment|love|optimism|sadness
2270,15,gratitude,3|4|15|20,annoyance|approval|gratitude|optimism
2271,27,neutral,1|4|5|6|8|17|18|20|27,amusement|approval|caring|confusion|desire|joy|love|optimism|neutral
2272,8,desire,0|2|3|8|9|10|25|27,admiration|anger|annoyance|desire|disappointment|disapproval|sadness|neutral
2273,27,neutral,3|4|5|7|20|22|24,annoyance|approval|caring|curiosity|optimism|realization|remorse
2274,27,neutral,7|9|10|17|20|27,curiosity|disappointment|disapproval|joy|optimism|neutral
2275,11,disgust,2|3|7|8|9|17|25|26|27,anger|annoyance|curiosity|desire|disappointment|joy|sadness|surprise|neutral
2276,0,admiration,7|9|10|11|13|15|17|20|22|25|26,curiosity|disappointment|disapproval|disgust|excitement|gratitude|joy|optimism|realization|sadness|surprise
2277,5,caring,7|10|11|18|22|25,curiosity|disapproval|disgust|love|realization|sadness
2278,4,approval,0|1|6|13|14|17|22|24,admiration|amusement|confusion|excitement|fear|joy|realization|remorse
2279,27,neutral,4|6|9|20,approval|confusion|disappointment|optimism
2280,9|11|14,disappointment|disgust|fear,0|3|4|6|10|14|18|20|26,admiration|annoyance|approval|confusion|disapproval|fear|love|optimism|surprise
2281,0|17,admiration|joy,0|7|8|10|25|26,admiration|curiosity|desire|disapproval|sadness|surprise
2282,3,annoyance,5|7|10|11|14|15|17|20|22,caring|curiosity|disapproval|disgust|fear|gratitude|joy|optimism|realization
2283,7|27,curiosity|neutral,1|7|9|10|13|15|18|22|24|27,amusement|curiosity|disappointment|disapproval|excitement|gratitude|love|realization|remorse|neutral
2284,18,love,0|4|7|15|20|26,admiration|approval|curiosity|gratitude|optimism|surprise
2285,2,anger,4|7|9|25,approval|curiosity|disappointment|sadness
2286,24,remorse,1|6,amusement|confusion
2287,27,neutral,1|4|6|27,amusement|approval|confusion|neutral
2288,22,realization,1|2|7|11|13|17|22|27,amusement|anger|curiosity|disgust|excitement|joy|realization|neutral
2289,6,confusion,0|3|14|25,admiration|annoyance|fear|sadness
2290,27,neutral,4|7|11|17|25|27,approval|curiosity|disgust|joy|sadness|neutral
2291,1,amusement,0|1|2|3|8|10|13|14|17|27,admiration|amusement|anger|annoyance|desire|disapproval|excitement|fear|joy|neutral
2292,10|23,disapproval|relief,1|2|4|6|9|10|18|20|24,amusement|anger|approval|confusion|disappointment|disapproval|love|optimism|remorse
2293,4,approval,0|6|10|13|15|22|27,admiration|confusion|disapproval|excitement|gratitude|realization|neutral
2294,27,neutral,1|3|22|26,amusement|annoyance|realization|surprise
2295,15,gratitude,0|3|15|24|26,admiration|annoyance|gratitude|remorse|surprise
2296,3,annoyance,0|15|18|26,admiration|gratitude|love|surprise
2297,0,admiration,1|20|22|26,amusement|optimism|realization|surprise
2298,24,remorse,0|7|10|13|17|26,admiration|curiosity|disapproval|excitement|joy|surprise
2299,27,neutral,2|5|10|22|25,anger|caring|disapproval|realization|sadness
2300,18,love,4|5|6|7|10|13|15|17,approval|caring|confusion|curiosity|disapproval|excitement|gratitude|joy
2301,3|9,annoyance|disappointment,1|7|8|15|18|25|27,amusement|curiosity|desire|gratitude|love|sadness|neutral
2302,27,neutral,0|4|10|14|15,admiration|approval|disapproval|fear|gratitude
2303,0,admiration,1|2|3|7|10|11|15|18,amusement|anger|annoyance|curiosity|disapproval|disgust|gratitude|love
2304,4,approval,1|3|6|7|10|11|17|19|20|25|27,amusement|annoyance|confusion|curiosity|disapproval|disgust|joy|nervousness|optimism|sadness|neutral
2305,27,neutral,2|5|6|8|10|11|27,anger|caring|confusion|desire|disapproval|disgust|neutral
2306,27,neutral,0|2|4|8|10|12|13|15|26,admiration|anger|approval|desire|disapproval|embarrassment|excitement|gratitude|surprise
2307,27,neutral,0|2|6,admiration|anger|confusion
2308,14,fear,2|9|11|18|25,anger|disappointment|disgust|love|sadness
2309,2|4,anger|approval,1|9|13|15|22,amusement|disappointment|excitement|gratitude|realization
2310,27,neutral,2|3|10|11|14|15|25,anger|annoyance|disapproval|disgust|fear|gratitude|sadness
2311,3|9,annoyance|disappointment,7|8|9|12|20|24|27,curiosity|desire|disappointment|embarrassment|optimism|remorse|neutral
2312,10,disapproval,3|12|25,annoyance|embarrassment|sadness
2313,14,fear,0|2|3|9|15|18|19|22|26,admiration|anger|annoyance|disappointment|gratitude|love|nervousness|realization|surprise
2314,10,disapproval,1|5|10|11|15|20|24|27,amusement|caring|disapproval|disgust|gratitude|optimism|remorse|neutral
2315,27,neutral,5|7|11|17|18|27,caring|curiosity|disgust|joy|love|neutral
2316,15,gratitude,10|15|18|25|27,disapproval|gratitude|love|sadness|neutral
2317,2,anger,0|10|14|17|18|27,admiration|disapproval|fear|joy|love|neutral
2318,10,disapproval,0|1|3|6|9|10|13|22,admiration|amusement|annoyance|confusion|disappointment|disapproval|excitement|realization
2319,11,disgust,0|3|15|20|21|27,admiration|annoyance|gratitude|optimism|pride|neutral
2320,3|9,annoyance|disappointment,0|3|4|6|8|15|24,admiration|annoyance|approval|confusion|desire|gratitude|remorse
2321,27,neutral,1|6|12|17|18|25,amusement|confusion|embarrassment|joy|love|sadness
2322,9|22,disappointment|realization,10|13|15|24|26|27,disapproval|excitement|gratitude|remorse|surprise|neutral
2323,10,disapproval,7|8|18|19,curiosity|desire|love|nervousness
2324,13|18,excitement|love,0|2|6|7|9|15,admiration|anger|confusion|curiosity|disappointment|gratitude
2325,26,surprise,2|3|7|15|22|25|26|27,anger|annoyance|curiosity|gratitude|realization|sadness|surprise|neutral
2326,15,gratitude,4|5|6|7|9|15|18|20|25,approval|caring|confusion|curiosity|disappointment|gratitude|love|optimism|sadness
2327,1,amusement,0|1|11|15|18,admiration|amusement|disgust|gratitude|love
2328,27,neutral,0|6|7|13|15|20|26,admiration|confusion|curiosity|excitement|gratitude|optimism|surprise
2329,26,surprise,2|5|27,anger|caring|neutral
2330,22|27,realization|neutral,0|20|25|26,admiration|optimism|sadness|surprise
2331,8,desire,1|2|6|7|11|15|18|24|25|27,amusement|anger|confusion|curiosity|disgust|gratitude|love|remorse|sadness|neutral
2332,27,neutral,0|4|5|10|20|25|27,admiration|approval|caring|disapproval|optimism|sadness|neutral
2333,22,realization,3|6|7|9|15|27,annoyance|confusion|curiosity|disappointment|gratitude|neutral
2334,14|25,fear|sadness,4|7|8|9|10|11|15|20|22,approval|curiosity|desire|disappointment|disapproval|disgust|gratitude|optimism|realization
2335,25,sadness,0|4|5|7|8|14|27,admiration|approval|caring|curiosity|desire|fear|neutral
2336,5|20,caring|optimism,0|4|5|15|20,admiration|approval|caring|gratitude|optimism
2337,10,disapproval,0|3|5|7|10|17|27,admiration|annoyance|caring|curiosity|disapproval|joy|neutral
2338,8,desire,1|6|7|9|10|25|26|27,amusement|confusion|curiosity|disappointment|disapproval|sadness|surprise|neutral
2339,10,disapproval,2|3|4|5|6|9|10|15|26|27,anger|annoyance|approval|caring|confusion|disappointment|disapproval|gratitude|surprise|neutral
2340,27,neutral,4|26,approval|surprise
2341,3,annoyance,0|1|2|4|5|15|18|25,admiration|amusement|anger|approval|caring|gratitude|love|sadness
2342,27,neutral,6|9|17|25|27,confusion|disappointment|joy|sadness|neutral
2343,27,neutral,1|2|4|7|8|10|11|18|25|27,amusement|anger|approval|curiosity|desire|disapproval|disgust|love|sadness|neutral
2344,27,neutral,4|13|17|18|26|27,approval|excitement|joy|love|surprise|neutral
2345,10,disapproval,9|15|27,disappointment|gratitude|neutral
2346,27,neutral,3|17|22,annoyance|joy|realization
2347,7,curiosity,1|2|3|9|22|24,amusement|anger|annoyance|disappointment|realization|remorse
2348,27,neutral,0|13|15|17|20|25,admiration|excitement|gratitude|joy|optimism|sadness
2349,4|27,approval|neutral,0|6|9|11|15|25,admiration|confusion|disappointment|disgust|gratitude|sadness
2350,3,annoyance,4|7|9|10|11|12|18,approval|curiosity|disappointment|disapproval|disgust|embarrassment|love
2351,5|19,caring|nervousness,0|6|7|8|10|17|25,admiration|confusion|curiosity|desire|disapproval|joy|sadness
2352,7,curiosity,0|1|3|4|6|7|15|18,admiration|amusement|annoyance|approval|confusion|curiosity|gratitude|love
2353,27,neutral,1|7|10|11|14|17|18|25|27,amusement|curiosity|disapproval|disgust|fear|joy|love|sadness|neutral
2354,4,approval,1|6|7|12|15|18,amusement|confusion|curiosity|embarrassment|gratitude|love
2355,19,nervousness,5|10|13|17|18|24|25|27,caring|disapproval|excitement|joy|love|remorse|sadness|neutral
2356,4,approval,1|3|4|6|7|13|22|26,amusement|annoyance|approval|confusion|curiosity|excitement|realization|surprise
2357,27,neutral,3|6|15|26,annoyance|confusion|gratitude|surprise
2358,10|24,disapproval|remorse,0|3|13|17|18|25,admiration|annoyance|excitement|joy|love|sadness
2359,5,caring,0|3|15|23,admiration|annoyance|gratitude|relief
2360,1,amusement,1|3|4|5|15|26|27,amusement|annoyance|approval|caring|gratitude|surprise|neutral
2361,4,approval,2|7|15|20|27,anger|curiosity|gratitude|optimism|neutral
2362,1,amusement,0|2|4|15|18|22|23,admiration|anger|approval|gratitude|love|realization|relief
2363,2,anger,0|1|2|3|4|7|15,admiration|amusement|anger|annoyance|approval|curiosity|gratitude
2364,4|27,approval|neutral,0|2|15|18|20,admiration|anger|gratitude|love|optimism
2365,7,curiosity,0|2|5|7|20|26,admiration|anger|caring|curiosity|optimism|surprise
2366,0,admiration,0|1|2|5|6|9|10|13|17|20|25,admiration|amusement|anger|caring|confusion|disappointment|disapproval|excitement|joy|optimism|sadness
2367,2|3,anger|annoyance,0|2|3|11|25|27,admiration|anger|annoyance|disgust|sadness|neutral
2368,9,disappointment,1|3|6|9|12|15|22|26|27,amusement|annoyance|confusion|disappointment|embarrassment|gratitude|realization|surprise|neutral
2369,7,curiosity,2|5|13|15|17|20|26,anger|caring|excitement|gratitude|joy|optimism|surprise
2370,3,annoyance,3|9|13|18|24|27,annoyance|disappointment|excitement|love|remorse|neutral
2371,17,joy,2|3|4|15|17|20|22,anger|annoyance|approval|gratitude|joy|optimism|realization
2372,3|15,annoyance|gratitude,0|4|7|9|10|11|15|18,admiration|approval|curiosity|disappointment|disapproval|disgust|gratitude|love
2373,3,annoyance,0|1|3|9|26,admiration|amusement|annoyance|disappointment|surprise
2374,4,approval,1|15|26|27,amusement|gratitude|surprise|neutral
2375,27,neutral,0|6|7|10|11|18|27,admiration|confusion|curiosity|disapproval|disgust|love|neutral
2376,5,caring,3|7|9|20,annoyance|curiosity|disappointment|optimism
2377,0|20,admiration|optimism,0|1|3|4|27,admiration|amusement|annoyance|approval|neutral
2378,18,love,8|27,desire|neutral
2379,13|17,excitement|joy,0|3|6|15|27,admiration|annoyance|confusion|gratitude|neutral
2380,27,neutral,6|8|15|17|20|25|27,confusion|desire|gratitude|joy|optimism|sadness|neutral
2381,4,approval,1|3|9|10|11|13|15|21,amusement|annoyance|disappointment|disapproval|disgust|excitement|gratitude|pride
2382,8,desire,0|1|2|3|6|10|11|15|17|22|25,admiration|amusement|anger|annoyance|confusion|disapproval|disgust|gratitude|joy|realization|sadness
2383,1|9,amusement|disappointment,0|4|6|8|9|18|20|22|27,admiration|approval|confusion|desire|disappointment|love|optimism|realization|neutral
2384,4,approval,9|17|18|20,disappointment|joy|love|optimism
2385,20,optimism,0|10|11|17|20|22|25|26|27,admiration|disapproval|disgust|joy|optimism|realization|sadness|surprise|neutral
2386,27,neutral,4|5|7|20|22|26,approval|caring|curiosity|optimism|realization|surprise
2387,0,admiration,5|6|15|17|18|27,caring|confusion|gratitude|joy|love|neutral
2388,1,amusement,0|1|26|27,admiration|amusement|surprise|neutral
2389,27,neutral,1|4|7|10|18|22,amusement|approval|curiosity|disapproval|love|realization
2390,27,neutral,3|4|7|9|10|15|22|25,annoyance|approval|curiosity|disappointment|disapproval|gratitude|realization|sadness
2391,1,amusement,3|4|5|10|13|25,annoyance|approval|caring|disapproval|excitement|sadness
2392,10|11,disapproval|disgust,0|7|9|13|17|25|26|27,admiration|curiosity|disappointment|excitement|joy|sadness|surprise|neutral
2393,0,admiration,0|1|5|13|20,admiration|amusement|caring|excitement|optimism
2394,27,neutral,4|7|10|25|26,approval|curiosity|disapproval|sadness|surprise
2395,5,caring,1|10|17|25|26|27,amusement|disapproval|joy|sadness|surprise|neutral
2396,10,disapproval,4|5|7|20|22|25,approval|caring|curiosity|optimism|realization|sadness
2397,27,neutral,0|8|15|20|27,admiration|desire|gratitude|optimism|neutral
2398,1|27,amusement|neutral,2|3|6|25|27,anger|annoyance|confusion|sadness|neutral
2399,27,neutral,0|1|2|8|9|10|25,admiration|amusement|anger|desire|disappointment|disapproval|sadness
2400,15,gratitude,0|4|9|11,admiration|approval|disappointment|disgust
2401,4,approval,3|4|6|10|14|15|22|24|27,annoyance|approval|confusion|disapproval|fear|gratitude|realization|remorse|neutral
2402,3,annoyance,6|9|10|11|17|18|24|25|27,confusion|disappointment|disapproval|disgust|joy|love|remorse|sadness|neutral
2403,25,sadness,0|8|20|25|27,admiration|desire|optimism|sadness|neutral
2404,26,surprise,0|2|3|4|10|11|15,admiration|anger|annoyance|approval|disapproval|disgust|gratitude
2405,10,disapproval,4|5|6|9|13|18|25|26,approval|caring|confusion|disappointment|excitement|love|sadness|surprise
2406,10|27,disapproval|neutral,1|3|6|9|13|15,amusement|annoyance|confusion|disappointment|excitement|gratitude
2407,3,annoyance,7|10,curiosity|disapproval
2408,1|7,amusement|curiosity,1|2|6|7|8|14|18|20|25|26,amusement|anger|confusion|curiosity|desire|fear|love|optimism|sadness|surprise
2409,26,surprise,1|2|3|15|17|22|25|27,amusement|anger|annoyance|gratitude|joy|realization|sadness|neutral
2410,3,annoyance,1|9|27,amusement|disappointment|neutral
2411,27,neutral,0|5|9|15|17,admiration|caring|disappointment|gratitude|joy
2412,4|27,approval|neutral,1|2|4|6|7|8|13|18|26|27,amusement|anger|approval|confusion|curiosity|desire|excitement|love|surprise|neutral
2413,0,admiration,1|6|10|17|20|24,amusement|confusion|disapproval|joy|optimism|remorse
2414,27,neutral,4|6|9|10|11|15|17|18,approval|confusion|disappointment|disapproval|disgust|gratitude|joy|love
2415,0,admiration,1|2|15|17|22|27,amusement|anger|gratitude|joy|realization|neutral
2416,27,neutral,2|4|9|18|22,anger|approval|disappointment|love|realization
2417,7,curiosity,1|2|4|7|9|17,amusement|anger|approval|curiosity|disappointment|joy
2418,27,neutral,4|5|9|21|25,approval|caring|disappointment|pride|sadness
2419,27,neutral,0|1|4|10,admiration|amusement|approval|disapproval
2420,18,love,2|3|6|7|22|26|27,anger|annoyance|confusion|curiosity|realization|surprise|neutral
2421,27,neutral,6|15|20,confusion|gratitude|optimism
2422,17,joy,4|6|15|18|20|24|27,approval|confusion|gratitude|love|optimism|remorse|neutral
2423,4,approval,3|4|8|9|10|17|18|20|24,annoyance|approval|desire|disappointment|disapproval|joy|love|optimism|remorse
2424,27,neutral,3|4|5|9|10|22|24,annoyance|approval|caring|disappointment|disapproval|realization|remorse
2425,12,embarrassment,0|4|5|7|10|18|20|26|27,admiration|approval|caring|curiosity|disapproval|love|optimism|surprise|neutral
2426,6,confusion,1|7|11|27,amusement|curiosity|disgust|neutral
2427,17|20,joy|optimism,0|3|6|7|10|14|15|22|27,admiration|annoyance|confusion|curiosity|disapproval|fear|gratitude|realization|neutral
2428,14,fear,1|4|6|17|18|26|27,amusement|approval|confusion|joy|love|surprise|neutral
2429,1|10,amusement|disapproval,1|5|9|11|20|25,amusement|caring|disappointment|disgust|optimism|sadness
2430,27,neutral,0|3|4|11|14|27,admiration|annoyance|approval|disgust|fear|neutral
2431,27,neutral,0|4|17|22|27,admiration|approval|joy|realization|neutral
2432,4,approval,3|5|10|15|27,annoyance|caring|disapproval|gratitude|neutral
2433,22,realization,3|7|27,annoyance|curiosity|neutral
2434,27,neutral,0|7|9|13|20|25|27,admiration|curiosity|disappointment|excitement|optimism|sadness|neutral
2435,27,neutral,0|1|2|3|5|6|15|18|25,admiration|amusement|anger|annoyance|caring|confusion|gratitude|love|sadness
2436,4|13,approval|excitement,0|2|7|9|25|26|27,admiration|anger|curiosity|disappointment|sadness|surprise|neutral
2437,13,excitement,0|4|10|15|22|25,admiration|approval|disapproval|gratitude|realization|sadness
2438,8,desire,1|3|4|5|9|22,amusement|annoyance|approval|caring|disappointment|realization
2439,4,approval,2|7|10|12|13|17|20|25|26,anger|curiosity|disapproval|embarrassment|excitement|joy|optimism|sadness|surprise
2440,21,pride,2|9|25|27,anger|disappointment|sadness|neutral
2441,15,gratitude,3|7|8|9|13|14|15|17|20|22,annoyance|curiosity|desire|disappointment|excitement|fear|gratitude|joy|optimism|realization
2442,4|27,approval|neutral,3|7|10|11|18|20|25,annoyance|curiosity|disapproval|disgust|love|optimism|sadness
2443,18,love,2|4|13|14|15|17|25,anger|approval|excitement|fear|gratitude|joy|sadness
2444,10,disapproval,3|5|8|9|11|15|25|26,annoyance|caring|desire|disappointment|disgust|gratitude|sadness|surprise
2445,27,neutral,4|9|15|17|18|22|25|27,approval|disappointment|gratitude|joy|love|realization|sadness|neutral
2446,27,neutral,3|4|6|15|18,annoyance|approval|confusion|gratitude|love
2447,27,neutral,0|6|7|8|13|25|26|27,admiration|confusion|curiosity|desire|excitement|sadness|surprise|neutral
2448,17,joy,1|6|8|10|25|26|27,amusement|confusion|desire|disapproval|sadness|surprise|neutral
2449,0|15,admiration|gratitude,4|5|8|20|26,approval|caring|desire|optimism|surprise
2450,27,neutral,0|1|3|5|7|13|17|20|22,admiration|amusement|annoyance|caring|curiosity|excitement|joy|optimism|realization
2451,15,gratitude,0|1|5,admiration|amusement|caring
2452,27,neutral,4|5|8|14|22|27,approval|caring|desire|fear|realization|neutral
2453,27,neutral,9|10|25|27,disappointment|disapproval|sadness|neutral
2454,1,amusement,0|1|5|16|20,admiration|amusement|caring|grief|optimism
2455,27,neutral,0|3|5|10|23|26|27,admiration|annoyance|caring|disapproval|relief|surprise|neutral
2456,9|25,disappointment|sadness,0|1|3|4|11|15|20|22,admiration|amusement|annoyance|approval|disgust|gratitude|optimism|realization
2457,13|17,excitement|joy,1|5|9|10|20|27,amusement|caring|disappointment|disapproval|optimism|neutral
2458,1,amusement,4|10|18|27,approval|disapproval|love|neutral
2459,6,confusion,0|3|4|8|13|17|22|27,admiration|annoyance|approval|desire|excitement|joy|realization|neutral
2460,0,admiration,0|15|17|25,admiration|gratitude|joy|sadness
2461,9,disappointment,0|1|2|7|9|10|15|17|20|27,admiration|amusement|anger|curiosity|disappointment|disapproval|gratitude|joy|optimism|neutral
2462,27,neutral,0|1|13,admiration|amusement|excitement
2463,5,caring,1|3|5|7|14|18|20|22|25,amusement|annoyance|caring|curiosity|fear|love|optimism|realization|sadness
2464,10|27,disapproval|neutral,0|3|6|7|11|15|17|27,admiration|annoyance|confusion|curiosity|disgust|gratitude|joy|neutral
2465,13,excitement,0|10|14|15|17|25|27,admiration|disapproval|fear|gratitude|joy|sadness|neutral
2466,4|27,approval|neutral,1|3|4|5|7|10|15|22,amusement|annoyance|approval|caring|curiosity|disapproval|gratitude|realization
2467,27,neutral,2|6|7|10|15|27,anger|confusion|curiosity|disapproval|gratitude|neutral
2468,5,caring,0|6|7|10|11|18|22|26,admiration|confusion|curiosity|disapproval|disgust|love|realization|surprise
2469,4,approval,2|3|8|15|22|26|27,anger|annoyance|desire|gratitude|realization|surprise|neutral
2470,4,approval,1|4|7|18|20|22|25|27,amusement|approval|curiosity|love|optimism|realization|sadness|neutral
2471,1,amusement,12|27,embarrassment|neutral
2472,27,neutral,1|2|7|9|18|20|24|25|27,amusement|anger|curiosity|disappointment|love|optimism|remorse|sadness|neutral
2473,4,approval,0|2|3|10|11|14|18|22|24|25,admiration|anger|annoyance|disapproval|disgust|fear|love|realization|remorse|sadness
2474,27,neutral,1|3|10|22|25|26,amusement|annoyance|disapproval|realization|sadness|surprise
2475,23,relief,0|2|3|5|10|17|25|27,admiration|anger|annoyance|caring|disapproval|joy|sadness|neutral
2476,27,neutral,0|3|4|8|10|22|27,admiration|annoyance|approval|desire|disapproval|realization|neutral
2477,27,neutral,3|10|13|19|20|22|26|27,annoyance|disapproval|excitement|nervousness|optimism|realization|surprise|neutral
2478,18,love,1|5|10|13|14,amusement|caring|disapproval|excitement|fear
2479,24,remorse,5|7,caring|curiosity
2480,27,neutral,0|3|18|27,admiration|annoyance|love|neutral
2481,27,neutral,0|1|2|4|7,admiration|amusement|anger|approval|curiosity
2482,3,annoyance,1|4|5|9|18|22|27,amusement|approval|caring|disappointment|love|realization|neutral
2483,1,amusement,3|5|22,annoyance|caring|realization
2484,8|20,desire|optimism,0|14|15,admiration|fear|gratitude
2485,9,disappointment,0|1|2|7|11|15|17|26,admiration|amusement|anger|curiosity|disgust|gratitude|joy|surprise
2486,15,gratitude,2|4|6|7|10|27,anger|approval|confusion|curiosity|disapproval|neutral
2487,17,joy,3|5|7|11|13|18|24,annoyance|caring|curiosity|disgust|excitement|love|remorse
2488,20,optimism,4|6|7|15|25|27,approval|confusion|curiosity|gratitude|sadness|neutral
2489,3|15,annoyance|gratitude,0|1|8|11|20,admiration|amusement|desire|disgust|optimism
2490,3|27,annoyance|neutral,0|2|5|10|12|14|17|18|20|25,admiration|anger|caring|disapproval|embarrassment|fear|joy|love|optimism|sadness
2491,25,sadness,0|2|3|5|10|15|18|22|24|26,admiration|anger|annoyance|caring|disapproval|gratitude|love|realization|remorse|surprise
2492,26,surprise,4|6|7|8|11|15|21|27,approval|confusion|curiosity|desire|disgust|gratitude|pride|neutral
2493,17,joy,0|4,admiration|approval
2494,8|25,desire|sadness,2|3|5|13|14|17|26,anger|annoyance|caring|excitement|fear|joy|surprise
2495,0,admiration,2|4|15|17|20|22|26,anger|approval|gratitude|joy|optimism|realization|surprise
2496,20,optimism,1|2|3|4|6|11|17|22|26,amusement|anger|annoyance|approval|confusion|disgust|joy|realization|surprise
2497,0|15,admiration|gratitude,0|1|9|10|15|17|18|20|25,admiration|amusement|disappointment|disapproval|gratitude|joy|love|optimism|sadness
2498,12,embarrassment,1|4|7|12|20|25|27,amusement|approval|curiosity|embarrassment|optimism|sadness|neutral
2499,0,admiration,1|4|7|8|22,amusement|approval|curiosity|desire|realization
2500,22,realization,0|7|9|20,admiration|curiosity|disappointment|optimism
2501,1,amusement,4|9|10|20|22|26|27,approval|disappointment|disapproval|optimism|realization|surprise|neutral
2502,6,confusion,0|2|3|18|26|27,admiration|anger|annoyance|love|surprise|neutral
2503,10,disapproval,6|7|12|13|27,confusion|curiosity|embarrassment|excitement|neutral
2504,0,admiration,3|6|9|22|26|27,annoyance|confusion|disappointment|realization|surprise|neutral
2505,3|11,annoyance|disgust,4|24|25|26,approval|remorse|sadness|surprise
2506,1,amusement,2|3|4|5|17|24|27,anger|annoyance|approval|caring|joy|remorse|neutral
2507,11,disgust,1|4|15|17|20|22|26|27,amusement|approval|gratitude|joy|optimism|realization|surprise|neutral
2508,27,neutral,0|13|17|18|22|27,admiration|excitement|joy|love|realization|neutral
2509,3,annoyance,3|4|6|7|13|15|24,annoyance|approval|confusion|curiosity|excitement|gratitude|remorse
2510,6,confusion,3|4|5|15|20|22,annoyance|approval|caring|gratitude|optimism|realization
2511,2|8,anger|desire,4|9|15|18|20|22|25,approval|disappointment|gratitude|love|optimism|realization|sadness
2512,4|17,approval|joy,3|10|18|26|27,annoyance|disapproval|love|surprise|neutral
2513,2|3,anger|annoyance,2|3|9|17|25|27,anger|annoyance|disappointment|joy|sadness|neutral
2514,15,gratitude,0|3|9|13|20,admiration|annoyance|disappointment|excitement|optimism
2515,27,neutral,2|4|8|18|22|27,anger|approval|desire|love|realization|neutral
2516,24,remorse,1|6|10,amusement|confusion|disapproval
2517,3,annoyance,0|1|3|4|18|20|22,admiration|amusement|annoyance|approval|love|optimism|realization
2518,14,fear,1|10|15|20|27,amusement|disapproval|gratitude|optimism|neutral
2519,27,neutral,0|1|4|6|11|15|17|22|26,admiration|amusement|approval|confusion|disgust|gratitude|joy|realization|surprise
2520,3,annoyance,0|2|4|6|7|15|17,admiration|anger|approval|confusion|curiosity|gratitude|joy
2521,17,joy,0|14|15|20|22,admiration|fear|gratitude|optimism|realization
2522,7,curiosity,0|2|4|15|18|25|27,admiration|anger|approval|gratitude|love|sadness|neutral
2523,27,neutral,0|1|3|17,admiration|amusement|annoyance|joy
2524,7|27,curiosity|neutral,1|2|6|11|22|24|27,amusement|anger|confusion|disgust|realization|remorse|neutral
2525,25,sadness,2|15|17|24|27,anger|gratitude|joy|remorse|neutral
2526,10,disapproval,1|2|7|15|27,amusement|anger|curiosity|gratitude|neutral
2527,27,neutral,3|10|25|26,annoyance|disapproval|sadness|surprise
2528,15,gratitude,2|4|13|14|17|22|26,anger|approval|excitement|fear|joy|realization|surprise
2529,6,confusion,1|4|6|7|9|27,amusement|approval|confusion|curiosity|disappointment|neutral
2530,18,love,0|3|5|15|17,admiration|annoyance|caring|gratitude|joy
2531,7,curiosity,3|5|7|10|18|20|27,annoyance|caring|curiosity|disapproval|love|optimism|neutral
2532,0,admiration,8|9|10|26|27,desire|disappointment|disapproval|surprise|neutral
2533,22|25,realization|sadness,0|2|4|9|18,admiration|anger|approval|disappointment|love
2534,11,disgust,4|5|9|15|26|27,approval|caring|disappointment|gratitude|surprise|neutral
2535,27,neutral,6|9|11|15|20|22|27,confusion|disappointment|disgust|gratitude|optimism|realization|neutral
2536,4|27,approval|neutral,0|1|6|8|14|15|17|20,admiration|amusement|confusion|desire|fear|gratitude|joy|optimism
2537,27,neutral,0|1|2|3|7|11|26|27,admiration|amusement|anger|annoyance|curiosity|disgust|surprise|neutral
2538,27,neutral,1|3|4|27,amusement|annoyance|approval|neutral
2539,27,neutral,0|1|5|8|9|10|11|18|20|27,admiration|amusement|caring|desire|disappointment|disapproval|disgust|love|optimism|neutral
2540,27,neutral,0|2|4|6|15|20|27,admiration|anger|approval|confusion|gratitude|optimism|neutral
2541,14,fear,0|6|7|10|20|22,admiration|confusion|curiosity|disapproval|optimism|realization
2542,27,neutral,2|3|4|10|14|18,anger|annoyance|approval|disapproval|fear|love
2543,7,curiosity,0|5|7|9|17|27,admiration|caring|curiosity|disappointment|joy|neutral
2544,27,neutral,0|4|7|8|10|11|18|20|25|27,admiration|approval|curiosity|desire|disapproval|disgust|love|optimism|sadness|neutral
2545,27,neutral,3|9|11|20|27,annoyance|disappointment|disgust|optimism|neutral
2546,6,confusion,1|4|7|9|10|11|13|15|26,amusement|approval|curiosity|disappointment|disapproval|disgust|excitement|gratitude|surprise
2547,26,surprise,10|15|22|24,disapproval|gratitude|realization|remorse
2548,27,neutral,0|2|4|10|18|22|25,admiration|anger|approval|disapproval|love|realization|sadness
2549,27,neutral,0|5|6|8|27,admiration|caring|confusion|desire|neutral
2550,27,neutral,0|1|13,admiration|amusement|excitement
2551,8,desire,0|2|6|7|9|10|20|24|26,admiration|anger|confusion|curiosity|disappointment|disapproval|optimism|remorse|surprise
2552,27,neutral,1|7|15|17,amusement|curiosity|gratitude|joy
2553,0,admiration,1|3|8|9|10|15|18|25|26|27,amusement|annoyance|desire|disappointment|disapproval|gratitude|love|sadness|surprise|neutral
2554,27,neutral,2|4|6|9|10|17|27,anger|approval|confusion|disappointment|disapproval|joy|neutral
2555,27,neutral,1|2|3|11|22,amusement|anger|annoyance|disgust|realization
2556,15,gratitude,4|6|26,approval|confusion|surprise
2557,27,neutral,3|6|13|15|22,annoyance|confusion|excitement|gratitude|realization
2558,10|26,disapproval|surprise,1|17|18,amusement|joy|love
2559,20,optimism,1|2|6|8|9|13|15|22|26,amusement|anger|confusion|desire|disappointment|excitement|gratitude|realization|surprise
2560,2|3,anger|annoyance,0|2|6|15|17|18|27,admiration|anger|confusion|gratitude|joy|love|neutral
2561,27,neutral,1|6|7|9|10|11|18|27,amusement|confusion|curiosity|disappointment|disapproval|disgust|love|neutral
2562,27,neutral,6|8|9|10|13|20|25|27,confusion|desire|disappointment|disapproval|excitement|optimism|sadness|neutral
2563,4|23,approval|relief,2|7|9|10|13|17|18|22|24|25,anger|curiosity|disappointment|disapproval|excitement|joy|love|realization|remorse|sadness
2564,3,annoyance,2|4|6|13|18|27,anger|approval|confusion|excitement|love|neutral
2565,11|20,disgust|optimism,1|4|5|9|18,amusement|approval|caring|disappointment|love
2566,27,neutral,2|5|6|9|10|13|14|15|17,anger|caring|confusion|disappointment|disapproval|excitement|fear|gratitude|joy
2567,0,admiration,0|3|4|7|9|10|11|12|18|19|22|25|26,admiration|annoyance|approval|curiosity|disappointment|disapproval|disgust|embarrassment|love|nervousness|realization|sadness|surprise
2568,4|15,approval|gratitude,1|3|4|5|6|7|10|11|15|20|22|25,amusement|annoyance|approval|caring|confusion|curiosity|disapproval|disgust|gratitude|optimism|realization|sadness
2569,27,neutral,4|9|18|20,approval|disappointment|love|optimism
2570,27,neutral,1|3|4|7|8|14|18,amusement|annoyance|approval|curiosity|desire|fear|love
2571,4|5,approval|caring,2|12|15|21|26|27,anger|embarrassment|gratitude|pride|surprise|neutral
2572,20,optimism,1|3|9|22|25|27,amusement|annoyance|disappointment|realization|sadness|neutral
2573,2|18,anger|love,0|1|6|7|10|13|25|26|27,admiration|amusement|confusion|curiosity|disapproval|excitement|sadness|surprise|neutral
2574,9,disappointment,0|1|24|25,admiration|amusement|remorse|sadness
2575,15,gratitude,2|3|9|11|15|20|26,anger|annoyance|disappointment|disgust|gratitude|optimism|surprise
2576,0|1,admiration|amusement,0|7|10|20,admiration|curiosity|disapproval|optimism
2577,27,neutral,1|2|3|9|14|20,amusement|anger|annoyance|disappointment|fear|optimism
2578,0,admiration,5|7|9|11|15|20|25|26|27,caring|curiosity|disappointment|disgust|gratitude|optimism|sadness|surprise|neutral
2579,25,sadness,5|8|10|14|15|17|18|22,caring|desire|disapproval|fear|gratitude|joy|love|realization
2580,17,joy,2|3|5|15|17|27,anger|annoyance|caring|gratitude|joy|neutral
2581,27,neutral,0|1|4|8|9|11|15|26,admiration|amusement|approval|desire|disappointment|disgust|gratitude|surprise
2582,10,disapproval,0|4|15|22|27,admiration|approval|gratitude|realization|neutral
2583,10,disapproval,4|5|25|26|27,approval|caring|sadness|surprise|neutral
2584,0|15,admiration|gratitude,0|3|5|9|11|13|15|26|27,admiration|annoyance|caring|disappointment|disgust|excitement|gratitude|surprise|neutral
2585,0|15,admiration|gratitude,0|6|9|18|24|25|27,admiration|confusion|disappointment|love|remorse|sadness|neutral
2586,27,neutral,1|2|6|22,amusement|anger|confusion|realization
2587,20,optimism,0|4|8|9|10|18|27,admiration|approval|desire|disappointment|disapproval|love|neutral
2588,27,neutral,0|9|13|22,admiration|disappointment|excitement|realization
2589,15,gratitude,0|1|3|7|10|11|18|22,admiration|amusement|annoyance|curiosity|disapproval|disgust|love|realization
2590,27,neutral,4|6|7|13|15|17|20|25,approval|confusion|curiosity|excitement|gratitude|joy|optimism|sadness
2591,27,neutral,0|5|7|24|26,admiration|caring|curiosity|remorse|surprise
2592,4,approval,4|10|15|27,approval|disapproval|gratitude|neutral
2593,9|10,disappointment|disapproval,0|1|11|15|17|25|27,admiration|amusement|disgust|gratitude|joy|sadness|neutral
2594,15,gratitude,0|3|4|13|15|18,admiration|annoyance|approval|excitement|gratitude|love
2595,10,disapproval,6|15|27,confusion|gratitude|neutral
2596,27,neutral,1|7|9|11|17|20|22|25,amusement|curiosity|disappointment|disgust|joy|optimism|realization|sadness
2597,1,amusement,0|2|4|10|24,admiration|anger|approval|disapproval|remorse
2598,6,confusion,0|1|6|7|9|10|18|25|27,admiration|amusement|confusion|curiosity|disappointment|disapproval|love|sadness|neutral
2599,27,neutral,4|17|20|27,approval|joy|optimism|neutral
2600,27,neutral,0|1|3|4|6|7|8|9|10|15,admiration|amusement|annoyance|approval|confusion|curiosity|desire|disappointment|disapproval|gratitude
2601,3|25,annoyance|sadness,2|7|8|14|18|26|27,anger|curiosity|desire|fear|love|surprise|neutral
2602,13|17,excitement|joy,3|4|6|7|17|20|26,annoyance|approval|confusion|curiosity|joy|optimism|surprise
2603,27,neutral,1|3|15,amusement|annoyance|gratitude
2604,4|9|20,approval|disappointment|optimism,7|10|18|27,curiosity|disapproval|love|neutral
2605,5,caring,3|4|10|14|18|27,annoyance|approval|disapproval|fear|love|neutral
2606,14,fear,10|11|12|16|18|20,disapproval|disgust|embarrassment|grief|love|optimism
2607,6,confusion,0|1|2|10|20|22|27,admiration|amusement|anger|disapproval|optimism|realization|neutral
2608,13,excitement,0|3|5|6|10|18|22|24,admiration|annoyance|caring|confusion|disapproval|love|realization|remorse
2609,27,neutral,0|2|7|14|17|19,admiration|anger|curiosity|fear|joy|nervousness
2610,9,disappointment,0|11|12|17|18|25|27,admiration|disgust|embarrassment|joy|love|sadness|neutral
2611,8,desire,2|7|9|10|13|17|26|27,anger|curiosity|disappointment|disapproval|excitement|joy|surprise|neutral
2612,1,amusement,2|3|17|20|22|26|27,anger|annoyance|joy|optimism|realization|surprise|neutral
2613,27,neutral,1|4|7|8|18|24|26|27,amusement|approval|curiosity|desire|love|remorse|surprise|neutral
2614,17|18,joy|love,3|10|15|18|22,annoyance|disapproval|gratitude|love|realization
2615,27,neutral,4|5|6|9|11|15|20|22|26,approval|caring|confusion|disappointment|disgust|gratitude|optimism|realization|surprise
2616,15,gratitude,1|3|7|13|17|20|25|26,amusement|annoyance|curiosity|excitement|joy|optimism|sadness|surprise
2617,1|15,amusement|gratitude,0|1|2|3|7|22,admiration|amusement|anger|annoyance|curiosity|realization
2618,4|17,approval|joy,0|1|2|4|5|10|14|20|22|26,admiration|amusement|anger|approval|caring|disapproval|fear|optimism|realization|surprise
2619,0|27,admiration|neutral,2|7|9|10|15|22,anger|curiosity|disappointment|disapproval|gratitude|realization
2620,27,neutral,2|3|5|6|19|27,anger|annoyance|caring|confusion|nervousness|neutral
2621,10,disapproval,0|6|9|10|15|18,admiration|confusion|disappointment|disapproval|gratitude|love
2622,0,admiration,6|9|10|13|15|18|20|25|26|27,confusion|disappointment|disapproval|excitement|gratitude|love|optimism|sadness|surprise|neutral
2623,1|27,amusement|neutral,0|3|5|7|26,admiration|annoyance|caring|curiosity|surprise
2624,15,gratitude,15|24|27,gratitude|remorse|neutral
2625,7,curiosity,1|4|6|9|11|18|25,amusement|approval|confusion|disappointment|disgust|love|sadness
2626,17,joy,2|15|27,anger|gratitude|neutral
2627,27,neutral,5|6|7|15|17|22|27,caring|confusion|curiosity|gratitude|joy|realization|neutral
2628,0,admiration,3|4|10|15|17,annoyance|approval|disapproval|gratitude|joy
2629,1,amusement,0|2|3|17|18|20|24,admiration|anger|annoyance|joy|love|optimism|remorse
2630,27,neutral,0|2|3|5|7|8|10|11|17|20|24,admiration|anger|annoyance|caring|curiosity|desire|disapproval|disgust|joy|optimism|remorse
2631,1|18,amusement|love,0|7|10|13|20|27,admiration|curiosity|disapproval|excitement|optimism|neutral
2632,27,neutral,0|2|4|10|11|13|14|27,admiration|anger|approval|disapproval|disgust|excitement|fear|neutral
2633,0,admiration,0|26|27,admiration|surprise|neutral
2634,5|25,caring|sadness,3|8|15|18|20|26|27,annoyance|desire|gratitude|love|optimism|surprise|neutral
2635,2,anger,2|7|9|10|13|22|24,anger|curiosity|disappointment|disapproval|excitement|realization|remorse
2636,7,curiosity,13|15|20|25|27,excitement|gratitude|optimism|sadness|neutral
2637,20,optimism,1|6|8|14|15|20|27,amusement|confusion|desire|fear|gratitude|optimism|neutral
2638,2|8|18,anger|desire|love,0|1|2|7|10|14|15|18|22,admiration|amusement|anger|curiosity|disapproval|fear|gratitude|love|realization
2639,0|27,admiration|neutral,2|3|4|7|15|17|18|22|26,anger|annoyance|approval|curiosity|gratitude|joy|love|realization|surprise
2640,8|20,desire|optimism,3|5|9|25,annoyance|caring|disappointment|sadness
2641,0,admiration,0|1|3|5|13|17|18|20,admiration|amusement|annoyance|caring|excitement|joy|love|optimism
2642,11,disgust,0|1|3|7,admiration|amusement|annoyance|curiosity
2643,27,neutral,0|2|4|5|20,admiration|anger|approval|caring|optimism
2644,27,neutral,3|9|11|17|18|25,annoyance|disappointment|disgust|joy|love|sadness
2645,22,realization,1|2|3|7|10|20|22|25,amusement|anger|annoyance|curiosity|disapproval|optimism|realization|sadness
2646,25,sadness,2|3|8|11|27,anger|annoyance|desire|disgust|neutral
2647,4|27,approval|neutral,0|4|6|9|13|19|20|25,admiration|approval|confusion|disappointment|excitement|nervousness|optimism|sadness
2648,22,realization,4|6|8|10|12|20|27,approval|confusion|desire|disapproval|embarrassment|optimism|neutral
2649,27,neutral,2|7|8|9|10|12|13|14|18|20,anger|curiosity|desire|disappointment|disapproval|embarrassment|excitement|fear|love|optimism
2650,27,neutral,2|9|10|17,anger|disappointment|disapproval|joy
2651,27,neutral,2|7|10,anger|curiosity|disapproval
2652,23,relief,3|4|5|18|27,annoyance|approval|caring|love|neutral
2653,15|17,gratitude|joy,2|4|9|10|11|17|20|22,anger|approval|disappointment|disapproval|disgust|joy|optimism|realization
2654,1,amusement,0|3|5|10|17|22|26,admiration|annoyance|caring|disapproval|joy|realization|surprise
2655,26,surprise,1|7|12|24|27,amusement|curiosity|embarrassment|remorse|neutral
2656,7|27,curiosity|neutral,1|3|4|7|9|11|17|26,amusement|annoyance|approval|curiosity|disappointment|disgust|joy|surprise
2657,0,admiration,3|5|17|18|20|25|27,annoyance|caring|joy|love|optimism|sadness|neutral
2658,2,anger,0|2|11,admiration|anger|disgust
2659,15,gratitude,1|2|4|14|15|25|27,amusement|anger|approval|fear|gratitude|sadness|neutral
2660,1,amusement,0|1|4|7|15|25,admiration|amusement|approval|curiosity|gratitude|sadness
2661,20,optimism,2|4|7|18|22|27,anger|approval|curiosity|love|realization|neutral
2662,27,neutral,1|6|9|13|15|24|26|27,amusement|confusion|disappointment|excitement|gratitude|remorse|surprise|neutral
2663,27,neutral,8|11|13|17|20|27,desire|disgust|excitement|joy|optimism|neutral
2664,27,neutral,0|1|3|4|5|7|8|11,admiration|amusement|annoyance|approval|caring|curiosity|desire|disgust
2665,27,neutral,0|3|4|7|10|17|18|22|27,admiration|annoyance|approval|curiosity|disapproval|joy|love|realization|neutral
2666,6|7,confusion|curiosity,0|1|10|13|15|18|24|25,admiration|amusement|disapproval|excitement|gratitude|love|remorse|sadness
2667,0,admiration,5|7|8|9|13|17|18|20|22|26,caring|curiosity|desire|disappointment|excitement|joy|love|optimism|realization|surprise
2668,27,neutral,0|4|5|15|22|27,admiration|approval|caring|gratitude|realization|neutral
2669,27,neutral,1|3|7|8|11|14|16|20,amusement|annoyance|curiosity|desire|disgust|fear|grief|optimism
2670,27,neutral,0|3|4|6|17|27,admiration|annoyance|approval|confusion|joy|neutral
2671,27,neutral,2|7|10|15,anger|curiosity|disapproval|gratitude
2672,1|17,amusement|joy,0|2|3|7|18|20|22|26,admiration|anger|annoyance|curiosity|love|optimism|realization|surprise
2673,27,neutral,3|9|27,annoyance|disappointment|neutral
2674,7,curiosity,3|6|7|8|9|10|11|18,annoyance|confusion|curiosity|desire|disappointment|disapproval|disgust|love
2675,15,gratitude,0|3|11|20|25|26,admiration|annoyance|disgust|optimism|sadness|surprise
2676,27,neutral,2|6|7|13|27,anger|confusion|curiosity|excitement|neutral
2677,20,optimism,0|4|5|9|25,admiration|approval|caring|disappointment|sadness
2678,0|20,admiration|optimism,1|13|15|18|20|25,amusement|excitement|gratitude|love|optimism|sadness
2679,0|13|20,admiration|excitement|optimism,2|3|6|10|14|15|17|25,anger|annoyance|confusion|disapproval|fear|gratitude|joy|sadness
2680,27,neutral,2|12|15|18|22,anger|embarrassment|gratitude|love|realization
2681,10|22,disapproval|realization,0|1|3|15|18|20|27,admiration|amusement|annoyance|gratitude|love|optimism|neutral
2682,13,excitement,1|15|27,amusement|gratitude|neutral
2683,3|11,annoyance|disgust,1|2|7|27,amusement|anger|curiosity|neutral
2684,15,gratitude,1|6|12|18|25,amusement|confusion|embarrassment|love|sadness
2685,25,sadness,0|5|6|9|11|15|22|25|27,admiration|caring|confusion|disappointment|disgust|gratitude|realization|sadness|neutral
2686,17,joy,4|7|10|24,approval|curiosity|disapproval|remorse
2687,2|3,anger|annoyance,0|2|4|8|10|11|15|18|25,admiration|anger|approval|desire|disapproval|disgust|gratitude|love|sadness
2688,0,admiration,0|3|6|13|15|17|27,admiration|annoyance|confusion|excitement|gratitude|joy|neutral
2689,10,disapproval,0|6,admiration|confusion
2690,6,confusion,1|2|3|18|26,amusement|anger|annoyance|love|surprise
2691,18,love,1|8|9|15|26,amusement|desire|disappointment|gratitude|surprise
2692,27,neutral,0|1|7|10|15|18|25,admiration|amusement|curiosity|disapproval|gratitude|love|sadness
2693,3,annoyance,11|15|17|22|27,disgust|gratitude|joy|realization|neutral
2694,27,neutral,1|3|12|15|22,amusement|annoyance|embarrassment|gratitude|realization
2695,13,excitement,4|6|10|24|27,approval|confusion|disapproval|remorse|neutral
2696,13,excitement,6|9|11|17|26,confusion|disappointment|disgust|joy|surprise
2697,4,approval,4|10|12|22|27,approval|disapproval|embarrassment|realization|neutral
2698,3,annoyance,0|3|4|7|9|14|25|27,admiration|annoyance|approval|curiosity|disappointment|fear|sadness|neutral
2699,5,caring,0|2|9|18|25|27,admiration|anger|disappointment|love|sadness|neutral
2700,15|18,gratitude|love,0|1|4|6|7|9|10,admiration|amusement|approval|confusion|curiosity|disappointment|disapproval
2701,27,neutral,0|1|2|4|17|18|22|26,admiration|amusement|anger|approval|joy|love|realization|surprise
2702,0,admiration,2|4|6|7|8|11|13|25,anger|approval|confusion|curiosity|desire|disgust|excitement|sadness
2703,0,admiration,1|2|3|4|7|24|26|27,amusement|anger|annoyance|approval|curiosity|remorse|surprise|neutral
2704,2|27,anger|neutral,1|5|7|8|9|14|15|20|27,amusement|caring|curiosity|desire|disappointment|fear|gratitude|optimism|neutral
2705,20,optimism,4|5|11|26|27,approval|caring|disgust|surprise|neutral
2706,27,neutral,7|9|10|17|27,curiosity|disappointment|disapproval|joy|neutral
2707,8,desire,0|2|5|7|15|17|27,admiration|anger|caring|curiosity|gratitude|joy|neutral
2708,11,disgust,2|3|4|6|7|13|17|20|22|25,anger|annoyance|approval|confusion|curiosity|excitement|joy|optimism|realization|sadness
2709,15,gratitude,0|3|6|8|20|24|25|26,admiration|annoyance|confusion|desire|optimism|remorse|sadness|surprise
2710,18,love,11|15|20|27,disgust|gratitude|optimism|neutral
2711,5,caring,1|4|5|7|10|15|27,amusement|approval|caring|curiosity|disapproval|gratitude|neutral
2712,15,gratitude,0|4|10|17|18|25|26|27,admiration|approval|disapproval|joy|love|sadness|surprise|neutral
2713,27,neutral,0|3|4|7|10|15|20|24,admiration|annoyance|approval|curiosity|disapproval|gratitude|optimism|remorse
2714,15,gratitude,1|4|7|10|17|18,amusement|approval|curiosity|disapproval|joy|love
2715,27,neutral,0|3|5|10|11|20|25|26,admiration|annoyance|caring|disapproval|disgust|optimism|sadness|surprise
2716,0,admiration,0|11|18|20|22,admiration|disgust|love|optimism|realization
2717,27,neutral,3|6|7|13|17|18|20|25,annoyance|confusion|curiosity|excitement|joy|love|optimism|sadness
2718,1,amusement,0|6|9|13|22,admiration|confusion|disappointment|excitement|realization
2719,5,caring,0|13|18|19|24,admiration|excitement|love|nervousness|remorse
2720,8,desire,0|1|9|10|11,admiration|amusement|disappointment|disapproval|disgust
2721,6|26,confusion|surprise,3|4|5|7|10|15|22|25,annoyance|approval|caring|curiosity|disapproval|gratitude|realization|sadness
2722,10,disapproval,0|3|9|10|11|14,admiration|annoyance|disappointment|disapproval|disgust|fear
2723,7,curiosity,1|5|10|11|13|15|19|20|22,amusement|caring|disapproval|disgust|excitement|gratitude|nervousness|optimism|realization
2724,27,neutral,1|9|22|27,amusement|disappointment|realization|neutral
2725,4,approval,4|5|7|13|25,approval|caring|curiosity|excitement|sadness
2726,27,neutral,0|7|15|20|23|26|27,admiration|curiosity|gratitude|optimism|relief|surprise|neutral
2727,15,gratitude,1|4|5|15|18|20|22|24|26,amusement|approval|caring|gratitude|love|optimism|realization|remorse|surprise
2728,13,excitement,0|3|4|5|7|9|13|18|22|25,admiration|annoyance|approval|caring|curiosity|disappointment|excitement|love|realization|sadness
2729,25,sadness,0|4|6,admiration|approval|confusion
2730,10,disapproval,0|2|9|15|17|20|25,admiration|anger|disappointment|gratitude|joy|optimism|sadness
2731,26,surprise,1|3|7|8|9|15|17|18|26,amusement|annoyance|curiosity|desire|disappointment|gratitude|joy|love|surprise
2732,27,neutral,0|1|4|10|15|27,admiration|amusement|approval|disapproval|gratitude|neutral
2733,27,neutral,5|6|18|22|27,caring|confusion|love|realization|neutral
2734,0,admiration,6|10|13|20,confusion|disapproval|excitement|optimism
2735,18,love,20|22,optimism|realization
2736,20,optimism,3|5|7|8|9|10|15|17|19|24,annoyance|caring|curiosity|desire|disappointment|disapproval|gratitude|joy|nervousness|remorse
2737,27,neutral,0|15|18|26|27,admiration|gratitude|love|surprise|neutral
2738,26,surprise,0|4|6|7|8|9|10|22|27,admiration|approval|confusion|curiosity|desire|disappointment|disapproval|realization|neutral
2739,3,annoyance,2|7|22|27,anger|curiosity|realization|neutral
2740,15,gratitude,0|1|11|15|17|25|26,admiration|amusement|disgust|gratitude|joy|sadness|surprise
2741,27,neutral,0|6|10|19|22,admiration|confusion|disapproval|nervousness|realization
2742,15,gratitude,0|2|3|4|6|13|15|17|20|26,admiration|anger|annoyance|approval|confusion|excitement|gratitude|joy|optimism|surprise
2743,4|27,approval|neutral,3|6|10|20|27,annoyance|confusion|disapproval|optimism|neutral
2744,27,neutral,3|4|10|15|27,annoyance|approval|disapproval|gratitude|neutral
2745,27,neutral,0|2|4|10,admiration|anger|approval|disapproval
2746,27,neutral,5|6|9|15|17|18|19|27,caring|confusion|disappointment|gratitude|joy|love|nervousness|neutral
2747,27,neutral,2|6|17|18,anger|confusion|joy|love
2748,27,neutral,1|3|7|9|13|15|17|20|22|26,amusement|annoyance|curiosity|disappointment|excitement|gratitude|joy|optimism|realization|surprise
2749,3,annoyance,0|5|7|10|11|14|15|18|22|24|26,admiration|caring|curiosity|disapproval|disgust|fear|gratitude|love|realization|remorse|surprise
2750,9,disappointment,17|18|24|27,joy|love|remorse|neutral
2751,15,gratitude,2|5|7|8|10|14|20,anger|caring|curiosity|desire|disapproval|fear|optimism
2752,1,amusement,0|1|4|7|27,admiration|amusement|approval|curiosity|neutral
2753,7,curiosity,1|3|4|5|15|27,amusement|annoyance|approval|caring|gratitude|neutral
2754,27,neutral,1|2|4|5|13|17,amusement|anger|approval|caring|excitement|joy
2755,20,optimism,5|7|10|20,caring|curiosity|disapproval|optimism
2756,1|17,amusement|joy,0|2|4|5|14|17|20|27,admiration|anger|approval|caring|fear|joy|optimism|neutral
2757,0,admiration,1|3|7|9|10|27,amusement|annoyance|curiosity|disappointment|disapproval|neutral
2758,14,fear,4|17|18|20|22|27,approval|joy|love|optimism|realization|neutral
2759,26,surprise,0|3|4|9|11|14|15|26,admiration|annoyance|approval|disappointment|disgust|fear|gratitude|surprise
2760,10,disapproval,5|6|8|9|15|17,caring|confusion|desire|disappointment|gratitude|joy
2761,4,approval,14|15|19|22|24|27,fear|gratitude|nervousness|realization|remorse|neutral
2762,27,neutral,0|3|5|10|24|27,admiration|annoyance|caring|disapproval|remorse|neutral
2763,4|23,approval|relief,0|2|3|10|15|27,admiration|anger|annoyance|disapproval|gratitude|neutral
2764,27,neutral,0|1|2|7|11|14|17|22,admiration|amusement|anger|curiosity|disgust|fear|joy|realization
2765,20,optimism,1|7|17|25,amusement|curiosity|joy|sadness
2766,27,neutral,5|7|8|10|13|15|17|18|26,caring|curiosity|desire|disapproval|excitement|gratitude|joy|love|surprise
2767,24,remorse,13|18,excitement|love
2768,3|10,annoyance|disapproval,3|4|5|14|26|27,annoyance|approval|caring|fear|surprise|neutral
2769,6|9,confusion|disappointment,1|3|9|17|27,amusement|annoyance|disappointment|joy|neutral
2770,1,amusement,1|2|3|5|15|22|26,amusement|anger|annoyance|caring|gratitude|realization|surprise
2771,27,neutral,2|3|5|6|10|13|26,anger|annoyance|caring|confusion|disapproval|excitement|surprise
2772,27,neutral,4|5|7|8|13|22|27,approval|caring|curiosity|desire|excitement|realization|neutral
2773,0|15,admiration|gratitude,1|2|4|17|27,amusement|anger|approval|joy|neutral
2774,10,disapproval,0|3|4|9|18|26|27,admiration|annoyance|approval|disappointment|love|surprise|neutral
2775,18,love,0|5|8|11|13|15|27,admiration|caring|desire|disgust|excitement|gratitude|neutral
2776,3,annoyance,3|5|7|9|11|13|17|20|25,annoyance|caring|curiosity|disappointment|disgust|excitement|joy|optimism|sadness
2777,10,disapproval,0|4|6|7|9|15|17|25|26|27,admiration|approval|confusion|curiosity|disappointment|gratitude|joy|sadness|surprise|neutral
2778,27,neutral,2|7|23|25|27,anger|curiosity|relief|sadness|neutral
2779,27,neutral,4|8|25|27,approval|desire|sadness|neutral
2780,27,neutral,0|1|3|25,admiration|amusement|annoyance|sadness
2781,20,optimism,0|1|2|6|7|13|20|26|27,admiration|amusement|anger|confusion|curiosity|excitement|optimism|surprise|neutral
2782,4,approval,2|3|4|10|13|17|20,anger|annoyance|approval|disapproval|excitement|joy|optimism
2783,3,annoyance,6|7|9|15|26|27,confusion|curiosity|disappointment|gratitude|surprise|neutral
2784,6,confusion,1|5|7|13|17|25,amusement|caring|curiosity|excitement|joy|sadness
2785,15,gratitude,2|5|6|7|8|18|20|25|26,anger|caring|confusion|curiosity|desire|love|optimism|sadness|surprise
2786,0|4,admiration|approval,13|17|18|27,excitement|joy|love|neutral
2787,2,anger,0|3|11|14|15,admiration|annoyance|disgust|fear|gratitude
2788,0|18|26,admiration|love|surprise,0|2|4|7|11|25|27,admiration|anger|approval|curiosity|disgust|sadness|neutral
2789,27,neutral,0|1|2|5|13|18|20|25|26|27,admiration|amusement|anger|caring|excitement|love|optimism|sadness|surprise|neutral
2790,4,approval,2|4|6|7|8|15,anger|approval|confusion|curiosity|desire|gratitude
2791,4,approval,0|4|7|18|20|26,admiration|approval|curiosity|love|optimism|surprise
2792,27,neutral,1|3|4|20|22,amusement|annoyance|approval|optimism|realization
2793,27,neutral,5|7|8|13|14|15|17|22|27,caring|curiosity|desire|excitement|fear|gratitude|joy|realization|neutral
2794,27,neutral,2|4|10|11|13|17|26|27,anger|approval|disapproval|disgust|excitement|joy|surprise|neutral
2795,15,gratitude,2|6|13|17|24,anger|confusion|excitement|joy|remorse
2796,24,remorse,1|2|3|7|8|9|12|27,amusement|anger|annoyance|curiosity|desire|disappointment|embarrassment|neutral
2797,3,annoyance,2|3|4|6|10|18|20|22|24,anger|annoyance|approval|confusion|disapproval|love|optimism|realization|remorse
2798,27,neutral,3|8|11|13,annoyance|desire|disgust|excitement
2799,1,amusement,4|7|9|20|25,approval|curiosity|disappointment|optimism|sadness
2800,17,joy,0|2|4|9|15,admiration|anger|approval|disappointment|gratitude
2801,27,neutral,5|7|15|20|25|26,caring|curiosity|gratitude|optimism|sadness|surprise
2802,3|27,annoyance|neutral,0|3|4|6|13|20,admiration|annoyance|approval|confusion|excitement|optimism
2803,4,approval,0|1|3|8|17|18|20|25,admiration|amusement|annoyance|desire|joy|love|optimism|sadness
2804,6|7,confusion|curiosity,2|4|5|6|9|14|27,anger|approval|caring|confusion|disappointment|fear|neutral
2805,6,confusion,0|1|3|10|13|17|25|27,admiration|amusement|annoyance|disapproval|excitement|joy|sadness|neutral
2806,0|22,admiration|realization,4|5|9|11|15|18|22|25|27,approval|caring|disappointment|disgust|gratitude|love|realization|sadness|neutral
2807,10,disapproval,6|8|9|10|11|19|22|27,confusion|desire|disappointment|disapproval|disgust|nervousness|realization|neutral
2808,4,approval,1|4|9|18|20|25|26|27,amusement|approval|disappointment|love|optimism|sadness|surprise|neutral
2809,2,anger,2|3|5|6|17|18|22|26,anger|annoyance|caring|confusion|joy|love|realization|surprise
2810,1,amusement,3|8|11|13|15|18,annoyance|desire|disgust|excitement|gratitude|love
2811,27,neutral,3|4|6|7|9|10|15|27,annoyance|approval|confusion|curiosity|disappointment|disapproval|gratitude|neutral
2812,15|20,gratitude|optimism,0|5|8|10|25|27,admiration|caring|desire|disapproval|sadness|neutral
2813,3,annoyance,2|8|15|17|27,anger|desire|gratitude|joy|neutral
2814,3,annoyance,4|5|8|13|20|27,approval|caring|desire|excitement|optimism|neutral
2815,23,relief,0|2|13|15|20|27,admiration|anger|excitement|gratitude|optimism|neutral
2816,27,neutral,0|5|6|15|17|18|20|27,admiration|caring|confusion|gratitude|joy|love|optimism|neutral
2817,27,neutral,2|3|6|11|22,anger|annoyance|confusion|disgust|realization
2818,9|25,disappointment|sadness,7|10|15|22|25,curiosity|disapproval|gratitude|realization|sadness
2819,4,approval,1|3|4|10|13|14|15|18,amusement|annoyance|approval|disapproval|excitement|fear|gratitude|love
2820,1,amusement,1|2|4|9|10|15|25,amusement|anger|approval|disappointment|disapproval|gratitude|sadness
2821,2|3,anger|annoyance,4|6|17|18,approval|confusion|joy|love
2822,0,admiration,0|1|2|8|9|15|18|20|24|25|26,admiration|amusement|anger|desire|disappointment|gratitude|love|optimism|remorse|sadness|surprise
2823,3|27,annoyance|neutral,0|3|4|5|20|25|27,admiration|annoyance|approval|caring|optimism|sadness|neutral
2824,10,disapproval,3|13|17|18|25|26,annoyance|excitement|joy|love|sadness|surprise
2825,27,neutral,1|2|3|11|20|24,amusement|anger|annoyance|disgust|optimism|remorse
2826,17,joy,0|10|17|27,admiration|disapproval|joy|neutral
2827,4|25,approval|sadness,0|2|3|6|11|18|27,admiration|anger|annoyance|confusion|disgust|love|neutral
2828,13,excitement,3|7|15|22,annoyance|curiosity|gratitude|realization
2829,4,approval,2|7|9|14|15|20|27,anger|curiosity|disappointment|fear|gratitude|optimism|neutral
2830,15,gratitude,0|1|4|5|7|27,admiration|amusement|approval|caring|curiosity|neutral
2831,22,realization,3|7|8|15|18|20|26,annoyance|curiosity|desire|gratitude|love|optimism|surprise
2832,4,approval,2|3|5|6|17|20,anger|annoyance|caring|confusion|joy|optimism
2833,22,realization,15|26|27,gratitude|surprise|neutral
2834,4|15,approval|gratitude,0|4|6|9|10|13|15|20|24|25|27,admiration|approval|confusion|disappointment|disapproval|excitement|gratitude|optimism|remorse|sadness|neutral
2835,27,neutral,0|1|5|9|25,admiration|amusement|caring|disappointment|sadness
2836,27,neutral,3|4|6|7|11|13|17|26,annoyance|approval|confusion|curiosity|disgust|excitement|joy|surprise
2837,27,neutral,3|5|7|8|11|15|27,annoyance|caring|curiosity|desire|disgust|gratitude|neutral
2838,18,love,2|3|6|9|15|18,anger|annoyance|confusion|disappointment|gratitude|love
2839,27,neutral,3|6|18|25,annoyance|confusion|love|sadness
2840,3|27,annoyance|neutral,0|4|5|7|8|13|15|17|24|25|26,admiration|approval|caring|curiosity|desire|excitement|gratitude|joy|remorse|sadness|surprise
2841,27,neutral,3|4|6|7|8|10|13|22|27,annoyance|approval|confusion|curiosity|desire|disapproval|excitement|realization|neutral
2842,11,disgust,0|2|4|7|10|14|18|27,admiration|anger|approval|curiosity|disapproval|fear|love|neutral
2843,9,disappointment,4|10|20|26|27,approval|disapproval|optimism|surprise|neutral
2844,14,fear,6|13|18|26,confusion|excitement|love|surprise
2845,20,optimism,0|9|27,admiration|disappointment|neutral
2846,27,neutral,2|3|4|6|20|27,anger|annoyance|approval|confusion|optimism|neutral
2847,15,gratitude,6|14|15|27,confusion|fear|gratitude|neutral
2848,18,love,1|2|4|13|18|24|25|26,amusement|anger|approval|excitement|love|remorse|sadness|surprise
2849,10,disapproval,0|1|3|4|8|15|18|20|26,admiration|amusement|annoyance|approval|desire|gratitude|love|optimism|surprise
2850,18,love,0|1|4|6|9|18|20|22,admiration|amusement|approval|confusion|disappointment|love|optimism|realization
2851,27,neutral,0|4|6|8|27,admiration|approval|confusion|desire|neutral
2852,4,approval,0|3|8|27,admiration|annoyance|desire|neutral
2853,27,neutral,1|3|4|9|19|20,amusement|annoyance|approval|disappointment|nervousness|optimism
2854,7,curiosity,3|4|7|9|11|14|25,annoyance|approval|curiosity|disappointment|disgust|fear|sadness
2855,15,gratitude,4|5|6|7|9|15|17|22|25|26,approval|caring|confusion|curiosity|disappointment|gratitude|joy|realization|sadness|surprise
2856,0,admiration,0|2|3|7|17|22|25|26|27,admiration|anger|annoyance|curiosity|joy|realization|sadness|surprise|neutral
2857,14,fear,1|2|6|10|11|12|15,amusement|anger|confusion|disapproval|disgust|embarrassment|gratitude
2858,27,neutral,0|1|3|5|10|20|27,admiration|amusement|annoyance|caring|disapproval|optimism|neutral
2859,13,excitement,1|2|4|5|15|24|27,amusement|anger|approval|caring|gratitude|remorse|neutral
2860,14|19,fear|nervousness,1|2|14|20|26,amusement|anger|fear|optimism|surprise
2861,4,approval,0|2|4|8|9|18|25|27,admiration|anger|approval|desire|disappointment|love|sadness|neutral
2862,0,admiration,3|4|7|13,annoyance|approval|curiosity|excitement
2863,4,approval,4|7|20|25|27,approval|curiosity|optimism|sadness|neutral
2864,27,neutral,0|1|2|3|7|15|20|27,admiration|amusement|anger|annoyance|curiosity|gratitude|optimism|neutral
2865,14,fear,6|7,confusion|curiosity
2866,1,amusement,0|2|7|12|15|18|20|26,admiration|anger|curiosity|embarrassment|gratitude|love|optimism|surprise
2867,27,neutral,2|9|15|22|26|27,anger|disappointment|gratitude|realization|surprise|neutral
2868,4|20,approval|optimism,0|2|4|6|7|8|10|13|14,admiration|anger|approval|confusion|curiosity|desire|disapproval|excitement|fear
2869,10,disapproval,0|1|4|8|20|22|25|27,admiration|amusement|approval|desire|optimism|realization|sadness|neutral
2870,0,admiration,0|2|3|7|10|15,admiration|anger|annoyance|curiosity|disapproval|gratitude
2871,17|18,joy|love,1|2|6|10|25|27,amusement|anger|confusion|disapproval|sadness|neutral
2872,27,neutral,2|3|7|11|15|20|27,anger|annoyance|curiosity|disgust|gratitude|optimism|neutral
2873,25,sadness,1|2|6|10|13|17|27,amusement|anger|confusion|disapproval|excitement|joy|neutral
2874,14,fear,3|4|17|18,annoyance|approval|joy|love
2875,26,surprise,1|2|3|6|7|10|18|20|22|25|27,amusement|anger|annoyance|confusion|curiosity|disapproval|love|optimism|realization|sadness|neutral
2876,27,neutral,0|1|3|4|22|24|27,admiration|amusement|annoyance|approval|realization|remorse|neutral
2877,25,sadness,1|3|5|6|9|15|20|25,amusement|annoyance|caring|confusion|disappointment|gratitude|optimism|sadness
2878,27,neutral,10|11|12|13|21,disapproval|disgust|embarrassment|excitement|pride
2879,17,joy,6|11|17|18,confusion|disgust|joy|love
2880,3|7,annoyance|curiosity,3|6|8|10|20|25|27,annoyance|confusion|desire|disapproval|optimism|sadness|neutral
2881,27,neutral,0|4|18,admiration|approval|love
2882,3,annoyance,0|1|3|7|17|18|20|24,admiration|amusement|annoyance|curiosity|joy|love|optimism|remorse
2883,27,neutral,0|1|7|27,admiration|amusement|curiosity|neutral
2884,2|3,anger|annoyance,5|8|11|17|25|27,caring|desire|disgust|joy|sadness|neutral
2885,27,neutral,1|7|9|10|17|18|20|22|27,amusement|curiosity|disappointment|disapproval|joy|love|optimism|realization|neutral
2886,3,annoyance,0|2|3|4|6|13,admiration|anger|annoyance|approval|confusion|excitement
2887,27,neutral,0|7|13|15|20,admiration|curiosity|excitement|gratitude|optimism
2888,0,admiration,1|7|13|17|27,amusement|curiosity|excitement|joy|neutral
2889,9|26,disappointment|surprise,0|4|5|8|18,admiration|approval|caring|desire|love
2890,4|8|20,approval|desire|optimism,4|11|14|22|26|27,approval|disgust|fear|realization|surprise|neutral
2891,27,neutral,6|7|9|18|22|25|27,confusion|curiosity|disappointment|love|realization|sadness|neutral
2892,18,love,0|1|6|10|14|15,admiration|amusement|confusion|disapproval|fear|gratitude
2893,17,joy,0|3|10|15|25|27,admiration|annoyance|disapproval|gratitude|sadness|neutral
2894,27,neutral,5|8|9|11|14|22|27,caring|desire|disappointment|disgust|fear|realization|neutral
2895,5|27,caring|neutral,0|1|2|8|13|25|26|27,admiration|amusement|anger|desire|excitement|sadness|surprise|neutral
2896,4|21,approval|pride,3|4|18|25|26|27,annoyance|approval|love|sadness|surprise|neutral
2897,13|15,excitement|gratitude,0|1|7|14|27,admiration|amusement|curiosity|fear|neutral
2898,27,neutral,1|4|7|15|27,amusement|approval|curiosity|gratitude|neutral
2899,27,neutral,15|27,gratitude|neutral
2900,18,love,0|6|7|8|9|15|18|22|24|25,admiration|confusion|curiosity|desire|disappointment|gratitude|love|realization|remorse|sadness
2901,6,confusion,3|11|14|15|26,annoyance|disgust|fear|gratitude|surprise
2902,25,sadness,6|15|26,confusion|gratitude|surprise
2903,27,neutral,1|7|10|18|25,amusement|curiosity|disapproval|love|sadness
2904,1,amusement,0|2|3|4|6|8|17|18|25,admiration|anger|annoyance|approval|confusion|desire|joy|love|sadness
2905,4,approval,0|2|13|15|24|26,admiration|anger|excitement|gratitude|remorse|surprise
2906,5|6,caring|confusion,0|1|3|9|22|26,admiration|amusement|annoyance|disappointment|realization|surprise
2907,25,sadness,10|13|18|27,disapproval|excitement|love|neutral
2908,0|17,admiration|joy,5|15|20|27,caring|gratitude|optimism|neutral
2909,27,neutral,7|14|15|18|25|27,curiosity|fear|gratitude|love|sadness|neutral
2910,27,neutral,2|7|11|25|26|27,anger|curiosity|disgust|sadness|surprise|neutral
2911,7,curiosity,0|3|5|10|13|27,admiration|annoyance|caring|disapproval|excitement|neutral
2912,26,surprise,0|2|10|26|27,admiration|anger|disapproval|surprise|neutral
2913,0,admiration,4|11|17|18|20|27,approval|disgust|joy|love|optimism|neutral
2914,0,admiration,0|1|2|3|4|15|18|22|26,admiration|amusement|anger|annoyance|approval|gratitude|love|realization|surprise
2915,0,admiration,0|2|3|7|10|22|23,admiration|anger|annoyance|curiosity|disapproval|realization|relief
2916,27,neutral,0|3|5|6|7|17|27,admiration|annoyance|caring|confusion|curiosity|joy|neutral
2917,27,neutral,2|5|10|25|27,anger|caring|disapproval|sadness|neutral
2918,27,neutral,1|5|10|13|14,amusement|caring|disapproval|excitement|fear
2919,10,disapproval,1|2|8|9|15|17|22,amusement|anger|desire|disappointment|gratitude|joy|realization
2920,27,neutral,0|4|5|18|27,admiration|approval|caring|love|neutral
2921,15,gratitude,0|1|2|8|9|15|27,admiration|amusement|anger|desire|disappointment|gratitude|neutral
2922,27,neutral,1|5|7|10,amusement|caring|curiosity|disapproval
2923,0,admiration,0|1|3|4|27,admiration|amusement|annoyance|approval|neutral
2924,27,neutral,3|10|13|15|18|25|27,annoyance|disapproval|excitement|gratitude|love|sadness|neutral
2925,2,anger,0|3|7|20,admiration|annoyance|curiosity|optimism
2926,2,anger,0|4|17,admiration|approval|joy
2927,5|27,caring|neutral,1|3|6|7|27,amusement|annoyance|confusion|curiosity|neutral
2928,5,caring,0|1|9|10,admiration|amusement|disappointment|disapproval
2929,1,amusement,2|7|11|22|26,anger|curiosity|disgust|realization|surprise
2930,27,neutral,0|1|5|7|15|20|22,admiration|amusement|caring|curiosity|gratitude|optimism|realization
2931,4|13,approval|excitement,0|3|10|11,admiration|annoyance|disapproval|disgust
2932,7,curiosity,2|6|7|10|18|25,anger|confusion|curiosity|disapproval|love|sadness
2933,4,approval,0|1|4|14|17,admiration|amusement|approval|fear|joy
2934,27,neutral,1|3|4|5|13,amusement|annoyance|approval|caring|excitement
2935,1,amusement,1|20|22|27,amusement|optimism|realization|neutral
2936,10,disapproval,0|2|5|10|13|15|18|22|27,admiration|anger|caring|disapproval|excitement|gratitude|love|realization|neutral
2937,0|7,admiration|curiosity,0|1|3|4|14|15|27,admiration|amusement|annoyance|approval|fear|gratitude|neutral
2938,4,approval,1|2|10|25|27,amusement|anger|disapproval|sadness|neutral
2939,27,neutral,1|3|4|6|7|8|15|20|24,amusement|annoyance|approval|confusion|curiosity|desire|gratitude|optimism|remorse
2940,1,amusement,8|11|18,desire|disgust|love
2941,22,realization,4|6|12|17|18|25,approval|confusion|embarrassment|joy|love|sadness
2942,25,sadness,0|27,admiration|neutral
2943,3,annoyance,3|4|5|9|10|24|27,annoyance|approval|caring|disappointment|disapproval|remorse|neutral
2944,0,admiration,6|8|9|22|25|26|27,confusion|desire|disappointment|realization|sadness|surprise|neutral
2945,27,neutral,0|1|2|3|11|13|17|27,admiration|amusement|anger|annoyance|disgust|excitement|joy|neutral
2946,1|10,amusement|disapproval,1|4|5|13|14|18|25,amusement|approval|caring|excitement|fear|love|sadness
2947,10,disapproval,1|14|18|20|21|25|27,amusement|fear|love|optimism|pride|sadness|neutral
2948,27,neutral,4|8|9|10|13|25|27,approval|desire|disappointment|disapproval|excitement|sadness|neutral
2949,27,neutral,5|9|15|20|22|25,caring|disappointment|gratitude|optimism|realization|sadness
2950,27,neutral,2|6|9|10|15|18|20|26,anger|confusion|disappointment|disapproval|gratitude|love|optimism|surprise
2951,27,neutral,3|4|5|7|9|17|20|22,annoyance|approval|caring|curiosity|disappointment|joy|optimism|realization
2952,17,joy,3|5|6|10|22|25,annoyance|caring|confusion|disapproval|realization|sadness
2953,25,sadness,0|6|8|11,admiration|confusion|desire|disgust
2954,0,admiration,2|4|8|11|17,anger|approval|desire|disgust|joy
2955,27,neutral,1|2|4|5|10|14|15|27,amusement|anger|approval|caring|disapproval|fear|gratitude|neutral
2956,4,approval,0|2|3|11|25|26,admiration|anger|annoyance|disgust|sadness|surprise
2957,7,curiosity,4|8|9|11|25,approval|desire|disappointment|disgust|sadness
2958,8,desire,1|2|3|4|10|11|14|17|24|27,amusement|anger|annoyance|approval|disapproval|disgust|fear|joy|remorse|neutral
2959,5,caring,0|2|7|20|22,admiration|anger|curiosity|optimism|realization
2960,27,neutral,4|6|13|18|26,approval|confusion|excitement|love|surprise
2961,7,curiosity,2|10|11|18|27,anger|disapproval|disgust|love|neutral
2962,4,approval,1|5|7|8|13|26,amusement|caring|curiosity|desire|excitement|surprise
2963,5,caring,1|2|3|4|5|14|20|25|26|27,amusement|anger|annoyance|approval|caring|fear|optimism|sadness|surprise|neutral
2964,23,relief,7|10|18|26|27,curiosity|disapproval|love|surprise|neutral
2965,12,embarrassment,1|2|4|10|13|15|27,amusement|anger|approval|disapproval|excitement|gratitude|neutral
2966,13,excitement,0|4|5|8|13|20|22|25|27,admiration|approval|caring|desire|excitement|optimism|realization|sadness|neutral
2967,1,amusement,0|2|3|4|6|15|27,admiration|anger|annoyance|approval|confusion|gratitude|neutral
2968,17,joy,0|3|10|14,admiration|annoyance|disapproval|fear
2969,2,anger,2|7|17|25,anger|curiosity|joy|sadness
2970,27,neutral,0|2|3|10|15|22,admiration|anger|annoyance|disapproval|gratitude|realization
2971,15,gratitude,0|2|4|7|8|10|17|18|20|22|27,admiration|anger|approval|curiosity|desire|disapproval|joy|love|optimism|realization|neutral
2972,7,curiosity,2|4|18|25,anger|approval|love|sadness
2973,3|11,annoyance|disgust,0|3|7|18|26|27,admiration|annoyance|curiosity|love|surprise|neutral
2974,27,neutral,1|4|11|20|26,amusement|approval|disgust|optimism|surprise
2975,27,neutral,13|14|15|22|26|27,excitement|fear|gratitude|realization|surprise|neutral
2976,14,fear,3|4|7|15|26,annoyance|approval|curiosity|gratitude|surprise
2977,1,amusement,7|9|10|13|15|17|18|20|22,curiosity|disappointment|disapproval|excitement|gratitude|joy|love|optimism|realization
2978,27,neutral,2|13|17|26|27,anger|excitement|joy|surprise|neutral
2979,9,disappointment,0|5|7|13|15|18|25|26,admiration|caring|curiosity|excitement|gratitude|love|sadness|surprise
2980,15,gratitude,0|3|6|9|10|15|17|20,admiration|annoyance|confusion|disappointment|disapproval|gratitude|joy|optimism
2981,27,neutral,1|2|7|9|13|15,amusement|anger|curiosity|disappointment|excitement|gratitude
2982,27,neutral,0|1|2|10|15|17,admiration|amusement|anger|disapproval|gratitude|joy
2983,5|25,caring|sadness,2|3|5|8|9|11|12|15|27,anger|annoyance|caring|desire|disappointment|disgust|embarrassment|gratitude|neutral
2984,4,approval,0|1|5|7|17|20|22,admiration|amusement|caring|curiosity|joy|optimism|realization
2985,15,gratitude,0|4|5|6|22,admiration|approval|caring|confusion|realization
2986,0,admiration,4|9|17|18|22,approval|disappointment|joy|love|realization
2987,0,admiration,3|4|15|17|18,annoyance|approval|gratitude|joy|love
2988,20,optimism,5|17|20|22,caring|joy|optimism|realization
2989,0|15,admiration|gratitude,0|1|7|10|18|24,admiration|amusement|curiosity|disapproval|love|remorse
2990,3,annoyance,3|4|5|6|10|20|27,annoyance|approval|caring|confusion|disapproval|optimism|neutral
2991,27,neutral,0|1|7|18,admiration|amusement|curiosity|love
2992,10,disapproval,1|3|6|7|13|15|18|20|22,amusement|annoyance|confusion|curiosity|excitement|gratitude|love|optimism|realization
2993,0|18,admiration|love,2|7|11|17|18|20|25,anger|curiosity|disgust|joy|love|optimism|sadness
2994,4,approval,4|5|7|10|20|25|27,approval|caring|curiosity|disapproval|optimism|sadness|neutral
2995,25,sadness,2|7|13|17|26,anger|curiosity|excitement|joy|surprise
2996,3,annoyance,0|4|6|7|10|11,admiration|approval|confusion|curiosity|disapproval|disgust
2997,20,optimism,0|3|4|7|9|18|27,admiration|annoyance|approval|curiosity|disappointment|love|neutral
2998,17,joy,6|7|11|22|27,confusion|curiosity|disgust|realization|neutral
2999,9,disappointment,0|2|4|7|22|27,admiration|anger|approval|curiosity|realization|neutral
3000,12|27,embarrassment|neutral,0|1|4|7|8|11|18|20|26,admiration|amusement|approval|curiosity|desire|disgust|love|optimism|surprise
3001,6,confusion,11|18|22|27,disgust|love|realization|neutral
3002,27,neutral,2|9|18,anger|disappointment|love
3003,0|15,admiration|gratitude,1|7|15|18,amusement|curiosity|gratitude|love
3004,4,approval,0|3|4|5|22|27,admiration|annoyance|approval|caring|realization|neutral
3005,27,neutral,3|13|14|17|20|27,annoyance|excitement|fear|joy|optimism|neutral
3006,27,neutral,0|2|6|9|14,admiration|anger|confusion|disappointment|fear
3007,0,admiration,0|4|6|10|11|22|24|26|27,admiration|approval|confusion|disapproval|disgust|realization|remorse|surprise|neutral
3008,5,caring,3|4|7|13|22|24|27,annoyance|approval|curiosity|excitement|realization|remorse|neutral
3009,27,neutral,0|7|9|13|19|22|26,admiration|curiosity|disappointment|excitement|nervousness|realization|surprise
3010,6,confusion,2|3|10|15|20|24|27,anger|annoyance|disapproval|gratitude|optimism|remorse|neutral
3011,2,anger,4|7|10|13|18,approval|curiosity|disapproval|excitement|love
3012,3|14,annoyance|fear,1|14|15|20|27,amusement|fear|gratitude|optimism|neutral
3013,3,annoyance,0|1|10|22|24|26,admiration|amusement|disapproval|realization|remorse|surprise
3014,2,anger,7|8|15,curiosity|desire|gratitude
3015,8,desire,0|4|7|9|13|15|17|22|27,admiration|approval|curiosity|disappointment|excitement|gratitude|joy|realization|neutral
3016,26,surprise,0|4|8|13|18|25|27,admiration|approval|desire|excitement|love|sadness|neutral
3017,6|7|27,confusion|curiosity|neutral,0|1|18|25|27,admiration|amusement|love|sadness|neutral
3018,27,neutral,1|8|17|27,amusement|desire|joy|neutral
3019,4,approval,4|6|9|13|14|17|25,approval|confusion|disappointment|excitement|fear|joy|sadness
3020,13,excitement,0|3|10|18|25|27,admiration|annoyance|disapproval|love|sadness|neutral
3021,18,love,0|1|2|7|9|17|20|25|27,admiration|amusement|anger|curiosity|disappointment|joy|optimism|sadness|neutral
3022,4,approval,1|7|15|27,amusement|curiosity|gratitude|neutral
3023,0,admiration,2|9|11|17|18|27,anger|disappointment|disgust|joy|love|neutral
3024,7,curiosity,5|6|9|10|13|17,caring|confusion|disappointment|disapproval|excitement|joy
3025,6,confusion,0|1|3|6|17|20|25,admiration|amusement|annoyance|confusion|joy|optimism|sadness
3026,18,love,2|4|5|7|9|10|13|14|18|22,anger|approval|caring|curiosity|disappointment|disapproval|excitement|fear|love|realization
3027,27,neutral,4|6|10|25|27,approval|confusion|disapproval|sadness|neutral
3028,27,neutral,7|14|20|27,curiosity|fear|optimism|neutral
3029,27,neutral,2|4|11|13|14|15|20|25|27,anger|approval|disgust|excitement|fear|gratitude|optimism|sadness|neutral
3030,1,amusement,1|2|10|18|20|22|27,amusement|anger|disapproval|love|optimism|realization|neutral
3031,27,neutral,0|5|7|10,admiration|caring|curiosity|disapproval
3032,7,curiosity,1|4|7|15|17|26|27,amusement|approval|curiosity|gratitude|joy|surprise|neutral
3033,27,neutral,1|3|4|9|24|26|27,amusement|annoyance|approval|disappointment|remorse|surprise|neutral
3034,10,disapproval,7|15|17|18|22,curiosity|gratitude|joy|love|realization
3035,9|25,disappointment|sadness,2|3|4|5|6|7|13|17|18|20|22|26,anger|annoyance|approval|caring|confusion|curiosity|excitement|joy|love|optimism|realization|surprise
3036,3,annoyance,0|6|15|20|22|27,admiration|confusion|gratitude|optimism|realization|neutral
3037,4|15,approval|gratitude,3|6|10|11|17|18|24|26|27,annoyance|confusion|disapproval|disgust|joy|love|remorse|surprise|neutral
3038,24|25,remorse|sadness,0|1|7|10|12|15|18|24,admiration|amusement|curiosity|disapproval|embarrassment|gratitude|love|remorse
3039,4,approval,0|2|6|8|9|15|26|27,admiration|anger|confusion|desire|disappointment|gratitude|surprise|neutral
3040,14|27,fear|neutral,3|9|10,annoyance|disappointment|disapproval
3041,27,neutral,3|6|7|10|11|13|15|17|22,annoyance|confusion|curiosity|disapproval|disgust|excitement|gratitude|joy|realization
3042,13,excitement,0|4|6|26|27,admiration|approval|confusion|surprise|neutral
3043,27,neutral,1|2|10|14|22|27,amusement|anger|disapproval|fear|realization|neutral
3044,27,neutral,0|1|5|6|7|13|17|19|25|27,admiration|amusement|caring|confusion|curiosity|excitement|joy|nervousness|sadness|neutral
3045,0,admiration,10|11|14|15|22|25|26,disapproval|disgust|fear|gratitude|realization|sadness|surprise
3046,0|7,admiration|curiosity,3|4|6|7|15|20|26,annoyance|approval|confusion|curiosity|gratitude|optimism|surprise
3047,27,neutral,6|7|9|10|13|18|21|27,confusion|curiosity|disappointment|disapproval|excitement|love|pride|neutral
3048,10|27,disapproval|neutral,3|5|8|9|11|14|17,annoyance|caring|desire|disappointment|disgust|fear|joy
3049,18,love,2|4|7|9|11|20,anger|approval|curiosity|disappointment|disgust|optimism
3050,27,neutral,0|6|15|25,admiration|confusion|gratitude|sadness
3051,27,neutral,0|1|3|18|20|22|25|26,admiration|amusement|annoyance|love|optimism|realization|sadness|surprise
3052,15,gratitude,3|6|7|10|18,annoyance|confusion|curiosity|disapproval|love
3053,3|27,annoyance|neutral,0|6|7|9|10|13|26,admiration|confusion|curiosity|disappointment|disapproval|excitement|surprise
3054,1,amusement,4|6|7|22|27,approval|confusion|curiosity|realization|neutral
3055,27,neutral,0|2|9|15|18,admiration|anger|disappointment|gratitude|love
3056,10,disapproval,1|2|6|13|15|18,amusement|anger|confusion|excitement|gratitude|love
3057,0,admiration,7|8|10|12|15|18|27,curiosity|desire|disapproval|embarrassment|gratitude|love|neutral
3058,27,neutral,7|10|15|26,curiosity|disapproval|gratitude|surprise
3059,4,approval,0|1|4|6|7|15|17|18|25,admiration|amusement|approval|confusion|curiosity|gratitude|joy|love|sadness
3060,0|11|14,admiration|disgust|fear,1|5|8|15|18|20,amusement|caring|desire|gratitude|love|optimism
3061,15,gratitude,0|1|7|10|18|20|25|26,admiration|amusement|curiosity|disapproval|love|optimism|sadness|surprise
3062,25,sadness,1|9|13|27,amusement|disappointment|excitement|neutral
3063,25|27,sadness|neutral,0|3|7|20|25|26|27,admiration|annoyance|curiosity|optimism|sadness|surprise|neutral
3064,4|23,approval|relief,2|5|14,anger|caring|fear
3065,2|3|27,anger|annoyance|neutral,1|4|5|8|20|27,amusement|approval|caring|desire|optimism|neutral
3066,22,realization,0|4|9|12|16|17|22|25|27,admiration|approval|disappointment|embarrassment|grief|joy|realization|sadness|neutral
3067,0|26,admiration|surprise,3|5|6|8|12|15|18|20,annoyance|caring|confusion|desire|embarrassment|gratitude|love|optimism
3068,2,anger,6|7|9|14|25|27,confusion|curiosity|disappointment|fear|sadness|neutral
3069,0,admiration,1|15|18|20|25,amusement|gratitude|love|optimism|sadness
3070,18,love,2|5|10|11|13|14|17|18|22|24,anger|caring|disapproval|disgust|excitement|fear|joy|love|realization|remorse
3071,27,neutral,0|2|5|6|7|8|9|20|25|26,admiration|anger|caring|confusion|curiosity|desire|disappointment|optimism|sadness|surprise
3072,27,neutral,0|2|18,admiration|anger|love
3073,27,neutral,1|2|11|15|20,amusement|anger|disgust|gratitude|optimism
3074,0,admiration,6|7|9|10|15|20|22,confusion|curiosity|disappointment|disapproval|gratitude|optimism|realization
3075,27,neutral,0|4|10|22|24|27,admiration|approval|disapproval|realization|remorse|neutral
3076,27,neutral,3|5|7|9|11|13|14|17|26,annoyance|caring|curiosity|disappointment|disgust|excitement|fear|joy|surprise
3077,18,love,4|6|7|24|25|27,approval|confusion|curiosity|remorse|sadness|neutral
3078,2|3,anger|annoyance,2|10|17,anger|disapproval|joy
3079,27,neutral,7|9|18|22|25|26|27,curiosity|disappointment|love|realization|sadness|surprise|neutral
3080,26,surprise,8|10|11|12|13|20|25|26|27,desire|disapproval|disgust|embarrassment|excitement|optimism|sadness|surprise|neutral
3081,15,gratitude,1|3|9|11|15|25|26|27,amusement|annoyance|disappointment|disgust|gratitude|sadness|surprise|neutral
3082,0|4,admiration|approval,4|6|8|13|17,approval|confusion|desire|excitement|joy
3083,17,joy,0|5|6|7|10|13|19|25,admiration|caring|confusion|curiosity|disapproval|excitement|nervousness|sadness
3084,27,neutral,4|11|15|18|25,approval|disgust|gratitude|love|sadness
3085,15,gratitude,4|6|7|8|10|13|15|17|18|22|25,approval|confusion|curiosity|desire|disapproval|excitement|gratitude|joy|love|realization|sadness
3086,27,neutral,0|2|7|9|11|22,admiration|anger|curiosity|disappointment|disgust|realization
3087,3,annoyance,0|3|4|7|9|15|17|27,admiration|annoyance|approval|curiosity|disappointment|gratitude|joy|neutral
3088,13|25,excitement|sadness,0|1|7|10|11|18|22|26,admiration|amusement|curiosity|disapproval|disgust|love|realization|surprise
3089,27,neutral,0|2|3|4|10|11|14|15|18|20|25|26,admiration|anger|annoyance|approval|disapproval|disgust|fear|gratitude|love|optimism|sadness|surprise
3090,10,disapproval,0|5|7|8|9|18,admiration|caring|curiosity|desire|disappointment|love
3091,27,neutral,4|5|7|8|15|20|27,approval|caring|curiosity|desire|gratitude|optimism|neutral
3092,17,joy,0|4|7|10|11|24,admiration|approval|curiosity|disapproval|disgust|remorse
3093,9,disappointment,4|10|14|15|18|26,approval|disapproval|fear|gratitude|love|surprise
3094,15,gratitude,1|10|20|27,amusement|disapproval|optimism|neutral
3095,27,neutral,1|5|15|17,amusement|caring|gratitude|joy
3096,9,disappointment,0|1|2|10|13|17,admiration|amusement|anger|disapproval|excitement|joy
3097,27,neutral,5|11|13|17,caring|disgust|excitement|joy
3098,27,neutral,1|2|3|7,amusement|anger|annoyance|curiosity
3099,27,neutral,9|10|11|15|25|27,disappointment|disapproval|disgust|gratitude|sadness|neutral
3100,4,approval,1|9|10|11|17|18|24|26|27,amusement|disappointment|disapproval|disgust|joy|love|remorse|surprise|neutral
3101,27,neutral,1|3|7|10|15|17|18|24|27,amusement|annoyance|curiosity|disapproval|gratitude|joy|love|remorse|neutral
3102,5,caring,3|4|7|10|13|18|26|27,annoyance|approval|curiosity|disapproval|excitement|love|surprise|neutral
3103,7|13,curiosity|excitement,1|5|15|17|20,amusement|caring|gratitude|joy|optimism
3104,10,disapproval,4|6|10|14|22|27,approval|confusion|disapproval|fear|realization|neutral
3105,13,excitement,1|3|10|11|19|20|22,amusement|annoyance|disapproval|disgust|nervousness|optimism|realization
3106,17,joy,1|4|7|9|15|26|27,amusement|approval|curiosity|disappointment|gratitude|surprise|neutral
3107,27,neutral,2|4|6|8|10|11|15|17|18|25,anger|approval|confusion|desire|disapproval|disgust|gratitude|joy|love|sadness
3108,27,neutral,3|4|5|7|8|11|15|17|18|25|27,annoyance|approval|caring|curiosity|desire|disgust|gratitude|joy|love|sadness|neutral
3109,27,neutral,4|5|25|27,approval|caring|sadness|neutral
3110,0|27,admiration|neutral,1|2|6|7|10|11|18|22,amusement|anger|confusion|curiosity|disapproval|disgust|love|realization
3111,2|15,anger|gratitude,2|7|15|17|26,anger|curiosity|gratitude|joy|surprise
3112,7,curiosity,3|5|7|12|15|22|27,annoyance|caring|curiosity|embarrassment|gratitude|realization|neutral
3113,15,gratitude,7|9|17|22|26|27,curiosity|disappointment|joy|realization|surprise|neutral
3114,0,admiration,6|7|10|15|17|18|20|25,confusion|curiosity|disapproval|gratitude|joy|love|optimism|sadness
3115,15,gratitude,1|5|9|17|20,amusement|caring|disappointment|joy|optimism
3116,10,disapproval,0|1|2|10|22|25,admiration|amusement|anger|disapproval|realization|sadness
3117,1,amusement,4|5|6|10|11|23|27,approval|caring|confusion|disapproval|disgust|relief|neutral
3118,27,neutral,0|1|2|3|4|7|9|11|13|14|20,admiration|amusement|anger|annoyance|approval|curiosity|disappointment|disgust|excitement|fear|optimism
3119,4,approval,2|3|9|10|13|17,anger|annoyance|disappointment|disapproval|excitement|joy
3120,27,neutral,0|1|4|8|10|11|14|18|26|27,admiration|amusement|approval|desire|disapproval|disgust|fear|love|surprise|neutral
3121,27,neutral,3|4|9|12|13|25,annoyance|approval|disappointment|embarrassment|excitement|sadness
3122,18,love,0|10|18|25,admiration|disapproval|love|sadness
3123,0|20,admiration|optimism,0|1|2|3|5|10|13|17,admiration|amusement|anger|annoyance|caring|disapproval|excitement|joy
3124,1|13,amusement|excitement,2|3|4|8|9|18|25,anger|annoyance|approval|desire|disappointment|love|sadness
3125,27,neutral,0|2|8|9|15|20|26|27,admiration|anger|desire|disappointment|gratitude|optimism|surprise|neutral
3126,27,neutral,1|2|5|6|8|10|11|15,amusement|anger|caring|confusion|desire|disapproval|disgust|gratitude
3127,27,neutral,0|4|7|11|22|26,admiration|approval|curiosity|disgust|realization|surprise
3128,27,neutral,0|3|6|10|17|20|27,admiration|annoyance|confusion|disapproval|joy|optimism|neutral
3129,2,anger,2|3|4|5|6|10|26,anger|annoyance|approval|caring|confusion|disapproval|surprise
3130,27,neutral,1|3|4|7|9|10|27,amusement|annoyance|approval|curiosity|disappointment|disapproval|neutral
3131,15,gratitude,7|11|17|25|27,curiosity|disgust|joy|sadness|neutral
3132,9,disappointment,0|1|2|5|9|22,admiration|amusement|anger|caring|disappointment|realization
3133,20|27,optimism|neutral,7|9|17|26|27,curiosity|disappointment|joy|surprise|neutral
3134,27,neutral,1|4|7|15,amusement|approval|curiosity|gratitude
3135,12,embarrassment,0|1|4|27,admiration|amusement|approval|neutral
3136,24,remorse,1|3|5|7|9|11|26,amusement|annoyance|caring|curiosity|disappointment|disgust|surprise
3137,27,neutral,4|6|7|11|14|26,approval|confusion|curiosity|disgust|fear|surprise
3138,25,sadness,4|6|10|14|20|22|27,approval|confusion|disapproval|fear|optimism|realization|neutral
3139,17,joy,1|2|4|5|8|9|15|18|26,amusement|anger|approval|caring|desire|disappointment|gratitude|love|surprise
3140,27,neutral,0|4|13|22|26|27,admiration|approval|excitement|realization|surprise|neutral
3141,3,annoyance,2|4|6|7|8|9|10|18|25|27,anger|approval|confusion|curiosity|desire|disappointment|disapproval|love|sadness|neutral
3142,0,admiration,2|3|4|15|20,anger|annoyance|approval|gratitude|optimism
3143,10,disapproval,1|7|10|11|15,amusement|curiosity|disapproval|disgust|gratitude
3144,27,neutral,1|5|7|11|15|17|22|26,amusement|caring|curiosity|disgust|gratitude|joy|realization|surprise
3145,27,neutral,1|6|7|25,amusement|confusion|curiosity|sadness
3146,7,curiosity,6|11|17|27,confusion|disgust|joy|neutral
3147,5,caring,4|7|10|13|18|27,approval|curiosity|disapproval|excitement|love|neutral
3148,1,amusement,1|4|10|11|23|27,amusement|approval|disapproval|disgust|relief|neutral
3149,27,neutral,2|3|4|8|10|11|27,anger|annoyance|approval|desire|disapproval|disgust|neutral
3150,7,curiosity,0|2|4,admiration|anger|approval
3151,1,amusement,0|1|3|4|10|12|15|22|27,admiration|amusement|annoyance|approval|disapproval|embarrassment|gratitude|realization|neutral
3152,27,neutral,0|3|4|6|7|11|13|22|25,admiration|annoyance|approval|confusion|curiosity|disgust|excitement|realization|sadness
3153,27,neutral,6|10|13|22|27,confusion|disapproval|excitement|realization|neutral
3154,0|27,admiration|neutral,0|3|4|7|10|18|20,admiration|annoyance|approval|curiosity|disapproval|love|optimism
3155,6,confusion,0|2|3|4|7|9|10|11|14|25,admiration|anger|annoyance|approval|curiosity|disappointment|disapproval|disgust|fear|sadness
3156,27,neutral,20|25|27,optimism|sadness|neutral
3157,0,admiration,2|3|10|17|18,anger|annoyance|disapproval|joy|love
3158,27,neutral,0|1|4|7|10|17|18,admiration|amusement|approval|curiosity|disapproval|joy|love
3159,9|25,disappointment|sadness,3|7|9|11|24|27,annoyance|curiosity|disappointment|disgust|remorse|neutral
3160,5|9,caring|disappointment,1|3|4|6|11|14|15|20|24,amusement|annoyance|approval|confusion|disgust|fear|gratitude|optimism|remorse
3161,3|7,annoyance|curiosity,0|10|11|27,admiration|disapproval|disgust|neutral
3162,8|18|25,desire|love|sadness,5|6|7|27,caring|confusion|curiosity|neutral
3163,20,optimism,1|4|9|11|18|27,amusement|approval|disappointment|disgust|love|neutral
3164,27,neutral,9|15|22|25|27,disappointment|gratitude|realization|sadness|neutral
3165,5,caring,0|2|4|5|7|11|13|20,admiration|anger|approval|caring|curiosity|disgust|excitement|optimism
3166,3|9,annoyance|disappointment,4|8|14|24|26|27,approval|desire|fear|remorse|surprise|neutral
3167,11,disgust,0|4|7|10|15|26,admiration|approval|curiosity|disapproval|gratitude|surprise
3168,27,neutral,3|5|9|15,annoyance|caring|disappointment|gratitude
3169,27,neutral,0|1|4|5|6|9|15|22|24|25,admiration|amusement|approval|caring|confusion|disappointment|gratitude|realization|remorse|sadness
3170,24,remorse,0|1|3|14|18|20|24|25|27,admiration|amusement|annoyance|fear|love|optimism|remorse|sadness|neutral
3171,27,neutral,6|10|17|18|22|27,confusion|disapproval|joy|love|realization|neutral
3172,0,admiration,0|4|6|7|20|25,admiration|approval|confusion|curiosity|optimism|sadness
3173,5|27,caring|neutral,2|3|5|15|17|22|26,anger|annoyance|caring|gratitude|joy|realization|surprise
3174,15,gratitude,5|6|7|15|17|18|20|25,caring|confusion|curiosity|gratitude|joy|love|optimism|sadness
3175,13|27,excitement|neutral,4|5|10|14|15|18|24,approval|caring|disapproval|fear|gratitude|love|remorse
3176,0|13|18|20,admiration|excitement|love|optimism,1|2|4|6|7|10|18|20,amusement|anger|approval|confusion|curiosity|disapproval|love|optimism
3177,27,neutral,4|6|10|18|27,approval|confusion|disapproval|love|neutral
3178,27,neutral,0|10|15|18|27,admiration|disapproval|gratitude|love|neutral
3179,10|27,disapproval|neutral,0|3|4|6|7|15|24,admiration|annoyance|approval|confusion|curiosity|gratitude|remorse
3180,27,neutral,0|1|2|7|13|18|25,admiration|amusement|anger|curiosity|excitement|love|sadness
3181,27,neutral,2|3|4|5|7|11|14|27,anger|annoyance|approval|caring|curiosity|disgust|fear|neutral
3182,10,disapproval,10|18,disapproval|love
3183,0,admiration,8|9|17|20|27,desire|disappointment|joy|optimism|neutral
3184,7|27,curiosity|neutral,4|7|15|27,approval|curiosity|gratitude|neutral
3185,4|5,approval|caring,0|5|7|9|18|26|27,admiration|caring|curiosity|disappointment|love|surprise|neutral
3186,0,admiration,0|1|2|9|15|22|26|27,admiration|amusement|anger|disappointment|gratitude|realization|surprise|neutral
3187,8,desire,1|2|5|8|15|18|22|24,amusement|anger|caring|desire|gratitude|love|realization|remorse
3188,27,neutral,0|5|10|13|15|17|24,admiration|caring|disapproval|excitement|gratitude|joy|remorse
3189,27,neutral,1|3|6|7|13|22|26|27,amusement|annoyance|confusion|curiosity|excitement|realization|surprise|neutral
3190,24|25,remorse|sadness,0|1|3|26,admiration|amusement|annoyance|surprise
3191,4|17,approval|joy,0|1|3|4|6|10|25,admiration|amusement|annoyance|approval|confusion|disapproval|sadness
3192,18,love,3|5|6|9|10|14|24|26,annoyance|caring|confusion|disappointment|disapproval|fear|remorse|surprise
3193,6|7,confusion|curiosity,2|4|8|11|13|15|20|22|27,anger|approval|desire|disgust|excitement|gratitude|optimism|realization|neutral
3194,27,neutral,0|4|8|13|14|17|20|27,admiration|approval|desire|excitement|fear|joy|optimism|neutral
3195,15,gratitude,2|5|6|15|17,anger|caring|confusion|gratitude|joy
3196,27,neutral,0|2|5|11|15|22|24|27,admiration|anger|caring|disgust|gratitude|realization|remorse|neutral
3197,10,disapproval,0|6|9|15|22|25|26,admiration|confusion|disappointment|gratitude|realization|sadness|surprise
3198,2|22,anger|realization,0|4|14|15|22,admiration|approval|fear|gratitude|realization
3199,27,neutral,0|3|17|20|22|24|25|27,admiration|annoyance|joy|optimism|realization|remorse|sadness|neutral
3200,27,neutral,3|11|17|19|22|27,annoyance|disgust|joy|nervousness|realization|neutral
3201,10,disapproval,0|3|4|5|11|15|17,admiration|annoyance|approval|caring|disgust|gratitude|joy
3202,3|6|7,annoyance|confusion|curiosity,1|5|6|9|18|27,amusement|caring|confusion|disappointment|love|neutral
3203,3,annoyance,0|6|12|14|15|27,admiration|confusion|embarrassment|fear|gratitude|neutral
3204,27,neutral,1|4|6|10|20|27,amusement|approval|confusion|disapproval|optimism|neutral
3205,15|18,gratitude|love,5|6|7|9|10|14|27,caring|confusion|curiosity|disappointment|disapproval|fear|neutral
3206,15,gratitude,0|2|5|6|8|9|15|18|25|27,admiration|anger|caring|confusion|desire|disappointment|gratitude|love|sadness|neutral
3207,4,approval,4|7|14|15|17|18,approval|curiosity|fear|gratitude|joy|love
3208,27,neutral,7|8|9|11|12|25|26|27,curiosity|desire|disappointment|disgust|embarrassment|sadness|surprise|neutral
3209,27,neutral,1|3|5|9|10|18|27,amusement|annoyance|caring|disappointment|disapproval|love|neutral
3210,2|3,anger|annoyance,0|4|7|8|27,admiration|approval|curiosity|desire|neutral
3211,27,neutral,0|1|7|11|26,admiration|amusement|curiosity|disgust|surprise
3212,27,neutral,1|2|3|7|9|27,amusement|anger|annoyance|curiosity|disappointment|neutral
3213,25,sadness,0|2|4|6|11|12|14|22,admiration|anger|approval|confusion|disgust|embarrassment|fear|realization
3214,18,love,4|11|18|27,approval|disgust|love|neutral
3215,27,neutral,1|4|6|11|25|27,amusement|approval|confusion|disgust|sadness|neutral
3216,2,anger,2|6|7|9|10|17|18|26|27,anger|confusion|curiosity|disappointment|disapproval|joy|love|surprise|neutral
3217,15,gratitude,0|5|6|15|18|24,admiration|caring|confusion|gratitude|love|remorse
3218,0,admiration,3|6|13|22,annoyance|confusion|excitement|realization
3219,2|3,anger|annoyance,1|3|14|20|25|27,amusement|annoyance|fear|optimism|sadness|neutral
3220,27,neutral,10|15,disapproval|gratitude
3221,25,sadness,3|4|8|13|17|20|22|26,annoyance|approval|desire|excitement|joy|optimism|realization|surprise
3222,27,neutral,0|2|3|5|6|15,admiration|anger|annoyance|caring|confusion|gratitude
3223,13,excitement,0|10|17|18|27,admiration|disapproval|joy|love|neutral
3224,27,neutral,0|1|3|7|14|15|20,admiration|amusement|annoyance|curiosity|fear|gratitude|optimism
3225,7,curiosity,4|7|15|22|24|27,approval|curiosity|gratitude|realization|remorse|neutral
3226,27,neutral,1|2|3|6|7|15,amusement|anger|annoyance|confusion|curiosity|gratitude
3227,15,gratitude,3|7|10|17|18|20,annoyance|curiosity|disapproval|joy|love|optimism
3228,27,neutral,1|11|15,amusement|disgust|gratitude
3229,15,gratitude,0|2|5|6|7|26,admiration|anger|caring|confusion|curiosity|surprise
3230,21,pride,15|27,gratitude|neutral
3231,4,approval,0|3|7|10|17|18|25,admiration|annoyance|curiosity|disapproval|joy|love|sadness
3232,4,approval,0|1|7|20|24|25,admiration|amusement|curiosity|optimism|remorse|sadness
3233,17,joy,0|1|4|7|10|22|27,admiration|amusement|approval|curiosity|disapproval|realization|neutral
3234,17,joy,4|7|10|15|20|24,approval|curiosity|disapproval|gratitude|optimism|remorse
3235,1,amusement,3|6|9|10|15|24|27,annoyance|confusion|disappointment|disapproval|gratitude|remorse|neutral
3236,21,pride,3|17|27,annoyance|joy|neutral
3237,18,love,1|2|8|9|10|15|18,amusement|anger|desire|disappointment|disapproval|gratitude|love
3238,0,admiration,0|1|2|4|9|10|15|20|21|27,admiration|amusement|anger|approval|disappointment|disapproval|gratitude|optimism|pride|neutral
3239,1,amusement,0|3|15|26,admiration|annoyance|gratitude|surprise
3240,5|27,caring|neutral,2|3|10|12|15|22,anger|annoyance|disapproval|embarrassment|gratitude|realization
3241,20,optimism,3|7|17|18|20|25|26|27,annoyance|curiosity|joy|love|optimism|sadness|surprise|neutral
3242,2|15,anger|gratitude,0|1|6|7|9|18|20,admiration|amusement|confusion|curiosity|disappointment|love|optimism
3243,1,amusement,4|15,approval|gratitude
3244,1,amusement,0|3|15|27,admiration|annoyance|gratitude|neutral
3245,3,annoyance,1|4|11|19|22|26|27,amusement|approval|disgust|nervousness|realization|surprise|neutral
3246,0,admiration,7|10|17|20,curiosity|disapproval|joy|optimism
3247,0|18,admiration|love,0|10|15|17|24,admiration|disapproval|gratitude|joy|remorse
3248,27,neutral,0|1|5|7|20|22|27,admiration|amusement|caring|curiosity|optimism|realization|neutral
3249,0,admiration,0|1|3|4|6|7|13,admiration|amusement|annoyance|approval|confusion|curiosity|excitement
3250,4,approval,0|1|2|3|4|13|17,admiration|amusement|anger|annoyance|approval|excitement|joy
3251,7,curiosity,0|4|7|9,admiration|approval|curiosity|disappointment
3252,27,neutral,1|8|9|15|17|20|22|25|26,amusement|desire|disappointment|gratitude|joy|optimism|realization|sadness|surprise
3253,4|13,approval|excitement,1|10|15|17|18|25|27,amusement|disapproval|gratitude|joy|love|sadness|neutral
3254,5,caring,0|1|4|6|7|10|25|26|27,admiration|amusement|approval|confusion|curiosity|disapproval|sadness|surprise|neutral
3255,27,neutral,1|4|5|9|13|27,amusement|approval|caring|disappointment|excitement|neutral
3256,2|3,anger|annoyance,0|2|17|20|27,admiration|anger|joy|optimism|neutral
3257,10,disapproval,3|5|8|10|11|15|18|20|25|26,annoyance|caring|desire|disapproval|disgust|gratitude|love|optimism|sadness|surprise
3258,13|18,excitement|love,0|2|4|7|18|22|24,admiration|anger|approval|curiosity|love|realization|remorse
3259,27,neutral,4|15|23,approval|gratitude|relief
3260,27,neutral,0|7|10|18|27,admiration|curiosity|disapproval|love|neutral
3261,15,gratitude,0|20|27,admiration|optimism|neutral
3262,18,love,9|10|14|27,disappointment|disapproval|fear|neutral
3263,6,confusion,2|3|4|9|15|20|26|27,anger|annoyance|approval|disappointment|gratitude|optimism|surprise|neutral
3264,10,disapproval,3|4|5|8|20|25|27,annoyance|approval|caring|desire|optimism|sadness|neutral
3265,27,neutral,0|2|4|7|15|24|25,admiration|anger|approval|curiosity|gratitude|remorse|sadness
3266,27,neutral,2|4|9|11|13|15|18|20|22|24,anger|approval|disappointment|disgust|excitement|gratitude|love|optimism|realization|remorse
3267,27,neutral,2|4|9|14|17|20|22|25|27,anger|approval|disappointment|fear|joy|optimism|realization|sadness|neutral
3268,6|14|26,confusion|fear|surprise,1|2|5|10,amusement|anger|caring|disapproval
3269,27,neutral,2|4|6|14|15|18|25|26|27,anger|approval|confusion|fear|gratitude|love|sadness|surprise|neutral
3270,20,optimism,3|7|9|15|26|27,annoyance|curiosity|disappointment|gratitude|surprise|neutral
3271,18,love,7|10,curiosity|disapproval
3272,27,neutral,0|3|6|15|17|26|27,admiration|annoyance|confusion|gratitude|joy|surprise|neutral
3273,5,caring,9|10|22,disappointment|disapproval|realization
3274,26,surprise,4|9|12|13|14|17|18|22|25,approval|disappointment|embarrassment|excitement|fear|joy|love|realization|sadness
3275,27,neutral,5|9|10|15|20|27,caring|disappointment|disapproval|gratitude|optimism|neutral
3276,13,excitement,4|6|7|10|15|20,approval|confusion|curiosity|disapproval|gratitude|optimism
3277,8,desire,1|2|4|6|10|11|13|17|22,amusement|anger|approval|confusion|disapproval|disgust|excitement|joy|realization
3278,27,neutral,0|1|17|20|26,admiration|amusement|joy|optimism|surprise
3279,27,neutral,4|9|17|20|24|27,approval|disappointment|joy|optimism|remorse|neutral
3280,10,disapproval,0|2|13|20,admiration|anger|excitement|optimism
3281,18,love,4|6|17|20|26,approval|confusion|joy|optimism|surprise
3282,27,neutral,2|3|4|9|15|17|20|22,anger|annoyance|approval|disappointment|gratitude|joy|optimism|realization
3283,17,joy,1|6|7|9|10|15|18,amusement|confusion|curiosity|disappointment|disapproval|gratitude|love
3284,27,neutral,2|3|8|13|15|20|25|27,anger|annoyance|desire|excitement|gratitude|optimism|sadness|neutral
3285,7,curiosity,3|9|10|15|17|22|25,annoyance|disappointment|disapproval|gratitude|joy|realization|sadness
3286,27,neutral,2|3|6|15|25|27,anger|annoyance|confusion|gratitude|sadness|neutral
3287,26,surprise,0|2|6|13|20|27,admiration|anger|confusion|excitement|optimism|neutral
3288,2,anger,1|11|15|17,amusement|disgust|gratitude|joy
3289,3|18,annoyance|love,1|2|4|9|11|18|26,amusement|anger|approval|disappointment|disgust|love|surprise
3290,15,gratitude,1|3|11|13|24|27,amusement|annoyance|disgust|excitement|remorse|neutral
3291,27,neutral,1|2|3|7|10|22|25|27,amusement|anger|annoyance|curiosity|disapproval|realization|sadness|neutral
3292,15,gratitude,0|4|6|15|18|20,admiration|approval|confusion|gratitude|love|optimism
3293,20,optimism,0|1|2|3|4|9|22,admiration|amusement|anger|annoyance|approval|disappointment|realization
3294,4,approval,4|13|14|15|17|18,approval|excitement|fear|gratitude|joy|love
3295,27,neutral,3|4|7|9|18|25|27,annoyance|approval|curiosity|disappointment|love|sadness|neutral
3296,0,admiration,3|4|5|9|14|18|26,annoyance|approval|caring|disappointment|fear|love|surprise
3297,2,anger,3|4|9|10|13|15|25,annoyance|approval|disappointment|disapproval|excitement|gratitude|sadness
3298,27,neutral,3|4|17|27,annoyance|approval|joy|neutral
3299,1,amusement,2|3|10|11|18|27,anger|annoyance|disapproval|disgust|love|neutral
3300,6,confusion,1|4|7|15|18|20|24|25,amusement|approval|curiosity|gratitude|love|optimism|remorse|sadness
3301,18,love,0|9|25|27,admiration|disappointment|sadness|neutral
3302,2|3,anger|annoyance,0|3|4|7|11|20|27,admiration|annoyance|approval|curiosity|disgust|optimism|neutral
3303,26,surprise,0|3|9|10|15|18|20,admiration|annoyance|disappointment|disapproval|gratitude|love|optimism
3304,18,love,4|7|13|17|18|27,approval|curiosity|excitement|joy|love|neutral
3305,0|15,admiration|gratitude,0|4|10|17|20|22|26,admiration|approval|disapproval|joy|optimism|realization|surprise
3306,3,annoyance,3|8|18|20|24|25|26,annoyance|desire|love|optimism|remorse|sadness|surprise
3307,0,admiration,0|2|6|7|9|10|14,admiration|anger|confusion|curiosity|disappointment|disapproval|fear
3308,3,annoyance,6|7|9|13|15|18|25|27,confusion|curiosity|disappointment|excitement|gratitude|love|sadness|neutral
3309,27,neutral,1|3|4|7|15|27,amusement|annoyance|approval|curiosity|gratitude|neutral
3310,1,amusement,1|4|5|6|7|25|26,amusement|approval|caring|confusion|curiosity|sadness|surprise
3311,27,neutral,0|4|7|11|18|26,admiration|approval|curiosity|disgust|love|surprise
3312,27,neutral,4|9|12|13|17|27,approval|disappointment|embarrassment|excitement|joy|neutral
3313,5,caring,7|9|25|26|27,curiosity|disappointment|sadness|surprise|neutral
3314,10,disapproval,0|1|4|7|13|15|17|18|26,admiration|amusement|approval|curiosity|excitement|gratitude|joy|love|surprise
3315,15,gratitude,2|7|10|18|25|26|27,anger|curiosity|disapproval|love|sadness|surprise|neutral
3316,10,disapproval,1|5|15|22|24|25,amusement|caring|gratitude|realization|remorse|sadness
3317,1,amusement,4|7|9|15|24|27,approval|curiosity|disappointment|gratitude|remorse|neutral
3318,27,neutral,1|3|4|7|13|22|25|26,amusement|annoyance|approval|curiosity|excitement|realization|sadness|surprise
3319,5,caring,0|3|9|10|25,admiration|annoyance|disappointment|disapproval|sadness
3320,8|20,desire|optimism,5|7|8|10|17|27,caring|curiosity|desire|disapproval|joy|neutral
3321,27,neutral,1|11|20|24|25,amusement|disgust|optimism|remorse|sadness
3322,7,curiosity,0|3|6|15|22|23,admiration|annoyance|confusion|gratitude|realization|relief
3323,7,curiosity,1|3|5|6|7|10|15|22|23|26,amusement|annoyance|caring|confusion|curiosity|disapproval|gratitude|realization|relief|surprise
3324,22,realization,0|2|10|13|17|26,admiration|anger|disapproval|excitement|joy|surprise
3325,27,neutral,1|2|4|7|10|20,amusement|anger|approval|curiosity|disapproval|optimism
3326,0,admiration,1|3|7|20|22|25|27,amusement|annoyance|curiosity|optimism|realization|sadness|neutral
3327,10,disapproval,0|5|8|15|27,admiration|caring|desire|gratitude|neutral
3328,18,love,18|27,love|neutral
3329,6,confusion,0|1|3|7|10|18,admiration|amusement|annoyance|curiosity|disapproval|love
3330,10,disapproval,0|3|4|5|7|10|17|25,admiration|annoyance|approval|caring|curiosity|disapproval|joy|sadness
3331,0|4,admiration|approval,5|6|9|18|20,caring|confusion|disappointment|love|optimism
3332,1,amusement,0|4|8|10|27,admiration|approval|desire|disapproval|neutral
3333,0,admiration,7|9|10|18|26|27,curiosity|disappointment|disapproval|love|surprise|neutral
3334,4,approval,3|4|5|10|11|15|25,annoyance|approval|caring|disapproval|disgust|gratitude|sadness
3335,27,neutral,0|4|27,admiration|approval|neutral
3336,10,disapproval,0|4|7|10|18|22|27,admiration|approval|curiosity|disapproval|love|realization|neutral
3337,27,neutral,1|3|6|27,amusement|annoyance|confusion|neutral
3338,1,amusement,2|5|6|27,anger|caring|confusion|neutral
3339,0|4,admiration|approval,2|17|25|27,anger|joy|sadness|neutral
3340,13,excitement,1|4|10|20|26|27,amusement|approval|disapproval|optimism|surprise|neutral
3341,4|20,approval|optimism,0|3|9|10|20,admiration|annoyance|disappointment|disapproval|optimism
3342,15,gratitude,0|1|18|25|26,admiration|amusement|love|sadness|surprise
3343,27,neutral,10|12|14|15|22|25,disapproval|embarrassment|fear|gratitude|realization|sadness
3344,2,anger,0|9|10|22|27,admiration|disappointment|disapproval|realization|neutral
3345,15,gratitude,0|5|10|17|18|22|26,admiration|caring|disapproval|joy|love|realization|surprise
3346,2|27,anger|neutral,0|2|7|8|9|18|20,admiration|anger|curiosity|desire|disappointment|love|optimism
3347,15,gratitude,0|4|20|25|27,admiration|approval|optimism|sadness|neutral
3348,4,approval,7|13|15|17|26,curiosity|excitement|gratitude|joy|surprise
3349,6,confusion,0|3|5|9|15|22|27,admiration|annoyance|caring|disappointment|gratitude|realization|neutral
3350,20,optimism,0|4|7|8|9|17,admiration|approval|curiosity|desire|disappointment|joy
3351,27,neutral,0|1|2|3|4|5|7|9|15|17|20|22,admiration|amusement|anger|annoyance|approval|caring|curiosity|disappointment|gratitude|joy|optimism|realization
3352,27,neutral,3|10|11|17|20|22,annoyance|disapproval|disgust|joy|optimism|realization
3353,27,neutral,4|5|13|15|26|27,approval|caring|excitement|gratitude|surprise|neutral
3354,0|17|18,admiration|joy|love,0|6|7|27,admiration|confusion|curiosity|neutral
3355,27,neutral,2|4|9|10|13|24|26,anger|approval|disappointment|disapproval|excitement|remorse|surprise
3356,7|27,curiosity|neutral,5|7|9|10|20|22,caring|curiosity|disappointment|disapproval|optimism|realization
3357,15,gratitude,0|4|10|18|25|26|27,admiration|approval|disapproval|love|sadness|surprise|neutral
3358,27,neutral,3|4|18|24,annoyance|approval|love|remorse
3359,18,love,6|7|9|10|13|25|27,confusion|curiosity|disappointment|disapproval|excitement|sadness|neutral
3360,27,neutral,0|4|5|7|10|13|22|25|26,admiration|approval|caring|curiosity|disapproval|excitement|realization|sadness|surprise
3361,27,neutral,0|2|3|5|6|11|18|24|25,admiration|anger|annoyance|caring|confusion|disgust|love|remorse|sadness
3362,18,love,3|4|5|10|11|15|17|27,annoyance|approval|caring|disapproval|disgust|gratitude|joy|neutral
3363,17,joy,0|9|14|17|20|21|22|25|26|27,admiration|disappointment|fear|joy|optimism|pride|realization|sadness|surprise|neutral
3364,27,neutral,5|7|18|25,caring|curiosity|love|sadness
3365,1|22,amusement|realization,3|6|14|15|17|19,annoyance|confusion|fear|gratitude|joy|nervousness
3366,3|27,annoyance|neutral,3|5|7|18|20|27,annoyance|caring|curiosity|love|optimism|neutral
3367,27,neutral,2|4|7|20|22,anger|approval|curiosity|optimism|realization
3368,5,caring,0|7|18|20|22|25,admiration|curiosity|love|optimism|realization|sadness
3369,7|27,curiosity|neutral,1|3|7|8|15|17|20|22,amusement|annoyance|curiosity|desire|gratitude|joy|optimism|realization
3370,27,neutral,4|27,approval|neutral
3371,20,optimism,0|2|3|4|9|14|17|27,admiration|anger|annoyance|approval|disappointment|fear|joy|neutral
3372,0,admiration,3|5|9|17|20|22,annoyance|caring|disappointment|joy|optimism|realization
3373,18,love,0|2|3|26,admiration|anger|annoyance|surprise
3374,14,fear,1|7|15|20|26|27,amusement|curiosity|gratitude|optimism|surprise|neutral
3375,3,annoyance,6|7|17|18|26|27,confusion|curiosity|joy|love|surprise|neutral
3376,7,curiosity,0|8|9|15|18,admiration|desire|disappointment|gratitude|love
3377,4,approval,9|15|18|20|22,disappointment|gratitude|love|optimism|realization
3378,2|3|10,anger|annoyance|disapproval,7|10|13|22|27,curiosity|disapproval|excitement|realization|neutral
3379,27,neutral,0|4|5|10|13|15|20|23,admiration|approval|caring|disapproval|excitement|gratitude|optimism|relief
3380,27,neutral,0|4|5|9|20|22|24,admiration|approval|caring|disappointment|optimism|realization|remorse
3381,22,realization,9|24|26|27,disappointment|remorse|surprise|neutral
3382,1,amusement,8|15|18|20|27,desire|gratitude|love|optimism|neutral
3383,27,neutral,8|13|14|18|20|23,desire|excitement|fear|love|optimism|relief
3384,7,curiosity,2|4|10|13|15|20|27,anger|approval|disapproval|excitement|gratitude|optimism|neutral
3385,10,disapproval,0|6|13|15|17|25|26,admiration|confusion|excitement|gratitude|joy|sadness|surprise
3386,3,annoyance,1|15|18|20|24|26,amusement|gratitude|love|optimism|remorse|surprise
3387,2,anger,2|3|4|5|10|24|27,anger|annoyance|approval|caring|disapproval|remorse|neutral
3388,27,neutral,1|7|15|18|25|27,amusement|curiosity|gratitude|love|sadness|neutral
3389,7|10,curiosity|disapproval,3|4|9|10|15|25|27,annoyance|approval|disappointment|disapproval|gratitude|sadness|neutral
3390,27,neutral,0|2|5|12|13|14|15|17|25,admiration|anger|caring|embarrassment|excitement|fear|gratitude|joy|sadness
3391,27,neutral,0|1|2|6|7|8|11|22|24|25|26,admiration|amusement|anger|confusion|curiosity|desire|disgust|realization|remorse|sadness|surprise
3392,1|6,amusement|confusion,0|5|6|8|20|22|27,admiration|caring|confusion|desire|optimism|realization|neutral
3393,27,neutral,1|4|5|9|10|15|27,amusement|approval|caring|disappointment|disapproval|gratitude|neutral
3394,27,neutral,1|3|4|7|11|17|27,amusement|annoyance|approval|curiosity|disgust|joy|neutral
3395,4,approval,9|15|17|18,disappointment|gratitude|joy|love
3396,27,neutral,1|4|11|14|15|20|26,amusement|approval|disgust|fear|gratitude|optimism|surprise
3397,27,neutral,0|3|5|7|15|20,admiration|annoyance|caring|curiosity|gratitude|optimism
3398,27,neutral,3|15|20|22|27,annoyance|gratitude|optimism|realization|neutral
3399,15,gratitude,1|3|15|18|22|26|27,amusement|annoyance|gratitude|love|realization|surprise|neutral
3400,27,neutral,0|1|4|7|25|26|27,admiration|amusement|approval|curiosity|sadness|surprise|neutral
3401,1,amusement,0|1|11|13|26|27,admiration|amusement|disgust|excitement|surprise|neutral
3402,4,approval,20|22|25|26,optimism|realization|sadness|surprise
3403,0,admiration,2|4|7|10|14|15|19|22|25|27,anger|approval|curiosity|disapproval|fear|gratitude|nervousness|realization|sadness|neutral
3404,27,neutral,0|2|8|9|11|17|18|26,admiration|anger|desire|disappointment|disgust|joy|love|surprise
3405,27,neutral,5|11|14|20,caring|disgust|fear|optimism
3406,20,optimism,4|5|6|27,approval|caring|confusion|neutral
3407,27,neutral,0|1|4|5|14|15|17|18|24|26,admiration|amusement|approval|caring|fear|gratitude|joy|love|remorse|surprise
3408,4,approval,0|1|5|7|15|26,admiration|amusement|caring|curiosity|gratitude|surprise
3409,27,neutral,2|3|5|20,anger|annoyance|caring|optimism
3410,1,amusement,1|3|4|9|10|15|18|27,amusement|annoyance|approval|disappointment|disapproval|gratitude|love|neutral
3411,27,neutral,1|2|5|6|11|14|17,amusement|anger|caring|confusion|disgust|fear|joy
3412,6,confusion,3|6|8|11|17|18|25|26|27,annoyance|confusion|desire|disgust|joy|love|sadness|surprise|neutral
3413,12,embarrassment,3|13|17|20|22|23|27,annoyance|excitement|joy|optimism|realization|relief|neutral
3414,10,disapproval,0|4|13|18|26,admiration|approval|excitement|love|surprise
3415,27,neutral,0|3|10,admiration|annoyance|disapproval
3416,24,remorse,0|1|4|10|17|20|24|25,admiration|amusement|approval|disapproval|joy|optimism|remorse|sadness
3417,7,curiosity,0|4|7|13|20|22|26,admiration|approval|curiosity|excitement|optimism|realization|surprise
3418,27,neutral,1|2|3|15,amusement|anger|annoyance|gratitude
3419,4,approval,7|9|24|27,curiosity|disappointment|remorse|neutral
3420,1,amusement,0|2|4|7|10|14|15|17,admiration|anger|approval|curiosity|disapproval|fear|gratitude|joy
3421,13,excitement,1|10|14|22|25,amusement|disapproval|fear|realization|sadness
3422,18,love,1|3|5|6|7|9|12|17|24|27,amusement|annoyance|caring|confusion|curiosity|disappointment|embarrassment|joy|remorse|neutral
3423,27,neutral,0|1|5|7|8|10|13|18,admiration|amusement|caring|curiosity|desire|disapproval|excitement|love
3424,9|25,disappointment|sadness,3|6|7|9|10|11|12|15,annoyance|confusion|curiosity|disappointment|disapproval|disgust|embarrassment|gratitude
3425,27,neutral,0|4|5|6|7|9|26|27,admiration|approval|caring|confusion|curiosity|disappointment|surprise|neutral
3426,3,annoyance,1|18|20|24|25,amusement|love|optimism|remorse|sadness
3427,4,approval,2|4|9|17|27,anger|approval|disappointment|joy|neutral
3428,3,annoyance,0|1|4|5|18|20|22,admiration|amusement|approval|caring|love|optimism|realization
3429,27,neutral,3|7|10|11|13|14|17|27,annoyance|curiosity|disapproval|disgust|excitement|fear|joy|neutral
3430,15|18,gratitude|love,0|7|17|18|27,admiration|curiosity|joy|love|neutral
3431,10,disapproval,1|7|10|11|13|18|27,amusement|curiosity|disapproval|disgust|excitement|love|neutral
3432,2|3,anger|annoyance,3|5|20|25|26|27,annoyance|caring|optimism|sadness|surprise|neutral
3433,27,neutral,2|10|13|22,anger|disapproval|excitement|realization
3434,27,neutral,2|10|13|18|22|27,anger|disapproval|excitement|love|realization|neutral
3435,27,neutral,3|6|7|18|27,annoyance|confusion|curiosity|love|neutral
3436,8,desire,0|2|9|13|17|24,admiration|anger|disappointment|excitement|joy|remorse
3437,27,neutral,1|3|5|6|7|11|14|17|20,amusement|annoyance|caring|confusion|curiosity|disgust|fear|joy|optimism
3438,27,neutral,0|2|15|27,admiration|anger|gratitude|neutral
3439,3|9,annoyance|disappointment,4|18|26,approval|love|surprise
3440,15,gratitude,6|7|9|14|17|18|20|25|27,confusion|curiosity|disappointment|fear|joy|love|optimism|sadness|neutral
3441,25,sadness,0|1|3|5|9|10|18,admiration|amusement|annoyance|caring|disappointment|disapproval|love
3442,2|3,anger|annoyance,1|5|13|14|20,amusement|caring|excitement|fear|optimism
3443,6,confusion,1|4|7|9|10|14|15,amusement|approval|curiosity|disappointment|disapproval|fear|gratitude
3444,4|15,approval|gratitude,4|10|11|13|18|25|27,approval|disapproval|disgust|excitement|love|sadness|neutral
3445,7,curiosity,0|3|7|15|17|18|27,admiration|annoyance|curiosity|gratitude|joy|love|neutral
3446,0,admiration,0|4|9|10|11|13|18|25,admiration|approval|disappointment|disapproval|disgust|excitement|love|sadness
3447,27,neutral,0|1|2|4|5|7|11|17|20|22,admiration|amusement|anger|approval|caring|curiosity|disgust|joy|optimism|realization
3448,1,amusement,0|9|10|12|14|17|24|27,admiration|disappointment|disapproval|embarrassment|fear|joy|remorse|neutral
3449,0|10,admiration|disapproval,4|14|17|20|27,approval|fear|joy|optimism|neutral
3450,1,amusement,3|4|6|20|27,annoyance|approval|confusion|optimism|neutral
3451,26,surprise,1|5|8|10|14|15|22|24,amusement|caring|desire|disapproval|fear|gratitude|realization|remorse
3452,4|27,approval|neutral,3|4|8|13|15|18|20|26,annoyance|approval|desire|excitement|gratitude|love|optimism|surprise
3453,3,annoyance,3|5|7|27,annoyance|caring|curiosity|neutral
3454,18,love,1|3|5|6|11|18|26,amusement|annoyance|caring|confusion|disgust|love|surprise
3455,17,joy,0|3|6|7|9|10|15|25,admiration|annoyance|confusion|curiosity|disappointment|disapproval|gratitude|sadness
3456,27,neutral,3|4|8|9|17|20|24,annoyance|approval|desire|disappointment|joy|optimism|remorse
3457,27,neutral,8|17|27,desire|joy|neutral
3458,4,approval,0|1|6|20|25,admiration|amusement|confusion|optimism|sadness
3459,27,neutral,4|9|10|11|17|27,approval|disappointment|disapproval|disgust|joy|neutral
3460,27,neutral,4|9|15|25|27,approval|disappointment|gratitude|sadness|neutral
3461,1,amusement,4|5|10|18|25|27,approval|caring|disapproval|love|sadness|neutral
3462,1|13,amusement|excitement,1|5|8|9|10|12|18|25,amusement|caring|desire|disappointment|disapproval|embarrassment|love|sadness
3463,9,disappointment,1|2|4|9|14,amusement|anger|approval|disappointment|fear
3464,27,neutral,0|7|17|20|27,admiration|curiosity|joy|optimism|neutral
3465,27,neutral,7|9|20|25|27,curiosity|disappointment|optimism|sadness|neutral
3466,17,joy,0|5|6|18|27,admiration|caring|confusion|love|neutral
3467,15,gratitude,0|1|2|4|5|17|18|20,admiration|amusement|anger|approval|caring|joy|love|optimism
3468,1,amusement,0|1|7|15|18,admiration|amusement|curiosity|gratitude|love
3469,3|9,annoyance|disappointment,3|4|11|15|25|27,annoyance|approval|disgust|gratitude|sadness|neutral
3470,27,neutral,0|7|9|17|20|22|25,admiration|curiosity|disappointment|joy|optimism|realization|sadness
3471,12|27,embarrassment|neutral,3|4|7|9|10|13|15|18,annoyance|approval|curiosity|disappointment|disapproval|excitement|gratitude|love
3472,27,neutral,7|8|18|20|25|27,curiosity|desire|love|optimism|sadness|neutral
3473,27,neutral,2|3|6|15|20|26|27,anger|annoyance|confusion|gratitude|optimism|surprise|neutral
3474,1|4,amusement|approval,0|13,admiration|excitement
3475,17,joy,2|3|5|6|18|25,anger|annoyance|caring|confusion|love|sadness
3476,5,caring,0|4|8|10|17,admiration|approval|desire|disapproval|joy
3477,27,neutral,2|15|22|27,anger|gratitude|realization|neutral
3478,13,excitement,1|14|17|18|27,amusement|fear|joy|love|neutral
3479,25,sadness,1|9|11|15|18|22|25,amusement|disappointment|disgust|gratitude|love|realization|sadness
3480,10,disapproval,0|9|11|18|25|26|27,admiration|disappointment|disgust|love|sadness|surprise|neutral
3481,27,neutral,1|6|7|8|10|17,amusement|confusion|curiosity|desire|disapproval|joy
3482,20,optimism,3|5|6|10|15|18|20|22|27,annoyance|caring|confusion|disapproval|gratitude|love|optimism|realization|neutral
3483,5|6,caring|confusion,0|2|6|13|14|15|26,admiration|anger|confusion|excitement|fear|gratitude|surprise
3484,18,love,1|3|7|9|10|11|13|17|20|26|27,amusement|annoyance|curiosity|disappointment|disapproval|disgust|excitement|joy|optimism|surprise|neutral
3485,26,surprise,3|9|20|27,annoyance|disappointment|optimism|neutral
3486,1,amusement,1|2|3|8|14|17|26|27,amusement|anger|annoyance|desire|fear|joy|surprise|neutral
3487,14,fear,4|10|15,approval|disapproval|gratitude
3488,7,curiosity,2|3|9|15|18|22,anger|annoyance|disappointment|gratitude|love|realization
3489,15,gratitude,0|3|4|11|13|18|24|26,admiration|annoyance|approval|disgust|excitement|love|remorse|surprise
3490,27,neutral,0|1|15|17|18|22|25|27,admiration|amusement|gratitude|joy|love|realization|sadness|neutral
3491,24,remorse,1|2|4|5|10|27,amusement|anger|approval|caring|disapproval|neutral
3492,27,neutral,6|7|9|22|25,confusion|curiosity|disappointment|realization|sadness
3493,27,neutral,0|1|3|4|7|13|17|20|26,admiration|amusement|annoyance|approval|curiosity|excitement|joy|optimism|surprise
3494,15,gratitude,0|2|3|6|18|27,admiration|anger|annoyance|confusion|love|neutral
3495,17,joy,0|4|9|25,admiration|approval|disappointment|sadness
3496,3,annoyance,2|5|6|7|14|22,anger|caring|confusion|curiosity|fear|realization
3497,3,annoyance,0|4|18|20|22|25,admiration|approval|love|optimism|realization|sadness
3498,6,confusion,0|3|8|18|20|23,admiration|annoyance|desire|love|optimism|relief
3499,6,confusion,0|2|3|4|7|20|27,admiration|anger|annoyance|approval|curiosity|optimism|neutral
3500,4|7,approval|curiosity,4|9|10|15|17|26,approval|disappointment|disapproval|gratitude|joy|surprise
3501,6,confusion,1|2|5|9|10|15,amusement|anger|caring|disappointment|disapproval|gratitude
3502,0|22,admiration|realization,2|3|4|7|10|15|20|26|27,anger|annoyance|approval|curiosity|disapproval|gratitude|optimism|surprise|neutral
3503,27,neutral,0|1|7|10,admiration|amusement|curiosity|disapproval
3504,4,approval,2|3|4|5|14|15|25,anger|annoyance|approval|caring|fear|gratitude|sadness
3505,27,neutral,0|1|4|9|11,admiration|amusement|approval|disappointment|disgust
3506,9,disappointment,0|13|14|17|18|21|26,admiration|excitement|fear|joy|love|pride|surprise
3507,27,neutral,5|7|8|9|13|20|24|26|27,caring|curiosity|desire|disappointment|excitement|optimism|remorse|surprise|neutral
3508,27,neutral,0|1|5|7|10,admiration|amusement|caring|curiosity|disapproval
3509,27,neutral,0|2|7|10|20|25,admiration|anger|curiosity|disapproval|optimism|sadness
3510,3,annoyance,2|3|13|22|25|27,anger|annoyance|excitement|realization|sadness|neutral
3511,0|4,admiration|approval,0|8|14|15|20|26|27,admiration|desire|fear|gratitude|optimism|surprise|neutral
3512,4,approval,0|4|6|13|20|22|27,admiration|approval|confusion|excitement|optimism|realization|neutral
3513,27,neutral,2|4|7|14|18|19|22|27,anger|approval|curiosity|fear|love|nervousness|realization|neutral
3514,4|22,approval|realization,1|2|9|10|17|25|27,amusement|anger|disappointment|disapproval|joy|sadness|neutral
3515,4,approval,0|1|6|7|9|10|18|25|26,admiration|amusement|confusion|curiosity|disappointment|disapproval|love|sadness|surprise
3516,4,approval,2|4|6|7|13|17|26,anger|approval|confusion|curiosity|excitement|joy|surprise
3517,25,sadness,2|4|6|25|27,anger|approval|confusion|sadness|neutral
3518,27,neutral,4|9|11|15|17|25|27,approval|disappointment|disgust|gratitude|joy|sadness|neutral
3519,27,neutral,2|3|4|9|17|18|27,anger|annoyance|approval|disappointment|joy|love|neutral
3520,5|27,caring|neutral,0|4|6|7|14|15|22,admiration|approval|confusion|curiosity|fear|gratitude|realization
3521,26,surprise,1|10|15|27,amusement|disapproval|gratitude|neutral
3522,0,admiration,0|1|4|15|22|25,admiration|amusement|approval|gratitude|realization|sadness
3523,7|24,curiosity|remorse,0|7|10|13|15|18|22|25,admiration|curiosity|disapproval|excitement|gratitude|love|realization|sadness
3524,2,anger,1|2|3|6|7|22|26|27,amusement|anger|annoyance|confusion|curiosity|realization|surprise|neutral
3525,1,amusement,2|4|6|10|13|17|18|20,anger|approval|confusion|disapproval|excitement|joy|love|optimism
3526,4,approval,0|5|10|17|18|24|25,admiration|caring|disapproval|joy|love|remorse|sadness
3527,27,neutral,3|7|14|20|25,annoyance|curiosity|fear|optimism|sadness
3528,14|19,fear|nervousness,1|11|15|20|24|27,amusement|disgust|gratitude|optimism|remorse|neutral
3529,13|25,excitement|sadness,0|2|3|4|10|13|18|25,admiration|anger|annoyance|approval|disapproval|excitement|love|sadness
3530,27,neutral,1|3|4|17|18|25|26,amusement|annoyance|approval|joy|love|sadness|surprise
3531,4,approval,4|5|6|7|9|13|18|24|25,approval|caring|confusion|curiosity|disappointment|excitement|love|remorse|sadness
3532,27,neutral,0|1|4|6|9|13|15|22|25,admiration|amusement|approval|confusion|disappointment|excitement|gratitude|realization|sadness
3533,27,neutral,1|7|14|18|20|22|24|27,amusement|curiosity|fear|love|optimism|realization|remorse|neutral
3534,11,disgust,0|2|3|25|27,admiration|anger|annoyance|sadness|neutral
3535,11|25,disgust|sadness,3|10|18|25|27,annoyance|disapproval|love|sadness|neutral
3536,1,amusement,0|1|3|7|8|9|22|25|26|27,admiration|amusement|annoyance|curiosity|desire|disappointment|realization|sadness|surprise|neutral
3537,2,anger,3|4|5|15|20|25|26|27,annoyance|approval|caring|gratitude|optimism|sadness|surprise|neutral
3538,3,annoyance,1|3|4|6|13|14|18|24|25,amusement|annoyance|approval|confusion|excitement|fear|love|remorse|sadness
3539,1,amusement,1|2|3|4|5|6|7|10|15|27,amusement|anger|annoyance|approval|caring|confusion|curiosity|disapproval|gratitude|neutral
3540,0,admiration,2|5|15|18|25|27,anger|caring|gratitude|love|sadness|neutral
3541,6|7,confusion|curiosity,4|5|20|27,approval|caring|optimism|neutral
3542,20,optimism,2|3|9|13|18|27,anger|annoyance|disappointment|excitement|love|neutral
3543,1,amusement,0|17|20|24|25|27,admiration|joy|optimism|remorse|sadness|neutral
3544,4,approval,3|4|5|13|17|20|22|25|26,annoyance|approval|caring|excitement|joy|optimism|realization|sadness|surprise
3545,10,disapproval,0|1|2|3|4|5|6|10|26,admiration|amusement|anger|annoyance|approval|caring|confusion|disapproval|surprise
3546,15,gratitude,0|3|4|5|10|18|22|24|26,admiration|annoyance|approval|caring|disapproval|love|realization|remorse|surprise
3547,3|10,annoyance|disapproval,4|5|7|8|9|10|13|15|18|27,approval|caring|curiosity|desire|disappointment|disapproval|excitement|gratitude|love|neutral
3548,24,remorse,0|3|6|13|17|18,admiration|annoyance|confusion|excitement|joy|love
3549,27,neutral,0|2|4|5|6|7|18|26,admiration|anger|approval|caring|confusion|curiosity|love|surprise
3550,0,admiration,4|5|6|20|22|27,approval|caring|confusion|optimism|realization|neutral
3551,18,love,0|1|4|6|10|13|15|20|22|24,admiration|amusement|approval|confusion|disapproval|excitement|gratitude|optimism|realization|remorse
3552,27,neutral,3|4|7|9|10|11|17|20|22|25|27,annoyance|approval|curiosity|disappointment|disapproval|disgust|joy|optimism|realization|sadness|neutral
3553,1,amusement,0|4|13|15|17|18|22,admiration|approval|excitement|gratitude|joy|love|realization
3554,2,anger,1|3|5|10|13|17|18|25|27,amusement|annoyance|caring|disapproval|excitement|joy|love|sadness|neutral
3555,15,gratitude,0|1|2|4|7|10|27,admiration|amusement|anger|approval|curiosity|disapproval|neutral
3556,27,neutral,0|7|18|20|25|26,admiration|curiosity|love|optimism|sadness|surprise
3557,27,neutral,0|4|7|11|22|25,admiration|approval|curiosity|disgust|realization|sadness
3558,27,neutral,5|11|17|27,caring|disgust|joy|neutral
3559,27,neutral,0|2|3|17|27,admiration|anger|annoyance|joy|neutral
3560,27,neutral,2|4|6|8|9|10|15|17|18,anger|approval|confusion|desire|disappointment|disapproval|gratitude|joy|love
3561,2|3,anger|annoyance,1|4|11|15|20|22|24|25|27,amusement|approval|disgust|gratitude|optimism|realization|remorse|sadness|neutral
3562,20,optimism,2|3|15|17|20|25,anger|annoyance|gratitude|joy|optimism|sadness
3563,4,approval,1|3|8|17,amusement|annoyance|desire|joy
3564,2,anger,3|5|27,annoyance|caring|neutral
3565,0,admiration,7|17|18|27,curiosity|joy|love|neutral
3566,27,neutral,0|3|6|13|14|17|27,admiration|annoyance|confusion|excitement|fear|joy|neutral
3567,18,love,0|1|5|13|17|18|20|25,admiration|amusement|caring|excitement|joy|love|optimism|sadness
3568,13,excitement,0|5|9|12|15|20|22|24|26,admiration|caring|disappointment|embarrassment|gratitude|optimism|realization|remorse|surprise
3569,27,neutral,0|25|27,admiration|sadness|neutral
3570,0,admiration,1|2|7|15|18|22,amusement|anger|curiosity|gratitude|love|realization
3571,11,disgust,6|9|15|18|25|26|27,confusion|disappointment|gratitude|love|sadness|surprise|neutral
3572,26,surprise,2|3|6|7|9|15|18|24|26,anger|annoyance|confusion|curiosity|disappointment|gratitude|love|remorse|surprise
3573,5|10,caring|disapproval,0|2|6|7|17|25|27,admiration|anger|confusion|curiosity|joy|sadness|neutral
3574,1,amusement,1|3|4|6|11|12|15|18|20|24|25|26,amusement|annoyance|approval|confusion|disgust|embarrassment|gratitude|love|optimism|remorse|sadness|surprise
3575,11,disgust,0|1|8|9|10|25,admiration|amusement|desire|disappointment|disapproval|sadness
3576,27,neutral,1|7|9|13|15|25,amusement|curiosity|disappointment|excitement|gratitude|sadness
3577,0,admiration,0|3|7|8|10|17|18|25|26,admiration|annoyance|curiosity|desire|disapproval|joy|love|sadness|surprise
3578,27,neutral,3|11|15|25|27,annoyance|disgust|gratitude|sadness|neutral
3579,9,disappointment,2|3|4|9|11|15|20|22,anger|annoyance|approval|disappointment|disgust|gratitude|optimism|realization
3580,20,optimism,0|1|3|4|7|10|14|15,admiration|amusement|annoyance|approval|curiosity|disapproval|fear|gratitude
3581,9|26,disappointment|surprise,0|5|10|15|24|26,admiration|caring|disapproval|gratitude|remorse|surprise
3582,7|20,curiosity|optimism,0|2|15|18|20|27,admiration|anger|gratitude|love|optimism|neutral
3583,27,neutral,0|1|8|9|10|27,admiration|amusement|desire|disappointment|disapproval|neutral
3584,5,caring,0|1|2|6|17,admiration|amusement|anger|confusion|joy
3585,1,amusement,0|1|6|9|10|18|24|25|26,admiration|amusement|confusion|disappointment|disapproval|love|remorse|sadness|surprise
3586,27,neutral,2|4|7|13|15|25,anger|approval|curiosity|excitement|gratitude|sadness
3587,27,neutral,1|17|22|27,amusement|joy|realization|neutral
3588,9,disappointment,2|9|11|18|27,anger|disappointment|disgust|love|neutral
3589,4,approval,0|1|4|6|15|18|23|25,admiration|amusement|approval|confusion|gratitude|love|relief|sadness
3590,18|22,love|realization,0|1|2|4|5|17|22,admiration|amusement|anger|approval|caring|joy|realization
3591,10,disapproval,0|1|3|4|5|7|10,admiration|amusement|annoyance|approval|caring|curiosity|disapproval
3592,18,love,1|4|7|9|10|18,amusement|approval|curiosity|disappointment|disapproval|love
3593,7|27,curiosity|neutral,0|1|4|5|18|24|27,admiration|amusement|approval|caring|love|remorse|neutral
3594,10,disapproval,0|6|8|10|13|25|27,admiration|confusion|desire|disapproval|excitement|sadness|neutral
3595,17,joy,7|9|15|27,curiosity|disappointment|gratitude|neutral
3596,4,approval,1|3|5|7|9|15|20|26,amusement|annoyance|caring|curiosity|disappointment|gratitude|optimism|surprise
3597,3,annoyance,0|9|18|27,admiration|disappointment|love|neutral
3598,27,neutral,0|3|4|7|10|13|20|22|26,admiration|annoyance|approval|curiosity|disapproval|excitement|optimism|realization|surprise
3599,27,neutral,0|2|3|4|15|17|20|22|25,admiration|anger|annoyance|approval|gratitude|joy|optimism|realization|sadness
3600,27,neutral,4|6|15|25,approval|confusion|gratitude|sadness
3601,0,admiration,0|1|2|5|6|7|17|18,admiration|amusement|anger|caring|confusion|curiosity|joy|love
3602,1,amusement,2|4|7|20|22|26|27,anger|approval|curiosity|optimism|realization|surprise|neutral
3603,1|18,amusement|love,0|1|2|6|13|18,admiration|amusement|anger|confusion|excitement|love
3604,15,gratitude,3|5|9|11|15|18|20|25,annoyance|caring|disappointment|disgust|gratitude|love|optimism|sadness
3605,27,neutral,1|4|7|11|27,amusement|approval|curiosity|disgust|neutral
3606,4,approval,1|7|10|17|18|20|22|25,amusement|curiosity|disapproval|joy|love|optimism|realization|sadness
3607,18,love,0|5|18|27,admiration|caring|love|neutral
3608,27,neutral,1|4|6|18|22,amusement|approval|confusion|love|realization
3609,6,confusion,3|10|11|15|18|27,annoyance|disapproval|disgust|gratitude|love|neutral
3610,10,disapproval,2|3|5|7|10|14|18|20|24|25,anger|annoyance|caring|curiosity|disapproval|fear|love|optimism|remorse|sadness
3611,4,approval,4|6|10|17|22|24|25,approval|confusion|disapproval|joy|realization|remorse|sadness
3612,27,neutral,0|2|3|5|6|10|17|18,admiration|anger|annoyance|caring|confusion|disapproval|joy|love
3613,7,curiosity,2|3|9|26,anger|annoyance|disappointment|surprise
3614,14,fear,2|6|11|13|15|18|20|26|27,anger|confusion|disgust|excitement|gratitude|love|optimism|surprise|neutral
3615,27,neutral,1|13|22|24|27,amusement|excitement|realization|remorse|neutral
3616,3|9,annoyance|disappointment,5|13|20|25|27,caring|excitement|optimism|sadness|neutral
3617,15,gratitude,10|11|15|18|22|25|26,disapproval|disgust|gratitude|love|realization|sadness|surprise
3618,5,caring,1|2|3|5|11|14|20|21|26,amusement|anger|annoyance|caring|disgust|fear|optimism|pride|surprise
3619,27,neutral,0|3|4|7|11,admiration|annoyance|approval|curiosity|disgust
3620,0,admiration,3|7|9|13|17|18|20|25,annoyance|curiosity|disappointment|excitement|joy|love|optimism|sadness
3621,27,neutral,4|9|13|15|17|18|20|27,approval|disappointment|excitement|gratitude|joy|love|optimism|neutral
3622,27,neutral,0|2|4|9|27,admiration|anger|approval|disappointment|neutral
3623,15,gratitude,0|10|27,admiration|disapproval|neutral
3624,4|5|7,approval|caring|curiosity,4|7|10|13|15|26,approval|curiosity|disapproval|excitement|gratitude|surprise
3625,7,curiosity,6|9|17|27,confusion|disappointment|joy|neutral
3626,27,neutral,1|2|5|26|27,amusement|anger|caring|surprise|neutral
3627,12,embarrassment,0|4|5|10|13|25|27,admiration|approval|caring|disapproval|excitement|sadness|neutral
3628,0,admiration,1|6|9|26|27,amusement|confusion|disappointment|surprise|neutral
3629,0,admiration,0|2|3|4|9|25|27,admiration|anger|annoyance|approval|disappointment|sadness|neutral
3630,27,neutral,0|4|7|14|18|27,admiration|approval|curiosity|fear|love|neutral
3631,5,caring,1|3|4|5|7|15|26,amusement|annoyance|approval|caring|curiosity|gratitude|surprise
3632,0|3,admiration|annoyance,1|3|4|9|10|11|15,amusement|annoyance|approval|disappointment|disapproval|disgust|gratitude
3633,27,neutral,0|1|2|7|11|20|26|27,admiration|amusement|anger|curiosity|disgust|optimism|surprise|neutral
3634,0|4,admiration|approval,0|17|18|26,admiration|joy|love|surprise
3635,11|24,disgust|remorse,0|1|3|4|5|7|10|15|17,admiration|amusement|annoyance|approval|caring|curiosity|disapproval|gratitude|joy
3636,4,approval,0|4|6|13|18|26,admiration|approval|confusion|excitement|love|surprise
3637,20|27,optimism|neutral,4|6|13|22|25,approval|confusion|excitement|realization|sadness
3638,27,neutral,3|8|9|17|18|21|26|27,annoyance|desire|disappointment|joy|love|pride|surprise|neutral
3639,5|20,caring|optimism,3|4|9|10|15|18|20|27,annoyance|approval|disappointment|disapproval|gratitude|love|optimism|neutral
3640,10,disapproval,0|1|3|4|8|10|15|17|20|25,admiration|amusement|annoyance|approval|desire|disapproval|gratitude|joy|optimism|sadness
3641,27,neutral,1|4|7|9|10|11|22|27,amusement|approval|curiosity|disappointment|disapproval|disgust|realization|neutral
3642,27,neutral,0|1|3|5|13|15|17|27,admiration|amusement|annoyance|caring|excitement|gratitude|joy|neutral
3643,7,curiosity,7|9|11|13|25|27,curiosity|disappointment|disgust|excitement|sadness|neutral
3644,8,desire,8|14|24,desire|fear|remorse
3645,9,disappointment,1|2|3|4|6|9|11|15|20|22,amusement|anger|annoyance|approval|confusion|disappointment|disgust|gratitude|optimism|realization
3646,20,optimism,1|2|4|6|7|9|18|27,amusement|anger|approval|confusion|curiosity|disappointment|love|neutral
3647,4,approval,0|6|18|27,admiration|confusion|love|neutral
3648,8,desire,1|9|13|18|20|25|27,amusement|disappointment|excitement|love|optimism|sadness|neutral
3649,10,disapproval,1|5|6|7|9|10|14|15,amusement|caring|confusion|curiosity|disappointment|disapproval|fear|gratitude
3650,4|14|18,approval|fear|love,1|4|5|8|17|18|20|26,amusement|approval|caring|desire|joy|love|optimism|surprise
3651,25,sadness,1|5|14|18|27,amusement|caring|fear|love|neutral
3652,15|24,gratitude|remorse,1|7|22|24|25|27,amusement|curiosity|realization|remorse|sadness|neutral
3653,10,disapproval,3|9|14|15|17|20|25|27,annoyance|disappointment|fear|gratitude|joy|optimism|sadness|neutral
3654,27,neutral,1|5|6|17|22|26,amusement|caring|confusion|joy|realization|surprise
3655,3,annoyance,0|4|5|9|10|18|27,admiration|approval|caring|disappointment|disapproval|love|neutral
3656,10,disapproval,0|5|6|8|27,admiration|caring|confusion|desire|neutral
3657,27,neutral,0|1|2|3|8|9|14|17|24|25,admiration|amusement|anger|annoyance|desire|disappointment|fear|joy|remorse|sadness
3658,17,joy,4|5|11|13|17|18,approval|caring|disgust|excitement|joy|love
3659,26,surprise,0|3|7|8|10|15|20|22|26,admiration|annoyance|curiosity|desire|disapproval|gratitude|optimism|realization|surprise
3660,1,amusement,1|3|7|13|17|22|27,amusement|annoyance|curiosity|excitement|joy|realization|neutral
3661,10,disapproval,0|2|5|7|8|9|14|15|17|18|24|25|26,admiration|anger|caring|curiosity|desire|disappointment|fear|gratitude|joy|love|remorse|sadness|surprise
3662,10,disapproval,4|6|7|13|27,approval|confusion|curiosity|excitement|neutral
3663,5,caring,1|3|6|8|10|13|14|15|22,amusement|annoyance|confusion|desire|disapproval|excitement|fear|gratitude|realization
3664,12,embarrassment,0|1|2|4|7|9|10|13|15|17|18|19,admiration|amusement|anger|approval|curiosity|disappointment|disapproval|excitement|gratitude|joy|love|nervousness
3665,27,neutral,0|1|6|10|14|21|22|26,admiration|amusement|confusion|disapproval|fear|pride|realization|surprise
3666,2|3,anger|annoyance,0|1|2|4|9,admiration|amusement|anger|approval|disappointment
3667,24|25,remorse|sadness,0|4|13|27,admiration|approval|excitement|neutral
3668,18,love,0|1|3|5|8|18|20|24|25|27,admiration|amusement|annoyance|caring|desire|love|optimism|remorse|sadness|neutral
3669,26,surprise,3|5|7|13|26|27,annoyance|caring|curiosity|excitement|surprise|neutral
3670,0,admiration,1|2|4|8|10|20|25,amusement|anger|approval|desire|disapproval|optimism|sadness
3671,10,disapproval,1|22|25|26|27,amusement|realization|sadness|surprise|neutral
3672,10,disapproval,0|3|7|9|15|26|27,admiration|annoyance|curiosity|disappointment|gratitude|surprise|neutral
3673,6,confusion,0|10|11,admiration|disapproval|disgust
3674,27,neutral,2|4|5|7|17|20|27,anger|approval|caring|curiosity|joy|optimism|neutral
3675,27,neutral,5|6|12|13|18|22|25,caring|confusion|embarrassment|excitement|love|realization|sadness
3676,27,neutral,1|17|18|22|26|27,amusement|joy|love|realization|surprise|neutral
3677,9,disappointment,0|3|7|13|15|26|27,admiration|annoyance|curiosity|excitement|gratitude|surprise|neutral
3678,5,caring,7|9|11|17|27,curiosity|disappointment|disgust|joy|neutral
3679,7,curiosity,2|4|10|17|18|26|27,anger|approval|disapproval|joy|love|surprise|neutral
3680,27,neutral,1|2|22|25|26,amusement|anger|realization|sadness|surprise
3681,27,neutral,1|4|9,amusement|approval|disappointment
3682,0,admiration,0|2|3|5|9|13|18,admiration|anger|annoyance|caring|disappointment|excitement|love
3683,4,approval,0|2|6|9|15|18|20,admiration|anger|confusion|disappointment|gratitude|love|optimism
3684,19|25,nervousness|sadness,0|1|2|4|7|10|22,admiration|amusement|anger|approval|curiosity|disapproval|realization
3685,11|14|20,disgust|fear|optimism,3|4|7|14|25|26,annoyance|approval|curiosity|fear|sadness|surprise
3686,4|15,approval|gratitude,2|4|5|17|20|26,anger|approval|caring|joy|optimism|surprise
3687,3|14,annoyance|fear,1|3|6|8|9|13|17|22|27,amusement|annoyance|confusion|desire|disappointment|excitement|joy|realization|neutral
3688,18,love,1|2|3|10|13|15|17|27,amusement|anger|annoyance|disapproval|excitement|gratitude|joy|neutral
3689,4,approval,1|2|27,amusement|anger|neutral
3690,25,sadness,2|6|9|20|26|27,anger|confusion|disappointment|optimism|surprise|neutral
3691,22,realization,3|8|9|10|13|26,annoyance|desire|disappointment|disapproval|excitement|surprise
3692,4|27,approval|neutral,1|3|7|11|18,amusement|annoyance|curiosity|disgust|love
3693,1,amusement,0|2|3|9|10|27,admiration|anger|annoyance|disappointment|disapproval|neutral
3694,27,neutral,0|3|9|10|18,admiration|annoyance|disappointment|disapproval|love
3695,6,confusion,0|1|6|7|26,admiration|amusement|confusion|curiosity|surprise
3696,27,neutral,2|3|5|8|20,anger|annoyance|caring|desire|optimism
3697,27,neutral,0|5|6|13|15|18|20|22,admiration|caring|confusion|excitement|gratitude|love|optimism|realization
3698,20,optimism,2|3|5|10|20|27,anger|annoyance|caring|disapproval|optimism|neutral
3699,15,gratitude,7|15|17|19|25|26,curiosity|gratitude|joy|nervousness|sadness|surprise
3700,3,annoyance,1|2|5|7|9|11|15|25|27,amusement|anger|caring|curiosity|disappointment|disgust|gratitude|sadness|neutral
3701,27,neutral,0|2|6|13|15|17|27,admiration|anger|confusion|excitement|gratitude|joy|neutral
3702,27,neutral,0|4|6|10,admiration|approval|confusion|disapproval
3703,11,disgust,4|5|6|8|14|15|25,approval|caring|confusion|desire|fear|gratitude|sadness
3704,27,neutral,0|4|5|10|18,admiration|approval|caring|disapproval|love
3705,26,surprise,3|4|18|22|27,annoyance|approval|love|realization|neutral
3706,3,annoyance,0|1|3|5|7|11|12|27,admiration|amusement|annoyance|caring|curiosity|disgust|embarrassment|neutral
3707,5,caring,1|2|5|6|7|9|10|14|25|27,amusement|anger|caring|confusion|curiosity|disappointment|disapproval|fear|sadness|neutral
3708,27,neutral,0|2|3|7|8|10|15|20|26|27,admiration|anger|annoyance|curiosity|desire|disapproval|gratitude|optimism|surprise|neutral
3709,4,approval,3|4|6|11|13|17|20,annoyance|approval|confusion|disgust|excitement|joy|optimism
3710,27,neutral,2|3|4|7|9|20,anger|annoyance|approval|curiosity|disappointment|optimism
3711,27,neutral,0|8|10|15|18|20|26,admiration|desire|disapproval|gratitude|love|optimism|surprise
3712,3|10,annoyance|disapproval,1|3|9|15|27,amusement|annoyance|disappointment|gratitude|neutral
3713,27,neutral,0|11|22|27,admiration|disgust|realization|neutral
3714,23,relief,0|1|3|10|15|18,admiration|amusement|annoyance|disapproval|gratitude|love
3715,0|4,admiration|approval,0|9|11|13|15|20|25|26,admiration|disappointment|disgust|excitement|gratitude|optimism|sadness|surprise
3716,11,disgust,0|1|5|13|15|26,admiration|amusement|caring|excitement|gratitude|surprise
3717,0,admiration,4|10|18|21,approval|disapproval|love|pride
3718,27,neutral,11|25|27,disgust|sadness|neutral
3719,7,curiosity,0|1|6|7|11|13|15|20|22,admiration|amusement|confusion|curiosity|disgust|excitement|gratitude|optimism|realization
3720,27,neutral,3|4|6|10|20|25,annoyance|approval|confusion|disapproval|optimism|sadness
3721,27,neutral,1|3|7|11|14|15|18,amusement|annoyance|curiosity|disgust|fear|gratitude|love
3722,7,curiosity,3|5|7|11|22|23|26,annoyance|caring|curiosity|disgust|realization|relief|surprise
3723,18,love,0|3|17|27,admiration|annoyance|joy|neutral
3724,17,joy,0|1|3|5|6|7|10|15|17,admiration|amusement|annoyance|caring|confusion|curiosity|disapproval|gratitude|joy
3725,4|22,approval|realization,4|15|20|24,approval|gratitude|optimism|remorse
3726,9,disappointment,2|8|10|18|24|25|27,anger|desire|disapproval|love|remorse|sadness|neutral
3727,0,admiration,0|9|10|17|26|27,admiration|disappointment|disapproval|joy|surprise|neutral
3728,0,admiration,0|4|7|10|20|24,admiration|approval|curiosity|disapproval|optimism|remorse
3729,27,neutral,1|7|18|27,amusement|curiosity|love|neutral
3730,9,disappointment,1|2|4|15|27,amusement|anger|approval|gratitude|neutral
3731,27,neutral,2|3|4|10|15|20|26,anger|annoyance|approval|disapproval|gratitude|optimism|surprise
3732,26,surprise,1|4|10|17|18,amusement|approval|disapproval|joy|love
3733,17,joy,2|6|7|8|10|15|22,anger|confusion|curiosity|desire|disapproval|gratitude|realization
3734,7,curiosity,3|6|25|26|27,annoyance|confusion|sadness|surprise|neutral
3735,1|17,amusement|joy,0|2|4|6|7|9|15|18|26,admiration|anger|approval|confusion|curiosity|disappointment|gratitude|love|surprise
3736,8,desire,2|3|6|9|10|14|15|27,anger|annoyance|confusion|disappointment|disapproval|fear|gratitude|neutral
3737,27,neutral,0|4|17|18|20,admiration|approval|joy|love|optimism
3738,27,neutral,1|4|7|14|16|20|25|26,amusement|approval|curiosity|fear|grief|optimism|sadness|surprise
3739,7,curiosity,0|4|5|6|7|13|22,admiration|approval|caring|confusion|curiosity|excitement|realization
3740,19,nervousness,3|4|11|17|20|24|27,annoyance|approval|disgust|joy|optimism|remorse|neutral
3741,24|25,remorse|sadness,0|4|9|10|18|20,admiration|approval|disappointment|disapproval|love|optimism
3742,22|25,realization|sadness,0|9|15|17|20|27,admiration|disappointment|gratitude|joy|optimism|neutral
3743,27,neutral,0|1|4|5|15|20|24,admiration|amusement|approval|caring|gratitude|optimism|remorse
3744,5|27,caring|neutral,1|2|17,amusement|anger|joy
3745,27,neutral,0|11|12|18|20,admiration|disgust|embarrassment|love|optimism
3746,2|27,anger|neutral,0|1|2|5|14|15|20|22,admiration|amusement|anger|caring|fear|gratitude|optimism|realization
3747,7,curiosity,3|24|27,annoyance|remorse|neutral
3748,18,love,0|3|4|5|18|25,admiration|annoyance|approval|caring|love|sadness
3749,18,love,0|1|2|5|12|14|19,admiration|amusement|anger|caring|embarrassment|fear|nervousness
3750,18,love,0|1|2|9|15|18|23|25|26,admiration|amusement|anger|disappointment|gratitude|love|relief|sadness|surprise
3751,27,neutral,2|4|6|10|13|17|19|24|27,anger|approval|confusion|disapproval|excitement|joy|nervousness|remorse|neutral
3752,25,sadness,9|15|20,disappointment|gratitude|optimism
3753,27,neutral,4|6|7|9|10,approval|confusion|curiosity|disappointment|disapproval
3754,27,neutral,2|3|4|5|6|7|10|13,anger|annoyance|approval|caring|confusion|curiosity|disapproval|excitement
3755,22,realization,0|5|10|15|17|18|24|25,admiration|caring|disapproval|gratitude|joy|love|remorse|sadness
3756,0,admiration,0|2|3|7|8|9|17|18|20|23,admiration|anger|annoyance|curiosity|desire|disappointment|joy|love|optimism|relief
3757,20,optimism,0|2|4|6|14,admiration|anger|approval|confusion|fear
3758,7|25,curiosity|sadness,0|3|4|6|7|11|13|18|22|25,admiration|annoyance|approval|confusion|curiosity|disgust|excitement|love|realization|sadness
3759,0,admiration,7|13|14|18|25,curiosity|excitement|fear|love|sadness
3760,4,approval,2|4|10|22,anger|approval|disapproval|realization
3761,18,love,4|6|14|15|18|27,approval|confusion|fear|gratitude|love|neutral
3762,27,neutral,2|3|6|10|15|20|22|26,anger|annoyance|confusion|disapproval|gratitude|optimism|realization|surprise
3763,22|27,realization|neutral,1|3|5|6|7|11|15,amusement|annoyance|caring|confusion|curiosity|disgust|gratitude
3764,2|3,anger|annoyance,1|5|8|15|26,amusement|caring|desire|gratitude|surprise
3765,18,love,1|3|6|10|13|14|15|17|22|25,amusement|annoyance|confusion|disapproval|excitement|fear|gratitude|joy|realization|sadness
3766,13,excitement,0|2|3|4|26,admiration|anger|annoyance|approval|surprise
3767,5,caring,0|1|4|10|22|26|27,admiration|amusement|approval|disapproval|realization|surprise|neutral
3768,27,neutral,1|3|4|6|18|22,amusement|annoyance|approval|confusion|love|realization
3769,18,love,2|18|20|25,anger|love|optimism|sadness
3770,27,neutral,0|4|5|7|9|10|18|20|25|26|27,admiration|approval|caring|curiosity|disappointment|disapproval|love|optimism|sadness|surprise|neutral
3771,27,neutral,0|2|3|4|6|7|10|15|22,admiration|anger|annoyance|approval|confusion|curiosity|disapproval|gratitude|realization
3772,5|14,caring|fear,1|2|4|10|18,amusement|anger|approval|disapproval|love
3773,25,sadness,0|6|7|11|13|14|18|20,admiration|confusion|curiosity|disgust|excitement|fear|love|optimism
3774,27,neutral,0|2|5|13|17|18|25|27,admiration|anger|caring|excitement|joy|love|sadness|neutral
3775,4,approval,0|3|9|10|15,admiration|annoyance|disappointment|disapproval|gratitude
3776,5|8|20|25,caring|desire|optimism|sadness,1|2|3|9|11|13|27,amusement|anger|annoyance|disappointment|disgust|excitement|neutral
3777,27,neutral,2|7|11|20|25|27,anger|curiosity|disgust|optimism|sadness|neutral
3778,9,disappointment,1|2|5|7|9|10|15|18|20,amusement|anger|caring|curiosity|disappointment|disapproval|gratitude|love|optimism
3779,0,admiration,0|6|14|18|25|27,admiration|confusion|fear|love|sadness|neutral
3780,13,excitement,1|7|15|22|27,amusement|curiosity|gratitude|realization|neutral
3781,27,neutral,0|2|6|7|15,admiration|anger|confusion|curiosity|gratitude
3782,0,admiration,3|4|5|7|8|17|18|27,annoyance|approval|caring|curiosity|desire|joy|love|neutral
3783,7,curiosity,0|5|13|15|17|26,admiration|caring|excitement|gratitude|joy|surprise
3784,18,love,0|2|3|4|9|11|15|18|27,admiration|anger|annoyance|approval|disappointment|disgust|gratitude|love|neutral
3785,13|26,excitement|surprise,2|3|6|7|9|15|27,anger|annoyance|confusion|curiosity|disappointment|gratitude|neutral
3786,15,gratitude,1|3|5|6|15|22|27,amusement|annoyance|caring|confusion|gratitude|realization|neutral
3787,27,neutral,5|6|9|14|15|18|27,caring|confusion|disappointment|fear|gratitude|love|neutral
3788,0,admiration,1|10|15|18|22|26,amusement|disapproval|gratitude|love|realization|surprise
3789,27,neutral,0|1|8|10|14|17|18|24|25|27,admiration|amusement|desire|disapproval|fear|joy|love|remorse|sadness|neutral
3790,3|27,annoyance|neutral,4|6|7|8|9|24|27,approval|confusion|curiosity|desire|disappointment|remorse|neutral
3791,4,approval,0|1|2|4|6|7|10|15|18|22,admiration|amusement|anger|approval|confusion|curiosity|disapproval|gratitude|love|realization
3792,4,approval,4|5|8|10|13|15|24|25,approval|caring|desire|disapproval|excitement|gratitude|remorse|sadness
3793,27,neutral,1|4|6|17|22|25,amusement|approval|confusion|joy|realization|sadness
3794,27,neutral,1|3|4|15|17|22|25|27,amusement|annoyance|approval|gratitude|joy|realization|sadness|neutral
3795,4,approval,0|3|8|10|13|27,admiration|annoyance|desire|disapproval|excitement|neutral
3796,11,disgust,6|13|17|22,confusion|excitement|joy|realization
3797,10,disapproval,1|4|9|20|21|25|27,amusement|approval|disappointment|optimism|pride|sadness|neutral
3798,27,neutral,1|3|10|11|18|20|27,amusement|annoyance|disapproval|disgust|love|optimism|neutral
3799,20,optimism,7|9|10|13|14|15,curiosity|disappointment|disapproval|excitement|fear|gratitude
3800,27,neutral,0|3|5|26,admiration|annoyance|caring|surprise
3801,5,caring,0|1|3|9|12|18|20|27,admiration|amusement|annoyance|disappointment|embarrassment|love|optimism|neutral
3802,7,curiosity,4|5|14|20,approval|caring|fear|optimism
3803,27,neutral,1|3|7|8|10,amusement|annoyance|curiosity|desire|disapproval
3804,2|3,anger|annoyance,18|25,love|sadness
3805,1,amusement,4|15|18|20|25|26|27,approval|gratitude|love|optimism|sadness|surprise|neutral
3806,27,neutral,1|2|4|6|7|10|11|26,amusement|anger|approval|confusion|curiosity|disapproval|disgust|surprise
3807,27,neutral,1|13|17|26|27,amusement|excitement|joy|surprise|neutral
3808,1|4,amusement|approval,0|4|5|7|26,admiration|approval|caring|curiosity|surprise
3809,0|14,admiration|fear,9|10|17|22|27,disappointment|disapproval|joy|realization|neutral
3810,18,love,17|18|20|27,joy|love|optimism|neutral
3811,27,neutral,1|6|9|11|22|25,amusement|confusion|disappointment|disgust|realization|sadness
3812,5,caring,0|7|10|27,admiration|curiosity|disapproval|neutral
3813,18,love,6|7|10,confusion|curiosity|disapproval
3814,3,annoyance,0|2|8|9|15|22|24|25,admiration|anger|desire|disappointment|gratitude|realization|remorse|sadness
3815,18,love,0|4|7|11|12|13|14|15,admiration|approval|curiosity|disgust|embarrassment|excitement|fear|gratitude
3816,22|27,realization|neutral,3|6|8|10|11|13|17|18|20,annoyance|confusion|desire|disapproval|disgust|excitement|joy|love|optimism
3817,27,neutral,3|5|13|15|25,annoyance|caring|excitement|gratitude|sadness
3818,27,neutral,1|2|3|8|20|22|25,amusement|anger|annoyance|desire|optimism|realization|sadness
3819,3,annoyance,0|2|6|7|10|20|26|27,admiration|anger|confusion|curiosity|disapproval|optimism|surprise|neutral
3820,1,amusement,3|18|20|22|24|26|27,annoyance|love|optimism|realization|remorse|surprise|neutral
3821,26,surprise,0|3|6|7|10|15|20|23|27,admiration|annoyance|confusion|curiosity|disapproval|gratitude|optimism|relief|neutral
3822,14,fear,0|2|4|5|6|11|14|20,admiration|anger|approval|caring|confusion|disgust|fear|optimism
3823,10,disapproval,1|3|6|7|9|15|18,amusement|annoyance|confusion|curiosity|disappointment|gratitude|love
3824,27,neutral,3|11|14|20,annoyance|disgust|fear|optimism
3825,0,admiration,2|3|4|5|9|10|22|25|27,anger|annoyance|approval|caring|disappointment|disapproval|realization|sadness|neutral
3826,15,gratitude,1|6|15|17|20|22,amusement|confusion|gratitude|joy|optimism|realization
3827,27,neutral,2|4|5|7|9|13|14|17|18|20,anger|approval|caring|curiosity|disappointment|excitement|fear|joy|love|optimism
3828,27,neutral,2|4|5|9|22,anger|approval|caring|disappointment|realization
3829,6|7,confusion|curiosity,1|7|14|15|17|27,amusement|curiosity|fear|gratitude|joy|neutral
3830,3,annoyance,3|4|5|10|14|15|26,annoyance|approval|caring|disapproval|fear|gratitude|surprise
3831,1,amusement,0|2|4|5|9|15|17,admiration|anger|approval|caring|disappointment|gratitude|joy
3832,10,disapproval,0|1|6|11|14|15|17,admiration|amusement|confusion|disgust|fear|gratitude|joy
3833,1,amusement,3|5|7|11|17|18|24,annoyance|caring|curiosity|disgust|joy|love|remorse
3834,27,neutral,0|2|3|15|17|27,admiration|anger|annoyance|gratitude|joy|neutral
3835,3,annoyance,1|3|6|9|24|25|27,amusement|annoyance|confusion|disappointment|remorse|sadness|neutral
3836,27,neutral,5|9|18|27,caring|disappointment|love|neutral
3837,27,neutral,0|1|2|5|11|17|24|25|26|27,admiration|amusement|anger|caring|disgust|joy|remorse|sadness|surprise|neutral
3838,1,amusement,0|3|10|11|18|20|27,admiration|annoyance|disapproval|disgust|love|optimism|neutral
3839,27,neutral,0|2|5|6|10|15,admiration|anger|caring|confusion|disapproval|gratitude
3840,5|15,caring|gratitude,0|3|4|10|17|20|25|26|27,admiration|annoyance|approval|disapproval|joy|optimism|sadness|surprise|neutral
3841,27,neutral,2|3|4|9|18|20|22|25|26|27,anger|annoyance|approval|disappointment|love|optimism|realization|sadness|surprise|neutral
3842,27,neutral,2|3|4|5|7|10|11|18|20|22,anger|annoyance|approval|caring|curiosity|disapproval|disgust|love|optimism|realization
3843,4,approval,0|6|9|11|15|26|27,admiration|confusion|disappointment|disgust|gratitude|surprise|neutral
3844,8,desire,0|4|8|9|10|17|27,admiration|approval|desire|disappointment|disapproval|joy|neutral
3845,7,curiosity,0|2|9|11|18|22|24|25,admiration|anger|disappointment|disgust|love|realization|remorse|sadness
3846,15|22,gratitude|realization,4|9|11|17|18|22,approval|disappointment|disgust|joy|love|realization
3847,8,desire,0|3|17,admiration|annoyance|joy
3848,20,optimism,0|1|9|10|17|26,admiration|amusement|disappointment|disapproval|joy|surprise
3849,1,amusement,3|5|17|18|20|25|27,annoyance|caring|joy|love|optimism|sadness|neutral
3850,25,sadness,4|13|25|27,approval|excitement|sadness|neutral
3851,7,curiosity,6|7|11|14|15|20|27,confusion|curiosity|disgust|fear|gratitude|optimism|neutral
3852,17,joy,1|2|3|5|17,amusement|anger|annoyance|caring|joy
3853,4,approval,2|4|8|11|13,anger|approval|desire|disgust|excitement
3854,27,neutral,0|9|10|14|15|17|27,admiration|disappointment|disapproval|fear|gratitude|joy|neutral
3855,3|12,annoyance|embarrassment,0|2|3|5|7|15|18|26,admiration|anger|annoyance|caring|curiosity|gratitude|love|surprise
3856,2,anger,0|4|10|12|15|20,admiration|approval|disapproval|embarrassment|gratitude|optimism
3857,0|20,admiration|optimism,0|3|15|18|26,admiration|annoyance|gratitude|love|surprise
3858,27,neutral,3|9|14|15|25,annoyance|disappointment|fear|gratitude|sadness
3859,27,neutral,0|6|7|11|15|26|27,admiration|confusion|curiosity|disgust|gratitude|surprise|neutral
3860,3,annoyance,1|3|4|5|9|11|14,amusement|annoyance|approval|caring|disappointment|disgust|fear
3861,15|20,gratitude|optimism,0|4|9|10|15|20|25|27,admiration|approval|disappointment|disapproval|gratitude|optimism|sadness|neutral
3862,15,gratitude,0|1|7|8|9|11|15|24|27,admiration|amusement|curiosity|desire|disappointment|disgust|gratitude|remorse|neutral
3863,27,neutral,4|6|13|27,approval|confusion|excitement|neutral
3864,27,neutral,0|4|17|18,admiration|approval|joy|love
3865,27,neutral,3|5|6|7|25|27,annoyance|caring|confusion|curiosity|sadness|neutral
3866,2,anger,0|3|4|9|11|20|22|24|26,admiration|annoyance|approval|disappointment|disgust|optimism|realization|remorse|surprise
3867,27,neutral,3|5|7|15|27,annoyance|caring|curiosity|gratitude|neutral
3868,2,anger,0|4|18|20,admiration|approval|love|optimism
3869,2,anger,1|2|14|26,amusement|anger|fear|surprise
3870,27,neutral,0|4|5|10|11|13|22|27,admiration|approval|caring|disapproval|disgust|excitement|realization|neutral
3871,18,love,0|5|10|17|24|25|26,admiration|caring|disapproval|joy|remorse|sadness|surprise
3872,15,gratitude,6|9|12|18|24,confusion|disappointment|embarrassment|love|remorse
3873,27,neutral,1|3|4|13|27,amusement|annoyance|approval|excitement|neutral
3874,27,neutral,2|4|13|22|24|26|27,anger|approval|excitement|realization|remorse|surprise|neutral
3875,27,neutral,0|3|7|8|9|15|17,admiration|annoyance|curiosity|desire|disappointment|gratitude|joy
3876,27,neutral,1|10|13|17|23|27,amusement|disapproval|excitement|joy|relief|neutral
3877,6,confusion,0|4|6|7|8|15|17|25|27,admiration|approval|confusion|curiosity|desire|gratitude|joy|sadness|neutral
3878,6,confusion,1|5|7|9|15|18|22|24|25,amusement|caring|curiosity|disappointment|gratitude|love|realization|remorse|sadness
3879,7,curiosity,3|6|7|10|22|26,annoyance|confusion|curiosity|disapproval|realization|surprise
3880,2|20,anger|optimism,0|1|4|6|9|17|27,admiration|amusement|approval|confusion|disappointment|joy|neutral
3881,6|22,confusion|realization,1|2|4|6|15|18,amusement|anger|approval|confusion|gratitude|love
3882,10,disapproval,0|4|5|6|7|14|15|20|22|26,admiration|approval|caring|confusion|curiosity|fear|gratitude|optimism|realization|surprise
3883,27,neutral,1|7|10|18|26|27,amusement|curiosity|disapproval|love|surprise|neutral
3884,6,confusion,3|9|10|20|25|27,annoyance|disappointment|disapproval|optimism|sadness|neutral
3885,27,neutral,0|2|7|8|11|17|25,admiration|anger|curiosity|desire|disgust|joy|sadness
3886,27,neutral,1|3|5|9,amusement|annoyance|caring|disappointment
3887,12,embarrassment,1|4|8|9|23|27,amusement|approval|desire|disappointment|relief|neutral
3888,7,curiosity,5|9|10|11|14|18|26,caring|disappointment|disapproval|disgust|fear|love|surprise
3889,27,neutral,0|3|4|17,admiration|annoyance|approval|joy
3890,9,disappointment,2|4|6|10|15|17,anger|approval|confusion|disapproval|gratitude|joy
3891,10,disapproval,2|4|5|8|9|15|27,anger|approval|caring|desire|disappointment|gratitude|neutral
3892,27,neutral,0|20|22|26|27,admiration|optimism|realization|surprise|neutral
3893,4|6|7,approval|confusion|curiosity,0|6|10|13|15|18|20|24|25,admiration|confusion|disapproval|excitement|gratitude|love|optimism|remorse|sadness
3894,4,approval,0|1|4|5,admiration|amusement|approval|caring
3895,27,neutral,4|20|22|27,approval|optimism|realization|neutral
3896,15,gratitude,7|18|22|26|27,curiosity|love|realization|surprise|neutral
3897,7,curiosity,1|2|10|12|15|18|22,amusement|anger|disapproval|embarrassment|gratitude|love|realization
3898,4,approval,0|2|6|7|10|25|27,admiration|anger|confusion|curiosity|disapproval|sadness|neutral
3899,1,amusement,3|6|11|13|18|23|26|27,annoyance|confusion|disgust|excitement|love|relief|surprise|neutral
3900,4,approval,0|2|14|15|20|25|26,admiration|anger|fear|gratitude|optimism|sadness|surprise
3901,6,confusion,0|2|3|4|6|8|9|13|15|24|25|26,admiration|anger|annoyance|approval|confusion|desire|disappointment|excitement|gratitude|remorse|sadness|surprise
3902,27,neutral,0|2|8,admiration|anger|desire
3903,3|10,annoyance|disapproval,0|3|9|18|25|26|27,admiration|annoyance|disappointment|love|sadness|surprise|neutral
3904,0|15,admiration|gratitude,2|5|15|20|27,anger|caring|gratitude|optimism|neutral
3905,27,neutral,0|9|20|22,admiration|disappointment|optimism|realization
3906,1|18,amusement|love,1|2|13|17|25|27,amusement|anger|excitement|joy|sadness|neutral
3907,27,neutral,2|4|13|15|17|22|25,anger|approval|excitement|gratitude|joy|realization|sadness
3908,7,curiosity,1|4|7|14,amusement|approval|curiosity|fear
3909,17,joy,0|2|3|6|9|10|15|20,admiration|anger|annoyance|confusion|disappointment|disapproval|gratitude|optimism
3910,5|27,caring|neutral,2|7|8|9|13|14|18|27,anger|curiosity|desire|disappointment|excitement|fear|love|neutral
3911,22,realization,3|5|9|10|11|17|20,annoyance|caring|disappointment|disapproval|disgust|joy|optimism
3912,27,neutral,0|1|7|24,admiration|amusement|curiosity|remorse
3913,18,love,4|9|18|25|27,approval|disappointment|love|sadness|neutral
3914,15,gratitude,0|2|3|5|7|14|24|25,admiration|anger|annoyance|caring|curiosity|fear|remorse|sadness
3915,2|3,anger|annoyance,0|5|6|10|13|15|26,admiration|caring|confusion|disapproval|excitement|gratitude|surprise
3916,2,anger,2|3|6|9|20|26,anger|annoyance|confusion|disappointment|optimism|surprise
3917,7,curiosity,1|2|8|9|15|18|20|26|27,amusement|anger|desire|disappointment|gratitude|love|optimism|surprise|neutral
3918,27,neutral,4|5|7|15|18,approval|caring|curiosity|gratitude|love
3919,27,neutral,4|9|17|26,approval|disappointment|joy|surprise
3920,7,curiosity,1|7|9|13|15|25,amusement|curiosity|disappointment|excitement|gratitude|sadness
3921,0,admiration,3|4|17|18|25|27,annoyance|approval|joy|love|sadness|neutral
3922,4,approval,0|15|20|22|25|27,admiration|gratitude|optimism|realization|sadness|neutral
3923,4,approval,1|2|4|15|17,amusement|anger|approval|gratitude|joy
3924,27,neutral,0|7|11|13|25|26,admiration|curiosity|disgust|excitement|sadness|surprise
3925,27,neutral,3|10|13|15|26|27,annoyance|disapproval|excitement|gratitude|surprise|neutral
3926,15|26,gratitude|surprise,0|2|7|10|20|26|27,admiration|anger|curiosity|disapproval|optimism|surprise|neutral
3927,2|3,anger|annoyance,3|4|14|15|18|20,annoyance|approval|fear|gratitude|love|optimism
3928,27,neutral,0|1|3|5|7|9|13|15,admiration|amusement|annoyance|caring|curiosity|disappointment|excitement|gratitude
3929,15,gratitude,1|3|6|7|11|12|13|20,amusement|annoyance|confusion|curiosity|disgust|embarrassment|excitement|optimism
3930,10,disapproval,0|4|6|17|25,admiration|approval|confusion|joy|sadness
3931,2|3,anger|annoyance,1|4|6|9|20|24,amusement|approval|confusion|disappointment|optimism|remorse
3932,27,neutral,3|4|7|15|18,annoyance|approval|curiosity|gratitude|love
3933,0,admiration,3|4|11|15|18|20|26|27,annoyance|approval|disgust|gratitude|love|optimism|surprise|neutral
3934,5|24,caring|remorse,9|11|15|22,disappointment|disgust|gratitude|realization
3935,27,neutral,3|5|13|15|17|27,annoyance|caring|excitement|gratitude|joy|neutral
3936,22|27,realization|neutral,3|4|7|9|17|18|20|25|27,annoyance|approval|curiosity|disappointment|joy|love|optimism|sadness|neutral
3937,27,neutral,4|6|7|10|14|15|20,approval|confusion|curiosity|disapproval|fear|gratitude|optimism
3938,22,realization,0|5|7|11|22|26,admiration|caring|curiosity|disgust|realization|surprise
3939,26,surprise,2|6|11|13|15|17|22|24|25,anger|confusion|disgust|excitement|gratitude|joy|realization|remorse|sadness
3940,1,amusement,0|5|10|13|18|27,admiration|caring|disapproval|excitement|love|neutral
3941,3,annoyance,0|3|5|7|9|10|15,admiration|annoyance|caring|curiosity|disappointment|disapproval|gratitude
3942,15,gratitude,2|6|7|18|27,anger|confusion|curiosity|love|neutral
3943,3|10,annoyance|disapproval,2|10|11|18|20|27,anger|disapproval|disgust|love|optimism|neutral
3944,1|15,amusement|gratitude,0|3|6|7|8|22|25|27,admiration|annoyance|confusion|curiosity|desire|realization|sadness|neutral
3945,24,remorse,1|7|10|12|20|24|26,amusement|curiosity|disapproval|embarrassment|optimism|remorse|surprise
3946,27,neutral,1|3|4|6|9|10|14|20|25,amusement|annoyance|approval|confusion|disappointment|disapproval|fear|optimism|sadness
3947,27,neutral,0|2|20|22,admiration|anger|optimism|realization
3948,27,neutral,2|3|12|15|26,anger|annoyance|embarrassment|gratitude|surprise
3949,27,neutral,0|1|2|4|7|13|15|27,admiration|amusement|anger|approval|curiosity|excitement|gratitude|neutral
3950,4,approval,2|3|5|10|13|18|20,anger|annoyance|caring|disapproval|excitement|love|optimism
3951,27,neutral,1|3|4|9|11|15,amusement|annoyance|approval|disappointment|disgust|gratitude
3952,20,optimism,7|13|15|17|27,curiosity|excitement|gratitude|joy|neutral
3953,27,neutral,1|5|6|15|18|25|26,amusement|caring|confusion|gratitude|love|sadness|surprise
3954,18,love,0|2|4|17,admiration|anger|approval|joy
3955,25,sadness,0|13|14|15|18|26|27,admiration|excitement|fear|gratitude|love|surprise|neutral
3956,25,sadness,4|6|8|13|27,approval|confusion|desire|excitement|neutral
3957,25,sadness,4|5|7|9|13|20|26,approval|caring|curiosity|disappointment|excitement|optimism|surprise
3958,27,neutral,4|8|14|15|17|22|26|27,approval|desire|fear|gratitude|joy|realization|surprise|neutral
3959,4,approval,3|17|25|27,annoyance|joy|sadness|neutral
3960,27,neutral,0|1|7|22|25|27,admiration|amusement|curiosity|realization|sadness|neutral
3961,1,amusement,3|6|13|26|27,annoyance|confusion|excitement|surprise|neutral
3962,0,admiration,1|2|15|18,amusement|anger|gratitude|love
3963,15,gratitude,0|1|3|5|10|11|22|26,admiration|amusement|annoyance|caring|disapproval|disgust|realization|surprise
3964,18,love,2|4|5|6|7|11|13|25,anger|approval|caring|confusion|curiosity|disgust|excitement|sadness
3965,27,neutral,4|10|20|25|27,approval|disapproval|optimism|sadness|neutral
3966,1,amusement,2|3|4|6|13|15|18,anger|annoyance|approval|confusion|excitement|gratitude|love
3967,1|2,amusement|anger,0|3|6|7|8|10|15|26,admiration|annoyance|confusion|curiosity|desire|disapproval|gratitude|surprise
3968,3,annoyance,0|1|13|15|17|22|25|27,admiration|amusement|excitement|gratitude|joy|realization|sadness|neutral
3969,18,love,6|17|26,confusion|joy|surprise
3970,27,neutral,3|4|8|10|11|13|27,annoyance|approval|desire|disapproval|disgust|excitement|neutral
3971,0,admiration,0|1|3|6|17|18,admiration|amusement|annoyance|confusion|joy|love
3972,0,admiration,4|15|27,approval|gratitude|neutral
3973,27,neutral,0|6|7|11|18|26|27,admiration|confusion|curiosity|disgust|love|surprise|neutral
3974,27,neutral,0|4|5|6|10|13|15|19|20|21,admiration|approval|caring|confusion|disapproval|excitement|gratitude|nervousness|optimism|pride
3975,27,neutral,0|3|7|10|17|27,admiration|annoyance|curiosity|disapproval|joy|neutral
3976,8,desire,1|2|6|7|9|17,amusement|anger|confusion|curiosity|disappointment|joy
3977,0,admiration,3|14|17|18|22|25,annoyance|fear|joy|love|realization|sadness
3978,11,disgust,2|3|4|7|17|27,anger|annoyance|approval|curiosity|joy|neutral
3979,4,approval,3|6|17|22|25,annoyance|confusion|joy|realization|sadness
3980,27,neutral,3|6|11|15|17|19|27,annoyance|confusion|disgust|gratitude|joy|nervousness|neutral
3981,3|25,annoyance|sadness,3|4|5|8|10|11|12|13|14|15|17|20|24,annoyance|approval|caring|desire|disapproval|disgust|embarrassment|excitement|fear|gratitude|joy|optimism|remorse
3982,9,disappointment,3|4|6|7|13|17|18,annoyance|approval|confusion|curiosity|excitement|joy|love
3983,18,love,3|14|17|18|20|27,annoyance|fear|joy|love|optimism|neutral
3984,27,neutral,1|13|18|20|24,amusement|excitement|love|optimism|remorse
3985,27,neutral,2|3|4|5|10|20|27,anger|annoyance|approval|caring|disapproval|optimism|neutral
3986,27,neutral,0|5|8|20|22|27,admiration|caring|desire|optimism|realization|neutral
3987,27,neutral,1|2|3|4|5|7|10,amusement|anger|annoyance|approval|caring|curiosity|disapproval
3988,26,surprise,1|2|9|13|15|17|18|25,amusement|anger|disappointment|excitement|gratitude|joy|love|sadness
3989,27,neutral,1|6|10|13|17,amusement|confusion|disapproval|excitement|joy
3990,27,neutral,0|1|3|7,admiration|amusement|annoyance|curiosity
3991,18,love,1|20|25|27,amusement|optimism|sadness|neutral
3992,3|9|14,annoyance|disappointment|fear,0|5|6,admiration|caring|confusion
3993,7,curiosity,0|1|3|7|9|10|15|18|22,admiration|amusement|annoyance|curiosity|disappointment|disapproval|gratitude|love|realization
3994,3|22,annoyance|realization,0|3|4|6|17|18|22,admiration|annoyance|approval|confusion|joy|love|realization
3995,27,neutral,0|2|4|20,admiration|anger|approval|optimism
3996,1,amusement,7|8|15|18|20|25|26,curiosity|desire|gratitude|love|optimism|sadness|surprise
3997,5,caring,2|3|10|18|22|26,anger|annoyance|disapproval|love|realization|surprise
3998,2|3,anger|annoyance,3|7|8|13|15|27,annoyance|curiosity|desire|excitement|gratitude|neutral
3999,1|27,amusement|neutral,6|10|22|25|27,confusion|disapproval|realization|sadness|neutral
4000,5,caring,7|9|10|20|27,curiosity|disappointment|disapproval|optimism|neutral
4001,26,surprise,0|3|4|5|6|7|9|13|17,admiration|annoyance|approval|caring|confusion|curiosity|disappointment|excitement|joy
4002,27,neutral,0|4|9|18|20|22|24,admiration|approval|disappointment|love|optimism|realization|remorse
4003,1,amusement,5|13|14|15|17|24,caring|excitement|fear|gratitude|joy|remorse
4004,27,neutral,3|8|20|24,annoyance|desire|optimism|remorse
4005,27,neutral,0|3|5|7|18|20|26,admiration|annoyance|caring|curiosity|love|optimism|surprise
4006,1,amusement,0|2|4|5|6|9|10|12|18,admiration|anger|approval|caring|confusion|disappointment|disapproval|embarrassment|love
4007,27,neutral,3|7|8|9|18|26|27,annoyance|curiosity|desire|disappointment|love|surprise|neutral
4008,27,neutral,3|7|9|14|25|27,annoyance|curiosity|disappointment|fear|sadness|neutral
4009,27,neutral,2|3|5|7|15|17|18,anger|annoyance|caring|curiosity|gratitude|joy|love
4010,20|25,optimism|sadness,4|7|9|10|11|14|18,approval|curiosity|disappointment|disapproval|disgust|fear|love
4011,4|20,approval|optimism,0|2|3|14|26|27,admiration|anger|annoyance|fear|surprise|neutral
4012,10,disapproval,0|3|4|13|20,admiration|annoyance|approval|excitement|optimism
4013,10,disapproval,1|5|15|22|27,amusement|caring|gratitude|realization|neutral
4014,6,confusion,0|3|7|9|10|15|18,admiration|annoyance|curiosity|disappointment|disapproval|gratitude|love
4015,10,disapproval,2|6|8|9|13|18|27,anger|confusion|desire|disappointment|excitement|love|neutral
4016,10|11,disapproval|disgust,0|1|4|10|21|22|26,admiration|amusement|approval|disapproval|pride|realization|surprise
4017,26,surprise,0|7|8|9|13|20|26|27,admiration|curiosity|desire|disappointment|excitement|optimism|surprise|neutral
4018,4,approval,0|3|5|7|13|15|22|26,admiration|annoyance|caring|curiosity|excitement|gratitude|realization|surprise
4019,27,neutral,0|3|6|13|15|27,admiration|annoyance|confusion|excitement|gratitude|neutral
4020,0,admiration,1|3|10|18|20|25,amusement|annoyance|disapproval|love|optimism|sadness
4021,24,remorse,0|9|15|17|20|21|25|27,admiration|disappointment|gratitude|joy|optimism|pride|sadness|neutral
4022,5|19,caring|nervousness,7|10,curiosity|disapproval
4023,0|18,admiration|love,1|3|8|9|27,amusement|annoyance|desire|disappointment|neutral
4024,10,disapproval,4|5|6|8|9|17|19|22|26|27,approval|caring|confusion|desire|disappointment|joy|nervousness|realization|surprise|neutral
4025,7,curiosity,2|4|5|7|11|20|25|27,anger|approval|caring|curiosity|disgust|optimism|sadness|neutral
4026,27,neutral,2|8|14|15|24|25,anger|desire|fear|gratitude|remorse|sadness
4027,27,neutral,2|4|22|27,anger|approval|realization|neutral
4028,11,disgust,0|6|8|10|15|17|27,admiration|confusion|desire|disapproval|gratitude|joy|neutral
4029,22,realization,1|4|6|7|11|22|25,amusement|approval|confusion|curiosity|disgust|realization|sadness
4030,8,desire,0|3|10|11|13|22|27,admiration|annoyance|disapproval|disgust|excitement|realization|neutral
4031,18,love,9|10|13|18|20|27,disappointment|disapproval|excitement|love|optimism|neutral
4032,11,disgust,0|3|4|18|20|27,admiration|annoyance|approval|love|optimism|neutral
4033,14,fear,0|1|4|7|8|15|27,admiration|amusement|approval|curiosity|desire|gratitude|neutral
4034,1|17,amusement|joy,0|1|2|9|11|18|20|25,admiration|amusement|anger|disappointment|disgust|love|optimism|sadness
4035,15,gratitude,5|7|9|13|25|27,caring|curiosity|disappointment|excitement|sadness|neutral
4036,27,neutral,11|15|20|27,disgust|gratitude|optimism|neutral
4037,27,neutral,0|6|9|22|27,admiration|confusion|disappointment|realization|neutral
4038,10,disapproval,0|1|2|3|7|13|15,admiration|amusement|anger|annoyance|curiosity|excitement|gratitude
4039,27,neutral,1|2|3|4|5|7|10|15|27,amusement|anger|annoyance|approval|caring|curiosity|disapproval|gratitude|neutral
4040,25,sadness,0|4|7|15|22|25|27,admiration|approval|curiosity|gratitude|realization|sadness|neutral
4041,27,neutral,0|1|4|5|10|13|18|24,admiration|amusement|approval|caring|disapproval|excitement|love|remorse
4042,10,disapproval,0|1|4|5|10|13|17,admiration|amusement|approval|caring|disapproval|excitement|joy
4043,27,neutral,1|4|7|8|10|11|24,amusement|approval|curiosity|desire|disapproval|disgust|remorse
4044,9,disappointment,0|3|4|5|6|10|11|15|18|24,admiration|annoyance|approval|caring|confusion|disapproval|disgust|gratitude|love|remorse
4045,9,disappointment,5|7|26,caring|curiosity|surprise
4046,18,love,1|2|4|15|17|18|22|25,amusement|anger|approval|gratitude|joy|love|realization|sadness
4047,27,neutral,2|4|8|10|18|20|22,anger|approval|desire|disapproval|love|optimism|realization
4048,6,confusion,2|4|9|10|13|17|22|25,anger|approval|disappointment|disapproval|excitement|joy|realization|sadness
4049,27,neutral,20|27,optimism|neutral
4050,5,caring,0|1|5|9|13|14|18|20|25,admiration|amusement|caring|disappointment|excitement|fear|love|optimism|sadness
4051,2|3,anger|annoyance,2|4|14|15|17|20,anger|approval|fear|gratitude|joy|optimism
4052,27,neutral,3|4|6|7|14|17|20,annoyance|approval|confusion|curiosity|fear|joy|optimism
4053,27,neutral,1|8|10|14|20|22|27,amusement|desire|disapproval|fear|optimism|realization|neutral
4054,7,curiosity,1|4|8|14|22|26|27,amusement|approval|desire|fear|realization|surprise|neutral
4055,27,neutral,0|9|15|17|20|22|25,admiration|disappointment|gratitude|joy|optimism|realization|sadness
4056,27,neutral,2|3|5|7|13|17|18|20|26,anger|annoyance|caring|curiosity|excitement|joy|love|optimism|surprise
4057,27,neutral,0|2|3|6|7|9|12|18|20|22,admiration|anger|annoyance|confusion|curiosity|disappointment|embarrassment|love|optimism|realization
4058,14|19,fear|nervousness,0|15|17|18|27,admiration|gratitude|joy|love|neutral
4059,27,neutral,10|15|26|27,disapproval|gratitude|surprise|neutral
4060,4|22,approval|realization,3|10|24|25,annoyance|disapproval|remorse|sadness
4061,3,annoyance,3|4|5|10|14|15|17|18|20|26|27,annoyance|approval|caring|disapproval|fear|gratitude|joy|love|optimism|surprise|neutral
4062,18,love,8|9|11|15|17|25|27,desire|disappointment|disgust|gratitude|joy|sadness|neutral
4063,10,disapproval,2|11|22|27,anger|disgust|realization|neutral
4064,18,love,4|6|8|10|22,approval|confusion|desire|disapproval|realization
4065,27,neutral,1|2|4|13|15|18|26,amusement|anger|approval|excitement|gratitude|love|surprise
4066,27,neutral,3|4|7|15|17|20,annoyance|approval|curiosity|gratitude|joy|optimism
4067,9,disappointment,5|10|11|15|17|18|20,caring|disapproval|disgust|gratitude|joy|love|optimism
4068,27,neutral,2|3|4|7|15|20|27,anger|annoyance|approval|curiosity|gratitude|optimism|neutral
4069,4,approval,2|4|8|11|12|14|15|17|25|27,anger|approval|desire|disgust|embarrassment|fear|gratitude|joy|sadness|neutral
4070,4,approval,1|11,amusement|disgust
4071,4|27,approval|neutral,2|4|7|9|13|14|17|18|26,anger|approval|curiosity|disappointment|excitement|fear|joy|love|surprise
4072,26,surprise,0|1|3|6|7|9|12|13|18|21|22|27,admiration|amusement|annoyance|confusion|curiosity|disappointment|embarrassment|excitement|love|pride|realization|neutral
4073,27,neutral,4|7|13|15|26|27,approval|curiosity|excitement|gratitude|surprise|neutral
4074,27,neutral,0|2|3|4|5|10|11|15|17|18|25,admiration|anger|annoyance|approval|caring|disapproval|disgust|gratitude|joy|love|sadness
4075,27,neutral,4|5|7|15|17|27,approval|caring|curiosity|gratitude|joy|neutral
4076,27,neutral,0|4|6|15|22|25|26,admiration|approval|confusion|gratitude|realization|sadness|surprise
4077,0,admiration,1|5|7|9|10|18|20,amusement|caring|curiosity|disappointment|disapproval|love|optimism
4078,4,approval,1|3|4|5|6|7|11|15|17|20|21,amusement|annoyance|approval|caring|confusion|curiosity|disgust|gratitude|joy|optimism|pride
4079,3,annoyance,1|2|3|6|9|10|15|21|23|25|27,amusement|anger|annoyance|confusion|disappointment|disapproval|gratitude|pride|relief|sadness|neutral
4080,27,neutral,1|10|20|22|27,amusement|disapproval|optimism|realization|neutral
4081,1,amusement,1|3|4|5|6|13|17|27,amusement|annoyance|approval|caring|confusion|excitement|joy|neutral
4082,27,neutral,1|4|5|6|11|17|22,amusement|approval|caring|confusion|disgust|joy|realization
4083,10,disapproval,7|13|15|20|24|25|26|27,curiosity|excitement|gratitude|optimism|remorse|sadness|surprise|neutral
4084,27,neutral,0|4|15|17|22,admiration|approval|gratitude|joy|realization
4085,22,realization,1|2|3|5|6|10|13|17,amusement|anger|annoyance|caring|confusion|disapproval|excitement|joy
4086,27,neutral,2|3|6|8|9|10|18|22|26,anger|annoyance|confusion|desire|disappointment|disapproval|love|realization|surprise
4087,7,curiosity,2|3|4|26,anger|annoyance|approval|surprise
4088,9,disappointment,0|1|2|4|9|15|20,admiration|amusement|anger|approval|disappointment|gratitude|optimism
4089,24,remorse,3|6|9|18|22|25|27,annoyance|confusion|disappointment|love|realization|sadness|neutral
4090,0,admiration,2|4|6|8|18|24|25|27,anger|approval|confusion|desire|love|remorse|sadness|neutral
4091,9,disappointment,1|2|9|27,amusement|anger|disappointment|neutral
4092,4|8,approval|desire,0|1|11|13|25,admiration|amusement|disgust|excitement|sadness
4093,27,neutral,3|9|15|17|25|26|27,annoyance|disappointment|gratitude|joy|sadness|surprise|neutral
4094,27,neutral,1|2|6|7|9|13|18|27,amusement|anger|confusion|curiosity|disappointment|excitement|love|neutral
4095,9|10,disappointment|disapproval,1|9|13|15|26,amusement|disappointment|excitement|gratitude|surprise
4096,2|3,anger|annoyance,6|7|17|25|27,confusion|curiosity|joy|sadness|neutral
4097,3,annoyance,1|2|4|7|17|20|22|26,amusement|anger|approval|curiosity|joy|optimism|realization|surprise
4098,5,caring,0|1|5|6|7|9|10|11,admiration|amusement|caring|confusion|curiosity|disappointment|disapproval|disgust
4099,27,neutral,0|4|22|26|27,admiration|approval|realization|surprise|neutral
4100,3,annoyance,0|3|15|17|20|27,admiration|annoyance|gratitude|joy|optimism|neutral
4101,6,confusion,0|1|4|14|20|22,admiration|amusement|approval|fear|optimism|realization
4102,2,anger,1|3|4|9|18|20|25|26,amusement|annoyance|approval|disappointment|love|optimism|sadness|surprise
4103,27,neutral,0|1|6|9|17|26,admiration|amusement|confusion|disappointment|joy|surprise
4104,3,annoyance,3|13|17|24|27,annoyance|excitement|joy|remorse|neutral
4105,8|20,desire|optimism,7|9|15|17|20|26,curiosity|disappointment|gratitude|joy|optimism|surprise
4106,14,fear,0|4|9|10|13|15|24|26|27,admiration|approval|disappointment|disapproval|excitement|gratitude|remorse|surprise|neutral
4107,26,surprise,2|4|9|15|17|25,anger|approval|disappointment|gratitude|joy|sadness
4108,27,neutral,0|2|4|7|18,admiration|anger|approval|curiosity|love
4109,10,disapproval,5|8|10|25|26|27,caring|desire|disapproval|sadness|surprise|neutral
4110,9,disappointment,0|10|15|18|25,admiration|disapproval|gratitude|love|sadness
4111,27,neutral,0|1|5|10|18|27,admiration|amusement|caring|disapproval|love|neutral
4112,27,neutral,0|2|7|10|20|24|27,admiration|anger|curiosity|disapproval|optimism|remorse|neutral
4113,1,amusement,0|5|7|10|22|25|27,admiration|caring|curiosity|disapproval|realization|sadness|neutral
4114,18,love,1|2|4|5|7|12|14|17|22|27,amusement|anger|approval|caring|curiosity|embarrassment|fear|joy|realization|neutral
4115,5,caring,6|11|15|25|27,confusion|disgust|gratitude|sadness|neutral
4116,27,neutral,6|7|9|14|26|27,confusion|curiosity|disappointment|fear|surprise|neutral
4117,27,neutral,0|1|13|17|27,admiration|amusement|excitement|joy|neutral
4118,17,joy,1|2|4|5|7|9|17|27,amusement|anger|approval|caring|curiosity|disappointment|joy|neutral
4119,8|22,desire|realization,2|4|6|9|11|25,anger|approval|confusion|disappointment|disgust|sadness
4120,0,admiration,4|9|10|25|26,approval|disappointment|disapproval|sadness|surprise
4121,9,disappointment,1|10|15|25|26,amusement|disapproval|gratitude|sadness|surprise
4122,10,disapproval,0|3|18|20|22|27,admiration|annoyance|love|optimism|realization|neutral
4123,1,amusement,3|4|6|7|15|17|24,annoyance|approval|confusion|curiosity|gratitude|joy|remorse
4124,27,neutral,0|5|8|10|13|18|20|25|26|27,admiration|caring|desire|disapproval|excitement|love|optimism|sadness|surprise|neutral
4125,2|11,anger|disgust,6|10|20|22|24|25,confusion|disapproval|optimism|realization|remorse|sadness
4126,4|7,approval|curiosity,1|24|26,amusement|remorse|surprise
4127,1|27,amusement|neutral,0|4|6|7|12|13|27,admiration|approval|confusion|curiosity|embarrassment|excitement|neutral
4128,27,neutral,3|8|13|14|19|22|27,annoyance|desire|excitement|fear|nervousness|realization|neutral
4129,27,neutral,4|5|8|9|15|18|27,approval|caring|desire|disappointment|gratitude|love|neutral
4130,20,optimism,1|7|10|15|18|26,amusement|curiosity|disapproval|gratitude|love|surprise
4131,0|18,admiration|love,0|14|17|18|20|27,admiration|fear|joy|love|optimism|neutral
4132,4,approval,1|4|7|22|27,amusement|approval|curiosity|realization|neutral
4133,7,curiosity,1|4|5|10|15|17,amusement|approval|caring|disapproval|gratitude|joy
4134,0,admiration,2|7|11|13|18|20,anger|curiosity|disgust|excitement|love|optimism
4135,1|7,amusement|curiosity,0|1|4|5|7|10,admiration|amusement|approval|caring|curiosity|disapproval
4136,15,gratitude,0|2|8|15|17|24|26,admiration|anger|desire|gratitude|joy|remorse|surprise
4137,0,admiration,1|7|12|13|18|22|25|27,amusement|curiosity|embarrassment|excitement|love|realization|sadness|neutral
4138,0|17,admiration|joy,13|15|25|26|27,excitement|gratitude|sadness|surprise|neutral
4139,9,disappointment,0|3|4|5|11|20|24|27,admiration|annoyance|approval|caring|disgust|optimism|remorse|neutral
4140,27,neutral,2|4|6|8|9|17|18|27,anger|approval|confusion|desire|disappointment|joy|love|neutral
4141,0|20,admiration|optimism,2|3|11|18|27,anger|annoyance|disgust|love|neutral
4142,27,neutral,2|3|4|10|19|20|25,anger|annoyance|approval|disapproval|nervousness|optimism|sadness
4143,2,anger,1|3|5|6|7|10|14|18|22,amusement|annoyance|caring|confusion|curiosity|disapproval|fear|love|realization
4144,18,love,3|7,annoyance|curiosity
4145,27,neutral,4|7|22|25,approval|curiosity|realization|sadness
4146,17|27,joy|neutral,0|3|8|11,admiration|annoyance|desire|disgust
4147,1|11,amusement|disgust,6|9|17|18|22|26|27,confusion|disappointment|joy|love|realization|surprise|neutral
4148,15,gratitude,17|18,joy|love
4149,27,neutral,3|6|7|9|11|15|24|25,annoyance|confusion|curiosity|disappointment|disgust|gratitude|remorse|sadness
4150,27,neutral,0|15|20,admiration|gratitude|optimism
4151,17,joy,0|2|10|13|18|20|25|27,admiration|anger|disapproval|excitement|love|optimism|sadness|neutral
4152,27,neutral,10|15|18,disapproval|gratitude|love
4153,27,neutral,6|7|9|15|18|22|25|26|27,confusion|curiosity|disappointment|gratitude|love|realization|sadness|surprise|neutral
4154,17,joy,0|1|2|10|15|24|27,admiration|amusement|anger|disapproval|gratitude|remorse|neutral
4155,15,gratitude,1|4|9|20|27,amusement|approval|disappointment|optimism|neutral
4156,4|20,approval|optimism,2|3|4|10|11|17|22|26|27,anger|annoyance|approval|disapproval|disgust|joy|realization|surprise|neutral
4157,4,approval,3|8|10|13|15|17|18,annoyance|desire|disapproval|excitement|gratitude|joy|love
4158,27,neutral,2|6|9|23|27,anger|confusion|disappointment|relief|neutral
4159,6,confusion,0|2|6|11|14|15|27,admiration|anger|confusion|disgust|fear|gratitude|neutral
4160,3,annoyance,0|7|8|15|18|27,admiration|curiosity|desire|gratitude|love|neutral
4161,25,sadness,10|18,disapproval|love
4162,26,surprise,2|5|9|13|27,anger|caring|disappointment|excitement|neutral
4163,20,optimism,4|7|8|15|17,approval|curiosity|desire|gratitude|joy
4164,27,neutral,1|6|11|15|18|22|27,amusement|confusion|disgust|gratitude|love|realization|neutral
4165,5|20|24,caring|optimism|remorse,0|3|9|10|11|17|20|27,admiration|annoyance|disappointment|disapproval|disgust|joy|optimism|neutral
4166,2,anger,3|10|24|26|27,annoyance|disapproval|remorse|surprise|neutral
4167,2|3,anger|annoyance,2|3|11|13|25,anger|annoyance|disgust|excitement|sadness
4168,22,realization,0|1|7|14|25|27,admiration|amusement|curiosity|fear|sadness|neutral
4169,4,approval,1|2|7|9|10|14|18|22,amusement|anger|curiosity|disappointment|disapproval|fear|love|realization
4170,1,amusement,0|3|6|7|9|10|18|22,admiration|annoyance|confusion|curiosity|disappointment|disapproval|love|realization
4171,0|4|17,admiration|approval|joy,0|3|11|15|18|20,admiration|annoyance|disgust|gratitude|love|optimism
4172,0,admiration,1|2|10|15|17,amusement|anger|disapproval|gratitude|joy
4173,1,amusement,0|6|8|13|20|22|26|27,admiration|confusion|desire|excitement|optimism|realization|surprise|neutral
4174,27,neutral,4|15,approval|gratitude
4175,27,neutral,2|15|20|25,anger|gratitude|optimism|sadness
4176,2,anger,0|1|7|14|15,admiration|amusement|curiosity|fear|gratitude
4177,26,surprise,0|1|3|7|13|18|27,admiration|amusement|annoyance|curiosity|excitement|love|neutral
4178,0|7,admiration|curiosity,0|1|2|5|6|15|17|18|26,admiration|amusement|anger|caring|confusion|gratitude|joy|love|surprise
4179,1|5|18,amusement|caring|love,1|2|3|4|10|15|17|20|22|25,amusement|anger|annoyance|approval|disapproval|gratitude|joy|optimism|realization|sadness
4180,3,annoyance,0|6|13|17|27,admiration|confusion|excitement|joy|neutral
4181,27,neutral,0|1|13|15|17|18|27,admiration|amusement|excitement|gratitude|joy|love|neutral
4182,27,neutral,0|1|2|7|13|17|25,admiration|amusement|anger|curiosity|excitement|joy|sadness
4183,27,neutral,7|8,curiosity|desire
4184,22,realization,4|6|8|15|18,approval|confusion|desire|gratitude|love
4185,6,confusion,0|1|5|8|17|27,admiration|amusement|caring|desire|joy|neutral
4186,24,remorse,3|4|5|7|17|24,annoyance|approval|caring|curiosity|joy|remorse
4187,9|25,disappointment|sadness,7|8|12|13|18,curiosity|desire|embarrassment|excitement|love
4188,27,neutral,2|3|4|8|15|17|18|19,anger|annoyance|approval|desire|gratitude|joy|love|nervousness
4189,27,neutral,0|4|5|6|15|17|26,admiration|approval|caring|confusion|gratitude|joy|surprise
4190,18,love,2|3|7|17,anger|annoyance|curiosity|joy
4191,10,disapproval,1|3|6|9|27,amusement|annoyance|confusion|disappointment|neutral
4192,25,sadness,0|3|4|5|7|18|20,admiration|annoyance|approval|caring|curiosity|love|optimism
4193,6,confusion,0|6|18,admiration|confusion|love
4194,27,neutral,1|10|14|17|18|27,amusement|disapproval|fear|joy|love|neutral
4195,27,neutral,6|27,confusion|neutral
4196,4,approval,0|2|3|4|7|8|15|20|24|26,admiration|anger|annoyance|approval|curiosity|desire|gratitude|optimism|remorse|surprise
4197,5,caring,0|2|4|13|17|25,admiration|anger|approval|excitement|joy|sadness
4198,6|7,confusion|curiosity,4|8|10|17|26|27,approval|desire|disapproval|joy|surprise|neutral
4199,27,neutral,0|1|3|5|7|9|17|25,admiration|amusement|annoyance|caring|curiosity|disappointment|joy|sadness
4200,0,admiration,0|4|5|8|9|17|18|20|24|26|27,admiration|approval|caring|desire|disappointment|joy|love|optimism|remorse|surprise|neutral
4201,0,admiration,5|13|18,caring|excitement|love
4202,13|17,excitement|joy,1|3|5|12|18,amusement|annoyance|caring|embarrassment|love
4203,7,curiosity,0|1|3|7|10|11|22,admiration|amusement|annoyance|curiosity|disapproval|disgust|realization
4204,8,desire,5|10|11|17|20|27,caring|disapproval|disgust|joy|optimism|neutral
4205,10|27,disapproval|neutral,3|14|15|17|18|20|24,annoyance|fear|gratitude|joy|love|optimism|remorse
4206,4|26,approval|surprise,0|4|10|17|25|26|27,admiration|approval|disapproval|joy|sadness|surprise|neutral
4207,1,amusement,0|2|3|4|6|8|10|20|26,admiration|anger|annoyance|approval|confusion|desire|disapproval|optimism|surprise
4208,27,neutral,1|3|7|13|18|20|25,amusement|annoyance|curiosity|excitement|love|optimism|sadness
4209,0,admiration,0|9|11|15|20,admiration|disappointment|disgust|gratitude|optimism
4210,20,optimism,0|2|3|4|9|10|20|22|26|27,admiration|anger|annoyance|approval|disappointment|disapproval|optimism|realization|surprise|neutral
4211,0,admiration,2|3|4|13|25,anger|annoyance|approval|excitement|sadness
4212,0,admiration,11|17|27,disgust|joy|neutral
4213,27,neutral,1|2|4|12|18|25|27,amusement|anger|approval|embarrassment|love|sadness|neutral
4214,10,disapproval,0|1|3|4|6|10|18|27,admiration|amusement|annoyance|approval|confusion|disapproval|love|neutral
4215,15,gratitude,1|2|4|5|8|14|18,amusement|anger|approval|caring|desire|fear|love
4216,27,neutral,0|2|3|4|9|20,admiration|anger|annoyance|approval|disappointment|optimism
4217,3,annoyance,0|2|3|4|6|7|17|25|27,admiration|anger|annoyance|approval|confusion|curiosity|joy|sadness|neutral
4218,3,annoyance,7|10|13|14|22,curiosity|disapproval|excitement|fear|realization
4219,26,surprise,1|22|25|27,amusement|realization|sadness|neutral
4220,27,neutral,0|4|9|18|22,admiration|approval|disappointment|love|realization
4221,26,surprise,0|5|6|10|26,admiration|caring|confusion|disapproval|surprise
4222,27,neutral,2|4|6|7|9|11|18,anger|approval|confusion|curiosity|disappointment|disgust|love
4223,27,neutral,3|4|7|8|14|15,annoyance|approval|curiosity|desire|fear|gratitude
4224,27,neutral,6|7|10|18|27,confusion|curiosity|disapproval|love|neutral
4225,27,neutral,1|15|27,amusement|gratitude|neutral
4226,17,joy,0|3|4|7|26,admiration|annoyance|approval|curiosity|surprise
4227,0|4,admiration|approval,3|6|9|10|11|13|22|27,annoyance|confusion|disappointment|disapproval|disgust|excitement|realization|neutral
4228,1,amusement,0|1|7|15|17|18|20|24,admiration|amusement|curiosity|gratitude|joy|love|optimism|remorse
4229,27,neutral,3|4|14|17|26,annoyance|approval|fear|joy|surprise
4230,27,neutral,1|3|7|8|10|15|17,amusement|annoyance|curiosity|desire|disapproval|gratitude|joy
4231,7,curiosity,3|8|14|15|17|20|22|25,annoyance|desire|fear|gratitude|joy|optimism|realization|sadness
4232,27,neutral,0|3|6|9|10|12|18|22|25,admiration|annoyance|confusion|disappointment|disapproval|embarrassment|love|realization|sadness
4233,15,gratitude,1|3|5|15|25,amusement|annoyance|caring|gratitude|sadness
4234,18,love,1|3|4|6|10|15|20|22,amusement|annoyance|approval|confusion|disapproval|gratitude|optimism|realization
4235,0,admiration,0|1|3|4|11|15|17|22,admiration|amusement|annoyance|approval|disgust|gratitude|joy|realization
4236,27,neutral,0|7|13|18|20|27,admiration|curiosity|excitement|love|optimism|neutral
4237,4,approval,0|1|4|7|10|18|20,admiration|amusement|approval|curiosity|disapproval|love|optimism
4238,27,neutral,0|1|10|26,admiration|amusement|disapproval|surprise
4239,0|4|18,admiration|approval|love,0|27,admiration|neutral
4240,3,annoyance,4|14|20|25|27,approval|fear|optimism|sadness|neutral
4241,25,sadness,4|7|11|15|17|27,approval|curiosity|disgust|gratitude|joy|neutral
4242,0|27,admiration|neutral,0|1|27,admiration|amusement|neutral
4243,27,neutral,1|7|14|15|25,amusement|curiosity|fear|gratitude|sadness
4244,27,neutral,0|6|7|10|15|20|27,admiration|confusion|curiosity|disapproval|gratitude|optimism|neutral
4245,27,neutral,4|11|14|22|27,approval|disgust|fear|realization|neutral
4246,9,disappointment,1|4|7|10|14|18|27,amusement|approval|curiosity|disapproval|fear|love|neutral
4247,12,embarrassment,0|4|5|6|20|26|27,admiration|approval|caring|confusion|optimism|surprise|neutral
4248,27,neutral,2|7|14|20|27,anger|curiosity|fear|optimism|neutral
4249,8,desire,0|4|5|11|26|27,admiration|approval|caring|disgust|surprise|neutral
4250,5,caring,0|3|7|10|17|27,admiration|annoyance|curiosity|disapproval|joy|neutral
4251,14,fear,4|9|10|22|25|27,approval|disappointment|disapproval|realization|sadness|neutral
4252,27,neutral,0|4|12|15|27,admiration|approval|embarrassment|gratitude|neutral
4253,0,admiration,1|3|5|14|15|18|22|26,amusement|annoyance|caring|fear|gratitude|love|realization|surprise
4254,0,admiration,3|10|13|17|22|26|27,annoyance|disapproval|excitement|joy|realization|surprise|neutral
4255,27,neutral,3|4|6|7|12,annoyance|approval|confusion|curiosity|embarrassment
4256,27,neutral,0|3|9|10|15|26|27,admiration|annoyance|disappointment|disapproval|gratitude|surprise|neutral
4257,1|17,amusement|joy,0|3|10|18|20|22|23|26|27,admiration|annoyance|disapproval|love|optimism|realization|relief|surprise|neutral
4258,27,neutral,5|9|10|17,caring|disappointment|disapproval|joy
4259,20,optimism,0|3|4|9|10|17|25|27,admiration|annoyance|approval|disappointment|disapproval|joy|sadness|neutral
4260,27,neutral,0|3|4|5|18|27,admiration|annoyance|approval|caring|love|neutral
4261,19,nervousness,1|2|3|11|18|22,amusement|anger|annoyance|disgust|love|realization
4262,4,approval,2|6|8|17,anger|confusion|desire|joy
4263,27,neutral,2|5|6|7|9|10|11|14|17|18,anger|caring|confusion|curiosity|disappointment|disapproval|disgust|fear|joy|love
4264,4,approval,4|7|11|15|20|26|27,approval|curiosity|disgust|gratitude|optimism|surprise|neutral
4265,27,neutral,1|3|5|8|9|11|13|24,amusement|annoyance|caring|desire|disappointment|disgust|excitement|remorse
4266,27,neutral,0|4|24,admiration|approval|remorse
4267,0,admiration,2|4|5|27,anger|approval|caring|neutral
4268,3,annoyance,0|1|4|7|13|17|23|27,admiration|amusement|approval|curiosity|excitement|joy|relief|neutral
4269,9,disappointment,3|10|14|17|25|26,annoyance|disapproval|fear|joy|sadness|surprise
4270,27,neutral,4|5|15|20|27,approval|caring|gratitude|optimism|neutral
4271,7|27,curiosity|neutral,0|1|15|17|20|22|25,admiration|amusement|gratitude|joy|optimism|realization|sadness
4272,15,gratitude,0|1|11|15|17|25|26,admiration|amusement|disgust|gratitude|joy|sadness|surprise
4273,4,approval,3|5|25,annoyance|caring|sadness
4274,27,neutral,1|20|24|27,amusement|optimism|remorse|neutral
4275,27,neutral,0|1|8|15|27,admiration|amusement|desire|gratitude|neutral
4276,7|27,curiosity|neutral,1|2|7|9|11|17|25|27,amusement|anger|curiosity|disappointment|disgust|joy|sadness|neutral
4277,15,gratitude,1|3|9|20|25|27,amusement|annoyance|disappointment|optimism|sadness|neutral
4278,0|15,admiration|gratitude,14|25|26|27,fear|sadness|surprise|neutral
4279,27,neutral,2|3|7|14|18|20|25|27,anger|annoyance|curiosity|fear|love|optimism|sadness|neutral
4280,27,neutral,3|4|6|13|15|18|24|27,annoyance|approval|confusion|excitement|gratitude|love|remorse|neutral
4281,27,neutral,1|5|9|10|18|20|22|25,amusement|caring|disappointment|disapproval|love|optimism|realization|sadness
4282,1,amusement,3|7|20|25|26,annoyance|curiosity|optimism|sadness|surprise
4283,4,approval,0|2|3|4|5|7|9|15|18|22,admiration|anger|annoyance|approval|caring|curiosity|disappointment|gratitude|love|realization
4284,17,joy,0|6|9|26|27,admiration|confusion|disappointment|surprise|neutral
4285,6,confusion,0|5|6|7|9|10|18|20|22,admiration|caring|confusion|curiosity|disappointment|disapproval|love|optimism|realization
4286,2,anger,4|6|10|15|18|20,approval|confusion|disapproval|gratitude|love|optimism
4287,0|4,admiration|approval,0|7|13|26|27,admiration|curiosity|excitement|surprise|neutral
4288,7,curiosity,4|9|11|27,approval|disappointment|disgust|neutral
4289,0|4,admiration|approval,0|5|9|27,admiration|caring|disappointment|neutral
4290,13,excitement,0|1|2|13|14|15|20|25,admiration|amusement|anger|excitement|fear|gratitude|optimism|sadness
4291,27,neutral,0|4|7|8|13|27,admiration|approval|curiosity|desire|excitement|neutral
4292,3,annoyance,0|7|11|14|15|17|25|27,admiration|curiosity|disgust|fear|gratitude|joy|sadness|neutral
4293,0,admiration,1|6|7|20|22|27,amusement|confusion|curiosity|optimism|realization|neutral
4294,27,neutral,1|7|10|15|20|22|26,amusement|curiosity|disapproval|gratitude|optimism|realization|surprise
4295,18,love,0|1|2|3|5|7|9|10|11|15|18,admiration|amusement|anger|annoyance|caring|curiosity|disappointment|disapproval|disgust|gratitude|love
4296,27,neutral,0|1|2|3|10|11|20|26,admiration|amusement|anger|annoyance|disapproval|disgust|optimism|surprise
4297,9|12,disappointment|embarrassment,4|7|15|17|18|27,approval|curiosity|gratitude|joy|love|neutral
4298,3,annoyance,0|1|2|10|27,admiration|amusement|anger|disapproval|neutral
4299,14,fear,6|7|11|12|22,confusion|curiosity|disgust|embarrassment|realization
4300,5,caring,0|1|2|3|5|7|18|20,admiration|amusement|anger|annoyance|caring|curiosity|love|optimism
4301,0,admiration,0|1|4|5|6|7|14|15|27,admiration|amusement|approval|caring|confusion|curiosity|fear|gratitude|neutral
4302,0,admiration,1|2|4|7|8|9|20|25,amusement|anger|approval|curiosity|desire|disappointment|optimism|sadness
4303,15,gratitude,2|20|24|26|27,anger|optimism|remorse|surprise|neutral
4304,18,love,1|4|6|9|10|22,amusement|approval|confusion|disappointment|disapproval|realization
4305,27,neutral,1|9|13|15|22|25,amusement|disappointment|excitement|gratitude|realization|sadness
4306,4,approval,6|11|13|18|20|25|26,confusion|disgust|excitement|love|optimism|sadness|surprise
4307,27,neutral,0|1|3|4|5|8|10|13|20,admiration|amusement|annoyance|approval|caring|desire|disapproval|excitement|optimism
4308,4,approval,7|8|15|20,curiosity|desire|gratitude|optimism
4309,10,disapproval,1|3|4|7|15|20,amusement|annoyance|approval|curiosity|gratitude|optimism
4310,27,neutral,3|4|6|9|15|18|20|22|25,annoyance|approval|confusion|disappointment|gratitude|love|optimism|realization|sadness
4311,27,neutral,1|6|9|10|13|25|27,amusement|confusion|disappointment|disapproval|excitement|sadness|neutral
4312,27,neutral,0|4|15|27,admiration|approval|gratitude|neutral
4313,18,love,0|11|15|27,admiration|disgust|gratitude|neutral
4314,27,neutral,10|20|27,disapproval|optimism|neutral
4315,25,sadness,7|10|11|12|15|22|25,curiosity|disapproval|disgust|embarrassment|gratitude|realization|sadness
4316,4,approval,3|7|11|17|27,annoyance|curiosity|disgust|joy|neutral
4317,4,approval,1|4|6|10,amusement|approval|confusion|disapproval
4318,27,neutral,4|15,approval|gratitude
4319,0,admiration,0|3|7|9|12|13|14|17|22,admiration|annoyance|curiosity|disappointment|embarrassment|excitement|fear|joy|realization
4320,4,approval,0|6|9|20|23|25|27,admiration|confusion|disappointment|optimism|relief|sadness|neutral
4321,9|22,disappointment|realization,1|4|7|17|26|27,amusement|approval|curiosity|joy|surprise|neutral
4322,8,desire,0|1|2|3|7|10|13|14,admiration|amusement|anger|annoyance|curiosity|disapproval|excitement|fear
4323,16,grief,2|6|9|13|20|24|26|27,anger|confusion|disappointment|excitement|optimism|remorse|surprise|neutral
4324,3,annoyance,4|5|6|11|14|15|27,approval|caring|confusion|disgust|fear|gratitude|neutral
4325,9,disappointment,0|8|9|14|18|22|25|27,admiration|desire|disappointment|fear|love|realization|sadness|neutral
4326,3,annoyance,1|3|15|17|26,amusement|annoyance|gratitude|joy|surprise
4327,10,disapproval,3|4|9|15|25|27,annoyance|approval|disappointment|gratitude|sadness|neutral
4328,27,neutral,1|5|8|10|17|26|27,amusement|caring|desire|disapproval|joy|surprise|neutral
4329,1|13,amusement|excitement,0|4|19|27,admiration|approval|nervousness|neutral
4330,10|18,disapproval|love,3|5|15|17|18,annoyance|caring|gratitude|joy|love
4331,7|17,curiosity|joy,4|5|10|14|17|18|26,approval|caring|disapproval|fear|joy|love|surprise
4332,12|25|27,embarrassment|sadness|neutral,2|4|6|9|10|14|20,anger|approval|confusion|disappointment|disapproval|fear|optimism
4333,0|8,admiration|desire,1|3|4|7|17|18|26|27,amusement|annoyance|approval|curiosity|joy|love|surprise|neutral
4334,27,neutral,7|9|13|15|20|27,curiosity|disappointment|excitement|gratitude|optimism|neutral
4335,9|10,disappointment|disapproval,2|4|27,anger|approval|neutral
4336,9|27,disappointment|neutral,4|6|7|10|18|20|22|24|26|27,approval|confusion|curiosity|disapproval|love|optimism|realization|remorse|surprise|neutral
4337,27,neutral,3|15|17|27,annoyance|gratitude|joy|neutral
4338,27,neutral,2|4|10|14|15|22|26|27,anger|approval|disapproval|fear|gratitude|realization|surprise|neutral
4339,15,gratitude,15|20|22|25,gratitude|optimism|realization|sadness
4340,3|6,annoyance|confusion,0|1|5|7|10|11|13|22|26|27,admiration|amusement|caring|curiosity|disapproval|disgust|excitement|realization|surprise|neutral
4341,0,admiration,2|4|27,anger|approval|neutral
4342,10|27,disapproval|neutral,0|3|4|5|9|11|20,admiration|annoyance|approval|caring|disappointment|disgust|optimism
4343,2|3,anger|annoyance,1|2|14|15|17|22|26,amusement|anger|fear|gratitude|joy|realization|surprise
4344,8,desire,3|4|10|13|22|27,annoyance|approval|disapproval|excitement|realization|neutral
4345,27,neutral,2|5|7|10|11|15|26,anger|caring|curiosity|disapproval|disgust|gratitude|surprise
4346,27,neutral,6|7|10|17|18|22,confusion|curiosity|disapproval|joy|love|realization
4347,27,neutral,0|5|7|11|18|22|26|27,admiration|caring|curiosity|disgust|love|realization|surprise|neutral
4348,4,approval,2|3|8|10|12|13|15|17|20,anger|annoyance|desire|disapproval|embarrassment|excitement|gratitude|joy|optimism
4349,2,anger,0|4|6|7|9|18|20|26,admiration|approval|confusion|curiosity|disappointment|love|optimism|surprise
4350,3,annoyance,0|15|17|18|27,admiration|gratitude|joy|love|neutral
4351,18,love,3|10|15|20|25|26|27,annoyance|disapproval|gratitude|optimism|sadness|surprise|neutral
4352,27,neutral,3|7|22|25|26|27,annoyance|curiosity|realization|sadness|surprise|neutral
4353,4,approval,0|3|11|15|18|20,admiration|annoyance|disgust|gratitude|love|optimism
4354,12,embarrassment,0|2|15,admiration|anger|gratitude
4355,0,admiration,2|3|6|8|10|13|14|18|20|22|25,anger|annoyance|confusion|desire|disapproval|excitement|fear|love|optimism|realization|sadness
4356,13|17|18|20,excitement|joy|love|optimism,3|4|20|25,annoyance|approval|optimism|sadness
4357,27,neutral,1|3|17|18|20|25|27,amusement|annoyance|joy|love|optimism|sadness|neutral
4358,13,excitement,0|2|10|13|27,admiration|anger|disapproval|excitement|neutral
4359,20,optimism,0|3|4|9|17|24|26,admiration|annoyance|approval|disappointment|joy|remorse|surprise
4360,24,remorse,0|3|5|7|17|26,admiration|annoyance|caring|curiosity|joy|surprise
4361,15,gratitude,4|7|11|15|22|25,approval|curiosity|disgust|gratitude|realization|sadness
4362,27,neutral,7|15|17|18|27,curiosity|gratitude|joy|love|neutral
4363,27,neutral,2|6|15|18|22,anger|confusion|gratitude|love|realization
4364,27,neutral,1|3|10|11|18|27,amusement|annoyance|disapproval|disgust|love|neutral
4365,10,disapproval,0|12|15|27,admiration|embarrassment|gratitude|neutral
4366,25,sadness,0|20|25|27,admiration|optimism|sadness|neutral
4367,3|10,annoyance|disapproval,3|7|15|27,annoyance|curiosity|gratitude|neutral
4368,4,approval,5|6|7,caring|confusion|curiosity
4369,25,sadness,1|4|9|10|11|17|22|25,amusement|approval|disappointment|disapproval|disgust|joy|realization|sadness
4370,4,approval,6|8|9|13|27,confusion|desire|disappointment|excitement|neutral
4371,1,amusement,22|27,realization|neutral
4372,5,caring,0|4|6|15|18|25|27,admiration|approval|confusion|gratitude|love|sadness|neutral
4373,0,admiration,0|3|14|18|20|25,admiration|annoyance|fear|love|optimism|sadness
4374,20,optimism,1|2|10|11|17|25|26,amusement|anger|disapproval|disgust|joy|sadness|surprise
4375,27,neutral,6|7|9|11|18|20,confusion|curiosity|disappointment|disgust|love|optimism
4376,0,admiration,1|4|7|9|15|20|22|24|25|27,amusement|approval|curiosity|disappointment|gratitude|optimism|realization|remorse|sadness|neutral
4377,27,neutral,0|3|6|9|26|27,admiration|annoyance|confusion|disappointment|surprise|neutral
4378,27,neutral,0|1|4|7|14|25,admiration|amusement|approval|curiosity|fear|sadness
4379,22|27,realization|neutral,1|6|8|10|18|27,amusement|confusion|desire|disapproval|love|neutral
4380,4,approval,0|2|3|8|22|27,admiration|anger|annoyance|desire|realization|neutral
4381,17,joy,0|1|3|9|15|25,admiration|amusement|annoyance|disappointment|gratitude|sadness
4382,24,remorse,0|6|9|18|26|27,admiration|confusion|disappointment|love|surprise|neutral
4383,26,surprise,9|10|13|15|17|27,disappointment|disapproval|excitement|gratitude|joy|neutral
4384,27,neutral,0|6|24|25|27,admiration|confusion|remorse|sadness|neutral
4385,9|27,disappointment|neutral,0|9|18|26,admiration|disappointment|love|surprise
4386,27,neutral,0|1|2|11|26|27,admiration|amusement|anger|disgust|surprise|neutral
4387,5|27,caring|neutral,0|2|3|8|17|25|26,admiration|anger|annoyance|desire|joy|sadness|surprise
4388,1,amusement,0|2|4|8|11|27,admiration|anger|approval|desire|disgust|neutral
4389,15,gratitude,6|10|14|26|27,confusion|disapproval|fear|surprise|neutral
4390,15,gratitude,1|2|5|6|15|18|22|25,amusement|anger|caring|confusion|gratitude|love|realization|sadness
4391,27,neutral,1|4|7|9|11|18|20,amusement|approval|curiosity|disappointment|disgust|love|optimism
4392,27,neutral,1|18|21|26,amusement|love|pride|surprise
4393,27,neutral,0|3|9|12|13|14|25|27,admiration|annoyance|disappointment|embarrassment|excitement|fear|sadness|neutral
4394,18,love,2|6|15|17|27,anger|confusion|gratitude|joy|neutral
4395,27,neutral,2|3|4|5|6|9|17|25|27,anger|annoyance|approval|caring|confusion|disappointment|joy|sadness|neutral
4396,3|27,annoyance|neutral,1|2|3|6|8|10|14|15|22,amusement|anger|annoyance|confusion|desire|disapproval|fear|gratitude|realization
4397,27,neutral,0|1|3|5|6|7|15|17|26,admiration|amusement|annoyance|caring|confusion|curiosity|gratitude|joy|surprise
4398,0,admiration,0|4|8|13|25|27,admiration|approval|desire|excitement|sadness|neutral
4399,4,approval,4|6|7|10|22|26|27,approval|confusion|curiosity|disapproval|realization|surprise|neutral
4400,11,disgust,1|6|7|9|10|15|18|24|25,amusement|confusion|curiosity|disappointment|disapproval|gratitude|love|remorse|sadness
4401,27,neutral,3|7|9|15|18|20,annoyance|curiosity|disappointment|gratitude|love|optimism
4402,7,curiosity,2|3|8|9|11|23,anger|annoyance|desire|disappointment|disgust|relief
4403,13|17,excitement|joy,0|1|3|7|13|17|20|23|27,admiration|amusement|annoyance|curiosity|excitement|joy|optimism|relief|neutral
4404,6,confusion,6|7|9|26|27,confusion|curiosity|disappointment|surprise|neutral
4405,22,realization,3|13|14|20|22|25|27,annoyance|excitement|fear|optimism|realization|sadness|neutral
4406,27,neutral,0|1|3|4|7|18|22,admiration|amusement|annoyance|approval|curiosity|love|realization
4407,4,approval,2|6|9|10|11|15|17|26|27,anger|confusion|disappointment|disapproval|disgust|gratitude|joy|surprise|neutral
4408,7|13,curiosity|excitement,2|9|12|18|20|25,anger|disappointment|embarrassment|love|optimism|sadness
4409,9|12,disappointment|embarrassment,1|2|6|9|10|17|27,amusement|anger|confusion|disappointment|disapproval|joy|neutral
4410,15,gratitude,0|3|6|7|9|10|15|24|25,admiration|annoyance|confusion|curiosity|disappointment|disapproval|gratitude|remorse|sadness
4411,10,disapproval,3|17|18|27,annoyance|joy|love|neutral
4412,0|5,admiration|caring,3|4|7|8|10,annoyance|approval|curiosity|desire|disapproval
4413,7,curiosity,3|7|20|25|27,annoyance|curiosity|optimism|sadness|neutral
4414,0|6,admiration|confusion,4|7|10|12|14|17|18|20|25,approval|curiosity|disapproval|embarrassment|fear|joy|love|optimism|sadness
4415,0,admiration,0|3|9|11|15|18|25,admiration|annoyance|disappointment|disgust|gratitude|love|sadness
4416,4,approval,0|5|7|10|18|20|22|25,admiration|caring|curiosity|disapproval|love|optimism|realization|sadness
4417,7,curiosity,1|3|9|14|18|20|27,amusement|annoyance|disappointment|fear|love|optimism|neutral
4418,0,admiration,0|1|2|3|7|15|20,admiration|amusement|anger|annoyance|curiosity|gratitude|optimism
4419,10,disapproval,0|7|8|10|15|17|18|26,admiration|curiosity|desire|disapproval|gratitude|joy|love|surprise
4420,7,curiosity,3|5|6|9|11|18|22,annoyance|caring|confusion|disappointment|disgust|love|realization
4421,27,neutral,2|6|7|10|13|15|18,anger|confusion|curiosity|disapproval|excitement|gratitude|love
4422,9,disappointment,0|7|9|10|15|22,admiration|curiosity|disappointment|disapproval|gratitude|realization
4423,27,neutral,0|2|3|4|9|18|26,admiration|anger|annoyance|approval|disappointment|love|surprise
4424,2|4,anger|approval,1|6|10|14|17|26,amusement|confusion|disapproval|fear|joy|surprise
4425,9|27,disappointment|neutral,1|4|5|6|7|18,amusement|approval|caring|confusion|curiosity|love
4426,24,remorse,0|10|20|27,admiration|disapproval|optimism|neutral
4427,2,anger,1|2|4|6|9|25,amusement|anger|approval|confusion|disappointment|sadness
4428,27,neutral,0|1|3|4|5|6|11|14|18|20,admiration|amusement|annoyance|approval|caring|confusion|disgust|fear|love|optimism
4429,3|10,annoyance|disapproval,8|13|18|22|24|25|26|27,desire|excitement|love|realization|remorse|sadness|surprise|neutral
4430,4,approval,3|4|7|10|11|22|25|27,annoyance|approval|curiosity|disapproval|disgust|realization|sadness|neutral
4431,1,amusement,2|3|4|9|19|24|25|26|27,anger|annoyance|approval|disappointment|nervousness|remorse|sadness|surprise|neutral
4432,10,disapproval,3|4|6|11|17|20|22|25|27,annoyance|approval|confusion|disgust|joy|optimism|realization|sadness|neutral
4433,0|4|20,admiration|approval|optimism,2|5|7|10|17,anger|caring|curiosity|disapproval|joy
4434,17,joy,3|7|11|26,annoyance|curiosity|disgust|surprise
4435,27,neutral,0|3|18|22|26|27,admiration|annoyance|love|realization|surprise|neutral
4436,27,neutral,0|3|7|9|10|15|20,admiration|annoyance|curiosity|disappointment|disapproval|gratitude|optimism
4437,3|10,annoyance|disapproval,0|3|5|9|24,admiration|annoyance|caring|disappointment|remorse
4438,7,curiosity,0|1|2|5|15|20,admiration|amusement|anger|caring|gratitude|optimism
4439,27,neutral,0|3|7|9|12|22|26,admiration|annoyance|curiosity|disappointment|embarrassment|realization|surprise
4440,4,approval,4|6|7|10|18|22|27,approval|confusion|curiosity|disapproval|love|realization|neutral
4441,15,gratitude,4|6|7|9|10|15|20,approval|confusion|curiosity|disappointment|disapproval|gratitude|optimism
4442,15,gratitude,0|1|7|9|10|15|18|20|22,admiration|amusement|curiosity|disappointment|disapproval|gratitude|love|optimism|realization
4443,7,curiosity,0|2|6|9|11|15|20|25,admiration|anger|confusion|disappointment|disgust|gratitude|optimism|sadness
4444,27,neutral,0|1|2|4|7|20|27,admiration|amusement|anger|approval|curiosity|optimism|neutral
4445,27,neutral,0|1|7|15|18|27,admiration|amusement|curiosity|gratitude|love|neutral
4446,0,admiration,0|3|6|8|14|15|17|18|24|26,admiration|annoyance|confusion|desire|fear|gratitude|joy|love|remorse|surprise
4447,27,neutral,0|3|4|7|15|20|27,admiration|annoyance|approval|curiosity|gratitude|optimism|neutral
4448,27,neutral,1|3|7|25,amusement|annoyance|curiosity|sadness
4449,15|17,gratitude|joy,0|2|5|7|9|11|22|25,admiration|anger|caring|curiosity|disappointment|disgust|realization|sadness
4450,18,love,2|9|15|19|26,anger|disappointment|gratitude|nervousness|surprise
4451,2,anger,0|2|3|10|11,admiration|anger|annoyance|disapproval|disgust
4452,0,admiration,1|4|10|15|20|25,amusement|approval|disapproval|gratitude|optimism|sadness
4453,3,annoyance,0|17|27,admiration|joy|neutral
4454,27,neutral,2|3|4|6|24|25|27,anger|annoyance|approval|confusion|remorse|sadness|neutral
4455,4,approval,0|2|4|9|15|20,admiration|anger|approval|disappointment|gratitude|optimism
4456,15,gratitude,0|1|3|17|18,admiration|amusement|annoyance|joy|love
4457,18,love,2|4|6|15|27,anger|approval|confusion|gratitude|neutral
4458,27,neutral,4|6|15|27,approval|confusion|gratitude|neutral
4459,27,neutral,1|10|25|26|27,amusement|disapproval|sadness|surprise|neutral
4460,8,desire,2|6|11|14|15|27,anger|confusion|disgust|fear|gratitude|neutral
4461,15,gratitude,1|2|5|11|20|22|24|26,amusement|anger|caring|disgust|optimism|realization|remorse|surprise
4462,27,neutral,0|1|3|17|20|27,admiration|amusement|annoyance|joy|optimism|neutral
4463,15,gratitude,11|15|18|20|27,disgust|gratitude|love|optimism|neutral
4464,17,joy,0|3|6|17|26|27,admiration|annoyance|confusion|joy|surprise|neutral
4465,7,curiosity,3|8|9|11|18|20|22|25|27,annoyance|desire|disappointment|disgust|love|optimism|realization|sadness|neutral
4466,5,caring,1|2|10|13|15|17|22|27,amusement|anger|disapproval|excitement|gratitude|joy|realization|neutral
4467,27,neutral,0|3|7|10|13|25|27,admiration|annoyance|curiosity|disapproval|excitement|sadness|neutral
4468,0,admiration,0|1|2|3|7|15|18,admiration|amusement|anger|annoyance|curiosity|gratitude|love
4469,0,admiration,4|6|7|15|27,approval|confusion|curiosity|gratitude|neutral
4470,7,curiosity,3|6|8|10|14|15,annoyance|confusion|desire|disapproval|fear|gratitude
4471,7,curiosity,2|9|10|15|18|22,anger|disappointment|disapproval|gratitude|love|realization
4472,9,disappointment,4|8|13|14|17|25|27,approval|desire|excitement|fear|joy|sadness|neutral
4473,27,neutral,0|1|6|10|18|22|27,admiration|amusement|confusion|disapproval|love|realization|neutral
4474,3,annoyance,2|3|4|8|10|14|17|25,anger|annoyance|approval|desire|disapproval|fear|joy|sadness
4475,27,neutral,2|4|5|8|11|17|25|27,anger|approval|caring|desire|disgust|joy|sadness|neutral
4476,1,amusement,2|12|15|25|27,anger|embarrassment|gratitude|sadness|neutral
4477,1,amusement,0|2|3|18|26,admiration|anger|annoyance|love|surprise
4478,27,neutral,2|3|5|6|9|15|20|27,anger|annoyance|caring|confusion|disappointment|gratitude|optimism|neutral
4479,16|25,grief|sadness,4|7|27,approval|curiosity|neutral
4480,8,desire,6|7|17|18|25,confusion|curiosity|joy|love|sadness
4481,0,admiration,4|6|8|25|27,approval|confusion|desire|sadness|neutral
4482,1,amusement,0|2|3|10|15|20|26|27,admiration|anger|annoyance|disapproval|gratitude|optimism|surprise|neutral
4483,15,gratitude,1|2|4|5|7|10|17|27,amusement|anger|approval|caring|curiosity|disapproval|joy|neutral
4484,4,approval,1|6,amusement|confusion
4485,27,neutral,0|7|9|13|20|25,admiration|curiosity|disappointment|excitement|optimism|sadness
4486,0,admiration,0|2|4|14|15|18|20,admiration|anger|approval|fear|gratitude|love|optimism
4487,14,fear,2|9|10|15|20|27,anger|disappointment|disapproval|gratitude|optimism|neutral
4488,15|26,gratitude|surprise,0|1|3|4|5|8|9|15|18|20|25,admiration|amusement|annoyance|approval|caring|desire|disappointment|gratitude|love|optimism|sadness
4489,0,admiration,1|2|3|7|15|18,amusement|anger|annoyance|curiosity|gratitude|love
4490,27,neutral,1|3|5|8|13|14|25,amusement|annoyance|caring|desire|excitement|fear|sadness
4491,27,neutral,4|5|18|25|27,approval|caring|love|sadness|neutral
4492,12,embarrassment,1|3|6|13|15|18|27,amusement|annoyance|confusion|excitement|gratitude|love|neutral
4493,4,approval,0|3|13|14|17|26,admiration|annoyance|excitement|fear|joy|surprise
4494,15,gratitude,3|9|10|15|18|20|26,annoyance|disappointment|disapproval|gratitude|love|optimism|surprise
4495,5,caring,0|7|27,admiration|curiosity|neutral
4496,25,sadness,0|2|3|9|13|14|18|22|25|27,admiration|anger|annoyance|disappointment|excitement|fear|love|realization|sadness|neutral
4497,0|15,admiration|gratitude,0|5|6|15|18|25,admiration|caring|confusion|gratitude|love|sadness
4498,26,surprise,2|3|4|15|17|20|22|27,anger|annoyance|approval|gratitude|joy|optimism|realization|neutral
4499,27,neutral,0|1|3|10|20,admiration|amusement|annoyance|disapproval|optimism
4500,27,neutral,10|27,disapproval|neutral
4501,10,disapproval,4|5|8|10|13|14|15|18|20|22|25,approval|caring|desire|disapproval|excitement|fear|gratitude|love|optimism|realization|sadness
4502,2,anger,2|3|6|7|17|25|26|27,anger|annoyance|confusion|curiosity|joy|sadness|surprise|neutral
4503,10,disapproval,5|8|11|18|25|27,caring|desire|disgust|love|sadness|neutral
4504,27,neutral,1|6|7|10|11|18,amusement|confusion|curiosity|disapproval|disgust|love
4505,0,admiration,2|4|5|9|15|18|20,anger|approval|caring|disappointment|gratitude|love|optimism
4506,27,neutral,0|1|7|9|15|18|27,admiration|amusement|curiosity|disappointment|gratitude|love|neutral
4507,0|15,admiration|gratitude,3|6|10|11|22|27,annoyance|confusion|disapproval|disgust|realization|neutral
4508,27,neutral,0|1|2|7|18|20,admiration|amusement|anger|curiosity|love|optimism
4509,7|11,curiosity|disgust,4|9|15|27,approval|disappointment|gratitude|neutral
4510,3,annoyance,4|9|15|24|26|27,approval|disappointment|gratitude|remorse|surprise|neutral
4511,26,surprise,0|6|8|12|15|20,admiration|confusion|desire|embarrassment|gratitude|optimism
4512,27,neutral,5|8|10|15|17|20|27,caring|desire|disapproval|gratitude|joy|optimism|neutral
4513,27,neutral,0|1|2|6|7|14|15|27,admiration|amusement|anger|confusion|curiosity|fear|gratitude|neutral
4514,27,neutral,3|4|6|9,annoyance|approval|confusion|disappointment
4515,4|23,approval|relief,4|10|15|18|22,approval|disapproval|gratitude|love|realization
4516,27,neutral,2|4|9|13|17|26,anger|approval|disappointment|excitement|joy|surprise
4517,15,gratitude,0|5|6|8|9|10|15|20|27,admiration|caring|confusion|desire|disappointment|disapproval|gratitude|optimism|neutral
4518,1,amusement,0|1|4|7|11|13|22|27,admiration|amusement|approval|curiosity|disgust|excitement|realization|neutral
4519,18,love,7|9|11|15|18|25,curiosity|disappointment|disgust|gratitude|love|sadness
4520,27,neutral,0|6|9|10|11|15,admiration|confusion|disappointment|disapproval|disgust|gratitude
4521,0,admiration,1|3|7|8|9|10|27,amusement|annoyance|curiosity|desire|disappointment|disapproval|neutral
4522,3,annoyance,1|8|10|11|17|24|25|26,amusement|desire|disapproval|disgust|joy|remorse|sadness|surprise
4523,18,love,13|25|27,excitement|sadness|neutral
4524,0|18,admiration|love,4|8|9|11|27,approval|desire|disappointment|disgust|neutral
4525,5|8,caring|desire,1|3|4|15|18|26|27,amusement|annoyance|approval|gratitude|love|surprise|neutral
4526,27,neutral,0|1|4|25,admiration|amusement|approval|sadness
4527,18|22,love|realization,0|2|3|4|5|12|15|17,admiration|anger|annoyance|approval|caring|embarrassment|gratitude|joy
4528,10,disapproval,7|10|11|15|22|27,curiosity|disapproval|disgust|gratitude|realization|neutral
4529,5,caring,3|4|6|18|26|27,annoyance|approval|confusion|love|surprise|neutral
4530,11,disgust,0|1|5|6|7|18|26|27,admiration|amusement|caring|confusion|curiosity|love|surprise|neutral
4531,15,gratitude,4|6|11|13|17|20|22|25|27,approval|confusion|disgust|excitement|joy|optimism|realization|sadness|neutral
4532,14|19,fear|nervousness,2|3|4|18|26|27,anger|annoyance|approval|love|surprise|neutral
4533,17,joy,1|7|9|12|15|18|22|24|26|27,amusement|curiosity|disappointment|embarrassment|gratitude|love|realization|remorse|surprise|neutral
4534,27,neutral,0|5|6|13|17|25|27,admiration|caring|confusion|excitement|joy|sadness|neutral
4535,9,disappointment,0|4|8|9|11|15|26,admiration|approval|desire|disappointment|disgust|gratitude|surprise
4536,13,excitement,10|13|14|17|27,disapproval|excitement|fear|joy|neutral
4537,0,admiration,0|3|4|9|10|14|15|17|20|24,admiration|annoyance|approval|disappointment|disapproval|fear|gratitude|joy|optimism|remorse
4538,5|20,caring|optimism,0|7|9|15|18|19|22|26,admiration|curiosity|disappointment|gratitude|love|nervousness|realization|surprise
4539,10,disapproval,0|2|8|10|11|17|18|20|25,admiration|anger|desire|disapproval|disgust|joy|love|optimism|sadness
4540,0,admiration,1|4|17|20|22,amusement|approval|joy|optimism|realization
4541,0,admiration,0|3|5|9|11|15|18|20,admiration|annoyance|caring|disappointment|disgust|gratitude|love|optimism
4542,0|4,admiration|approval,1|3|10|15|22|25,amusement|annoyance|disapproval|gratitude|realization|sadness
4543,7,curiosity,0|7|10|18|27,admiration|curiosity|disapproval|love|neutral
4544,5,caring,1|2|3|10|18|20,amusement|anger|annoyance|disapproval|love|optimism
4545,27,neutral,7|8|15|20|24|25,curiosity|desire|gratitude|optimism|remorse|sadness
4546,4|9,approval|disappointment,4|5|17|18|22|27,approval|caring|joy|love|realization|neutral
4547,7,curiosity,4|9|14|15|24|27,approval|disappointment|fear|gratitude|remorse|neutral
4548,3,annoyance,0|6|7|8|9|18|25|26,admiration|confusion|curiosity|desire|disappointment|love|sadness|surprise
4549,24,remorse,0|13|20|25|27,admiration|excitement|optimism|sadness|neutral
4550,27,neutral,0|1|4|5|10|13|18,admiration|amusement|approval|caring|disapproval|excitement|love
4551,27,neutral,0|2|6|7|15,admiration|anger|confusion|curiosity|gratitude
4552,27,neutral,1|2|3|9|10|20|22|25|27,amusement|anger|annoyance|disappointment|disapproval|optimism|realization|sadness|neutral
4553,27,neutral,7|9|20|26|27,curiosity|disappointment|optimism|surprise|neutral
4554,0,admiration,3|4|7|9|15,annoyance|approval|curiosity|disappointment|gratitude
4555,8|15,desire|gratitude,3|7|10|11|13|15|17|22|27,annoyance|curiosity|disapproval|disgust|excitement|gratitude|joy|realization|neutral
4556,27,neutral,1|4|5|7|10|17|18|20|22|27,amusement|approval|caring|curiosity|disapproval|joy|love|optimism|realization|neutral
4557,7,curiosity,2|4|5|6|17|26,anger|approval|caring|confusion|joy|surprise
4558,15,gratitude,1|2|5|6|13|15|24|26,amusement|anger|caring|confusion|excitement|gratitude|remorse|surprise
4559,18,love,4|5|6|10|13|20|22|26,approval|caring|confusion|disapproval|excitement|optimism|realization|surprise
4560,25,sadness,3|11,annoyance|disgust
4561,4,approval,0|3|7|9|10|15|18|20,admiration|annoyance|curiosity|disappointment|disapproval|gratitude|love|optimism
4562,27,neutral,2|10|13|15|18|22,anger|disapproval|excitement|gratitude|love|realization
4563,20|25,optimism|sadness,0|2|4|7|8|15|17|25,admiration|anger|approval|curiosity|desire|gratitude|joy|sadness
4564,3,annoyance,0|1|5|11|17|22|25|26,admiration|amusement|caring|disgust|joy|realization|sadness|surprise
4565,5,caring,0|18|20|22|27,admiration|love|optimism|realization|neutral
4566,27,neutral,0|7|9|15|22,admiration|curiosity|disappointment|gratitude|realization
4567,4,approval,4|9|18|25|26|27,approval|disappointment|love|sadness|surprise|neutral
4568,0,admiration,0|3|7|15|18|22|26|27,admiration|annoyance|curiosity|gratitude|love|realization|surprise|neutral
4569,15,gratitude,1|5|15|20|22|26|27,amusement|caring|gratitude|optimism|realization|surprise|neutral
4570,26,surprise,1|2|5|9|12|13|17,amusement|anger|caring|disappointment|embarrassment|excitement|joy
4571,3|10,annoyance|disapproval,0|2|20|26|27,admiration|anger|optimism|surprise|neutral
4572,0,admiration,1|2|7|8|10|11|27,amusement|anger|curiosity|desire|disapproval|disgust|neutral
4573,16|27,grief|neutral,0|2|3|11|18|22|25,admiration|anger|annoyance|disgust|love|realization|sadness
4574,27,neutral,3|4|13|14|22|26|27,annoyance|approval|excitement|fear|realization|surprise|neutral
4575,4,approval,2|11|15|18|22|25,anger|disgust|gratitude|love|realization|sadness
4576,3|10,annoyance|disapproval,0|1|2|6|14|17,admiration|amusement|anger|confusion|fear|joy
4577,18,love,2|3|7|10|17|18|22|26,anger|annoyance|curiosity|disapproval|joy|love|realization|surprise
4578,4,approval,1|2|7|10|27,amusement|anger|curiosity|disapproval|neutral
4579,15,gratitude,3|4|10|15,annoyance|approval|disapproval|gratitude
4580,20,optimism,4|6|7|22|25|26|27,approval|confusion|curiosity|realization|sadness|surprise|neutral
4581,26,surprise,0|2|6|10|15|25,admiration|anger|confusion|disapproval|gratitude|sadness
4582,27,neutral,0|1|3|9|13|15|27,admiration|amusement|annoyance|disappointment|excitement|gratitude|neutral
4583,3|22,annoyance|realization,1|6|9|15|17|25,amusement|confusion|disappointment|gratitude|joy|sadness
4584,27,neutral,5|8|17,caring|desire|joy
4585,2|3,anger|annoyance,4|6|7|18|24,approval|confusion|curiosity|love|remorse
4586,27,neutral,3|5|9|11|17,annoyance|caring|disappointment|disgust|joy
4587,22,realization,0|4|6|7|13|16|17|20|25,admiration|approval|confusion|curiosity|excitement|grief|joy|optimism|sadness
4588,20,optimism,0|7|9|10|15|17|20|25,admiration|curiosity|disappointment|disapproval|gratitude|joy|optimism|sadness
4589,27,neutral,0|6|7|13|18|22|24|26|27,admiration|confusion|curiosity|excitement|love|realization|remorse|surprise|neutral
4590,27,neutral,5|7|9|20|22|26,caring|curiosity|disappointment|optimism|realization|surprise
4591,27,neutral,1|3|15|18|27,amusement|annoyance|gratitude|love|neutral
4592,1|20,amusement|optimism,2|3|4|5|6|7|11|17|18|26,anger|annoyance|approval|caring|confusion|curiosity|disgust|joy|love|surprise
4593,27,neutral,3|4|7|17|25|27,annoyance|approval|curiosity|joy|sadness|neutral
4594,27,neutral,0|1|2|3|5|9|10|16,admiration|amusement|anger|annoyance|caring|disappointment|disapproval|grief
4595,1,amusement,3|4|10|18|25|26|27,annoyance|approval|disapproval|love|sadness|surprise|neutral
4596,11,disgust,4|7|10|12|13|15,approval|curiosity|disapproval|embarrassment|excitement|gratitude
4597,27,neutral,1|2|7|10|20|22,amusement|anger|curiosity|disapproval|optimism|realization
4598,20,optimism,4|7|10|20|27,approval|curiosity|disapproval|optimism|neutral
4599,27,neutral,0|9|18|22,admiration|disappointment|love|realization
4600,0,admiration,1|2|8|9|15|22,amusement|anger|desire|disappointment|gratitude|realization
4601,13|26,excitement|surprise,3|4|5|6|11|13,annoyance|approval|caring|confusion|disgust|excitement
4602,15,gratitude,1|3|4|5|10|15|22|26,amusement|annoyance|approval|caring|disapproval|gratitude|realization|surprise
4603,0,admiration,2|3|9|13|18|22,anger|annoyance|disappointment|excitement|love|realization
4604,4,approval,3|13|14|25|27,annoyance|excitement|fear|sadness|neutral
4605,18,love,2|4|5|27,anger|approval|caring|neutral
4606,15,gratitude,0|2|4|5|10|13|15|27,admiration|anger|approval|caring|disapproval|excitement|gratitude|neutral
4607,4,approval,0|4|12|15|25,admiration|approval|embarrassment|gratitude|sadness
4608,11,disgust,2|3|4|10|13|27,anger|annoyance|approval|disapproval|excitement|neutral
4609,27,neutral,2|8|9,anger|desire|disappointment
4610,7|18,curiosity|love,0|1|6|14|27,admiration|amusement|confusion|fear|neutral
4611,27,neutral,0|4|7|8|9|10|14|22,admiration|approval|curiosity|desire|disappointment|disapproval|fear|realization
4612,15,gratitude,0|6|7|8|10|11|15|27,admiration|confusion|curiosity|desire|disapproval|disgust|gratitude|neutral
4613,14,fear,1|6|10|18|27,amusement|confusion|disapproval|love|neutral
4614,6|7,confusion|curiosity,2|3|7|15|26|27,anger|annoyance|curiosity|gratitude|surprise|neutral
4615,6|20,confusion|optimism,1|2|5|18|24,amusement|anger|caring|love|remorse
4616,18,love,1|2|3|5|6|7|14|18|20|25,amusement|anger|annoyance|caring|confusion|curiosity|fear|love|optimism|sadness
4617,19|27,nervousness|neutral,1|25,amusement|sadness
4618,26,surprise,0|3|4|6|7|10|15|17,admiration|annoyance|approval|confusion|curiosity|disapproval|gratitude|joy
4619,5,caring,0|4|7|10|11|13|14|27,admiration|approval|curiosity|disapproval|disgust|excitement|fear|neutral
4620,27,neutral,0|1|10|13|17|18|26,admiration|amusement|disapproval|excitement|joy|love|surprise
4621,1,amusement,0|4|5|6|11|12|13|22|25,admiration|approval|caring|confusion|disgust|embarrassment|excitement|realization|sadness
4622,3,annoyance,1|4|5|6|9|15|18|20|22,amusement|approval|caring|confusion|disappointment|gratitude|love|optimism|realization
4623,1,amusement,3|5|6|7|8|15|20|27,annoyance|caring|confusion|curiosity|desire|gratitude|optimism|neutral
4624,27,neutral,17|26|27,joy|surprise|neutral
4625,0|8|20,admiration|desire|optimism,1|7|20|27,amusement|curiosity|optimism|neutral
4626,15,gratitude,0|3|7|10|13|17|25|27,admiration|annoyance|curiosity|disapproval|excitement|joy|sadness|neutral
4627,27,neutral,0|4|9,admiration|approval|disappointment
4628,27,neutral,2|3|6|24|25|26|27,anger|annoyance|confusion|remorse|sadness|surprise|neutral
4629,2|10,anger|disapproval,2|3|5|9|10|11|15|25|27,anger|annoyance|caring|disappointment|disapproval|disgust|gratitude|sadness|neutral
4630,27,neutral,0|2|7|10|17|27,admiration|anger|curiosity|disapproval|joy|neutral
4631,27,neutral,1|3|9|10|11|22,amusement|annoyance|disappointment|disapproval|disgust|realization
4632,27,neutral,2|3|6|7|8|9|14|22|27,anger|annoyance|confusion|curiosity|desire|disappointment|fear|realization|neutral
4633,3,annoyance,0|4|6|9|10|20|26,admiration|approval|confusion|disappointment|disapproval|optimism|surprise
4634,0,admiration,0|5|7|10|11|18,admiration|caring|curiosity|disapproval|disgust|love
4635,1,amusement,1|4|12,amusement|approval|embarrassment
4636,27,neutral,2|5|11|17|18|20|25|26,anger|caring|disgust|joy|love|optimism|sadness|surprise
4637,15,gratitude,0|4|7|20|25|27,admiration|approval|curiosity|optimism|sadness|neutral
4638,27,neutral,3|4|7|8|10,annoyance|approval|curiosity|desire|disapproval
4639,5|24,caring|remorse,5|7|20,caring|curiosity|optimism
4640,27,neutral,2|4|10|15|17|27,anger|approval|disapproval|gratitude|joy|neutral
4641,27,neutral,1|3|5|9|15|18|22|25,amusement|annoyance|caring|disappointment|gratitude|love|realization|sadness
4642,4,approval,0|3|4|7|24|26|27,admiration|annoyance|approval|curiosity|remorse|surprise|neutral
4643,27,neutral,4|7|9|11|17|20|24,approval|curiosity|disappointment|disgust|joy|optimism|remorse
4644,27,neutral,,
4645,18,love,1|5|14|26|27,amusement|caring|fear|surprise|neutral
4646,27,neutral,1|6|7|10|11|13|17,amusement|confusion|curiosity|disapproval|disgust|excitement|joy
4647,8,desire,1|2|3|6|8|9|11|17|18|22|25|27,amusement|anger|annoyance|confusion|desire|disappointment|disgust|joy|love|realization|sadness|neutral
4648,2,anger,0|1|4|5|8|18|26,admiration|amusement|approval|caring|desire|love|surprise
4649,4,approval,1|2|5|6|10|14|22|25|27,amusement|anger|caring|confusion|disapproval|fear|realization|sadness|neutral
4650,27,neutral,1|2|3|5|27,amusement|anger|annoyance|caring|neutral
4651,27,neutral,0|3|4|7|15,admiration|annoyance|approval|curiosity|gratitude
4652,27,neutral,0|3|4|7|8|12|15|20,admiration|annoyance|approval|curiosity|desire|embarrassment|gratitude|optimism
4653,8,desire,1|5|27,amusement|caring|neutral
4654,27,neutral,2|3|4|7|9|26|27,anger|annoyance|approval|curiosity|disappointment|surprise|neutral
4655,27,neutral,0|2|4|7,admiration|anger|approval|curiosity
4656,14,fear,6|7|10|12|13|17|26,confusion|curiosity|disapproval|embarrassment|excitement|joy|surprise
4657,6,confusion,3|6|10|27,annoyance|confusion|disapproval|neutral
4658,27,neutral,1|3|15|17|22|27,amusement|annoyance|gratitude|joy|realization|neutral
4659,0|15,admiration|gratitude,0|6|18|20|25|27,admiration|confusion|love|optimism|sadness|neutral
4660,27,neutral,3|4|10|15|17|18,annoyance|approval|disapproval|gratitude|joy|love
4661,2,anger,3|4|10|20|25,annoyance|approval|disapproval|optimism|sadness
4662,27,neutral,0|1|3|5|7|27,admiration|amusement|annoyance|caring|curiosity|neutral
4663,4,approval,0|4|9|15|27,admiration|approval|disappointment|gratitude|neutral
4664,15,gratitude,0|4|8|18|22,admiration|approval|desire|love|realization
4665,2,anger,0|7|8|9|15|18|20,admiration|curiosity|desire|disappointment|gratitude|love|optimism
4666,10,disapproval,0|2|3|5|11|15|19|27,admiration|anger|annoyance|caring|disgust|gratitude|nervousness|neutral
4667,27,neutral,0|6|7|22|25,admiration|confusion|curiosity|realization|sadness
4668,20,optimism,0|4|5|9|22|27,admiration|approval|caring|disappointment|realization|neutral
4669,4|20,approval|optimism,0|8|9|20|24|25|27,admiration|desire|disappointment|optimism|remorse|sadness|neutral
4670,2,anger,3|4|5|17|18,annoyance|approval|caring|joy|love
4671,12,embarrassment,3|6|7|18|26|27,annoyance|confusion|curiosity|love|surprise|neutral
4672,15,gratitude,0|2|10|14|18|22|23,admiration|anger|disapproval|fear|love|realization|relief
4673,9,disappointment,1|4|5|6|7|9|17|22|27,amusement|approval|caring|confusion|curiosity|disappointment|joy|realization|neutral
4674,0|15,admiration|gratitude,2|7|8|13|20|27,anger|curiosity|desire|excitement|optimism|neutral
4675,27,neutral,0|1|3|5|11|12|15|17,admiration|amusement|annoyance|caring|disgust|embarrassment|gratitude|joy
4676,1,amusement,0|2|4|6|7|10|11|13|15|22|27,admiration|anger|approval|confusion|curiosity|disapproval|disgust|excitement|gratitude|realization|neutral
4677,27,neutral,1|7|15|22|27,amusement|curiosity|gratitude|realization|neutral
4678,24,remorse,4|5|10|11|15,approval|caring|disapproval|disgust|gratitude
4679,15,gratitude,2|6|15|20|22|27,anger|confusion|gratitude|optimism|realization|neutral
4680,22,realization,0|3|7|18,admiration|annoyance|curiosity|love
4681,27,neutral,10|12|15|17|22|27,disapproval|embarrassment|gratitude|joy|realization|neutral
4682,10|11,disapproval|disgust,1|6|9|15|26|27,amusement|confusion|disappointment|gratitude|surprise|neutral
4683,0,admiration,0|4|6|15|20|25,admiration|approval|confusion|gratitude|optimism|sadness
4684,5,caring,0|4|5|10|20|22,admiration|approval|caring|disapproval|optimism|realization
4685,27,neutral,0|3|6|7|22|27,admiration|annoyance|confusion|curiosity|realization|neutral
4686,27,neutral,5|11|17|27,caring|disgust|joy|neutral
4687,11,disgust,0|2|4|7|9|10|15|17|27,admiration|anger|approval|curiosity|disappointment|disapproval|gratitude|joy|neutral
4688,6|27,confusion|neutral,6|8|9|15|17|18|20|26|27,confusion|desire|disappointment|gratitude|joy|love|optimism|surprise|neutral
4689,27,neutral,0|3|10|15|22|27,admiration|annoyance|disapproval|gratitude|realization|neutral
4690,27,neutral,0|4|9|10|20,admiration|approval|disappointment|disapproval|optimism
4691,5,caring,0|2|9|20,admiration|anger|disappointment|optimism
4692,15|20,gratitude|optimism,1|10|22,amusement|disapproval|realization
4693,18,love,1|2|3|9|18|22|27,amusement|anger|annoyance|disappointment|love|realization|neutral
4694,15,gratitude,1|2|3|5|7|9|10|14|22|25,amusement|anger|annoyance|caring|curiosity|disappointment|disapproval|fear|realization|sadness
4695,27,neutral,2|3|7|9|10|13|17|27,anger|annoyance|curiosity|disappointment|disapproval|excitement|joy|neutral
4696,4|27,approval|neutral,0|1|3|7|8|9|10|14|20,admiration|amusement|annoyance|curiosity|desire|disappointment|disapproval|fear|optimism
4697,20,optimism,3|4|5|6|8|13|14|15|27,annoyance|approval|caring|confusion|desire|excitement|fear|gratitude|neutral
4698,1,amusement,3|4|5|7|10|17|18|20|25,annoyance|approval|caring|curiosity|disapproval|joy|love|optimism|sadness
4699,4|23,approval|relief,1|24|26|27,amusement|remorse|surprise|neutral
4700,15|21,gratitude|pride,0|9|10|14|17|18|20|26|27,admiration|disappointment|disapproval|fear|joy|love|optimism|surprise|neutral
4701,10,disapproval,5|6|7|10|12|18,caring|confusion|curiosity|disapproval|embarrassment|love
4702,0|4,admiration|approval,0|7|12|15|20|24,admiration|curiosity|embarrassment|gratitude|optimism|remorse
4703,9,disappointment,0|1|14|15|27,admiration|amusement|fear|gratitude|neutral
4704,0|15,admiration|gratitude,0|1|2|3|4|15|17|25,admiration|amusement|anger|annoyance|approval|gratitude|joy|sadness
4705,27,neutral,2|3|5|7,anger|annoyance|caring|curiosity
4706,1,amusement,4|9|11|14|15|20|27,approval|disappointment|disgust|fear|gratitude|optimism|neutral
4707,6|7,confusion|curiosity,0|3|4|15|18,admiration|annoyance|approval|gratitude|love
4708,15,gratitude,4|10|11|17|20|25|26,approval|disapproval|disgust|joy|optimism|sadness|surprise
4709,27,neutral,0|6|9|11|26|27,admiration|confusion|disappointment|disgust|surprise|neutral
4710,27,neutral,0|1|3|5|8|9|11|22|27,admiration|amusement|annoyance|caring|desire|disappointment|disgust|realization|neutral
4711,10,disapproval,1|4|5|8|18|22|27,amusement|approval|caring|desire|love|realization|neutral
4712,7|22,curiosity|realization,0|6|7|9|26,admiration|confusion|curiosity|disappointment|surprise
4713,15,gratitude,3|4|18|27,annoyance|approval|love|neutral
4714,15,gratitude,0|1|9|10|17|26,admiration|amusement|disappointment|disapproval|joy|surprise
4715,2,anger,1|12|15|18|27,amusement|embarrassment|gratitude|love|neutral
4716,27,neutral,0|5|8|9|11|14|15|26|27,admiration|caring|desire|disappointment|disgust|fear|gratitude|surprise|neutral
4717,18,love,1|2|4|13|15|18|22,amusement|anger|approval|excitement|gratitude|love|realization
4718,27,neutral,7|9|18|24|25,curiosity|disappointment|love|remorse|sadness
4719,6,confusion,0|4|5|7|8|15|18|22|25,admiration|approval|caring|curiosity|desire|gratitude|love|realization|sadness
4720,0,admiration,1|3|27,amusement|annoyance|neutral
4721,0|15,admiration|gratitude,5|7|14|15|20|22,caring|curiosity|fear|gratitude|optimism|realization
4722,10,disapproval,3|18|22|25|27,annoyance|love|realization|sadness|neutral
4723,20,optimism,0|4|9|25|27,admiration|approval|disappointment|sadness|neutral
4724,4,approval,1|2|4|5|20|22|26,amusement|anger|approval|caring|optimism|realization|surprise
4725,6,confusion,0|4|6|7|10|15|20|22|27,admiration|approval|confusion|curiosity|disapproval|gratitude|optimism|realization|neutral
4726,15|20,gratitude|optimism,1|3|9|15|18|20|27,amusement|annoyance|disappointment|gratitude|love|optimism|neutral
4727,27,neutral,2|4|13|15|18|24,anger|approval|excitement|gratitude|love|remorse
4728,6,confusion,0|2|3|8|10|15|20|25,admiration|anger|annoyance|desire|disapproval|gratitude|optimism|sadness
4729,27,neutral,4|7|8|10|13|17|18|25|26,approval|curiosity|desire|disapproval|excitement|joy|love|sadness|surprise
4730,27,neutral,0|1|4|10|11|13|17|20|22|26,admiration|amusement|approval|disapproval|disgust|excitement|joy|optimism|realization|surprise
4731,27,neutral,1|5|10|20|24|26,amusement|caring|disapproval|optimism|remorse|surprise
4732,4,approval,4|15|27,approval|gratitude|neutral
4733,18,love,0|2|5|7|9|18|20|25,admiration|anger|caring|curiosity|disappointment|love|optimism|sadness
4734,27,neutral,2|10|15|20|27,anger|disapproval|gratitude|optimism|neutral
4735,5,caring,1|6|7|13|25,amusement|confusion|curiosity|excitement|sadness
4736,27,neutral,0|3|4|11|18|27,admiration|annoyance|approval|disgust|love|neutral
4737,6,confusion,2|4|5|7|15|18|20|27,anger|approval|caring|curiosity|gratitude|love|optimism|neutral
4738,15,gratitude,0|1|9|10|22|27,admiration|amusement|disappointment|disapproval|realization|neutral
4739,13|17,excitement|joy,0|17|20|26|27,admiration|joy|optimism|surprise|neutral
4740,27,neutral,5|13|15|18,caring|excitement|gratitude|love
4741,6,confusion,2|3|4|8|10|26,anger|annoyance|approval|desire|disapproval|surprise
4742,4,approval,0|1|4|10|13|15|25|27,admiration|amusement|approval|disapproval|excitement|gratitude|sadness|neutral
4743,27,neutral,0|4|9|15|22|25|27,admiration|approval|disappointment|gratitude|realization|sadness|neutral
4744,17,joy,18|27,love|neutral
4745,27,neutral,1|20|26,amusement|optimism|surprise
4746,26,surprise,2|4|6|7|10|14|20|22|26,anger|approval|confusion|curiosity|disapproval|fear|optimism|realization|surprise
4747,0,admiration,0|14|18|27,admiration|fear|love|neutral
4748,22,realization,3|11|14|18|20|26,annoyance|disgust|fear|love|optimism|surprise
4749,6,confusion,7|11|27,curiosity|disgust|neutral
4750,5,caring,1|4|22|27,amusement|approval|realization|neutral
4751,7,curiosity,3|4|7|10|13|18,annoyance|approval|curiosity|disapproval|excitement|love
4752,27,neutral,1|4|5|7|13|17|22|26,amusement|approval|caring|curiosity|excitement|joy|realization|surprise
4753,17,joy,1|4|5|9|10|14|18|25,amusement|approval|caring|disappointment|disapproval|fear|love|sadness
4754,18,love,15|27,gratitude|neutral
4755,4,approval,3|7|18|20|27,annoyance|curiosity|love|optimism|neutral
4756,0,admiration,17|18|20|25|27,joy|love|optimism|sadness|neutral
4757,27,neutral,1|3|11|25|26,amusement|annoyance|disgust|sadness|surprise
4758,11,disgust,1|5|15|25,amusement|caring|gratitude|sadness
4759,27,neutral,1|4|7|8|15|22|27,amusement|approval|curiosity|desire|gratitude|realization|neutral
4760,27,neutral,5|7|9|15|17|22,caring|curiosity|disappointment|gratitude|joy|realization
4761,6,confusion,2|4|27,anger|approval|neutral
4762,27,neutral,15|17|27,gratitude|joy|neutral
4763,12,embarrassment,4|11|13|15|18|22|26,approval|disgust|excitement|gratitude|love|realization|surprise
4764,27,neutral,0|4|9|10|16|18|25|27,admiration|approval|disappointment|disapproval|grief|love|sadness|neutral
4765,27,neutral,0|3|11|13|26,admiration|annoyance|disgust|excitement|surprise
4766,27,neutral,3|7|9|17|20,annoyance|curiosity|disappointment|joy|optimism
4767,27,neutral,0|3|4|6|7|9|10|17|23|25,admiration|annoyance|approval|confusion|curiosity|disappointment|disapproval|joy|relief|sadness
4768,27,neutral,0|4|7|18|20|26,admiration|approval|curiosity|love|optimism|surprise
4769,7,curiosity,3|4|6|15|20|27,annoyance|approval|confusion|gratitude|optimism|neutral
4770,27,neutral,0|5|7|9|10|15|20|27,admiration|caring|curiosity|disappointment|disapproval|gratitude|optimism|neutral
4771,27,neutral,1|4|10|13|18|19|22|24|26,amusement|approval|disapproval|excitement|love|nervousness|realization|remorse|surprise
4772,27,neutral,5|9|10|11|20|22|25|26,caring|disappointment|disapproval|disgust|optimism|realization|sadness|surprise
4773,27,neutral,0|2|4|13|20|26|27,admiration|anger|approval|excitement|optimism|surprise|neutral
4774,10,disapproval,1|4|11|15|20|25,amusement|approval|disgust|gratitude|optimism|sadness
4775,25,sadness,2|6|7|15|18|20,anger|confusion|curiosity|gratitude|love|optimism
4776,14,fear,0|3|4|6|13|17,admiration|annoyance|approval|confusion|excitement|joy
4777,15,gratitude,1|2|4|5|6|9|11|15|17|18|20|25|26,amusement|anger|approval|caring|confusion|disappointment|disgust|gratitude|joy|love|optimism|sadness|surprise
4778,18,love,0|1|3|4|9|15|17|18|22,admiration|amusement|annoyance|approval|disappointment|gratitude|joy|love|realization
4779,15,gratitude,4|7|9|15|25|26|27,approval|curiosity|disappointment|gratitude|sadness|surprise|neutral
4780,27,neutral,4|11|22|25|26|27,approval|disgust|realization|sadness|surprise|neutral
4781,0,admiration,0|1|2|3|11,admiration|amusement|anger|annoyance|disgust
4782,27,neutral,0|5|15|23|27,admiration|caring|gratitude|relief|neutral
4783,27,neutral,5|11|17,caring|disgust|joy
4784,27,neutral,1|2|3|4|5|6|15|18|20,amusement|anger|annoyance|approval|caring|confusion|gratitude|love|optimism
4785,0,admiration,1|2|9|13|17|23|25,amusement|anger|disappointment|excitement|joy|relief|sadness
4786,18,love,1|4|17|23|27,amusement|approval|joy|relief|neutral
4787,17,joy,2|4|6|7|11|13|17,anger|approval|confusion|curiosity|disgust|excitement|joy
4788,15,gratitude,2|4|5|15|18|20|27,anger|approval|caring|gratitude|love|optimism|neutral
4789,4,approval,2|3|5|6|13|24|26|27,anger|annoyance|caring|confusion|excitement|remorse|surprise|neutral
4790,27,neutral,1|4|14|27,amusement|approval|fear|neutral
4791,2,anger,0|1|2|6|7|13|15|17|25,admiration|amusement|anger|confusion|curiosity|excitement|gratitude|joy|sadness
4792,20,optimism,2|8|9|10|17|20|26,anger|desire|disappointment|disapproval|joy|optimism|surprise
4793,0,admiration,1|2|4|7|9|15|17|20|25|27,amusement|anger|approval|curiosity|disappointment|gratitude|joy|optimism|sadness|neutral
4794,27,neutral,0|2|13|20|27,admiration|anger|excitement|optimism|neutral
4795,27,neutral,0|6|7|10|13|18|22|26,admiration|confusion|curiosity|disapproval|excitement|love|realization|surprise
4796,27,neutral,2|4|10|13|15|17|18,anger|approval|disapproval|excitement|gratitude|joy|love
4797,27,neutral,0|2|5|6|18,admiration|anger|caring|confusion|love
4798,6,confusion,3|4|10|17|22|24|27,annoyance|approval|disapproval|joy|realization|remorse|neutral
4799,27,neutral,0|3|10|22|26|27,admiration|annoyance|disapproval|realization|surprise|neutral
4800,18,love,0|4|6|8|10|13|14|18,admiration|approval|confusion|desire|disapproval|excitement|fear|love
4801,27,neutral,0|4|13|22|27,admiration|approval|excitement|realization|neutral
4802,27,neutral,0|2|4|7|12|15|17|25,admiration|anger|approval|curiosity|embarrassment|gratitude|joy|sadness
4803,3,annoyance,2|6|10|13|14|15|26|27,anger|confusion|disapproval|excitement|fear|gratitude|surprise|neutral
4804,27,neutral,0|4|5|10|18,admiration|approval|caring|disapproval|love
4805,26,surprise,0|5|7|9|10|12|20|22,admiration|caring|curiosity|disappointment|disapproval|embarrassment|optimism|realization
4806,27,neutral,1|5|9|22|27,amusement|caring|disappointment|realization|neutral
4807,0,admiration,0|1|2|6|15|18,admiration|amusement|anger|confusion|gratitude|love
4808,27,neutral,0|3|10|15|18|20|25,admiration|annoyance|disapproval|gratitude|love|optimism|sadness
4809,27,neutral,5|7|17|18|22|24|26|27,caring|curiosity|joy|love|realization|remorse|surprise|neutral
4810,20,optimism,2|3|13|14|17|20,anger|annoyance|excitement|fear|joy|optimism
4811,4,approval,0|3|4|10|18|27,admiration|annoyance|approval|disapproval|love|neutral
4812,27,neutral,1|5|24,amusement|caring|remorse
4813,26,surprise,6|25|27,confusion|sadness|neutral
4814,1,amusement,0|3|6|9|18|25,admiration|annoyance|confusion|disappointment|love|sadness
4815,10,disapproval,6|7|13|15|17|20|26,confusion|curiosity|excitement|gratitude|joy|optimism|surprise
4816,1,amusement,2|3|4|6|15|18|20|25,anger|annoyance|approval|confusion|gratitude|love|optimism|sadness
4817,10,disapproval,0|4|6|10|13|15,admiration|approval|confusion|disapproval|excitement|gratitude
4818,26,surprise,1|3|4|5|15|17|22,amusement|annoyance|approval|caring|gratitude|joy|realization
4819,13,excitement,4|5|26|27,approval|caring|surprise|neutral
4820,3,annoyance,7|10|11|14|15|24|27,curiosity|disapproval|disgust|fear|gratitude|remorse|neutral
4821,1|9,amusement|disappointment,6|7|18|20,confusion|curiosity|love|optimism
4822,27,neutral,1|2|12|18,amusement|anger|embarrassment|love
4823,20,optimism,5|7|15,caring|curiosity|gratitude
4824,27,neutral,2|4|7|8|9|10|27,anger|approval|curiosity|desire|disappointment|disapproval|neutral
4825,18,love,1|4|9|10|18|20|22|26|27,amusement|approval|disappointment|disapproval|love|optimism|realization|surprise|neutral
4826,27,neutral,0|3|8|20,admiration|annoyance|desire|optimism
4827,7,curiosity,0|4|6|13|15|20,admiration|approval|confusion|excitement|gratitude|optimism
4828,10,disapproval,0|3|6|7|25|26,admiration|annoyance|confusion|curiosity|sadness|surprise
4829,27,neutral,15|17|25|27,gratitude|joy|sadness|neutral
4830,27,neutral,2|3|6|10|14|25|27,anger|annoyance|confusion|disapproval|fear|sadness|neutral
4831,27,neutral,1|2|6|7|8|25|27,amusement|anger|confusion|curiosity|desire|sadness|neutral
4832,27,neutral,8|27,desire|neutral
4833,27,neutral,1|3|6|10|18,amusement|annoyance|confusion|disapproval|love
4834,0,admiration,0|1|7|20|24|26|27,admiration|amusement|curiosity|optimism|remorse|surprise|neutral
4835,3,annoyance,3|4|20|22|27,annoyance|approval|optimism|realization|neutral
4836,4,approval,1|5|6|8|9|18|25,amusement|caring|confusion|desire|disappointment|love|sadness
4837,27,neutral,0|3|6|7|9|10|17|22|24|26,admiration|annoyance|confusion|curiosity|disappointment|disapproval|joy|realization|remorse|surprise
4838,4|17,approval|joy,6|8|10|17|20|25|26|27,confusion|desire|disapproval|joy|optimism|sadness|surprise|neutral
4839,27,neutral,4|14|18|26|27,approval|fear|love|surprise|neutral
4840,27,neutral,3|4|7|26|27,annoyance|approval|curiosity|surprise|neutral
4841,10,disapproval,4|5|17|18|22,approval|caring|joy|love|realization
4842,13,excitement,2|3|4|6|8|13|17|27,anger|annoyance|approval|confusion|desire|excitement|joy|neutral
4843,27,neutral,4|7|9|13,approval|curiosity|disappointment|excitement
4844,2|3,anger|annoyance,0|2|7|15|18|26,admiration|anger|curiosity|gratitude|love|surprise
4845,27,neutral,1|7|9|15|27,amusement|curiosity|disappointment|gratitude|neutral
4846,27,neutral,0|3|10|17|22|27,admiration|annoyance|disapproval|joy|realization|neutral
4847,0|15,admiration|gratitude,0|1|4|6|18|20|26|27,admiration|amusement|approval|confusion|love|optimism|surprise|neutral
4848,27,neutral,4|6|9|18|22|26|27,approval|confusion|disappointment|love|realization|surprise|neutral
4849,27,neutral,3|10|15|25|27,annoyance|disapproval|gratitude|sadness|neutral
4850,5,caring,7|11|15|27,curiosity|disgust|gratitude|neutral
4851,10,disapproval,3|11|14|15|19,annoyance|disgust|fear|gratitude|nervousness
4852,0,admiration,1|2|4|5|10|14|15|17|18|25,amusement|anger|approval|caring|disapproval|fear|gratitude|joy|love|sadness
4853,22,realization,1|7|8|9|15|20|22,amusement|curiosity|desire|disappointment|gratitude|optimism|realization
4854,27,neutral,8|9|14|15|18|20|25|27,desire|disappointment|fear|gratitude|love|optimism|sadness|neutral
4855,18|27,love|neutral,0|2|3|4|5|10|18,admiration|anger|annoyance|approval|caring|disapproval|love
4856,27,neutral,0|3|17|20|22|27,admiration|annoyance|joy|optimism|realization|neutral
4857,18,love,0|7|11|15|18|23|25|27,admiration|curiosity|disgust|gratitude|love|relief|sadness|neutral
4858,6|22,confusion|realization,2|3|5|9|11|13|25,anger|annoyance|caring|disappointment|disgust|excitement|sadness
4859,4,approval,1|6|18|27,amusement|confusion|love|neutral
4860,0,admiration,0|2|8|13|27,admiration|anger|desire|excitement|neutral
4861,1,amusement,4|6|7|9|12|18|20|25|27,approval|confusion|curiosity|disappointment|embarrassment|love|optimism|sadness|neutral
4862,25,sadness,0|1|3|6|10|15|20,admiration|amusement|annoyance|confusion|disapproval|gratitude|optimism
4863,23,relief,0|1|2|3|15|17|25|27,admiration|amusement|anger|annoyance|gratitude|joy|sadness|neutral
4864,9|22,disappointment|realization,0|4|5|7|8|13|15|18|21,admiration|approval|caring|curiosity|desire|excitement|gratitude|love|pride
4865,0,admiration,0|2|5|6|15|18|26,admiration|anger|caring|confusion|gratitude|love|surprise
4866,1,amusement,0|4|8|11|20|25|27,admiration|approval|desire|disgust|optimism|sadness|neutral
4867,14,fear,10|27,disapproval|neutral
4868,3,annoyance,9|10|15|27,disappointment|disapproval|gratitude|neutral
4869,4,approval,7|10|14|20|24|25|26|27,curiosity|disapproval|fear|optimism|remorse|sadness|surprise|neutral
4870,3,annoyance,2|8|18,anger|desire|love
4871,7,curiosity,1|5|17|25,amusement|caring|joy|sadness
4872,26,surprise,0|1|9|11|15|22,admiration|amusement|disappointment|disgust|gratitude|realization
4873,10,disapproval,0|2|9|10|11|17|18|26,admiration|anger|disappointment|disapproval|disgust|joy|love|surprise
4874,0|14,admiration|fear,1|4|7|11|17|22|27,amusement|approval|curiosity|disgust|joy|realization|neutral
4875,27,neutral,0|5|7|20|26,admiration|caring|curiosity|optimism|surprise
4876,2,anger,0|1|20,admiration|amusement|optimism
4877,11,disgust,4|14|15|25,approval|fear|gratitude|sadness
4878,22,realization,0|1|2|20,admiration|amusement|anger|optimism
4879,0,admiration,1|2|5|15|20|26|27,amusement|anger|caring|gratitude|optimism|surprise|neutral
4880,27,neutral,0|4|9|11|15|18|22,admiration|approval|disappointment|disgust|gratitude|love|realization
4881,5|18,caring|love,5|8|10|27,caring|desire|disapproval|neutral
4882,2|7,anger|curiosity,5|13|15|17|22|25,caring|excitement|gratitude|joy|realization|sadness
4883,27,neutral,0|15|17,admiration|gratitude|joy
4884,27,neutral,0|3|4|5|6|7|26,admiration|annoyance|approval|caring|confusion|curiosity|surprise
4885,27,neutral,0|4|9|11|20|26|27,admiration|approval|disappointment|disgust|optimism|surprise|neutral
4886,18,love,0|7|14|15|20,admiration|curiosity|fear|gratitude|optimism
4887,1,amusement,0|4|7|12|15,admiration|approval|curiosity|embarrassment|gratitude
4888,0,admiration,0|5|9|10|18|22|27,admiration|caring|disappointment|disapproval|love|realization|neutral
4889,10,disapproval,7|10|13|15|20,curiosity|disapproval|excitement|gratitude|optimism
4890,3,annoyance,0|2|4|8|14|20|22|27,admiration|anger|approval|desire|fear|optimism|realization|neutral
4891,1,amusement,3|4|5|17,annoyance|approval|caring|joy
4892,20,optimism,2|9|10|15|22|27,anger|disappointment|disapproval|gratitude|realization|neutral
4893,27,neutral,0|2|4|6|26|27,admiration|anger|approval|confusion|surprise|neutral
4894,27,neutral,1|4|6|15|17|20|22|23|27,amusement|approval|confusion|gratitude|joy|optimism|realization|relief|neutral
4895,27,neutral,0|2|10|15|19|22|25|27,admiration|anger|disapproval|gratitude|nervousness|realization|sadness|neutral
4896,27,neutral,5|22|25|27,caring|realization|sadness|neutral
4897,27,neutral,2|3|11|15|17|18,anger|annoyance|disgust|gratitude|joy|love
4898,27,neutral,1|20|26|27,amusement|optimism|surprise|neutral
4899,4,approval,0|3|4|8|9|22|27,admiration|annoyance|approval|desire|disappointment|realization|neutral
4900,27,neutral,0|1|3|7|9|12|25|26|27,admiration|amusement|annoyance|curiosity|disappointment|embarrassment|sadness|surprise|neutral
4901,27,neutral,0|1|3|18|24,admiration|amusement|annoyance|love|remorse
4902,10,disapproval,0|7|27,admiration|curiosity|neutral
4903,27,neutral,3|6|7|9|13|17|27,annoyance|confusion|curiosity|disappointment|excitement|joy|neutral
4904,1|6,amusement|confusion,1|3|4|6|7|18,amusement|annoyance|approval|confusion|curiosity|love
4905,27,neutral,0|3|5|18|25|27,admiration|annoyance|caring|love|sadness|neutral
4906,0,admiration,4|6|14|18|20|26,approval|confusion|fear|love|optimism|surprise
4907,4,approval,7|11|15|22|26,curiosity|disgust|gratitude|realization|surprise
4908,9,disappointment,2|6|15|17|24|27,anger|confusion|gratitude|joy|remorse|neutral
4909,27,neutral,4|5|7|8|11|20|27,approval|caring|curiosity|desire|disgust|optimism|neutral
4910,27,neutral,0|2|5|11|15|17|20|25,admiration|anger|caring|disgust|gratitude|joy|optimism|sadness
4911,1|15,amusement|gratitude,0|2|3|7|10|18|22|25,admiration|anger|annoyance|curiosity|disapproval|love|realization|sadness
4912,3|9,annoyance|disappointment,2|5|11|14|15|20|25|26,anger|caring|disgust|fear|gratitude|optimism|sadness|surprise
4913,2|3,anger|annoyance,0|2|5|17|18|20|25|26|27,admiration|anger|caring|joy|love|optimism|sadness|surprise|neutral
4914,27,neutral,1|2|4|9|10|15|18|27,amusement|anger|approval|disappointment|disapproval|gratitude|love|neutral
4915,2,anger,7|10|14|20|27,curiosity|disapproval|fear|optimism|neutral
4916,0|15,admiration|gratitude,6|7|8|9|21|23,confusion|curiosity|desire|disappointment|pride|relief
4917,11|18,disgust|love,2|4|26|27,anger|approval|surprise|neutral
4918,18,love,2|4|9|10|11|15|18|22|24,anger|approval|disappointment|disapproval|disgust|gratitude|love|realization|remorse
4919,7,curiosity,2|4|9|14|20,anger|approval|disappointment|fear|optimism
4920,9,disappointment,0|7|9|26|27,admiration|curiosity|disappointment|surprise|neutral
4921,27,neutral,1|7|9|10|25|27,amusement|curiosity|disappointment|disapproval|sadness|neutral
4922,0,admiration,0|5|9|18|20|25|26|27,admiration|caring|disappointment|love|optimism|sadness|surprise|neutral
4923,27,neutral,1|4|15|20,amusement|approval|gratitude|optimism
4924,4|27,approval|neutral,0|4|7|18,admiration|approval|curiosity|love
4925,9|27,disappointment|neutral,7|10|11|17|18|22|24|27,curiosity|disapproval|disgust|joy|love|realization|remorse|neutral
4926,14|19,fear|nervousness,2|3|7|11|17|22,anger|annoyance|curiosity|disgust|joy|realization
4927,4,approval,6|7|9|12|13|15|17|25|26,confusion|curiosity|disappointment|embarrassment|excitement|gratitude|joy|sadness|surprise
4928,20,optimism,1|3|4|5|7|8|10|17|18|22|25,amusement|annoyance|approval|caring|curiosity|desire|disapproval|joy|love|realization|sadness
4929,3|9,annoyance|disappointment,2|4|5|6|7|9|20|22,anger|approval|caring|confusion|curiosity|disappointment|optimism|realization
4930,27,neutral,1|3|6|17|26|27,amusement|annoyance|confusion|joy|surprise|neutral
4931,27,neutral,0|2|3|5|6|7|8|10|15|17|18|20|24|26,admiration|anger|annoyance|caring|confusion|curiosity|desire|disapproval|gratitude|joy|love|optimism|remorse|surprise
4932,1|4,amusement|approval,2|4|7|13|18|22|24,anger|approval|curiosity|excitement|love|realization|remorse
4933,22,realization,4|7|15|22|25|27,approval|curiosity|gratitude|realization|sadness|neutral
4934,10,disapproval,1|2|3|4|5|9|12|18|27,amusement|anger|annoyance|approval|caring|disappointment|embarrassment|love|neutral
4935,10,disapproval,3|4|10|17|22,annoyance|approval|disapproval|joy|realization
4936,0|18,admiration|love,0|1|4|15|22|25,admiration|amusement|approval|gratitude|realization|sadness
4937,0,admiration,1|2|13|14,amusement|anger|excitement|fear
4938,18,love,1|7|9|10|15,amusement|curiosity|disappointment|disapproval|gratitude
4939,4,approval,0|2|3|5|6|10|17|25,admiration|anger|annoyance|caring|confusion|disapproval|joy|sadness
4940,27,neutral,4|20|26|27,approval|optimism|surprise|neutral
4941,0,admiration,5|15,caring|gratitude
4942,0,admiration,6|7|10|11|18|25|27,confusion|curiosity|disapproval|disgust|love|sadness|neutral
4943,1,amusement,0|3|4|5|6|9|13|25,admiration|annoyance|approval|caring|confusion|disappointment|excitement|sadness
4944,15,gratitude,2|7|10|15|17|25|26,anger|curiosity|disapproval|gratitude|joy|sadness|surprise
4945,27,neutral,0|2|8|10|17|22|27,admiration|anger|desire|disapproval|joy|realization|neutral
4946,1|6,amusement|confusion,1|2|6|15|22|26|27,amusement|anger|confusion|gratitude|realization|surprise|neutral
4947,20,optimism,5|15|17|20|24|25|27,caring|gratitude|joy|optimism|remorse|sadness|neutral
4948,7,curiosity,1|5|10|11|13|26|27,amusement|caring|disapproval|disgust|excitement|surprise|neutral
4949,15,gratitude,1|7|18,amusement|curiosity|love
4950,27,neutral,1|2|3|4|11|14|24|25|27,amusement|anger|annoyance|approval|disgust|fear|remorse|sadness|neutral
4951,4,approval,0|1|3|25|27,admiration|amusement|annoyance|sadness|neutral
4952,13|20,excitement|optimism,0|7|9|12|13|15|20|26|27,admiration|curiosity|disappointment|embarrassment|excitement|gratitude|optimism|surprise|neutral
4953,22,realization,2|6|27,anger|confusion|neutral
4954,27,neutral,0|1|17|18|20|25|27,admiration|amusement|joy|love|optimism|sadness|neutral
4955,8,desire,3|4|5|7|8|10|11|15|25|27,annoyance|approval|caring|curiosity|desire|disapproval|disgust|gratitude|sadness|neutral
4956,2,anger,0|2|7|10|13|18|22,admiration|anger|curiosity|disapproval|excitement|love|realization
4957,5,caring,0|2|6|7|20|25|26|27,admiration|anger|confusion|curiosity|optimism|sadness|surprise|neutral
4958,1|18,amusement|love,0|1|3|5|6|9|11|15|20|22|26,admiration|amusement|annoyance|caring|confusion|disappointment|disgust|gratitude|optimism|realization|surprise
4959,5|18,caring|love,0|1|3|4|5|7|13,admiration|amusement|annoyance|approval|caring|curiosity|excitement
4960,27,neutral,1|4|5|10|12|17,amusement|approval|caring|disapproval|embarrassment|joy
4961,5|18,caring|love,5|22,caring|realization
4962,17,joy,3|4|6|9|24|27,annoyance|approval|confusion|disappointment|remorse|neutral
4963,0,admiration,4|10|11|15|17|18|20|24,approval|disapproval|disgust|gratitude|joy|love|optimism|remorse
4964,0|25,admiration|sadness,0|5|6|11|14|20,admiration|caring|confusion|disgust|fear|optimism
4965,0|15,admiration|gratitude,2|5|14|15|22|24|27,anger|caring|fear|gratitude|realization|remorse|neutral
4966,20,optimism,0|3|4|9|15,admiration|annoyance|approval|disappointment|gratitude
4967,4,approval,2|9|14|15|26,anger|disappointment|fear|gratitude|surprise
4968,27,neutral,1|4|9|13|14|27,amusement|approval|disappointment|excitement|fear|neutral
4969,27,neutral,0|4|6|7|10,admiration|approval|confusion|curiosity|disapproval
4970,22,realization,2|7|10|20|27,anger|curiosity|disapproval|optimism|neutral
4971,27,neutral,1|6|7|13|20,amusement|confusion|curiosity|excitement|optimism
4972,20,optimism,1|2|3|7|26|27,amusement|anger|annoyance|curiosity|surprise|neutral
4973,0,admiration,0|2|4|9|14|18|27,admiration|anger|approval|disappointment|fear|love|neutral
4974,1|17,amusement|joy,3|10|27,annoyance|disapproval|neutral
4975,3,annoyance,5|14|15|27,caring|fear|gratitude|neutral
4976,1|15,amusement|gratitude,1|2|5|11|14|15|18|25,amusement|anger|caring|disgust|fear|gratitude|love|sadness
4977,11,disgust,1|2|4|6|9|10|11|13|15|17,amusement|anger|approval|confusion|disappointment|disapproval|disgust|excitement|gratitude|joy
4978,0,admiration,7|11|15|17|26,curiosity|disgust|gratitude|joy|surprise
4979,27,neutral,0|27,admiration|neutral
4980,2|11,anger|disgust,1|4|11|18|20|27,amusement|approval|disgust|love|optimism|neutral
4981,13,excitement,8|10|17,desire|disapproval|joy
4982,11,disgust,2|9|14|17|18|25|27,anger|disappointment|fear|joy|love|sadness|neutral
4983,4,approval,6|10|18|24|26,confusion|disapproval|love|remorse|surprise
4984,6,confusion,3|9|15|27,annoyance|disappointment|gratitude|neutral
4985,4,approval,10|17|18|20|26|27,disapproval|joy|love|optimism|surprise|neutral
4986,15,gratitude,1,amusement
4987,7,curiosity,0|2|3|13|17|22|25|27,admiration|anger|annoyance|excitement|joy|realization|sadness|neutral
4988,20,optimism,2|10|11|13|15|17|27,anger|disapproval|disgust|excitement|gratitude|joy|neutral
4989,27,neutral,4|17|22|25|27,approval|joy|realization|sadness|neutral
4990,13|18,excitement|love,1|4|10|14|15|18|24|27,amusement|approval|disapproval|fear|gratitude|love|remorse|neutral
4991,17,joy,3|4|6|9|10|11|27,annoyance|approval|confusion|disappointment|disapproval|disgust|neutral
4992,1|10,amusement|disapproval,2|9|10|25|26|27,anger|disappointment|disapproval|sadness|surprise|neutral
4993,10,disapproval,0|4|13|17|18|20|24|26,admiration|approval|excitement|joy|love|optimism|remorse|surprise
4994,18,love,3|5|6|17|20|24,annoyance|caring|confusion|joy|optimism|remorse
4995,27,neutral,5|20|26,caring|optimism|surprise
4996,9|10,disappointment|disapproval,3|18|22|25|27,annoyance|love|realization|sadness|neutral
4997,27,neutral,1|2|3|6|15|17|18|19|27,amusement|anger|annoyance|confusion|gratitude|joy|love|nervousness|neutral
4998,27,neutral,0|1|3|10|11|20|25,admiration|amusement|annoyance|disapproval|disgust|optimism|sadness
4999,7,curiosity,8|15|20|27,desire|gratitude|optimism|neutral
5000,10,disapproval,2|4|7|12|13|18|20|25|26,anger|approval|curiosity|embarrassment|excitement|love|optimism|sadness|surprise
5001,4,approval,3|10|17|25|26,annoyance|disapproval|joy|sadness|surprise
5002,27,neutral,2|5|7|8|14|15|18|20,anger|caring|curiosity|desire|fear|gratitude|love|optimism
5003,25,sadness,1|3|6|10|11|15|25,amusement|annoyance|confusion|disapproval|disgust|gratitude|sadness
5004,1,amusement,0|5|7|18|25,admiration|caring|curiosity|love|sadness
5005,10,disapproval,0|1|3|6|9|17|24|27,admiration|amusement|annoyance|confusion|disappointment|joy|remorse|neutral
5006,27,neutral,1|3|4|13|15|18|22|26|27,amusement|annoyance|approval|excitement|gratitude|love|realization|surprise|neutral
5007,27,neutral,4|6|7,approval|confusion|curiosity
5008,13,excitement,1|2|6|8|17|26|27,amusement|anger|confusion|desire|joy|surprise|neutral
5009,27,neutral,2|3|7|8|14|27,anger|annoyance|curiosity|desire|fear|neutral
5010,18,love,2|4|9|12|15|20|27,anger|approval|disappointment|embarrassment|gratitude|optimism|neutral
5011,1,amusement,0|1|10|20|22|27,admiration|amusement|disapproval|optimism|realization|neutral
5012,27,neutral,0|9|10|25|27,admiration|disappointment|disapproval|sadness|neutral
5013,20,optimism,1|3|6|7|15|20,amusement|annoyance|confusion|curiosity|gratitude|optimism
5014,27,neutral,1|5|6|9|10|18|22|25,amusement|caring|confusion|disappointment|disapproval|love|realization|sadness
5015,2|3,anger|annoyance,3|4|7|9|13|15|18,annoyance|approval|curiosity|disappointment|excitement|gratitude|love
5016,27,neutral,4|5|7|17|18|20|22|27,approval|caring|curiosity|joy|love|optimism|realization|neutral
5017,10,disapproval,3|7|11|25,annoyance|curiosity|disgust|sadness
5018,4|5,approval|caring,0|1|4|10|13,admiration|amusement|approval|disapproval|excitement
5019,27,neutral,9|27,disappointment|neutral
5020,20,optimism,0|1|2|4|5|7|14|18|26,admiration|amusement|anger|approval|caring|curiosity|fear|love|surprise
5021,0,admiration,4|7|9|10|17|18|20|24,approval|curiosity|disappointment|disapproval|joy|love|optimism|remorse
5022,0|4,admiration|approval,3|10|13|17|18|26|27,annoyance|disapproval|excitement|joy|love|surprise|neutral
5023,10,disapproval,0|9|10|22|26,admiration|disappointment|disapproval|realization|surprise
5024,0,admiration,1|7|10|14|18|25,amusement|curiosity|disapproval|fear|love|sadness
5025,27,neutral,1|13|18|24|27,amusement|excitement|love|remorse|neutral
5026,27,neutral,1|2|3|4|7|10|17|18|20|25|27,amusement|anger|annoyance|approval|curiosity|disapproval|joy|love|optimism|sadness|neutral
5027,27,neutral,0|3|4|6|9|10|11|12|13|25,admiration|annoyance|approval|confusion|disappointment|disapproval|disgust|embarrassment|excitement|sadness
5028,2,anger,0|1|2|8|9|20,admiration|amusement|anger|desire|disappointment|optimism
5029,17,joy,7|17|18|20|25|27,curiosity|joy|love|optimism|sadness|neutral
5030,27,neutral,5|10|18|26,caring|disapproval|love|surprise
5031,27,neutral,1|2|3|4|5|10|11|26,amusement|anger|annoyance|approval|caring|disapproval|disgust|surprise
5032,15,gratitude,1|6|7|13|17|25,amusement|confusion|curiosity|excitement|joy|sadness
5033,6|27,confusion|neutral,2|6|9|22,anger|confusion|disappointment|realization
5034,2|3,anger|annoyance,0|1|2|5|6|24|27,admiration|amusement|anger|caring|confusion|remorse|neutral
5035,6,confusion,7|13|26|27,curiosity|excitement|surprise|neutral
5036,2|27,anger|neutral,2|3|10|11|18,anger|annoyance|disapproval|disgust|love
5037,11,disgust,0|7|10|18|19|25|26|27,admiration|curiosity|disapproval|love|nervousness|sadness|surprise|neutral
5038,5,caring,18|27,love|neutral
5039,27,neutral,0|10|13|27,admiration|disapproval|excitement|neutral
5040,15,gratitude,0|2|4|11|27,admiration|anger|approval|disgust|neutral
5041,4,approval,0|4|8|14|19|22|27,admiration|approval|desire|fear|nervousness|realization|neutral
5042,27,neutral,0|4|5|15|18|22,admiration|approval|caring|gratitude|love|realization
5043,0,admiration,7|10|15|17|25|27,curiosity|disapproval|gratitude|joy|sadness|neutral
5044,7,curiosity,0|2|3|10|18|20|26,admiration|anger|annoyance|disapproval|love|optimism|surprise
5045,0,admiration,3|4|6|7|9|18|26,annoyance|approval|confusion|curiosity|disappointment|love|surprise
5046,2,anger,1|5|7|8|10|11|19,amusement|caring|curiosity|desire|disapproval|disgust|nervousness
5047,27,neutral,20|22|25|27,optimism|realization|sadness|neutral
5048,1,amusement,1|13|15|17|18,amusement|excitement|gratitude|joy|love
5049,27,neutral,2|4|5|10|26,anger|approval|caring|disapproval|surprise
5050,10,disapproval,0|7|8|9|13|18|22|25|27,admiration|curiosity|desire|disappointment|excitement|love|realization|sadness|neutral
5051,18,love,3|5|15|25|27,annoyance|caring|gratitude|sadness|neutral
5052,27,neutral,1|3|4|7|10|18|22|24|27,amusement|annoyance|approval|curiosity|disapproval|love|realization|remorse|neutral
5053,15,gratitude,3|10|26,annoyance|disapproval|surprise
5054,27,neutral,3|10|18|20|25,annoyance|disapproval|love|optimism|sadness
5055,9,disappointment,2|6|9|11|13|15|17|18|25|26|27,anger|confusion|disappointment|disgust|excitement|gratitude|joy|love|sadness|surprise|neutral
5056,15,gratitude,0|2|3|5|6|9|10|15|17|20|25,admiration|anger|annoyance|caring|confusion|disappointment|disapproval|gratitude|joy|optimism|sadness
5057,27,neutral,1|2|4|5|8|9|10|11|13,amusement|anger|approval|caring|desire|disappointment|disapproval|disgust|excitement
5058,18,love,5|12|25|27,caring|embarrassment|sadness|neutral
5059,26,surprise,0|1|2|3|6|7|11|27,admiration|amusement|anger|annoyance|confusion|curiosity|disgust|neutral
5060,20,optimism,0|3|4|17|20|25|26,admiration|annoyance|approval|joy|optimism|sadness|surprise
5061,27,neutral,1|6|9|15|22|26,amusement|confusion|disappointment|gratitude|realization|surprise
5062,27,neutral,1|2|8|10|18,amusement|anger|desire|disapproval|love
5063,15,gratitude,0|1|2|5|7|17,admiration|amusement|anger|caring|curiosity|joy
5064,27,neutral,0|3|9|15|25|27,admiration|annoyance|disappointment|gratitude|sadness|neutral
5065,11,disgust,4|5|7|14|15|27,approval|caring|curiosity|fear|gratitude|neutral
5066,27,neutral,1|5|15|17,amusement|caring|gratitude|joy
5067,26,surprise,0|15|18|27,admiration|gratitude|love|neutral
5068,18,love,0|4|9|10|11|17|18|24|26|27,admiration|approval|disappointment|disapproval|disgust|joy|love|remorse|surprise|neutral
5069,7,curiosity,4|5|17|25|27,approval|caring|joy|sadness|neutral
5070,4|27,approval|neutral,0|3|7|10|15|17|20|26,admiration|annoyance|curiosity|disapproval|gratitude|joy|optimism|surprise
5071,27,neutral,2|4|9|15|17|25,anger|approval|disappointment|gratitude|joy|sadness
5072,17,joy,0|1|3|9|11|24|26,admiration|amusement|annoyance|disappointment|disgust|remorse|surprise
5073,15,gratitude,0|3|4|7|10|11|15|18|26,admiration|annoyance|approval|curiosity|disapproval|disgust|gratitude|love|surprise
5074,4,approval,0|2|7|17,admiration|anger|curiosity|joy
5075,20,optimism,0|2|9|10|12|13|17,admiration|anger|disappointment|disapproval|embarrassment|excitement|joy
5076,25,sadness,1|3|6|7|10|11|20,amusement|annoyance|confusion|curiosity|disapproval|disgust|optimism
5077,3|10,annoyance|disapproval,3|5|10|11|17|20|27,annoyance|caring|disapproval|disgust|joy|optimism|neutral
5078,10,disapproval,4|11|27,approval|disgust|neutral
5079,6,confusion,5|8|15|18|27,caring|desire|gratitude|love|neutral
5080,27,neutral,3|10|14|18|22,annoyance|disapproval|fear|love|realization
5081,27,neutral,1|2|5|7|20|24|25|27,amusement|anger|caring|curiosity|optimism|remorse|sadness|neutral
5082,13,excitement,0|2|9|13|27,admiration|anger|disappointment|excitement|neutral
5083,18,love,14|15|18|27,fear|gratitude|love|neutral
5084,10,disapproval,2|4|5|9|10|27,anger|approval|caring|disappointment|disapproval|neutral
5085,7|27,curiosity|neutral,0|2|3|5|15|18|20|22|23|26,admiration|anger|annoyance|caring|gratitude|love|optimism|realization|relief|surprise
5086,15,gratitude,0|6|9|15|25|26,admiration|confusion|disappointment|gratitude|sadness|surprise
5087,3|27,annoyance|neutral,0|2|4|5|7|10|27,admiration|anger|approval|caring|curiosity|disapproval|neutral
5088,27,neutral,2|3|4|10|11|15|17|20|24|25,anger|annoyance|approval|disapproval|disgust|gratitude|joy|optimism|remorse|sadness
5089,15,gratitude,1|5|6|17|18|27,amusement|caring|confusion|joy|love|neutral
5090,27,neutral,4|6|22|25|27,approval|confusion|realization|sadness|neutral
5091,27,neutral,2|5|14|15|18|25|26,anger|caring|fear|gratitude|love|sadness|surprise
5092,3,annoyance,2|5|6|7|10|15|25|26|27,anger|caring|confusion|curiosity|disapproval|gratitude|sadness|surprise|neutral
5093,10,disapproval,0|4|10|13|15|18|27,admiration|approval|disapproval|excitement|gratitude|love|neutral
5094,6,confusion,6|11|17|20|22|25|27,confusion|disgust|joy|optimism|realization|sadness|neutral
5095,27,neutral,1|3|6|24|26,amusement|annoyance|confusion|remorse|surprise
5096,2|9,anger|disappointment,0|1|3|4|6|13|20,admiration|amusement|annoyance|approval|confusion|excitement|optimism
5097,17,joy,1|2|7|18|20|24|26,amusement|anger|curiosity|love|optimism|remorse|surprise
5098,27,neutral,0|1|4|22|24|27,admiration|amusement|approval|realization|remorse|neutral
5099,18,love,1|4|7|15|25,amusement|approval|curiosity|gratitude|sadness
5100,4,approval,3|17|25|27,annoyance|joy|sadness|neutral
5101,1,amusement,1|4|17|25,amusement|approval|joy|sadness
5102,27,neutral,7|15|25|27,curiosity|gratitude|sadness|neutral
5103,27,neutral,3|4|6|10|11|13|15|22|26,annoyance|approval|confusion|disapproval|disgust|excitement|gratitude|realization|surprise
5104,0,admiration,4|11|18|20|22,approval|disgust|love|optimism|realization
5105,7,curiosity,0|2|7|9|10|15|20,admiration|anger|curiosity|disappointment|disapproval|gratitude|optimism
5106,27,neutral,4|5|6|7|14|15|27,approval|caring|confusion|curiosity|fear|gratitude|neutral
5107,3,annoyance,0|3|4|6|10|11|17|22|25,admiration|annoyance|approval|confusion|disapproval|disgust|joy|realization|sadness
5108,27,neutral,0|6|7|8|9|18,admiration|confusion|curiosity|desire|disappointment|love
5109,1,amusement,1|5|18|20|22|26|27,amusement|caring|love|optimism|realization|surprise|neutral
5110,15,gratitude,0|3|5|6|7|9|10|11|27,admiration|annoyance|caring|confusion|curiosity|disappointment|disapproval|disgust|neutral
5111,0,admiration,2|3|9|11|15|22|24|25,anger|annoyance|disappointment|disgust|gratitude|realization|remorse|sadness
5112,27,neutral,0|9|15|18|27,admiration|disappointment|gratitude|love|neutral
5113,11|14,disgust|fear,3|4|5|10|11|27,annoyance|approval|caring|disapproval|disgust|neutral
5114,6,confusion,1|18|20|27,amusement|love|optimism|neutral
5115,14,fear,1|4|25|27,amusement|approval|sadness|neutral
5116,2,anger,2|3|5|17|18|20|27,anger|annoyance|caring|joy|love|optimism|neutral
5117,4,approval,4|5|7|10|13|20|25,approval|caring|curiosity|disapproval|excitement|optimism|sadness
5118,17,joy,0|2|3|5|14|17|18|20|22,admiration|anger|annoyance|caring|fear|joy|love|optimism|realization
5119,27,neutral,3|4|15|18|22,annoyance|approval|gratitude|love|realization
5120,9,disappointment,1|15|17|22|25,amusement|gratitude|joy|realization|sadness
5121,10,disapproval,4|5|20|22|25|27,approval|caring|optimism|realization|sadness|neutral
5122,27,neutral,0|2|3|4|7|10|22|25|27,admiration|anger|annoyance|approval|curiosity|disapproval|realization|sadness|neutral
5123,0|15,admiration|gratitude,3|6|20|27,annoyance|confusion|optimism|neutral
5124,0|1,admiration|amusement,2|3|4|11|16|17|18|20|25,anger|annoyance|approval|disgust|grief|joy|love|optimism|sadness
5125,9,disappointment,1|2|3|6|11|15|24|25|26,amusement|anger|annoyance|confusion|disgust|gratitude|remorse|sadness|surprise
5126,0,admiration,4|5|7|17|18|20|27,approval|caring|curiosity|joy|love|optimism|neutral
5127,8,desire,0|1|2|3|6|8|10|11|13|17|25,admiration|amusement|anger|annoyance|confusion|desire|disapproval|disgust|excitement|joy|sadness
5128,2,anger,0|4|6|7|8|9|10|11|25|26,admiration|approval|confusion|curiosity|desire|disappointment|disapproval|disgust|sadness|surprise
5129,0,admiration,0|1|9|17|18|24,admiration|amusement|disappointment|joy|love|remorse
5130,27,neutral,0|10|13|14|15|17|18|20|25,admiration|disapproval|excitement|fear|gratitude|joy|love|optimism|sadness
5131,27,neutral,0|1|7|18|20|22|26,admiration|amusement|curiosity|love|optimism|realization|surprise
5132,27,neutral,3|4|6|9|13|17|18|27,annoyance|approval|confusion|disappointment|excitement|joy|love|neutral
5133,27,neutral,0|2|6|13|20|27,admiration|anger|confusion|excitement|optimism|neutral
5134,22,realization,0|1|4|15|17|18|20|22,admiration|amusement|approval|gratitude|joy|love|optimism|realization
5135,10,disapproval,0|1|4|9|14|18|20|22|24,admiration|amusement|approval|disappointment|fear|love|optimism|realization|remorse
5136,27,neutral,6|7|15|17|18|20|22,confusion|curiosity|gratitude|joy|love|optimism|realization
5137,27,neutral,4|11|15|17|18|22|25,approval|disgust|gratitude|joy|love|realization|sadness
5138,27,neutral,0|2|5|6|7|9|15|17|18|20|22,admiration|anger|caring|confusion|curiosity|disappointment|gratitude|joy|love|optimism|realization
5139,27,neutral,0|1|3|5|7|25|27,admiration|amusement|annoyance|caring|curiosity|sadness|neutral
5140,2,anger,3|18|22|26,annoyance|love|realization|surprise
5141,0,admiration,1|5|12|13|25|27,amusement|caring|embarrassment|excitement|sadness|neutral
5142,22,realization,10|17|18|20|26|27,disapproval|joy|love|optimism|surprise|neutral
5143,17,joy,2|5|9|17|18|20|26|27,anger|caring|disappointment|joy|love|optimism|surprise|neutral
5144,14|27,fear|neutral,0|3|6|7|8|10|13|18|22|25,admiration|annoyance|confusion|curiosity|desire|disapproval|excitement|love|realization|sadness
5145,3,annoyance,1|4|12|27,amusement|approval|embarrassment|neutral
5146,27,neutral,0|1|5|9|10|13|18,admiration|amusement|caring|disappointment|disapproval|excitement|love
5147,15,gratitude,0|3|4|5|9|15|19,admiration|annoyance|approval|caring|disappointment|gratitude|nervousness
5148,8,desire,0|8|9|15|17|18|22,admiration|desire|disappointment|gratitude|joy|love|realization
5149,27,neutral,2|10|13|22|25,anger|disapproval|excitement|realization|sadness
5150,27,neutral,0|1|9|13|17|22,admiration|amusement|disappointment|excitement|joy|realization
5151,0,admiration,11|25|27,disgust|sadness|neutral
5152,1|15,amusement|gratitude,0|1|3|7|9|13|18|24|26,admiration|amusement|annoyance|curiosity|disappointment|excitement|love|remorse|surprise
5153,7,curiosity,3|4|10|17|27,annoyance|approval|disapproval|joy|neutral
5154,11,disgust,3|6|7|10|13|15|25|27,annoyance|confusion|curiosity|disapproval|excitement|gratitude|sadness|neutral
5155,22,realization,4|9|17|18|20|25,approval|disappointment|joy|love|optimism|sadness
5156,27,neutral,7|10|11|15|18|22|25,curiosity|disapproval|disgust|gratitude|love|realization|sadness
5157,12,embarrassment,2|4|7|17|26|27,anger|approval|curiosity|joy|surprise|neutral
5158,7,curiosity,1|7|27,amusement|curiosity|neutral
5159,21,pride,1|2|18|25|27,amusement|anger|love|sadness|neutral
5160,20,optimism,9|10|15|17|22|25|26,disappointment|disapproval|gratitude|joy|realization|sadness|surprise
5161,3|10,annoyance|disapproval,1|2|3|15|17|20|27,amusement|anger|annoyance|gratitude|joy|optimism|neutral
5162,3,annoyance,1|3|6|7|17|25,amusement|annoyance|confusion|curiosity|joy|sadness
5163,4,approval,15|17|18|20|27,gratitude|joy|love|optimism|neutral
5164,7,curiosity,0|1|3|4|6|12|22,admiration|amusement|annoyance|approval|confusion|embarrassment|realization
5165,4,approval,1|2|7|17|20|25|27,amusement|anger|curiosity|joy|optimism|sadness|neutral
5166,0,admiration,1|2|5|7|10|18|20|26,amusement|anger|caring|curiosity|disapproval|love|optimism|surprise
5167,27,neutral,1|2|6|7|20,amusement|anger|confusion|curiosity|optimism
5168,10,disapproval,0|4|5|6|9|10|13|18|25|27,admiration|approval|caring|confusion|disappointment|disapproval|excitement|love|sadness|neutral
5169,1|18,amusement|love,0|2|3|5|18|26,admiration|anger|annoyance|caring|love|surprise
5170,27,neutral,0|2|4|13|18|22|25,admiration|anger|approval|excitement|love|realization|sadness
5171,15,gratitude,0|7|15|17|25,admiration|curiosity|gratitude|joy|sadness
5172,26,surprise,1|2|7|10|17|20|27,amusement|anger|curiosity|disapproval|joy|optimism|neutral
5173,27,neutral,1|6|9|10|15|22|27,amusement|confusion|disappointment|disapproval|gratitude|realization|neutral
5174,7,curiosity,3|6|7|17|27,annoyance|confusion|curiosity|joy|neutral
5175,26,surprise,3|4|6|8|9|11|15|18|27,annoyance|approval|confusion|desire|disappointment|disgust|gratitude|love|neutral
5176,8,desire,1|3|7|9|12|19|20,amusement|annoyance|curiosity|disappointment|embarrassment|nervousness|optimism
5177,14,fear,1|5|7|10|27,amusement|caring|curiosity|disapproval|neutral
5178,27,neutral,4|5|7|14|18|27,approval|caring|curiosity|fear|love|neutral
5179,0,admiration,7|9|15|17|18|24,curiosity|disappointment|gratitude|joy|love|remorse
5180,1|17,amusement|joy,3|17,annoyance|joy
5181,17|23,joy|relief,2|15|22|27,anger|gratitude|realization|neutral
5182,27,neutral,5|9|10|20|26|27,caring|disappointment|disapproval|optimism|surprise|neutral
5183,27,neutral,0|3|4|6|17|19|22|26,admiration|annoyance|approval|confusion|joy|nervousness|realization|surprise
5184,7|27,curiosity|neutral,2|6|20|27,anger|confusion|optimism|neutral
5185,25,sadness,0|2|3|15|18,admiration|anger|annoyance|gratitude|love
5186,27,neutral,0|13|15|27,admiration|excitement|gratitude|neutral
5187,15,gratitude,0|1|3|4|6|7|17|18,admiration|amusement|annoyance|approval|confusion|curiosity|joy|love
5188,27,neutral,4|10|13|22,approval|disapproval|excitement|realization
5189,27,neutral,0|3|4|6|7|9|11|15|18,admiration|annoyance|approval|confusion|curiosity|disappointment|disgust|gratitude|love
5190,26,surprise,0|2|3|5|7|10|25|27,admiration|anger|annoyance|caring|curiosity|disapproval|sadness|neutral
5191,27,neutral,0|8|10|11|15|17|27,admiration|desire|disapproval|disgust|gratitude|joy|neutral
5192,9|27,disappointment|neutral,2|5|11|14|17|24|26,anger|caring|disgust|fear|joy|remorse|surprise
5193,10,disapproval,2|3|4|8|10|11|20|25|27,anger|annoyance|approval|desire|disapproval|disgust|optimism|sadness|neutral
5194,22,realization,0|2|8|27,admiration|anger|desire|neutral
5195,5,caring,0|1|3|5|7|10|12|15|22|26,admiration|amusement|annoyance|caring|curiosity|disapproval|embarrassment|gratitude|realization|surprise
5196,27,neutral,6|11|18|20|22|25,confusion|disgust|love|optimism|realization|sadness
5197,0,admiration,1|2|3|14|15|18|20|25,amusement|anger|annoyance|fear|gratitude|love|optimism|sadness
5198,27,neutral,1|17|22,amusement|joy|realization
5199,13|20,excitement|optimism,0|4|6|7|8|22|25|27,admiration|approval|confusion|curiosity|desire|realization|sadness|neutral
5200,27,neutral,1|3|4|7|14|15|17|20|25,amusement|annoyance|approval|curiosity|fear|gratitude|joy|optimism|sadness
5201,20,optimism,2|4|15|18|27,anger|approval|gratitude|love|neutral
5202,17,joy,1|5|6|7|18|19|27,amusement|caring|confusion|curiosity|love|nervousness|neutral
5203,0,admiration,0|1|15|24|26|27,admiration|amusement|gratitude|remorse|surprise|neutral
5204,27,neutral,0|2|6|10|15|18|25|27,admiration|anger|confusion|disapproval|gratitude|love|sadness|neutral
5205,27,neutral,4|9|10|12|15|18|25|26|27,approval|disappointment|disapproval|embarrassment|gratitude|love|sadness|surprise|neutral
5206,27,neutral,6|7|11|13|18|22|26|27,confusion|curiosity|disgust|excitement|love|realization|surprise|neutral
5207,27,neutral,0|1|5|6|15|25,admiration|amusement|caring|confusion|gratitude|sadness
5208,27,neutral,0|2|3|4|6|9|22,admiration|anger|annoyance|approval|confusion|disappointment|realization
5209,1,amusement,7|10|11|20|27,curiosity|disapproval|disgust|optimism|neutral
5210,27,neutral,1|3|4|6|10|13|15|22|24|25,amusement|annoyance|approval|confusion|disapproval|excitement|gratitude|realization|remorse|sadness
5211,15,gratitude,1|2|3|15|22|26,amusement|anger|annoyance|gratitude|realization|surprise
5212,0|4,admiration|approval,1|3|5|6|7|8|15|20|22|25,amusement|annoyance|caring|confusion|curiosity|desire|gratitude|optimism|realization|sadness
5213,1,amusement,0|3|8|10|18,admiration|annoyance|desire|disapproval|love
5214,1|22,amusement|realization,4|7|9|12|17|22,approval|curiosity|disappointment|embarrassment|joy|realization
5215,10|27,disapproval|neutral,1|2|7|8|9|18|20|22|27,amusement|anger|curiosity|desire|disappointment|love|optimism|realization|neutral
5216,27,neutral,11|17|19|22|27,disgust|joy|nervousness|realization|neutral
5217,9|25,disappointment|sadness,0|4|7|15|17,admiration|approval|curiosity|gratitude|joy
5218,15,gratitude,1|7|11|17|20|27,amusement|curiosity|disgust|joy|optimism|neutral
5219,1,amusement,1|4|6|7|11|17|18|25|27,amusement|approval|confusion|curiosity|disgust|joy|love|sadness|neutral
5220,0|17,admiration|joy,1|10|25,amusement|disapproval|sadness
5221,7,curiosity,7|18|27,curiosity|love|neutral
5222,15|20,gratitude|optimism,0|3|4|7|14|15|17,admiration|annoyance|approval|curiosity|fear|gratitude|joy
5223,5,caring,3|5|8|10|15|22,annoyance|caring|desire|disapproval|gratitude|realization
5224,24,remorse,1|10|17|27,amusement|disapproval|joy|neutral
5225,27,neutral,2|3|4|24|25|27,anger|annoyance|approval|remorse|sadness|neutral
5226,0|15,admiration|gratitude,0|3|4|15|22,admiration|annoyance|approval|gratitude|realization
5227,15,gratitude,0|7|10|16|18|27,admiration|curiosity|disapproval|grief|love|neutral
5228,3,annoyance,0|1|3|6|7|10|13|26,admiration|amusement|annoyance|confusion|curiosity|disapproval|excitement|surprise
5229,5,caring,7|26|27,curiosity|surprise|neutral
5230,9,disappointment,1|18|20|22|24|27,amusement|love|optimism|realization|remorse|neutral
5231,13,excitement,7|15|17|25|27,curiosity|gratitude|joy|sadness|neutral
5232,27,neutral,1|3|17|20|22|27,amusement|annoyance|joy|optimism|realization|neutral
5233,1,amusement,4|6|7|17|18|27,approval|confusion|curiosity|joy|love|neutral
5234,5|9|24,caring|disappointment|remorse,0|1|3|6|10|13|14|20|22|25,admiration|amusement|annoyance|confusion|disapproval|excitement|fear|optimism|realization|sadness
5235,0|4,admiration|approval,1|6|8|9|15|20|25|27,amusement|confusion|desire|disappointment|gratitude|optimism|sadness|neutral
5236,22,realization,10|13|18|20|22,disapproval|excitement|love|optimism|realization
5237,18,love,3|13|14|15|27,annoyance|excitement|fear|gratitude|neutral
5238,27,neutral,3|4|7|15|20|22,annoyance|approval|curiosity|gratitude|optimism|realization
5239,0,admiration,0|2|4|5|6|11|13|17|18|25,admiration|anger|approval|caring|confusion|disgust|excitement|joy|love|sadness
5240,0|18,admiration|love,3|6|18|25,annoyance|confusion|love|sadness
5241,15,gratitude,2|4|6|9|14|25,anger|approval|confusion|disappointment|fear|sadness
5242,9,disappointment,2|4|6|10|22|27,anger|approval|confusion|disapproval|realization|neutral
5243,27,neutral,2|3|9|14|15|22|25|26|27,anger|annoyance|disappointment|fear|gratitude|realization|sadness|surprise|neutral
5244,4|12,approval|embarrassment,0|1|2|10|11|13|15|18,admiration|amusement|anger|disapproval|disgust|excitement|gratitude|love
5245,27,neutral,6|20,confusion|optimism
5246,27,neutral,5|6|13|15|17|20|22|25,caring|confusion|excitement|gratitude|joy|optimism|realization|sadness
5247,27,neutral,1|4|10|15|17|25,amusement|approval|disapproval|gratitude|joy|sadness
5248,27,neutral,3|4|22|25,annoyance|approval|realization|sadness
5249,1,amusement,1|3|6|8|10|14|15|20|26,amusement|annoyance|confusion|desire|disapproval|fear|gratitude|optimism|surprise
5250,0|18,admiration|love,1|3|4|13|15|18|20|24|25,amusement|annoyance|approval|excitement|gratitude|love|optimism|remorse|sadness
5251,10,disapproval,0|1|7|10|27,admiration|amusement|curiosity|disapproval|neutral
5252,27,neutral,0|13|15|27,admiration|excitement|gratitude|neutral
5253,11,disgust,2|3|7|25,anger|annoyance|curiosity|sadness
5254,27,neutral,0|1|2|6|8|15|17|19|20|26,admiration|amusement|anger|confusion|desire|gratitude|joy|nervousness|optimism|surprise
5255,11,disgust,0|6|7|10|13|22,admiration|confusion|curiosity|disapproval|excitement|realization
5256,27,neutral,0|9|15|20,admiration|disappointment|gratitude|optimism
5257,4|7,approval|curiosity,0|2|4|5|13|22,admiration|anger|approval|caring|excitement|realization
5258,1,amusement,0|9|16|18|27,admiration|disappointment|grief|love|neutral
5259,20,optimism,0|1|4|5|17|20,admiration|amusement|approval|caring|joy|optimism
5260,9|25,disappointment|sadness,1|5|10|15,amusement|caring|disapproval|gratitude
5261,10,disapproval,4|9|10|17|22|25|26,approval|disappointment|disapproval|joy|realization|sadness|surprise
5262,27,neutral,2|4|5|14|24,anger|approval|caring|fear|remorse
5263,8,desire,0|4|5|6|11|18|20|24,admiration|approval|caring|confusion|disgust|love|optimism|remorse
5264,0,admiration,2|5|6|11|13|25|27,anger|caring|confusion|disgust|excitement|sadness|neutral
5265,27,neutral,0|5|7|11|18|20|27,admiration|caring|curiosity|disgust|love|optimism|neutral
5266,27,neutral,0|1|3|5|10|15|17,admiration|amusement|annoyance|caring|disapproval|gratitude|joy
5267,4|5,approval|caring,0|13|17|27,admiration|excitement|joy|neutral
5268,20,optimism,1|2|7|13|17|27,amusement|anger|curiosity|excitement|joy|neutral
5269,0,admiration,13|17|24|27,excitement|joy|remorse|neutral
5270,7,curiosity,2|3|11|15|18|25,anger|annoyance|disgust|gratitude|love|sadness
5271,2,anger,7|26|27,curiosity|surprise|neutral
5272,0,admiration,1|3|17|20|22|27,amusement|annoyance|joy|optimism|realization|neutral
5273,0,admiration,1|4|5|6|15|18,amusement|approval|caring|confusion|gratitude|love
5274,14,fear,0|7|14|15|20|27,admiration|curiosity|fear|gratitude|optimism|neutral
5275,27,neutral,0|3|11|13|15|17|27,admiration|annoyance|disgust|excitement|gratitude|joy|neutral
5276,0,admiration,1|17|18|24|25|26,amusement|joy|love|remorse|sadness|surprise
5277,4,approval,2|3|6|10|15|17|25,anger|annoyance|confusion|disapproval|gratitude|joy|sadness
5278,15,gratitude,4|5|7|9|15|18|20|27,approval|caring|curiosity|disappointment|gratitude|love|optimism|neutral
5279,0|4|9,admiration|approval|disappointment,0|2|7|8|13|18,admiration|anger|curiosity|desire|excitement|love
5280,4,approval,4|5|10|13|14|15|17|18|22,approval|caring|disapproval|excitement|fear|gratitude|joy|love|realization
5281,27,neutral,2|3|4|8|11|22|26|27,anger|annoyance|approval|desire|disgust|realization|surprise|neutral
5282,4,approval,3|7|10|17|18|26,annoyance|curiosity|disapproval|joy|love|surprise
5283,25,sadness,2|3|5|10|18|20,anger|annoyance|caring|disapproval|love|optimism
5284,4,approval,0|1|6|9|20,admiration|amusement|confusion|disappointment|optimism
5285,25,sadness,0|1|11|17|18|26|27,admiration|amusement|disgust|joy|love|surprise|neutral
5286,20,optimism,3|6|10|20|22|25|27,annoyance|confusion|disapproval|optimism|realization|sadness|neutral
5287,16,grief,5|6|10|11|15|27,caring|confusion|disapproval|disgust|gratitude|neutral
5288,2|3|27,anger|annoyance|neutral,0|2|7|9|13|25,admiration|anger|curiosity|disappointment|excitement|sadness
5289,6|27,confusion|neutral,0|1|2|15|18|27,admiration|amusement|anger|gratitude|love|neutral
5290,4|27,approval|neutral,0|3|4|5|9|22,admiration|annoyance|approval|caring|disappointment|realization
5291,0,admiration,0|3|15|18|20,admiration|annoyance|gratitude|love|optimism
5292,1|27,amusement|neutral,0|1|2|5|6|10|15|17|26|27,admiration|amusement|anger|caring|confusion|disapproval|gratitude|joy|surprise|neutral
5293,27,neutral,5|7|13|18|20|26,caring|curiosity|excitement|love|optimism|surprise
5294,27,neutral,2|4|9|20|22,anger|approval|disappointment|optimism|realization
5295,25,sadness,0|1|10,admiration|amusement|disapproval
5296,10,disapproval,10|15|17|27,disapproval|gratitude|joy|neutral
5297,5|27,caring|neutral,2|3|10|12|13|15|19|22,anger|annoyance|disapproval|embarrassment|excitement|gratitude|nervousness|realization
5298,22,realization,0|2|3|6|10|22|26|27,admiration|anger|annoyance|confusion|disapproval|realization|surprise|neutral
5299,20|27,optimism|neutral,1|4|7|18|20,amusement|approval|curiosity|love|optimism
5300,3|7,annoyance|curiosity,0|1|2|4|15|17,admiration|amusement|anger|approval|gratitude|joy
5301,26,surprise,4|6|7|10|15|18|22|27,approval|confusion|curiosity|disapproval|gratitude|love|realization|neutral
5302,0|13|15|26,admiration|excitement|gratitude|surprise,2|3|5|7|8|9|10|15|17|20|25,anger|annoyance|caring|curiosity|desire|disappointment|disapproval|gratitude|joy|optimism|sadness
5303,27,neutral,6|7|9|15|22|26|27,confusion|curiosity|disappointment|gratitude|realization|surprise|neutral
5304,27,neutral,0|1|2|5|6|7|9|10|11|18|20|24,admiration|amusement|anger|caring|confusion|curiosity|disappointment|disapproval|disgust|love|optimism|remorse
5305,3,annoyance,3|7|10|18|20|22,annoyance|curiosity|disapproval|love|optimism|realization
5306,27,neutral,1|5|6|18|26,amusement|caring|confusion|love|surprise
5307,27,neutral,2|3|6|10|15|25,anger|annoyance|confusion|disapproval|gratitude|sadness
5308,4,approval,1|6|10|15|22,amusement|confusion|disapproval|gratitude|realization
5309,15,gratitude,0|1|4|5|9|13|18|25,admiration|amusement|approval|caring|disappointment|excitement|love|sadness
5310,27,neutral,2|14|20|25,anger|fear|optimism|sadness
5311,15,gratitude,3|4|5|6|7|19|27,annoyance|approval|caring|confusion|curiosity|nervousness|neutral
5312,6|27,confusion|neutral,10|11|13|18|22|25,disapproval|disgust|excitement|love|realization|sadness
5313,0,admiration,0|1|8|15|20|27,admiration|amusement|desire|gratitude|optimism|neutral
5314,6|7,confusion|curiosity,3|9|10|15,annoyance|disappointment|disapproval|gratitude
5315,2,anger,6|14|18,confusion|fear|love
5316,1,amusement,5|9|25|27,caring|disappointment|sadness|neutral
5317,15|17,gratitude|joy,0|3|5|10|15|18,admiration|annoyance|caring|disapproval|gratitude|love
5318,6,confusion,2|6|9|13,anger|confusion|disappointment|excitement
5319,27,neutral,0|9|15|26,admiration|disappointment|gratitude|surprise
5320,2,anger,1|2|7|13|15|17|18|20|25|26,amusement|anger|curiosity|excitement|gratitude|joy|love|optimism|sadness|surprise
5321,25,sadness,0|1|9|14|15|18|22|23|24|25,admiration|amusement|disappointment|fear|gratitude|love|realization|relief|remorse|sadness
5322,2,anger,0|4|6|9|22|25,admiration|approval|confusion|disappointment|realization|sadness
5323,27,neutral,2|3|4|6|9|10,anger|annoyance|approval|confusion|disappointment|disapproval
5324,0,admiration,4|18|20|22|27,approval|love|optimism|realization|neutral
5325,2,anger,0|3|27,admiration|annoyance|neutral
5326,5,caring,0|8|15|20|27,admiration|desire|gratitude|optimism|neutral
5327,27,neutral,0|3|5|6|9|12|20|22|26,admiration|annoyance|caring|confusion|disappointment|embarrassment|optimism|realization|surprise
5328,27,neutral,2|3|10|11|26,anger|annoyance|disapproval|disgust|surprise
5329,27,neutral,0|15|18|20|24|27,admiration|gratitude|love|optimism|remorse|neutral
5330,26,surprise,3|7|9|18|27,annoyance|curiosity|disappointment|love|neutral
5331,0|27,admiration|neutral,0|1|2|3|6|18|20|24,admiration|amusement|anger|annoyance|confusion|love|optimism|remorse
5332,13,excitement,17|26|27,joy|surprise|neutral
5333,20,optimism,0|1|4|10|11|18|20|27,admiration|amusement|approval|disapproval|disgust|love|optimism|neutral
5334,18,love,0|9|18|20|27,admiration|disappointment|love|optimism|neutral
5335,10,disapproval,1|2|4|8|20|25|26|27,amusement|anger|approval|desire|optimism|sadness|surprise|neutral
5336,10,disapproval,3|4|15|18|22|26,annoyance|approval|gratitude|love|realization|surprise
5337,1|22,amusement|realization,0|2|3|4|6|13|15|20,admiration|anger|annoyance|approval|confusion|excitement|gratitude|optimism
5338,27,neutral,4|14|18|22,approval|fear|love|realization
5339,27,neutral,0|15|20|27,admiration|gratitude|optimism|neutral
5340,0,admiration,2|7|10|11|15|18|22,anger|curiosity|disapproval|disgust|gratitude|love|realization
5341,27,neutral,0|4|9|11|15|22,admiration|approval|disappointment|disgust|gratitude|realization
5342,27,neutral,3|4|11|22|25|27,annoyance|approval|disgust|realization|sadness|neutral
5343,7|15,curiosity|gratitude,6|7|9|10|15|25,confusion|curiosity|disappointment|disapproval|gratitude|sadness
5344,26,surprise,1|3|14|15|17|26|27,amusement|annoyance|fear|gratitude|joy|surprise|neutral
5345,26,surprise,0|1|7|9|10|15|20|25|26,admiration|amusement|curiosity|disappointment|disapproval|gratitude|optimism|sadness|surprise
5346,0,admiration,0|8|10|11|15|27,admiration|desire|disapproval|disgust|gratitude|neutral
5347,13,excitement,1|3|6|8|9|22|27,amusement|annoyance|confusion|desire|disappointment|realization|neutral
5348,26,surprise,1|4|11|17|18|20|27,amusement|approval|disgust|joy|love|optimism|neutral
5349,1,amusement,4|6|7|8|15|20|27,approval|confusion|curiosity|desire|gratitude|optimism|neutral
5350,22,realization,4|15,approval|gratitude
5351,10,disapproval,4|8|9|12|13|14|22|25|27,approval|desire|disappointment|embarrassment|excitement|fear|realization|sadness|neutral
5352,18,love,2|6|8|13|15|25,anger|confusion|desire|excitement|gratitude|sadness
5353,0|17|22,admiration|joy|realization,1|2|3|4|5|6|11|15|25,amusement|anger|annoyance|approval|caring|confusion|disgust|gratitude|sadness
5354,27,neutral,1|2|4|6|10|17|20|26,amusement|anger|approval|confusion|disapproval|joy|optimism|surprise
5355,2|3,anger|annoyance,6|9|10|20|26|27,confusion|disappointment|disapproval|optimism|surprise|neutral
5356,6,confusion,0|2|4|9|10|15|20|26,admiration|anger|approval|disappointment|disapproval|gratitude|optimism|surprise
5357,15,gratitude,3|5|17|20,annoyance|caring|joy|optimism
5358,27,neutral,4|10|25|26|27,approval|disapproval|sadness|surprise|neutral
5359,12|22,embarrassment|realization,1|9|10|15|18|20|22,amusement|disappointment|disapproval|gratitude|love|optimism|realization
5360,27,neutral,0|1|2|3|10|17|18|25,admiration|amusement|anger|annoyance|disapproval|joy|love|sadness
5361,27,neutral,0|1|3|14|15|18|20|26,admiration|amusement|annoyance|fear|gratitude|love|optimism|surprise
5362,27,neutral,7|14|18|26|27,curiosity|fear|love|surprise|neutral
5363,2|27,anger|neutral,1|5|7|13|24|26|27,amusement|caring|curiosity|excitement|remorse|surprise|neutral
5364,9,disappointment,1|3|7|10|11|26|27,amusement|annoyance|curiosity|disapproval|disgust|surprise|neutral
5365,27,neutral,18|20|27,love|optimism|neutral
5366,4,approval,0|3|4|7|10|11|13|20|22|24,admiration|annoyance|approval|curiosity|disapproval|disgust|excitement|optimism|realization|remorse
5367,27,neutral,3|10|13|18|25|27,annoyance|disapproval|excitement|love|sadness|neutral
5368,11,disgust,18|26|27,love|surprise|neutral
5369,26,surprise,0|5|15|18|20|22,admiration|caring|gratitude|love|optimism|realization
5370,27,neutral,0|3|4|5|9|11|15|24|26|27,admiration|annoyance|approval|caring|disappointment|disgust|gratitude|remorse|surprise|neutral
5371,1,amusement,4|17|27,approval|joy|neutral
5372,3,annoyance,0|3|4|9|10|11|13|15|20|22,admiration|annoyance|approval|disappointment|disapproval|disgust|excitement|gratitude|optimism|realization
5373,9|27,disappointment|neutral,1|2|6|14|27,amusement|anger|confusion|fear|neutral
5374,1|10,amusement|disapproval,4|10|13|15|18|27,approval|disapproval|excitement|gratitude|love|neutral
5375,0|26,admiration|surprise,0|5|11|12|22|27,admiration|caring|disgust|embarrassment|realization|neutral
5376,6|27,confusion|neutral,2|3|9|15|17|18|22,anger|annoyance|disappointment|gratitude|joy|love|realization
5377,1,amusement,2|3|14|17|22|27,anger|annoyance|fear|joy|realization|neutral
5378,15,gratitude,0|5|15|18|27,admiration|caring|gratitude|love|neutral
5379,27,neutral,1|11|13|14|20|22|26|27,amusement|disgust|excitement|fear|optimism|realization|surprise|neutral
5380,10,disapproval,3|6|10|13|14|17|22|24|25,annoyance|confusion|disapproval|excitement|fear|joy|realization|remorse|sadness
5381,18,love,0|1|2|4|6|7|17|25|27,admiration|amusement|anger|approval|confusion|curiosity|joy|sadness|neutral
5382,15,gratitude,5|7|15|17|20|22|25,caring|curiosity|gratitude|joy|optimism|realization|sadness
5383,27,neutral,13|24|25|26|27,excitement|remorse|sadness|surprise|neutral
5384,26,surprise,2|3|6|7|10|22|27,anger|annoyance|confusion|curiosity|disapproval|realization|neutral
5385,27,neutral,1|18|27,amusement|love|neutral
5386,15,gratitude,3|11|17|24|26,annoyance|disgust|joy|remorse|surprise
5387,15,gratitude,1|7|9|27,amusement|curiosity|disappointment|neutral
5388,14,fear,3|4|7|8|10|12,annoyance|approval|curiosity|desire|disapproval|embarrassment
5389,9,disappointment,4|5|6|11|13|20,approval|caring|confusion|disgust|excitement|optimism
5390,27,neutral,3|4|7|8|15|22|26|27,annoyance|approval|curiosity|desire|gratitude|realization|surprise|neutral
5391,27,neutral,1|2|5|7|10|11|15|18|20|25|27,amusement|anger|caring|curiosity|disapproval|disgust|gratitude|love|optimism|sadness|neutral
5392,9,disappointment,0|6|7|22|27,admiration|confusion|curiosity|realization|neutral
5393,15,gratitude,0|2|4|9|11|22|27,admiration|anger|approval|disappointment|disgust|realization|neutral
5394,1,amusement,0|1|9|13|14|25|26|27,admiration|amusement|disappointment|excitement|fear|sadness|surprise|neutral
5395,10,disapproval,0|3|7|15,admiration|annoyance|curiosity|gratitude
5396,0|18,admiration|love,0|4|8|12|17|25,admiration|approval|desire|embarrassment|joy|sadness
5397,18,love,2|4|10|15|17|27,anger|approval|disapproval|gratitude|joy|neutral
5398,27,neutral,0|1|3|9|22|24,admiration|amusement|annoyance|disappointment|realization|remorse
5399,27,neutral,0|4|15|18|20|27,admiration|approval|gratitude|love|optimism|neutral
5400,3|27,annoyance|neutral,2|3|7|9|10|17|20,anger|annoyance|curiosity|disappointment|disapproval|joy|optimism
5401,0,admiration,4|7|26,approval|curiosity|surprise
5402,24|25,remorse|sadness,0|1|7|22,admiration|amusement|curiosity|realization
5403,27,neutral,7|8|9|14|22|25,curiosity|desire|disappointment|fear|realization|sadness
5404,7,curiosity,2|3|12|17|18|22|27,anger|annoyance|embarrassment|joy|love|realization|neutral
5405,27,neutral,1|3|7|27,amusement|annoyance|curiosity|neutral
5406,0|4,admiration|approval,0|8|13|27,admiration|desire|excitement|neutral
5407,10,disapproval,0|1|4|9|22|27,admiration|amusement|approval|disappointment|realization|neutral
5408,27,neutral,1|4|18|20|27,amusement|approval|love|optimism|neutral
5409,14,fear,0|4|9|17|27,admiration|approval|disappointment|joy|neutral
5410,4,approval,0|1|3|4|9|13|20|25,admiration|amusement|annoyance|approval|disappointment|excitement|optimism|sadness
5411,14,fear,1|3|4|5|10|15|16|18,amusement|annoyance|approval|caring|disapproval|gratitude|grief|love
5412,18,love,0|2|4|15|24,admiration|anger|approval|gratitude|remorse
5413,22,realization,2|3|4|6|7|10|14|17|22|26,anger|annoyance|approval|confusion|curiosity|disapproval|fear|joy|realization|surprise
5414,4|7,approval|curiosity,1|2|3|15|17|18,amusement|anger|annoyance|gratitude|joy|love
5415,4,approval,2|9|13|15|23,anger|disappointment|excitement|gratitude|relief
5416,7,curiosity,4|8|10|18|22|26|27,approval|desire|disapproval|love|realization|surprise|neutral
5417,22,realization,0|6|8|9|17|18|19,admiration|confusion|desire|disappointment|joy|love|nervousness
5418,27,neutral,1|26|27,amusement|surprise|neutral
5419,27,neutral,1|3|7|15|21,amusement|annoyance|curiosity|gratitude|pride
5420,15,gratitude,1|7|18|24|25|27,amusement|curiosity|love|remorse|sadness|neutral
5421,0,admiration,1|2|4|10|11|15|18|22|26|27,amusement|anger|approval|disapproval|disgust|gratitude|love|realization|surprise|neutral
5422,14,fear,4|6|8|10|12|15|17|20|22,approval|confusion|desire|disapproval|embarrassment|gratitude|joy|optimism|realization
5423,20,optimism,1|9|27,amusement|disappointment|neutral
5424,10,disapproval,2|3|4|10|11|15|27,anger|annoyance|approval|disapproval|disgust|gratitude|neutral
5425,3,annoyance,0|4|8|10|15|17|22|25|27,admiration|approval|desire|disapproval|gratitude|joy|realization|sadness|neutral
5426,18,love,0|3|6|7|9|15|17|22|26,admiration|annoyance|confusion|curiosity|disappointment|gratitude|joy|realization|surprise
