source_train_row,example_hash,gold_label_ids,gold_labels,gold_cardinality,rater_count,unclear_count,neutral_votes,max_emotion_votes,same_rater_coselection_count,aggregation_only,derived_labels_match
21,3b72de5d1694cae13f3f766bc0e2d01b1f697bb3ea2ecf4dbea17cdc6ffa8a4c,6|9|27,confusion|disappointment|neutral,3,5,0,2,2,0,True,True
43,9219f92ffc039a4f796aa9915d3cda052ac1c0e405ee91660c55ee17c88d0b21,16|27,grief|neutral,2,5,0,2,2,0,True,True
121,9e3faa87cc6504b87818251ca2dcfb5d35c867e70d39936b7c98888821ad64e2,9|27,disappointment|neutral,2,5,0,2,2,0,True,True
149,b2ac332b97932993d5d7f22a309d7115888a5d26488ad82b518912e0550ce8fa,1|27,amusement|neutral,2,5,0,2,2,0,True,True
204,bf6d43089476c05c3a41d582eaf3269711149fe2d249c570081470f740a05cae,9|27,disappointment|neutral,2,5,0,2,3,0,True,True
206,a608a8c327714294990de977b5ef655ffcbed5224be797d5a46ff58314aeb94f,10|27,disapproval|neutral,2,5,0,2,2,0,True,True
228,fa368729a4d3f2dbfaad8df98f73fd9883ab8b323fa64d0bb2d1f55aa9d8e054,5|27,caring|neutral,2,5,0,3,2,0,True,True
238,b200b76c9f9121aff9250304456ff66e8a48e1a79aedfb4cb083a93d799f14be,8|27,desire|neutral,2,5,0,2,2,0,True,True
259,b824482dd74fcf178f954c143683913453b84f611a1a65a7c54eee0c51fe4f4c,2|27,anger|neutral,2,5,0,2,2,0,True,True
276,fe0370d7050702dcd7f80fc98075a81b5e6a5c3c74b9fd7bbe1ca954507b294a,3|27,annoyance|neutral,2,5,0,2,2,0,True,True
293,7bbf236bb30f60a659966be2a5e812b04a4e28a6ff24ab9b5c3b896ad1d6a457,3|27,annoyance|neutral,2,5,0,2,2,0,True,True
312,48d120050f321a0d448d78ffdca9e8d9d8f092dd09ed6c11410d02461a58602f,18|27,love|neutral,2,5,0,2,3,0,True,True
484,0de78c6cd18fd67440a5d53f9b48402540fb1bba8f2243d3373de82348af987d,0|27,admiration|neutral,2,5,0,2,2,0,True,True
525,22cdc25fa8760051066bb98fcde958c07455ea1dea3f4deca2523d32e05697c1,0|27,admiration|neutral,2,5,0,2,2,0,True,True
542,8fda39db1a3e670714b521960d59642f83bfe336f441d89fbff4bb329c132e91,7|27,curiosity|neutral,2,5,0,2,2,0,True,True
558,463a4d59041bf4ab48caa2a53879a0dda6f083b74945a049f9e243bc0b316e4b,10|27,disapproval|neutral,2,5,1,2,2,0,True,True
570,0ec355bfa73ba316fbf7c22ff2a5ea54f2018438a9ad30b764a85f34ad603f14,25|27,sadness|neutral,2,5,0,2,2,0,True,True
574,c93e800b115516a50d506a4d43f2da2ab230b143f24f3b6ac39a007bf1e28901,2|27,anger|neutral,2,5,0,2,2,0,True,True
584,f55d7dcd267aedfa0ae64bae4ab91475e65507b3866d1efaf9ea8ebba832d0a5,1|27,amusement|neutral,2,4,0,2,2,0,True,True
614,2a7d604018b309f985de7e68ebeada2055f8a555b217a5ff4803b848893f2911,5|27,caring|neutral,2,5,0,2,2,0,True,True
647,6ed3cc9fa0ce0695bdd7989cb3b1d41a7fef333ff81974c74684bb8c362d65fc,1|27,amusement|neutral,2,5,0,3,2,0,True,True
672,4a15f8ba21ec75773ef7f30c7802d9c6c04bd08b7e4b5c644c7eaf805c87b62d,22|27,realization|neutral,2,5,1,2,2,0,True,True
717,1d8e6bdd34457724e28587316ec0f630a5ae073cfd5ab4e8532132fe12e0daf2,0|27,admiration|neutral,2,5,0,3,2,0,True,True
727,d8beb8b4368eb18272afdefc83aa8cbb035baa6d70d135878a810a213e6fe66f,3|27,annoyance|neutral,2,5,0,2,2,0,True,True
729,9cd26ab58f08727464d12efb62bd334ceb4b302b3b9f2c527c78f7c6e1025b6e,15|27,gratitude|neutral,2,5,0,2,3,0,True,True
733,179e837a50de94ee2a52164cbd274ddba04be1084b05f4bfa9bb4c23803724a7,0|27,admiration|neutral,2,5,0,2,3,0,True,True
735,9fe5023dd5200c1cc3154ae8f7dfc8f68b8afcfa8ff5a369c172b3621944fbd3,18|27,love|neutral,2,5,0,2,2,0,True,True
759,979bd23a1755e02b9a06f50195831b4238598ff93f026b4014bcc361427e57d5,2|27,anger|neutral,2,5,0,2,2,0,True,True
775,67726d4d5f6aa605846a4758ad71c813af696629a12c70e365702514c1f93433,6|22|27,confusion|realization|neutral,3,5,0,2,3,0,True,True
798,8c3bd10a0ad72216b36c7638c836c4d55ae3a5c0ec519de9ce69cbda67ff6251,4|27,approval|neutral,2,5,0,3,2,0,True,True
808,b0de61323adafe9356a405f7bf81aa4c641a91a3a8ee646bae90a4bda33e25f5,4|27,approval|neutral,2,5,0,2,3,0,True,True
822,6fd59b76bc8c37682758b429f4c4eb59ebfcee472c74797b9d80e4847b420348,10|27,disapproval|neutral,2,5,0,2,2,0,True,True
941,6efc64edb7ff3605abb8f5fd8f8bdf9f049aa93cb0404b64d5374ac7a688933a,1|27,amusement|neutral,2,5,0,2,2,0,True,True
943,e817e8c2382513c8ba2fc553fe0ac97fe4f6893233f22288ed65e22657c531a4,4|27,approval|neutral,2,5,0,2,2,0,True,True
1050,cc3b2ab70cae186d007bf3e918ef562446f23978f2d623e32dd21815424a0ead,9|27,disappointment|neutral,2,5,0,2,2,0,True,True
1107,eaa3b85d2e8eb6a1e2bc0454d55a47d00169af484b839f7b9e843a2ca49ebbe0,22|27,realization|neutral,2,5,0,3,2,0,True,True
1120,082d4efa18ae1ce66fe950266341db002ca96572d4557e79729ec93d9f913487,5|27,caring|neutral,2,5,0,2,2,0,True,True
1146,02a5c8ff685a972c11e8ffb6eb6ec37ad73bcf0e4edcc837198bc0b93617e70b,2|27,anger|neutral,2,4,0,2,2,0,True,True
1237,c0dac5a90699cd95c5c13fc0b467fc0501d348ad2a9c556bc5d5be1b564bc86d,3|27,annoyance|neutral,2,5,0,2,2,0,True,True
1248,a44098a4e85635c57e53763e51adc2d48cfdc6414da58c80c814720923fc38a7,9|27,disappointment|neutral,2,5,0,2,2,0,True,True
1273,c7d53b9f6455ed870a1dee3f05e1b652ab8dc26c435262ce2c0d5502a837c568,10|27,disapproval|neutral,2,5,1,2,2,0,True,True
1275,3430b4f0f4e8dc30ed0402cc4b7cb9bc47733a7c477f163ce82cc926b3e3d913,0|27,admiration|neutral,2,5,0,2,2,0,True,True
1290,8b47de65e9b632f0995749f3c632cc0b1cbf41f6b2cfdc675977a9ff4515be71,4|27,approval|neutral,2,5,0,2,2,0,True,True
1330,5d7c246697a48771be9ea871b0037fc64c151f2b7659d81bf7c36cae8e5b7da1,4|27,approval|neutral,2,5,0,2,2,0,True,True
1387,b451e2704a8cd6f288bb87273c3771fb5bbf2bd40b86b1b4e6cac12059814d6a,6|7|27,confusion|curiosity|neutral,3,5,0,2,2,0,True,True
1408,d043861a98f9d448ae8dada7816873ce6c34fb32c95c53208a2beef55e3bf086,3|27,annoyance|neutral,2,5,0,2,2,0,True,True
1484,0d576f37e054d9db2cabb93c0db18d033d305ea064ea6ce37a8a3fd702c16d27,4|27,approval|neutral,2,5,0,2,2,0,True,True
1499,777e774f8948bef2160a28f630058fd5e4c54825de8f6e8a8fa769cabf765161,15|27,gratitude|neutral,2,5,0,2,2,0,True,True
1539,5a304846aa2c6580603e1f0d71e97ed5e23af5ec1fb607b962e481af969dfdec,4|20|27,approval|optimism|neutral,3,5,0,2,2,0,True,True
1546,e830b138794edc75b69721d48af9cc52c14bb929a740444f9f5a7dced90acf2a,5|27,caring|neutral,2,5,0,2,2,0,True,True
1555,8b5f17d8f6f677f4b4bcab67949e1b74e9454aad65b854eb09951420b79aaf1a,10|27,disapproval|neutral,2,5,0,2,2,0,True,True
1602,d5a4912637bc9d2eab4fcb53149feff1de7ea745fdd70ca597a5af54d2561496,11|27,disgust|neutral,2,5,0,2,2,0,True,True
1632,a3bb5b65556bbf966d2817e3c54308ed5debca8759d2ef8dce199c6c8b648693,10|27,disapproval|neutral,2,5,0,3,2,0,True,True
1676,b3ae924841cf93eb1b749ac2c69418d4652384499d8f13ecb061e9aa4672d76a,25|27,sadness|neutral,2,5,0,2,2,0,True,True
1704,dc9a839acedfc2aadec66fe1c5c014ae6b6aad34c1a69013dd8de4f1d8e39b44,7|27,curiosity|neutral,2,5,1,2,2,0,True,True
1726,0aa68d3e8b89a376c40a14af2a9832f999a665020314baa076e53c4c05d95dfe,7|27,curiosity|neutral,2,5,0,2,2,0,True,True
1740,3d7bfdce7ca0571529e0497b2a98c919b746158684db8d4c86af7f8d678309cd,7|27,curiosity|neutral,2,5,0,2,2,0,True,True
1771,36fe2f7f50a03abb2a2284a653f5f9f0fca1dca19590e57f09a366c29766895f,4|27,approval|neutral,2,5,0,2,2,0,True,True
1792,5d990fe01ca9631f506f31dc7337cadaf9852c3bd5ffab8d196d977525ecf6aa,3|27,annoyance|neutral,2,5,0,2,2,0,True,True
1808,4efc24c5939efef96c977476693dc8cc515ea9c53fb52e04077a7100aa97d7bb,20|27,optimism|neutral,2,5,0,2,2,0,True,True
1828,c43b72a25766f853c0edb33e28ac473609082f6cecfa9ff50ecee2c7cf6fca98,26|27,surprise|neutral,2,5,0,2,2,0,True,True
1846,2a302ed0d7f75e2ef27bed5655aad6e69f34de73fcdcfad2343dde4eb0f72869,3|27,annoyance|neutral,2,5,0,2,2,0,True,True
1889,880a54d56d5bb1b225a38048055b2d50d610f3b546d77adaa54ad993967cb03d,20|27,optimism|neutral,2,4,0,2,2,0,True,True
1911,8e03d3cdf5fb8e860f94872408b5c68eb0b54fa9274b4c5dd0d17ed1ef5c2b7a,1|27,amusement|neutral,2,5,0,2,2,0,True,True
1924,fc522e83401531ff8d810583fd0d3cada0076cba865a35012651e82cb1bbd238,20|27,optimism|neutral,2,5,0,2,2,0,True,True
1933,0789e4f2006a7ee8d85734bb50c801442f453cbf52e959fb1359203f1898501a,12|27,embarrassment|neutral,2,5,0,2,2,0,True,True
1943,2612d2718c79c6e39364c450126f9bcf9a488f14044ebc73e2a61884eabda4b3,3|27,annoyance|neutral,2,5,0,2,2,0,True,True
1953,eccc884938b19e1cd416571d248370d934b49d730fed9b815e4725f540efc72a,4|27,approval|neutral,2,5,0,3,2,0,True,True
1967,d581bae41156ff429bf5265cb37248f6cab2b16f6943ac3a0b75a51606a64960,3|27,annoyance|neutral,2,5,0,2,2,0,True,True
1978,95f1a6452d9cbb631c5f4fb6d3c459e1ae9f7e4f84f4d99ad7e07b4ad0f69c61,4|27,approval|neutral,2,5,0,2,2,0,True,True
2028,2470ac1df123daf4004931fdd98c7a8b05c6fa74e9115ec5224691e00a4bdd10,8|27,desire|neutral,2,5,0,2,2,0,True,True
2035,cb42624890799da111819c0314b036fe1273e3651773dee7060f7fe67680ec3c,14|27,fear|neutral,2,5,0,2,2,0,True,True
2043,d8e9410f00ebdffb86900d98a4b9893d5e8e7cc6fec17985844fef65f6387506,7|27,curiosity|neutral,2,5,0,2,2,0,True,True
2078,1b2b060e77197f6fa76e24ad0ccb0e1cf68379baa0e105cfb1596dc0b51e4951,3|9|27,annoyance|disappointment|neutral,3,5,0,2,2,0,True,True
2096,160fe9ca384616d8630aeb26e0492072775a2c2a0cc6498a4c537b3a74903cad,4|27,approval|neutral,2,5,0,3,2,0,True,True
2115,7257ccca9b514bb3ff408d056a6523e2c6bde8679e4c5756483197edc57f2f8d,7|27,curiosity|neutral,2,5,0,2,2,0,True,True
2159,4c28821e86d0795d61497de97b5fff4167159afbe337d7d8c30d515fed1cb5c9,2|27,anger|neutral,2,5,0,2,2,0,True,True
2170,303a768afed6cc592feb5872967dd1b9f8bb28ac0e8732b33030e5a872a54fa3,10|27,disapproval|neutral,2,5,0,2,2,0,True,True
2184,97f7d424ec506ec6d4e6e70a36d3a7301139bde8ef78172accd67e8013140f66,1|27,amusement|neutral,2,5,0,2,2,0,True,True
2185,0c24851fc6ab183b68acbc5836a6d454147711d686e81417fa4674abf5b461d2,9|27,disappointment|neutral,2,5,0,2,2,0,True,True
2201,c92187eecc13952b0f9dd8b71e50ce20d27e37ce810b8a36c343330299853380,26|27,surprise|neutral,2,5,0,3,2,0,True,True
2240,1d4a98e5b7810cb5fffb906e54c56943f03339b75446edc90a161da31d9d2406,9|27,disappointment|neutral,2,5,0,2,2,0,True,True
2256,17ab9977ee97116f009e26717b7c6816b5db1a85d5d10a1c350e272165dc3d19,10|27,disapproval|neutral,2,4,0,2,2,0,True,True
2309,50f8044f5561a3b6ceb510e6072bce878165126af31b222850ff48abd914dcee,17|27,joy|neutral,2,5,0,2,2,0,True,True
2322,dd6a74cc550f2719330e7ec71093c6ea37ae1110c4c4fc90cb1fb7ac7902d40b,25|27,sadness|neutral,2,5,0,2,2,0,True,True
2353,05af43e47deea7f36aa31ae9d5a501c8ed093fc832e386f38d6c6ab43a7dbbab,4|27,approval|neutral,2,5,1,2,2,0,True,True
2372,149ae48e93de73ccd0d72a00601327fcca6e677316c033122ce01858e76507cd,9|27,disappointment|neutral,2,5,0,2,2,0,True,True
2388,49730bb5a9948c419d5d65609b0da546d4c30ca2fb93c034fdcebd86e7067465,20|27,optimism|neutral,2,5,0,2,2,0,True,True
2469,d6ece69a5464a785d1dddfa8cfb6edf34194325b288588f5b0b70e676522ed85,11|27,disgust|neutral,2,5,0,3,2,0,True,True
2476,a6b8d1e198ab7e3deb1d166bffe2844bdea7d6c9d7b87b5828216184d3beb9b0,4|27,approval|neutral,2,5,0,2,2,0,True,True
2502,e23fe1e2f8900741e33ca9e488c7652611de41a8a104bbdd8d78e723b309a89c,2|27,anger|neutral,2,5,0,3,2,0,True,True
2510,66dc7139d1a4cda474e89fef7b85e9b18fb7522999a7d94042a72671662af8a0,9|27,disappointment|neutral,2,5,0,2,2,0,True,True
2518,f694c2def1272933969e0f4770616a81852b355b9b3c0cfff8c9ed4faa776929,4|27,approval|neutral,2,5,0,2,2,0,True,True
2534,eafdaefe30b0968b78550d58f7b2d82054bd4a5b4b0ef7affa424e52bed0c585,2|27,anger|neutral,2,5,0,3,2,0,True,True
2610,0291a7d1169e0c4aa553d0429c02483875ebc69666bcfd08aff22a41ad10c8fd,2|27,anger|neutral,2,5,0,2,2,0,True,True
2627,151e1633a7bf1cd71ea58628226ec25688182422edcb82533d625cfa090a42c7,0|27,admiration|neutral,2,5,0,2,2,0,True,True
2636,1d45e087c8bff1ed186e193f694de98e3719eaabbf1130ea94dd03bfbdd8723d,4|27,approval|neutral,2,5,0,3,2,0,True,True
2654,a394601072cdadbf17871a75e4ce62b4e579e6a59cf4f10aa8e50aa196af71f8,4|27,approval|neutral,2,5,0,2,2,0,True,True
2698,4912e7b749b2019893149cb09cda4905e914987b40418a7a921dd153a11a0729,3|27,annoyance|neutral,2,5,0,2,2,0,True,True
2734,71a8cac1e2535ded3280eaecc7ce2303ce7d0c20ef6c1ffc63bcaffaa2057870,4|27,approval|neutral,2,5,0,3,2,0,True,True
2793,88b31a0477131e3633a5ecd63fab7edc28d862710c63612a3868c5c228dcd5c1,6|7|27,confusion|curiosity|neutral,3,5,0,3,2,0,True,True
2851,078b246b5cba1831635e57d2d9f3e46d7c0415bab3e847f29df9c295c9eab0bb,4|27,approval|neutral,2,5,0,2,2,0,True,True
2856,6502d1c6488a47b921379a401931a31b261091b625f6059b25467a6d40e3e79a,3|27,annoyance|neutral,2,5,0,2,2,0,True,True
2925,1ebab6616782657bf0478dcbde4488719e42a57897c8b36287882eec6372e9fe,7|27,curiosity|neutral,2,5,0,2,2,0,True,True
2936,ef94f0b85a8fcaa9cae60c787f2bb21f0af9113ddf66f01dbfdc5538b3ae5220,22|27,realization|neutral,2,5,0,3,2,0,True,True
2976,b1be976537657873c78767759eb47d0b3a43163befb9c507c6061e89f66e0247,9|27,disappointment|neutral,2,5,0,3,2,0,True,True
3011,dff5f567458c3a9e9e304d50fdf530b8a9af041f31ea8a74801cdfeed508e545,18|27,love|neutral,2,5,0,2,2,0,True,True
3054,a42735ab9f422ace75faf60613e4eaee17b479021f20be3a46675ae22608f981,22|27,realization|neutral,2,5,0,2,2,0,True,True
3074,5ab9e6bfc3085b6b58d9b367628dd1bc1b3582df80559f6ff4236d7c0859eb40,20|27,optimism|neutral,2,5,0,2,2,0,True,True
3079,2ff151c493ecdebb74a97e500bfa90b9fd0b0c8028bdc638f57cdf1af8be505c,0|27,admiration|neutral,2,5,0,2,3,0,True,True
3096,5924a677ee3a06584e0c6136920414b92e66b2b45bfca7aec97c38e69c30e56c,25|27,sadness|neutral,2,5,0,2,2,0,True,True
3128,64ce04650aabcd04fef69ca0cc81fd224c07b55cf541ad6bc832234248db937e,6|27,confusion|neutral,2,5,0,3,2,0,True,True
3163,669cad10d356ab6efab59349e75b43e118f20c212ed9b2be9279e410e9177768,13|27,excitement|neutral,2,4,0,2,2,0,True,True
3196,d3ae907c60df11e24c85eada13318d38a587241b151191540780fec00a5af11e,6|27,confusion|neutral,2,5,0,2,2,0,True,True
3283,096bc5d9fb7a7b469ef03f7b3844d180149a6bb8378477802a3c9e2d473ed187,6|27,confusion|neutral,2,5,0,2,2,0,True,True
3295,b3f8b1860779dbd99b47b2cb9d6b0905bfb65bda9d5747886eb19b3bc98599ee,2|27,anger|neutral,2,5,0,3,2,0,True,True
3297,9c765ba080f26756b5894979b1466416107978ff95caabe44ea60016eb11a8fe,3|27,annoyance|neutral,2,4,0,2,2,0,True,True
3316,61b4316c8c3df5ee1182b311048d02205cc98412b08dce5fbae8f9798a7059f4,2|11|27,anger|disgust|neutral,3,5,0,2,2,0,True,True
3322,d2fe55880b10c2ed66c136368a6c4374f4ee357d36f60069162df35bf8e651cd,22|27,realization|neutral,2,5,0,2,2,0,True,True
3341,1fed86c70b0c84ba3710f43606d28e036b90c7a5dbb847b43c10ec2644b884fc,2|11|27,anger|disgust|neutral,3,5,0,2,2,0,True,True
3396,b47f97c2b646139bd1567d36277435bed896b5019e80129ceff9afa9b9f5055b,3|27,annoyance|neutral,2,5,0,2,2,0,True,True
3448,326d64ff7ab602bdfb63ce127520f2e4ffc375554cb019fd623d92d5a97c31c8,13|27,excitement|neutral,2,5,0,2,2,0,True,True
3466,2407d490594a9657f5fb3bea3834315c82de7daca3c075b7746e2f34f14d08f1,1|27,amusement|neutral,2,5,0,2,2,0,True,True
3486,9fec97fc7b995ee153ddb9163ead4769d89c0b10f3fb7cc9a7d7b502354959cb,7|27,curiosity|neutral,2,5,0,2,2,0,True,True
3628,bd508e60f8e7c653b489cfb27e58b7bffd0116ffd87caa75d1a91c23699bc34a,9|10|27,disappointment|disapproval|neutral,3,5,0,2,2,0,True,True
3641,17447f5e8051ab9c31f31ee58356255eaeffb5f601890f433d28aac846a2b4ef,1|27,amusement|neutral,2,5,0,2,2,0,True,True
3642,438e88cd4d05175586d6d9eb24a94231b9207cb498f0009d00b6fcfcd60d40c4,10|27,disapproval|neutral,2,4,0,2,2,0,True,True
3692,f761058b0e65bf683a3dbf4660a4058bee1de9dbee3beedb6a91ab33a779f62c,20|27,optimism|neutral,2,4,0,2,2,0,True,True
3725,af6d8325abfab79b2cddf1dde81ce75c5e0762f9595692e1ede300dd4d4a99bf,25|27,sadness|neutral,2,5,0,2,2,0,True,True
3767,73001356638f0e1b81c01b6796a068982a9d62e6debc05c02e6a8ff8e283b5ad,3|27,annoyance|neutral,2,5,0,2,2,0,True,True
3780,7a5f230c4577458c915c5d431231af7ef600dbfcf1a50017feb68c8e115f7747,6|7|27,confusion|curiosity|neutral,3,5,0,2,2,0,True,True
3795,6bed09c79915c94f05db0eec70393ad6d92f4464d021ea0ef5796d5a18ce89d8,10|27,disapproval|neutral,2,5,0,2,2,0,True,True
3800,ed562ced809aa717229c24d2e2c290f2197dc070c8d117291a0097a23b5f2e95,3|27,annoyance|neutral,2,5,0,2,2,0,True,True
3815,5a5b34bb3478037a8b9d533d13ed7b92cfa21f86addcc8b4b26e54b40e9582c2,11|27,disgust|neutral,2,5,0,2,2,0,True,True
3820,cf03e012437eae302a50fc67fc636407ffbbda30839fdc6d305c17e86b336505,6|7|27,confusion|curiosity|neutral,3,5,0,2,2,0,True,True
3838,304491ddfe265cd01736c78d6628126fdffe3fba5e781f6363e0f31fd18a7505,25|27,sadness|neutral,2,5,0,2,2,0,True,True
3944,8b539dbfd3de202930d0134872de613c2d00c72a86270708e7aca17ccf383aa7,7|27,curiosity|neutral,2,4,0,2,2,0,True,True
3951,f5274eb927938b3b221e98c198e44095f6b544c70c3de9d1a25ba777812dcd0d,6|27,confusion|neutral,2,4,0,2,2,0,True,True
3983,054f1cf6a5ba86d28b769ac582854cbe99c38092930dbb45cf02d8871b124389,26|27,surprise|neutral,2,5,0,2,2,0,True,True
3990,8b9dbd9648ab24f078feb81f79bf9ef8947831117cd5da99d7329cab401a2749,18|27,love|neutral,2,5,0,2,2,0,True,True
4005,db2dca37c457dd2b696dcc00f67eae06995520614316e2c8dc472987dd597593,23|27,relief|neutral,2,5,0,2,2,0,True,True
4027,708b3a7f2139df20d90e933fc6f1b4696913473c1ec961900e0eef618d830057,13|27,excitement|neutral,2,5,0,3,2,0,True,True
4031,f5beb1402cf2efc7bbac7a381de06e96dbd5b88eced90ed66eaed4306ff2dd61,2|27,anger|neutral,2,5,0,2,2,0,True,True
4081,96c4c2b9309178f63fbc0cede01cb774b6aa0c1cbff52dd20e5e4cf041a2a363,22|27,realization|neutral,2,5,0,2,2,0,True,True
4095,ae96548fdcdb1bb2b46036ed20aa5c343ae99cd81617aa7235a4897e76df457b,4|27,approval|neutral,2,5,0,2,2,0,True,True
4142,5a888b510dd34411be396a7ea444c68be7a42910fab02b6bb96d227c40282b32,7|27,curiosity|neutral,2,5,0,3,2,0,True,True
4149,f0edabf6639e7c168ce6a617ab060af72fb03e42a489479a2e49eda801f54ae2,6|7|27,confusion|curiosity|neutral,3,5,0,2,2,0,True,True
4200,8646949b9f37410ccab9a9a0e89d1a950cb28381c3a1e12b7e6e982466ced3b6,9|27,disappointment|neutral,2,5,0,2,2,0,True,True
4206,8040438846e8ce3ee9cae8a91547d1ad4d8b01f3ff2d49c1f21289fd44f46076,1|27,amusement|neutral,2,5,0,3,2,0,True,True
4231,2e8c54b77f3d720e611b34a6cde64fb5b3487840f042d48e8ae722c23972482b,20|27,optimism|neutral,2,5,0,2,2,0,True,True
4251,18b24c574ad1b2679ba367768628960ec6ff0b688d5f07a065fee40d4fd61e83,21|27,pride|neutral,2,5,0,2,2,0,True,True
4259,a35347fe0915abbfb1db6947f25a5146354c047863e72fdbeac6f61670891b50,7|27,curiosity|neutral,2,4,0,2,2,0,True,True
4285,9d3c43b360f2f55bd274e7b1c8c08ab053b5257a55c107f1c1ae4aa1887ecac6,4|27,approval|neutral,2,5,0,2,2,0,True,True
4543,f3470cb100b75580fb92158bb8a7dded38c483138caa62416c717d0853830c1a,1|27,amusement|neutral,2,5,0,2,3,0,True,True
4630,416fb22e38075e9c019a1d47f877eff46afcf9c58b84558fadb72b4c43cceb65,3|27,annoyance|neutral,2,5,0,2,2,0,True,True
4774,c6db7308cf0fd28efd8fb6f8c7127e9b1c0d293a2fbd26c497e2aab224b7563f,25|27,sadness|neutral,2,5,0,2,2,0,True,True
4817,e0bb015dc708d131c0d03952f59c3a4d067238f57ddad7a341a76bc3bcfc8c5a,9|27,disappointment|neutral,2,5,0,2,2,0,True,True
4826,577e3b465aecccf04a1b6bbe9d2a34318639ba21c6f472218dcd2a1229312829,22|27,realization|neutral,2,5,0,3,2,0,True,True
4833,bc7bb352b1c656b74eeecfc8f0f400e2c791ad7e45d7b816e99750628f53d615,14|27,fear|neutral,2,5,0,2,3,0,True,True
4924,01b65612b9c7ddb1d0eee60f7c35862a42034d5230c7379286716b455e045d8a,1|27,amusement|neutral,2,5,1,2,2,0,True,True
4936,e0bb713d046937b6a60721112b8c6e1f8842884459d81c5be28905754ea8c7a0,5|27,caring|neutral,2,5,0,2,2,0,True,True
4960,aa794a783257f3acf7c85d92b8c744a7850f1be501df1bcf4d4faf15c16f969a,10|27,disapproval|neutral,2,5,0,3,2,0,True,True
4976,f757c2e71154691f31b95ae8d274435a2eb105188abe449a47e498a194a09649,13|27,excitement|neutral,2,5,0,2,2,0,True,True
4984,a8f404f478c0d53ed21549b723ebcde003878f1979b4bdfcc615c7cbeff6f05d,4|27,approval|neutral,2,5,0,2,2,0,True,True
5011,d8b0ed7d0549cabac8c01edbb39863c2b0c8744eb282bee6c168b90530dc7e02,4|27,approval|neutral,2,5,0,2,2,0,True,True
5081,331d28ca06a546a0658e6959558469b7e4a17cd21c50424450595811b3f25f62,2|27,anger|neutral,2,5,0,2,2,0,True,True
5098,d6aca3932c3f4d976411a1f88e6990cdb402c937686d7e9eedf4a285138846a5,0|15|27,admiration|gratitude|neutral,3,5,0,2,2,0,True,True
5107,8d49c2384f5d60be966212f1412747c1ca57d604f99c674d06f905fe615bd541,13|27,excitement|neutral,2,5,0,2,2,0,True,True
5199,afe08161a4a78aff8413ab22c475b4f9cdfb3a6b439a75fba167e70b4c9d5743,7|27,curiosity|neutral,2,5,0,3,2,0,True,True
5245,e2f2e3bf517249e9e4f44a829d7bc35c65e339e9acab3add92e4873e656e20f1,10|27,disapproval|neutral,2,5,0,2,2,0,True,True
5287,898ab36c5dd1addc17a91b084cf5ed35de587561b43f580ff9b7d9dfb721d7f3,4|20|27,approval|optimism|neutral,3,5,0,2,2,0,True,True
5314,ffc5f338463d2fcd61e2b6c8631e34edd9394d0a75da0e97ae63849dd9bb68b9,2|3|27,anger|annoyance|neutral,3,5,0,2,3,0,True,True
5339,0860996ecc577fb8b6ff7bf74a79f82e0bd2ee41c9412b4d46ce447d780948a7,3|27,annoyance|neutral,2,5,0,2,2,0,True,True
5372,2ae133af7f62d7ca5543ffd7b716fd1ea0caf6df65c8bee91d3e2d97c82fa1d5,6|27,confusion|neutral,2,5,0,3,2,0,True,True
5377,8b1e0f75f29f51bd64ed179c89435dabb73896ce35d4ef2e16cc05f94721badd,3|27,annoyance|neutral,2,5,0,2,2,0,True,True
5383,5c9ffab639ff929c437192c7a73504a27fe60190b788c1a0faf58da630669dc5,5|27,caring|neutral,2,5,0,2,2,0,True,True
5426,b92dd29d100ccb5464f03d2b341610d3ddbb57df91e6d0ec84c92cc8d094b301,7|27,curiosity|neutral,2,5,0,2,3,0,True,True
5452,46b40559623c0164bb5e926f391d471c6b918bb6d0448fc6b6c0683e9c887c92,20|27,optimism|neutral,2,5,0,2,2,0,True,True
5459,298bfe95bf345e25bc1d053bde553250abac2af04d28fcc3ae816f45aecbcf2e,5|27,caring|neutral,2,5,0,2,2,0,True,True
5474,b07869a46452e692ac50e1a78ff9d929fbc876090d5a18822347b09df80ced8d,22|27,realization|neutral,2,5,0,2,3,0,True,True
5506,243b1d1b49311bdddf80cf25f1024fffab21884f9e28985ab07357b84de36f50,7|27,curiosity|neutral,2,5,0,2,2,0,True,True
5618,7f3f810cdfb40728128ae095359f9328a3446da30dd7fa1725f9526fe42497a6,17|27,joy|neutral,2,5,0,2,2,0,True,True
5625,0bfdc58b69f77441e3d128578482245f82386e41366dc0a670e1e7e75e992821,4|27,approval|neutral,2,5,0,2,2,0,True,True
5627,0591f91511039f1061b7e5a8a92b14b395342abb9b10203d8350ac61babfba65,7|27,curiosity|neutral,2,5,0,2,2,0,True,True
5658,d4e0f5c86bd9fefa57d9f529fdd568cdbc885540f56f45fb98edd900fd10f21c,10|27,disapproval|neutral,2,5,0,2,2,0,True,True
5700,1fccc27d01e70ff43a96082c112cb176fa08c034508ae926cdfa8aa1711baa54,7|27,curiosity|neutral,2,5,0,2,2,0,True,True
5795,76a13d917fe3ce7574b1d76cfa7b2c55c7275dc1292c644ed5d8757bd3db523f,0|27,admiration|neutral,2,5,0,2,2,0,True,True
5799,028d7fc5698f350061e6e5c705ffe798fcf4e2ce355ed185faaa75ba5db9b8bc,3|27,annoyance|neutral,2,5,0,2,2,0,True,True
5836,4640033487539a29af715c00b3be839ff1035d10fccb0627ae64a2a5a1f0e5c6,20|27,optimism|neutral,2,5,0,2,2,0,True,True
5870,040233232fcd5c4e27eadd8c65995dfbf93b5b502e3635cc47729be7a903cb80,25|27,sadness|neutral,2,5,0,2,2,0,True,True
5895,e0b2d8d3bd187521885e04b8aa61d39f8fa91f1c227960f86796c31336e00c1f,3|27,annoyance|neutral,2,5,0,2,2,0,True,True
5923,6ecd06a6bd8a878ce22a0ce2e9ac9409c16a20772db4c480d189625293ffb5cf,4|27,approval|neutral,2,5,0,2,2,0,True,True
5927,9364d4301ef4b85376e3eae5f4e53b22d1c57d99161e581bd0872833df509b91,6|27,confusion|neutral,2,5,0,2,3,0,True,True
5950,02769b073fe9d18f23d2a7d6ed22c918710c1a874002e316c56968cdaadaedf4,9|27,disappointment|neutral,2,5,0,2,2,0,True,True
5954,75bf45347b096e815ac50dc1fd347c28c70f89e84f8e81501f0d84c12415f0ff,4|27,approval|neutral,2,5,0,2,2,0,True,True
5962,a107ef582fe21275e460a394f60f08adc9b6e6885347d87119176058a089c052,3|27,annoyance|neutral,2,5,0,2,2,0,True,True
5967,31c1c0711900fa1fe33a0514fe98d2bf33e129f88b5f1f39fd8a0e585eee2e7e,4|27,approval|neutral,2,5,0,2,3,0,True,True
5974,2cefb2ab1e2cf42ac4e82691cc7d5ab0453129c173ecad428be1d5befca84d64,10|27,disapproval|neutral,2,5,0,2,3,0,True,True
6010,1bff3c10057245fc917f37fbdb98fe2bcff1accdea463ecec520445965622ee2,10|27,disapproval|neutral,2,5,0,2,2,0,True,True
6029,6dd37130a246f5a62bcc4cf0060e9c904ca860ff5c6a187eed4ca1528bc757d2,19|27,nervousness|neutral,2,5,0,2,2,0,True,True
6047,e4cacfb242467d912030b6db8dbbb0700895d3a1237f00569be9ddc159623f5a,9|27,disappointment|neutral,2,5,0,2,2,0,True,True
6056,1f7049730398b356e27cce0be4c149413872305d7f891d78e83903d6f497dbee,7|27,curiosity|neutral,2,5,0,2,2,0,True,True
6096,19df67dd7988aae09050e48c1476d155125a5ec3dd8d764539cb87bb58afbf47,22|27,realization|neutral,2,5,0,2,3,0,True,True
6111,8c2e2a23e343b9743a9c86a2ee2b6a61d767fca52f81357fcb8d8ebb29df68a5,3|27,annoyance|neutral,2,5,0,2,2,0,True,True
6122,47dcd785d3737dc4439f0d56bc2359f67681a5ef35958fcd4967b279aa7fadad,5|27,caring|neutral,2,5,0,2,2,0,True,True
6143,65ff086d53680632cbf6161add1765f533af6902e8ca47a534a526486a9ad800,11|27,disgust|neutral,2,5,0,2,2,0,True,True
6169,cd52fe72483d5f55117d249c505ae8f69fd55c35012e0dc5955e822ec86d4795,4|27,approval|neutral,2,5,0,2,2,0,True,True
6199,03aade5bab76a558b8ca99327fd25b7280ba8dfbe37525524900bbf355edc2e2,22|27,realization|neutral,2,5,0,2,2,0,True,True
6298,d651b6b9bbe4fcd2e193201dd7458aff57911882a7635f799c426a5a5d7fe488,5|27,caring|neutral,2,5,0,2,2,0,True,True
6320,7c900e1e15b0d44baf3cb863e1d25fa4d1aa7a99957343d5ee97735c8066769b,25|27,sadness|neutral,2,5,0,2,3,0,True,True
6339,d498c1592d562e7f6d79ed1008b4c7e6ccdfff30abe2fe6ffc8602263b220d00,17|27,joy|neutral,2,5,0,2,2,0,True,True
6376,068fb837b6bfaaa0d75f24a9fb989a47853267d23f606b6764573d99cbc7ad8a,0|27,admiration|neutral,2,5,0,2,2,0,True,True
6388,298018670fda58cf2c9124887393fbe6223cce532054e6e9425115b6bb012a94,5|27,caring|neutral,2,5,0,2,2,0,True,True
6396,fdaa50a2211d192aa5a34a62931c1c8a33062e8d2d730c6e586908692b49b418,5|27,caring|neutral,2,5,0,3,2,0,True,True
6419,d158445883a0e9149560fa81e0b05d02f0b8e83807d2269bbd895cd32db1c940,10|27,disapproval|neutral,2,5,0,2,2,0,True,True
6431,89e0c1040805e0a9d540e90bb3ebf19145da07f4d40823ab65ed49fb6d56cc48,17|27,joy|neutral,2,5,0,2,2,0,True,True
6434,565b32a8edd062b301fe2ec9b588e16ea5664d423782a470e7f816cec4b8f3f0,3|27,annoyance|neutral,2,5,0,2,2,0,True,True
6447,6398d84d4987cb4499565783174aa5d3afddbde5e8c437e04a43b6c8962c1c6e,0|6|27,admiration|confusion|neutral,3,5,0,2,2,0,True,True
6481,f404198daa9e48ac6bffcf3e2fbd9df6df500037d0e768b3e4981891a3fc299c,17|27,joy|neutral,2,5,0,2,2,0,True,True
6486,615dba2041a3a244b3963c76a8d87d1a42069837efdf10f37ab8d28cb84a7637,4|27,approval|neutral,2,5,0,2,2,0,True,True
6512,793ac23b24227c97bceb7d72a49fe3251ca0ee55fe0da78bd98c9f7633872365,0|27,admiration|neutral,2,5,0,2,2,0,True,True
6637,280bc92da09af9e3a713457467e1be7be12e7180f80e97da661428ac7a71d91e,7|27,curiosity|neutral,2,5,0,2,2,0,True,True
6659,a04f6c97d30be8fa250a069e035cf7e2fe86134478283c6291d29206409133a3,3|27,annoyance|neutral,2,4,0,2,2,0,True,True
6666,f04f8d24970946b706b8e08da09b7af9dc1700ab12e172a6bf3fbaa0e3bf1365,4|27,approval|neutral,2,5,0,2,2,0,True,True
6675,878f050b6490cd5ed59d39604a0e0d8335d6d5f2f08c93f665f1eee47be54cff,6|27,confusion|neutral,2,5,0,2,2,0,True,True
6686,7bfdd7ee0261acae834dd7eae35ab159d952025bad08fb19faf4d13b8688cd70,1|27,amusement|neutral,2,5,0,2,2,0,True,True
6736,0573e81086cc4dca57f46d947be0eff50de6ed9bde4f300db5e8cbd5e76a8b29,5|27,caring|neutral,2,5,1,2,2,0,True,True
6737,ddceb30596fc2dfa1cefffabc97f9c7ea34cb4a46721dcd77c3dce9f6192f78a,2|27,anger|neutral,2,5,0,2,2,0,True,True
6763,aa4a26a8db934f77c4137e2d53bc551360980e7ba96c8eaffad3611922c6a0d4,9|27,disappointment|neutral,2,5,0,2,2,0,True,True
6768,b001a049791585226542f8c657bf1d91c2eba62369e3eecdacd3c5bea59fbe4f,20|27,optimism|neutral,2,5,0,3,2,0,True,True
6775,9c000990599a7a8e7001b74b2f533064eb9db364dbba5e4c96bca0f8433c02f5,18|27,love|neutral,2,5,0,2,2,0,True,True
6791,e665217e9c7971f077db93bbdaede959f515742de01ee55421cbb48b96a69058,13|27,excitement|neutral,2,5,1,2,2,0,True,True
6803,24d5c2c68450a8496c5adfe8b12544a9a54fa78aef7acfa1fcb38de1a1b312cd,18|27,love|neutral,2,5,0,2,2,0,True,True
6812,bb6cd9062d675d15bbfe251d2dc9a3978342d9e8a3d1863a5786a5a245a585ae,5|27,caring|neutral,2,5,0,2,2,0,True,True
6874,09f1c1b7ed0a85c7bd97a04bc2a5645add0c6f36413e8b2f404d25ceacb6f2e1,11|27,disgust|neutral,2,5,0,2,2,0,True,True
6878,c874bfd5303b5e4b25622c67048496dd33f484194b22e2cbcb74efca0272d084,9|27,disappointment|neutral,2,5,0,3,2,0,True,True
6905,5c9a6760ffcdcceb5290fcc5524fd781f63683e810833ce75d9455841afa488c,3|27,annoyance|neutral,2,5,0,2,2,0,True,True
6912,1ed42c6c62663d94a3fbbdd096e563d21235d4f3ef2bbbc9d6dd3d10d3ed64fb,9|27,disappointment|neutral,2,5,0,2,2,0,True,True
6920,fc64c97243af4c6fd634b928f389145545b4efdda9ba147825948334cc9e5c46,6|27,confusion|neutral,2,5,0,2,3,0,True,True
6962,e566f83846d211ce7412c9925135af60e8f8e30205160d6f5a0f977f95decae8,8|27,desire|neutral,2,5,0,2,2,0,True,True
6965,b34aecc5482db74b399d577d90095d6adb17d4e652671247048b1b5a42291ec6,4|27,approval|neutral,2,5,0,2,2,0,True,True
6993,5d9741b45d21f253b8b784ac877035eefc64efa05e03f40ceb9756701f32b313,4|27,approval|neutral,2,5,1,2,2,0,True,True
7024,6f6af85086132693c241a4f59afd67474980ac5ee4acb02655e5e7d26bfee069,0|27,admiration|neutral,2,5,0,2,3,0,True,True
7062,a73d36a2715ff6a5a7565ff5c1a985ff03ab6c4263e770f431d64209a49ffd05,4|27,approval|neutral,2,5,0,2,2,0,True,True
7066,23238f0f8c8b56d099945ee03d74ea12568fffbd25d1f98dc0e7fa4689e0b321,0|27,admiration|neutral,2,5,0,2,2,0,True,True
7124,ffff2dcc5ef748c59d67f51dcf05a0d4c39b0702685919f31254a0336140966c,4|9|25|27,approval|disappointment|sadness|neutral,4,5,0,2,2,0,True,True
7137,f6173ca09de1b33e25d5ac43085f600cc329faab55c944d7444cc3bb05c000ec,25|27,sadness|neutral,2,5,0,2,2,0,True,True
7142,a54916d54e8488c04a02597e3618966385678649e5872b11dd6d5db04e8e4347,9|27,disappointment|neutral,2,5,0,2,2,0,True,True
7147,bbee24919c4a404156e9bf0b32c95ae0cc611bb749053bb3f792e9468d9c1511,26|27,surprise|neutral,2,5,0,2,2,0,True,True
7184,bce9489b4d948e01d8d5ed39ca6ab0bda46d2db4d92db29f7a23d0b0c33e7dd1,9|27,disappointment|neutral,2,5,0,2,2,0,True,True
7206,c8a512679823b42bb1c3d8a59f20e76d50f00a2e8ce3f0f17e6aff708bb41ad4,5|27,caring|neutral,2,5,0,2,2,0,True,True
7264,9751cb1d27679d248a0b9f7d866c4df07a26c7bc009ac494f1d708bfb876e802,1|27,amusement|neutral,2,5,0,2,2,0,True,True
7271,9f2a86f936266cc5f024c6d6228529a09f6becd511c118a6f34bdaeffc70f25f,20|27,optimism|neutral,2,5,0,3,2,0,True,True
7298,acb121502d79292b7c5ac6788993149cb5c911c24d077ac6b0a53377cedfce7d,4|27,approval|neutral,2,5,1,2,2,0,True,True
7340,4a8a9bd8b43436df097c82a53c115622cdebfc62fa1deaf82854cdd21e1874db,26|27,surprise|neutral,2,4,0,2,2,0,True,True
7357,b931e0df2f50cb4a8e6e66a776717841c4de69315507631b80112495cbbfad94,6|7|27,confusion|curiosity|neutral,3,5,0,2,2,0,True,True
7377,e8cbd6466462e092cc8426663319b0a2fd9a78a534b4a0b50a4b84252f04b4df,6|7|27,confusion|curiosity|neutral,3,5,0,2,2,0,True,True
7397,089abd506bc43dee254cb144b7fe13dd42e01b59091f8119c99cab7e9b03e597,10|27,disapproval|neutral,2,5,0,2,2,0,True,True
7462,16e6177dc179702962e71e5238638983e68cb1080d5f59cde58398d89b4d389a,2|27,anger|neutral,2,5,0,2,2,0,True,True
7533,77e242da9d85db9725fb60679d088a6da5262fcefb2480f5367732093ff349c8,18|27,love|neutral,2,5,0,3,2,0,True,True
7630,2aa8a6efc22c6a059d918bad84a76c40686de421c146fea28b9949181569adae,26|27,surprise|neutral,2,5,0,2,2,0,True,True
7662,fae309a8e9e22abb03668d3f06ab708830a6d2c19ec9d3b7c13aae473906f24a,0|27,admiration|neutral,2,5,0,2,2,0,True,True
7672,83780f6bb5ec6be550f04132d58036adbcd15bb5bdf008096bf4bb8ddd90c35f,9|27,disappointment|neutral,2,5,0,2,2,0,True,True
7745,0e20b19af34faaabec8b6530b4c77ada3d9cc5fb50da8f5b0b639ed036f0d08e,3|27,annoyance|neutral,2,5,0,2,2,0,True,True
7755,e9e6490eff51ed5c48daa4f223c9cc2c06dcd62ece65f80b37a4b7b0b44972e3,19|27,nervousness|neutral,2,5,0,2,2,0,True,True
7814,a9ddbae00756af006466a08c46f9716ef14832b7a673ef4dec537b25a9d3608d,10|27,disapproval|neutral,2,5,0,2,2,0,True,True
7849,bfc3fb65659aecd520babbc9e8a1c2e6f2553be765706303fac28097668ce848,25|27,sadness|neutral,2,5,0,3,2,0,True,True
7864,66bed6f8465f5b839010002f254e577256b2079f972e2b1cca3be6980fe7f608,4|27,approval|neutral,2,5,0,2,3,0,True,True
7869,a1552ffac88f81ce6ecf4636afd6e24b3cc10a4a9811f931cc1064ef8c6ccf55,4|27,approval|neutral,2,5,0,2,2,0,True,True
7896,aecaef1b170e5a1f1407c30cebfd865271a223faf9fbfb5a4817c8b1a7255b46,7|27,curiosity|neutral,2,5,0,2,2,0,True,True
7982,15c9de21a775fc3e123cfcb6b7f392788b458b5bb78b69d27294e4994e80b411,7|27,curiosity|neutral,2,5,0,2,2,0,True,True
8085,b029f90de52cb4fdadcfc6d43d77ca9926ce4b715f752b1c73ad95a775e57a0e,10|27,disapproval|neutral,2,5,0,2,2,0,True,True
8126,80b7c5b1e3bb01b107479f2f22c1ea301fbe44e358d52b259aba9dcaea7513c2,22|27,realization|neutral,2,5,0,2,2,0,True,True
8199,1ca8b4b326b1b8aecf870fbdbeee50fcaea0086b02b9cd3577b7736c76c9882b,10|27,disapproval|neutral,2,4,0,2,2,0,True,True
8229,b43b300e664d85d51b21f346b033024d71098039bdb74cf06e923f659a9543b3,6|27,confusion|neutral,2,5,0,2,2,0,True,True
8241,ffe88f09aa3fe7641ae5fcb3a385aededaa6df61a79068b0f02ff32d32a919e1,0|27,admiration|neutral,2,5,0,2,2,0,True,True
8254,89a9af04a735179d13d3e1430183a966999882195554fb4cbef0abce0da8fa13,5|27,caring|neutral,2,5,0,2,2,0,True,True
8290,7a602632427cca607959a22b6339a7caa4ccf8fc173a9b625b872836e9356a08,3|27,annoyance|neutral,2,5,0,2,2,0,True,True
8292,7aa18b1a4c34668df0921954c3a7b8719ceb6715b5900427441ae54424c7df30,26|27,surprise|neutral,2,5,0,2,2,0,True,True
8302,a66e04f07ad33c81792139ac33d218617ec42941290ce139164629397d867892,17|27,joy|neutral,2,5,0,2,2,0,True,True
8310,e25ebaa455858fd56620a13eeb7d6364d444f95c625f027d107225225fe2a4db,10|27,disapproval|neutral,2,5,0,2,3,0,True,True
8320,27189ef9e02a89d54424363deea240b12185f7757913873f2dc4d28944c17f07,4|22|27,approval|realization|neutral,3,5,0,2,2,0,True,True
8327,eaeb8c03c81e6d228085376b4ef9d978a61c1efa86b383a1f8d95459f2210ae3,1|27,amusement|neutral,2,5,0,2,2,0,True,True
8465,da3cd17e958cf1075897e42b69ea5c364754939c60a95673361db12ba6434b0a,4|27,approval|neutral,2,5,0,2,2,0,True,True
8497,2c7c137f993140b49f1cacb6620998fe514de76c2d1f00991ae1f4302b5ac0c3,4|27,approval|neutral,2,5,0,2,2,0,True,True
8498,b679773610ca4e8817b70c11fe2c44a924837c5abc54f7ae4d882650cf73330d,5|27,caring|neutral,2,5,0,2,2,0,True,True
8506,a8a8526a301cdaa642020b9414efbc00e4e48177db881799448509f53f8b1b52,0|27,admiration|neutral,2,5,0,3,2,0,True,True
8540,0310cd2afad93f184fa9372083e0d12b22a1a3d0898af60495841e5be061302c,10|27,disapproval|neutral,2,5,0,3,2,0,True,True
8568,adc448172cff765c8da68ec23fc893bf809c37a512928df1b1c8235603c448ca,11|27,disgust|neutral,2,5,0,2,2,0,True,True
8687,0137aa2bd7035030b31261b7abf7cd9c561c3a44f745de0101713f2c95798897,17|27,joy|neutral,2,4,0,2,2,0,True,True
8754,aea892dbcfc4949fbe4c0f0dc23d83a1b7df23dc5441f15713656c4816344088,6|27,confusion|neutral,2,5,0,2,2,0,True,True
8809,a175734efecf7e3ad57cdb2d94207f1d3b12be4e932a6cf5bdfa01c83f20e3a9,4|27,approval|neutral,2,5,0,2,2,0,True,True
8839,21bcf75433ee300f9ec5916070c3ba07ae24edc3c46d6d2fc989cfc1e8f9d9b6,5|27,caring|neutral,2,5,0,2,2,0,True,True
8852,d3092617f182ea27c1b7c8316c0834b7fbd168ebc2c5fc4a7635052bfc65c3b5,1|27,amusement|neutral,2,5,0,2,2,0,True,True
8890,78148d51899862125faa7973ba28fa6cede7e5380326b9ffa264101cdb5a405e,6|27,confusion|neutral,2,5,0,2,2,0,True,True
8895,9c591f7d0c1be1be4c240ff859d61e0a6c22990b03c2e26e799c1c0aaac0461c,6|27,confusion|neutral,2,4,0,2,2,0,True,True
8956,e555b74405f2941bb846ea9aa7c9d7e65c37659ce4e7c150dc7e86f942c08a48,14|27,fear|neutral,2,5,0,2,2,0,True,True
8975,a6b23033010222e7944e466da064204299c679b47fa4670ad4bc670e1cbd8151,3|27,annoyance|neutral,2,5,0,2,2,0,True,True
9002,258ca88e4eae585524301a4dd7353aee0dee7231502e15aa07084c77af875923,25|27,sadness|neutral,2,5,0,2,2,0,True,True
9012,ca9ab32b5e5e79db3969e1c4cec9b4de66a36769959320fdbd0db80c55f0bad0,10|27,disapproval|neutral,2,5,0,2,2,0,True,True
9015,e01ccb5a76f311b9db3bf0fb68a50f88e78a1fed1d24fa666fcf1fcdb60b2112,4|27,approval|neutral,2,5,0,2,2,0,True,True
9016,4dfca0a233daea0eb9e6a203b0fb9a834b11b2ad89c62d57a9034ee23a7d55e8,13|27,excitement|neutral,2,5,0,2,2,0,True,True
9046,0ee933bfe251ddeaa3dd541aee6a35e49f5eac65728a40dbd36f53fb82d86861,9|27,disappointment|neutral,2,5,0,2,3,0,True,True
9073,d164d8752ad2df53160e92d1b4a98f07926f5a18aa43b7dafcf2bfe975353d32,25|27,sadness|neutral,2,5,0,2,2,0,True,True
9077,3e3a9b0566badd99f88a75c9fb52df81f2352282d054edbf171d811afdce0487,25|27,sadness|neutral,2,5,0,2,2,0,True,True
9173,e2539243c012047f45d82f21bdf03e1438059fdbc745c43d9dd9d7a1fcd8cf76,5|27,caring|neutral,2,5,0,2,2,0,True,True
9184,78e7370f645ae90c14732a980fa628ad4a82ab826623d22a50e2496e40246815,9|27,disappointment|neutral,2,5,0,2,2,0,True,True
9199,c4f4a66515d7ae521fa80548d39394a3a1220c61c3b9d609eeae50f8f673f4d7,6|27,confusion|neutral,2,5,0,3,2,0,True,True
9216,3e7991c24ea8f9e3f51a0c08c2b8ef477d1d74f6d37994443be382c765822844,10|27,disapproval|neutral,2,5,0,2,2,0,True,True
9257,c77f7e28b78cc8be35f0f10c173cbb6acffafb90a5ff5814331e8231b723c59c,18|27,love|neutral,2,5,0,2,2,0,True,True
9267,72bec595a1544417ea6b5862d111b5f5dd0583e1604b711b1d09fa9028e52bdb,6|27,confusion|neutral,2,5,0,2,2,0,True,True
9288,16a5a391e157436d48eaac217623db255d379212fcb9ebdc2648c84607e1d199,4|27,approval|neutral,2,5,0,3,2,0,True,True
9290,ba777afe87c10b1268925ea1f93d8b0c2e04cc928bf687136597f7cdb160dd11,4|27,approval|neutral,2,5,0,2,2,0,True,True
9308,121fa97bf79336942b9857d0b78e3e6b3e3127cc794763b2412322a20d9616a7,3|27,annoyance|neutral,2,5,0,3,2,0,True,True
9312,4581ae538736efbb3e05bb2a319173d3eadd496d36acbf7ac1892ea1b4737d41,22|27,realization|neutral,2,5,0,2,2,0,True,True
9344,f7de153b509ee6e79c95ead211cf323c669c8af4c305edb59138c7fd55ed20c3,22|27,realization|neutral,2,5,0,3,2,0,True,True
9356,888a51b6b5ba3ff8e208fd3c2fc591bef32f0941c7c829c00bce9e8d3235e13b,10|27,disapproval|neutral,2,5,0,2,2,0,True,True
9357,909ad402d7eb58da2b428fbe29a8850fe795d984b0e25e3f3f5ca830d80c0de3,8|27,desire|neutral,2,5,0,2,2,0,True,True
9366,d0881fe5593375167d46ffa6934ec5365b7423b6be9ee6d48b3ef06866b650f0,1|27,amusement|neutral,2,5,0,2,2,0,True,True
9391,ee9401366ab667abae50dfbbbe0b39b21150bfd9de1c3354958992c65bef4144,22|27,realization|neutral,2,5,0,2,2,0,True,True
9407,cdff886fbdc3dd0ddfe34c90eeefbc9074231c18b5c30caddd47718d99966203,15|27,gratitude|neutral,2,5,0,2,2,0,True,True
9411,f89ea870c30452e573a9f2532e086fda20c4969c843d0042f24791edd69b9086,20|27,optimism|neutral,2,5,0,2,2,0,True,True
9589,6c4d5f86d07f46ca1bc28f80d512e5f63deec80968f8e905d9d81f9c5af6c89b,10|27,disapproval|neutral,2,5,0,2,2,0,True,True
9597,49e83f8f99b66e6fcbdc4388eb161250ce4780f6da2a4e5debb4b5a26cc3c730,17|27,joy|neutral,2,5,0,3,2,0,True,True
9689,5c767e63523d0964458155b4b07b00bf9527d1f65779419f5d9c052c2589cadb,12|27,embarrassment|neutral,2,5,0,2,2,0,True,True
9736,f81848af6ae2a4fabb4355a2916d235c3f7b44619ebafdb32269d6bad05f6b74,3|27,annoyance|neutral,2,5,0,2,2,0,True,True
9753,5ec00769215c3d40017636fc46dcc5c9ceb96b9ed2cbd2808371f357cabf13d8,4|27,approval|neutral,2,5,0,2,2,0,True,True
9760,a2bc17ecf2e699c1c014c15810a2a26f42d5b9a2cf863b3685eebae641957ab7,10|27,disapproval|neutral,2,5,0,2,2,0,True,True
9783,30a034c1bb21b7f80b26c62323554401e7047cde146d0c049ff1c67a10fa81f9,3|27,annoyance|neutral,2,5,0,2,2,0,True,True
9856,742d56a4264b350af49b6e374036d8377a242e2cfd7699fdbc214a4eeee7b813,6|27,confusion|neutral,2,5,0,3,2,0,True,True
9871,fa125bcb164cbd48e8353fe383de590362a5a3a418b629783f2bd95bd2f6a1c4,4|27,approval|neutral,2,5,0,2,3,0,True,True
10006,a5510ee8fdd9294e7b381459c4ab7d134f6a8ca49b2656523c8ef845f40ee769,10|27,disapproval|neutral,2,5,0,3,2,0,True,True
10025,ea9d6872cf42dfcda53556fed3f0c9461ea8a6b21a87b5dc4669a5fce14300c3,0|27,admiration|neutral,2,5,0,2,3,0,True,True
10049,05d875e76b476ccf6caf4284e84ddad5c383024ca6ec339e573dee5e99fb6c31,17|27,joy|neutral,2,5,1,2,2,0,True,True
10098,1c9a314e043dc8dd8d699780422011a1ad811ce5ec21c63b561884bed6f0ee3a,23|27,relief|neutral,2,5,0,2,2,0,True,True
10103,d8fe20a3ff99f574a48fe2c8d5913ba9f0b9be552cd0070b4821a65560f8e04e,3|27,annoyance|neutral,2,5,0,2,2,0,True,True
10191,e4a7807472430d1e441a46cf75d635ed17f41af62bc695a6062ca0fdc11520b4,6|27,confusion|neutral,2,5,0,2,2,0,True,True
10212,5423cca654f5a665e9984a4d86d3d79473de1403f8249bd0830577ca0b45c45c,4|27,approval|neutral,2,5,0,3,2,0,True,True
10271,c76eb2685646c26a3804a0cd3135483bae7d9d7865278722c39ee94c5e337885,3|27,annoyance|neutral,2,5,0,2,2,0,True,True
10274,b5ab40843674ef592d4ee5f0a556a12935d77371202d9ff94704336116346512,3|27,annoyance|neutral,2,5,0,2,2,0,True,True
10308,1a6980f3b803485e59049259fd00e5e4168b6d2db5f15fc187f378ba9341b04b,6|27,confusion|neutral,2,5,0,2,2,0,True,True
10327,47d795e74f2648145d9ebba78f022a7b721a4d1b947b42edbbf062674371de63,6|27,confusion|neutral,2,5,0,2,2,0,True,True
10336,90cf853fec44ae466fb51db5550b62d61f89264041bdea012e0b22512df9552b,4|27,approval|neutral,2,5,0,3,2,0,True,True
10401,e61fbc7ffbfee1f5fd9ccf60b0219050e123a80f03bbe466c461759034ca6bcb,17|27,joy|neutral,2,5,0,2,2,0,True,True
10455,3b2a9d115e40ecd374629ac61396134d04f2d01cc35dda05d2833e25e80b2a1f,5|27,caring|neutral,2,5,0,2,2,0,True,True
10512,4b03d0d8258f11fbf424b4033c6da92fb4ebb71f337d9885677e4ac22cade2ce,5|20|27,caring|optimism|neutral,3,5,0,2,2,0,True,True
10602,d1ad51465284ac4490e439b82c31b0db75bcdf781e17d6eab5b4ae0eec25e7de,4|27,approval|neutral,2,5,0,2,2,0,True,True
10605,4a4a642b04c32ac03f7d366b8f0c97d50b894de4384e3737fd020e626bfedc71,10|27,disapproval|neutral,2,5,0,2,2,0,True,True
10626,b478ca2e7823cfcd93b6fabb6549a963eec843e034d8ff84cc2a210a6f550f43,6|27,confusion|neutral,2,5,0,3,2,0,True,True
10683,58a731ec071b3933968aac95851cd02937b5445bf96af6fd5ff5f71e8221f82c,2|27,anger|neutral,2,5,0,3,2,0,True,True
10736,df89ac0e3c387251ba05c0c4d226f251f37e83333bbcc92530147fd51fe1e821,3|27,annoyance|neutral,2,5,0,2,2,0,True,True
10747,48cdb3e43d6e290aa4f0d8130fd81a6ddca4686110ebaf06b30a0119116ce34f,2|27,anger|neutral,2,5,0,2,2,0,True,True
10776,b7129d49f5503423ce4384c82ab9202f736eb5f86593ea2e9c6a58ea40426b3a,4|27,approval|neutral,2,5,0,2,2,0,True,True
10781,67e47543082923cda273dc50bb48c8cb84fcbb2a9fcef13af73c126f4eff2088,7|27,curiosity|neutral,2,5,0,2,2,0,True,True
10807,5cc7b36fa73362412a8f4d823d619689af4f2774856541379fce56f73a09e76e,4|27,approval|neutral,2,5,0,2,3,0,True,True
10862,ba8ffcd5582383a9e9b15c109bfa7fe075eb1f953bd3eb9e1d35291b1de09b8d,20|27,optimism|neutral,2,5,0,2,2,0,True,True
10928,e81b0190c8781aef766549931c6802822b99317c3b69f5d6ef07da948c886f94,9|27,disappointment|neutral,2,5,0,3,2,0,True,True
10935,f2f0e81e24c31739fcb3864dcc56c852548912d18de484f14568a9e247fbb428,1|27,amusement|neutral,2,5,0,2,3,0,True,True
10942,bcebd318f1e5370102455d89f7ebd4ee2471596c92a1c849a32cec5547f474c8,7|27,curiosity|neutral,2,5,0,2,2,0,True,True
10980,06bf19cfd7d90080b04e1f47f6623fa5ae16cb21579dac9d5139932eab9b94bb,26|27,surprise|neutral,2,5,0,2,2,0,True,True
10991,34461d0808fba57928af240f69613c7da96752d11e824b95aaca0971f6b1b4bc,26|27,surprise|neutral,2,5,0,2,2,0,True,True
11061,928f6fdeedc52aaffa284b5a7bf0eb04fb7e4d0c98ecc3466769d191c4b0bdf5,7|27,curiosity|neutral,2,5,0,2,2,0,True,True
11086,b3f0562773e1e73d3300d278fc5b6c478a1ab8c2e5f20f4a6c7fadf6dc6bbd17,4|27,approval|neutral,2,5,0,2,2,0,True,True
11161,443149472d543e8239bffdfd92b49f336b71225ee8baddbc67112549b0ffb9be,2|27,anger|neutral,2,5,0,3,2,0,True,True
11201,b2c12f6389989bcc1dc638eaa3fe5757dd89f81117bb27283baf8befd65338bf,7|27,curiosity|neutral,2,5,0,2,3,0,True,True
11243,75998f5d5ef5826522f61037115c5580718c77d346132fb41676db0a79d124ef,7|27,curiosity|neutral,2,5,0,2,2,0,True,True
11269,19e30e027f941443da8825c5f95f3fdbcf869cbd4810592da15486a7cfd401a5,2|27,anger|neutral,2,5,0,2,2,0,True,True
11408,8dd35b43d5c3d0b8b71718af2c6296be4a4a8490d4af032fbade38d6aca202a4,7|27,curiosity|neutral,2,5,1,2,2,0,True,True
11432,b8dbaab669d0f64688417dbc7db3ebc0ffa2bea753b7a819277cee0bae8d61f0,6|7|27,confusion|curiosity|neutral,3,5,0,2,2,0,True,True
11440,1a9ee2c7834ddf6f44560154140f7ac0409f3199d439a9461d90f75dd1e424c4,4|27,approval|neutral,2,5,0,2,2,0,True,True
11460,cb0ca5628494270a2709af6acacbbc0f7931dd09f7987d72227182ace1452051,3|27,annoyance|neutral,2,5,0,2,2,0,True,True
11489,4824c269639cdb8d68d5406c62fc0da068f03e0fb23a4f216952a07223cd8749,20|27,optimism|neutral,2,5,0,2,2,0,True,True
11494,252701a55fc77f064536217a1dd1d2a1cf33cda0dd90670d0e8825dc48512662,26|27,surprise|neutral,2,5,0,2,2,0,True,True
11498,3bb2dc92bc74b5ed8bf6c3d50841a1359303cf5c11cbc57f332a5c80874c2577,4|27,approval|neutral,2,5,0,2,2,0,True,True
11528,7f7136537b87f8c0d66ab47af4a7284eb4be43d897c8aedf32d1c5473e79c1c4,4|27,approval|neutral,2,5,0,2,2,0,True,True
11536,7e526e7fc88c0aea40e3e636263780410ff2ff0aa5b275b7048eccccb032541d,10|27,disapproval|neutral,2,5,0,3,2,0,True,True
11538,a41b69f481fcce31e4c59dab4d554f9d51606633834b239fa888faa143efba28,3|27,annoyance|neutral,2,5,0,2,2,0,True,True
11593,c4c02e338ed143893cfb75de9524db9810d63f1e4c2dc1936794f70e2ee98b1c,22|27,realization|neutral,2,5,0,2,2,0,True,True
11608,f93be9af82c7e2a4d4488af3c4e0f8ea96f7ed8be9c2ba5cfcbab33933229cef,22|27,realization|neutral,2,5,0,2,2,0,True,True
11636,dfa942b68595d73f4c933ff7b6d828406a5262ae2cbc26a61c7f842bfe831119,6|27,confusion|neutral,2,5,0,2,2,0,True,True
11640,85ddbf23728d11358d7895ba0c76d29ac9db4fee5e24fb04cd6fd6c5277d00ac,3|27,annoyance|neutral,2,5,0,2,2,0,True,True
11721,4101b8570d606bd1fc82c0b699b86223bf776d4023d591a8c9eae12ba0bed2dd,6|27,confusion|neutral,2,5,0,2,2,0,True,True
11809,308ccc9395b056370d37b681512c3634065add2e3542507c81d7b55957cd91f2,4|27,approval|neutral,2,5,0,2,2,0,True,True
11850,c72f96b911554376213a75a3788d9f5c2566e54b23e3894c3e15188ec9cc9b9c,3|27,annoyance|neutral,2,5,0,2,2,0,True,True
11897,7c5706d181ca96a29277149d7d15d8923be4385e98fc2e2cda45ad209b6ebf03,4|27,approval|neutral,2,5,0,2,2,0,True,True
11905,56f1071afa6f65a9a459d1366402ceb5a595eab4a5cb28cd64a51f32eef7ee04,17|27,joy|neutral,2,5,0,2,2,0,True,True
11954,26b80478f1084fa848b01f7fc603170e7d57d034303a44ae2f733f4bbc4f9860,5|27,caring|neutral,2,5,0,2,2,0,True,True
11995,efc3670274627b07db6a595dee59bad65f08830e0d479f125e72aa94f795891b,7|27,curiosity|neutral,2,5,0,2,2,0,True,True
12011,c305db782eb495f50e77c32e9052d763acf0e58863da2d67ba82552e92cc43cd,3|27,annoyance|neutral,2,5,0,2,2,0,True,True
12013,2a61629a6ee8393b45d7d94c76c3ed4a11a26eefe473daf54a36bb0b8021f679,5|27,caring|neutral,2,5,0,2,2,0,True,True
12034,b381aa793f1146fd8e0ea821e277719a719afadab87c5be3545634e951dbdf8b,4|22|27,approval|realization|neutral,3,5,0,2,2,0,True,True
12077,a75d3677fbebcabcff25951b41bae2857cab3b3c7a6949a27961af418410da7c,10|27,disapproval|neutral,2,5,0,2,2,0,True,True
12079,241dbca5bd4151f41e81c195f1aaaefd3aef72e9b867c1a8ea9ba1ba6d342a22,22|27,realization|neutral,2,5,0,2,2,0,True,True
12110,0d830506754dc4e0cf5a5a3d75322f2be3b94221d11933002a7563b5a35f9ba3,9|27,disappointment|neutral,2,4,0,2,2,0,True,True
12238,aa6ea4573e12b88d5f6e7ed3bc5031d8f34d9635824a538b255840da3a4d393f,24|27,remorse|neutral,2,5,0,2,2,0,True,True
12283,5d983d283761159a5bf4b6f9463b3c1b736ae6962a1cfe620c36961b46f79523,4|27,approval|neutral,2,5,0,2,2,0,True,True
12304,d7587399a5e9c3737626084c64649e1a79d6a8b4facaa74960d7769c204e3eb0,4|27,approval|neutral,2,5,1,2,2,0,True,True
12306,d92a92d09d3cbb83b3967bfdaf8111b67e05e7cd8d4bb6da46f9353dd4be4886,0|24|27,admiration|remorse|neutral,3,5,0,2,2,0,True,True
12312,ea743fa8903d53918293a30e1226b422130cc54474c224b36d75e6af96b0268f,25|27,sadness|neutral,2,5,0,2,2,0,True,True
12322,973560d1ad8b3f7fee5de2c98a821170505108fa70664a6b4f7282a47d3808b6,4|27,approval|neutral,2,5,0,2,2,0,True,True
12366,8e44e0d506a33c92ce28931a7700fa5dd1a4875188c396178454aab6fbcb331f,6|27,confusion|neutral,2,5,0,2,2,0,True,True
12432,4e3c44432d269ca1eb64463002a8814e64a92a17fa321303a947e6cc5c1d4723,1|27,amusement|neutral,2,5,0,2,2,0,True,True
12448,ac910859c36576691c0e834149c855f6c2c4e1f49a44d47ec93d3b4ed563464f,4|27,approval|neutral,2,5,0,3,2,0,True,True
12611,bf6d22c8bd08115ad11e23182fb236c7d8ecf8a51f1eefd3ad97412b0949f6d9,20|27,optimism|neutral,2,5,0,2,2,0,True,True
12666,62300a5525caca656fa30cb3ffb714ffd075b7abb7951414d14612263b7906bc,0|27,admiration|neutral,2,5,0,2,2,0,True,True
12667,d380a4edb8ea3280560143d442e7cc17f44c96b79cd13d231b59c8237891d388,12|27,embarrassment|neutral,2,5,0,2,2,0,True,True
12705,b9fe622988e82f95416ace7e531c6a0e1b2d6f0fe5248c94ba18e9ea16c2d56e,2|27,anger|neutral,2,5,0,2,3,0,True,True
12744,06ac15be716d87f811059f20ff834e0f1e9dada5eaf02ccb1379747ba88be602,6|27,confusion|neutral,2,5,0,2,2,0,True,True
12775,df09ec3e7a0c978f62e24de5a26ed3084b6ded013e9e1dd025a5a89e5f0b3c10,6|27,confusion|neutral,2,5,0,2,2,0,True,True
12806,3eebccf07bec5ebc333348e79494e2a3735ed0df4b006c94c27db203ef6e4778,13|27,excitement|neutral,2,5,0,2,2,0,True,True
12812,43d147a39188d9b3566fd2051639efd5cda284efff7d6c6e02f19dd9c792e1d4,10|27,disapproval|neutral,2,5,0,3,2,0,True,True
12817,64edb3662ce50a72218661d9ca28ddb7313df9226efa9bcb8c8ff67e1d270b46,11|27,disgust|neutral,2,5,0,2,2,0,True,True
12877,56499ff3c6e2278268b810f8ff6b3155b1c585e567d19b74b90ccd4c60563e94,20|27,optimism|neutral,2,4,0,2,2,0,True,True
12903,56f75680c729f5b0929484b30394aefde851a5125b475e16b7c1e0973491398b,22|27,realization|neutral,2,5,0,2,2,0,True,True
12921,6924d5c8cba7937301c529a956d0bf4d870466c13c87f151dc2401134fe4694f,9|27,disappointment|neutral,2,5,0,2,2,0,True,True
13030,50123d45c5ea6780e632f684c631d33449961af1b17518ac67426c588e7b1deb,3|27,annoyance|neutral,2,5,0,2,2,0,True,True
13033,cb51c70cdcc15dd2985f507d15cd916583c2d936badb78ab0b8eadfe6bb0a86e,8|27,desire|neutral,2,5,0,2,2,0,True,True
13060,c057a61a27b134adab8ff9291a5ef7f56c45bd2240937fc253b5073b3ccc29b0,0|27,admiration|neutral,2,5,0,2,2,0,True,True
13063,7fa56ac57beb83fc9af55e05bf6f86a031437b042e4413ad8167637b39efbe4d,22|27,realization|neutral,2,5,0,2,2,0,True,True
13094,9579cef593f8f0e067c94100441218e65860296e03ebb42c3d30aa96c29fcdb3,4|27,approval|neutral,2,5,0,2,2,0,True,True
13100,5bc3152b917dced04743bff2c0cec7b9f756cb49239600ba6d0ba3540ec362b2,17|27,joy|neutral,2,5,0,2,2,0,True,True
13140,b359613b430170d118b574d1d083bb1e41a6b74e603f415028f02213eef2ba23,10|27,disapproval|neutral,2,5,0,2,2,0,True,True
13146,57e3b223f52f6ffd988f19a0112ef332e5ccedcc725397b6a5afafc13face936,25|27,sadness|neutral,2,5,0,2,3,0,True,True
13177,2f3f7d9263ca7b12c5cb94f3bd54cd9cdc12b0ed7f467861c9144bebf5c42719,13|27,excitement|neutral,2,5,0,2,2,0,True,True
13229,dbe673ff2b2afb85b1a8f5e13dcf14358d22ba29bb73f967ca9118be0cf2095b,4|27,approval|neutral,2,5,0,2,2,0,True,True
13379,cbe64e7efba2f849ca7608fc5df72c423685baae4b2ab0207bd73a240cf62515,4|27,approval|neutral,2,5,1,2,2,0,True,True
13420,996576ea832998398bc1e51404093b1be6919f9416f2ed6b0ddaf55145e640d6,12|14|27,embarrassment|fear|neutral,3,5,0,2,2,0,True,True
13501,78ea84362ac987249950effd043ed082319124389dd553d28f7737baafc6ab2e,22|27,realization|neutral,2,5,0,3,2,0,True,True
13523,d89d6830945c867f7e2dac9f7283e85f9fd9ab2b3cc0a4726ddf94640191723c,3|27,annoyance|neutral,2,5,0,2,2,0,True,True
13613,646a8ad670734ef03379f8070112e171af0505334b2bbf95accb4a0aae4d4f83,7|27,curiosity|neutral,2,5,0,2,2,0,True,True
13619,9eff88c9973576bb0e27abbfc0d9c21d02f040f96e70bf30d9c323fbdd311166,2|27,anger|neutral,2,5,0,2,2,0,True,True
13650,69aabc0257dfafa737f66d7b7c5b684c314a282c9e93b64dd9029a946c723dbe,2|27,anger|neutral,2,5,0,2,2,0,True,True
13693,ad7e1c83199133c092dc1b570de1640a6ddba2ada72964ce672c6405ae86d193,4|27,approval|neutral,2,5,0,2,2,0,True,True
13709,0467c29c43a03255afb44dc49519f2a075272e0f5c2ecc0505dde93f27b8a2f5,4|27,approval|neutral,2,5,0,2,2,0,True,True
13759,d3be298828b77d0579652af9849cb64169a69935d9e63a103f748bd44a67f3f4,3|27,annoyance|neutral,2,5,0,2,2,0,True,True
13769,b983aa67b96aa23549603ee93d58aef69dac2d234a461825e6f016a0d5423893,6|27,confusion|neutral,2,5,0,2,2,0,True,True
13895,643842eda33d4084f1290f0f315cf2773a46b1bf228aad2c5d53f3a15bbdca90,22|27,realization|neutral,2,5,0,3,2,0,True,True
13917,14da7e678a2bb7ea8e38d36eff017ca20225dcbd4cccd776fab0a5ef1af24865,3|27,annoyance|neutral,2,5,0,2,2,0,True,True
13934,b6d86539e62ba6cc26cab5c451f8fd8f4b6687c144a19f81796c12924daec6f7,17|27,joy|neutral,2,5,0,2,2,0,True,True
13960,95178ec91fd2e9e4bbea8cdea1b9e3b41070dab3775865675e64b07b3e687171,3|27,annoyance|neutral,2,5,0,2,2,0,True,True
13991,55f6dda698193e4da78cdb7d9fd0e86e6b6c8181775d63810c43fb610220c3b6,6|7|27,confusion|curiosity|neutral,3,5,0,2,2,0,True,True
14024,5de36bb31ce29c201ff8c124dbaacbf22869214521ba066224dc531430ec876e,7|27,curiosity|neutral,2,5,0,3,2,0,True,True
14031,b91b11245ce0e70dfde38f298832da33a04155d65b07380d6348c61ecfc06059,0|27,admiration|neutral,2,5,1,2,2,0,True,True
14053,4431afda4f614a8030a39507d638102d932d00da0fdc17a148bad75107b88c3c,24|27,remorse|neutral,2,5,0,2,2,0,True,True
14087,68537cb257e9cce5f1468aa6e7f64515afc495ce93046f5a5705f5f6de9daee4,12|27,embarrassment|neutral,2,5,0,2,3,0,True,True
14099,0ac5fbda2e429cc936abb552681ac50535a3a31123563f478cf82163539fdb66,20|27,optimism|neutral,2,5,0,2,2,0,True,True
14129,ec806870ec72e2c2ec615f747309bb2f56f08a89319e3123d90271400ddf103b,3|27,annoyance|neutral,2,5,0,2,2,0,True,True
14146,fc67e67b773ab2bc344c90a8668a042d3296d849295f6ab7c73153ff7390e596,5|27,caring|neutral,2,5,0,2,2,0,True,True
14161,b402d28c3b5f6088bfcd1df3d8e2b7f48fab6381dc359813495a66836155407b,25|27,sadness|neutral,2,5,0,2,2,0,True,True
14171,beddc18880fc5725ec4b5f8269f88d2490eb40e7f44855608ec6460291fde89c,4|27,approval|neutral,2,5,0,2,2,0,True,True
14193,8fbca4ccb625ebb0d9f7e18903f3107830f7f51b99b65438d78ada02f9e00ea1,3|27,annoyance|neutral,2,5,0,2,2,0,True,True
14239,43c99efd98260238f585befcae3ebc75866ba8f82a66a7a6b8e22071f82b6db9,6|27,confusion|neutral,2,5,0,2,2,0,True,True
14261,0d3f49bbfb075a8eb8f5726155bd90a01744ed1a0aa5d15da25d864a05728d4e,3|27,annoyance|neutral,2,5,0,2,2,0,True,True
14278,ef5c316e6ac93e9dcd39c0aaa39d01e6e688a41a12968d3247b95acd1081fdbf,4|27,approval|neutral,2,5,0,3,2,0,True,True
14283,df382bbf7b17aa746140e80d2a77b1660947cf33d4bd52a8bff6a8e531bd4d24,8|27,desire|neutral,2,5,0,2,2,0,True,True
14350,b71319d553700e6fbbb2f7bae6a1db1e83535e576d3bbcf50c7372d7e3b8cc91,25|27,sadness|neutral,2,5,0,2,2,0,True,True
14357,70cc4d5fbbefb62051bf1ded2661816a821bf210545a5ca0156cb4f56c24a04c,0|27,admiration|neutral,2,5,0,2,2,0,True,True
14371,d447dc68164604208171ba89aae6d72d02ab0817c5465bb618b8ccd07a2fa045,7|27,curiosity|neutral,2,5,0,2,2,0,True,True
14379,a17ee8d291eb874278f5efa2336279022879e7b77f3a047545a43cfb1b48b1d7,5|27,caring|neutral,2,5,0,2,2,0,True,True
14389,04b2fc2a9700be6d2e38513c3091b959c988e5a4d7b9c5f49fdb3382dd81d8cb,26|27,surprise|neutral,2,5,0,2,2,0,True,True
14391,89f5ada5da1c2a7c990e557ce54c9ea83b2e77297693f8ba0dc1c15ab975c2e0,0|27,admiration|neutral,2,5,0,2,2,0,True,True
14471,a795d05e9971f22d87c2b7f503ed644a6639c9a4df9acdd789dd7d80cdef7beb,6|27,confusion|neutral,2,5,0,2,2,0,True,True
14486,cd527a42edd09c23925befc6772a53eae299cf318b78daa88ef8d47a8fd7aadd,20|27,optimism|neutral,2,5,0,2,2,0,True,True
14631,765a9d2d8ee342a5516b4154e195c5a8ffc681c98c10bf7827574273d2377798,9|27,disappointment|neutral,2,5,0,2,2,0,True,True
14707,895d4c4918bf7db14862f70ca5ec2da7846ba9b7ad2f7858e5d5376ad98652ee,18|27,love|neutral,2,5,0,2,3,0,True,True
14731,b5f14759ca21cee4b80c2268fcaa72c78005d8e7594460b19f6651ca2f6b7a3a,5|25|27,caring|sadness|neutral,3,5,0,2,2,0,True,True
14847,9b6a5864d1497d7645f273204ccf7fe06ce8adbd519c0aae3b6063bd5a335027,2|27,anger|neutral,2,5,0,3,2,0,True,True
14870,cf4c62931133938e28ac9d7613dab8cebb03e7ce518ddbd7c57cf03e0972a997,3|27,annoyance|neutral,2,5,1,2,2,0,True,True
14895,5b01d173f535bca2e1da01a82c8c15347dd891ee1543e3194b61ecb17183dca8,7|27,curiosity|neutral,2,5,0,2,2,0,True,True
14908,d20b333408024bf04cbf683d3a33196d60217bc3ab4d1d35b528a328bd522e29,8|27,desire|neutral,2,5,0,3,2,0,True,True
14929,ea6897e04b1f4c0dd7d451e3af5cf78d3d80f71d637386340ccdf2fcb0268f2a,7|27,curiosity|neutral,2,5,0,3,2,0,True,True
14937,95851ea2c83a22c5972032b99dbda1e0a380f54261c7d3abf9b24f2e70eea3d9,7|27,curiosity|neutral,2,5,0,2,2,0,True,True
14983,aa0d487944db88db4bac5acd7b318d935220c4cbb86cdc292c59344e98906f8c,13|27,excitement|neutral,2,5,0,2,2,0,True,True
15025,5c7a3007423ff19c87a13bee30c0bee3b3fc926efb7e2f765694220feeb7244a,10|27,disapproval|neutral,2,5,0,2,2,0,True,True
15050,6ec70b8e137b5e87198bc0f882d0fee41c72e7f1e7ebcf79973deb267e379fa4,6|27,confusion|neutral,2,5,0,3,2,0,True,True
15120,6efa2e47aa4e4f8e71664cd602c1ee669a6ab38932b8285ffc3e92a001a6fba7,20|27,optimism|neutral,2,5,0,2,2,0,True,True
15121,dfe78e174f531c955813f99d9eb57d9945059d564e828763db93a2e3bc6df6a9,17|27,joy|neutral,2,5,0,2,2,0,True,True
15169,31d7691d675df42c970f64c31c9eb087f53647154c9f46cd514ff9d171362a51,6|27,confusion|neutral,2,5,0,2,2,0,True,True
15228,5443dc96923c8a048a52363360a59d4b6b3d050865e6788dfe2443c6e06613d6,8|27,desire|neutral,2,5,0,2,2,0,True,True
15297,7809076d7a2b260430337a3fe509ca1a150de1bb1afebcc6f07e1cb1cfdf1d93,10|27,disapproval|neutral,2,5,0,2,2,0,True,True
15351,a9405f214adffafb03fcf2bff0068deaee87bf67d64bc1e1542e6fbf82de9533,25|27,sadness|neutral,2,5,0,3,2,0,True,True
15403,ccbc6c859c1066d402d52b1c1d5b8201ce11597431f1a7f2bffc7943d51a9a33,5|18|27,caring|love|neutral,3,5,0,2,2,0,True,True
15416,7a68209089b59d68d5780638cb40b3d3188e8b8c96717d711e98829224385344,2|27,anger|neutral,2,5,0,2,2,0,True,True
15459,836a50fa57436bbcffa84250d47497cdfb581e3fb3b72500f040b0a826badd21,4|27,approval|neutral,2,5,0,2,2,0,True,True
15482,cbc07720be28b44fc9468918251cf1aa5a63a7847a0900ab71feaa3a305d8df0,3|27,annoyance|neutral,2,5,0,2,2,0,True,True
15518,7979b665a7388149a5d8d04e8aa2ae195a72f1470207c7220172ef7e551171d9,22|27,realization|neutral,2,5,0,2,2,0,True,True
15543,c7b936cb150a64f9d49297d4f35a72096de10d2c9a59de5441a68c276a2abea1,7|27,curiosity|neutral,2,5,0,2,2,0,True,True
15580,4c4efd656bd51240f0ffc76b5576459aa01ec067da8d7cb8e3f8d776af80fc4d,4|18|27,approval|love|neutral,3,5,0,2,2,0,True,True
15606,9bc05102741258c50029f3e802f162949a5be0280f7e848ec7611699a9deb77c,3|27,annoyance|neutral,2,5,0,2,2,0,True,True
15619,3ff905e5632294ad3ad425d831e0b99233cf3d7b1057f857dee829bd85e3d5eb,4|27,approval|neutral,2,5,0,3,2,0,True,True
15688,d029fb43dda5693bd509c3f0032e89ef5a5d4f7bd348950595cd2b3fcbe0cc21,9|27,disappointment|neutral,2,5,0,2,2,0,True,True
15715,24c7ac1ed28cb21bdec5780fe3f94950fe5ce4b4862cb69f6c58138040dc06aa,18|27,love|neutral,2,5,0,2,2,0,True,True
15726,e4a10857b2b8a3aeba1f16d99040d660e4a8d5739cdd64f54c368888d1dcceba,9|27,disappointment|neutral,2,5,0,2,2,0,True,True
15754,5c43a5fed369c71bcff1f203167104977101e4c458c802cedd444987b4f96a84,4|27,approval|neutral,2,5,0,2,2,0,True,True
15804,ed954ad2e2086e062a975dc71b8a1c81c70683ee840cec3a8ee01cf11218fed0,22|27,realization|neutral,2,5,0,2,2,0,True,True
15817,0ecffaef1db85452ce7026b0ec99ab352816078840b5a7b4cc35f16492563729,8|27,desire|neutral,2,5,0,2,2,0,True,True
15832,831a3f7be3b1cb2ef9d56fc906c7531cda95615ddaaf6c9054afb84f178780ed,10|27,disapproval|neutral,2,5,0,2,2,0,True,True
15840,b54a424c86ea4d6e68d42dd6a6fa9d4a973f1b9159669cd7c76bfd945ea148ea,1|10|27,amusement|disapproval|neutral,3,5,0,2,2,0,True,True
15889,ed001cbe8f1622e2f1dcf6491b6336942643c7001338072755ef7214e7fdac6d,14|27,fear|neutral,2,5,0,2,2,0,True,True
15903,245db387eab8c3b145d12883f239bd9a9452301db616a5d311491645330cb4c2,25|27,sadness|neutral,2,5,0,2,2,0,True,True
15931,14b4b3e991b2767649834ea746febd2b334a536f6fc9bef1f68647809715636c,10|27,disapproval|neutral,2,5,0,2,2,0,True,True
15962,f49cc2d6dca1d9f38d9b5cd7c414772beace0f2036b507ef2d848bf2049d2c67,8|27,desire|neutral,2,5,0,2,2,0,True,True
15968,982aa66c682ffa054e9da6eb36c90b27f290e27995b6fd6d981c9068132d3532,7|27,curiosity|neutral,2,5,0,2,2,0,True,True
15972,3c797a0567b2e817b7530cc24ff9b4479fb3eb1793a754577bd049a6ed435afb,0|27,admiration|neutral,2,5,0,2,2,0,True,True
16018,16aa1eacb422224950eb4ee8a8fd66afbc4d474bd4d5d24a82e51a8e431d534a,0|27,admiration|neutral,2,5,0,2,2,0,True,True
16061,b5088d8cf8b7362bfd15ec664591ddcb8d30869a0fe4d12e02e56236255707ed,6|27,confusion|neutral,2,4,0,2,2,0,True,True
16062,7175cea0cdc18597bd0236313181d10ef01f02b22de1540cbd3b43221ea4cc1a,11|27,disgust|neutral,2,5,0,2,2,0,True,True
16082,5f3a3a3738a29503f825bc23df5374f6a03e9ff580d45f1bb22a7b1e1da2a316,19|27,nervousness|neutral,2,5,0,2,2,0,True,True
16232,af458545c394fc6c497453ea0c8dc3e4f11cb1611ef91f1242577f4b764244d5,10|27,disapproval|neutral,2,5,0,2,2,0,True,True
16255,dfdb0470667807c5f0000f12486beafb11dd7446c66bdecd254c302d3991695e,4|17|27,approval|joy|neutral,3,5,0,2,2,0,True,True
16268,c75f19e375089008f6e2e1fb76f219a73d38d000f84754f62155e8cc8d64fb92,2|27,anger|neutral,2,5,0,2,3,0,True,True
16270,e993910a1084f73bf923debbfc79bf83ae2b7faea602d249862d9baf2bc09e60,9|27,disappointment|neutral,2,5,0,2,2,0,True,True
16280,50526337fc5cbbfaca6b1be659b64f5b9a02904d1ea41294424b3782dd159d5d,10|27,disapproval|neutral,2,5,0,2,2,0,True,True
16282,492a69a8f48a8fa068da7497674225f3fdefb267bc35c006efde9f9035b52532,22|27,realization|neutral,2,5,0,2,2,0,True,True
16359,c4e1da84c7f98d45c01bfb00f83d1d91d018d02605ebea070f53ce37d76ff355,13|27,excitement|neutral,2,5,0,2,2,0,True,True
16363,83a3d1b6a0843691b890ed7e94716227d8505165d9cae247d0201a68e10c5c6a,18|27,love|neutral,2,5,0,2,2,0,True,True
16389,8cd15ff58b8b1fc968ea46a1ebbcf70a41c22362878a0b7bf00719527d1f1a58,4|27,approval|neutral,2,5,0,2,2,0,True,True
16445,019f9040124d909839d39cb63f8d9f4418827dda91c5af9594738b459e5c7de5,4|27,approval|neutral,2,5,0,2,2,0,True,True
16517,31267674869cea9bd068cb59a012ffe609dfb107b29f7373c4f5b054b97495be,2|27,anger|neutral,2,5,0,2,2,0,True,True
16595,0316e99ecea1f49f4a43148564e758e84015b84f4e6ec1ba68221eb3174fc34a,22|27,realization|neutral,2,5,0,2,2,0,True,True
16632,cba406c722f2a206fb36f9d444a6a19686a16c81e145fcff0fc1c218b4a31cb8,2|27,anger|neutral,2,5,0,2,2,0,True,True
16640,04e27f29ac3bf8aa5261e5ef7d754e366ae3c53e6905d1117e8c5fb407a141a7,4|27,approval|neutral,2,5,0,2,3,0,True,True
16647,bd56fc1826d9480ff96a453f5bab4fa76e66736323c298ee4a84f9dd223eb66f,4|8|27,approval|desire|neutral,3,5,0,2,2,0,True,True
16688,0f810077f70ff7c11c5d8c0092fe1f2579e04c99bee5d0716a9155b65446b1d6,10|27,disapproval|neutral,2,5,0,2,2,0,True,True
16702,4bb2823bf1bdc0697e6b1a3966c47e12985848d87f28adc95ab45d802ff84266,14|27,fear|neutral,2,5,0,2,2,0,True,True
16715,62e0a0587a29f55913ad1ee7158a61771d7a699103f860d271e197a9695b1dc0,3|27,annoyance|neutral,2,5,0,2,2,0,True,True
16742,c044d1091964af9799c09c154296e36968dbd173f0972edad3554253d1e270b7,5|27,caring|neutral,2,5,0,2,2,0,True,True
16753,b5be9dfd31f90d8b5bf5b63c7f4c24d0a2bfc0cb7208ea9f08406485c793dd64,1|27,amusement|neutral,2,5,0,2,2,0,True,True
16763,9384652f962ad9d85bbcf40917f1d831d0bfdcd04e92ab8f51ef8debe0882cf4,4|27,approval|neutral,2,5,0,2,2,0,True,True
16764,26575abc4746c25baf2df9c65fb77770fa660c57c6cebb691059698aa528c4e4,4|27,approval|neutral,2,5,0,2,2,0,True,True
16765,30757d81959bb15fee93c500c1bf3ce0550ea6b71645ffdc7f0618152765b4cd,17|27,joy|neutral,2,5,0,2,2,0,True,True
16779,bffec4bb69e3071d379327fc5ce615aace3cf63fbce678e8820e1300a17cba68,5|27,caring|neutral,2,5,0,2,2,0,True,True
16796,714cd5385f57e55ea432386b362773c92f8d71309d85d38af960f3964b1cb41c,17|27,joy|neutral,2,5,0,2,2,0,True,True
16797,0742a79acd60248e6750d850538528d17d1ec2ed5b7112fb29a4f302050a4017,4|27,approval|neutral,2,5,0,2,2,0,True,True
16844,76a84d72257bf42270c0e3587a2532e783d1ce280c3c4e5de40b2ae13f7f24bd,4|27,approval|neutral,2,5,0,2,2,0,True,True
16925,7b1f16ba435febefbbb8de68955e6396a2ed5b9d9508369a03d7190aa210b6d3,10|27,disapproval|neutral,2,5,0,2,2,0,True,True
16937,05716161ca863999ab1f9cd3b2c8a3815b6c2248e9ead7f439d3fd715677d7e4,0|27,admiration|neutral,2,5,0,3,2,0,True,True
16943,438df745bf1c5f26762ec211f9f02e04a65f8e997181368df66260dd89c2df65,1|27,amusement|neutral,2,5,0,2,3,0,True,True
16967,2bd01708df088505ccacc83a5111b151646c0d6bfc5e712f2fe120d9417c394f,5|27,caring|neutral,2,5,0,2,2,0,True,True
16973,38faa063b687501ff3c02e5d1d02dbd65a1e2e3947503c0d21b9b4ddbfa92e36,6|27,confusion|neutral,2,5,0,2,3,0,True,True
16998,71d7976e2ca7836d16cf3ca219539f16084a5a72db4266acbb856f4318ae8628,4|27,approval|neutral,2,5,0,2,2,0,True,True
17017,776620622c175b69bcd29e9a1598b3ebb022dbbb8b43165b995bf3e65be3e7fc,25|27,sadness|neutral,2,5,0,2,2,0,True,True
17033,e3726d3b110c928e111b5f4619f7900e80f13dd524f9d9b1a7a8aefc304946f6,5|27,caring|neutral,2,5,0,2,2,0,True,True
17068,5653586e29ec1209cd42924ec5402ae0f82fdb77fd83f9807b22c5de224aa5bb,6|27,confusion|neutral,2,5,0,3,2,0,True,True
17074,4c219442050df776bd2d77255e0b1b5f64190872bc063eb8a657261f8c7c7d21,26|27,surprise|neutral,2,5,0,2,2,0,True,True
17083,365a6799804dcf07ca57ccaf7868253d5bde763852db4cebedc7ddf30d15e603,10|27,disapproval|neutral,2,5,0,2,2,0,True,True
17112,50f0a57858ce9ac739a445ee55ef2bc91c4e9b3bfe6c744335b125d15129f2f8,10|27,disapproval|neutral,2,5,0,2,2,0,True,True
17143,21befcee05c2fc9e8742aff874345560ab8108f177ae85d7c0e0e247b3dff6bb,26|27,surprise|neutral,2,5,0,2,2,0,True,True
17167,91f4c620b82199ac46ff7697dedd72d42211b22938b3bcac51224f4eb7b7f89a,3|27,annoyance|neutral,2,5,0,3,2,0,True,True
17170,4e2912dee4200e9d34248e6c81f019ecd0912cc4e3513e1663e87a1094b81167,25|27,sadness|neutral,2,5,0,2,2,0,True,True
17212,f5fe23e45ca78b64d7ba783b4344fc53740e1f54c5afc6b50344a28764c2515a,9|27,disappointment|neutral,2,5,0,2,2,0,True,True
17218,3b2dffe088b33e27fd4aba9898cf846a2bbed6a78af80488bb56304fbfe635d9,22|27,realization|neutral,2,4,0,2,2,0,True,True
17228,d939f65c3b6a60d73e30320c2d55bb48a4bbd504acb3e6cd1b93974259aa3793,4|27,approval|neutral,2,5,0,3,2,0,True,True
17229,c0fa165ab2b222a44af1991161b81e40686b5d287be77841fc90d08609198a8b,2|27,anger|neutral,2,5,0,2,2,0,True,True
17232,5695624ac6259227f0c46caed5c0cdb9587712ae295ee239ddb847e2c5633c5b,4|27,approval|neutral,2,5,0,2,2,0,True,True
17255,a360e3debb48e818c324d6e4baef207ff7ecc34e67ead8cb88cccaee8c0148f7,13|27,excitement|neutral,2,5,0,2,2,0,True,True
17272,29666af232bcd9d79d51f68abc9d68e7947bae16f3b8869780d2ef9a6cb49552,7|27,curiosity|neutral,2,5,0,2,2,0,True,True
17293,f09ae6251e8b61e28f6e5c72f8b1c3fcaeac3bd2377348ec1c811c6b4e5d5d81,25|27,sadness|neutral,2,5,0,2,2,0,True,True
17327,82c1cabc5561a6bef3180b95674d2d0f94091379f008b6e07fabbacbc8d9d256,8|20|27,desire|optimism|neutral,3,5,0,2,2,0,True,True
17458,aa29e1036554264fc810a274233fcbd09880e8104a8116d114b93694a3207ec6,18|27,love|neutral,2,5,0,2,2,0,True,True
17522,b91d0d0c011cc37df29cd41acc6d5298cfb97816395a207e46f5d4496bf2290f,7|27,curiosity|neutral,2,5,0,2,2,0,True,True
17550,9ec79da7453234857fc62a224da5ca5b8137025e8e220c749a8a4ab068a7ca0b,7|27,curiosity|neutral,2,5,0,2,3,0,True,True
17619,55cc8f35625ab6451904358a910af9c0d6f1889b7906df82862641a368ba875a,22|26|27,realization|surprise|neutral,3,5,0,2,2,0,True,True
17653,04ca28524deaa3660fe88a0fd62988729dc0a7a440576f69edc641b2f2fd9929,1|27,amusement|neutral,2,4,0,2,2,0,True,True
17710,babc1c3a9162cf75d22d1f503c3234085571db54dfa2f95e97e9c0a7a1065540,6|27,confusion|neutral,2,5,0,2,2,0,True,True
17735,aaff08dd39054ba154dcd79ab4c5db9df1235048a15987be985ebb05e45824ad,0|27,admiration|neutral,2,5,0,2,2,0,True,True
17749,9d3737c00b9d33a8911d4316ab2b928b1d832afef247a542efab47f84a8f341b,7|27,curiosity|neutral,2,5,0,3,2,0,True,True
17797,5e9c86d179e67bfe923fafc20e11ce8758ab8a88b30a8e539b960ec16e2c9f95,9|27,disappointment|neutral,2,5,0,2,2,0,True,True
17867,27622db9d38d89eaa263b1c1a8402af461ceb6dc94596206783b166828ccc287,1|27,amusement|neutral,2,5,0,2,3,0,True,True
17880,414b04a96e45a6902376ac1da90b6f3a572d547e6044a508ba1852e39de8cab7,25|27,sadness|neutral,2,5,0,2,2,0,True,True
17916,bd9552f42cc7842e3f5c6052d53ee519ac54681bc182e2d1f5890afc3d4b6f76,22|27,realization|neutral,2,5,0,2,2,0,True,True
17928,d0f91ec6c2f69a96824a6933406333de684fa7d8b2a14a73afc953bc23833160,18|27,love|neutral,2,5,0,2,2,0,True,True
17946,8e51906910f31a31968b1c8e749926d9ea8c47f1032b279bbfebb6ca84ee68e4,18|27,love|neutral,2,5,0,2,2,0,True,True
17947,95d88a36ea3eb79560ce90708266eac31522363eb92d2d134f5a82d4b5743316,0|27,admiration|neutral,2,5,0,2,2,0,True,True
18013,0f5e61449c464d108b51da33c40cec4c71d954b2e1bfb4a6d779e9300a023ace,4|27,approval|neutral,2,5,0,2,2,0,True,True
18036,3badbca4d1500226e11cb9a62d9732fe115afdfc057f4cc4f40d62fc4d9adf6b,3|27,annoyance|neutral,2,5,0,2,2,0,True,True
18037,5f368d37e3fc185b1564649e1807e3e1874acb321b48d3bbd7ef15daa723628f,23|27,relief|neutral,2,5,0,2,2,0,True,True
18070,7fc352f99a5dacfae20e77bd8ca41f28f4004aef501fe4277a116b3f9acac5ef,10|27,disapproval|neutral,2,5,0,2,2,0,True,True
18079,5186f20b4217295a615b661268ecc410f5624911f69ce695c301f253b235fc1c,6|27,confusion|neutral,2,5,0,2,2,0,True,True
18143,21f5184fa54fcadeb10762a531558db8e4207be5658a5f1705ad1191c3f905f4,8|27,desire|neutral,2,5,0,3,2,0,True,True
18206,5a992c395ebb4ac07adcfa2560222f15e904f56d7dc15f7a4a877d5e2fb02a39,7|27,curiosity|neutral,2,5,0,2,2,0,True,True
18232,68209b67b8b8333e4ce3d81fe241cba5cdcbbc8d0e944c224b740ef2747b9533,6|27,confusion|neutral,2,5,0,2,2,0,True,True
18314,8c9ebef34767e2f00faf858ed5d0b82a83806dc1bb2cd342c332af539553ca42,18|20|27,love|optimism|neutral,3,5,0,2,2,0,True,True
18329,b888f58a15519e0d4ea7ce8bdea0a4c39ea100adb6cb3feeff7ae543682ac978,21|27,pride|neutral,2,5,0,2,2,0,True,True
18355,e88a527368e78cc755cacb2559292501256589e60f3c4dff84869ca05190e4f5,17|27,joy|neutral,2,5,0,2,2,0,True,True
18356,6c707ffc0481f2caf0ed211ea7c109255ef111394f68cdd38fdd84371ea3e6cc,22|27,realization|neutral,2,5,0,2,2,0,True,True
18491,8e83c20aa5e1ec5f738fc5334d554bc59187d5992e72dc649f21bdd5b3db3c13,4|27,approval|neutral,2,5,0,2,2,0,True,True
18499,dec4b960849ea2ac88c18b5d8598a5ef60c32039057c5b4d1d2a1b8523e316d0,3|27,annoyance|neutral,2,5,0,2,2,0,True,True
18530,93bc524eadb7218a872e787afd9e59fe082ede3ba2fab3802c5616c7da87097c,4|27,approval|neutral,2,5,0,2,2,0,True,True
18622,80918ae26d71f7050f551dad31b089db01eca8931ea38b6e8265555d3c4d9d16,3|27,annoyance|neutral,2,5,0,2,2,0,True,True
18702,88ebd34cec4bafc7c1ccaa71cc901cf6d879358ef02d984b10df4a7a89587ae0,4|27,approval|neutral,2,5,0,2,2,0,True,True
18715,de0b7a84ee5f3feedefd3781be604e92c7ffaa0e344eb974686d90218d293180,1|27,amusement|neutral,2,5,0,2,2,0,True,True
18735,c25ba48db763fa1197f268313d70407af676667788c2946e566620eb4015c4c1,3|27,annoyance|neutral,2,5,1,2,2,0,True,True
18739,2ea4c32ede6c96d69efc753374f5fa3c933634c2b80e45f76be5c2d9c80681ea,4|27,approval|neutral,2,5,0,2,2,0,True,True
18745,752e677eadf3c4e0e1be62453172fcf37b2caf93a566e1dda4335ede4d87eab1,26|27,surprise|neutral,2,5,0,2,2,0,True,True
18749,6571afe7ce85352ca931736a56dee02a2688a1fe8238f6c2e63e2cbbad5e7f3d,4|27,approval|neutral,2,5,0,3,2,0,True,True
18801,18c9662f3ce1e46d2c1e3f4082dda23df7ac1c75064179f5128aa7f3bf198d0c,3|27,annoyance|neutral,2,5,0,2,2,0,True,True
18807,73bf6ae4f5248a0ad98cb41e26ff24e4647e3c2d3a54848f3270a65d58f088c3,3|27,annoyance|neutral,2,5,0,2,2,0,True,True
18820,f765715514ddf3d432922712b72547c8a34cc6ba30d4b87bd2d8d6e1474c0b0c,11|27,disgust|neutral,2,5,0,3,2,0,True,True
18843,e2829ca092d9fc5923f910fd80a7950108053c845541b9266fc69db36063805d,25|27,sadness|neutral,2,5,0,3,2,0,True,True
18856,56cc29ecf237417bf23cccacd18c4dcbe16085823db06a2c5879ec0a96994dcf,4|27,approval|neutral,2,5,0,2,2,0,True,True
18872,44df344de758a9c2e969dc91ea61c861f7787cb9d6162eedd755210736d1de52,22|27,realization|neutral,2,5,0,2,2,0,True,True
18881,69b5cc9ed3ca29b52884368be543408083d6f078ee6f2a426f3ae9f4df539067,21|27,pride|neutral,2,5,0,3,2,0,True,True
18936,2fa6ebde508ca64a6eb4d5ca60cb9a33eaa057ab60c26a7c6ee635ede7ddbc83,3|27,annoyance|neutral,2,5,0,2,2,0,True,True
18941,a238be357f340df003ed718cf0a7cec3caa0185a2b2702fc30068643f201e34c,4|27,approval|neutral,2,5,0,2,2,0,True,True
18981,2ba9b5192a8cb1e620565efc439ec1c85db9a361a1ea53d3df3dd9fde55fd487,4|27,approval|neutral,2,5,0,2,2,0,True,True
19031,2e75e94b27b903668a4dba39be5dc9f95f1105f5f5bcadbf8fd04d6c8060eb19,18|27,love|neutral,2,5,0,2,2,0,True,True
19052,f6c4fc3f441b6952de6fddbf10d0e351d063cef6f1b3c792b03675fe00f10db9,6|27,confusion|neutral,2,4,0,2,2,0,True,True
19061,0f3b9951e58c9c6e66a92ff550718ffb69966bd22e675d7e4374e300b60cb97c,10|27,disapproval|neutral,2,5,0,2,2,0,True,True
19065,000bcbabbf864fdefb07706e673aee809d707b84271d2b06417a3b9d84bc047f,0|27,admiration|neutral,2,5,0,2,2,0,True,True
19098,24d6377543e831821c42cb2eddad63780b9378c0273b097181f8853e2124b39a,7|27,curiosity|neutral,2,5,0,2,2,0,True,True
19112,8570121d2b759716dabbcf0aa407dca610810ac9431e0226b2cbb1c41fad26fb,23|27,relief|neutral,2,5,0,2,2,0,True,True
19150,19a4251b1b6490d2a4db81c3acad4ed3cc70549b321104bb69be176bf59b33be,15|27,gratitude|neutral,2,5,0,2,2,0,True,True
19175,a1761b752d5b19db178eb8f4ccdae2516c867705295adae0612dea8dda5f7b2c,22|27,realization|neutral,2,4,0,2,2,0,True,True
19184,614ab19512e60f7e81a72db24b86d7afd252a00facb8725d253078d1204a7be2,2|27,anger|neutral,2,5,0,2,2,0,True,True
19192,526a41499d2ec01c8449a242461e8bbd588c20d13b923c407674feb059355627,4|27,approval|neutral,2,5,0,2,2,0,True,True
19215,63ea0bd63809db98137c9fcbff1ed2d7917ceb93e562ad84099cab09255641e8,12|27,embarrassment|neutral,2,5,0,2,2,0,True,True
19239,2eac84f8703b05238510ae232986c9eece6b623c692de51fe14dbcf235678bb7,3|27,annoyance|neutral,2,5,0,2,2,0,True,True
19244,ccd29f37767777e1776f292e3b760af5ce353649bf03b4b4b9e1d183822f5221,10|27,disapproval|neutral,2,5,0,2,2,0,True,True
19286,b9e9cc76ffbd43bf4d7b93d3476fc454418e3b7d64e581a883f85f5464fb9a1d,21|27,pride|neutral,2,5,1,2,2,0,True,True
19290,8c322fe1bea1dbfaf8f10471525075e56e8eb7c1e0de489d516a1c7b58bd0b14,2|27,anger|neutral,2,5,0,2,2,0,True,True
19303,99bbb03efe59a43ac99bcce5b8de523cf8469b3891d581806dd86c7e9a102150,6|27,confusion|neutral,2,5,0,2,2,0,True,True
19324,473a7c06df8fb1f6454106e964d6cbcc96d6662c3075dcf731ffaf780f4e3fdd,2|27,anger|neutral,2,5,0,2,2,0,True,True
19342,f7e533fd23867859e34d7a95b348da2b0e320b876e7680bac6ac8c940ace0b39,4|27,approval|neutral,2,5,0,3,2,0,True,True
19399,20d61cd334273d2ecf8184e6e9ef61f0bda47768fd7d8a7d2a32734fb3de10d2,14|27,fear|neutral,2,5,0,2,2,0,True,True
19403,654e7725a7546c1a594c8b1ae5cf05e9d25a17d25c1c0f3ba1bb51b1de292189,4|27,approval|neutral,2,5,0,2,2,0,True,True
19408,a7a0b47428f7d966e2a3c72591a391e24f3a735f428f41e8a8a9df48ce16c811,7|27,curiosity|neutral,2,5,0,2,2,0,True,True
19557,487628c495a6abaf9f974e36baa5d8655e1dd4b8c7cce9304ab6d6ff0d91e5c9,6|27,confusion|neutral,2,5,0,2,2,0,True,True
19568,1c5baa5aa32c2acaf5ceb75f2feb450224f6bb38d8c5748039504967ae06427d,17|27,joy|neutral,2,5,0,3,2,0,True,True
19699,18dde3ec27221c9e495656225c51468bd959517be20f87bbf119203c642f756d,10|27,disapproval|neutral,2,5,0,2,2,0,True,True
19776,c9706e36869e1b2338d4c228fee4339e95fdcedd3ee4c52cc4c34bb8d46574b2,0|27,admiration|neutral,2,5,0,2,2,0,True,True
19831,ad1292f0dd32c8d47c7cf3a8fc6dfb162ddd0f8c6fbfb8ce1fddd1e5b28329f9,1|27,amusement|neutral,2,5,0,2,2,0,True,True
19839,1cc8a97705e843ede2362fe033108549ae7e42556307194ccd4cb6f3813d66aa,1|27,amusement|neutral,2,5,0,2,2,0,True,True
19840,d8265ffc4524ecf7671934af5b26140513a29caaa70669d8528c625c2f151a84,18|27,love|neutral,2,5,0,2,2,0,True,True
19895,c3321eca3f456a4c332e627fb7172115c41f41d6b46fb36f299251b4904a4877,0|27,admiration|neutral,2,5,0,2,2,0,True,True
19926,b4dd37eccd746d089022122b01a255d5d6931649bb8897c57bf1caa0575315a2,12|27,embarrassment|neutral,2,5,0,2,2,0,True,True
19933,d91c33a50a3fc78cf0c8bc9c55779d53dc405612da1a6d4f01f607991ccfab76,3|27,annoyance|neutral,2,5,0,2,2,0,True,True
19943,a31898b0da3ee79341fdfc3c073356318edc1bdaf95cb4010233874e5f5d9971,23|27,relief|neutral,2,5,0,2,2,0,True,True
20034,a567fe677891c9582f7333d18e9ccb9c3f23c1efd13b8d569dbce7da2705ea99,10|11|27,disapproval|disgust|neutral,3,5,0,2,2,0,True,True
20039,419ad7a77a1bff5cb4545bf43304e0e2b71b2e0df22251b4a368585779befeae,10|27,disapproval|neutral,2,5,0,2,3,0,True,True
20079,1510c9b90f7c9a5c209c53210bab43a4a16efaf9a6cb45f7f894571559b4c54f,25|27,sadness|neutral,2,5,0,2,2,0,True,True
20129,3a7cc866f1ea8870d815cca096c85ce317cff87958b9f55a89b1d0b4ca54e0fa,6|27,confusion|neutral,2,5,0,2,2,0,True,True
20132,a054a094a70df8b51e6d23f5814bf20728002edcfcd42f56f260c22410da32b5,9|27,disappointment|neutral,2,5,0,2,2,0,True,True
20188,82575f06b28d256b41ae7ea5423c1c6732d34e49e9f247b858ea350b6c8fcf1c,3|27,annoyance|neutral,2,5,0,2,2,0,True,True
20196,70a423199572d69a20ef6871a728e98109d1cb10c70c9f3eccbc4eb44f262af8,7|27,curiosity|neutral,2,5,0,2,2,0,True,True
20218,7c6d73610f5bdfa163c615282d9d47966395f1a7e15f67dd42294b7942647238,0|27,admiration|neutral,2,4,0,2,2,0,True,True
20305,5a0caa1a382346021e73d2fa9f54c6523063652468f029a6aba34ad5a0c1c9b5,0|27,admiration|neutral,2,5,0,2,2,0,True,True
20340,952ade1a0a323d9dace632a06e577f3008b44ca9d4deca49bb6e96a95baddaea,3|27,annoyance|neutral,2,5,0,2,2,0,True,True
20369,7c56b1e5c9d16d8ed1684d2d7a79e512878537b3996aea2e95b5744816a94ae5,20|27,optimism|neutral,2,5,0,2,3,0,True,True
20380,b919b2411536d2e0112db1d6d8b20b65c5f7bc20db894827337c931f584f7216,20|27,optimism|neutral,2,5,0,2,2,0,True,True
20409,aa94e37af3ff3a357aa74f21f8b53d08bf686c3e435824a2d027311ddacee185,2|27,anger|neutral,2,5,0,2,3,0,True,True
20440,9d564ccb71dd517e059e98cb6405231aa28784e21cfff298ed71f3c663f8f345,6|27,confusion|neutral,2,5,0,2,2,0,True,True
20477,388620835fb800cc68f67cd9d8adff79879ea5050be8a59eb3b822fe33c57273,4|27,approval|neutral,2,5,0,2,2,0,True,True
20491,5c6b92882ec2745c7f7c01d02de2208da1d4472355019271e8efdbbf9550c93e,0|27,admiration|neutral,2,5,0,2,2,0,True,True
20536,1f9b60d003dba27889cc44a7129b7f469dc66bd08d7c866a5da17912e783c1e7,5|27,caring|neutral,2,5,0,2,2,0,True,True
20559,59a8a8643e6ac9d97ed057336194cf9df1bb75d28b7107eff764e98fbff01bef,22|27,realization|neutral,2,5,0,2,2,0,True,True
20581,1c41f1ce8ec9668fccd0478d982b4033bb229c52bc88ec976e6390d69c4da6c2,6|27,confusion|neutral,2,5,0,2,2,0,True,True
20612,7fbf8deb245f430f9bbcd03a11413d8d8db722d4c72b6f93c6e18acc2ad462ed,6|27,confusion|neutral,2,5,0,2,2,0,True,True
20722,677add5ca77fb2bbcc9fee6b8fcc87f3edc0fe302e558d0c200683dd0c28f2dd,3|27,annoyance|neutral,2,5,0,2,2,0,True,True
20778,7fefc7609f7fde6d8863a2faf03c34cb85785e816a0a58983ff4c6a08d3f4901,20|27,optimism|neutral,2,5,0,2,3,0,True,True
20780,911a9294c2e196b4ef9c89da5d32de09561d1585cdeb7a5af307f06d7ee15c0f,4|27,approval|neutral,2,5,0,3,2,0,True,True
20791,449a5125a88139c80e4367a270f842c46847523d11a4d2fc0e59936b7cea20aa,26|27,surprise|neutral,2,5,0,2,2,0,True,True
20801,06f11ed92b3920275106a34350c48d6408cca6545f11768f44caf74d51d62cf7,17|27,joy|neutral,2,5,0,2,2,0,True,True
20827,7ff65cb54d214800d2ffa6c94efe8ce4bdace0419a288ca452fa628d523c297b,0|27,admiration|neutral,2,5,0,2,2,0,True,True
20849,4265784039475405ac23bea7c6df0ed73d78ea697223ab9fb003adc47fc9b419,4|27,approval|neutral,2,5,0,3,2,0,True,True
20867,bee10fe30957ece8d4f02f4e0a99c34c5db0bc5e56df5c9b5997deba62506059,6|27,confusion|neutral,2,4,0,2,2,0,True,True
20884,61017724ac682c76dfe9339099dce59ac7231ab787e1ff3af9b2023efe36efa9,19|27,nervousness|neutral,2,5,0,2,2,0,True,True
20893,c2023f53d3a5bf1793f9d7a9099d546383222d408b940703fdc9352ec6c16945,2|27,anger|neutral,2,5,0,2,2,0,True,True
20924,33d37cfbb3509d5d66331c6890705139979bc1e5fef6a991528ba79eba83b6ea,20|27,optimism|neutral,2,5,0,2,2,0,True,True
20980,7c13768c6e0c68187a5563337877eca0de375193ef38039312e4c1e1550ffebb,9|27,disappointment|neutral,2,5,0,2,2,0,True,True
21096,080c648a1ee263be6d5966c959f99395d3c144b2e28578550b7e12f1670eca1e,7|27,curiosity|neutral,2,5,0,3,2,0,True,True
21108,5083099b3be9c7e03e52fe206e583f33486439796ea6e0b873c303178cef9cf0,4|27,approval|neutral,2,5,0,2,3,0,True,True
21170,35715d68878c26a6406abcbfc9300f8843d628263e009cb3f41a43113739773f,10|27,disapproval|neutral,2,5,0,2,2,0,True,True
21186,ee92c3cf5cfe4513e727b0e9cedfa9fa49292f4d3f97dd1b4123b03f13f993c9,6|27,confusion|neutral,2,5,0,2,2,0,True,True
21206,d8064b23f456eed142b50181543ca0bf10dc183ac7129fa1ff07329c4c5a614a,4|27,approval|neutral,2,5,0,2,2,0,True,True
21225,86627172cfb14089a3cb6b8f65c395077b497123467fbecab24d30f0cd4bcc6e,4|27,approval|neutral,2,5,0,2,2,0,True,True
21256,5578243f07a9e918bbf3f39fc6edf1e6b17c9f59ca07b622b985a514ece4f747,1|27,amusement|neutral,2,5,0,2,2,0,True,True
21293,dbe14ad9517e07233bcf653f3939ed71c8abe2c5c878cef72199248a29bbc1cd,3|27,annoyance|neutral,2,5,0,2,2,0,True,True
21331,e37fe26390c912712f15139fb0ce5942f686d7a22330299367f61ea2e7d29c9f,2|27,anger|neutral,2,5,0,2,2,0,True,True
21336,23754fe2e0361721289d8cafaf51d2da04d427626a375db0824a6617c656d2ce,0|18|27,admiration|love|neutral,3,5,0,2,2,0,True,True
21344,fd92a9617587cfd1ab3a7f934a817b44e67e7ec7e53a57160a559d60dae8b03e,10|27,disapproval|neutral,2,5,0,2,2,0,True,True
21471,8344c363c8259f04535be9422047646d52d0c4a1b068458e46dea113f57a3589,4|27,approval|neutral,2,5,0,3,2,0,True,True
21502,94bf2d7ae6fa1fecfc5119d244f1949c3c1098c2396ff37dcbcd68b9012cf6d3,0|27,admiration|neutral,2,5,0,2,2,0,True,True
21532,b6d57ffe969d2841387a97073c0b2d5d20370ce717f8f9852c9d7955dbbe740c,25|27,sadness|neutral,2,5,0,2,2,0,True,True
21548,09715c7e52057ab5a9e42800bf5351e8be83a6dcd55021e659ddb745ccf8a6cc,22|27,realization|neutral,2,4,0,2,2,0,True,True
21597,72e68f2c6e4f8805f57f5104bb69aeefa942a14b57a73e7415ef97d1619085f4,5|27,caring|neutral,2,5,0,2,2,0,True,True
21604,05f3f5783436cd70641fbd3db143273faaa53511fec6eb5392621acbbd003f54,4|27,approval|neutral,2,5,0,2,2,0,True,True
21643,dfbd939cddd01920af0f09512731e22a9d3a32c0a0e2864e9f43df2e8bfda58c,4|27,approval|neutral,2,5,0,3,2,0,True,True
21660,e8c8dba503df5efaa02a5ee1bd0c262ba911ad57678ca710e622c9a0d69bd97e,10|27,disapproval|neutral,2,5,0,2,2,0,True,True
21684,2f78dd1e9135300a35330950b0e41614bc32259076a9709d12440cd30438df2a,0|27,admiration|neutral,2,5,0,2,2,0,True,True
21769,59ae3bf5185222a65fa08dfd4e7462e955969ecfe61e6c74fcf24aaec3ba9d93,6|27,confusion|neutral,2,5,0,2,2,0,True,True
21778,b57ac4d50afaa22c6c00cfc1e268260bc5c0cd9dfa65edc2311e82c3faf1c191,10|27,disapproval|neutral,2,5,0,2,2,0,True,True
21798,89d4e28a1e37fde4f7f8974bb0f771ce43e39d45fab59e2d0fccff7ea2003c87,7|27,curiosity|neutral,2,5,0,2,2,0,True,True
21803,c3ce8d09b15c8510de86471ef4b2e4b5c580977596f5df3dccc6cddd174641fa,25|27,sadness|neutral,2,5,0,3,2,0,True,True
21821,626214296196ab4e9c849c9f5e39282adfb4695841fab0c302fb43173f92bbaa,22|27,realization|neutral,2,5,0,2,2,0,True,True
21838,b10c06e0ea05a0ab491027b0ae6d5225484b6d065d9f656d02a30771635a0b6d,1|27,amusement|neutral,2,5,0,2,2,0,True,True
21841,d49699c564b206b757553caae558f0084c8c8f35eacc27c097002f3d71994013,0|27,admiration|neutral,2,5,0,3,2,0,True,True
21858,dc2061915fd8c2ff72c958e4e7628675829704e5d30c0283e8a495fa9098d800,7|27,curiosity|neutral,2,5,0,2,2,0,True,True
21883,ffcc3fc73bf44154f52fec0ab033d3373a190d6cffa99d5b8d56a3d8fb1ace7a,4|27,approval|neutral,2,5,0,3,2,0,True,True
21921,f66f796315d8bde8efaeee7e4e3f03502413f17b44205dfbca2759d6ca7ad6c5,6|27,confusion|neutral,2,5,0,2,2,0,True,True
21926,7773dd353c194fd6b3905a8098a804d07d3cfdbdb20cc7fd991deec7314914a2,20|27,optimism|neutral,2,5,0,2,2,0,True,True
21979,a65f809ded6f738f9a68e6e8960fea3ba482d5611825bdaa9572390d55f71535,8|27,desire|neutral,2,5,0,2,2,0,True,True
22015,e168475d41f10bd2e1b8345a29c9473e62b057690216b71846def4050c1d0ddf,10|27,disapproval|neutral,2,5,0,2,2,0,True,True
22017,f08b6b8788b7377401497209301ccbeab72bd2cb8cb4c815136ab6a0c68d00ba,13|27,excitement|neutral,2,5,0,2,2,0,True,True
22067,b9f396e7db8f317f9de0d6a9ee285aa9b3182e7d3bd7aea5158d8ee9d7ddc0a0,4|27,approval|neutral,2,5,0,2,3,0,True,True
22074,bd5508e636b1d90f3c0e5647e6af4e0770230d5e35a9e00eb4fd6705e8b72266,10|27,disapproval|neutral,2,5,0,3,2,0,True,True
22117,016a357d60feed9fa11b56e76f41cb9241890c5b7df9d83fc4f977d18abb5b32,2|27,anger|neutral,2,5,0,2,2,0,True,True
22130,732ef3d40a975eb94177695ba4b19468487ea553ac4122a54dd102787f17e9ee,23|27,relief|neutral,2,5,0,2,2,0,True,True
22184,10ddae10a1ba594b1964a8382f40e6554520b99c5a025477e270320c000323a7,13|27,excitement|neutral,2,5,0,2,2,0,True,True
22198,18ef5bc20953f4f9de33e225b68e34f4f9b8d1842a0c8934a3543bdb380d7b04,1|27,amusement|neutral,2,5,0,3,2,0,True,True
22227,1733adffdc057d569ee1aca4f84d8b0b11cb6860b3fe5c2763a4ee9f8d8dfb4e,3|27,annoyance|neutral,2,5,0,2,2,0,True,True
22265,f191a99f98f6ef08434c8f11e9f48925d54d349bbb29cd4ecd62561c0ada6d0a,6|27,confusion|neutral,2,5,0,2,2,0,True,True
22269,0d7a6c12b4b69dc8093620df8e6c43aa01b840a7b9b8f7c7c9dc96e59ff59187,26|27,surprise|neutral,2,5,0,2,2,0,True,True
22280,8451eb3d53baa504c3274e016abcaa918bf690199b5cab63307ec92a6f38e83f,9|27,disappointment|neutral,2,5,0,2,2,0,True,True
22312,27f829e912c1be43fe754b956174124e546883b23fca471d6a854335fbebc08e,0|27,admiration|neutral,2,5,0,2,2,0,True,True
22336,8dcbb876e9c7cf0990620a1294a1e9b8381e1db1e79f52c822a416f7073414a9,7|27,curiosity|neutral,2,5,0,2,2,0,True,True
22371,a10b91e249fe1f0d53d45b20c3dad0bfebf91a42b64dae5a299e9f960f72ff22,4|27,approval|neutral,2,5,0,2,2,0,True,True
22381,c673186005e64eca7d178531d24715c4d3eb11bedc784fc7058122085420d63a,0|27,admiration|neutral,2,5,0,2,2,0,True,True
22442,7ea350a0a0a9925c685932f52007a6fa7c0150f2b4b0b9125b72ae40d1738f34,25|27,sadness|neutral,2,5,0,2,2,0,True,True
22443,0dc250706fd7d8745f5fecd47086f2e379e11486909a847e231a07800b34f130,0|27,admiration|neutral,2,5,0,2,2,0,True,True
22484,cb1262636c04d7ec60079d510972db86d17ab7ddb7d86503a086dd40a11f95dc,7|27,curiosity|neutral,2,5,0,2,2,0,True,True
22542,514fdd6e1ac393ec98610f7dc104a232b20482f05f79bda5d42e8a1034f62c3b,17|27,joy|neutral,2,5,0,2,2,0,True,True
22544,6a3fa4e0088c7df0dedce363ac0488200f326279119af1db97daaf2c00081852,4|27,approval|neutral,2,5,0,2,2,0,True,True
22587,f873188b04ac31497c65b57f50337ad12b233701ab38514daa66b6e1a9f232e9,22|27,realization|neutral,2,5,0,2,2,0,True,True
22601,bfa6c5598d7cb56b3f91fd286ffdf21fc2563c242e1b857a5f1638fd770b9979,7|27,curiosity|neutral,2,5,0,2,3,0,True,True
22625,2c20a9b8743523e8057daec6ae2e4e997511eff2ca9cca92fbd81d6d2d161123,18|27,love|neutral,2,5,0,2,2,0,True,True
22638,31b8849dbf0fb572e8313964c64f3418938c2f99dec783bedb8969ce1cd604d3,7|27,curiosity|neutral,2,5,0,2,2,0,True,True
22691,9f568194bd33a3913a56fd1727bf20a1a250599b04dc4e613de0689b249244f2,7|27,curiosity|neutral,2,5,0,2,2,0,True,True
22727,557e5ee683faa8d297eb27ae08b6d152bf54f7de0ccc73f648e4e47f12f69de8,14|27,fear|neutral,2,5,0,3,2,0,True,True
22742,1289b67bb4ebf4dfe9844febfe4b0410b31cbe76a29e509e205d2a782b0f55f5,4|27,approval|neutral,2,5,0,2,2,0,True,True
22760,d3a27cd7921d606455073d82786e5e1d7b56aa81c5ebbcfeb80ab60fc2553d69,18|27,love|neutral,2,5,0,2,3,0,True,True
22799,f5bfbd16d8b2354781e0187511d5d5dd421c29eb146b370404742ab21ec661b9,7|27,curiosity|neutral,2,5,0,3,2,0,True,True
22807,c9b897cf98dcae5b8af956975a7b94198a1cc9a89b5dc909d28288cd3a51d5f3,4|27,approval|neutral,2,5,0,2,2,0,True,True
22833,a76dc3b0c110ecb46e9480c4cbcc46ba58284539a1306905ba130437dc99c000,3|27,annoyance|neutral,2,5,0,2,2,0,True,True
22881,e881a0008c230ce19382a449809664e8c99139cde3c1330a419a2aa1069707e6,3|27,annoyance|neutral,2,5,0,2,2,0,True,True
22923,1e3598d15115f6661b810146937e652b0f715b782af2190399fdb511505fa27f,3|27,annoyance|neutral,2,5,0,2,2,0,True,True
22925,2fc1e05f4cd2a50eda9d627670e53926044768cb29c74ad21f1840df29430b29,0|27,admiration|neutral,2,5,0,2,2,0,True,True
22963,3eb3b6c0b75d2223e8568f5959d4b87d41a81a7f11e63760c2036fd28e6c2ce7,7|27,curiosity|neutral,2,5,0,2,3,0,True,True
23066,e0b9a230fdc32d1cf086e621d31d8b5c1dff9c40c3b05914f844868cc6426cb0,10|27,disapproval|neutral,2,4,0,2,2,0,True,True
23091,f76e058931099f5143c31812979e73676e79ba348e04123ee36c02c36f9db599,7|27,curiosity|neutral,2,5,0,2,2,0,True,True
23109,eb2528be05c14c19ba29b80edc28c94b58d8c136235c062bef8ce5996fae05a7,10|27,disapproval|neutral,2,5,0,2,2,0,True,True
23115,7aef1a5ac74ee38edd627e8bb8910aab5afac7eb0fa610088778773247268af0,6|27,confusion|neutral,2,5,0,2,2,0,True,True
23139,876246010d263dcc3c48a286bef3a20a1816bc613c8f1979b046a0dcdc29828d,0|27,admiration|neutral,2,5,0,2,2,0,True,True
23175,d5e0ca69da2f73ceec744af4a2b8b09e887548e5ff9eaf690e40e989e88940f3,2|27,anger|neutral,2,5,1,2,2,0,True,True
23186,58afd5798691f1e56b95e583f57d244fffcca0b6cd16bf5e35f7f6275f32f23c,5|27,caring|neutral,2,4,0,2,2,0,True,True
23241,23bb75fc7d7b7ca7838f1cedb25f46ca8acdd9564165ab824c8b48b94c7120a6,23|27,relief|neutral,2,5,0,2,2,0,True,True
23245,4e944fa5a704ea7fbc3bbdc0f6ac435fa3fa7de3cd107643842b2c6b9d8efc73,3|27,annoyance|neutral,2,5,0,2,2,0,True,True
23291,07d8cb239f3188c6fd20344e2d12fb4874be01ee42813a2c29db438dd9ab545c,2|27,anger|neutral,2,5,0,2,2,0,True,True
23307,3c3b4a572cd78d5317ceaf768beb7399d2db355987a0228aa871daf19f41fecd,4|27,approval|neutral,2,5,0,2,2,0,True,True
23309,bca3170b55b53e4af858b97500e9a305c4abb45cc1e3d4321ac1ebb7a6594f88,19|27,nervousness|neutral,2,5,0,2,2,0,True,True
23330,430dbe0be6a6696a244a64e29283cf959c711a6ffe46bd701d4009a3727e5aec,5|27,caring|neutral,2,5,0,3,2,0,True,True
23336,703690c5f6297afe37a3615371be1d094aa82871ed8d3b77945895130cc49552,5|27,caring|neutral,2,5,0,2,2,0,True,True
23355,bed714e617ac49ffef95af82eb1d04991fd86b060ec93a7514c4d405b57fb86a,22|27,realization|neutral,2,5,0,2,2,0,True,True
23358,721a7d0fccb09ffc2f44e261ffa831d27baaf2f5941a07adc7dfb11513ef63be,7|27,curiosity|neutral,2,5,0,2,3,0,True,True
23434,7f701a064c8a550cd4c2b4b662cac40e081d837eaa8c06e7f4e68be8891a62c0,9|27,disappointment|neutral,2,5,0,2,2,0,True,True
23463,dee158228b6efdfa01a451d0b76ea647a788daa1dc18e521e1ad15c06b668230,7|26|27,curiosity|surprise|neutral,3,5,0,2,2,0,True,True
23510,23a397e1b6526fc8cdbf1d7ec8fba8bcb826d79ac2b6f3fe4ef84a006aaca5a5,2|27,anger|neutral,2,5,0,2,3,0,True,True
23519,5001c567a10b5dbde9999ed190d9aae022d8665ec2211635d9d3434b8fdfe41a,4|27,approval|neutral,2,5,0,2,2,0,True,True
23545,0265cde64bf7263b439511e7929f4604c07eb42e5a9683fba650c54ac6bf9636,17|27,joy|neutral,2,5,0,2,2,0,True,True
23616,2d1b3addbe260bb597f755835a15130e57b005b0224145c1e29649698cd7d711,0|27,admiration|neutral,2,5,0,2,2,0,True,True
23653,efc1df64ec4c8452d0c75c427c10d11de28d8767f660502698568ebee8025158,21|27,pride|neutral,2,5,0,2,2,0,True,True
23655,15a2d2e06b8924f65d980e8f46d2b1d1ebe0dbbd41a86d61530fcd76099481bf,2|3|27,anger|annoyance|neutral,3,5,0,2,2,0,True,True
23694,deb196b47353a5f4864672bbf8cc9e5d573917dd0d0624db39673ef63afbf16c,22|27,realization|neutral,2,5,0,2,2,0,True,True
23712,2657a5ebc338e85932d0e243bb753c98376c9b2cfce487f74645a7c315d0c4e5,4|27,approval|neutral,2,5,0,2,2,0,True,True
23725,f387d4d7cc8f1d23dc5caae56d0748f29d22b7920b0e0e3debccf0fa2ec6e633,25|27,sadness|neutral,2,5,0,2,2,0,True,True
23786,85b2a596d23a0f5158c90c8f2bc0ab420c368074cc4a28401f12cc2f3babfd58,11|27,disgust|neutral,2,5,0,2,2,0,True,True
23807,d285c9d185118a3acbe84cdadd1de0b7a0bf53dac4f517b59f50596f8b362828,9|27,disappointment|neutral,2,5,0,3,2,0,True,True
23827,e2a053c400ff7a0333463b8d6bcb5c4bbabcf4b4eb9fb706ce718cad860c7e34,4|27,approval|neutral,2,5,0,3,2,0,True,True
23834,7171a89e7b1e69d1db24ef7ddd42f68dfaf869680eb625ee285caf69be353d8f,8|27,desire|neutral,2,4,0,2,2,0,True,True
23881,a38710f37ffd0c67fadc10d54dac96fb3e2e125053f35e63cae469d0dfa4b806,5|27,caring|neutral,2,5,0,2,2,0,True,True
23913,7d4f659524d5fa17435da0b9f9d6cd6e78e233dca8f8956c3f8dcce54e749c8c,3|27,annoyance|neutral,2,5,0,2,2,0,True,True
23942,fbf3c2d598150a8378126b10b7180ee4ce2a28cd04e74c72e2a35157ac75daf8,10|27,disapproval|neutral,2,5,0,2,3,0,True,True
23993,bee4c0f2f1b8386cb041fa71231efe76fa455c7c48467a4fa0a4fe2ab868f917,14|27,fear|neutral,2,5,0,2,3,0,True,True
24000,b09bd69e52a4ce3215ad9ce01f9f3b03f6b9d9c1487c81f3ea468f08a0faaf0b,22|27,realization|neutral,2,5,0,2,2,0,True,True
24030,e584461faba18d5b78536bc76a9f324c5fc4a768558ca4cf0c03648128dc12e7,1|27,amusement|neutral,2,5,0,2,2,0,True,True
24031,b4ca9f34df15b61e07aaffa9bcb1319af2096e1056d966bc6028c58049fcd421,17|27,joy|neutral,2,5,0,2,3,0,True,True
24127,26073b389a2036fa61ffc7f76f44107a7b49d8f649fb0aa5148ed5adb44131f0,11|27,disgust|neutral,2,5,0,2,2,0,True,True
24159,cedea0fa20504c80d8c2c782f37ede0c73385c559c787cab9f7a75bca03ddee4,4|27,approval|neutral,2,5,0,2,2,0,True,True
24175,0c2f206e03ca0ac779a34d17a3a147b79020156e28ea5899d78d45afa94d4610,3|27,annoyance|neutral,2,5,0,2,2,0,True,True
24206,fc9a78146dd10cbaa20db2f2cf638ee986a646cf6b229ca24921d1f091870a2f,7|27,curiosity|neutral,2,5,0,2,2,0,True,True
24247,855218df654f74b770ae216fc14b6dad0875b393fc2024ef39aac6fd20199e1f,4|27,approval|neutral,2,5,0,2,2,0,True,True
24259,41db7e53902e4d7ca214dd6fa0b7ecf08a510acb1c969971057c45b350fdef18,4|27,approval|neutral,2,5,0,2,2,0,True,True
24280,cfc858cfd9e764799f59f303f830b2cd200da33873ff95ed70d999d7f98efeb2,4|27,approval|neutral,2,5,0,2,2,0,True,True
24334,1f6185c5dae22a1bf13c516f676e88e0dce3644339d6a8f6ef0f7058629a92dc,6|27,confusion|neutral,2,5,0,2,3,0,True,True
24480,c7e2f6d6dd556b0aa62583d58df3dd68fb3c9abfab00ebf9a0ea743bbbc38881,5|27,caring|neutral,2,5,0,2,2,0,True,True
24610,53d28540dfe5e50813f4a79647a5418166eeb130957264c0fbb1cd2fde156827,4|27,approval|neutral,2,5,0,2,2,0,True,True
24724,3e17a512da4bd1072829b962eb72784e1761c54b4ddb5d693213cdcee58e04b8,0|27,admiration|neutral,2,5,0,2,2,0,True,True
24757,39d024259cd9b766b756caf657317d04c4ec0177b292f457c67ef7e1b1e21fb0,25|27,sadness|neutral,2,5,1,2,2,0,True,True
24815,3fff2b733f867459a6a9168a099303ae6c6dc1a37b4c3234a686e047e421ebc2,9|27,disappointment|neutral,2,5,0,2,2,0,True,True
24832,2e5a3998d62d96fd81ce2100f65beb4010f35a44ed97424cfd5557c3ee444672,26|27,surprise|neutral,2,5,0,2,2,0,True,True
24879,9fbb36d9e3199322bef4c10911ae4fae38cd1e6f0d2bd2bf0fd5e7ecc39781da,17|27,joy|neutral,2,5,0,2,2,0,True,True
24887,a0a44dc99fa6c16fe727daf834c3629281b5b682f746d23629c5c5d4b2e0c7cc,13|27,excitement|neutral,2,5,0,3,2,0,True,True
24940,4ca86ed8777c1445b926f12247f1d1cf83bccc56efacabfe2168d74ba755e5dc,0|27,admiration|neutral,2,5,0,2,2,0,True,True
24953,e323d91a0069cc1f68fa357b5cc6353a9886da8e476794021f169310c9967ca1,4|27,approval|neutral,2,5,0,2,2,0,True,True
24957,4bc4afdf94aa677aebc80924d1109a7d4d48fe4c7fcb6df582dd3ce78df63f5d,4|27,approval|neutral,2,5,0,2,2,0,True,True
24961,fee96e6409439b49069e971a910515dea6f34cbc2a9e8003820c64f4e0e74d4f,22|27,realization|neutral,2,5,0,2,2,0,True,True
25003,d977c8c50f35f88531930f3ab743b6b0368320d66a80725c92a293e5fe82e480,7|27,curiosity|neutral,2,5,0,2,2,0,True,True
25097,72b96e98a6ff63ce1bfe2ff6936710d1f58185c3878740af5822500b2508e5f0,7|27,curiosity|neutral,2,5,0,2,2,0,True,True
25113,d2fe2583ce9df0b716fc79eb515250f2b3688e9b741de55facb7b99fa12368f5,7|27,curiosity|neutral,2,5,1,2,2,0,True,True
25114,34827ce1b3115add71587332ba0eb2035c6122864a581a003d0872472514da75,10|27,disapproval|neutral,2,5,0,2,2,0,True,True
25185,b388a6a5a5378b63c31e4572fc1783e445ae01f77e9719c4fbdc56f0f6d4be0d,11|27,disgust|neutral,2,5,0,2,2,0,True,True
25299,222f1511df4eea090dc0a6573acd0fbf12710145a3fb51d0c74706ff6e1184d0,14|27,fear|neutral,2,5,0,2,2,0,True,True
25347,546eaf901434b61395f4e297055ed9d5a5bf2a2b842d3117315a222536de8e65,4|27,approval|neutral,2,5,0,2,2,0,True,True
25388,acec6f5d5fffce3b2b5ce26e539f5542c9874114a54e1d7c79994bc2fd1ffa4a,9|27,disappointment|neutral,2,4,0,2,2,0,True,True
25418,57a8df600accac65a5289e15dc0c1128a762a7966dad9937be4d5ff059d09ef8,4|27,approval|neutral,2,5,0,2,2,0,True,True
25498,71563dfe71e8a4a76d26e1b8479a307a2f09dd466c8a6098aad64e40b670e626,18|27,love|neutral,2,5,0,2,2,0,True,True
25527,fd7a7b10fdb6283a9d619584f116a49bc6ce84149350d35f24303a183a5fc867,0|27,admiration|neutral,2,5,0,2,2,0,True,True
25566,4bd32bd178118b145b7de0d1fe22545ab970e04770fb057a3c201d858f9339c9,5|27,caring|neutral,2,5,0,3,2,0,True,True
25673,cb95c04ba236fdeb272d351bd01660c55fc54e51404f24a942eccd093ed2d524,6|27,confusion|neutral,2,5,0,2,2,0,True,True
25675,1b29b727a455a8189701ba35d2f115e0fa7210885dfdf97914eed669cc5a2f26,20|27,optimism|neutral,2,5,0,3,2,0,True,True
25713,4e7bd8829cf483ca6b9086919d2baf710f3a917d266283b014a3e1a7c88e6ff9,15|27,gratitude|neutral,2,5,0,2,2,0,True,True
25732,3f5f630642973ad97988aeb566d27773a353d73cf7f7881f902d67fae3613e71,17|27,joy|neutral,2,5,0,2,2,0,True,True
25777,b1c1b98bb9c17b93c5d886d851706b2dc98c5e2d01d3d4dca4959ac3bb6ceab6,4|27,approval|neutral,2,5,0,2,2,0,True,True
25878,f1652edbf594d96113058eb34e0b53d97fb66aab928629bd476feb780638095f,12|27,embarrassment|neutral,2,5,0,3,2,0,True,True
25881,969108ccfde1eac9be870aa52f2cd5169a08f6a0cabd7f71e548a16de683b1d2,2|27,anger|neutral,2,5,0,2,2,0,True,True
25913,02d825284e2268821dd784260587fc34b7a484c3849f0c397b1d569210d5f74e,5|27,caring|neutral,2,5,0,2,2,0,True,True
25915,413218d4c11ab523d324ebe8ec1a04fcc9fe6968083c6f51ca1827f12d930da4,6|27,confusion|neutral,2,5,0,2,2,0,True,True
26003,b0fae808684e7c27ac44d3f4f49d51999c016b8c8fc11da47eec3ba2c9637d44,3|27,annoyance|neutral,2,5,0,2,2,0,True,True
26054,1b2d9ec380cca76f95d873af7020918799047493f64abb3d0904ffb2444338ef,20|27,optimism|neutral,2,5,0,2,2,0,True,True
26070,61365a3594c1fa60aeb9143dc1e7d28093ee8853a84632a91b3ab6960caea110,6|27,confusion|neutral,2,5,0,2,2,0,True,True
26168,cb7967555ff7c5721cb09ef0804167fd557f12d657e6afda0eb5f9ee9b4772da,26|27,surprise|neutral,2,5,0,2,2,0,True,True
26243,af70532076442d9918c02fa3fb4606600bff348abc4dfa34b88d25923ce7cc5d,3|27,annoyance|neutral,2,5,0,2,2,0,True,True
26333,f1bf7d562147eb83189ad33893e4f779db49244669009b4e4ee902855674e640,7|10|27,curiosity|disapproval|neutral,3,5,0,2,2,0,True,True
26428,ab75047b46b319718eb88f0777732cd42c71cc03b9804088e3881760ae016ae2,4|27,approval|neutral,2,4,0,2,2,0,True,True
26436,ab2a853ab72271a0c5168c1153e1020599eacf01426bf8cf91d996bc13fc7203,22|27,realization|neutral,2,5,0,3,2,0,True,True
26441,08fc918cfaecf1064619fed88794a6c84ed9fb97010b1b3f4fa05129421a6d41,16|27,grief|neutral,2,5,0,2,2,0,True,True
26459,ee77d3cd0614e70a2b7e8e3e5485b6ac28b57059e2b67db8d6e00acce8ca37f4,0|27,admiration|neutral,2,5,0,2,2,0,True,True
26465,28455e80254e11e1a1d5b09a121a431609bdaed33adbf41e9461d65c6301879d,4|5|27,approval|caring|neutral,3,5,0,2,2,0,True,True
26471,8a9dc5cba1e6ecd4ac516160a7136cf5873077511780d14dec908d07f824dd8d,3|27,annoyance|neutral,2,5,0,2,2,0,True,True
26509,4fa32089d0bc65a0d56c38e8afc2e96785d1e5c1987a2ebe110ebc854013be99,1|27,amusement|neutral,2,5,0,2,2,0,True,True
26539,2b26c1317f31ace642e647f7013e2c3bd72a4a94c47c370d96d3d73d1b8a104e,4|27,approval|neutral,2,5,0,2,2,0,True,True
26617,f04bbee5e94ab9e8a6f26de304c5f5f388d5c7a273c2f220f7ad10cfa7125037,3|27,annoyance|neutral,2,5,0,2,2,0,True,True
26633,f26bd31435ff2fe903ea2f0e6c3a1ff9820e865be846646256f0de0712c6ee20,2|27,anger|neutral,2,5,0,2,2,0,True,True
26686,8050091ac3871bf19cb8649062c2c6a201a097ee5e5ab59b9ef9a0a680cddda7,3|27,annoyance|neutral,2,5,0,2,2,0,True,True
26750,6505c7f88af8a50356d178c6ef3bc267629e39cfc2ef4364cdb444220f24e5aa,25|27,sadness|neutral,2,5,0,2,2,0,True,True
26758,15e351f702a5b5f6d08f8be422fbc815916d1f7626b673cc2793954a7bb4215a,10|27,disapproval|neutral,2,5,0,2,2,0,True,True
26875,7ed95a766156c4b80a5148e3d489dc6d5fcf637078a1ba4b04feb2c6148dc062,25|27,sadness|neutral,2,5,0,2,2,0,True,True
26935,ea428ef7c3f8dff1d4d33ee5daae8505ce865426ce19a14f8e9e75b263350f0e,2|18|27,anger|love|neutral,3,5,0,3,2,0,True,True
26942,e3280b096dede6665a5b740a9c9c0074edbb104248172c83b82f4f433079766b,3|27,annoyance|neutral,2,5,0,2,2,0,True,True
26944,9a37d80125dbca9b18533e03ec1e3c75bf87e6186a2f13d3eef8a6134671cb3f,12|27,embarrassment|neutral,2,5,0,2,2,0,True,True
26967,e42044b380465dfce19379701ef16d648a9a4200260c2ad32d245f316ffb4237,3|27,annoyance|neutral,2,5,0,2,2,0,True,True
26968,5aad23c4ac835d7755e6037a6ad8ae534f32dd0f16395b5aef99881fb662ce20,10|27,disapproval|neutral,2,5,0,2,2,0,True,True
27117,eaec107d2e0c14848560c80a2a5fe9ba85b38060dfa4572232ae694afd9dd017,10|27,disapproval|neutral,2,5,0,2,2,0,True,True
27223,7fb90252f7707fe70792e32febabedd205aa0a93cb69042ee9e99f39e7e4beca,10|27,disapproval|neutral,2,5,0,2,3,0,True,True
27236,641371f44786846ef96135797fec6df152a831e67cac2038f9f7f68bf0ef58ee,4|27,approval|neutral,2,5,0,2,2,0,True,True
27255,38ea969c4eb1961d1242703434b36941463d5a0c09750de7e1f4cdadb3ed4859,4|27,approval|neutral,2,5,0,3,2,0,True,True
27272,02e4a45b3ba96379167cfbd3237a6ce6653bc70becfd2d608621287e927b22c2,11|27,disgust|neutral,2,5,0,2,2,0,True,True
27293,10606336c30710ee5b50104cdfb6fadae8e462efeb002e1f71966e06950f914e,2|27,anger|neutral,2,4,0,2,2,0,True,True
27333,b8920eb1fa1648f214cf0b4d09c69105b9be73a9741abc8176b1ee668b9789ad,26|27,surprise|neutral,2,4,0,2,2,0,True,True
27339,75e2515cd19737e3ade0aa8e298e6d84924aa6b53b09308972f75538d880b2fd,4|27,approval|neutral,2,5,0,2,2,0,True,True
27359,ac03d7a8315a18ea0b928a9310e6a1ec1f22d616aa937f66ce15b6374f11712d,2|27,anger|neutral,2,5,0,2,2,0,True,True
27442,6aa3982f3cf587cd5ecec75bdb162b10bad3244cf05cdd4e20790cd7a3fbe5c3,7|27,curiosity|neutral,2,5,0,3,2,0,True,True
27449,b3d4e7cbeebb345b93f9ce3e4df8c182aa65f45b67f29e46630f7dbac6b6cd0d,20|27,optimism|neutral,2,5,0,2,2,0,True,True
27459,ed591976339dda21192f898354da7a2d5251b4d6e3ef2cebb42904fb2294ae08,0|27,admiration|neutral,2,5,0,2,2,0,True,True
27520,a08d00b7d2002dad1b19a44ae9c2a1e5ba04c72a73f24311dba4084127a8798f,9|27,disappointment|neutral,2,5,1,2,2,0,True,True
27559,cf07f7e6444bc25c597c91dfb9e9d3e87074ca0d111c7d0c78803f8f8db3f8ae,2|27,anger|neutral,2,4,0,2,2,0,True,True
27575,552fe2fa3c593a47de8ef28fdebc9ac3ecd17099a66dc7961906cc0dfb5caa24,8|27,desire|neutral,2,5,0,3,2,0,True,True
27635,fa2a35be6aad63304ee636f9ccee0e39076e9c23809e3878b344fc6faef881fd,10|27,disapproval|neutral,2,5,0,3,2,0,True,True
27708,ad97c7dc56ac59bae46262a5854dc3d4fe4cac707ae552c1c03462f32c12c7b3,2|27,anger|neutral,2,5,0,2,2,0,True,True
27753,da15f6fa1bfe4ee47e928edc9473bad6f65803e308d593ea1f7a698855752b33,3|27,annoyance|neutral,2,5,0,2,2,0,True,True
27759,4ce4fd647042e57e36505eab437b357fd844aa1197552126fa26689d3cd4e420,7|27,curiosity|neutral,2,5,0,3,2,0,True,True
27778,6f20dc3050a4d7567f3cfbdc1217d7cbf69b8925fa1dff1e40c3b4089c10408d,2|27,anger|neutral,2,5,0,2,2,0,True,True
27779,d27df8f2ddd81ab82cfb0f4c592ed31bd67ea49fea1b15508ec9b2ff20611b28,1|27,amusement|neutral,2,5,0,2,2,0,True,True
27868,a267e25083944370be9b3560779641d324a26e2ad4b9cb0ffee961aa34aff994,7|27,curiosity|neutral,2,5,0,2,2,0,True,True
27952,e7d4afd341c6940667a0cae5a23fca1bb11ca04b546b6c20dfa6f6f6c3ec8c86,14|27,fear|neutral,2,5,0,2,2,0,True,True
28018,53f6549d38ad9896cedbe13753606b1f27234e1021c31114bbb9a63b8b48930b,25|27,sadness|neutral,2,5,0,2,2,0,True,True
28042,62c3c4c970904b9f8ba40d7c4051e2884fe5b30914edf56a035478c8cd1ea2b5,1|27,amusement|neutral,2,5,0,2,3,0,True,True
28046,c1de837ed41652c69beb70efa22f099557fd0bf49cdda76375a6f8a94c5a836d,17|27,joy|neutral,2,5,0,2,2,0,True,True
28057,33f38fbec29098c16de58f1cd235f47345d7cbb7dab61d252cfd3e800707c3ae,4|27,approval|neutral,2,5,0,2,2,0,True,True
28060,67298a5635586799f6b0389ea06f531ead96eb9a5d5bee3105ede67f5b105633,6|27,confusion|neutral,2,5,1,2,2,0,True,True
28091,cdf3f9f5489235202d2edb08a91b005ae137c931eb478c41175c8ed68ae2e20a,1|27,amusement|neutral,2,5,0,2,3,0,True,True
28092,d71ac8d3d358fc023b6ebf21ddcaf7d2576efd02c4b0b4a90fc56f38d6634a02,4|27,approval|neutral,2,5,0,2,2,0,True,True
28107,e34f65a4a7c9006e766d71784653649fe6846ac142e1d8066c78bdfb9cf2ad88,26|27,surprise|neutral,2,5,0,3,2,0,True,True
28164,2125092c5d43b123c1339efb4821f39d0d0383195d35dfb11f77e5f7988dbe95,3|27,annoyance|neutral,2,5,0,2,2,0,True,True
28197,6bccfeb2c018872d7790d35505ebc6aa1eba47892580c37d4afeb0d907a00181,4|27,approval|neutral,2,4,0,2,2,0,True,True
28199,af6359b2afa38f1147abf938830b6db5151f635a6651617da4b17cb26894ec67,10|27,disapproval|neutral,2,5,0,2,2,0,True,True
28274,80ce229352721d04974c4b6c0fd900c505a818bd73ab952747ed49200404adbd,17|27,joy|neutral,2,5,0,2,2,0,True,True
28283,a6ad3550b24bcd4efe4045bf84d0d9f37fcd5ae98cbc1648f1324bc90ae899ca,22|27,realization|neutral,2,5,0,2,2,0,True,True
28304,f088a656b228795c9b99976bbcb1dbfdaeb13c9997f5fe95633d1dc6f496930d,18|27,love|neutral,2,5,0,2,2,0,True,True
28334,dadeff9d4ad05639a25372dce74e5adfb80e5a90d3a145b9caf15fcce8ab060c,6|7|27,confusion|curiosity|neutral,3,5,0,2,2,0,True,True
28354,87dcfae724918192dbca6bd0dae274a46e2a099a1a90ee00fd60bfed79488f0b,17|27,joy|neutral,2,5,0,2,2,0,True,True
28426,7efdc07ee7ecf6c23ba32938d89bfd14e5430bcd7ff229b8bd0652f03a090025,26|27,surprise|neutral,2,5,0,2,2,0,True,True
28461,22d840bc681f12f51490c9a9775046b0775d693db548fe0982c613ab68c0da83,9|27,disappointment|neutral,2,4,0,2,2,0,True,True
28505,82bebf5429c61823882dccb84bd1df94d65fbb0c8c2bcd6dcfd66b216b3a02ee,18|27,love|neutral,2,5,0,2,2,0,True,True
28506,e0bac5fd09afe26f8236d89ae78ead6f7398af95e390f65ea3dbfd0f753cf30d,22|27,realization|neutral,2,5,0,2,2,0,True,True
28514,42676666dd4bea681f14d775f38a0b1a26db21fdccdf5622fb8c913d69ee7b4e,1|27,amusement|neutral,2,5,0,2,3,0,True,True
28516,078d7a7144813a69376228ac96dc11e53d4d94a4a5ab6d9279f9cb3ae56d59c5,10|27,disapproval|neutral,2,5,0,2,2,0,True,True
28519,6cde002e39eb3356ffae7bf0fdf70343ed399781307e9cd86d4974ca7e6ee4a9,10|27,disapproval|neutral,2,5,0,2,2,0,True,True
28542,f164b1717d2aa95d88e2e5ac60cc70c80231ad9682b27a7c9a95a796aed86291,22|27,realization|neutral,2,5,0,2,2,0,True,True
28581,295d4249185a66218cd751eb4a12c59f37f8a3d66a68c1f9a9bf5d9083288f88,5|27,caring|neutral,2,5,0,2,3,0,True,True
28596,29e1371abb5661f88037eab6ca66264ecbdbacd97e106d5157a1632c847c243f,10|27,disapproval|neutral,2,5,0,2,2,0,True,True
28658,48071af38f57c256c9dc975e16b282478fc84b11a1e93622c45c9cb1fa9aabcd,0|27,admiration|neutral,2,5,0,2,3,0,True,True
28697,b4bef6f50b9d41e9038fb245e9d71c2e3d96d6f93ba8f513ae45d8782e4e8ae1,5|27,caring|neutral,2,5,0,2,2,0,True,True
28699,fb78740c75dce0918cfe62d8461f29851ad891727ec8f21e1a8a3f766f9b4a5e,2|27,anger|neutral,2,5,0,2,2,0,True,True
28702,e444429a84a1818106bd6b19645a094261aa219c7cbb60b990a6039691981756,7|27,curiosity|neutral,2,5,0,2,2,0,True,True
28730,bef1faf230742ddcfc72256cff4c799518906bab14847525043d39b58d532419,10|27,disapproval|neutral,2,5,0,2,2,0,True,True
28733,b5046315eef3beabd5977e8884c47cb3497c50f147e23c9146a6fd66d7ed8266,25|27,sadness|neutral,2,5,0,3,2,0,True,True
28742,84bee9bec8562cfe585b97e9324fa7fde82bfe310364f1ae94947fd9233dc8e2,3|27,annoyance|neutral,2,5,0,2,2,0,True,True
28767,929b6f022b9c530518478d85b692e5608541426e2170a0ddbe921b85947fb5dc,10|27,disapproval|neutral,2,5,1,2,2,0,True,True
28799,0312d4f5a3bdddd8e9858ed0c1fc174919cbee1130f1683d3d401eb3e61c4c7d,3|27,annoyance|neutral,2,5,0,2,2,0,True,True
28825,a7a85a2720b8cc34a07054de11ade0154b89ce01405666279336b225cae98841,3|27,annoyance|neutral,2,5,0,2,2,0,True,True
28853,176316244a1ee333c8a6d0dd4d3124e47f766ce007d7c490bb3139c024deaf69,8|27,desire|neutral,2,5,0,2,2,0,True,True
28898,63896221c2b909f6d380376300264ec9ebe9e2833f08455e2bfa46be56403243,0|27,admiration|neutral,2,5,0,2,3,0,True,True
29006,debbdb5c6f1c339734a6c950bd888bfb1625303bd6776b26ef66452b2ab7e099,10|27,disapproval|neutral,2,5,0,2,2,0,True,True
29008,8f9c8da8f7beb718060eccd69b8e6429cd372242d98db3c842c0e0b9be789165,2|27,anger|neutral,2,5,0,2,2,0,True,True
29183,8b77720da200f82525fbdce22a230fc5823a193ad3e2beb9d37f9c5d1e1c3862,22|27,realization|neutral,2,5,0,2,2,0,True,True
29198,47680d4b201049891b6bd570ed6b42cc5c56a64c777ef45390fc79caff769221,4|7|27,approval|curiosity|neutral,3,5,0,2,2,0,True,True
29264,db357eec8452f2999dc46353c909c30efd331169e48fcbee93e92d499221a74a,13|27,excitement|neutral,2,5,0,2,2,0,True,True
29270,c7b0b7ab4840b0bf10c7089ca51e8c5c0159163612a36b985111c7a9aa2052ad,4|27,approval|neutral,2,5,0,2,2,0,True,True
29273,c269fdb3e0228397058eaa9cc2bce259926fbe5c7c738894a5aefb43367887e7,1|27,amusement|neutral,2,5,0,2,2,0,True,True
29276,af649723c92a8cf9f56734d90d9364a984906e140f8e0c336572120eb1f2dfa2,2|27,anger|neutral,2,5,0,2,3,0,True,True
29279,df05f79a74d1bf46fb59e85edc132976c997e7b8d0819f1fddfb341892b1a51c,7|27,curiosity|neutral,2,5,0,2,2,0,True,True
29310,f9d80e7edd0af55b9983bce882ec4822ce4d665f1b06c1f8c91f592569addf9a,3|10|27,annoyance|disapproval|neutral,3,5,0,2,2,0,True,True
29413,72e42716dc34054691cf4d3529f9554bd02cb879e17687788562a2fcce1d8b6e,15|27,gratitude|neutral,2,5,0,2,2,0,True,True
29414,246d992489d6b93dac27773fab0e0eb74d655b407f56d23f20753402d7b30a96,3|27,annoyance|neutral,2,5,0,2,2,0,True,True
29416,c3ca8568c304ebb288647aa0fdf808bd3373cec371be267e1ad1e5183b3b44cd,11|27,disgust|neutral,2,5,0,2,2,0,True,True
29426,2aa248a7342004117a5c63f8a009628474df70dd37becaac8967d56dc33ddaa8,1|27,amusement|neutral,2,5,0,2,2,0,True,True
29457,fe6c294e383cb3c2bea6fd33621e1e250a0eeff5ad0b360a2b36ec78ccf12595,1|27,amusement|neutral,2,5,0,2,3,0,True,True
29487,8cbe794e3d8ed8fdcb20664c182785b368564aa6f2d2ef142384ec768ccc9b88,13|27,excitement|neutral,2,5,0,3,2,0,True,True
29505,fb8cbb9e75adb037198d1a80be4df6378b9ce561317cfc7348d08d31e9340a81,25|27,sadness|neutral,2,5,0,2,2,0,True,True
29534,320750ed97a1a65d02c44a34f286768df277eb0b35706d57c9f5d9e63dd4a885,1|27,amusement|neutral,2,5,0,2,2,0,True,True
29538,b31487a9539e1266a04642dea758ffcd529402137bc2b761c526d36f87538e8a,4|27,approval|neutral,2,5,0,2,2,0,True,True
29544,302a3c52faf22a496825827514037ae66975584c3afa0668857f43a8f9737ee6,5|27,caring|neutral,2,5,0,3,2,0,True,True
29553,2f9db2fc897f540206efab9ad0afd7cffa6b2ee791e09cd0a383f8c858a170d4,10|27,disapproval|neutral,2,5,0,2,3,0,True,True
29587,cfdf44eab0d7b656fcc2cd8dd39ccb673adda9510101c5083d937df25f2c842b,0|27,admiration|neutral,2,5,0,2,2,0,True,True
29598,1e61fd718385a3871aeb0164b7e3d6b65b4a97626a3a1e26356de34c150c1e3d,11|27,disgust|neutral,2,5,1,2,2,0,True,True
29622,fe4fa1270b050160bb68f17abbf8ac2314dcd64f34b30e821f0ca022d5921db1,7|27,curiosity|neutral,2,5,0,2,2,0,True,True
29631,9a3ba39cf38c063cdc97b21f9bab9f6c580a632b19cd98a49612b63debf344d6,4|27,approval|neutral,2,5,0,2,2,0,True,True
29690,41b6ed42b4fb11ade29132c53f2fcd2ba606d632484b7e440d152510234d4861,20|27,optimism|neutral,2,5,0,2,2,0,True,True
29763,40007a6969ffd9ad4833193b410010c2a683d3f878a13d641eba5400c0cca10e,4|27,approval|neutral,2,5,0,2,2,0,True,True
29768,0d9d759719bbcc47af35a6e77af0113b8b15db088ca790d7b5d9f1e7203e6b75,4|27,approval|neutral,2,5,0,2,2,0,True,True
29781,75ac79a9bd61dd0014a3b458a8ee8a5a535715f84cbf0e0a28731f00a06eb13f,5|27,caring|neutral,2,5,0,2,2,0,True,True
29799,b5defd0d17dde40d3a71fe70ddcf7b257904a797a666bdafd645cdbc06d5925b,22|27,realization|neutral,2,5,0,2,2,0,True,True
29863,8771050953d669c7c19400469717b091d243685143a7c552ce3153d301929908,7|27,curiosity|neutral,2,5,0,2,2,0,True,True
29876,0dbf5720b19bf149b84b93389167e651c327401118bc6aa7df718b5995d2e566,4|27,approval|neutral,2,5,0,2,2,0,True,True
29877,4dcbdf2698af17a6e821cfc51913da20d3e72d46c781f2d569be70cdacdb9fb6,25|27,sadness|neutral,2,5,1,2,2,0,True,True
29900,050ea020122bb47ad0b50a9e82acff2f6400bf2c681692af9a028369601261ee,20|27,optimism|neutral,2,5,0,2,2,0,True,True
29905,45f06e12df3f92cd233bc5892b20aba01b776c57f2520f86aa993dbf8434a706,0|27,admiration|neutral,2,5,0,2,2,0,True,True
29918,37f964104ede791bfe7a4ee07c45f64b6db2886bde8eebf2ccdf037a9b616360,10|27,disapproval|neutral,2,5,0,2,2,0,True,True
29966,7b26a6696e1f3696fc967993ed39d0d93201055e683787930be64786e284657d,7|27,curiosity|neutral,2,5,0,2,2,0,True,True
29988,d2252ed5d2dc4396a09fde906de3699a7579765e1d0080660b660d3efad008c5,1|27,amusement|neutral,2,5,0,2,3,0,True,True
30015,f7cb14948e1fc36f1b2bad3daf8f76f28b31e7d3c672e8f00c4af885687189b5,22|27,realization|neutral,2,5,0,2,2,0,True,True
30021,f9fb2916ce4342767943e8b2492daa15e45db5e61a8edb41d499faf7cb113ff4,1|27,amusement|neutral,2,5,0,2,2,0,True,True
30023,52bd3712d2e70cd87a0ab62d09253e755afeaaea5832de36e1080d2ebfacf8e5,26|27,surprise|neutral,2,5,0,2,2,0,True,True
30039,0f561123886c92242bc68947232d751f875e86aeaca021381bd69944d20fdb13,14|19|27,fear|nervousness|neutral,3,5,0,2,2,0,True,True
30055,f257b3e034915084ce51ccc23da8cb7437b6c1b075489b4779216229a71d56ea,10|27,disapproval|neutral,2,5,0,3,2,0,True,True
30074,d3239b6da0b25d931174f94a1662d0e5de2237405c117d3d0fce69304807e698,0|27,admiration|neutral,2,5,0,2,3,0,True,True
30127,36a40dc063963c414110c11835b437e7d4f626b356424946efe872ac8d6cc484,5|27,caring|neutral,2,5,0,2,2,0,True,True
30140,41b8cbebc86846bce68b0d88d51f2e6826d033c7c0463c149a00253eea42e71b,22|27,realization|neutral,2,5,0,2,2,0,True,True
30149,4a3dcb1fb7c5958dbc84b7ae28adecb1b535dca174b98ccb9294bb6b48bf31e3,17|27,joy|neutral,2,5,0,2,2,0,True,True
30154,80b51ee60aa22693278bdc580b689b52856f377a189b4a6b6e944b6c268dba3d,0|27,admiration|neutral,2,5,0,2,2,0,True,True
30239,1a6a594e5060785c78e488da14155303297abc9bee8c7ae26d147da51481e411,6|27,confusion|neutral,2,5,0,3,2,0,True,True
30278,2a6b350e9c4837a9a991e7558e0b6175a12bb20e5bbba3730dd05ddb5ee1be09,25|27,sadness|neutral,2,5,0,2,2,0,True,True
30299,59dadb12d89135ad44d821e49b3da5f7a7f723fd4b3bc05f0c3785c6c0777bef,25|27,sadness|neutral,2,5,0,2,2,0,True,True
30365,8c0128a8dc1c270b00662485bbe5d62afffc054d5a68e6d716b1d6bd8ce32691,4|27,approval|neutral,2,5,0,2,2,0,True,True
30369,add5573800d1669641e3cd3501f9ee3ba13d613ad41216e7f9a1eb97e2ee4d82,22|27,realization|neutral,2,5,0,2,2,0,True,True
30372,b43c3e77b54a22d34aabaabd30bca2bba5f85bca16e4459e8a35ac2422b61eff,4|27,approval|neutral,2,5,0,2,2,0,True,True
30452,97a6ab60b0c4957deb6c74aa97dd1d0a3feb9a2c0bbbeab0532b397209bde17f,7|27,curiosity|neutral,2,5,0,3,2,0,True,True
30526,78744a478ef44dbe960dea1e129df61cd81f7921045f2d42d82cbe5cf2b38332,2|27,anger|neutral,2,5,0,2,2,0,True,True
30554,a961bac06eff2011e2a114faab2fd1b7fde102870fdb72f75b7c77aad5a2c1a3,10|27,disapproval|neutral,2,5,0,2,2,0,True,True
30585,a1b2557962cace6f83a4d76e6837f3b1f59782a0cd30aebff15d9514d26189eb,4|27,approval|neutral,2,5,0,2,2,0,True,True
30660,7bad1aef858292df11fe1b2d51b6ff71957b98323fb488096c5f0fa0a2aa5340,20|27,optimism|neutral,2,5,0,2,2,0,True,True
30688,4db943eede0ff951f0c7bc5f9b5f0ee9b74b855f824da25b4aca3d2f62ef14ed,14|27,fear|neutral,2,5,0,2,2,0,True,True
30763,33097c2d3a0e174fb336fd7b2b265895ffb2d0a5603b4e2cde74a63f3a838ea0,9|27,disappointment|neutral,2,5,0,2,2,0,True,True
30823,42c6fdc49e493ce02cd4243b848fbb92cb0b80098c699a406151a2d1d995be4c,5|27,caring|neutral,2,5,0,2,2,0,True,True
30867,2cb8d156c84382a479aba56f487b17f00862218f2fda83b2a4b626b7486803ec,1|27,amusement|neutral,2,5,1,2,2,0,True,True
30886,ba227c02f47559f39210dd9dbf3ce7b5ff3c4a48e3d2fba8817df2170526c483,15|27,gratitude|neutral,2,5,0,2,2,0,True,True
30946,c831ec735cce72852ea2bf99025a9ce07ddf426418b27e6b903fa59d8a016666,4|27,approval|neutral,2,5,0,2,2,0,True,True
30975,4cae7bc57b95f5dd6eec06a38e89fad19d35a150bc4faf86d7d0eeb7d85e0ae7,4|27,approval|neutral,2,5,0,2,2,0,True,True
31025,8dd02c4f68566a12b43fd07aa743dbfa840c4c0956cd47dc35f27e6cffee8c2e,3|27,annoyance|neutral,2,5,0,2,3,0,True,True
31040,71aba8095f7251e04e7bc09e7faf2018decac5d9c591d4051c14b76c87986f4b,5|27,caring|neutral,2,5,0,2,2,0,True,True
31076,373e22d565fe1a9b65c19c66de6c2733b98180238c2dba1121bea7f2045dc0c0,3|27,annoyance|neutral,2,5,0,2,2,0,True,True
31097,600398a46ea14ba3095ba6ab8e2811c851de013c63ee0fc8291f488daf06a397,6|27,confusion|neutral,2,5,0,2,2,0,True,True
31131,c722124eaeddd0ad55f48884b63f32a29fdf5d79767bfd2f19c2ec1d74367e36,0|27,admiration|neutral,2,5,0,2,2,0,True,True
31135,85232f22247650072c146fb74da3db339be1e181b28b918a824f0afce489dd46,14|27,fear|neutral,2,5,0,2,2,0,True,True
31154,47824e8bb7f7c5dcedd0e4dc09ee069e3c1d89946fe13e599c02f77dbbf022ce,3|27,annoyance|neutral,2,5,0,2,2,0,True,True
31155,c7092b6c4cdc2c977c4aa6943e3a1678531b3ed55ffdc81a9e810129aa487c39,11|27,disgust|neutral,2,5,0,2,3,0,True,True
31171,c0d9bb3b5295f4773a45b0903120f2c35a2cc6b669c075100d69c0553288a34e,6|27,confusion|neutral,2,5,0,2,2,0,True,True
31201,38d1a4e21726593b288af35af7b943d2a418afe8ffc3feeb96d5d5689379801f,2|27,anger|neutral,2,5,0,2,2,0,True,True
31228,d77a5374e941613049ea570c54463746d485b64b64570f0962f9addc35dcfda2,20|27,optimism|neutral,2,5,0,2,2,0,True,True
31232,9a60b05273d4c3bfc131831e1a099ffba0de7e01525b747f9df2a532c62fb1a3,4|27,approval|neutral,2,5,0,2,2,0,True,True
31254,1a720600c8afa65b5412bc9dd7719f4c6e0a1b393b84c3a0880dd4f8bea5329c,2|27,anger|neutral,2,5,0,2,2,0,True,True
31318,507357fc99821d04619ad055d7c0e56919d7a5fa621085a3a57acfe07b1a3b8d,7|27,curiosity|neutral,2,5,0,2,2,0,True,True
31447,ef2385819b2dd172d5e3e52779355c47bf2504bd4c4c45d4ac0099d8e4e79833,26|27,surprise|neutral,2,5,0,2,2,0,True,True
31450,3a357efcda6e91227ca8fde1443f9922174ce3c980c2cded701d1ea71e1bf77f,17|27,joy|neutral,2,5,0,2,2,0,True,True
31499,baacf2ca298f5ea3d16cc4478a6b10e1c3b3156d1f1bb51def2e39fe0ced2532,22|27,realization|neutral,2,5,0,2,2,0,True,True
31506,8c67f43f9a8826c73da431381abc80e030ff5057379f4dc805e214a5f4600d6f,1|27,amusement|neutral,2,5,0,2,2,0,True,True
31545,6cf4f4edb52b1aee9804d2a4676cfb1333eacdc73f11204ae83da4aaa865ce32,2|27,anger|neutral,2,5,0,2,2,0,True,True
31558,1e31f405b663b92032782d6ef3babad6d0a20ef0ae46e78a4c04a7d4d10238cb,10|27,disapproval|neutral,2,5,1,2,2,0,True,True
31656,0a106bcf9a2f5d7515b27a418b52740fcd5b36a74144fb88de9eeb5edd465f09,9|27,disappointment|neutral,2,5,0,3,2,0,True,True
31708,d658282f286e22f87e632f7c87ce401e9b5b69ff3800066b9da6e169f806c5f5,17|27,joy|neutral,2,5,0,2,2,0,True,True
31726,3326596684a95eebe9d76155b7ff8eb9201b5c46d438d3cc9aeca998930b3619,17|27,joy|neutral,2,5,0,3,2,0,True,True
31761,b005646d322a68dd165cecdfedb5a78576c978c1e8a181b3acf5407cf15b223d,7|27,curiosity|neutral,2,5,0,2,2,0,True,True
31765,d276ea0fe85e51152adb3c7dc728f6c0230b8dbc032e4ef54ebb0d275a165fc6,1|17|27,amusement|joy|neutral,3,5,0,2,2,0,True,True
31797,05d681fcf7ca3987d096ff29d27918adc0e9ab9c21415a2bd19193b46e13678a,18|27,love|neutral,2,5,0,2,2,0,True,True
31808,9982c8f8b05e3ed64b82eda14b8de31139cc03088403c8551b7c8e57662548c8,18|27,love|neutral,2,5,0,2,2,0,True,True
31820,2fe3a054591808b3bbc008ac33494e09593dcf5382b6b70f6fc5b0b888a6b710,18|27,love|neutral,2,5,0,2,2,0,True,True
31970,2f80848fd57f561715ab0385b961694ac0b070922f9eee4767c7d1b424ae1be8,8|27,desire|neutral,2,5,0,3,2,0,True,True
31983,3586eb550812df139a833c475697216bcf89e3c4d431738b4646a277e4e2213f,6|27,confusion|neutral,2,5,0,2,2,0,True,True
31999,0f7390e6a1f8a530fba346392cbf3b3f23b23845bec823866243ea5956c82e3f,6|27,confusion|neutral,2,5,0,2,2,0,True,True
32030,2738a92ac05cb02f27ee59234e801380a4b63847ce6b3f028b7bac8e70c18818,5|27,caring|neutral,2,5,0,2,2,0,True,True
32077,5f9724c553f2d44e4109d7d935167c9ceacd431642e3ad519e11104b38aef3b2,22|27,realization|neutral,2,5,0,2,2,0,True,True
32090,ad71296951220a26029edf9c8837af2899ff85615b4e671bf9b958b83ffd8621,25|27,sadness|neutral,2,5,0,2,2,0,True,True
32092,2dddcbe4f460fe6b3671303a860004b6d16353122f5caa03027cae68386f0e1f,26|27,surprise|neutral,2,5,0,2,2,0,True,True
32104,2857dac5c84c8e73fa918ea7c37e709f5907b9e450b5434b2769063821370767,18|27,love|neutral,2,5,0,2,2,0,True,True
32139,2da8ea9e5b6171ab35ce97302b30d0eaad79401248cd67fa3f16558a4c26a19f,11|27,disgust|neutral,2,5,0,3,2,0,True,True
32168,79a6a4a4b51e6ff6d03a00e7cfbb57dd19580c3658463d300f80bfec1cc44562,1|3|27,amusement|annoyance|neutral,3,5,0,2,2,0,True,True
32173,5eedd73763fa9c8e5fda7126c31cc8be3a154ae58e78c2817f0c5ad56b2de132,1|27,amusement|neutral,2,5,0,3,2,0,True,True
32239,2f3289d016ab9c7f343f636cb7a92885afb76f4ff2103cfb7e005f147e857fe3,3|27,annoyance|neutral,2,5,0,2,2,0,True,True
32284,2fc1acfa592ecf6d59e59f26e21c3bac21b9c408d7dde01bc4ad766b4308d00b,7|27,curiosity|neutral,2,5,0,2,2,0,True,True
32345,8ba73f4e8707a7be92fdc5620e42b92b9441bc37dd957d9dd9ccc9fdd0d4b041,3|27,annoyance|neutral,2,5,0,2,2,0,True,True
32356,b3653f88bddc154fc1b18f6d43ed78ad2cd14bc08f7442b9b22a7b51ae83ec20,5|27,caring|neutral,2,5,0,2,2,0,True,True
32414,e9a6cd5470151b6d44dfd730517c05a6fd99f49104dd5dde3ea336d938343fef,19|27,nervousness|neutral,2,5,0,2,3,0,True,True
32439,78b0a69e7931aafbb8136724785307b1bac7f2d7d489b3cafaa2432bc49d09e1,22|27,realization|neutral,2,5,0,2,2,0,True,True
32462,c654af75b67d6a070943c225fa870ca703c7bdbd2d1f2f248268f786fb0b175f,22|27,realization|neutral,2,5,0,2,2,0,True,True
32517,b82ae1a9b7aff5bed09269a46de6305a206b64a0eb187c1699d1780e3d103d4c,6|7|27,confusion|curiosity|neutral,3,5,0,2,2,0,True,True
32534,f5d78c21ad3b3b596d4c78aaac026a57164738f37b933e8689e971ca7923d2ff,20|27,optimism|neutral,2,5,0,2,2,0,True,True
32584,edf193a0c90db6b51b65840f68ce0fa3274222d4589186b8b0d2d1cc7362dee8,3|27,annoyance|neutral,2,5,0,2,2,0,True,True
32634,50d7e8b3775363cc524c91566890ed363dc760efe8983cb20bc2c297cd50e913,0|27,admiration|neutral,2,5,0,2,2,0,True,True
32689,0f666d5f319b83698915719894ff89a2edd1a68ce1d5c110bfa053e9761f0e7d,4|27,approval|neutral,2,5,0,2,2,0,True,True
32706,1e18880ef4effa0886b200b53b5a1d5b112bfb8a7e155eaf1d54f49e620f23dd,22|27,realization|neutral,2,5,0,2,2,0,True,True
32720,6360333494d03bc40513f0a55f8cb3be966f347b4d67898a82de25b5264ee46b,10|27,disapproval|neutral,2,5,0,2,2,0,True,True
32733,3b7292118711f34056ea128bf6a5f61740b45127bb54423728e1e253258e4cc3,12|27,embarrassment|neutral,2,5,0,3,2,0,True,True
32867,aa5148f45421fbd3726c2fd56149388285eb23ec766b5cbc891393c430b845fa,26|27,surprise|neutral,2,5,1,2,2,0,True,True
32876,eb6be8573403bed7d002d91b9691be09aeac50ed8d6b5314aac295d3c9d1665d,3|4|27,annoyance|approval|neutral,3,5,0,2,2,0,True,True
32884,fa4f180b252cdb2254c945a0383767cd80da82cbd48d14004780a8489031da62,12|27,embarrassment|neutral,2,5,0,2,2,0,True,True
32960,3ad9e9d53f90fe97cabb813d858c16ec52b44b9621f53677f75277aa2420a6a5,17|27,joy|neutral,2,4,0,2,2,0,True,True
32962,50f98377f95dfe799d1e106df361e0d88562af89625b78970c984514b0d2585d,10|27,disapproval|neutral,2,4,0,2,2,0,True,True
32983,595b0aeaae1ceec3aa80e975a17fd69c7773234d70f0d6fd4ca3e097cf3c796b,7|27,curiosity|neutral,2,5,0,2,2,0,True,True
32984,c228ca790b41f005f65099d977851a85f8a87aed59eb1682a40a7221d5a833c2,4|27,approval|neutral,2,5,1,2,2,0,True,True
33010,f88ec422a93276e5b479ec1b56b07ccda63c625282fd8df14457ff5a832d6c29,5|27,caring|neutral,2,5,0,2,2,0,True,True
33025,4d13cd66ce0b22e4fbc03db5f2b5b22b2808cd417e96e9e89eef81e509870d41,14|27,fear|neutral,2,5,0,2,2,0,True,True
33052,cce12035e3ac115bd3fc140f17de8cc82d4b4ba37e97111937c4b5d666895956,1|27,amusement|neutral,2,5,0,2,2,0,True,True
33091,1c0ab545cca758746b822e42dea6dd442060ae9d09fab7a086faccc9a712e890,22|27,realization|neutral,2,5,0,2,2,0,True,True
33148,651090e43d2f270a4f1c092525d64798eaf59c9fa83bcaf3ea40f0cc70ab71ff,3|27,annoyance|neutral,2,5,1,2,2,0,True,True
33169,b008367a934033e80f54169ea2764140adbc6e953b39405c3d15ff52c7442767,23|27,relief|neutral,2,5,0,2,2,0,True,True
33173,6ba99776a701ce700736f82ffd3da98fcc9d4bab40aa76061c68899086aaaf20,6|27,confusion|neutral,2,5,0,2,2,0,True,True
33177,66755597cee99d94aaffdeadce25e384201ddf2252c64f544e9e97d415350fd0,9|27,disappointment|neutral,2,5,1,2,2,0,True,True
33184,8b7a0e7fd7112ebd7d252a207b5a0cb0971614a9bb39eda679352528a7052361,0|27,admiration|neutral,2,5,0,2,2,0,True,True
33206,48cf72dabaadf73fe4647ff427a5250b439ccb65d21f76a911816ea3386756ba,3|27,annoyance|neutral,2,5,0,2,2,0,True,True
33273,7bffb620c81d4906490c64f0cf0903214f17bd2cf8011191785aaae4f4d30d76,2|27,anger|neutral,2,5,0,2,2,0,True,True
33278,89aa2c57430bcada8f95aba6ff35762fff20d0c9f1165d52aae2bd46b044443b,21|27,pride|neutral,2,5,0,2,2,0,True,True
33293,4817b2e022ece140c20aeba6bb921cf37cd314088ee52b3bb84c4b56dcd096bf,3|27,annoyance|neutral,2,5,0,2,2,0,True,True
33308,4ad90de525bb99aa85e1cea3608fcc4d07c3b928094a38fdbc583c4f739bc6d7,12|27,embarrassment|neutral,2,5,0,2,2,0,True,True
33321,2046087838479cfa12890f5d15850f667fb0f82f38975a2594e583418276f9cc,6|27,confusion|neutral,2,5,0,2,2,0,True,True
33327,3b90739d0c7925c17de331a73c67735ddb2d6936531e67895c68f856e1e666f1,0|27,admiration|neutral,2,5,0,2,2,0,True,True
33367,de248aeee346e9c1d9ac28f4a996aac81081b0d223ae6e44be2ce1d92165539b,17|27,joy|neutral,2,5,0,2,2,0,True,True
33379,6042f011a3945e233d1229cd458104b56e76075585428b524f5f4edaee794ea3,3|27,annoyance|neutral,2,5,0,2,2,0,True,True
33385,1d04267669ce65ba5b67096b41fa161f42862873f213b358255c7444b5946c48,22|27,realization|neutral,2,5,0,2,2,0,True,True
33440,368cbf040cd965a4740f437ea2e94f5a4149154ced84519208d94c7e63606829,20|27,optimism|neutral,2,5,0,2,2,0,True,True
33443,dcd308ffff1677d88109b53bf4bdde1ca4856de44c623be37c2bedf30db9e313,0|27,admiration|neutral,2,5,0,2,2,0,True,True
33517,4b2a4eeaa2772f1bef1325c3cc44f6c2369a47fd62198551f387666cac9026be,0|27,admiration|neutral,2,5,0,2,2,0,True,True
33530,59a02344fe328ce625032dfadf4c8eb04f5e03bf6db2ffc40871bdc078d03165,1|27,amusement|neutral,2,5,0,2,2,0,True,True
33606,705d4635fe91dec598b56133ab8a5f1dd913fbc00303f7d16163528648594e52,4|27,approval|neutral,2,5,0,2,2,0,True,True
33664,58fd19ee872821284ede6dcc206e5a173b3adb971c286f1551e6ac48009e3461,10|27,disapproval|neutral,2,5,0,2,2,0,True,True
33710,814ae8cee5a39ad11b56adeb5942e29c44f3043056e4b0d47c69d17fe349af5f,3|27,annoyance|neutral,2,5,0,3,2,0,True,True
33737,e0109e936c0165ab2b049900cb8a5a54fd85c510ad70b7d7baf8fb115812f3e3,4|27,approval|neutral,2,5,0,2,2,0,True,True
33752,5ec14f6cc910034ce0305cfe374acf432d716dc2d571394f649c6eb0ebfd7059,4|27,approval|neutral,2,5,0,2,2,0,True,True
33784,e19a88050fb4a4ff7e28d6a9e85d25c2abf9795529d1f79d0c79d8b1815698bc,7|27,curiosity|neutral,2,5,0,2,2,0,True,True
33822,856805bf11cfb227fae85b3858211d256440118aa45d4d41516e2301032b2e0a,10|27,disapproval|neutral,2,5,0,2,2,0,True,True
33859,b15e7b13b189fc3611dcbe17ce5b605d4a311bda8a0fd20e863f932f870d9a83,9|27,disappointment|neutral,2,5,0,2,2,0,True,True
33891,52df40df5d478c36e3fe5bfb845856332a7bd77396ff5398827ed89e910295a7,22|27,realization|neutral,2,5,0,2,2,0,True,True
33896,2f3fd09a28073b25436a5183291690b994aa8b31513afdae68b1411894206871,18|27,love|neutral,2,5,0,3,2,0,True,True
33923,41ee6d64f39b3793dee834ddef53bfbde3a1b6bc3762fb0522ff4a2ea742e02e,5|27,caring|neutral,2,5,0,2,2,0,True,True
33944,f1fdb483b45d05a42599d6f32e12d396b04a197c3b6152e57fc3d74b32daf92b,14|27,fear|neutral,2,5,0,2,2,0,True,True
33967,c5387981f2c1ab00e52ca56eb88b6d77da478e0aa16265980a27a631bb8b4dff,17|27,joy|neutral,2,5,0,2,2,0,True,True
33985,6e1350fb89921e02651673e9f5a1d2cdf6704cbdbc663f836f4065e6de69a120,7|27,curiosity|neutral,2,5,0,2,2,0,True,True
34040,def7c665c5bb5492d073c5cd964fbec83e9b776d3fd7c8b06389d77aaa68801d,1|27,amusement|neutral,2,5,0,2,3,0,True,True
34041,5b8a75865914d0af82643d29deb29e7d8d232b13aca1bb648401d80acde81f96,22|27,realization|neutral,2,5,0,2,2,0,True,True
34054,b80726c056de4bbe4c0b4a1663ac4417e4ce82e2f09f7bb47f56743ff9293fd6,1|27,amusement|neutral,2,5,0,2,2,0,True,True
34116,043a895e575af710ea35736aecb18bd041a92759e7b9f2aa8c5ac8b5131fdba4,7|27,curiosity|neutral,2,5,0,3,2,0,True,True
34123,823bba317e35bea9d90ed051471a88ae1d241c25cd7cd60f728e6ee4f13155c2,4|27,approval|neutral,2,5,0,2,2,0,True,True
34186,31a10d090cb7b22853e869194e012170b78908cb0984a619bd817df63a4a39ff,0|27,admiration|neutral,2,5,0,3,2,0,True,True
34203,b6c344797dc4358626a003f96c32e1cc4411406f44771ea2b09f2874bc8c26e2,0|27,admiration|neutral,2,5,0,2,2,0,True,True
34214,89b3eb2bb0b1746c3c30ffe437a494a572b2f56c4565ab8d64488fae53b8ae27,0|27,admiration|neutral,2,5,0,3,2,0,True,True
34216,6ee993f23d699f53f982ae879e6b62aaaa5791147ddb807dda6b95d9c1dea359,4|27,approval|neutral,2,5,0,2,2,0,True,True
34234,875005992e7ae51daa8f414a9d6fd09901142eb010cd7749d3cadd52b50b2c23,8|27,desire|neutral,2,5,0,2,2,0,True,True
34237,b4f2f10601035f27aa770878c9d615e3013eaab52e8c5e7267215734c0f0cd38,2|27,anger|neutral,2,5,0,2,2,0,True,True
34289,a8811af9aaa35fe0a8eecdc584253671d7a0a9cee3261990f3286fe47d8a4110,1|27,amusement|neutral,2,5,0,2,2,0,True,True
34314,3e73835529e9e01e2d88e257cfcffa5835ec3bdd5fd4740d767790f98cc05597,2|27,anger|neutral,2,5,0,2,2,0,True,True
34378,9f093f3e680ee5078173c5152df17f9b62bf6f66fd67ecc45213cc44b6f0d369,10|27,disapproval|neutral,2,5,0,2,2,0,True,True
34385,fb3dd6fdb6408e4c88787e33a93f6746edcf1ce0fb531d9a455f4bbb9ccff88e,7|27,curiosity|neutral,2,5,0,2,2,0,True,True
34430,79e7f8b47a4453c68b77068991d83f4346c06df5a4c2e3be052be35c95c5fe83,20|27,optimism|neutral,2,5,0,2,2,0,True,True
34480,ade250418445f7a696b0444d38f3eba65e60980b7dbe48d1d944606e56d9eed1,7|27,curiosity|neutral,2,5,0,2,2,0,True,True
34489,ba409a21d8c3f95e13f1d8e0d1678c7f1a83568a6ae427f1469dfd0afe9d1462,3|27,annoyance|neutral,2,5,1,2,2,0,True,True
34515,7366a13b6d1474ec2adc6e58234c4ef604aefd283962621038434eb229169742,9|27,disappointment|neutral,2,5,0,2,2,0,True,True
34526,0b4de6b9d4f9685ce5d7613504e07b100bf76f833b250917ecde782f5b1f3225,13|27,excitement|neutral,2,5,0,2,2,0,True,True
34528,88fd5fd0778f0a41cdbdfea2e9655af1147602b5095a3d6e51aa18558e08ad9b,4|27,approval|neutral,2,5,0,2,2,0,True,True
34562,82d16f50293aa1f6dc8c433b9a4dd9b70bd37f91e07e1aff521f77cdbbe77a5d,4|27,approval|neutral,2,5,0,2,3,0,True,True
34568,f09ca1880a35285f05e12dad08ab91f00b0d59b7f6801c501fc2c97bc719263c,18|27,love|neutral,2,5,0,2,2,0,True,True
34589,5b1e98fca80c71d12067b66c798568f5d00140d2366ef493b4d787cf7a89fed9,6|27,confusion|neutral,2,5,0,2,2,0,True,True
34615,e18742f771da2d5519cd5627c0b4a8640ede6ca0cea3ce913fa2fa74b8a84b2f,7|27,curiosity|neutral,2,5,0,2,2,0,True,True
34617,e755aa21b7628c82a2b8b2a9e468344220779e1c6fbc04aa8d4e2c4514a5ef32,4|27,approval|neutral,2,5,0,3,2,0,True,True
34697,2495da9a3e90286ff89b13c459c394afa3d4d38216e4758810f4d2ae5bea9971,7|27,curiosity|neutral,2,5,0,2,2,0,True,True
34705,381933fe9a117cd5ffd7cdc64343af78d24cea90f7fe0c2ebfb3a00bcc95c8c9,10|27,disapproval|neutral,2,5,0,2,2,0,True,True
34708,9244e569d9a2a5c46c99f16a95a83124a9b980123058bdef38497e302c2630f1,3|27,annoyance|neutral,2,5,0,2,2,0,True,True
34777,18c1d770155a0f8a0c2e0efc4f7b36d8e554e12412c18bf2683956083035836c,2|27,anger|neutral,2,5,0,2,2,0,True,True
34788,88301957d16b0e9f71a34256d69c1c9fefd5b66f815e0f9cc011dc24f90a9443,3|27,annoyance|neutral,2,5,0,2,2,0,True,True
34803,1a40800f3dc34f813f8f869168b1b4f86921a4edce1b7ecbad405bfc987d409c,0|27,admiration|neutral,2,5,0,2,2,0,True,True
34834,e04b7ad48c55a56b76d87239fd6c04dff2a30210e3ac955202258a77e492e181,4|27,approval|neutral,2,5,0,2,3,0,True,True
34909,b57073ddf56b23140d777372a4306ecea6b334ca66c68d6ad214d602fa97c0ed,4|27,approval|neutral,2,5,0,3,2,0,True,True
34934,a5e7a95a4b515553a1fcc81ebf7659211b70260028999fd4a24d52fe1e106cb7,2|27,anger|neutral,2,5,0,2,2,0,True,True
34952,e205c7267f854d5d48adc4311311f5412b6320fb36c1fd3c6a68a2dae92d6e56,1|27,amusement|neutral,2,5,0,2,2,0,True,True
34988,d5da0e90c9bd2c2caac10faf4995fa1f74a09a1ac2693423505fb3d1b228c8de,0|27,admiration|neutral,2,5,0,2,2,0,True,True
35010,2b49781de716a15c7df1c5f4d47d6b0654d64b112f28f91e4f522200d71ee9b6,22|27,realization|neutral,2,5,0,2,2,0,True,True
35012,7af09f6fac39dfd819ae6a2b930ddc683b18d9f459fb6b75c5d78f7496a20ab9,5|27,caring|neutral,2,5,0,3,2,0,True,True
35020,c64dfc2c8b934ee6aa376612bd148195ba70f94edfc45e41a5fbb452d8b3fd91,22|27,realization|neutral,2,5,0,2,2,0,True,True
35052,4c8c646358044677030a7f224ed71edcf92a211c7ca4419d344b1e1bc81b4d47,4|27,approval|neutral,2,5,0,2,2,0,True,True
35091,1c96712f7a42296f3352b0fa6ee93252e8f7c13a388140df801d45c597863461,25|27,sadness|neutral,2,5,0,3,2,0,True,True
35118,957dd766755c6749fadf65adcaa9d4f0bcd78532e169de16a2d3781b72df6fdd,8|27,desire|neutral,2,5,0,2,2,0,True,True
35121,86c9a845f5433c16cb3ca372616f3e1f7d8cd3fa28440c0b957e2fa287cc5aab,22|27,realization|neutral,2,5,0,2,2,0,True,True
35157,68b5e5e513ba408addf346185390096108317a8fc9ce0bdf755d820bcbb2bb3b,4|27,approval|neutral,2,5,0,3,2,0,True,True
35181,9c14f034bb3333fdb740f28ec335a2d84904b4cf4d4d78be1c03d8aa255c9e34,6|27,confusion|neutral,2,5,0,2,2,0,True,True
35205,631aa032ba189ea1511272532c4119d57d5026f9d9c01aafa3ab1a75834ec561,9|27,disappointment|neutral,2,5,0,2,2,0,True,True
35208,b9883c825f546c9420a672c5bf69c086a0f3c01e140ceea6d5f5e43233e7aa36,8|27,desire|neutral,2,5,0,2,2,0,True,True
35238,a20afe183ab2ebcfc289eaec79a870995e961c108341769c776d2f1095a10789,7|27,curiosity|neutral,2,5,0,2,2,0,True,True
35268,71b6ba9c0eea571f7df5b7f46a12ff0b5ba680e3268afd8716562c32dcb60a98,26|27,surprise|neutral,2,5,0,2,2,0,True,True
35286,8a8bc454ff231a7b7d49e526544a04ac70255d12834173805b1e43a30317fc9c,0|27,admiration|neutral,2,5,0,2,2,0,True,True
35307,e8faf550cd9600bd4a1fea61db417eb9a91d6abb5c0b8361f1f5e83608225bb8,4|27,approval|neutral,2,5,0,2,2,0,True,True
35330,879cde174ca357da7acfcbfafcb8897a6b39bb726ce0ed3ca6e4b81bf5c455b9,3|27,annoyance|neutral,2,5,0,2,2,0,True,True
35334,260b8421f038ae0f7ea6a021a8377f0e2cb5ef0584e060b2da9214c8c6949768,10|27,disapproval|neutral,2,5,0,2,2,0,True,True
35339,7721228b3a0a9c21b5708c9e6f54fa15e8e099f6151c9bb9d9790dbf02032633,11|27,disgust|neutral,2,5,0,2,2,0,True,True
35379,f389f6f356a3f235b933216738dfe4ff637172d4698122c38d5456db90b944cb,4|27,approval|neutral,2,5,0,2,2,0,True,True
35386,5f9ca03068bb227265efec38996c9b22d707ecae96fbd35790d362c19686eee4,11|27,disgust|neutral,2,5,0,2,2,0,True,True
35453,5908800c88c685d8f2ee742e540ef3a4af8e9cfa5a99e4442aebf232b5831106,4|27,approval|neutral,2,5,0,2,2,0,True,True
35504,37129faaaee1877b2532c99924e78ce171299177f15f14560bc17b4a6ffccae6,15|27,gratitude|neutral,2,5,0,2,2,0,True,True
35515,628d777af6f560bce9088e4b659fc795fac9c9f599f6a449b42d0c992abcf5e3,22|27,realization|neutral,2,5,0,2,2,0,True,True
35601,00f9592775075bf52850e6c7e52089be26be68b23f40b72ebbd191d0518cd70f,1|27,amusement|neutral,2,5,0,2,2,0,True,True
35618,cbc1cb479ff53064d4a1fb2ad1fec3583d13df70b96ebab07ab5af968f739384,20|27,optimism|neutral,2,5,0,2,2,0,True,True
35714,dbb4b339d0e1880a82715f8d4a47ad2b34fff702e0d0c07184f5a2df5e91b882,3|27,annoyance|neutral,2,5,0,2,2,0,True,True
35739,7bd405f9a42d73e03bc564e910b1a23c239c106900a13577844c6cd57d5f0cca,6|27,confusion|neutral,2,5,0,2,2,0,True,True
35783,c559780a7486f36268afe687d2f479007beb1dde8303376bac50ab808cf79fde,11|27,disgust|neutral,2,5,0,2,2,0,True,True
35802,8c73c6a87d5f5027a3e657c41d9aa15d7ffca84634305ec9e0e7ace70e23b951,11|27,disgust|neutral,2,5,0,2,3,0,True,True
35827,678abb4bad5fdaed0c59b41c8fd2829f16419a6b39a1ff09301ca619dc957cca,0|27,admiration|neutral,2,5,0,2,2,0,True,True
35848,dcd2a12a0284241192e015726f00b829acb51ae9f06793e15c0ae7a267db21e1,25|27,sadness|neutral,2,5,0,2,2,0,True,True
35872,1df865f2246aee5ee6aa38d5f549fbf6974e4c69a60ed6f544519ae18bc955e9,4|27,approval|neutral,2,4,0,2,2,0,True,True
35913,dc1cde87d28fa309b88214a4f7e82a5410476fa7ebb4d0df8a2a5f35de8b4907,15|27,gratitude|neutral,2,5,0,2,2,0,True,True
35920,9a537ec4044e50f6f4e3786d1de38bac96428a304ce7ea46413f5e3223ead306,11|27,disgust|neutral,2,5,0,2,2,0,True,True
35948,3320f5ad29896a5f55047f990965a4b7446c6a330680bfd0a4eca6638e1690e1,3|27,annoyance|neutral,2,5,0,2,2,0,True,True
35963,a539ace930323241749a46344218098817fb13138225c887aa6d0d21416cec1b,9|27,disappointment|neutral,2,5,0,2,2,0,True,True
35982,273b046c921f0d546f6c1da21fc468f59460d46671ef261ff13e8a3d77e47c25,4|27,approval|neutral,2,5,0,2,2,0,True,True
36068,7a8353923fe5bab028d8364e4e3d30750bc09ab23986f47aa7a3dd2578c470aa,0|27,admiration|neutral,2,5,0,2,2,0,True,True
36077,7a19802be26340ef513991df8bafc5827bfd01742d3656b3cbe9224600f0a9b9,25|27,sadness|neutral,2,5,0,2,2,0,True,True
36127,54377621b5b6910b085709c34067bffb5a3d2d6913730ce83bed77b40bddc882,7|27,curiosity|neutral,2,5,0,2,2,0,True,True
36158,05e6e5413447116ec82a19e1f2263c8a33584201e7097c1b3df53ae22feada74,2|27,anger|neutral,2,5,0,3,2,0,True,True
36162,d0ec42cb3fa258e0b4ec7887b695421b38c236242fcd1ccdc0ee2a4def31d612,10|27,disapproval|neutral,2,5,0,3,2,0,True,True
36253,1c2ddd766207a657c77035958ed28189bd4af904947f8f60171e4cbc56d6e9b6,11|27,disgust|neutral,2,5,0,2,2,0,True,True
36279,e479cd9a761af26a19eb86adfe903797ba4f5e5a10871383bc76c85357a5f0bf,25|27,sadness|neutral,2,5,0,2,2,0,True,True
36405,5886a1617c6cab9014e3c237e3bc51d8f9aa6e424bba067350f6c049e90903cd,6|27,confusion|neutral,2,5,0,2,3,0,True,True
36426,73ccffa875823282ca1792a4da842da644082ee94bb34bdace41ff157cbfd67a,3|27,annoyance|neutral,2,5,0,2,2,0,True,True
36468,90ea72c6a975f7d5b2c82af62870ce52e0e53ec51d314e78cffbd6d69ef1993e,6|27,confusion|neutral,2,5,0,2,2,0,True,True
36582,7e47e7dbd8ed73c0e7a28a3e8535d5d329f4279c0b2fea3a5f5c70c9be839553,4|27,approval|neutral,2,5,0,2,2,0,True,True
36609,f5ac2fce5ff6fb2bc673b5876ab6e00b92428e6cf1adb84316884551fc1c8ede,17|27,joy|neutral,2,5,0,2,2,0,True,True
36629,d31ef05e7ff0d3856cfcde1ceb27abecfdacd0764579c76488a706d9728fbc9d,4|27,approval|neutral,2,5,0,2,2,0,True,True
36652,8dabe9fa360ec7a9ee854bbcc3359f368022bae513c68fb6852915112b978f0d,5|27,caring|neutral,2,5,1,2,2,0,True,True
36660,2b19d89f0027039446e22d1907b9248cf41586d9aa7ca39d41d6bdf52013a831,5|27,caring|neutral,2,5,0,2,2,0,True,True
36707,64274504ea8953a8d2b417b23c13f9de35ed2d6037e7d5bc6421d4a0f09b580a,10|27,disapproval|neutral,2,5,0,2,2,0,True,True
36747,fda38951f7b854290d30d5f9d595660a346ea2bb10f13d514e49e6e07996eaf5,10|27,disapproval|neutral,2,5,0,2,2,0,True,True
36757,5e56922f1ddd18dcf43f84ef715ef765ad1dd5f1ba4f6bf5b94c9648d676b82e,20|27,optimism|neutral,2,5,0,3,2,0,True,True
36787,98109fb0b940f536bd8bb57a7b7dd0f04f89e908af6cbd4e03131957820d9ffe,9|27,disappointment|neutral,2,5,0,2,2,0,True,True
36843,152e48aa487633c05baf8f00a222ff1b3d5ae473014d43673452aeedc72ef76e,4|27,approval|neutral,2,5,0,2,2,0,True,True
36873,5ba31d6a5157c08d306ab1b75252e065d79a3888c2fa7af1425bbb023adb8fcf,6|27,confusion|neutral,2,5,0,2,2,0,True,True
36875,3f2f86c0c919f4b9d695f4d85563fb0135a5071979b821dae9ccc86a4b7ba097,0|27,admiration|neutral,2,5,0,2,2,0,True,True
36921,d69391e132e09022d0708e3446e343c3bf515f17972d084daec638b392193062,22|27,realization|neutral,2,5,0,2,2,0,True,True
36931,5badc39ba383f411d82a04c6c29f6ae6c2e4fbf69a897266e0ad8e06aaf2ecbf,9|27,disappointment|neutral,2,5,0,2,2,0,True,True
36957,b987f5ac12a29293febb1305c1f51d08f789c7de66f213a3517e0ef7e6fb6466,4|27,approval|neutral,2,5,0,2,2,0,True,True
36997,4acc187a4795a5564833029e2c393917fb51cdd20282e148d2d89bdf2b94285f,4|27,approval|neutral,2,5,0,2,2,0,True,True
37022,71ced26194b16126fca9a044f4b7199f03a01e81b9ddf4f0dbac8a73d414f451,6|27,confusion|neutral,2,5,0,2,2,0,True,True
37037,eb6c8484e204258bb12b26a6ed06fe71d75b37108cdfe36d2607e8801595e680,0|27,admiration|neutral,2,5,0,2,3,0,True,True
37063,a2b528e2783d6e17676483330fcce7c6171226091896e47811ea78506aa70182,6|27,confusion|neutral,2,5,0,2,2,0,True,True
37099,00410aada6dd9ebc04edbd0d8801fb6735934bd7e183452cc92af89c7c8a60cf,7|27,curiosity|neutral,2,5,0,3,2,0,True,True
37113,24d0ec47d92be88a31d16ff2dc1d3612967bc07fcf0c97a476946d3501bea4f2,20|27,optimism|neutral,2,5,0,2,2,0,True,True
37150,4068ecc07ef307d0204cbf5a36a4572dc5172e85e2e6974eacc95cc8bcf39889,7|27,curiosity|neutral,2,5,0,2,2,0,True,True
37160,909ad7e3ee9a6ee3c12c0066466e584177a1a75ae2bb98d9774901da62710404,2|27,anger|neutral,2,5,0,2,2,0,True,True
37193,dad10da07db1320c3dab09cd7eba740e1394f6abebfa85e0170cd4702d9a758f,0|27,admiration|neutral,2,5,0,2,2,0,True,True
37200,5194e339cd376304ef8dace1cc362bbe717d932d4faa696ea8b7ba654dc8f44a,9|27,disappointment|neutral,2,5,0,2,2,0,True,True
37235,bcbf71113c8a389c5655020aa334d2f041fd910296cb238e3ce9a545be054376,4|27,approval|neutral,2,5,0,2,2,0,True,True
37246,ce5b35bcd6159117469d750c16d8be7019120804858993e2734019fb325fcb7e,0|27,admiration|neutral,2,5,0,2,2,0,True,True
37256,dbc9fbea62fa658bf754507de9f1e5f5ea97f5673e19bb2a136aadfb518c62a1,7|27,curiosity|neutral,2,5,0,3,2,0,True,True
37262,03180cc6d395c576851aad71aabb499882c4d40e7f5111de7005afb36fab9255,20|27,optimism|neutral,2,5,0,2,3,0,True,True
37344,97cfbaba2e23dd0352b62eaa58302503a648907f38dd2524acc206fe31cc2f9c,3|27,annoyance|neutral,2,5,0,2,2,0,True,True
37357,1939c1cf53ba343477f846b099db2edfb81f76846429e703512e108095bcbfa1,22|27,realization|neutral,2,5,1,2,2,0,True,True
37372,4d19336a830ef3dd81761e247e51e7323a35f4cc15a9e21a9d12b15a3fa3b234,2|27,anger|neutral,2,5,0,2,2,0,True,True
37380,9a6bc271e0505694a3816bdf5eec6cf186dec16f87ba52ce76b43b3c110f03ea,25|27,sadness|neutral,2,5,0,2,2,0,True,True
37381,d92fe0d15370d7b8c534f4e6ac568739437f747a71eb1c59fadc6b70acde76dd,4|27,approval|neutral,2,5,0,2,3,0,True,True
37391,eeb9b4fe32fc5d250a4ab04f7b9aaec5857df71233ac871d3fa90442eaa42b88,8|27,desire|neutral,2,5,1,2,2,0,True,True
37405,9d04236e99fae2f4f8d86ae611810dfe8afd3a26a7e40979eed54eb18d57b77d,3|27,annoyance|neutral,2,5,0,2,2,0,True,True
37423,581fcf701b23297dfda0bd225e25ffc47755deed63ed7f1eae2cc9e20aba55ad,26|27,surprise|neutral,2,5,0,2,2,0,True,True
37426,2b0b9b721c8dbd2d5ccc9196d067e6c1509d3aa6ad987551d3351bb5eb65a732,0|27,admiration|neutral,2,5,0,2,2,0,True,True
37431,2ceb80219262f917db77de0a6dba3a3b3575bf6345d5b8aeb980c311faa905ca,7|27,curiosity|neutral,2,5,0,2,2,0,True,True
37487,621e4ea3c7759dab1da63e6f46cae8c35e69fa3c72178355d557c7057c1c0eed,4|27,approval|neutral,2,5,0,2,2,0,True,True
37496,c53df342e1e8ab08b891c1a82c5991a705bd478c551c7c84a44285342acf7b66,9|25|27,disappointment|sadness|neutral,3,5,0,2,3,0,True,True
37501,562f5d16e88673ba032579e00e161fb3cb4f5901de4380cce459eb3fd9965b15,9|22|27,disappointment|realization|neutral,3,5,0,2,2,0,True,True
37510,b0ae0a0a75ef08d6d91c21c73a7b44849738d9a28d22afdfab86ce143a8c49bf,18|27,love|neutral,2,5,0,2,2,0,True,True
37547,918699163476b58d80213bfb7b88eddbc4c19ea2666b96042878a31175668660,0|27,admiration|neutral,2,5,0,2,3,0,True,True
37566,a8964a84bdd465d9a4e5a5bbb7c8f81a75b92d6359afcac00dcf937c75d3d69e,10|27,disapproval|neutral,2,5,0,2,2,0,True,True
37582,8cf24d3c0b3091b55e19d43873f93868054e90126bb030645fff5c01df135dde,25|27,sadness|neutral,2,5,0,2,2,0,True,True
37583,f046e1a04bb45fe6fdec5caaf1e25da4e183226a149d1449735d8acbcd9bf0b7,0|27,admiration|neutral,2,5,0,2,2,0,True,True
37685,b6cf21cac046d2bdd2e9239509b28a0ce8273f350955116cb6fa1c2c8df5b147,10|27,disapproval|neutral,2,5,0,2,3,0,True,True
37701,864815b1500a41aeccaf01c810334c99b90dc66a05e4bd037c1a2ca25a6cfcab,7|27,curiosity|neutral,2,5,0,2,2,0,True,True
37703,d95b87f1bf0e5c0fed15b10c99c1cd56c20547201c253b498941c044b3cca5c7,2|27,anger|neutral,2,5,0,2,2,0,True,True
37720,2d90380f4906f02cefa1eb091a3ff17c02c2656d85519d0bf0df0f76e4f7c92c,1|27,amusement|neutral,2,5,0,2,2,0,True,True
37723,a98ac10994acb9e3bbeb0889729916218f5079c03a093fa66ab91a130b0b3746,9|27,disappointment|neutral,2,5,0,2,2,0,True,True
37753,d698e8380d9e8fe9c808d7b42d20f33cec979f94f54281fcc9b1030f0e8b1f5e,4|27,approval|neutral,2,5,0,2,2,0,True,True
37754,e0ed835124cdb1507836538f55d31a2c450e9e1819d44115a9d29b36c80e5015,9|27,disappointment|neutral,2,5,0,2,2,0,True,True
37826,aede65bc35bdb5ac4e956777fdacf2713a464ddd2655a41ea2b2f16493a7a0c9,17|27,joy|neutral,2,5,0,2,2,0,True,True
37852,25f6d3604b7d61b785e0ed888b3f4ecb11d04716fa07917a49840efc11daa87c,25|27,sadness|neutral,2,5,0,2,2,0,True,True
37882,6f377f66462b99b1314c2f387b6980ccb981f10fff232b9c329de67b2f7f488a,6|27,confusion|neutral,2,5,0,2,2,0,True,True
37936,ac05530effe15a91596af8a6c2df3bac95dd4dcc543bf71dfac49bcf64e4cc28,9|27,disappointment|neutral,2,5,0,2,2,0,True,True
37944,a7f1125de909defd9ca465fd154981788a5e005b2a3a471d6208bdd823b02174,10|27,disapproval|neutral,2,5,0,2,2,0,True,True
37962,7cde587601bf91ce8a66c61e131b6af76a367738077b5d6034c59371ea8c4641,24|27,remorse|neutral,2,5,0,3,2,0,True,True
38004,d67c54a0feb23ff266c646e18e3c15f27ec7db270183d2ddb06e21f1d6020239,20|27,optimism|neutral,2,5,0,2,2,0,True,True
38062,aea0f0489537bcc5a983dd105773621b6ae5112c3c7b132e4f30bcde55842a16,9|27,disappointment|neutral,2,5,0,3,2,0,True,True
38137,3d9fe89e9d5fa7be0ca5547eabdef5ac40c6c616aa011b0c34ba8afc4874bc0f,0|27,admiration|neutral,2,5,0,2,2,0,True,True
38191,28611f93534dc1a6ebf04fa9cdd15b39226a3241d453f8c0dd714f0935ea536a,10|27,disapproval|neutral,2,5,0,2,2,0,True,True
38259,8f22a6cab162813ba120c118d16e94699b0ec0dfd1ad39f7af0fc87911919a78,0|27,admiration|neutral,2,5,0,2,2,0,True,True
38285,6ff6524988306477f1d211e4dca690107705757f4d00198e6c4135803ca80ee3,26|27,surprise|neutral,2,5,0,2,2,0,True,True
38310,a8b6d5e04c996935806f62ac07e7f2fb9095c6521e39bd8643bd8600d63951ee,1|27,amusement|neutral,2,5,0,2,2,0,True,True
38363,5999a53dbc90144a7271ccde334967b76be62e95283eb3bd6977055ad74903d4,4|27,approval|neutral,2,5,0,2,3,0,True,True
38436,970fb836a4dce6812693a020b84ce635292877bbebf33f5ece5a7abaf21eaef1,15|27,gratitude|neutral,2,5,0,2,2,0,True,True
38481,753bc5badf9be8c52beada2954ec7925fa797d9bbeccd430deff470e74556278,11|27,disgust|neutral,2,5,0,2,2,0,True,True
38504,4d82ef2df0571537e27fcc139419ad0ee6c9373ba514013895bfb2410d18401e,3|27,annoyance|neutral,2,5,0,2,2,0,True,True
38506,6711bc8812cdefc1f72a0899c3bf88ea4e221baae3e0d2356e5c3932a5b27467,2|27,anger|neutral,2,5,0,2,2,0,True,True
38556,276ef8c384bcd7968493e98da61cab526a9b1fabf6e81e4580a3ab1401330ac1,9|27,disappointment|neutral,2,5,0,2,2,0,True,True
38570,07f22057bfe9d587df1481eb1829e8e1799c82fa407f3def334dab99a2a6993e,6|27,confusion|neutral,2,5,0,3,2,0,True,True
38589,f988ea325eebba68ed4608ee3b0ef3e2b81260db0b9166805a8c2bb8a29013d1,6|7|27,confusion|curiosity|neutral,3,5,0,2,2,0,True,True
38604,81045ce460b239d4097a8432fe86c69f2b6ed40f8083092f1445790629cb2db6,4|27,approval|neutral,2,5,0,2,2,0,True,True
38614,5f80132fdbbd9320b89deda5ef3bf5e8a1733b9525750dae7bef455e504f72c6,18|27,love|neutral,2,5,0,2,3,0,True,True
38701,263c01ba0467fce10c395f56cae210d13a367ae599009875e39b5c0971722321,3|27,annoyance|neutral,2,5,0,2,2,0,True,True
38758,909ec0a4dd0aadaeeeb35aed5f286ebe948157570dd4006ec9a50bcee604c667,17|27,joy|neutral,2,5,0,2,2,0,True,True
38769,7206cac39b2a9adc8d3da8bfbb911086b5fd311ba4b44ed16c13f5a88fd7dae8,17|27,joy|neutral,2,5,0,2,2,0,True,True
38875,44a74aab679f61b7d098723164a8dd8b17322de0b795fb288bf903a4a1606a1a,7|27,curiosity|neutral,2,5,0,2,3,0,True,True
38895,83a19409ca54036af5e95474d39c84b77b8828fbf8ed7cdef15d4a49a96605e9,0|27,admiration|neutral,2,4,0,2,2,0,True,True
38899,fa88052a8237d2ef477aa7c3ddfa67abbbc545ff4b7204d134aa7d610165f724,4|27,approval|neutral,2,5,0,3,2,0,True,True
38907,cf3ddb29be344f5e65b0fb1ebc63f3ed410e6378a5624df7b065e8882c7315cc,3|27,annoyance|neutral,2,5,0,2,2,0,True,True
38918,191f3434ae4593cbb9c989182d9b166ccea106de9a1deb65d0b7459ad11f9397,22|27,realization|neutral,2,5,0,2,2,0,True,True
38928,df0f8fa396b788429bee05626e8430bc860d079bdf85a2404c11c231298206f4,7|27,curiosity|neutral,2,5,0,2,2,0,True,True
38934,e85efa6dd13895377d037ae04ce908b8e13eef142f691594e4e7ba7955b38659,3|27,annoyance|neutral,2,5,0,2,2,0,True,True
38983,615b2997b89477b21853a2dbab92950ac964bb3b32eae657b61f8ad11098d172,4|27,approval|neutral,2,5,0,2,2,0,True,True
39021,ef8b93ab1611f6c6e1308c0925989aac1f5a9979a4b098690c08a3e37a457a85,5|27,caring|neutral,2,5,0,3,2,0,True,True
39071,7e9b7cb552cecaee09ea792426e8d95003d53effced95c5cda0716db6db5db75,0|27,admiration|neutral,2,5,0,2,3,0,True,True
39091,a446fec4a05540104281f412934bff3035b75d053c64254fcf7bca87ad2d3720,25|27,sadness|neutral,2,5,0,2,2,0,True,True
39123,d23cd1416747f7c83842c12bb8f2b02cc5082b4770159692f5b0a60ffc9ecb00,9|27,disappointment|neutral,2,5,0,3,2,0,True,True
39127,5cabb303f87a67a99cea5f07d0508d6e88afa1d5c858725fa5fd19065e181b03,1|27,amusement|neutral,2,5,0,2,2,0,True,True
39221,cf13be6a2487f9ee50b72874028bc86abc6268209e11ff02a5adfbccf9ea6ed1,3|27,annoyance|neutral,2,5,0,2,2,0,True,True
39229,38f04fe92d05ac1f19c7b0b7ef06ef12f7acbd6258a6e88a6aa1a584d78abc72,25|27,sadness|neutral,2,5,0,2,2,0,True,True
39261,459c88140f12b6e50ec129d4b0d1737821a0bca7caaf3f93c8ac4b668ef1864b,3|27,annoyance|neutral,2,5,1,2,2,0,True,True
39378,c8f4f30f1a1baae4210b68d5e7252e5ef3c14380fa5f4f31d9ec2b29e490304c,7|27,curiosity|neutral,2,5,0,2,3,0,True,True
39397,081655ee620a71e37607bd7d43e8592e2f8c500581785c89bf1650e5b8c04633,0|27,admiration|neutral,2,5,0,2,2,0,True,True
39425,d43a3d0cdd72bf2822febc04703ab9a3351547a8f8495f4ae04cc82001bacb55,26|27,surprise|neutral,2,5,0,2,2,0,True,True
39433,1b14a5366fa239faeaf8086dd009ca2aac853884ee021b8c30f8d24b0a3b916f,8|27,desire|neutral,2,5,0,2,2,0,True,True
39444,3eb3fc9c2678733a70217946c6c5fc3b5ac4464737b2d81b3b887489eed908a4,10|27,disapproval|neutral,2,5,0,2,3,0,True,True
39473,11d4a49ec3184e0e307f2e9c346f79023e89d3338f27242d982cc5d9f99d81d0,5|27,caring|neutral,2,5,0,2,2,0,True,True
39482,47bf3f0f65d4592b3d8d108ac02bfbbb4a97c5a903196a6596e1125bbb8b766b,10|27,disapproval|neutral,2,5,0,3,2,0,True,True
39496,93d82cec5b9dc6bfca2da25756f47bf058b06694d0ddfc56b5eadac25e3fa9e8,22|27,realization|neutral,2,5,0,2,2,0,True,True
39519,6aae07e889e52531d94952a95e10fdf999c86f72860197d654afaea8e96f5897,4|27,approval|neutral,2,5,0,2,2,0,True,True
39525,67b8b0021ec0c985b6fab6339435ecd85b863eedc55855739224d0d8bbf24e6a,2|27,anger|neutral,2,5,0,2,2,0,True,True
39543,ee6437a869b52737f803a9686c3b07575aded8988a5dd532249adf10214ded6a,0|27,admiration|neutral,2,5,0,2,2,0,True,True
39618,2644cec0d43646601906e0c6982660bfc13fab91c2758ca8b471f491ad24b047,17|27,joy|neutral,2,5,0,2,2,0,True,True
39620,b14e32dcfee600cfee982ec45d764c706b89234fa0d701f6e7ba8f9faf0be1df,10|27,disapproval|neutral,2,5,0,2,2,0,True,True
39625,b17b86ddb43aa7d2a52d94022b61a1bf2ab768ccb1aeed8321f294359ef5008c,6|27,confusion|neutral,2,5,0,3,2,0,True,True
39698,76396d6a6e93d3b01cfc7f43722e531be22729549bd640f6393752e892cdf619,25|27,sadness|neutral,2,5,0,2,2,0,True,True
39702,e370ae5c0d39b0d96a69a16df7a71481618c9be387f52042397b4fb8a0f52271,22|27,realization|neutral,2,5,0,2,2,0,True,True
39708,2487d82b27c128d27796573947883455d9b0836b6207845ed53738815886cc22,17|27,joy|neutral,2,5,0,2,2,0,True,True
39754,3ea3cb99869b27face0054a4e769f9e23ff042cad7572949a682f524725b51eb,6|27,confusion|neutral,2,5,0,2,2,0,True,True
39759,61d9ceb083795aef390c58fd616b07b50f9657085c4ef4f1dfc2b1f234909056,7|27,curiosity|neutral,2,5,0,2,3,0,True,True
39773,e00e76552cb5df513d8020a9b5130c483b5643376e552010c0ae59d1000c1028,4|27,approval|neutral,2,5,0,2,2,0,True,True
39838,cce6728c9bb4465f38e9d850b1f7518a4f9d8bcf1d6654f6982f9ed2b8aba284,20|27,optimism|neutral,2,5,0,2,2,0,True,True
39868,5c50411be6aa0bb204c43003017ee17211f1017ae343d068ba74f91308ed0ef6,22|27,realization|neutral,2,5,0,2,2,0,True,True
39939,9d747eda826ce6f9f244d578f46482d18faf4ea7680d95e1121e7f1f2c60b0b0,22|27,realization|neutral,2,5,0,2,2,0,True,True
39947,dd873906acaf04623810d52deec3c4a088b2bd8415c9d199e0bf1086223a92f1,6|27,confusion|neutral,2,5,0,2,2,0,True,True
39962,6832119eba436f745200951bf6558ad8061fdd10a28c9dd2ac28aa03d216f013,7|27,curiosity|neutral,2,5,0,2,2,0,True,True
40035,7c1979099071334f9455a8f1f9e39ec6dea3f305c918fe335ecc362b00b41a7c,6|27,confusion|neutral,2,5,0,2,2,0,True,True
40065,3a7ae69c5317336bf7a14d45db90c9bab1d4549fba9e12542fdcf3f61544d535,25|27,sadness|neutral,2,5,0,2,2,0,True,True
40082,dbb483b58c9ed75b9b5468e089b7281861b127a780c1263aac12021b0ebd000b,3|20|27,annoyance|optimism|neutral,3,5,0,2,2,0,True,True
40094,aee220da53d0464a10c9ea342183cc4eff990aed8e1ba3582819b98d4294a7bf,0|27,admiration|neutral,2,5,1,2,2,0,True,True
40125,b4a3825d06aa4e974d1de1680331f952363ca3b7046262410d129712c8035b97,22|27,realization|neutral,2,5,0,2,2,0,True,True
40160,27e76a1868561c4812bfc14b100ad74ee9f35dadb42a1a201916e326e4cf41a7,15|27,gratitude|neutral,2,5,0,2,2,0,True,True
40207,7f7aa3bae3fe27b2aa27619555d8d3b01e565ef273bd965b59db6621267ff550,8|27,desire|neutral,2,5,0,2,2,0,True,True
40208,6adf49f35777345f588bcb7d63148b680e764bf8ab702735c0cb39d489b43b0d,3|7|27,annoyance|curiosity|neutral,3,5,0,2,2,0,True,True
40220,a60c78365d3e45ffc012f9ba4f928c4c481770f78927c17a9fb1e1fa7ac693a3,11|27,disgust|neutral,2,5,0,2,2,0,True,True
40256,1740493b7e25e72fccff9e968fb125f331608a50b4cf803dda61429e2ed004c2,6|27,confusion|neutral,2,5,0,2,2,0,True,True
40283,480e6ff76139a54b49b64188c4078ad793fa60c4532bd238dd90c275776754f2,7|27,curiosity|neutral,2,5,0,2,3,0,True,True
40287,b581d4925402676d98c710fdb8dbbf8736310b6f38568cda9e8cd17b9c628799,6|27,confusion|neutral,2,5,0,2,2,0,True,True
40335,11ccc36535f376c7288d4d7d3b8815f5a9fb9d0afb4ac94ce46a13650b57bf6b,10|27,disapproval|neutral,2,4,0,2,2,0,True,True
40375,f3ab13f7d9f92ae1157ad69305e70c817cdd91517fb7e6a3a158f6ce4e3c83b7,4|27,approval|neutral,2,5,0,2,2,0,True,True
40387,f9a09e07ceb6f5d3cceccd988b0d71ced43f2d7a1e8861ecb545a803b1dfbd06,13|27,excitement|neutral,2,5,0,2,2,0,True,True
40421,387d8969b8980cccf0d2eac4ff576e52afcdae24e0f26674c79f4b8dcbfa9b93,8|27,desire|neutral,2,5,0,2,2,0,True,True
40450,038054ecc691e74cb870030248ec2a9f5809db8710607670dd60d86952650632,0|27,admiration|neutral,2,5,0,3,2,0,True,True
40459,bf754d818d0e9373feb8b57efe0a89fe4b5d915f60fb68a294d8f2f0e3bbb75b,9|25|27,disappointment|sadness|neutral,3,5,0,2,2,0,True,True
40464,a83a4dfba03b67cef80ab0c766b5d6ed28474e28384623e8fe0644ae254fc26f,17|27,joy|neutral,2,5,0,2,2,0,True,True
40474,468ce992b27f7daaf6e9e69924c270e6b07cc2d2882628432fd0a2a6f09ab73a,5|27,caring|neutral,2,5,0,2,2,0,True,True
40478,2f960ff91edbb0a30046d7dc20f9cb73bfe69660b5ca018e549b92426f0fd931,0|27,admiration|neutral,2,5,0,2,2,0,True,True
40487,cda4d187aa460fc2b433c1252ef1a642bada5ff3770c2adec851d6435728386f,0|27,admiration|neutral,2,5,0,2,2,0,True,True
40500,83924d0a1e1ba7176be2927d5e3dd14c036fa959242608fdb104a3e47e410052,4|27,approval|neutral,2,5,0,2,3,0,True,True
40524,da14a3c39e6911ed1b0c5fd3cd0147522095a1e85dd4625c1a4b8a2538a4c105,3|27,annoyance|neutral,2,5,0,2,2,0,True,True
40543,3d252f0a83688c1c5e2a03445bbdac4f0368dc0e7cabf69584b4fbba1f8f938a,3|27,annoyance|neutral,2,5,0,2,2,0,True,True
40556,7f50ce843df73260a4f6203127c2ffaf68d48b032e06e3564253574bc854e229,3|27,annoyance|neutral,2,5,0,2,2,0,True,True
40584,440b7b4c2b6ad553bb82df5170aac3f1fb94edd59e76e0f794214c2534929e2f,6|27,confusion|neutral,2,5,0,2,2,0,True,True
40614,0809a099a69d65cc0b14cc53f0986dafd9ec535ef181d216a810e459677e075b,2|27,anger|neutral,2,5,0,2,2,0,True,True
40666,0444f4f6577b58370501ee1a1d6ecdc4262356b6c9356a11305cdd54783b1ee3,9|25|27,disappointment|sadness|neutral,3,5,0,2,2,0,True,True
40735,b18035fb9174163a85bf87a80f0d8a9eb9f1c9916d37b4fac432454f57f19960,8|27,desire|neutral,2,5,0,2,2,0,True,True
40736,4e4ffbab557e13b7fe43a5f72381bc6a0a84ed47fa1507e8b725edaf736d200f,10|27,disapproval|neutral,2,5,0,3,2,0,True,True
40748,0897509136ad878867148cf4831bdfb27573bc5323457db001e9610ee35b949d,7|27,curiosity|neutral,2,5,0,2,2,0,True,True
40812,2c46c711e3cf3f5999de54cd71bce7304bbad0c00e31f2fe34d93973c23cd4e9,4|27,approval|neutral,2,5,0,2,3,0,True,True
40814,b5f371970666b522181bf7089a2b8ba0c5452362ea9508274b36ebe8773a1851,4|27,approval|neutral,2,5,0,3,2,0,True,True
40842,c5de96bc8a269c2fe25db03e365ee592a538cda984c4cf1c268077dc6be6343b,6|27,confusion|neutral,2,5,0,3,2,0,True,True
40902,e66f1dbdcd6924c365b95f2b90ac23d20d50f99cb94f9395f42ed4fd71b1ecb0,2|27,anger|neutral,2,5,0,3,2,0,True,True
40911,9a996aa7683d7cb8bd480245e374cfc1dd4b5a70073d7a151794e76f23d7a588,0|27,admiration|neutral,2,5,0,2,2,0,True,True
40936,005664dad6d52d050c66c53f2fc5e585b1245463a3476aad1d683b24669207de,18|27,love|neutral,2,5,0,2,2,0,True,True
41034,f4505962161a7bda7bd1e9aac30e839dda6f7bea571ac1ed40feb447302e88f0,10|27,disapproval|neutral,2,5,0,2,2,0,True,True
41048,e8459117c7555fbfc45f47f555c06c41e95c4be13c1bce88a25a6608b7cc04a5,0|27,admiration|neutral,2,5,0,2,3,0,True,True
41057,d5185d1e0421fc9cec401424183b8eceaf35c0cf0bb3044715c3d1476f2f8e2f,7|27,curiosity|neutral,2,5,0,2,2,0,True,True
41160,85892c254d6030b2e65e956c6ab69f412525fc82630eb3817f3f11a795d28a2f,4|27,approval|neutral,2,5,0,2,2,0,True,True
41184,693fac486126f8989d405495ead2f0ff6e25042bbccfb7b9c8fb672041ff7d8e,4|27,approval|neutral,2,5,0,2,2,0,True,True
41196,d99b135d63c1a43b683147c4c9f9796179482a539be22bafd5662a23a483371b,0|27,admiration|neutral,2,5,0,2,3,0,True,True
41213,ba2113cb492c1474787869cc981813828593dcbfd635dec8ada705a1ab274e94,0|27,admiration|neutral,2,5,0,2,2,0,True,True
41229,ec43c7c869ea762979dd6b8854f5d0cdcce98d3e438d58ce8432cc90cfc17e9f,10|27,disapproval|neutral,2,5,0,2,2,0,True,True
41235,94112273ae227eefbb3529255ea3d426ce0c64061f0402e6006c41e9e8f15b3b,3|27,annoyance|neutral,2,5,0,2,2,0,True,True
41237,531ebbfb45c48a43cc15cc430e26943ecf6654b15a8045ae00431f360d991b05,7|27,curiosity|neutral,2,5,0,3,2,0,True,True
41303,e607250ae81c802933456ad7d0c63e108df69b4562a68ddac999b824a5c17bb9,4|27,approval|neutral,2,5,0,2,2,0,True,True
41307,4e9042ccf1b4542dd5e68f0e72296347d8bdcc3ac55b59977dfaf930baa5bcb9,6|27,confusion|neutral,2,5,0,2,2,0,True,True
41314,6402faaf30cbd8adb46c6c9120bbcb86e5947418131e5778ca45e2e8b22f1525,6|27,confusion|neutral,2,5,0,3,2,0,True,True
41324,d7bc3f6bbf9652b3304ccbde51f74be1e068f8e6f1699a0044dd182c91d2f5fa,4|27,approval|neutral,2,5,0,2,2,0,True,True
41407,5247b484015b781e26525eea6906d0372aae24bbef716b357c7e6b27b9429037,4|13|27,approval|excitement|neutral,3,5,0,2,2,0,True,True
41486,f3a92c5459670274adfbfd431ffc0f0a0b2959f096f1316886a2801988e774f8,26|27,surprise|neutral,2,5,0,2,2,0,True,True
41489,8d2d3a5e659aed645e4253fd5bdd92934f51f16ba857381beb2579a2a52d2f32,7|27,curiosity|neutral,2,5,0,2,2,0,True,True
41501,7e73863dd390047532160641047950b574edf1520d4791d627ba047cc3318403,10|27,disapproval|neutral,2,5,0,2,2,0,True,True
41518,e1c71c8d6a55f1caada421a7d63a445f68a283d30838ad4ec757393319ded96c,0|27,admiration|neutral,2,5,0,2,3,0,True,True
41535,e78d28ac0c51009fd9d32c08835842eef48e4550d0a1727643885aae2f21a98a,25|27,sadness|neutral,2,5,0,2,2,0,True,True
41541,45fc711dcc3a76b12771b62dfc12a51084cb6ebc58af6d2428b360dfb992778c,3|27,annoyance|neutral,2,5,0,2,2,0,True,True
41557,1e5dc1483c107fa50d7c7651fc9a0f3124f71f49cd5cdf1e3f2f905d828ed9bd,15|27,gratitude|neutral,2,5,0,2,3,0,True,True
41649,4cc1d3d29a2cba1912a94c961ea56d0cde0334fee7683c74da386a1f3438fe13,4|27,approval|neutral,2,5,0,2,3,0,True,True
41658,c55ffe109bb3b7ded406910dbc0eeb07759417acfe1f396d28eb053701adccad,10|27,disapproval|neutral,2,5,0,2,2,0,True,True
41720,8cc37285a0f3e0513066dc3e0badc042e789109fbaa7925c2da65fa6f4c6106e,5|27,caring|neutral,2,5,0,3,2,0,True,True
41777,4e0c75623312553a02ec8e8b9e0a5fb1f335144ed6627500f4e25bfb2d5d2c57,3|27,annoyance|neutral,2,5,0,2,2,0,True,True
41779,9759f04ac2531ee3c2e5c6cc47d52d36baae7324c9d07d9f43e3862d97109cbf,11|27,disgust|neutral,2,5,0,2,2,0,True,True
41880,c4d296007cf43d3e107300b220da1a1c103b9dc888fc9791127afb88f51a8933,2|3|27,anger|annoyance|neutral,3,5,0,2,3,0,True,True
42001,362b9f95830bbdc5b10a0aca3db6d6691b9ee157724408a1ba42fe372c2b6fbf,4|27,approval|neutral,2,5,0,2,2,0,True,True
42012,3c0c57b83b19274e727d2d976c9c80c7bfc621727a58952b84f6b44bd3e6b9ba,14|27,fear|neutral,2,5,1,2,2,0,True,True
42018,c86a2312d259dc3453dd9ac4f6179736d3994bee08fd63e4e6a91cf2c354bc49,3|27,annoyance|neutral,2,5,0,2,2,0,True,True
42030,7f240c537b2ac2dd9e116ee471b91e66416a246fd5f667c7cf4eb7945851e8ea,3|27,annoyance|neutral,2,5,0,2,2,0,True,True
42099,25284ffef9fb89cc5410be24466f7907cda6506f271cef8526dedbe8d80acc68,7|27,curiosity|neutral,2,5,0,2,2,0,True,True
42126,4c205c47a383e75ddebffa0de68b612a4991b01182e19ee3b42bc89902e70722,10|27,disapproval|neutral,2,5,0,2,3,0,True,True
42128,bb34d830106630336a816892b9f00102aaa1103a469be5bd3d9e229f514a7682,7|27,curiosity|neutral,2,5,0,2,2,0,True,True
42143,ff7e31e719753e27ca97a6b8ec9e263ea1289ece8519366c094646185a1f0cf7,8|27,desire|neutral,2,5,0,2,2,0,True,True
42203,0a879120adcbaf25565497f7a8a84c656f8caa74d78908efc0c9eebd033a352e,4|27,approval|neutral,2,5,0,2,2,0,True,True
42217,c24b2cd931857fd5866ace2367f2b43e3fa7679b1a3fa2ba480b7ce4fce5d4e4,10|27,disapproval|neutral,2,5,0,2,2,0,True,True
42258,ba805e2be275104d3e097f92f838adefc6f3920f2886f045de529e1d42880709,17|27,joy|neutral,2,5,0,2,2,0,True,True
42264,d74b35cc8f501ae439eb9d15a3f6ed5ba16df91b6f7e8e370bb1080693a7ddb3,4|27,approval|neutral,2,5,0,2,2,0,True,True
42300,59ea30a9641af7c796fa96e6cfa77e7930fd82f97e4bcd8c38615c70c741451f,6|27,confusion|neutral,2,5,0,2,2,0,True,True
42311,9d82a49af3f28fd7893bea7f3e7cd480eab4a49cffe40226044a95c6e1168111,5|27,caring|neutral,2,5,0,2,2,0,True,True
42330,a6e6d9ca09f1a13136b82a3fce2315b64fb8468b5f2ead11d2edcfa0f7dea59c,4|27,approval|neutral,2,5,0,3,2,0,True,True
42386,aa8c258dde3951e97620ffb8feac5723ad5ea29a40c7649b86eae82803c8ce97,20|27,optimism|neutral,2,5,0,2,2,0,True,True
42398,ebe756deff1b0cac7394b408fd16661ae70aaf949fa62ea62f3413ed0345a2c8,10|27,disapproval|neutral,2,5,0,2,2,0,True,True
42467,9b756a7d662b43a70933002987397bdc500b48ded7908752baa3a993cfbf5236,4|27,approval|neutral,2,5,0,2,2,0,True,True
42506,ab26f86c68ae1759b39184adede76a4d31a8231e0c72a72f7e75af9bc765e531,3|27,annoyance|neutral,2,4,0,2,2,0,True,True
42539,6ab206602432dc7dfd7b0864b0e94a635a77c2e6d7be546b8efcf885a725489b,9|27,disappointment|neutral,2,5,0,2,2,0,True,True
42564,b72b30be938154a43f12566319ff1e6ad952fa15fb94014c1de76eb5546778c4,18|27,love|neutral,2,5,0,2,2,0,True,True
42567,459ecd47c83b7a4e55918d3e475050d63d7e8f4e289270e410d59b469af20e12,22|27,realization|neutral,2,5,0,2,2,0,True,True
42594,4f8bbdfa0aea8942e98dbdc047135e24bca625e70bdedefc354b51b5fda36553,15|27,gratitude|neutral,2,4,0,2,2,0,True,True
42611,08221d0a85c34085e2efc599375b6d9e14c4b4eb4a32c9ef00e8c15426aafce5,4|27,approval|neutral,2,5,0,2,2,0,True,True
42624,56a10e36e8e9868336a39ac5d14b7fd4b71158c4e71878d1ea1f1e815318f570,5|27,caring|neutral,2,5,0,2,2,0,True,True
42632,4be97495fd2caf0c28e01f65961ef476afd8b7cd082383ddc10513c70e96fcdd,2|27,anger|neutral,2,5,0,2,2,0,True,True
42638,2568cd8763219294846b0a78b83f744a41ac09dfbb176c685a2bad269637aa86,3|27,annoyance|neutral,2,5,0,3,2,0,True,True
42645,f91c552427a43c90c817582579b507913174a86bea9885a599e9028c71530b8f,10|27,disapproval|neutral,2,5,0,3,2,0,True,True
42654,166698cf75713283947c1873154aa0627572a7c4c1a540ffa41b41cbec59e235,9|27,disappointment|neutral,2,5,0,2,2,0,True,True
42683,6f98182084a894b4d9b361559d382b034bb9a85d2d3adc55e2b4a6d3ca8c9d6e,26|27,surprise|neutral,2,5,0,2,2,0,True,True
42691,4eaaebc11860e8119d9053e45d5faf22abf51b7c70ed1c7030380166fa19efcd,20|27,optimism|neutral,2,5,0,2,2,0,True,True
42702,dcb627184cf4d51cdeff565acb1aac4cab5ab3a26faacd520072efce6f728811,5|14|27,caring|fear|neutral,3,5,0,2,2,0,True,True
42717,b2dd287af3afcaea581e0cd8cd8973bc9d11c2634caf58eaddbc21242141ad49,2|27,anger|neutral,2,5,0,2,2,0,True,True
42727,18e58f8f0261d06b008550843a58964d99424df1496745eba825eec7efea8d72,6|27,confusion|neutral,2,5,0,2,2,0,True,True
42782,4a6ccb8ecdc29f0d0e895bcb4a63958b648eea366b5445372219589ee8188b0e,4|27,approval|neutral,2,5,0,3,2,0,True,True
42816,458b9f2affb310d36180476528ff0e901a0beed7fda6b1bada4e78e9eac3abbf,1|27,amusement|neutral,2,5,0,2,2,0,True,True
42890,9bb5131f3e76fa150b64f938c8ea8a0101d24ccbb246190f0180e454a70f01ad,22|27,realization|neutral,2,5,0,2,2,0,True,True
42930,f75ab7ad004d5863a78a912829d24734100d35606148ab4bcaa9df0530d553a3,2|18|27,anger|love|neutral,3,5,0,2,2,0,True,True
42980,7d3ea8c6c453cc7b38c3c3b168aa3e41a3f01dadab81fa8ca297ef2bf432c94c,17|27,joy|neutral,2,5,0,2,2,0,True,True
43000,470d074088ca9e320c637ecf99681bba64e6e82f4583dc41e9d426b5cc046154,3|27,annoyance|neutral,2,5,0,2,2,0,True,True
43027,20b08cdb2acb42c2bd86305910acc16c1d557a1b7637c8164af49bdcc0e9113c,6|27,confusion|neutral,2,5,0,2,2,0,True,True
43090,1b2a636be9c0558f9af7b0667ed1a43c045d72cb2b2f4b161f820b972362b179,13|27,excitement|neutral,2,5,0,3,2,0,True,True
43125,c429bd6c1a73eabc83f05ce35a207f71f53c422cd0a89ef8201c930185c931a1,7|27,curiosity|neutral,2,5,0,2,2,0,True,True
43148,86a29ba3f56b5ae22c5d0c12bcc8f8aab2f216f31dac7bce5cdd17995699c1ce,0|27,admiration|neutral,2,5,0,2,2,0,True,True
43154,63e9a7d27521daf5b0e57cef683c0a32e53e6d7f0c254780a158459f7fd00e67,4|27,approval|neutral,2,5,0,2,2,0,True,True
43168,ff19c0fd1d1dc24a156cc1c359b1ba9f4c1f92b99e55d1955950f24d5294e38c,18|27,love|neutral,2,5,0,2,2,0,True,True
43205,f5974d4f5871f1fce3e85ce544ddf18c3878deb05859e0216d5f5a49e2a874cf,2|27,anger|neutral,2,5,0,2,2,0,True,True
43214,e3cc596001f71f8104b3386ce1e29a952a8e4517dccc420ceb5bbf1bff53f11a,7|27,curiosity|neutral,2,5,0,2,2,0,True,True
43221,65662e5fba7ea570fe797827a4e246c5432de2a9dafc26e64899d70f7d898050,25|27,sadness|neutral,2,5,0,2,2,0,True,True
43233,a5cbcf341af2ea2758dcba48f2c2efd551386064b05a5ca40dd9f333a275d294,7|27,curiosity|neutral,2,5,0,2,2,0,True,True
43294,406192378563eed01f0d5202dd5b57bc3c8e0bfaf975372635339083510818b2,10|27,disapproval|neutral,2,5,0,2,2,0,True,True
43314,1e98965ab9fcec30a873a4c61a9f58479f3f168cc4fbaf1f88bfe8571bd55ed3,4|27,approval|neutral,2,5,0,2,2,0,True,True
43329,e133848699b0916664ac3d654ff53c11cf876fdbc7155c4faf54abb87cdf0cec,19|27,nervousness|neutral,2,5,0,2,2,0,True,True
43334,c57f4f7ed48d0c6dc3278e34ccd30799c6c9a5607de40bbe82252180ff782aef,10|27,disapproval|neutral,2,5,0,2,2,0,True,True
43342,a530661f3c2dc0000c986200d8f30155f1da00060bbb6529d263e2d1c738b22b,22|27,realization|neutral,2,4,0,2,2,0,True,True
43383,8f83e3afcf330c0d7c455437108cbdd6af8e2b38cd813557d53ece6352fb0f0e,14|27,fear|neutral,2,5,0,2,2,0,True,True
43384,dc54b5b0296998b48daaa41f8efd762efd97877186ef0309329be2b5b8e8b452,14|27,fear|neutral,2,5,0,2,2,0,True,True
43405,8ac7a034d82c29fd7241bc2a5f7d1c7bc87e8cabd0c7242523541521680d7f66,7|27,curiosity|neutral,2,5,0,2,2,0,True,True
