row_number,gold_label_ids,gold_labels,predicted_label_ids,predicted_labels
1,27,neutral,0|12|13|15|18|20|24,admiration|embarrassment|excitement|gratitude|love|optimism|remorse
2,4|27,approval|neutral,3|6|10|13|17|20|26,annoyance|confusion|disapproval|excitement|joy|optimism|surprise
3,25,sadness,2|4|6|7|13|14|18|20|27,anger|approval|confusion|curiosity|excitement|fear|love|optimism|neutral
4,4|27,approval|neutral,0|2|7|18|25|26,admiration|anger|curiosity|love|sadness|surprise
5,20,optimism,0|11|14|20|26,admiration|disgust|fear|optimism|surprise
6,15,gratitude,2|3|6|9|20|25,anger|annoyance|confusion|disappointment|optimism|sadness
7,2,anger,1|4|5|17|27,amusement|approval|caring|joy|neutral
8,27,neutral,3|4|6|17|20|26|27,annoyance|approval|confusion|joy|optimism|surprise|neutral
9,20,optimism,7|9|25|26,curiosity|disappointment|sadness|surprise
10,10,disapproval,0|4|5|9|10|14|15|18|20|24,admiration|approval|caring|disappointment|disapproval|fear|gratitude|love|optimism|remorse
11,18,love,0|4|5|26|27,admiration|approval|caring|surprise|neutral
12,12|22,embarrassment|realization,1|9|10|15|20|27,amusement|disappointment|disapproval|gratitude|optimism|neutral
13,16,grief,2|6|9|11|14|20|27,anger|confusion|disappointment|disgust|fear|optimism|neutral
14,27,neutral,4|5|6|13|15|17,approval|caring|confusion|excitement|gratitude|joy
15,1|3|25,amusement|annoyance|sadness,0|3|18|20|22|24|25|27,admiration|annoyance|love|optimism|realization|remorse|sadness|neutral
16,2|3,anger|annoyance,3|7|10|12|14|17|18|22,annoyance|curiosity|disapproval|embarrassment|fear|joy|love|realization
17,25,sadness,2|3|8|24|25,anger|annoyance|desire|remorse|sadness
18,27,neutral,3|5|10|13|14|15|17|20|22,annoyance|caring|disapproval|excitement|fear|gratitude|joy|optimism|realization
19,27,neutral,2|4|6|10|15|22|27,anger|approval|confusion|disapproval|gratitude|realization|neutral
20,3|10,annoyance|disapproval,0|2|3|10|13|15|18|25|27,admiration|anger|annoyance|disapproval|excitement|gratitude|love|sadness|neutral
21,9,disappointment,1|3|4|5|7|11|15|17|18|26,amusement|annoyance|approval|caring|curiosity|disgust|gratitude|joy|love|surprise
22,0,admiration,2|5|6|7|17|20|24,anger|caring|confusion|curiosity|joy|optimism|remorse
23,10,disapproval,2|3|5|9|15|17|18|26,anger|annoyance|caring|disappointment|gratitude|joy|love|surprise
24,5|27,caring|neutral,4|7|12|15|22|27,approval|curiosity|embarrassment|gratitude|realization|neutral
25,27,neutral,1|3|5|11|27,amusement|annoyance|caring|disgust|neutral
26,7|24,curiosity|remorse,2|4|9|10|24|27,anger|approval|disappointment|disapproval|remorse|neutral
27,3,annoyance,0|2|4|7|13|17|26|27,admiration|anger|approval|curiosity|excitement|joy|surprise|neutral
28,27,neutral,7|15|20|27,curiosity|gratitude|optimism|neutral
29,0|15,admiration|gratitude,0|7|9|10|17|25|27,admiration|curiosity|disappointment|disapproval|joy|sadness|neutral
30,27,neutral,0|1|2|7,admiration|amusement|anger|curiosity
31,17,joy,0|4|5|6|17|18,admiration|approval|caring|confusion|joy|love
32,14,fear,2|5|9|15|17|18|25|27,anger|caring|disappointment|gratitude|joy|love|sadness|neutral
33,27,neutral,0|3|4|10|12|13|20,admiration|annoyance|approval|disapproval|embarrassment|excitement|optimism
34,27,neutral,3|5|6|7|10|14|17|18|26,annoyance|caring|confusion|curiosity|disapproval|fear|joy|love|surprise
35,24,remorse,9|10|11|13|15|22,disappointment|disapproval|disgust|excitement|gratitude|realization
36,25,sadness,0|5|7|15,admiration|caring|curiosity|gratitude
37,27,neutral,0|2|15|25|27,admiration|anger|gratitude|sadness|neutral
38,10,disapproval,4|9|13|15|18|20|26,approval|disappointment|excitement|gratitude|love|optimism|surprise
39,1,amusement,0|1|2|5|7|10|13|14|27,admiration|amusement|anger|caring|curiosity|disapproval|excitement|fear|neutral
40,15,gratitude,0|1|4|6|8|9|10|17|22|25,admiration|amusement|approval|confusion|desire|disappointment|disapproval|joy|realization|sadness
41,18,love,2|9|10|26,anger|disappointment|disapproval|surprise
42,15,gratitude,2|3|5|6|15|22|26|27,anger|annoyance|caring|confusion|gratitude|realization|surprise|neutral
43,24,remorse,5|17|18|22|25,caring|joy|love|realization|sadness
44,7,curiosity,1|7|10|17|18|25,amusement|curiosity|disapproval|joy|love|sadness
45,27,neutral,0|3|6|7|9|15|17|26,admiration|annoyance|confusion|curiosity|disappointment|gratitude|joy|surprise
46,3|4,annoyance|approval,9|11|22|25,disappointment|disgust|realization|sadness
47,14,fear,0|2|3|4|5|7|9|17|25|26,admiration|anger|annoyance|approval|caring|curiosity|disappointment|joy|sadness|surprise
48,27,neutral,0|2|8|11|27,admiration|anger|desire|disgust|neutral
49,8,desire,1|2|5|9|17|20|22,amusement|anger|caring|disappointment|joy|optimism|realization
50,7,curiosity,1|4|6|7|9|10|14|20|22|25|27,amusement|approval|confusion|curiosity|disappointment|disapproval|fear|optimism|realization|sadness|neutral
51,27,neutral,4|7|9|10|14|25,approval|curiosity|disappointment|disapproval|fear|sadness
52,24,remorse,0|1|2|3|10|15|22|25|27,admiration|amusement|anger|annoyance|disapproval|gratitude|realization|sadness|neutral
53,4,approval,1|10|20|27,amusement|disapproval|optimism|neutral
54,7,curiosity,5|9|10|11|17|18|22,caring|disappointment|disapproval|disgust|joy|love|realization
55,27,neutral,2|10|11|15|17|18|27,anger|disapproval|disgust|gratitude|joy|love|neutral
56,13,excitement,1|3|4|5|9|10|13|27,amusement|annoyance|approval|caring|disappointment|disapproval|excitement|neutral
57,1|6|7|24,amusement|confusion|curiosity|remorse,0|2|3|4|5|10|18|22,admiration|anger|annoyance|approval|caring|disapproval|love|realization
58,14,fear,0|3|4|5|7|9|15|18|27,admiration|annoyance|approval|caring|curiosity|disappointment|gratitude|love|neutral
59,6,confusion,1|3|5|10|15|18,amusement|annoyance|caring|disapproval|gratitude|love
60,4,approval,1|4|6|10|15|18|20,amusement|approval|confusion|disapproval|gratitude|love|optimism
61,7,curiosity,5|10|18|27,caring|disapproval|love|neutral
62,27,neutral,2|4|27,anger|approval|neutral
63,22,realization,0|6|13|14|15|18|27,admiration|confusion|excitement|fear|gratitude|love|neutral
64,27,neutral,3|8|11,annoyance|desire|disgust
65,10,disapproval,2|3|4|5,anger|annoyance|approval|caring
66,1,amusement,0|3|6|10|15|22|27,admiration|annoyance|confusion|disapproval|gratitude|realization|neutral
67,27,neutral,3|6|10|13|22|27,annoyance|confusion|disapproval|excitement|realization|neutral
68,0|17,admiration|joy,1|8|14|15|17|18,amusement|desire|fear|gratitude|joy|love
69,27,neutral,0|4|9,admiration|approval|disappointment
70,10,disapproval,2|4|6|13|14|15|22|25|26,anger|approval|confusion|excitement|fear|gratitude|realization|sadness|surprise
71,0,admiration,1|2|3|6|7|10|13|15|20,amusement|anger|annoyance|confusion|curiosity|disapproval|excitement|gratitude|optimism
72,3|27,annoyance|neutral,0|1|2|5|8|9|10|20|27,admiration|amusement|anger|caring|desire|disappointment|disapproval|optimism|neutral
73,2,anger,1|5|8|14|20|25,amusement|caring|desire|fear|optimism|sadness
74,4,approval,0|2|6|27,admiration|anger|confusion|neutral
75,27,neutral,0|1|4|7|18,admiration|amusement|approval|curiosity|love
76,27,neutral,0|2|3|5|15|18,admiration|anger|annoyance|caring|gratitude|love
77,15,gratitude,8|18|22|26|27,desire|love|realization|surprise|neutral
78,6,confusion,0|5|7|13|17|20|26,admiration|caring|curiosity|excitement|joy|optimism|surprise
79,20,optimism,2|3|4|5|11|15|18,anger|annoyance|approval|caring|disgust|gratitude|love
80,3,annoyance,1|7|13|15|20|27,amusement|curiosity|excitement|gratitude|optimism|neutral
81,27,neutral,6|27,confusion|neutral
82,27,neutral,0|1|2|15|20|22,admiration|amusement|anger|gratitude|optimism|realization
83,0,admiration,0|4|6|7|9|10|17|20|26,admiration|approval|confusion|curiosity|disappointment|disapproval|joy|optimism|surprise
84,9,disappointment,0|2|3|4|5|6|7|17,admiration|anger|annoyance|approval|caring|confusion|curiosity|joy
85,10|27,disapproval|neutral,3|10|15|27,annoyance|disapproval|gratitude|neutral
86,1|10|15,amusement|disapproval|gratitude,1|2|3|5|18|20|27,amusement|anger|annoyance|caring|love|optimism|neutral
87,0,admiration,0|2|3|5|27,admiration|anger|annoyance|caring|neutral
88,7|27,curiosity|neutral,3|4|10|18|25,annoyance|approval|disapproval|love|sadness
89,10,disapproval,0|1|2|5|6|9|10|14|15|26|27,admiration|amusement|anger|caring|confusion|disappointment|disapproval|fear|gratitude|surprise|neutral
90,7,curiosity,9|22|27,disappointment|realization|neutral
91,11|26,disgust|surprise,10|27,disapproval|neutral
92,2|10,anger|disapproval,1|2|3|15|17|20,amusement|anger|annoyance|gratitude|joy|optimism
93,1,amusement,0|2|7|9|10|11|13|17|20|25,admiration|anger|curiosity|disappointment|disapproval|disgust|excitement|joy|optimism|sadness
94,15,gratitude,0|1|7|10|11|15|17|20,admiration|amusement|curiosity|disapproval|disgust|gratitude|joy|optimism
95,0,admiration,7|11|14|18|27,curiosity|disgust|fear|love|neutral
96,6,confusion,0|5|6|11|13|17|20|22|24|27,admiration|caring|confusion|disgust|excitement|joy|optimism|realization|remorse|neutral
97,5|24,caring|remorse,5|6|9|15|20|24|25,caring|confusion|disappointment|gratitude|optimism|remorse|sadness
98,27,neutral,0|3|6|7|9|18|20|25|26|27,admiration|annoyance|confusion|curiosity|disappointment|love|optimism|sadness|surprise|neutral
99,27,neutral,0|1|3|7|13|14|17|25,admiration|amusement|annoyance|curiosity|excitement|fear|joy|sadness
100,5|27,caring|neutral,2|10|27,anger|disapproval|neutral
101,27,neutral,1|6|7|15,amusement|confusion|curiosity|gratitude
102,0|18,admiration|love,0|2|4|6|13|15|27,admiration|anger|approval|confusion|excitement|gratitude|neutral
103,27,neutral,1|6|7|9|27,amusement|confusion|curiosity|disappointment|neutral
104,14,fear,2|3|10|15|17|27,anger|annoyance|disapproval|gratitude|joy|neutral
105,0|17,admiration|joy,2|6|7|18|24|27,anger|confusion|curiosity|love|remorse|neutral
106,17,joy,0|15|17|22|27,admiration|gratitude|joy|realization|neutral
107,4,approval,1|2|3|7|22|27,amusement|anger|annoyance|curiosity|realization|neutral
108,1|4,amusement|approval,5|6|7|8|10|11|15|17|26,caring|confusion|curiosity|desire|disapproval|disgust|gratitude|joy|surprise
109,7,curiosity,3|25|26,annoyance|sadness|surprise
110,15|27,gratitude|neutral,6|9|10|20|27,confusion|disappointment|disapproval|optimism|neutral
111,27,neutral,3|4|9|18|19|22,annoyance|approval|disappointment|love|nervousness|realization
112,20,optimism,0|1|3|4|9|10|13|19,admiration|amusement|annoyance|approval|disappointment|disapproval|excitement|nervousness
113,23,relief,0|2|3|7|9|11|17|19|26,admiration|anger|annoyance|curiosity|disappointment|disgust|joy|nervousness|surprise
114,27,neutral,3|15|20|22|27,annoyance|gratitude|optimism|realization|neutral
115,27,neutral,7|10|13|17|22|23,curiosity|disapproval|excitement|joy|realization|relief
116,27,neutral,0|1|3|5|10|15|17|22|26,admiration|amusement|annoyance|caring|disapproval|gratitude|joy|realization|surprise
117,15,gratitude,0|5|7|8|11|15|17|26,admiration|caring|curiosity|desire|disgust|gratitude|joy|surprise
118,4,approval,0|4|10|11|15|22|24,admiration|approval|disapproval|disgust|gratitude|realization|remorse
119,1|27,amusement|neutral,0|1|3|9|11|17|20|24|25|27,admiration|amusement|annoyance|disappointment|disgust|joy|optimism|remorse|sadness|neutral
120,18,love,0|1|9|10|18,admiration|amusement|disappointment|disapproval|love
121,11|12,disgust|embarrassment,0|1|2|10|26,admiration|amusement|anger|disapproval|surprise
122,7,curiosity,7|10|14|20|22|24|26,curiosity|disapproval|fear|optimism|realization|remorse|surprise
123,13|17,excitement|joy,1|4|10|14|15|20|22,amusement|approval|disapproval|fear|gratitude|optimism|realization
124,3|27,annoyance|neutral,0|2|3|6|7|9|11|15|20|25,admiration|anger|annoyance|confusion|curiosity|disappointment|disgust|gratitude|optimism|sadness
125,25,sadness,0|1|3|11|12|15|20|26,admiration|amusement|annoyance|disgust|embarrassment|gratitude|optimism|surprise
126,27,neutral,0|1|4|22,admiration|amusement|approval|realization
127,2,anger,2|10|17|20|27,anger|disapproval|joy|optimism|neutral
128,27,neutral,0|10|13|27,admiration|disapproval|excitement|neutral
129,0,admiration,0|1|2|5|9|10|11|15|20,admiration|amusement|anger|caring|disappointment|disapproval|disgust|gratitude|optimism
130,17,joy,0|2|6|7|9|25|27,admiration|anger|confusion|curiosity|disappointment|sadness|neutral
131,5,caring,1|4|7|14|18|22|23|25,amusement|approval|curiosity|fear|love|realization|relief|sadness
132,6|27,confusion|neutral,4|6|7|9|15|18|22|25,approval|confusion|curiosity|disappointment|gratitude|love|realization|sadness
133,11,disgust,1|2|3|10|17|20|22,amusement|anger|annoyance|disapproval|joy|optimism|realization
134,4,approval,0|9|10|13|20,admiration|disappointment|disapproval|excitement|optimism
135,27,neutral,3|5|7|9|18|20|26,annoyance|caring|curiosity|disappointment|love|optimism|surprise
136,15,gratitude,0|2|5|18|22,admiration|anger|caring|love|realization
137,4,approval,0|2|3|6|7|9,admiration|anger|annoyance|confusion|curiosity|disappointment
138,7,curiosity,0|7|8|10|14|15,admiration|curiosity|desire|disapproval|fear|gratitude
139,5,caring,0|1|4|10|13|14|20|26,admiration|amusement|approval|disapproval|excitement|fear|optimism|surprise
140,27,neutral,1|2|4|13|15,amusement|anger|approval|excitement|gratitude
141,0,admiration,3|5|15|27,annoyance|caring|gratitude|neutral
142,27,neutral,5|7|8|14|15|18|26,caring|curiosity|desire|fear|gratitude|love|surprise
143,27,neutral,3|4|6|7|10|13|14|20|24|26,annoyance|approval|confusion|curiosity|disapproval|excitement|fear|optimism|remorse|surprise
144,10,disapproval,2|5|9|17|18|25|27,anger|caring|disappointment|joy|love|sadness|neutral
145,27,neutral,0|15|20|26|27,admiration|gratitude|optimism|surprise|neutral
146,4|20,approval|optimism,0|1|2|4|5|6|9|13|19|20,admiration|amusement|anger|approval|caring|confusion|disappointment|excitement|nervousness|optimism
147,7,curiosity,0|3|6|10|11|13|14|15|17,admiration|annoyance|confusion|disapproval|disgust|excitement|fear|gratitude|joy
148,26,surprise,1|2|3|4|6|8|17|18|20|22,amusement|anger|annoyance|approval|confusion|desire|joy|love|optimism|realization
149,27,neutral,0|1|3|13|25,admiration|amusement|annoyance|excitement|sadness
150,27,neutral,0|2|4|5|17|18|27,admiration|anger|approval|caring|joy|love|neutral
151,27,neutral,4|8|9|10|11|17|18|22|25,approval|desire|disappointment|disapproval|disgust|joy|love|realization|sadness
152,17,joy,1|4|10|11|14|25|26,amusement|approval|disapproval|disgust|fear|sadness|surprise
153,15,gratitude,1|3|9|11|17|18|25,amusement|annoyance|disappointment|disgust|joy|love|sadness
154,13,excitement,3|7|9|27,annoyance|curiosity|disappointment|neutral
155,26,surprise,1|10|12|15|17|22|25|26|27,amusement|disapproval|embarrassment|gratitude|joy|realization|sadness|surprise|neutral
156,2,anger,2|6|13|17|18|20,anger|confusion|excitement|joy|love|optimism
157,27,neutral,0|2|3|5|15,admiration|anger|annoyance|caring|gratitude
158,4,approval,0|1|2|4|15|17|18|22|24|26,admiration|amusement|anger|approval|gratitude|joy|love|realization|remorse|surprise
159,0,admiration,0|4|5|13|14|15|20|26|27,admiration|approval|caring|excitement|fear|gratitude|optimism|surprise|neutral
160,17,joy,2|3|4|13|17|18|27,anger|annoyance|approval|excitement|joy|love|neutral
161,4,approval,4|7|9|20,approval|curiosity|disappointment|optimism
162,4|5,approval|caring,11|14|17|20|26|27,disgust|fear|joy|optimism|surprise|neutral
163,27,neutral,3|5|7|11,annoyance|caring|curiosity|disgust
164,7,curiosity,1|7|10|15|20|22|25|26,amusement|curiosity|disapproval|gratitude|optimism|realization|sadness|surprise
165,24,remorse,1|3|13|15|20|26,amusement|annoyance|excitement|gratitude|optimism|surprise
166,12|26,embarrassment|surprise,2|6|7|8|9|17,anger|confusion|curiosity|desire|disappointment|joy
167,27,neutral,9|10,disappointment|disapproval
168,0|25,admiration|sadness,3|5|10|15|18,annoyance|caring|disapproval|gratitude|love
169,4,approval,0|1|4|13|15|17|18,admiration|amusement|approval|excitement|gratitude|joy|love
170,17,joy,1|4|5|6|10|14,amusement|approval|caring|confusion|disapproval|fear
171,27,neutral,1|4|7|13|15|18|20|27,amusement|approval|curiosity|excitement|gratitude|love|optimism|neutral
172,27,neutral,8|15|16|18,desire|gratitude|grief|love
173,5,caring,0|1|2|3|9|11|22|25|27,admiration|amusement|anger|annoyance|disappointment|disgust|realization|sadness|neutral
174,15,gratitude,0|1|4|6|7|8|9|10|14|15|25,admiration|amusement|approval|confusion|curiosity|desire|disappointment|disapproval|fear|gratitude|sadness
175,27,neutral,3|6|7|9|15|22|27,annoyance|confusion|curiosity|disappointment|gratitude|realization|neutral
176,10,disapproval,1|3|13|14|17|18|27,amusement|annoyance|excitement|fear|joy|love|neutral
177,17,joy,0|3|5|7|8|10|20|27,admiration|annoyance|caring|curiosity|desire|disapproval|optimism|neutral
178,27,neutral,0|6|7|11|24|27,admiration|confusion|curiosity|disgust|remorse|neutral
179,10,disapproval,0|1|3|7|13|15|18|27,admiration|amusement|annoyance|curiosity|excitement|gratitude|love|neutral
180,15,gratitude,0|2|3|9|10|11|15|17,admiration|anger|annoyance|disappointment|disapproval|disgust|gratitude|joy
181,4,approval,0|3|7|11|20|22|24|26|27,admiration|annoyance|curiosity|disgust|optimism|realization|remorse|surprise|neutral
182,27,neutral,0|2|4|5|20|27,admiration|anger|approval|caring|optimism|neutral
183,27,neutral,5|10|27,caring|disapproval|neutral
184,2,anger,5|8|10|13|15|17|27,caring|desire|disapproval|excitement|gratitude|joy|neutral
185,18,love,0|2|4|10|18,admiration|anger|approval|disapproval|love
186,5,caring,0|3|7|9|11|17|20|22,admiration|annoyance|curiosity|disappointment|disgust|joy|optimism|realization
187,7,curiosity,6|7|8|9|10|15|17|24,confusion|curiosity|desire|disappointment|disapproval|gratitude|joy|remorse
188,1|5,amusement|caring,0|2|3|8|10|18|20|27,admiration|anger|annoyance|desire|disapproval|love|optimism|neutral
189,10,disapproval,0|2|9|10|22|25|27,admiration|anger|disappointment|disapproval|realization|sadness|neutral
190,27,neutral,2|3|4|6|7,anger|annoyance|approval|confusion|curiosity
191,27,neutral,2|3|5|15|25,anger|annoyance|caring|gratitude|sadness
192,7,curiosity,0|3|6|7|11|17,admiration|annoyance|confusion|curiosity|disgust|joy
193,9,disappointment,2|6|13|15|20|27,anger|confusion|excitement|gratitude|optimism|neutral
194,15,gratitude,3|4|5|7|9|13|17|20|26,annoyance|approval|caring|curiosity|disappointment|excitement|joy|optimism|surprise
195,27,neutral,0|3|18|27,admiration|annoyance|love|neutral
196,27,neutral,2|3|7|9|10|13,anger|annoyance|curiosity|disappointment|disapproval|excitement
197,4|5,approval|caring,0|7|9|10|13|14|20|25|27,admiration|curiosity|disappointment|disapproval|excitement|fear|optimism|sadness|neutral
198,3,annoyance,0|1|4|6|9|13|15|17|22|25|26,admiration|amusement|approval|confusion|disappointment|excitement|gratitude|joy|realization|sadness|surprise
199,1,amusement,2|8|17|18|25|27,anger|desire|joy|love|sadness|neutral
200,15,gratitude,0|2|3|5|6|9|13|15|17|24|26,admiration|anger|annoyance|caring|confusion|disappointment|excitement|gratitude|joy|remorse|surprise
201,27,neutral,5|7|15|17|18|26|27,caring|curiosity|gratitude|joy|love|surprise|neutral
202,27,neutral,0|3|6|7|27,admiration|annoyance|confusion|curiosity|neutral
203,27,neutral,3|7|18|27,annoyance|curiosity|love|neutral
204,7,curiosity,3|9|13|15|24|27,annoyance|disappointment|excitement|gratitude|remorse|neutral
205,0|9,admiration|disappointment,3|4|14|18,annoyance|approval|fear|love
206,0,admiration,0|1|6|14|18|27,admiration|amusement|confusion|fear|love|neutral
207,0,admiration,1|3|6|7|9|13|20|27,amusement|annoyance|confusion|curiosity|disappointment|excitement|optimism|neutral
208,27,neutral,0|1|2|4|10|15|22|27,admiration|amusement|anger|approval|disapproval|gratitude|realization|neutral
209,18,love,5|8|12|14|15|18|25,caring|desire|embarrassment|fear|gratitude|love|sadness
210,5,caring,0|2|7|17|18|22|26,admiration|anger|curiosity|joy|love|realization|surprise
211,9,disappointment,0|4|6|27,admiration|approval|confusion|neutral
212,2,anger,0|3|4|5|11|25,admiration|annoyance|approval|caring|disgust|sadness
213,27,neutral,0|15|25|27,admiration|gratitude|sadness|neutral
214,10,disapproval,1|8|13|15|25,amusement|desire|excitement|gratitude|sadness
215,15,gratitude,0|7|9|15|17|27,admiration|curiosity|disappointment|gratitude|joy|neutral
216,18,love,0|3|7|14|22|27,admiration|annoyance|curiosity|fear|realization|neutral
217,27,neutral,3|5|8|10|15|17|22,annoyance|caring|desire|disapproval|gratitude|joy|realization
218,1|20,amusement|optimism,2|3|6|7|13|26|27,anger|annoyance|confusion|curiosity|excitement|surprise|neutral
219,27,neutral,1|4|10|13|17|22|27,amusement|approval|disapproval|excitement|joy|realization|neutral
220,24,remorse,0|17|18|26|27,admiration|joy|love|surprise|neutral
221,5,caring,0|7|13|17|22|24|26,admiration|curiosity|excitement|joy|realization|remorse|surprise
222,13,excitement,0|5|7|15|20|22|26,admiration|caring|curiosity|gratitude|optimism|realization|surprise
223,27,neutral,3|4|5|9|18|19|24,annoyance|approval|caring|disappointment|love|nervousness|remorse
224,4,approval,3|9|10|25|27,annoyance|disappointment|disapproval|sadness|neutral
225,6|27,confusion|neutral,3|6|7|10|18|20|25,annoyance|confusion|curiosity|disapproval|love|optimism|sadness
226,8,desire,6|8|9|10|11|15|17|18|20|22|25|27,confusion|desire|disappointment|disapproval|disgust|gratitude|joy|love|optimism|realization|sadness|neutral
227,25,sadness,3|4|6|9|11|13|14|15,annoyance|approval|confusion|disappointment|disgust|excitement|fear|gratitude
228,27,neutral,4|10|13|14|20|25|26,approval|disapproval|excitement|fear|optimism|sadness|surprise
229,7|15,curiosity|gratitude,0|1|7,admiration|amusement|curiosity
230,0,admiration,1|4|13|20,amusement|approval|excitement|optimism
231,18|20,love|optimism,0|4|7|27,admiration|approval|curiosity|neutral
232,7,curiosity,3|17|18|27,annoyance|joy|love|neutral
233,21,pride,1|20|24|27,amusement|optimism|remorse|neutral
234,3,annoyance,0|1|3|8|19|22|27,admiration|amusement|annoyance|desire|nervousness|realization|neutral
235,18|20,love|optimism,0|1|2|3|9|10|26,admiration|amusement|anger|annoyance|disappointment|disapproval|surprise
236,15,gratitude,3|8|11|14|20|26|27,annoyance|desire|disgust|fear|optimism|surprise|neutral
237,18,love,4|6|7|9|10|14|17|18|25|26|27,approval|confusion|curiosity|disappointment|disapproval|fear|joy|love|sadness|surprise|neutral
238,4,approval,0|1|5|7|8|13|15|23,admiration|amusement|caring|curiosity|desire|excitement|gratitude|relief
239,27,neutral,5|8|9|18|20|22|27,caring|desire|disappointment|love|optimism|realization|neutral
240,15,gratitude,4|7|15|18|20|26|27,approval|curiosity|gratitude|love|optimism|surprise|neutral
241,27,neutral,17|18|24|27,joy|love|remorse|neutral
242,0,admiration,2|3|6|9|10|11|14|15|17|27,anger|annoyance|confusion|disappointment|disapproval|disgust|fear|gratitude|joy|neutral
243,15,gratitude,0|4|5|10|13|15|18|24,admiration|approval|caring|disapproval|excitement|gratitude|love|remorse
244,4,approval,2|3|4|6|7|15|18,anger|annoyance|approval|confusion|curiosity|gratitude|love
245,20,optimism,10|18|26|27,disapproval|love|surprise|neutral
246,13,excitement,4|6|20|27,approval|confusion|optimism|neutral
247,27,neutral,4|7|9|11|13|14|20|24,approval|curiosity|disappointment|disgust|excitement|fear|optimism|remorse
248,27,neutral,5|7|10|18|20|26,caring|curiosity|disapproval|love|optimism|surprise
249,3,annoyance,0|2|3|7|8|10|27,admiration|anger|annoyance|curiosity|desire|disapproval|neutral
250,27,neutral,1|7|18|24,amusement|curiosity|love|remorse
251,1,amusement,0|1|3|7|14,admiration|amusement|annoyance|curiosity|fear
252,27,neutral,2|6|9|18|20|27,anger|confusion|disappointment|love|optimism|neutral
253,27,neutral,0|2|9|27,admiration|anger|disappointment|neutral
254,4|17|27,approval|joy|neutral,4|6|8|17|27,approval|confusion|desire|joy|neutral
255,27,neutral,1|6|8|25|27,amusement|confusion|desire|sadness|neutral
256,27,neutral,6|11|17|18|27,confusion|disgust|joy|love|neutral
257,9|22,disappointment|realization,0|1|3|4|6|10,admiration|amusement|annoyance|approval|confusion|disapproval
258,6,confusion,1|7|17|22|26,amusement|curiosity|joy|realization|surprise
259,4,approval,0|2|9|15|18|20,admiration|anger|disappointment|gratitude|love|optimism
260,3|10,annoyance|disapproval,5|10,caring|disapproval
261,5,caring,6|7|10|18|22,confusion|curiosity|disapproval|love|realization
262,1|20,amusement|optimism,1|7|8|9|12|13|14|20|23|27,amusement|curiosity|desire|disappointment|embarrassment|excitement|fear|optimism|relief|neutral
263,10,disapproval,3|5|8|9|10|13|14,annoyance|caring|desire|disappointment|disapproval|excitement|fear
264,27,neutral,0|2|3|5|6|18|20|22|27,admiration|anger|annoyance|caring|confusion|love|optimism|realization|neutral
265,18|20,love|optimism,0|2|3|8|9|10|26|27,admiration|anger|annoyance|desire|disappointment|disapproval|surprise|neutral
266,2,anger,0|22|25|26|27,admiration|realization|sadness|surprise|neutral
267,7,curiosity,2|3|7|17|27,anger|annoyance|curiosity|joy|neutral
268,26,surprise,0|7|10|13|14|25,admiration|curiosity|disapproval|excitement|fear|sadness
269,2|9,anger|disappointment,5|6|8|17,caring|confusion|desire|joy
270,17,joy,3|7|9|22|27,annoyance|curiosity|disappointment|realization|neutral
271,27,neutral,0|1|4|10,admiration|amusement|approval|disapproval
272,20,optimism,3|7|9|11|24|25|27,annoyance|curiosity|disappointment|disgust|remorse|sadness|neutral
273,13|17|21,excitement|joy|pride,3|4|5|6|7|20|23|26,annoyance|approval|caring|confusion|curiosity|optimism|relief|surprise
274,10,disapproval,1|2|3|5|10|17|26|27,amusement|anger|annoyance|caring|disapproval|joy|surprise|neutral
275,8,desire,0|3|4|5|17|27,admiration|annoyance|approval|caring|joy|neutral
276,7,curiosity,0|4|10|18|26,admiration|approval|disapproval|love|surprise
277,22,realization,0|1|6|9|15|20|25,admiration|amusement|confusion|disappointment|gratitude|optimism|sadness
278,0|8,admiration|desire,0|1|3|4|6|7|9,admiration|amusement|annoyance|approval|confusion|curiosity|disappointment
279,4,approval,0|2|3|9|11|18|25|27,admiration|anger|annoyance|disappointment|disgust|love|sadness|neutral
280,27,neutral,1|2|4|6|10|15,amusement|anger|approval|confusion|disapproval|gratitude
281,27,neutral,4|5|6|14|15|17|20|24|25,approval|caring|confusion|fear|gratitude|joy|optimism|remorse|sadness
282,1,amusement,0|1|2|5|6|17|18|25|27,admiration|amusement|anger|caring|confusion|joy|love|sadness|neutral
283,1|26,amusement|surprise,0|4|6|15,admiration|approval|confusion|gratitude
284,15,gratitude,2|5|10|11|15|17|25,anger|caring|disapproval|disgust|gratitude|joy|sadness
285,15,gratitude,5|7|18|20,caring|curiosity|love|optimism
286,8,desire,0|4|5|13|15|17|22|24,admiration|approval|caring|excitement|gratitude|joy|realization|remorse
287,15,gratitude,1|9|10|13|15|20|27,amusement|disappointment|disapproval|excitement|gratitude|optimism|neutral
288,0,admiration,1|2|20|27,amusement|anger|optimism|neutral
289,27,neutral,1|2|3|7|20|22|27,amusement|anger|annoyance|curiosity|optimism|realization|neutral
290,25,sadness,4|5|14|18|20|27,approval|caring|fear|love|optimism|neutral
291,27,neutral,2|3|10|25|27,anger|annoyance|disapproval|sadness|neutral
292,19,nervousness,0|5|10|11|22|27,admiration|caring|disapproval|disgust|realization|neutral
293,7|8,curiosity|desire,2|3|22,anger|annoyance|realization
294,5|10,caring|disapproval,0|4|14|15|17|27,admiration|approval|fear|gratitude|joy|neutral
295,4|13,approval|excitement,3|6|10|18,annoyance|confusion|disapproval|love
296,1|17,amusement|joy,1|5|7|20|25,amusement|caring|curiosity|optimism|sadness
297,8,desire,9|14|17|18|27,disappointment|fear|joy|love|neutral
298,11|12,disgust|embarrassment,1|3|7|11|20|22|26,amusement|annoyance|curiosity|disgust|optimism|realization|surprise
299,2,anger,3|11|18|26|27,annoyance|disgust|love|surprise|neutral
300,7,curiosity,2|4|5|10|11|14|15|17|20|26,anger|approval|caring|disapproval|disgust|fear|gratitude|joy|optimism|surprise
301,1,amusement,1|13|14|20|27,amusement|excitement|fear|optimism|neutral
302,18,love,0|12|15|18|26,admiration|embarrassment|gratitude|love|surprise
303,9,disappointment,4|6|9|18|20|22|24|26,approval|confusion|disappointment|love|optimism|realization|remorse|surprise
304,27,neutral,1|3|4|20,amusement|annoyance|approval|optimism
305,27,neutral,1|2|3|9|27,amusement|anger|annoyance|disappointment|neutral
306,27,neutral,2|7|9|10|13|24|27,anger|curiosity|disappointment|disapproval|excitement|remorse|neutral
307,0|27,admiration|neutral,0|3|4|17|18|22|25|27,admiration|annoyance|approval|joy|love|realization|sadness|neutral
308,27,neutral,0|2|10|11|14|17|18|25|26,admiration|anger|disapproval|disgust|fear|joy|love|sadness|surprise
309,20,optimism,3|7|8|10|11|15|22,annoyance|curiosity|desire|disapproval|disgust|gratitude|realization
310,20,optimism,1|5|6|7|11|13|14|25,amusement|caring|confusion|curiosity|disgust|excitement|fear|sadness
311,10,disapproval,5|8|10|15|22|25|26,caring|desire|disapproval|gratitude|realization|sadness|surprise
312,7|19,curiosity|nervousness,1|8|18|25|26|27,amusement|desire|love|sadness|surprise|neutral
313,27,neutral,0|1|5|9|13|18|20|27,admiration|amusement|caring|disappointment|excitement|love|optimism|neutral
314,2,anger,0|1|4|8|9|10|13|27,admiration|amusement|approval|desire|disappointment|disapproval|excitement|neutral
315,10,disapproval,4|7|18,approval|curiosity|love
316,27,neutral,1|2|4|5|8|9|10|22|24,amusement|anger|approval|caring|desire|disappointment|disapproval|realization|remorse
317,2,anger,3|4|5|6|10|13|25,annoyance|approval|caring|confusion|disapproval|excitement|sadness
318,27,neutral,0|1|2|7|9|10|17|18|20|22,admiration|amusement|anger|curiosity|disappointment|disapproval|joy|love|optimism|realization
319,27,neutral,0|1|5|18|27,admiration|amusement|caring|love|neutral
320,4,approval,7|8|12|14|17|18|20,curiosity|desire|embarrassment|fear|joy|love|optimism
321,3,annoyance,1|2|27,amusement|anger|neutral
322,27,neutral,0|3|6|11|14|17|18|20|26|27,admiration|annoyance|confusion|disgust|fear|joy|love|optimism|surprise|neutral
323,10|15,disapproval|gratitude,0|1|2|4|8|15|25,admiration|amusement|anger|approval|desire|gratitude|sadness
324,1|17,amusement|joy,2|5|10|13|15|20|25,anger|caring|disapproval|excitement|gratitude|optimism|sadness
325,2|3,anger|annoyance,1|4|6|7|18|22|24|26,amusement|approval|confusion|curiosity|love|realization|remorse|surprise
326,27,neutral,1|4|14|15|17|20|22|26,amusement|approval|fear|gratitude|joy|optimism|realization|surprise
327,27,neutral,5|7|15|18|25|26,caring|curiosity|gratitude|love|sadness|surprise
328,17,joy,2|15|27,anger|gratitude|neutral
329,15,gratitude,4|10|17|20|25,approval|disapproval|joy|optimism|sadness
330,27,neutral,26|27,surprise|neutral
331,27,neutral,0|3|15|17|18|20|25,admiration|annoyance|gratitude|joy|love|optimism|sadness
332,27,neutral,1|4|6|7|9|11|13|14|17|18|20|26,amusement|approval|confusion|curiosity|disappointment|disgust|excitement|fear|joy|love|optimism|surprise
333,27,neutral,4|15|26,approval|gratitude|surprise
334,20,optimism,2|9|14|18|22|25|27,anger|disappointment|fear|love|realization|sadness|neutral
335,3,annoyance,0|7|15|26|27,admiration|curiosity|gratitude|surprise|neutral
336,5|24,caring|remorse,0|2|4|5|7|13|15|20|22,admiration|anger|approval|caring|curiosity|excitement|gratitude|optimism|realization
337,0|15,admiration|gratitude,0|1|2|4|5|18|26,admiration|amusement|anger|approval|caring|love|surprise
338,25,sadness,0|1|3|4|5|15|18|20|24|25,admiration|amusement|annoyance|approval|caring|gratitude|love|optimism|remorse|sadness
339,3,annoyance,1|2|3|10|13|26|27,amusement|anger|annoyance|disapproval|excitement|surprise|neutral
340,13,excitement,1|4|8|17|18|21|27,amusement|approval|desire|joy|love|pride|neutral
341,0,admiration,0|6|7|11|15|25,admiration|confusion|curiosity|disgust|gratitude|sadness
342,1,amusement,3|4|6|18|22|24|27,annoyance|approval|confusion|love|realization|remorse|neutral
343,27,neutral,1|2|6|9|26,amusement|anger|confusion|disappointment|surprise
344,7,curiosity,0|4|6|9|13|14|27,admiration|approval|confusion|disappointment|excitement|fear|neutral
345,14,fear,0|2|3|4|5|6|7|11|13|20,admiration|anger|annoyance|approval|caring|confusion|curiosity|disgust|excitement|optimism
346,27,neutral,5|6|15|18|26|27,caring|confusion|gratitude|love|surprise|neutral
347,3,annoyance,4|7|10|17|25|26,approval|curiosity|disapproval|joy|sadness|surprise
348,13,excitement,0|3|7|9|13|15|27,admiration|annoyance|curiosity|disappointment|excitement|gratitude|neutral
349,0|5|20,admiration|caring|optimism,2|5|6|7|9|13|14|18|22|26|27,anger|caring|confusion|curiosity|disappointment|excitement|fear|love|realization|surprise|neutral
350,26,surprise,3|7|9|12|17|27,annoyance|curiosity|disappointment|embarrassment|joy|neutral
351,27,neutral,0|3|15|20|24|26,admiration|annoyance|gratitude|optimism|remorse|surprise
352,27,neutral,1|3|5|7|15|18|20|26,amusement|annoyance|caring|curiosity|gratitude|love|optimism|surprise
353,5,caring,5|9|10|15|22|25|27,caring|disappointment|disapproval|gratitude|realization|sadness|neutral
354,6|27,confusion|neutral,0|6|7|15|27,admiration|confusion|curiosity|gratitude|neutral
355,7,curiosity,1|4|10|15|17|27,amusement|approval|disapproval|gratitude|joy|neutral
356,26,surprise,8|13|26|27,desire|excitement|surprise|neutral
357,0,admiration,1|5|6|8|15|18|27,amusement|caring|confusion|desire|gratitude|love|neutral
358,27,neutral,2|3|4|9|13|15|17,anger|annoyance|approval|disappointment|excitement|gratitude|joy
359,10|20,disapproval|optimism,1|2|6|7|15|22|25|27,amusement|anger|confusion|curiosity|gratitude|realization|sadness|neutral
360,27,neutral,2|6|17|25,anger|confusion|joy|sadness
361,1,amusement,2|3|11|13|15,anger|annoyance|disgust|excitement|gratitude
362,0,admiration,2|5|10|13|24|27,anger|caring|disapproval|excitement|remorse|neutral
363,3|9,annoyance|disappointment,0|1|10|18|25|27,admiration|amusement|disapproval|love|sadness|neutral
364,4,approval,2|5|18|27,anger|caring|love|neutral
365,0|27,admiration|neutral,7|17|24|25|27,curiosity|joy|remorse|sadness|neutral
366,0,admiration,1|4|15|20,amusement|approval|gratitude|optimism
367,27,neutral,1|3|4|6|9|10|15|20|26,amusement|annoyance|approval|confusion|disappointment|disapproval|gratitude|optimism|surprise
368,3|9,annoyance|disappointment,3|4|5|13|20|22|27,annoyance|approval|caring|excitement|optimism|realization|neutral
369,27,neutral,0|1|3|4|5|13|18,admiration|amusement|annoyance|approval|caring|excitement|love
370,8,desire,0|3|4|6|9|15|18|24|26,admiration|annoyance|approval|confusion|disappointment|gratitude|love|remorse|surprise
371,27,neutral,5|6|7|15|20|27,caring|confusion|curiosity|gratitude|optimism|neutral
372,6,confusion,0|1|4|22|24,admiration|amusement|approval|realization|remorse
373,0|18,admiration|love,2|3|8|17|18|20,anger|annoyance|desire|joy|love|optimism
374,4|6|7,approval|confusion|curiosity,3|8|13|20|26,annoyance|desire|excitement|optimism|surprise
375,27,neutral,0|2|3|6|10|14|22|24,admiration|anger|annoyance|confusion|disapproval|fear|realization|remorse
376,27,neutral,0|2|15|17|18|25,admiration|anger|gratitude|joy|love|sadness
377,13,excitement,2|3|4|6|18|27,anger|annoyance|approval|confusion|love|neutral
378,24,remorse,0|1|2|9|12|17|26|27,admiration|amusement|anger|disappointment|embarrassment|joy|surprise|neutral
379,20,optimism,0|4|10|12|15|18|22,admiration|approval|disapproval|embarrassment|gratitude|love|realization
380,18,love,5|13|14|18|19|27,caring|excitement|fear|love|nervousness|neutral
381,1|27,amusement|neutral,0|2|4|9|11|20|22|24|27,admiration|anger|approval|disappointment|disgust|optimism|realization|remorse|neutral
382,6,confusion,3|4|8|13|18|24|27,annoyance|approval|desire|excitement|love|remorse|neutral
383,4|27,approval|neutral,0|1|2|4|5|6|7|8|13|18|22|26,admiration|amusement|anger|approval|caring|confusion|curiosity|desire|excitement|love|realization|surprise
384,27,neutral,3|4|9|17|20|26|27,annoyance|approval|disappointment|joy|optimism|surprise|neutral
385,6,confusion,0|1|3|11|17|20|25,admiration|amusement|annoyance|disgust|joy|optimism|sadness
386,1,amusement,0|1|2|4|5|6|9|15|17|22,admiration|amusement|anger|approval|caring|confusion|disappointment|gratitude|joy|realization
387,4|27,approval|neutral,0|2|4|7|9|15|18,admiration|anger|approval|curiosity|disappointment|gratitude|love
388,10,disapproval,2|4|7|10|15|17|26,anger|approval|curiosity|disapproval|gratitude|joy|surprise
389,3|9|25,annoyance|disappointment|sadness,1|17|18|20,amusement|joy|love|optimism
390,4,approval,2|3|6|19|27,anger|annoyance|confusion|nervousness|neutral
391,7,curiosity,3|7|15|24|27,annoyance|curiosity|gratitude|remorse|neutral
392,7,curiosity,7|8|9|17|18,curiosity|desire|disappointment|joy|love
393,27,neutral,2|8|15|27,anger|desire|gratitude|neutral
394,0|9,admiration|disappointment,4|7|9|11|15|22|27,approval|curiosity|disappointment|disgust|gratitude|realization|neutral
395,27,neutral,0|5|7|11|15|18|26,admiration|caring|curiosity|disgust|gratitude|love|surprise
396,0|3,admiration|annoyance,4|6|10|22|27,approval|confusion|disapproval|realization|neutral
397,25,sadness,2|3|4|5|6|7|12|20|22|24|25,anger|annoyance|approval|caring|confusion|curiosity|embarrassment|optimism|realization|remorse|sadness
398,1|11,amusement|disgust,1|3|8|9|10|17|18|25|27,amusement|annoyance|desire|disappointment|disapproval|joy|love|sadness|neutral
399,2|3,anger|annoyance,5|7|15|17|18|27,caring|curiosity|gratitude|joy|love|neutral
400,3,annoyance,0|1|4|5|15|17|27,admiration|amusement|approval|caring|gratitude|joy|neutral
401,27,neutral,3|5|12|17|20|25|26,annoyance|caring|embarrassment|joy|optimism|sadness|surprise
402,17,joy,2|7|12|18|27,anger|curiosity|embarrassment|love|neutral
403,3,annoyance,3|4|7|9|10|12|14|20|22|25|26,annoyance|approval|curiosity|disappointment|disapproval|embarrassment|fear|optimism|realization|sadness|surprise
404,0,admiration,4|7|17|20|27,approval|curiosity|joy|optimism|neutral
405,6,confusion,0|1|10|17|18,admiration|amusement|disapproval|joy|love
406,11,disgust,4|17|20|25,approval|joy|optimism|sadness
407,0,admiration,0|1|3|4|7|9|14|18|25,admiration|amusement|annoyance|approval|curiosity|disappointment|fear|love|sadness
408,27,neutral,1|2|7|10|15|20,amusement|anger|curiosity|disapproval|gratitude|optimism
409,9,disappointment,13|15|17|18,excitement|gratitude|joy|love
410,15,gratitude,0|4|6|7|9|14|17|18|22|27,admiration|approval|confusion|curiosity|disappointment|fear|joy|love|realization|neutral
411,0,admiration,1|7|10|13|15,amusement|curiosity|disapproval|excitement|gratitude
412,27,neutral,2|3|5|9|15|18|22|26|27,anger|annoyance|caring|disappointment|gratitude|love|realization|surprise|neutral
413,0|27,admiration|neutral,1|4|6|7|8|13|14|25|27,amusement|approval|confusion|curiosity|desire|excitement|fear|sadness|neutral
414,10,disapproval,0|2|4|9|24,admiration|anger|approval|disappointment|remorse
415,27,neutral,2|3|22|25|26,anger|annoyance|realization|sadness|surprise
416,2|3,anger|annoyance,4|6|10|11|22|26,approval|confusion|disapproval|disgust|realization|surprise
417,27,neutral,0|6|7|8|10|20|24|27,admiration|confusion|curiosity|desire|disapproval|optimism|remorse|neutral
418,0|1,admiration|amusement,0|3|5|7|10|11|17|22|26,admiration|annoyance|caring|curiosity|disapproval|disgust|joy|realization|surprise
419,15,gratitude,0|5|6|9|11|25|27,admiration|caring|confusion|disappointment|disgust|sadness|neutral
420,14,fear,0|2|3|4|5|11|13|14|26,admiration|anger|annoyance|approval|caring|disgust|excitement|fear|surprise
421,11,disgust,0|2|5|20|25|27,admiration|anger|caring|optimism|sadness|neutral
422,10,disapproval,6|7|10|15|27,confusion|curiosity|disapproval|gratitude|neutral
423,4|14,approval|fear,5|7|15|27,caring|curiosity|gratitude|neutral
424,0,admiration,2|13|15|17|18|21|25|27,anger|excitement|gratitude|joy|love|pride|sadness|neutral
425,3|27,annoyance|neutral,0|3|4|7|10|17|18|22,admiration|annoyance|approval|curiosity|disapproval|joy|love|realization
426,12,embarrassment,2|9|10|20|27,anger|disappointment|disapproval|optimism|neutral
427,26,surprise,2|7|15|17|20,anger|curiosity|gratitude|joy|optimism
428,0|18,admiration|love,0|1|4|9|15|24|26|27,admiration|amusement|approval|disappointment|gratitude|remorse|surprise|neutral
429,22,realization,1|7|9|13|27,amusement|curiosity|disappointment|excitement|neutral
430,11,disgust,0|1|4|25|26,admiration|amusement|approval|sadness|surprise
431,24,remorse,1|3|11|25|26|27,amusement|annoyance|disgust|sadness|surprise|neutral
432,7,curiosity,0|4|9|17|18,admiration|approval|disappointment|joy|love
433,27,neutral,0|1|4|10|13|27,admiration|amusement|approval|disapproval|excitement|neutral
434,0,admiration,0|2|4|26|27,admiration|anger|approval|surprise|neutral
435,3,annoyance,2|7|10|17|18|25|26|27,anger|curiosity|disapproval|joy|love|sadness|surprise|neutral
436,27,neutral,1|5|6|7|9|20|26|27,amusement|caring|confusion|curiosity|disappointment|optimism|surprise|neutral
437,27,neutral,1|27,amusement|neutral
438,7|26,curiosity|surprise,0|2|4|12|13|20,admiration|anger|approval|embarrassment|excitement|optimism
439,27,neutral,4|15|18|20|27,approval|gratitude|love|optimism|neutral
440,0,admiration,3|7|9|10|20|27,annoyance|curiosity|disappointment|disapproval|optimism|neutral
441,27,neutral,0|13|17|18|20|26|27,admiration|excitement|joy|love|optimism|surprise|neutral
442,7,curiosity,2|6|13|17|18|20|22|27,anger|confusion|excitement|joy|love|optimism|realization|neutral
443,10,disapproval,4|7|11|15|18|25,approval|curiosity|disgust|gratitude|love|sadness
444,25,sadness,0|4|10|15|17|22,admiration|approval|disapproval|gratitude|joy|realization
445,24|25,remorse|sadness,0|5|10|13|15|17|18|27,admiration|caring|disapproval|excitement|gratitude|joy|love|neutral
446,1|27,amusement|neutral,3|15|18|27,annoyance|gratitude|love|neutral
447,25,sadness,1|2|9|10|17,amusement|anger|disappointment|disapproval|joy
448,24,remorse,3|5|7|17|18|25|27,annoyance|caring|curiosity|joy|love|sadness|neutral
449,13,excitement,2|3|5|10|18|26,anger|annoyance|caring|disapproval|love|surprise
450,0|4,admiration|approval,6|15|25|27,confusion|gratitude|sadness|neutral
451,4|21,approval|pride,1|4|17|22|25,amusement|approval|joy|realization|sadness
452,4,approval,1|3|15|18|27,amusement|annoyance|gratitude|love|neutral
453,18,love,0|2|4|6|14|17|18|25,admiration|anger|approval|confusion|fear|joy|love|sadness
454,27,neutral,1|2|10|11|13|15|18|20|25|27,amusement|anger|disapproval|disgust|excitement|gratitude|love|optimism|sadness|neutral
455,25,sadness,0|6|15|17|18|25,admiration|confusion|gratitude|joy|love|sadness
456,27,neutral,4|5|6|15|17|24,approval|caring|confusion|gratitude|joy|remorse
457,4,approval,0|3|9|10|15|22|27,admiration|annoyance|disappointment|disapproval|gratitude|realization|neutral
458,26,surprise,3|4|9|18|25|26,annoyance|approval|disappointment|love|sadness|surprise
459,27,neutral,0|1|3|13|18|25|27,admiration|amusement|annoyance|excitement|love|sadness|neutral
460,27,neutral,0|4|6|7|15|23|25,admiration|approval|confusion|curiosity|gratitude|relief|sadness
461,6,confusion,0|2|4|7|8|10|22|25|27,admiration|anger|approval|curiosity|desire|disapproval|realization|sadness|neutral
462,27,neutral,1|2|13|27,amusement|anger|excitement|neutral
463,7,curiosity,2|3|5|7|9|10|13|20,anger|annoyance|caring|curiosity|disappointment|disapproval|excitement|optimism
464,0|20,admiration|optimism,1|2|13|18|22|27,amusement|anger|excitement|love|realization|neutral
465,27,neutral,0|1|4|5|20|21|27,admiration|amusement|approval|caring|optimism|pride|neutral
466,9,disappointment,1|2|6|10|26,amusement|anger|confusion|disapproval|surprise
467,27,neutral,0|3|7|11|20,admiration|annoyance|curiosity|disgust|optimism
468,27,neutral,10|11|27,disapproval|disgust|neutral
469,21,pride,1|5|13|17|20,amusement|caring|excitement|joy|optimism
470,27,neutral,4|5|8|10|14|17|18,approval|caring|desire|disapproval|fear|joy|love
471,0,admiration,8|10|18|20|22,desire|disapproval|love|optimism|realization
472,14,fear,1|3|4|10|20,amusement|annoyance|approval|disapproval|optimism
473,27,neutral,0|1|5|6|7|18|20|25|27,admiration|amusement|caring|confusion|curiosity|love|optimism|sadness|neutral
474,27,neutral,0|10|20|27,admiration|disapproval|optimism|neutral
475,27,neutral,1|2|3|4|6|9|10|11|18|25,amusement|anger|annoyance|approval|confusion|disappointment|disapproval|disgust|love|sadness
476,17,joy,4|5|10|14|15|20,approval|caring|disapproval|fear|gratitude|optimism
477,2|11,anger|disgust,0|4|5|9|20|22|25|27,admiration|approval|caring|disappointment|optimism|realization|sadness|neutral
478,27,neutral,4|5|7|18|24,approval|caring|curiosity|love|remorse
479,0,admiration,0|1|2|5|7|8|10|18|20,admiration|amusement|anger|caring|curiosity|desire|disapproval|love|optimism
480,26,surprise,4|7|13|15|18|27,approval|curiosity|excitement|gratitude|love|neutral
481,4|20,approval|optimism,2|4|9|10|20|26,anger|approval|disappointment|disapproval|optimism|surprise
482,0,admiration,0|1|3|17|18|27,admiration|amusement|annoyance|joy|love|neutral
483,10,disapproval,1|3|4|7|8|9|25,amusement|annoyance|approval|curiosity|desire|disappointment|sadness
484,2,anger,11|18|20|27,disgust|love|optimism|neutral
485,11,disgust,0|4|5|7|14|15|17|27,admiration|approval|caring|curiosity|fear|gratitude|joy|neutral
486,15,gratitude,1|4|7|10|13|15|17|27,amusement|approval|curiosity|disapproval|excitement|gratitude|joy|neutral
487,6|7,confusion|curiosity,1|11|13|14|15|18|25|26,amusement|disgust|excitement|fear|gratitude|love|sadness|surprise
488,1,amusement,0|4|14|17|24|26|27,admiration|approval|fear|joy|remorse|surprise|neutral
489,27,neutral,3|4|5|6|9|18|20|25,annoyance|approval|caring|confusion|disappointment|love|optimism|sadness
490,10,disapproval,0|1|2|3|10|13|15|20,admiration|amusement|anger|annoyance|disapproval|excitement|gratitude|optimism
491,27,neutral,2|3|4|5|17|27,anger|annoyance|approval|caring|joy|neutral
492,27,neutral,2|5|7|9|10|11|15|18|25,anger|caring|curiosity|disappointment|disapproval|disgust|gratitude|love|sadness
493,0,admiration,0|2|15|22|25|27,admiration|anger|gratitude|realization|sadness|neutral
494,27,neutral,1|7|15|26,amusement|curiosity|gratitude|surprise
495,27,neutral,2|10,anger|disapproval
496,15|26,gratitude|surprise,1|4|9|13|20,amusement|approval|disappointment|excitement|optimism
497,6,confusion,1|20|22,amusement|optimism|realization
498,17|20,joy|optimism,1|2|3|5|7|9|10|20|26,amusement|anger|annoyance|caring|curiosity|disappointment|disapproval|optimism|surprise
499,5,caring,0|4|15|18|27,admiration|approval|gratitude|love|neutral
500,7,curiosity,0|1|4|5|10|20|22,admiration|amusement|approval|caring|disapproval|optimism|realization
501,0,admiration,2|9|18|26|27,anger|disappointment|love|surprise|neutral
502,14|22,fear|realization,1|6|8|9|17|20|22|26|27,amusement|confusion|desire|disappointment|joy|optimism|realization|surprise|neutral
503,26,surprise,6|7|8|9|10|22|24|25,confusion|curiosity|desire|disappointment|disapproval|realization|remorse|sadness
504,4,approval,3|6|15|17|20|27,annoyance|confusion|gratitude|joy|optimism|neutral
505,18,love,1|7|11|15|22|25|26|27,amusement|curiosity|disgust|gratitude|realization|sadness|surprise|neutral
506,18,love,5|6|10|14|25|27,caring|confusion|disapproval|fear|sadness|neutral
507,11,disgust,3|4|6|9|10|15|25|26,annoyance|approval|confusion|disappointment|disapproval|gratitude|sadness|surprise
508,4,approval,0|4|6|7|17|18|22,admiration|approval|confusion|curiosity|joy|love|realization
509,20|27,optimism|neutral,2|6|16|18|27,anger|confusion|grief|love|neutral
510,17|23,joy|relief,2|3|4|9|11|15|17|18|24|25,anger|annoyance|approval|disappointment|disgust|gratitude|joy|love|remorse|sadness
511,10,disapproval,3|5|10|15|27,annoyance|caring|disapproval|gratitude|neutral
512,27,neutral,0|3|5|13|15|24|25|26|27,admiration|annoyance|caring|excitement|gratitude|remorse|sadness|surprise|neutral
513,0,admiration,0|1|3|4|11|26|27,admiration|amusement|annoyance|approval|disgust|surprise|neutral
514,12,embarrassment,0|2|3|7|10,admiration|anger|annoyance|curiosity|disapproval
515,27,neutral,11|13|14|15|18|24,disgust|excitement|fear|gratitude|love|remorse
516,0,admiration,7|9|13|17|18|24|25|27,curiosity|disappointment|excitement|joy|love|remorse|sadness|neutral
517,2,anger,3|5|8|10|15|18|22|27,annoyance|caring|desire|disapproval|gratitude|love|realization|neutral
518,17,joy,1|5|17|20|22|26|27,amusement|caring|joy|optimism|realization|surprise|neutral
519,16|18,grief|love,2|5|6|7|8|9|17|20|26,anger|caring|confusion|curiosity|desire|disappointment|joy|optimism|surprise
520,10,disapproval,0|2|3|5|8|10|20|25|27,admiration|anger|annoyance|caring|desire|disapproval|optimism|sadness|neutral
521,27,neutral,4|7|12|15|18|22|26,approval|curiosity|embarrassment|gratitude|love|realization|surprise
522,1|4,amusement|approval,1|2|4|7|10|11|15|17|18|22,amusement|anger|approval|curiosity|disapproval|disgust|gratitude|joy|love|realization
523,6,confusion,3|4|6|10|12|15|18|22,annoyance|approval|confusion|disapproval|embarrassment|gratitude|love|realization
524,14,fear,1|7|9|10|14|15|25|27,amusement|curiosity|disappointment|disapproval|fear|gratitude|sadness|neutral
525,26,surprise,2|3|15|17|26|27,anger|annoyance|gratitude|joy|surprise|neutral
526,0|4|17,admiration|approval|joy,3|9|13|20|22|27,annoyance|disappointment|excitement|optimism|realization|neutral
527,20,optimism,9|13|15|16|17|18|25,disappointment|excitement|gratitude|grief|joy|love|sadness
528,25,sadness,0|1|6|7|13|15|27,admiration|amusement|confusion|curiosity|excitement|gratitude|neutral
529,27,neutral,27,neutral
530,9,disappointment,0|1|4|18|20|27,admiration|amusement|approval|love|optimism|neutral
531,1,amusement,0|13|17|20|24|27,admiration|excitement|joy|optimism|remorse|neutral
532,3,annoyance,0|1|3|4|6|7|8|9|10|11|14|17|22,admiration|amusement|annoyance|approval|confusion|curiosity|desire|disappointment|disapproval|disgust|fear|joy|realization
533,22,realization,0|1|2|8|13,admiration|amusement|anger|desire|excitement
534,27,neutral,0|1|4|5|10|12|15|18|27,admiration|amusement|approval|caring|disapproval|embarrassment|gratitude|love|neutral
535,27,neutral,0|1|5|11|27,admiration|amusement|caring|disgust|neutral
536,18,love,1|6|11|15|17|27,amusement|confusion|disgust|gratitude|joy|neutral
537,27,neutral,0|1|6|27,admiration|amusement|confusion|neutral
538,27,neutral,0|2|3|7|12|14|26|27,admiration|anger|annoyance|curiosity|embarrassment|fear|surprise|neutral
539,2|26,anger|surprise,0|26,admiration|surprise
540,7,curiosity,0|7|8|22|25|26,admiration|curiosity|desire|realization|sadness|surprise
541,5,caring,0|2|6|7|14|15,admiration|anger|confusion|curiosity|fear|gratitude
542,10,disapproval,0|1|3|6|14|18|20|26,admiration|amusement|annoyance|confusion|fear|love|optimism|surprise
543,16|24|25,grief|remorse|sadness,1|3|20|27,amusement|annoyance|optimism|neutral
544,27,neutral,1|3|5|9|17|18|22|26,amusement|annoyance|caring|disappointment|joy|love|realization|surprise
545,13,excitement,7|8|17|20|21|24|27,curiosity|desire|joy|optimism|pride|remorse|neutral
546,0,admiration,4|9|17|18|25|27,approval|disappointment|joy|love|sadness|neutral
547,27,neutral,0|1|3|4|7|10|13|17|18|27,admiration|amusement|annoyance|approval|curiosity|disapproval|excitement|joy|love|neutral
548,0,admiration,2|3|4|5|17|27,anger|annoyance|approval|caring|joy|neutral
549,7,curiosity,0|10|11|17|20,admiration|disapproval|disgust|joy|optimism
550,0,admiration,0|1|2|15|20|27,admiration|amusement|anger|gratitude|optimism|neutral
551,27,neutral,0|15|22|27,admiration|gratitude|realization|neutral
552,3,annoyance,2|3|7|8|13|15|18|26,anger|annoyance|curiosity|desire|excitement|gratitude|love|surprise
553,27,neutral,14|17|20|22|24|27,fear|joy|optimism|realization|remorse|neutral
554,17|24,joy|remorse,1|4|6|15|17|20|25|27,amusement|approval|confusion|gratitude|joy|optimism|sadness|neutral
555,0,admiration,0|8|15|20|22|24|27,admiration|desire|gratitude|optimism|realization|remorse|neutral
556,20|22,optimism|realization,0|3|6|9|14|17|18,admiration|annoyance|confusion|disappointment|fear|joy|love
557,27,neutral,0|4|7|13|17|20|22,admiration|approval|curiosity|excitement|joy|optimism|realization
558,5,caring,1|10|13|14|17|22|27,amusement|disapproval|excitement|fear|joy|realization|neutral
559,11,disgust,3|7|9|15|24|27,annoyance|curiosity|disappointment|gratitude|remorse|neutral
560,9|12,disappointment|embarrassment,5|6|11|13|20|23,caring|confusion|disgust|excitement|optimism|relief
561,20,optimism,3|22|24,annoyance|realization|remorse
562,17|27,joy|neutral,0|1|8|10|11|25,admiration|amusement|desire|disapproval|disgust|sadness
563,27,neutral,0|2|7|10|11|14|17,admiration|anger|curiosity|disapproval|disgust|fear|joy
564,7,curiosity,0|1|2|3|4|9|10|14|20,admiration|amusement|anger|annoyance|approval|disappointment|disapproval|fear|optimism
565,0|18,admiration|love,0|4|5|11|15|20|27,admiration|approval|caring|disgust|gratitude|optimism|neutral
566,27,neutral,0|4|22|25|26,admiration|approval|realization|sadness|surprise
567,9,disappointment,4|6|10|15|18|27,approval|confusion|disapproval|gratitude|love|neutral
568,0,admiration,0|1|2|4|12|15|24,admiration|amusement|anger|approval|embarrassment|gratitude|remorse
569,7,curiosity,2|9|10|15|17|20|22,anger|disappointment|disapproval|gratitude|joy|optimism|realization
570,22,realization,1|2|3|5|7|10|17,amusement|anger|annoyance|caring|curiosity|disapproval|joy
571,27,neutral,0|6|9|12|13|15|17|18|25|26,admiration|confusion|disappointment|embarrassment|excitement|gratitude|joy|love|sadness|surprise
572,27,neutral,6|9|13|24|26|27,confusion|disappointment|excitement|remorse|surprise|neutral
573,1,amusement,2|3|7|8|10|14|15|17|18|25,anger|annoyance|curiosity|desire|disapproval|fear|gratitude|joy|love|sadness
574,15,gratitude,0|3|4|7|9|17|26,admiration|annoyance|approval|curiosity|disappointment|joy|surprise
575,27,neutral,1|3|18|26|27,amusement|annoyance|love|surprise|neutral
576,20,optimism,0|1|2|3|7|17|22,admiration|amusement|anger|annoyance|curiosity|joy|realization
577,1|17,amusement|joy,0|1|2|5|15|25|27,admiration|amusement|anger|caring|gratitude|sadness|neutral
578,0,admiration,1|2|5|6,amusement|anger|caring|confusion
579,10|20,disapproval|optimism,1|3|13|27,amusement|annoyance|excitement|neutral
580,14,fear,1|6|7|14|15|18|27,amusement|confusion|curiosity|fear|gratitude|love|neutral
581,4|21,approval|pride,1|2|10|15|18|27,amusement|anger|disapproval|gratitude|love|neutral
582,15|20,gratitude|optimism,0|1|4|6|10|17|18,admiration|amusement|approval|confusion|disapproval|joy|love
583,7,curiosity,5|10|17|18|27,caring|disapproval|joy|love|neutral
584,3,annoyance,6|9|17|20|27,confusion|disappointment|joy|optimism|neutral
585,27,neutral,4|20|22|27,approval|optimism|realization|neutral
586,27,neutral,1|3|6|9|11|15|20,amusement|annoyance|confusion|disappointment|disgust|gratitude|optimism
587,13|15|26,excitement|gratitude|surprise,0|3|5|7|14|18|27,admiration|annoyance|caring|curiosity|fear|love|neutral
588,27,neutral,3|10|15|20,annoyance|disapproval|gratitude|optimism
589,27,neutral,0|18|25,admiration|love|sadness
590,6,confusion,1|2|3,amusement|anger|annoyance
591,27,neutral,26|27,surprise|neutral
592,1,amusement,1|13|15|17|20|25|26|27,amusement|excitement|gratitude|joy|optimism|sadness|surprise|neutral
593,0,admiration,4|10|15|18|22|25,approval|disapproval|gratitude|love|realization|sadness
594,9|26,disappointment|surprise,0|5|8|9|15|22|27,admiration|caring|desire|disappointment|gratitude|realization|neutral
595,7,curiosity,0|3|6|7|22|26,admiration|annoyance|confusion|curiosity|realization|surprise
596,20,optimism,1|2|3|7|13|15|17|18|25,amusement|anger|annoyance|curiosity|excitement|gratitude|joy|love|sadness
597,0,admiration,8|9|14|27,desire|disappointment|fear|neutral
598,1,amusement,3|4|6|7|22|27,annoyance|approval|confusion|curiosity|realization|neutral
599,18,love,2|3|9|10|13|17|18|20,anger|annoyance|disappointment|disapproval|excitement|joy|love|optimism
600,10|27,disapproval|neutral,5|8|14|17|18|20|25|26,caring|desire|fear|joy|love|optimism|sadness|surprise
601,27,neutral,0|2|6|9|11|15,admiration|anger|confusion|disappointment|disgust|gratitude
602,3|5|22,annoyance|caring|realization,2|5|11|15|17|20|27,anger|caring|disgust|gratitude|joy|optimism|neutral
603,27,neutral,7|8|10|18|27,curiosity|desire|disapproval|love|neutral
604,20,optimism,0|3|7|8|9|15|17|18|22|25|26,admiration|annoyance|curiosity|desire|disappointment|gratitude|joy|love|realization|sadness|surprise
605,4|10|27,approval|disapproval|neutral,0|5|7|10|11|14|17,admiration|caring|curiosity|disapproval|disgust|fear|joy
606,25,sadness,1|4|10|13|15|20,amusement|approval|disapproval|excitement|gratitude|optimism
607,2|18,anger|love,0|2|3|6|9|26|27,admiration|anger|annoyance|confusion|disappointment|surprise|neutral
608,4,approval,1|4|6|26|27,amusement|approval|confusion|surprise|neutral
609,7|27,curiosity|neutral,0|1|7|8|15|18|26,admiration|amusement|curiosity|desire|gratitude|love|surprise
610,4|27,approval|neutral,5|6|27,caring|confusion|neutral
611,0|17,admiration|joy,0|2|3|4|7|10|14|18|24|25,admiration|anger|annoyance|approval|curiosity|disapproval|fear|love|remorse|sadness
612,27,neutral,0|4|9|20,admiration|approval|disappointment|optimism
613,6,confusion,3|5|10|13|15|22,annoyance|caring|disapproval|excitement|gratitude|realization
614,0,admiration,1|2|6|10|17|18|22|25|27,amusement|anger|confusion|disapproval|joy|love|realization|sadness|neutral
615,3,annoyance,0|3|4|9|10|13|17,admiration|annoyance|approval|disappointment|disapproval|excitement|joy
616,0,admiration,0|1|3|9|15|17,admiration|amusement|annoyance|disappointment|gratitude|joy
617,14,fear,1|3|9|10|17|22|25,amusement|annoyance|disappointment|disapproval|joy|realization|sadness
618,2|25,anger|sadness,1|5|6|7|14|15|22,amusement|caring|confusion|curiosity|fear|gratitude|realization
619,1,amusement,3|5|9|18|27,annoyance|caring|disappointment|love|neutral
620,7,curiosity,2|4|9|14|15|27,anger|approval|disappointment|fear|gratitude|neutral
621,9|10,disappointment|disapproval,2|3|15|20|24|25|27,anger|annoyance|gratitude|optimism|remorse|sadness|neutral
622,18,love,1|6|7|17|26|27,amusement|confusion|curiosity|joy|surprise|neutral
623,1|10,amusement|disapproval,2|5|8|10|18|20,anger|caring|desire|disapproval|love|optimism
624,6,confusion,1|4|5|7|10|11|14|15|17|24|25|26,amusement|approval|caring|curiosity|disapproval|disgust|fear|gratitude|joy|remorse|sadness|surprise
625,18,love,0|3|9|20|22|27,admiration|annoyance|disappointment|optimism|realization|neutral
626,3,annoyance,1|3|4|7|9|18|20,amusement|annoyance|approval|curiosity|disappointment|love|optimism
627,0|15,admiration|gratitude,0|4|7|10|13|20|27,admiration|approval|curiosity|disapproval|excitement|optimism|neutral
628,18,love,2|7|8|9|13|20|22,anger|curiosity|desire|disappointment|excitement|optimism|realization
629,19,nervousness,2|10|27,anger|disapproval|neutral
630,7|27,curiosity|neutral,0|1|7|9|15|17|25,admiration|amusement|curiosity|disappointment|gratitude|joy|sadness
631,0|7,admiration|curiosity,0|1|2|4|9|10|14|17,admiration|amusement|anger|approval|disappointment|disapproval|fear|joy
632,10,disapproval,2|8|9|10|13|15|20|22|25|27,anger|desire|disappointment|disapproval|excitement|gratitude|optimism|realization|sadness|neutral
633,7,curiosity,2|3|10|13|15|27,anger|annoyance|disapproval|excitement|gratitude|neutral
634,20|27,optimism|neutral,2|5|6|7|9|10|18|20|27,anger|caring|confusion|curiosity|disappointment|disapproval|love|optimism|neutral
635,17,joy,5|7|14|27,caring|curiosity|fear|neutral
636,25,sadness,0|3|4|5|6|10|15|17|18|25,admiration|annoyance|approval|caring|confusion|disapproval|gratitude|joy|love|sadness
637,10|20,disapproval|optimism,0|6|10|14|22|24,admiration|confusion|disapproval|fear|realization|remorse
638,8,desire,5|12|14|15|18|20|25,caring|embarrassment|fear|gratitude|love|optimism|sadness
639,27,neutral,0|1|3|4|7|14|17|18,admiration|amusement|annoyance|approval|curiosity|fear|joy|love
640,5,caring,9|14|27,disappointment|fear|neutral
641,27,neutral,6|10|13|18|25,confusion|disapproval|excitement|love|sadness
642,5,caring,1|3|4|6|27,amusement|annoyance|approval|confusion|neutral
643,1,amusement,0|4|7|17|24|27,admiration|approval|curiosity|joy|remorse|neutral
644,18,love,0|2|6|9|11|18|20,admiration|anger|confusion|disappointment|disgust|love|optimism
645,13|17,excitement|joy,6|15|20|25|27,confusion|gratitude|optimism|sadness|neutral
646,0|20|24,admiration|optimism|remorse,5|6|7|9|10|13|17|20|22,caring|confusion|curiosity|disappointment|disapproval|excitement|joy|optimism|realization
647,15|20,gratitude|optimism,1|2|7|11|15|18|21|22,amusement|anger|curiosity|disgust|gratitude|love|pride|realization
648,0|15,admiration|gratitude,0|1|2|4|7|15|17|18,admiration|amusement|anger|approval|curiosity|gratitude|joy|love
649,10,disapproval,4|6|9|13|27,approval|confusion|disappointment|excitement|neutral
650,11,disgust,0|4|7|10|15|27,admiration|approval|curiosity|disapproval|gratitude|neutral
651,2,anger,3|5|10|11|20|22|25|27,annoyance|caring|disapproval|disgust|optimism|realization|sadness|neutral
652,27,neutral,2|3|4|11|17|22,anger|annoyance|approval|disgust|joy|realization
653,1,amusement,1|4|5|10|13|27,amusement|approval|caring|disapproval|excitement|neutral
654,0,admiration,1|2|3|7|9|13|18|26|27,amusement|anger|annoyance|curiosity|disappointment|excitement|love|surprise|neutral
655,27,neutral,0|3|6|9|11|17|22,admiration|annoyance|confusion|disappointment|disgust|joy|realization
656,5,caring,4|5|9|13|18|27,approval|caring|disappointment|excitement|love|neutral
657,2,anger,0|1|4|5|8|15|18,admiration|amusement|approval|caring|desire|gratitude|love
658,11,disgust,0|2|3|6|10|13|15|17|18,admiration|anger|annoyance|confusion|disapproval|excitement|gratitude|joy|love
659,6,confusion,0|6|7|13|17|26|27,admiration|confusion|curiosity|excitement|joy|surprise|neutral
660,26,surprise,0|4|5|7|10|14|15|20|22|27,admiration|approval|caring|curiosity|disapproval|fear|gratitude|optimism|realization|neutral
661,22,realization,0|1|3|4|5|13|15,admiration|amusement|annoyance|approval|caring|excitement|gratitude
662,27,neutral,3|7|9|18|22,annoyance|curiosity|disappointment|love|realization
663,1,amusement,0|1|3|9|15|18,admiration|amusement|annoyance|disappointment|gratitude|love
664,27,neutral,7|11|18|27,curiosity|disgust|love|neutral
665,22,realization,0|1|2|7|10,admiration|amusement|anger|curiosity|disapproval
666,6,confusion,4|6|7|12|18|22|27,approval|confusion|curiosity|embarrassment|love|realization|neutral
667,10,disapproval,3|20|25|27,annoyance|optimism|sadness|neutral
668,4,approval,1|5|18|22,amusement|caring|love|realization
669,27,neutral,0|1|3|11|18|26,admiration|amusement|annoyance|disgust|love|surprise
670,27,neutral,0|3|6|8|11|13|14|17,admiration|annoyance|confusion|desire|disgust|excitement|fear|joy
671,3,annoyance,0|6|15|27,admiration|confusion|gratitude|neutral
672,15,gratitude,5|6|7|13|20|24,caring|confusion|curiosity|excitement|optimism|remorse
673,27,neutral,26|27,surprise|neutral
674,0,admiration,0|3|14|15|18|19|24,admiration|annoyance|fear|gratitude|love|nervousness|remorse
675,27,neutral,0|4|9|10|17|20|22|26,admiration|approval|disappointment|disapproval|joy|optimism|realization|surprise
676,1,amusement,4|5|9|11|25|27,approval|caring|disappointment|disgust|sadness|neutral
677,6,confusion,9|10|11|15|22,disappointment|disapproval|disgust|gratitude|realization
678,20,optimism,3|9|15|17|18|22|25,annoyance|disappointment|gratitude|joy|love|realization|sadness
679,3,annoyance,1|4|5|7|13|18|19|20|25,amusement|approval|caring|curiosity|excitement|love|nervousness|optimism|sadness
680,1,amusement,9|17|27,disappointment|joy|neutral
681,5,caring,1|2|3|5|8|18|20|25|27,amusement|anger|annoyance|caring|desire|love|optimism|sadness|neutral
682,14,fear,0|2|5|9|11|14|15|18|25|26,admiration|anger|caring|disappointment|disgust|fear|gratitude|love|sadness|surprise
683,6|26,confusion|surprise,1|3|7|9|14|17|20|26,amusement|annoyance|curiosity|disappointment|fear|joy|optimism|surprise
684,17,joy,1|27,amusement|neutral
685,24,remorse,0|5|7|13|14|15|22,admiration|caring|curiosity|excitement|fear|gratitude|realization
686,2,anger,0|7|10|18|20,admiration|curiosity|disapproval|love|optimism
687,27,neutral,3|5|7|8|10|15|22|25,annoyance|caring|curiosity|desire|disapproval|gratitude|realization|sadness
688,27,neutral,0|3|6|7|13|15|18|26,admiration|annoyance|confusion|curiosity|excitement|gratitude|love|surprise
689,0|22,admiration|realization,0|7|9|11|17|24|25|26,admiration|curiosity|disappointment|disgust|joy|remorse|sadness|surprise
690,0|4,admiration|approval,0|2|3|4|6|9|10|17|18,admiration|anger|annoyance|approval|confusion|disappointment|disapproval|joy|love
691,8,desire,1|2|3|5|7|15|18|20|26|27,amusement|anger|annoyance|caring|curiosity|gratitude|love|optimism|surprise|neutral
692,4|5,approval|caring,0|2|4|9|10|13|20|26,admiration|anger|approval|disappointment|disapproval|excitement|optimism|surprise
693,4,approval,2|5|6|15|17|18|20,anger|caring|confusion|gratitude|joy|love|optimism
694,7|11|25,curiosity|disgust|sadness,0|1|3|17|22|27,admiration|amusement|annoyance|joy|realization|neutral
695,20,optimism,3|10|15|20|25|27,annoyance|disapproval|gratitude|optimism|sadness|neutral
696,27,neutral,3|4|5|8|10|15|18|20|25,annoyance|approval|caring|desire|disapproval|gratitude|love|optimism|sadness
697,6|7,confusion|curiosity,4|7|9|15|20|22|27,approval|curiosity|disappointment|gratitude|optimism|realization|neutral
698,27,neutral,4|6|7|13|17|26,approval|confusion|curiosity|excitement|joy|surprise
699,22,realization,1|2|7|9|27,amusement|anger|curiosity|disappointment|neutral
700,7,curiosity,0|4|8|9|11|14|18|25,admiration|approval|desire|disappointment|disgust|fear|love|sadness
701,0|13,admiration|excitement,0|2|4|5|7|12|15,admiration|anger|approval|caring|curiosity|embarrassment|gratitude
702,27,neutral,0|1|2|10|14|17,admiration|amusement|anger|disapproval|fear|joy
703,0,admiration,0|11|27,admiration|disgust|neutral
704,11|18,disgust|love,2|3|4|7|14|17|18|25,anger|annoyance|approval|curiosity|fear|joy|love|sadness
705,7,curiosity,7|8|11|20|25|26,curiosity|desire|disgust|optimism|sadness|surprise
706,20,optimism,0|4|27,admiration|approval|neutral
707,1,amusement,0|1|7|15|18,admiration|amusement|curiosity|gratitude|love
708,27,neutral,1|4|7|9|13|15|25|26,amusement|approval|curiosity|disappointment|excitement|gratitude|sadness|surprise
709,18,love,2|3|4|13|17|20|22|26|27,anger|annoyance|approval|excitement|joy|optimism|realization|surprise|neutral
710,2,anger,0|4|7|10|17|20,admiration|approval|curiosity|disapproval|joy|optimism
711,3,annoyance,3|4|17|20|27,annoyance|approval|joy|optimism|neutral
712,10,disapproval,5|7|13|15|17|20|24,caring|curiosity|excitement|gratitude|joy|optimism|remorse
713,20,optimism,0|4|14|17|27,admiration|approval|fear|joy|neutral
714,27,neutral,2|4|10|17|20|27,anger|approval|disapproval|joy|optimism|neutral
715,8|18,desire|love,0|1|3|4|6|9|14|20|25,admiration|amusement|annoyance|approval|confusion|disappointment|fear|optimism|sadness
716,15,gratitude,3|6|7|17|22|26|27,annoyance|confusion|curiosity|joy|realization|surprise|neutral
717,15,gratitude,0|2|5|17|18|22|25|27,admiration|anger|caring|joy|love|realization|sadness|neutral
718,27,neutral,5|8|10|15|17|20,caring|desire|disapproval|gratitude|joy|optimism
719,9|25,disappointment|sadness,9|12|13|15|17|20,disappointment|embarrassment|excitement|gratitude|joy|optimism
720,1,amusement,1|4|7|8|12|14|18|20|22,amusement|approval|curiosity|desire|embarrassment|fear|love|optimism|realization
721,27,neutral,0|1|3|15|20,admiration|amusement|annoyance|gratitude|optimism
722,27,neutral,2|10|13|27,anger|disapproval|excitement|neutral
723,4,approval,1|3|9|17|27,amusement|annoyance|disappointment|joy|neutral
724,27,neutral,0|1|2|4|10|11|14|15|17|25,admiration|amusement|anger|approval|disapproval|disgust|fear|gratitude|joy|sadness
725,4,approval,2|3|7|8|9|10|15|18|22,anger|annoyance|curiosity|desire|disappointment|disapproval|gratitude|love|realization
726,27,neutral,1|2|4|5|10|11|17|25|26,amusement|anger|approval|caring|disapproval|disgust|joy|sadness|surprise
727,15,gratitude,0|1|2|3|6|8|10|11|15|17,admiration|amusement|anger|annoyance|confusion|desire|disapproval|disgust|gratitude|joy
728,1,amusement,0|7|14|17|18,admiration|curiosity|fear|joy|love
729,5,caring,0|1|2|5|15,admiration|amusement|anger|caring|gratitude
730,17,joy,0|11|14|26|27,admiration|disgust|fear|surprise|neutral
731,6,confusion,1|2|6|10|22|26|27,amusement|anger|confusion|disapproval|realization|surprise|neutral
732,7,curiosity,0|1|3|4|6|7|18|22|25|27,admiration|amusement|annoyance|approval|confusion|curiosity|love|realization|sadness|neutral
733,27,neutral,0|4|5|11|15|18|25,admiration|approval|caring|disgust|gratitude|love|sadness
734,15,gratitude,0|1|4|9|15|18|22,admiration|amusement|approval|disappointment|gratitude|love|realization
735,17,joy,1|5|13|15|25|27,amusement|caring|excitement|gratitude|sadness|neutral
736,27,neutral,4|15|20|24|27,approval|gratitude|optimism|remorse|neutral
737,11,disgust,4|6|8|10|15|21|22|24|27,approval|confusion|desire|disapproval|gratitude|pride|realization|remorse|neutral
738,27,neutral,0|1|3|4|11|13|20|22,admiration|amusement|annoyance|approval|disgust|excitement|optimism|realization
739,0|4,admiration|approval,0|3|9|11|20|24|27,admiration|annoyance|disappointment|disgust|optimism|remorse|neutral
740,27,neutral,1|10|14|18|25,amusement|disapproval|fear|love|sadness
741,10,disapproval,2|3|5|6|8|15|18,anger|annoyance|caring|confusion|desire|gratitude|love
742,27,neutral,0|17|20|22|25|26|27,admiration|joy|optimism|realization|sadness|surprise|neutral
743,6,confusion,0|1|5|7|9|10|11|13|17|25,admiration|amusement|caring|curiosity|disappointment|disapproval|disgust|excitement|joy|sadness
744,27,neutral,1|2|4|8|9|15|17|20|27,amusement|anger|approval|desire|disappointment|gratitude|joy|optimism|neutral
745,18,love,3|9|10|18|22|27,annoyance|disappointment|disapproval|love|realization|neutral
746,0,admiration,2|6|13|18,anger|confusion|excitement|love
747,27,neutral,0|4|6|7|9|20,admiration|approval|confusion|curiosity|disappointment|optimism
748,27,neutral,3|7|8|11|27,annoyance|curiosity|desire|disgust|neutral
749,27,neutral,0|1|2|4|5|18|26,admiration|amusement|anger|approval|caring|love|surprise
750,1,amusement,0|2|3|4|10|18|20,admiration|anger|annoyance|approval|disapproval|love|optimism
751,27,neutral,2|7|15|18|22|27,anger|curiosity|gratitude|love|realization|neutral
752,5,caring,1|2|3|13|15|27,amusement|anger|annoyance|excitement|gratitude|neutral
753,14,fear,1|3|5|10|11|22,amusement|annoyance|caring|disapproval|disgust|realization
754,27,neutral,2|4|7|9|10|15|25|27,anger|approval|curiosity|disappointment|disapproval|gratitude|sadness|neutral
755,4|8,approval|desire,0|3|4|6|9|13|22|27,admiration|annoyance|approval|confusion|disappointment|excitement|realization|neutral
756,27,neutral,0|7|9|14|15|20,admiration|curiosity|disappointment|fear|gratitude|optimism
757,27,neutral,0|8|15|22|27,admiration|desire|gratitude|realization|neutral
758,27,neutral,3|5|6|17|24,annoyance|caring|confusion|joy|remorse
759,17,joy,1|2|5|6|8|10|15|18,amusement|anger|caring|confusion|desire|disapproval|gratitude|love
760,27,neutral,3|4|7|10|22|25|27,annoyance|approval|curiosity|disapproval|realization|sadness|neutral
761,25,sadness,6|17|22|27,confusion|joy|realization|neutral
762,3|27,annoyance|neutral,2|20|25|27,anger|optimism|sadness|neutral
763,27,neutral,0|7|9|16|17|18|19|27,admiration|curiosity|disappointment|grief|joy|love|nervousness|neutral
764,9,disappointment,5|7|10|17|18|22,caring|curiosity|disapproval|joy|love|realization
765,27,neutral,4|17|27,approval|joy|neutral
766,19|20,nervousness|optimism,1|4|9|10|17|25,amusement|approval|disappointment|disapproval|joy|sadness
767,27,neutral,0|1|4|7|9|14|17|20|27,admiration|amusement|approval|curiosity|disappointment|fear|joy|optimism|neutral
768,22,realization,2|4|11|15|27,anger|approval|disgust|gratitude|neutral
769,27,neutral,1|2|4|11|13|15|18|20,amusement|anger|approval|disgust|excitement|gratitude|love|optimism
770,0,admiration,0|6|13|22|27,admiration|confusion|excitement|realization|neutral
771,10|27,disapproval|neutral,2|4|5|11|14|17|27,anger|approval|caring|disgust|fear|joy|neutral
772,27,neutral,0|1|2|5|10|11|13|22|25,admiration|amusement|anger|caring|disapproval|disgust|excitement|realization|sadness
773,27,neutral,0|15|17|22|24,admiration|gratitude|joy|realization|remorse
774,0,admiration,4|6|11|17|18|20|22,approval|confusion|disgust|joy|love|optimism|realization
775,10,disapproval,1|2|3|11|17|18|20|22|27,amusement|anger|annoyance|disgust|joy|love|optimism|realization|neutral
776,27,neutral,2|8|10|14,anger|desire|disapproval|fear
777,0,admiration,17|18|27,joy|love|neutral
778,0,admiration,2|7|14|15|20,anger|curiosity|fear|gratitude|optimism
779,11,disgust,0|4|7|11|18,admiration|approval|curiosity|disgust|love
780,4,approval,3|4|5|9|10|18|20|27,annoyance|approval|caring|disappointment|disapproval|love|optimism|neutral
781,22,realization,2|3|4|7|9|10|18|22|24,anger|annoyance|approval|curiosity|disappointment|disapproval|love|realization|remorse
782,2,anger,2|9|15|18|27,anger|disappointment|gratitude|love|neutral
783,18|20,love|optimism,0|10|11|15|18|20|22|27,admiration|disapproval|disgust|gratitude|love|optimism|realization|neutral
784,0,admiration,0|3|5|6|10|20|22|25|27,admiration|annoyance|caring|confusion|disapproval|optimism|realization|sadness|neutral
785,4,approval,0|4|6|20,admiration|approval|confusion|optimism
786,7,curiosity,4|7|8|13|15|17|18|22|26,approval|curiosity|desire|excitement|gratitude|joy|love|realization|surprise
787,27,neutral,4|5|6|7|17,approval|caring|confusion|curiosity|joy
788,15,gratitude,0|1|2|4|5|15|17,admiration|amusement|anger|approval|caring|gratitude|joy
789,27,neutral,0|2|6|8|15|18|26,admiration|anger|confusion|desire|gratitude|love|surprise
790,4|24,approval|remorse,0|2|3|4|7|13|15,admiration|anger|annoyance|approval|curiosity|excitement|gratitude
791,0|18,admiration|love,0|1|9|17|20|25|26|27,admiration|amusement|disappointment|joy|optimism|sadness|surprise|neutral
792,11,disgust,1|2|6|15|20|25|27,amusement|anger|confusion|gratitude|optimism|sadness|neutral
793,27,neutral,0|1|5|6|11|17|18|20|21,admiration|amusement|caring|confusion|disgust|joy|love|optimism|pride
794,27,neutral,0|2|6|10|27,admiration|anger|confusion|disapproval|neutral
795,27,neutral,2|4|6|9|15|25|27,anger|approval|confusion|disappointment|gratitude|sadness|neutral
796,18,love,10|25,disapproval|sadness
797,1,amusement,1|7|9|15|17|25,amusement|curiosity|disappointment|gratitude|joy|sadness
798,17,joy,1|2|4|8|17|18,amusement|anger|approval|desire|joy|love
799,1,amusement,0|18|27,admiration|love|neutral
800,2,anger,1|3|13|18|24,amusement|annoyance|excitement|love|remorse
801,27,neutral,0|3|4|5,admiration|annoyance|approval|caring
802,17,joy,1|2|4|7|15|17|26,amusement|anger|approval|curiosity|gratitude|joy|surprise
803,27,neutral,1|4|7|15|17|18|20|24,amusement|approval|curiosity|gratitude|joy|love|optimism|remorse
804,17,joy,2|4|5|8|10|15|17|18|22|23|25|26,anger|approval|caring|desire|disapproval|gratitude|joy|love|realization|relief|sadness|surprise
805,2,anger,0|2|5|7|10|27,admiration|anger|caring|curiosity|disapproval|neutral
806,14,fear,5|6|10|15|24|27,caring|confusion|disapproval|gratitude|remorse|neutral
807,26,surprise,0|1|4|5|9|10|15|18|22|27,admiration|amusement|approval|caring|disappointment|disapproval|gratitude|love|realization|neutral
808,15,gratitude,0|9|10|15|17|27,admiration|disappointment|disapproval|gratitude|joy|neutral
809,15|20,gratitude|optimism,0|1|4|5|7|8|10|18,admiration|amusement|approval|caring|curiosity|desire|disapproval|love
810,3,annoyance,1|7|15|27,amusement|curiosity|gratitude|neutral
811,13,excitement,1|4|7|8|10|13|17,amusement|approval|curiosity|desire|disapproval|excitement|joy
812,3,annoyance,0|7|18|25|27,admiration|curiosity|love|sadness|neutral
813,27,neutral,1|2|10|27,amusement|anger|disapproval|neutral
814,8,desire,3|10|20|24|25|26|27,annoyance|disapproval|optimism|remorse|sadness|surprise|neutral
815,3|6,annoyance|confusion,0|1|6|7,admiration|amusement|confusion|curiosity
816,0,admiration,7|10|15|17|20|26|27,curiosity|disapproval|gratitude|joy|optimism|surprise|neutral
817,4,approval,2|4|9|15|27,anger|approval|disappointment|gratitude|neutral
818,3|9|16,annoyance|disappointment|grief,0|3|7|9|20|27,admiration|annoyance|curiosity|disappointment|optimism|neutral
819,20,optimism,1|3|5|10|11|14|15|25,amusement|annoyance|caring|disapproval|disgust|fear|gratitude|sadness
820,20,optimism,0|6|13|15|24|27,admiration|confusion|excitement|gratitude|remorse|neutral
821,27,neutral,1|3|14|24|27,amusement|annoyance|fear|remorse|neutral
822,5|24|25,caring|remorse|sadness,0|1|4|5|6|15|26|27,admiration|amusement|approval|caring|confusion|gratitude|surprise|neutral
823,0|8,admiration|desire,0|3|4|5|6|9|13|20|26,admiration|annoyance|approval|caring|confusion|disappointment|excitement|optimism|surprise
824,27,neutral,4|13|15|25,approval|excitement|gratitude|sadness
825,26,surprise,0|5|9|18|22|24,admiration|caring|disappointment|love|realization|remorse
826,4,approval,1|3|11|18|20,amusement|annoyance|disgust|love|optimism
827,27,neutral,1|13|27,amusement|excitement|neutral
828,3,annoyance,0|2|8|10|11|15|22,admiration|anger|desire|disapproval|disgust|gratitude|realization
829,27,neutral,3|5|8|10|13|14|17|18|25|26,annoyance|caring|desire|disapproval|excitement|fear|joy|love|sadness|surprise
830,17,joy,3|9|10|17,annoyance|disappointment|disapproval|joy
831,25,sadness,1|3|4|11|27,amusement|annoyance|approval|disgust|neutral
832,4|7,approval|curiosity,1|2|3|4|6|7|11|20|22,amusement|anger|annoyance|approval|confusion|curiosity|disgust|optimism|realization
833,5|20,caring|optimism,1|7|10|18|20|24|27,amusement|curiosity|disapproval|love|optimism|remorse|neutral
834,4,approval,3|4|6|7|11|17|20,annoyance|approval|confusion|curiosity|disgust|joy|optimism
835,20,optimism,0|9|10|14|15|22|25,admiration|disappointment|disapproval|fear|gratitude|realization|sadness
836,18,love,0|1|7|9|10|11|15|18|25|26,admiration|amusement|curiosity|disappointment|disapproval|disgust|gratitude|love|sadness|surprise
837,17,joy,0|5|15|20|25,admiration|caring|gratitude|optimism|sadness
838,27,neutral,1|2|7|9|15|17|18|20|25,amusement|anger|curiosity|disappointment|gratitude|joy|love|optimism|sadness
839,27,neutral,6|9|27,confusion|disappointment|neutral
840,27,neutral,3|4|5|14|22|25|27,annoyance|approval|caring|fear|realization|sadness|neutral
841,27,neutral,1|7|9|11|27,amusement|curiosity|disappointment|disgust|neutral
842,1|6,amusement|confusion,0|5|9|15|17|18,admiration|caring|disappointment|gratitude|joy|love
843,25,sadness,2|3|5|7|10|19|20|23,anger|annoyance|caring|curiosity|disapproval|nervousness|optimism|relief
844,11,disgust,1|6|15|17|20|22|25|27,amusement|confusion|gratitude|joy|optimism|realization|sadness|neutral
845,0,admiration,4|10|11|15|18,approval|disapproval|disgust|gratitude|love
846,27,neutral,0|6|18|26|27,admiration|confusion|love|surprise|neutral
847,27,neutral,1|2|5|15|22|24|27,amusement|anger|caring|gratitude|realization|remorse|neutral
848,14|26,fear|surprise,0|4|10|15|17|22,admiration|approval|disapproval|gratitude|joy|realization
849,17,joy,0|2|10|17,admiration|anger|disapproval|joy
850,10,disapproval,0|1|7|10|22,admiration|amusement|curiosity|disapproval|realization
851,27,neutral,0|3|4|5|18|22|26,admiration|annoyance|approval|caring|love|realization|surprise
852,27,neutral,10|14|18|27,disapproval|fear|love|neutral
853,10,disapproval,0|2|3|17|20|25,admiration|anger|annoyance|joy|optimism|sadness
854,20|22,optimism|realization,6|8|11|22,confusion|desire|disgust|realization
855,3,annoyance,4|6|9|25|27,approval|confusion|disappointment|sadness|neutral
856,3,annoyance,0|3|11|13|17|25,admiration|annoyance|disgust|excitement|joy|sadness
857,6,confusion,0|10|15|18|20,admiration|disapproval|gratitude|love|optimism
858,27,neutral,7|8|14|22|25,curiosity|desire|fear|realization|sadness
859,22|26,realization|surprise,0|1|5|7|10|17|18|20|26,admiration|amusement|caring|curiosity|disapproval|joy|love|optimism|surprise
860,3|7,annoyance|curiosity,1|3|9|10|14|15|26|27,amusement|annoyance|disappointment|disapproval|fear|gratitude|surprise|neutral
861,10|25,disapproval|sadness,0|4|10|18|23|27,admiration|approval|disapproval|love|relief|neutral
862,27,neutral,6|7|26|27,confusion|curiosity|surprise|neutral
863,4,approval,4|6|7|9|14|15|18|20|25,approval|confusion|curiosity|disappointment|fear|gratitude|love|optimism|sadness
864,27,neutral,7|27,curiosity|neutral
865,0|18,admiration|love,0|1|2|6|10|12|27,admiration|amusement|anger|confusion|disapproval|embarrassment|neutral
866,14,fear,0|1|5|7|9|11|17|26,admiration|amusement|caring|curiosity|disappointment|disgust|joy|surprise
867,18,love,2|7|11|17|26|27,anger|curiosity|disgust|joy|surprise|neutral
868,15,gratitude,3|4|7|8|11|24|25,annoyance|approval|curiosity|desire|disgust|remorse|sadness
869,27,neutral,1|2|10|17|22|27,amusement|anger|disapproval|joy|realization|neutral
870,1|3,amusement|annoyance,0|1|2|3|6|13|17|22|25|27,admiration|amusement|anger|annoyance|confusion|excitement|joy|realization|sadness|neutral
871,27,neutral,0|2|4|7|8|14,admiration|anger|approval|curiosity|desire|fear
872,0,admiration,0|4|6|7|17|25|27,admiration|approval|confusion|curiosity|joy|sadness|neutral
873,13,excitement,0|3|9|17,admiration|annoyance|disappointment|joy
874,27,neutral,6|15|27,confusion|gratitude|neutral
875,27,neutral,1|4|5|7|8|10|26,amusement|approval|caring|curiosity|desire|disapproval|surprise
876,7,curiosity,1|4|6|7|9|15|27,amusement|approval|confusion|curiosity|disappointment|gratitude|neutral
877,4,approval,0|1|7|9|10|14,admiration|amusement|curiosity|disappointment|disapproval|fear
878,1|15,amusement|gratitude,3|10|18|25|26|27,annoyance|disapproval|love|sadness|surprise|neutral
879,15|26,gratitude|surprise,0|4|6|7|10|15|17|20|22,admiration|approval|confusion|curiosity|disapproval|gratitude|joy|optimism|realization
880,0,admiration,1|2|4|7|10|24|25,amusement|anger|approval|curiosity|disapproval|remorse|sadness
881,14,fear,1|2|3|9|10|14|15,amusement|anger|annoyance|disappointment|disapproval|fear|gratitude
882,7|26,curiosity|surprise,0|2|5|7|19|20|22|24|27,admiration|anger|caring|curiosity|nervousness|optimism|realization|remorse|neutral
883,1,amusement,0|2|3|15,admiration|anger|annoyance|gratitude
884,17,joy,3|10|18|22|27,annoyance|disapproval|love|realization|neutral
885,27,neutral,1|2|10|18|25,amusement|anger|disapproval|love|sadness
886,0|4,admiration|approval,0|1|6|7|13|18|20,admiration|amusement|confusion|curiosity|excitement|love|optimism
887,1,amusement,2|4|9|10|15|17|25|27,anger|approval|disappointment|disapproval|gratitude|joy|sadness|neutral
888,7,curiosity,0|7|8|9|10|11|15|18|20,admiration|curiosity|desire|disappointment|disapproval|disgust|gratitude|love|optimism
889,15|18,gratitude|love,0|7|14|17|19|20|26|27,admiration|curiosity|fear|joy|nervousness|optimism|surprise|neutral
890,22,realization,1|7|9|14|17|18|22|27,amusement|curiosity|disappointment|fear|joy|love|realization|neutral
891,9,disappointment,0|4|6|7|9|17|20|26,admiration|approval|confusion|curiosity|disappointment|joy|optimism|surprise
892,1,amusement,3|18|20,annoyance|love|optimism
893,27,neutral,0|8|13|15|18|25|27,admiration|desire|excitement|gratitude|love|sadness|neutral
894,25,sadness,1|4|6|17|25|27,amusement|approval|confusion|joy|sadness|neutral
895,27,neutral,4|6|11|27,approval|confusion|disgust|neutral
896,27,neutral,2|3|7|22|25,anger|annoyance|curiosity|realization|sadness
897,1,amusement,3|7|8|11|15|17|18|22|27,annoyance|curiosity|desire|disgust|gratitude|joy|love|realization|neutral
898,4,approval,0|3|6|15|20,admiration|annoyance|confusion|gratitude|optimism
899,27,neutral,0|7|10|11|14|15|22|26,admiration|curiosity|disapproval|disgust|fear|gratitude|realization|surprise
900,11,disgust,1|10|13|15|17|20,amusement|disapproval|excitement|gratitude|joy|optimism
901,18,love,7|17|18|26|27,curiosity|joy|love|surprise|neutral
902,1,amusement,5|6|7|9|11|20|26|27,caring|confusion|curiosity|disappointment|disgust|optimism|surprise|neutral
903,18,love,2|9|11|14|15|17|22,anger|disappointment|disgust|fear|gratitude|joy|realization
904,22,realization,2|3|6|7|17|18,anger|annoyance|confusion|curiosity|joy|love
905,18,love,2|27,anger|neutral
906,9,disappointment,3|6|7|11|13|15|20|27,annoyance|confusion|curiosity|disgust|excitement|gratitude|optimism|neutral
907,6,confusion,2|5|7|10|20|25|27,anger|caring|curiosity|disapproval|optimism|sadness|neutral
908,26,surprise,0|3|6|10|15|18,admiration|annoyance|confusion|disapproval|gratitude|love
909,15,gratitude,0|1|5|8|10|11|20|25,admiration|amusement|caring|desire|disapproval|disgust|optimism|sadness
910,25,sadness,4|18|20|26|27,approval|love|optimism|surprise|neutral
911,4,approval,4|5|15|18|25,approval|caring|gratitude|love|sadness
912,17|27,joy|neutral,17|27,joy|neutral
913,2,anger,0|4|6|10|11|15|17|25|27,admiration|approval|confusion|disapproval|disgust|gratitude|joy|sadness|neutral
914,1,amusement,1|2|6|11|27,amusement|anger|confusion|disgust|neutral
915,1,amusement,0|14|15|25,admiration|fear|gratitude|sadness
916,1,amusement,0|2|17|22|24|27,admiration|anger|joy|realization|remorse|neutral
917,0,admiration,0|3|11|20|27,admiration|annoyance|disgust|optimism|neutral
918,27,neutral,1|8|14|15|19|20|22|26|27,amusement|desire|fear|gratitude|nervousness|optimism|realization|surprise|neutral
919,4|27,approval|neutral,3|4|9|11|17|20|22|24|25,annoyance|approval|disappointment|disgust|joy|optimism|realization|remorse|sadness
920,27,neutral,0|15|18|19|20|24,admiration|gratitude|love|nervousness|optimism|remorse
921,15,gratitude,1|2|4|5|6|13|15|22|26,amusement|anger|approval|caring|confusion|excitement|gratitude|realization|surprise
922,10,disapproval,0|1,admiration|amusement
923,7,curiosity,7|9|18|27,curiosity|disappointment|love|neutral
924,25,sadness,0|1|4|11|20|24|27,admiration|amusement|approval|disgust|optimism|remorse|neutral
925,3,annoyance,4|10|13|15|17|18|27,approval|disapproval|excitement|gratitude|joy|love|neutral
926,10,disapproval,0|2|4|6|7|18|25|27,admiration|anger|approval|confusion|curiosity|love|sadness|neutral
927,2|3,anger|annoyance,3|7|14|27,annoyance|curiosity|fear|neutral
928,7|13,curiosity|excitement,2|3|4|6|9|10,anger|annoyance|approval|confusion|disappointment|disapproval
929,27,neutral,1|4|6|9|15|22|26,amusement|approval|confusion|disappointment|gratitude|realization|surprise
930,9,disappointment,4|6|7|13|14|20|22,approval|confusion|curiosity|excitement|fear|optimism|realization
931,1,amusement,4|5|10|17|18|27,approval|caring|disapproval|joy|love|neutral
932,0|5,admiration|caring,0|3|6|7|8|9|10|25,admiration|annoyance|confusion|curiosity|desire|disappointment|disapproval|sadness
933,9|25,disappointment|sadness,0|2|5|9|11|20,admiration|anger|caring|disappointment|disgust|optimism
934,27,neutral,0|1|2|4|10|17|22,admiration|amusement|anger|approval|disapproval|joy|realization
935,27,neutral,4|5|6|18|26|27,approval|caring|confusion|love|surprise|neutral
936,27,neutral,9|10|11|15|27,disappointment|disapproval|disgust|gratitude|neutral
937,2,anger,0|3|7|10|11|15,admiration|annoyance|curiosity|disapproval|disgust|gratitude
938,0,admiration,0|4|7|10|11|20|26,admiration|approval|curiosity|disapproval|disgust|optimism|surprise
939,3,annoyance,1|2|3|13|20|27,amusement|anger|annoyance|excitement|optimism|neutral
940,27,neutral,0|1|4|5|8|17|25,admiration|amusement|approval|caring|desire|joy|sadness
941,27,neutral,1|2|6|17|18|25|27,amusement|anger|confusion|joy|love|sadness|neutral
942,5,caring,1|7|9|12|15|18|22|25|26,amusement|curiosity|disappointment|embarrassment|gratitude|love|realization|sadness|surprise
943,27,neutral,14|15|20|25,fear|gratitude|optimism|sadness
944,5,caring,1|5|15|20|27,amusement|caring|gratitude|optimism|neutral
945,27,neutral,0|2|9|15|20|25,admiration|anger|disappointment|gratitude|optimism|sadness
946,2,anger,11|22|24|26,disgust|realization|remorse|surprise
947,4,approval,4|9|17|18|20|25|26|27,approval|disappointment|joy|love|optimism|sadness|surprise|neutral
948,20,optimism,0|3|4|6|7|10|14|15|26,admiration|annoyance|approval|confusion|curiosity|disapproval|fear|gratitude|surprise
949,15,gratitude,0|1|3|5|10|13|15|18,admiration|amusement|annoyance|caring|disapproval|excitement|gratitude|love
950,10,disapproval,4|7|10|17|18|22|25|26,approval|curiosity|disapproval|joy|love|realization|sadness|surprise
951,9,disappointment,1|4|5|6|13|14|15|18|22|27,amusement|approval|caring|confusion|excitement|fear|gratitude|love|realization|neutral
952,7,curiosity,3|6|7|10|15|22|24|26|27,annoyance|confusion|curiosity|disapproval|gratitude|realization|remorse|surprise|neutral
953,1|13,amusement|excitement,2|4|26|27,anger|approval|surprise|neutral
954,4,approval,0|1|2|8|9|10|13,admiration|amusement|anger|desire|disappointment|disapproval|excitement
955,10,disapproval,2|4|8|9|14|15|20|22|27,anger|approval|desire|disappointment|fear|gratitude|optimism|realization|neutral
956,27,neutral,1|2|7|10|25|27,amusement|anger|curiosity|disapproval|sadness|neutral
957,27,neutral,0|4|11|13|17|18|25|26,admiration|approval|disgust|excitement|joy|love|sadness|surprise
958,3|4,annoyance|approval,0|4|5|6|7|10|14|15|17|20|26,admiration|approval|caring|confusion|curiosity|disapproval|fear|gratitude|joy|optimism|surprise
959,2,anger,2|4|20|25|26|27,anger|approval|optimism|sadness|surprise|neutral
960,27,neutral,2|3|4|10|14|22,anger|annoyance|approval|disapproval|fear|realization
961,3,annoyance,2|3|7|10|13|20|22|24,anger|annoyance|curiosity|disapproval|excitement|optimism|realization|remorse
962,27,neutral,2|4|5|15|17|20,anger|approval|caring|gratitude|joy|optimism
963,4,approval,0|6|11|14|17|18|22|25|26,admiration|confusion|disgust|fear|joy|love|realization|sadness|surprise
964,17,joy,1|2|8|10|18|24|27,amusement|anger|desire|disapproval|love|remorse|neutral
965,10,disapproval,0|1|2|4|7|10|15|17,admiration|amusement|anger|approval|curiosity|disapproval|gratitude|joy
966,27,neutral,2|7|10|15|17|25,anger|curiosity|disapproval|gratitude|joy|sadness
967,18,love,0|2|3|4|6|9|13|15|27,admiration|anger|annoyance|approval|confusion|disappointment|excitement|gratitude|neutral
968,27,neutral,4|5|7|22|27,approval|caring|curiosity|realization|neutral
969,15|23,gratitude|relief,3|5|7|15|17|22|26,annoyance|caring|curiosity|gratitude|joy|realization|surprise
970,15,gratitude,0|1|3|15|25,admiration|amusement|annoyance|gratitude|sadness
971,10,disapproval,3|6|7|10|13|15|17|18|22|25,annoyance|confusion|curiosity|disapproval|excitement|gratitude|joy|love|realization|sadness
972,27,neutral,2|3|5|10|14|15|22|27,anger|annoyance|caring|disapproval|fear|gratitude|realization|neutral
973,27,neutral,7|27,curiosity|neutral
974,4,approval,9|10|11|15|18|22|25,disappointment|disapproval|disgust|gratitude|love|realization|sadness
975,3|27,annoyance|neutral,0|3|6|11|20|25,admiration|annoyance|confusion|disgust|optimism|sadness
976,24,remorse,4|5|17|24|25,approval|caring|joy|remorse|sadness
977,27,neutral,7|17|22|27,curiosity|joy|realization|neutral
978,4|22,approval|realization,0|1|3|11|18|22|24|25|26,admiration|amusement|annoyance|disgust|love|realization|remorse|sadness|surprise
979,0|17,admiration|joy,0|3|4|5|6|8|13|18|27,admiration|annoyance|approval|caring|confusion|desire|excitement|love|neutral
980,0|9|10,admiration|disappointment|disapproval,4|26|27,approval|surprise|neutral
981,5,caring,1|3|7|15|18|26|27,amusement|annoyance|curiosity|gratitude|love|surprise|neutral
982,25,sadness,3|10|12|17|20|22|27,annoyance|disapproval|embarrassment|joy|optimism|realization|neutral
983,27,neutral,0|1|3|4|6|7|9|14|25,admiration|amusement|annoyance|approval|confusion|curiosity|disappointment|fear|sadness
984,15,gratitude,0|1|3|4|7|11|18|20|22,admiration|amusement|annoyance|approval|curiosity|disgust|love|optimism|realization
985,0|9|15,admiration|disappointment|gratitude,1|2|3|4|7|10|11|26,amusement|anger|annoyance|approval|curiosity|disapproval|disgust|surprise
986,9,disappointment,3|4|15|20,annoyance|approval|gratitude|optimism
987,24,remorse,7|10|27,curiosity|disapproval|neutral
988,11,disgust,1|6|7|9|22|25|27,amusement|confusion|curiosity|disappointment|realization|sadness|neutral
989,27,neutral,0|1|4|13|15|20|24,admiration|amusement|approval|excitement|gratitude|optimism|remorse
990,0,admiration,0|4|7|10|13|14,admiration|approval|curiosity|disapproval|excitement|fear
991,27,neutral,4|6|11,approval|confusion|disgust
992,15,gratitude,5|7|17|27,caring|curiosity|joy|neutral
993,27,neutral,1|2|3|6|9|11|15|22,amusement|anger|annoyance|confusion|disappointment|disgust|gratitude|realization
994,27,neutral,1|3|4|5|6|9|17|18|26,amusement|annoyance|approval|caring|confusion|disappointment|joy|love|surprise
995,27,neutral,0|6|7|8|10,admiration|confusion|curiosity|desire|disapproval
996,27,neutral,6|7|10|20|24|26,confusion|curiosity|disapproval|optimism|remorse|surprise
997,27,neutral,3|6|13|17|20|22|23,annoyance|confusion|excitement|joy|optimism|realization|relief
998,15,gratitude,0|3|9|10|13|25,admiration|annoyance|disappointment|disapproval|excitement|sadness
999,2|15,anger|gratitude,0|5|7|20|26|27,admiration|caring|curiosity|optimism|surprise|neutral
1000,1|7,amusement|curiosity,2|5|20|25|26|27,anger|caring|optimism|sadness|surprise|neutral
1001,18,love,15|17|18|19,gratitude|joy|love|nervousness
1002,2,anger,0|5|8|13|17|25|27,admiration|caring|desire|excitement|joy|sadness|neutral
1003,3|6|18,annoyance|confusion|love,7|8|10|11|12|17|21|22,curiosity|desire|disapproval|disgust|embarrassment|joy|pride|realization
1004,27,neutral,0|4|5|6|7|9|13|14|18|27,admiration|approval|caring|confusion|curiosity|disappointment|excitement|fear|love|neutral
1005,9|10,disappointment|disapproval,4|6|13|17|27,approval|confusion|excitement|joy|neutral
1006,26,surprise,3|4|7|10|17,annoyance|approval|curiosity|disapproval|joy
1007,27,neutral,6|8|11|20|25|27,confusion|desire|disgust|optimism|sadness|neutral
1008,17,joy,0|3|5|18|27,admiration|annoyance|caring|love|neutral
1009,27,neutral,0|10|17|20|27,admiration|disapproval|joy|optimism|neutral
1010,7,curiosity,4|6|18|20|24,approval|confusion|love|optimism|remorse
1011,27,neutral,2|3|4|6|7|20,anger|annoyance|approval|confusion|curiosity|optimism
1012,17,joy,0|3|4|17|18,admiration|annoyance|approval|joy|love
1013,0,admiration,0|1|7|15|17,admiration|amusement|curiosity|gratitude|joy
1014,27,neutral,0|4|5|7|10|17|20|27,admiration|approval|caring|curiosity|disapproval|joy|optimism|neutral
1015,27,neutral,5|7|10|18|27,caring|curiosity|disapproval|love|neutral
1016,27,neutral,6|8|17|22,confusion|desire|joy|realization
1017,27,neutral,1|3|4|17|18|22,amusement|annoyance|approval|joy|love|realization
1018,27,neutral,0|2|10|15|17|20|22|24,admiration|anger|disapproval|gratitude|joy|optimism|realization|remorse
1019,2|3,anger|annoyance,3|4|8|9|11|17|27,annoyance|approval|desire|disappointment|disgust|joy|neutral
1020,12,embarrassment,0|2|3|4|5|6|10|13|17|18|22,admiration|anger|annoyance|approval|caring|confusion|disapproval|excitement|joy|love|realization
1021,2|11,anger|disgust,0|4|6|10|14|20|25|27,admiration|approval|confusion|disapproval|fear|optimism|sadness|neutral
1022,7,curiosity,0|1|2|3|9|11|15|18|25|27,admiration|amusement|anger|annoyance|disappointment|disgust|gratitude|love|sadness|neutral
1023,7,curiosity,1|3|7|14|22,amusement|annoyance|curiosity|fear|realization
1024,18,love,0|1|2|3|10|14|18|20,admiration|amusement|anger|annoyance|disapproval|fear|love|optimism
1025,27,neutral,1|2|6|9|15|20|26,amusement|anger|confusion|disappointment|gratitude|optimism|surprise
1026,25,sadness,1|3|5|10|20|22|26|27,amusement|annoyance|caring|disapproval|optimism|realization|surprise|neutral
1027,9,disappointment,0|2|4|6|7|8|14|15|17|22|25,admiration|anger|approval|confusion|curiosity|desire|fear|gratitude|joy|realization|sadness
1028,1|4|13|17,amusement|approval|excitement|joy,3|4|5|6|7|8|13|15|24|26,annoyance|approval|caring|confusion|curiosity|desire|excitement|gratitude|remorse|surprise
1029,9,disappointment,1|2|3|10|15|17,amusement|anger|annoyance|disapproval|gratitude|joy
1030,27,neutral,0|1|4|10|17|25|27,admiration|amusement|approval|disapproval|joy|sadness|neutral
1031,9,disappointment,0|2|3|9|17|20|22|27,admiration|anger|annoyance|disappointment|joy|optimism|realization|neutral
1032,20,optimism,3|6|7|9|15|17|18,annoyance|confusion|curiosity|disappointment|gratitude|joy|love
1033,10,disapproval,0|1|2|5|10|20|27,admiration|amusement|anger|caring|disapproval|optimism|neutral
1034,3,annoyance,3|5|10|15|20|22|25|26,annoyance|caring|disapproval|gratitude|optimism|realization|sadness|surprise
1035,0,admiration,0|2|3|10|11|18|22|25|27,admiration|anger|annoyance|disapproval|disgust|love|realization|sadness|neutral
1036,0,admiration,0|1|15|18|27,admiration|amusement|gratitude|love|neutral
1037,0|4,admiration|approval,0|1|3|11|22,admiration|amusement|annoyance|disgust|realization
1038,20|27,optimism|neutral,1|7|11|15|18|20|25|26|27,amusement|curiosity|disgust|gratitude|love|optimism|sadness|surprise|neutral
1039,4,approval,3|4|22|25|26|27,annoyance|approval|realization|sadness|surprise|neutral
1040,7,curiosity,2|3|5|6|8|9|10|13|18|25,anger|annoyance|caring|confusion|desire|disappointment|disapproval|excitement|love|sadness
1041,26,surprise,5|10|11|20|27,caring|disapproval|disgust|optimism|neutral
1042,3,annoyance,0|3|10|17|18|22,admiration|annoyance|disapproval|joy|love|realization
1043,1,amusement,0|10|13|26,admiration|disapproval|excitement|surprise
1044,27,neutral,1|2|3|4|12|26|27,amusement|anger|annoyance|approval|embarrassment|surprise|neutral
1045,27,neutral,7|10|13|14|17|24,curiosity|disapproval|excitement|fear|joy|remorse
1046,10,disapproval,0|1|9|15|20|25,admiration|amusement|disappointment|gratitude|optimism|sadness
1047,27,neutral,0|3|7|27,admiration|annoyance|curiosity|neutral
1048,27,neutral,2|6|14|22|27,anger|confusion|fear|realization|neutral
1049,10|18,disapproval|love,0|1|3|4|10|18|25|27,admiration|amusement|annoyance|approval|disapproval|love|sadness|neutral
1050,27,neutral,6|9|17|24|25|27,confusion|disappointment|joy|remorse|sadness|neutral
1051,6,confusion,10|15|25|27,disapproval|gratitude|sadness|neutral
1052,27,neutral,1|2|4|5|7|9|11|15|17|22|25|26,amusement|anger|approval|caring|curiosity|disappointment|disgust|gratitude|joy|realization|sadness|surprise
1053,1,amusement,1|6|14|15|26|27,amusement|confusion|fear|gratitude|surprise|neutral
1054,27,neutral,7|26|27,curiosity|surprise|neutral
1055,27,neutral,5|8|18|20|27,caring|desire|love|optimism|neutral
1056,10,disapproval,0|2|6,admiration|anger|confusion
1057,0,admiration,3|7|10|11|22|27,annoyance|curiosity|disapproval|disgust|realization|neutral
1058,17,joy,0|3|13|15|25|27,admiration|annoyance|excitement|gratitude|sadness|neutral
1059,9,disappointment,0|13|18|27,admiration|excitement|love|neutral
1060,5,caring,6|9|10|20|27,confusion|disappointment|disapproval|optimism|neutral
1061,3,annoyance,0|1|9|11|25|27,admiration|amusement|disappointment|disgust|sadness|neutral
1062,2|3,anger|annoyance,0|1|7|9|12|15|25,admiration|amusement|curiosity|disappointment|embarrassment|gratitude|sadness
1063,2|3,anger|annoyance,0|1|2|3|7|10|15|27,admiration|amusement|anger|annoyance|curiosity|disapproval|gratitude|neutral
1064,3,annoyance,0|2|6|9|10|17|20|27,admiration|anger|confusion|disappointment|disapproval|joy|optimism|neutral
1065,18,love,1|4|5|18|22,amusement|approval|caring|love|realization
1066,2,anger,9|27,disappointment|neutral
1067,10|18,disapproval|love,7|12|18|20|25,curiosity|embarrassment|love|optimism|sadness
1068,10,disapproval,0|1|5|7|8|10|18|24|27,admiration|amusement|caring|curiosity|desire|disapproval|love|remorse|neutral
1069,9,disappointment,0|3|4|11|13|24|27,admiration|annoyance|approval|disgust|excitement|remorse|neutral
1070,27,neutral,1|2|3|6|7|10|18|27,amusement|anger|annoyance|confusion|curiosity|disapproval|love|neutral
1071,0,admiration,1|4|5|7|10|15|18|26,amusement|approval|caring|curiosity|disapproval|gratitude|love|surprise
1072,1,amusement,0|7|18|27,admiration|curiosity|love|neutral
1073,4,approval,1|3|6|11|20|27,amusement|annoyance|confusion|disgust|optimism|neutral
1074,27,neutral,1|5|20,amusement|caring|optimism
1075,27,neutral,0|1|3|13|15|20|25|26,admiration|amusement|annoyance|excitement|gratitude|optimism|sadness|surprise
1076,0,admiration,2|3|4|5|17,anger|annoyance|approval|caring|joy
1077,27,neutral,3|4|9|19|27,annoyance|approval|disappointment|nervousness|neutral
1078,27,neutral,1|4|22|24|26|27,amusement|approval|realization|remorse|surprise|neutral
1079,27,neutral,1|2|4|5|6|7|10|11|14|15|18,amusement|anger|approval|caring|confusion|curiosity|disapproval|disgust|fear|gratitude|love
1080,2,anger,1|3|4|9|13|18|20|22|25,amusement|annoyance|approval|disappointment|excitement|love|optimism|realization|sadness
1081,27,neutral,0|3|4|5|13|17|20,admiration|annoyance|approval|caring|excitement|joy|optimism
1082,15,gratitude,15,gratitude
1083,27,neutral,1|2|7|9|20|27,amusement|anger|curiosity|disappointment|optimism|neutral
1084,18,love,2|7|15|20|27,anger|curiosity|gratitude|optimism|neutral
1085,20,optimism,3|5|7|10|15|17|18|20|26,annoyance|caring|curiosity|disapproval|gratitude|joy|love|optimism|surprise
1086,1,amusement,0|1|5|10|15|17|25,admiration|amusement|caring|disapproval|gratitude|joy|sadness
1087,22,realization,4|5|9|18|20|25|26,approval|caring|disappointment|love|optimism|sadness|surprise
1088,27,neutral,6|8|15|17|22,confusion|desire|gratitude|joy|realization
1089,27,neutral,1|2|3|5|7|10|26,amusement|anger|annoyance|caring|curiosity|disapproval|surprise
1090,12,embarrassment,1|3|5|6|10|18|27,amusement|annoyance|caring|confusion|disapproval|love|neutral
1091,1,amusement,1|3|27,amusement|annoyance|neutral
1092,26,surprise,0|2|3|6|9|13|15,admiration|anger|annoyance|confusion|disappointment|excitement|gratitude
1093,27,neutral,1|4|7|9|13|26,amusement|approval|curiosity|disappointment|excitement|surprise
1094,0|2|18,admiration|anger|love,0|4|5|6|7|10|27,admiration|approval|caring|confusion|curiosity|disapproval|neutral
1095,24,remorse,0|1|6|17|25|27,admiration|amusement|confusion|joy|sadness|neutral
1096,15,gratitude,0|1|2|3|10|15|17|18|26,admiration|amusement|anger|annoyance|disapproval|gratitude|joy|love|surprise
1097,27,neutral,2|3|7|8|22|25|26|27,anger|annoyance|curiosity|desire|realization|sadness|surprise|neutral
1098,15|18,gratitude|love,0|7|8|9|13|15|18|25,admiration|curiosity|desire|disappointment|excitement|gratitude|love|sadness
1099,15,gratitude,6|14|18|27,confusion|fear|love|neutral
1100,0|18,admiration|love,9|14|18|22,disappointment|fear|love|realization
1101,27,neutral,2|3|6|7|9|10|18|22|25|26,anger|annoyance|confusion|curiosity|disappointment|disapproval|love|realization|sadness|surprise
1102,20,optimism,1|2|4|7|9|10|14|18|20|27,amusement|anger|approval|curiosity|disappointment|disapproval|fear|love|optimism|neutral
1103,27,neutral,1|15|17|18|20|21|27,amusement|gratitude|joy|love|optimism|pride|neutral
1104,0,admiration,1|2|10|13|20|25,amusement|anger|disapproval|excitement|optimism|sadness
1105,0,admiration,0|2|6|7|8|13|14|20|26,admiration|anger|confusion|curiosity|desire|excitement|fear|optimism|surprise
1106,14,fear,7|9|11|17|20|22|27,curiosity|disappointment|disgust|joy|optimism|realization|neutral
1107,27,neutral,3|6|7|18|20|22|25|26,annoyance|confusion|curiosity|love|optimism|realization|sadness|surprise
1108,15,gratitude,0|4|5|9|10|11|13|18|20|24,admiration|approval|caring|disappointment|disapproval|disgust|excitement|love|optimism|remorse
1109,2,anger,4|5|13|17|25,approval|caring|excitement|joy|sadness
1110,3|27,annoyance|neutral,0|10|18|25|26|27,admiration|disapproval|love|sadness|surprise|neutral
1111,2,anger,4|7|9|11|27,approval|curiosity|disappointment|disgust|neutral
1112,3,annoyance,1|3|9|22|25|27,amusement|annoyance|disappointment|realization|sadness|neutral
1113,4|17|22|23,approval|joy|realization|relief,4|6|7|10|15,approval|confusion|curiosity|disapproval|gratitude
1114,0|11,admiration|disgust,2|3|10|20|27,anger|annoyance|disapproval|optimism|neutral
1115,27,neutral,4|5|6|10|17|20|22|25|27,approval|caring|confusion|disapproval|joy|optimism|realization|sadness|neutral
1116,9,disappointment,0|4|5|15|18|26|27,admiration|approval|caring|gratitude|love|surprise|neutral
1117,22,realization,0|2|17|20|27,admiration|anger|joy|optimism|neutral
1118,0,admiration,2|6|12|17|18|27,anger|confusion|embarrassment|joy|love|neutral
1119,27,neutral,1|4|6|15|26,amusement|approval|confusion|gratitude|surprise
1120,27,neutral,0|4|11|13|15|17|18,admiration|approval|disgust|excitement|gratitude|joy|love
1121,9,disappointment,0|1|3|4|10|13|17|26,admiration|amusement|annoyance|approval|disapproval|excitement|joy|surprise
1122,6,confusion,1|15|27,amusement|gratitude|neutral
1123,7,curiosity,0|1|6|7|11|13|20|22|27,admiration|amusement|confusion|curiosity|disgust|excitement|optimism|realization|neutral
1124,27,neutral,1|2|19|20|27,amusement|anger|nervousness|optimism|neutral
1125,11,disgust,1|13|18|27,amusement|excitement|love|neutral
1126,11,disgust,1|2|4|7|20|22,amusement|anger|approval|curiosity|optimism|realization
1127,11,disgust,0|3|6|9|18,admiration|annoyance|confusion|disappointment|love
1128,18|20,love|optimism,0|2|9|15|18|22|27,admiration|anger|disappointment|gratitude|love|realization|neutral
1129,4|27,approval|neutral,1|3|10|18|22|26|27,amusement|annoyance|disapproval|love|realization|surprise|neutral
1130,26,surprise,7|18|20,curiosity|love|optimism
1131,1,amusement,0|1|4|6|11|17|22|25,admiration|amusement|approval|confusion|disgust|joy|realization|sadness
1132,27,neutral,2|4|6|7|9|10|14,anger|approval|confusion|curiosity|disappointment|disapproval|fear
1133,0,admiration,0|6|10|13|15|24|27,admiration|confusion|disapproval|excitement|gratitude|remorse|neutral
1134,1,amusement,1|6|7|10|20|22|25,amusement|confusion|curiosity|disapproval|optimism|realization|sadness
1135,20,optimism,0|2|3|6|10|19|27,admiration|anger|annoyance|confusion|disapproval|nervousness|neutral
1136,2|3,anger|annoyance,1|7|10|17|20|24,amusement|curiosity|disapproval|joy|optimism|remorse
1137,3,annoyance,14|17|19|27,fear|joy|nervousness|neutral
1138,1,amusement,0|4|7|9|10|11|18|20|22|26,admiration|approval|curiosity|disappointment|disapproval|disgust|love|optimism|realization|surprise
1139,15,gratitude,0|3|5|6|11|25,admiration|annoyance|caring|confusion|disgust|sadness
1140,27,neutral,1|4|5|13|14|20|22|26,amusement|approval|caring|excitement|fear|optimism|realization|surprise
1141,15,gratitude,0|1|4|6|18|25|26,admiration|amusement|approval|confusion|love|sadness|surprise
1142,20,optimism,6|13|14|27,confusion|excitement|fear|neutral
1143,27,neutral,0|3|7|9|17,admiration|annoyance|curiosity|disappointment|joy
1144,8,desire,1|7|9|13|20|22,amusement|curiosity|disappointment|excitement|optimism|realization
1145,18,love,9|10|11|14|15|18|22|25|27,disappointment|disapproval|disgust|fear|gratitude|love|realization|sadness|neutral
1146,26,surprise,4|8|14|17|18|22|25|26,approval|desire|fear|joy|love|realization|sadness|surprise
1147,11,disgust,1|10|22|25,amusement|disapproval|realization|sadness
1148,27,neutral,0|2|5|6,admiration|anger|caring|confusion
1149,13|27,excitement|neutral,2|3|6|15|17|18|20|27,anger|annoyance|confusion|gratitude|joy|love|optimism|neutral
1150,27,neutral,0|10|27,admiration|disapproval|neutral
1151,27,neutral,0|4|5|6|15|26|27,admiration|approval|caring|confusion|gratitude|surprise|neutral
1152,15,gratitude,2|5|6|7|10|19|25,anger|caring|confusion|curiosity|disapproval|nervousness|sadness
1153,9|18,disappointment|love,1|7|8|26,amusement|curiosity|desire|surprise
1154,27,neutral,0|8|9|13|18|20|27,admiration|desire|disappointment|excitement|love|optimism|neutral
1155,10,disapproval,1|2|3|6|10|17|27,amusement|anger|annoyance|confusion|disapproval|joy|neutral
1156,4,approval,1|4|5|6|7|11|16|20|27,amusement|approval|caring|confusion|curiosity|disgust|grief|optimism|neutral
1157,27,neutral,1|3|13|22|26|27,amusement|annoyance|excitement|realization|surprise|neutral
1158,27,neutral,2|6|7|8|10|13|15|17|18|20,anger|confusion|curiosity|desire|disapproval|excitement|gratitude|joy|love|optimism
1159,2|18,anger|love,4|7|10|14|15|18,approval|curiosity|disapproval|fear|gratitude|love
1160,0,admiration,1|2|11|12|13|27,amusement|anger|disgust|embarrassment|excitement|neutral
1161,27,neutral,1|9|10|15|18|25|26|27,amusement|disappointment|disapproval|gratitude|love|sadness|surprise|neutral
1162,15,gratitude,3|7|17|18,annoyance|curiosity|joy|love
1163,10,disapproval,2|5|6|13|17|27,anger|caring|confusion|excitement|joy|neutral
1164,27,neutral,0|3|4|6|27,admiration|annoyance|approval|confusion|neutral
1165,1,amusement,0|9|13|14|15|18|25,admiration|disappointment|excitement|fear|gratitude|love|sadness
1166,27,neutral,7|9|10|15|17,curiosity|disappointment|disapproval|gratitude|joy
1167,0,admiration,2|6|11|24,anger|confusion|disgust|remorse
1168,6,confusion,1|17|18|25|26,amusement|joy|love|sadness|surprise
1169,2,anger,3|6|7|18|26|27,annoyance|confusion|curiosity|love|surprise|neutral
1170,3,annoyance,0|1|2|5|6|7|11|15|18|25,admiration|amusement|anger|caring|confusion|curiosity|disgust|gratitude|love|sadness
1171,27,neutral,0|3|6|7|15|17|26,admiration|annoyance|confusion|curiosity|gratitude|joy|surprise
1172,15,gratitude,1|2|3|6|8|22|26,amusement|anger|annoyance|confusion|desire|realization|surprise
1173,0,admiration,0|3|6|8|9|27,admiration|annoyance|confusion|desire|disappointment|neutral
1174,4,approval,0|1|3|4|7|10|20,admiration|amusement|annoyance|approval|curiosity|disapproval|optimism
1175,18,love,2|6|7|15|18|22|24,anger|confusion|curiosity|gratitude|love|realization|remorse
1176,1,amusement,0|9|11|20|25|27,admiration|disappointment|disgust|optimism|sadness|neutral
1177,4|22,approval|realization,2|3|6|7|10|22|26|27,anger|annoyance|confusion|curiosity|disapproval|realization|surprise|neutral
1178,0,admiration,0|1|3|6|10|15|20,admiration|amusement|annoyance|confusion|disapproval|gratitude|optimism
1179,27,neutral,1|2|3|6|7|9|22,amusement|anger|annoyance|confusion|curiosity|disappointment|realization
1180,1,amusement,1|2|4|13|20|27,amusement|anger|approval|excitement|optimism|neutral
1181,2|3,anger|annoyance,0|2|3|10|17|18|26,admiration|anger|annoyance|disapproval|joy|love|surprise
1182,27,neutral,0|2|3|5|10|15|25|27,admiration|anger|annoyance|caring|disapproval|gratitude|sadness|neutral
1183,13,excitement,4|14|15|17|20|27,approval|fear|gratitude|joy|optimism|neutral
1184,0,admiration,2|6|9|10|11|15|18|20|25,anger|confusion|disappointment|disapproval|disgust|gratitude|love|optimism|sadness
1185,27,neutral,0|4|9|13|15|25|26|27,admiration|approval|disappointment|excitement|gratitude|sadness|surprise|neutral
1186,27,neutral,0|4|5|7|9|14|20|24,admiration|approval|caring|curiosity|disappointment|fear|optimism|remorse
1187,10,disapproval,0|4|13|14|15|18,admiration|approval|excitement|fear|gratitude|love
1188,27,neutral,7|15|17,curiosity|gratitude|joy
1189,22,realization,1|6|10|13|15|27,amusement|confusion|disapproval|excitement|gratitude|neutral
1190,26,surprise,0|1|3|4|5|7|8|17|20|22,admiration|amusement|annoyance|approval|caring|curiosity|desire|joy|optimism|realization
1191,3,annoyance,5|6|7|22|27,caring|confusion|curiosity|realization|neutral
1192,27,neutral,3|4|8|10|11|13|22,annoyance|approval|desire|disapproval|disgust|excitement|realization
1193,27,neutral,3|4|7|18|24|27,annoyance|approval|curiosity|love|remorse|neutral
1194,27,neutral,0|6|7|17|18|23|27,admiration|confusion|curiosity|joy|love|relief|neutral
1195,20,optimism,1|10|15|17|18|22|26,amusement|disapproval|gratitude|joy|love|realization|surprise
1196,13,excitement,2|6|10|15,anger|confusion|disapproval|gratitude
1197,5,caring,3|5|9|13|23|26|27,annoyance|caring|disappointment|excitement|relief|surprise|neutral
1198,22,realization,1|2|3|5|7|10|13|17|26,amusement|anger|annoyance|caring|curiosity|disapproval|excitement|joy|surprise
1199,6|27,confusion|neutral,0|1|2|3|5|6|7|8,admiration|amusement|anger|annoyance|caring|confusion|curiosity|desire
1200,25,sadness,0|7|13|20|25,admiration|curiosity|excitement|optimism|sadness
1201,0,admiration,1|2|3|9|10|26|27,amusement|anger|annoyance|disappointment|disapproval|surprise|neutral
1202,9,disappointment,0|1|2|13|15|18|25,admiration|amusement|anger|excitement|gratitude|love|sadness
1203,21,pride,0|1|4|17|25|26|27,admiration|amusement|approval|joy|sadness|surprise|neutral
1204,1,amusement,2|8|9|13|27,anger|desire|disappointment|excitement|neutral
1205,0,admiration,0|1|3|13|15|17|26|27,admiration|amusement|annoyance|excitement|gratitude|joy|surprise|neutral
1206,15,gratitude,5|10|15|18|25|27,caring|disapproval|gratitude|love|sadness|neutral
1207,10,disapproval,6|13|15|25|26,confusion|excitement|gratitude|sadness|surprise
1208,27,neutral,6|8|10|11|15|20|22,confusion|desire|disapproval|disgust|gratitude|optimism|realization
1209,18,love,3|9|14|15|18,annoyance|disappointment|fear|gratitude|love
1210,15,gratitude,0|1|4|10|15|17|18|27,admiration|amusement|approval|disapproval|gratitude|joy|love|neutral
1211,7|27,curiosity|neutral,0|7|8|9|10|18|27,admiration|curiosity|desire|disappointment|disapproval|love|neutral
1212,17,joy,0|1|4|7|9|15|25,admiration|amusement|approval|curiosity|disappointment|gratitude|sadness
1213,17,joy,1|2|4|7|12|13|14|17|22|25,amusement|anger|approval|curiosity|embarrassment|excitement|fear|joy|realization|sadness
1214,2,anger,0|4|18,admiration|approval|love
1215,0,admiration,1|7|15|17|18|25,amusement|curiosity|gratitude|joy|love|sadness
1216,27,neutral,1|4|7|15|18|27,amusement|approval|curiosity|gratitude|love|neutral
1217,1,amusement,0|1|2|3|9|11|27,admiration|amusement|anger|annoyance|disappointment|disgust|neutral
1218,25,sadness,0|4|5|6|7|15,admiration|approval|caring|confusion|curiosity|gratitude
1219,1,amusement,0|2|5|15|17|20|25|27,admiration|anger|caring|gratitude|joy|optimism|sadness|neutral
1220,18,love,0|2|6|9|10|17,admiration|anger|confusion|disappointment|disapproval|joy
1221,15,gratitude,0|1|6|10|14|22,admiration|amusement|confusion|disapproval|fear|realization
1222,26,surprise,0|2|8|11|13|17|25,admiration|anger|desire|disgust|excitement|joy|sadness
1223,18,love,0|2|4|7|8|11|14|26,admiration|anger|approval|curiosity|desire|disgust|fear|surprise
1224,18,love,1|6|7|10|17|22|27,amusement|confusion|curiosity|disapproval|joy|realization|neutral
1225,27,neutral,3|4|5|9|17|25,annoyance|approval|caring|disappointment|joy|sadness
1226,0,admiration,0|4|9|15|20,admiration|approval|disappointment|gratitude|optimism
1227,17,joy,0|5|7|15|18|26,admiration|caring|curiosity|gratitude|love|surprise
1228,27,neutral,1|8|18|20|25|27,amusement|desire|love|optimism|sadness|neutral
1229,24,remorse,9|18|20|26|27,disappointment|love|optimism|surprise|neutral
1230,27,neutral,3|6|7|10|17|18|22,annoyance|confusion|curiosity|disapproval|joy|love|realization
1231,27,neutral,3|4|7|9|13|22,annoyance|approval|curiosity|disappointment|excitement|realization
1232,27,neutral,5|7|8|10|13|15|20|27,caring|curiosity|desire|disapproval|excitement|gratitude|optimism|neutral
1233,10,disapproval,2|3|7|19|26,anger|annoyance|curiosity|nervousness|surprise
1234,27,neutral,2|4|5|6|7|11|20|25,anger|approval|caring|confusion|curiosity|disgust|optimism|sadness
1235,0,admiration,0|6|18|20|27,admiration|confusion|love|optimism|neutral
1236,15,gratitude,10|17|18|20,disapproval|joy|love|optimism
1237,3,annoyance,0|2|4|7|9|11|14|18,admiration|anger|approval|curiosity|disappointment|disgust|fear|love
1238,1,amusement,1|2|9|10|14|15|20|24,amusement|anger|disappointment|disapproval|fear|gratitude|optimism|remorse
1239,27,neutral,1|2|3|6|8|15|17,amusement|anger|annoyance|confusion|desire|gratitude|joy
1240,27,neutral,2|7|10|13|17|22|27,anger|curiosity|disapproval|excitement|joy|realization|neutral
1241,27,neutral,0|7|12|17|27,admiration|curiosity|embarrassment|joy|neutral
1242,27,neutral,0|2|3|5|25|27,admiration|anger|annoyance|caring|sadness|neutral
1243,27,neutral,2|8|14|15|17|18,anger|desire|fear|gratitude|joy|love
1244,15,gratitude,3|4|7|15|26,annoyance|approval|curiosity|gratitude|surprise
1245,1|20,amusement|optimism,4|5|7|9|10|13|20,approval|caring|curiosity|disappointment|disapproval|excitement|optimism
1246,1|22,amusement|realization,0|1|4|7|9|13|20,admiration|amusement|approval|curiosity|disappointment|excitement|optimism
1247,15,gratitude,0|2|3|6|17|22,admiration|anger|annoyance|confusion|joy|realization
1248,0|16|25,admiration|grief|sadness,0|2|3|4|5|6|10|15|26,admiration|anger|annoyance|approval|caring|confusion|disapproval|gratitude|surprise
1249,18,love,0|1|9|18|20,admiration|amusement|disappointment|love|optimism
1250,27,neutral,0|3|6|10|15|20|27,admiration|annoyance|confusion|disapproval|gratitude|optimism|neutral
1251,27,neutral,3|6|7|8|18|20|27,annoyance|confusion|curiosity|desire|love|optimism|neutral
1252,3,annoyance,2|3|9|10,anger|annoyance|disappointment|disapproval
1253,27,neutral,0|6|9|15|17|22|24,admiration|confusion|disappointment|gratitude|joy|realization|remorse
1254,0,admiration,20|27,optimism|neutral
1255,27,neutral,0|1|3|4|6|11|21,admiration|amusement|annoyance|approval|confusion|disgust|pride
1256,27,neutral,2|15|17|27,anger|gratitude|joy|neutral
1257,1,amusement,0|8|10|14|22|27,admiration|desire|disapproval|fear|realization|neutral
1258,7,curiosity,6|9|10|11|17|22|25|27,confusion|disappointment|disapproval|disgust|joy|realization|sadness|neutral
1259,5,caring,1|3|4|5|15|17|27,amusement|annoyance|approval|caring|gratitude|joy|neutral
1260,15|18,gratitude|love,0|5|6|7|10|17|18|26|27,admiration|caring|confusion|curiosity|disapproval|joy|love|surprise|neutral
1261,6,confusion,5|6|7|8|18|25|27,caring|confusion|curiosity|desire|love|sadness|neutral
1262,4,approval,1|4|5|6|15|27,amusement|approval|caring|confusion|gratitude|neutral
1263,27,neutral,1|2|3|7|22|24,amusement|anger|annoyance|curiosity|realization|remorse
1264,27,neutral,1|4|7|13|17|18|23|26,amusement|approval|curiosity|excitement|joy|love|relief|surprise
1265,0|4,admiration|approval,3|4|5|7|10|14|15|17|18|20|25,annoyance|approval|caring|curiosity|disapproval|fear|gratitude|joy|love|optimism|sadness
1266,27,neutral,0|1|10|14|22|24|27,admiration|amusement|disapproval|fear|realization|remorse|neutral
1267,27,neutral,7|10|14|20|27,curiosity|disapproval|fear|optimism|neutral
1268,27,neutral,4|5|8|10|12|14|15|17|18|20,approval|caring|desire|disapproval|embarrassment|fear|gratitude|joy|love|optimism
1269,27,neutral,1|27,amusement|neutral
1270,0,admiration,1|27,amusement|neutral
1271,27,neutral,2|3|12|17|27,anger|annoyance|embarrassment|joy|neutral
1272,1|20,amusement|optimism,3|4|11|15|18|27,annoyance|approval|disgust|gratitude|love|neutral
1273,27,neutral,0|1|4|12|17|21|25,admiration|amusement|approval|embarrassment|joy|pride|sadness
1274,11,disgust,0|1|4|6|7|8,admiration|amusement|approval|confusion|curiosity|desire
1275,27,neutral,4|5|7|8|18|20|22,approval|caring|curiosity|desire|love|optimism|realization
1276,4,approval,0|1|4|7|10|13|20|22|24|25|26,admiration|amusement|approval|curiosity|disapproval|excitement|optimism|realization|remorse|sadness|surprise
1277,6,confusion,3|7|9|15,annoyance|curiosity|disappointment|gratitude
1278,27,neutral,3|9|10|15|25,annoyance|disappointment|disapproval|gratitude|sadness
1279,0,admiration,9|13|15|20|25|26|27,disappointment|excitement|gratitude|optimism|sadness|surprise|neutral
1280,27,neutral,1|5|9|27,amusement|caring|disappointment|neutral
1281,4|14,approval|fear,1|2|5|6,amusement|anger|caring|confusion
1282,0,admiration,6|10|27,confusion|disapproval|neutral
1283,4,approval,2|3|4|10|20|25,anger|annoyance|approval|disapproval|optimism|sadness
1284,10,disapproval,0|2|5|6|7|8|9|10|18|25|27,admiration|anger|caring|confusion|curiosity|desire|disappointment|disapproval|love|sadness|neutral
1285,3,annoyance,2|7|10|27,anger|curiosity|disapproval|neutral
1286,27,neutral,1|2|5|8|14|20,amusement|anger|caring|desire|fear|optimism
1287,27,neutral,6|8|11|20|26|27,confusion|desire|disgust|optimism|surprise|neutral
1288,13|27,excitement|neutral,7|9|17|18|24,curiosity|disappointment|joy|love|remorse
1289,27,neutral,6|9|13|15|17|18|20,confusion|disappointment|excitement|gratitude|joy|love|optimism
1290,15,gratitude,5|7|18|20|26,caring|curiosity|love|optimism|surprise
1291,27,neutral,0|13|17|24|25,admiration|excitement|joy|remorse|sadness
1292,27,neutral,5|13|17|18|25|27,caring|excitement|joy|love|sadness|neutral
1293,20,optimism,0|4|10|13|18,admiration|approval|disapproval|excitement|love
1294,9,disappointment,1|2|9|17|18|20|27,amusement|anger|disappointment|joy|love|optimism|neutral
1295,11|27,disgust|neutral,5|7|18|25|27,caring|curiosity|love|sadness|neutral
1296,7,curiosity,1|4|7|11|20|22|25|26,amusement|approval|curiosity|disgust|optimism|realization|sadness|surprise
1297,17,joy,1|3|6|9|15|22|27,amusement|annoyance|confusion|disappointment|gratitude|realization|neutral
1298,20,optimism,0|2|5|7|14|15|17|26,admiration|anger|caring|curiosity|fear|gratitude|joy|surprise
1299,10,disapproval,1|3|5|7|20|27,amusement|annoyance|caring|curiosity|optimism|neutral
1300,10|27,disapproval|neutral,0|1|4|5|8|12|13|17|22|25,admiration|amusement|approval|caring|desire|embarrassment|excitement|joy|realization|sadness
1301,20,optimism,1|3|15|17|26,amusement|annoyance|gratitude|joy|surprise
1302,27,neutral,6|18|25|27,confusion|love|sadness|neutral
1303,22,realization,0|4|7|13|17|18,admiration|approval|curiosity|excitement|joy|love
1304,1,amusement,1|4|5|7|10|17|20|25|26,amusement|approval|caring|curiosity|disapproval|joy|optimism|sadness|surprise
1305,27,neutral,2|4|5|11|17|22|27,anger|approval|caring|disgust|joy|realization|neutral
1306,27,neutral,1|2|3|7|10|22|27,amusement|anger|annoyance|curiosity|disapproval|realization|neutral
1307,15|18,gratitude|love,0|5|15,admiration|caring|gratitude
1308,4,approval,0|2|4|10|15|17,admiration|anger|approval|disapproval|gratitude|joy
1309,20,optimism,4|6|7|8|10|14|22|24|26,approval|confusion|curiosity|desire|disapproval|fear|realization|remorse|surprise
1310,4|20,approval|optimism,0|5|6|9|10|14|15|22|24|25,admiration|caring|confusion|disappointment|disapproval|fear|gratitude|realization|remorse|sadness
1311,5,caring,0|1|2|3|4|7|9|20|22|25,admiration|amusement|anger|annoyance|approval|curiosity|disappointment|optimism|realization|sadness
1312,2|3,anger|annoyance,1|9,amusement|disappointment
1313,8,desire,1|4|8|10|20|22|26,amusement|approval|desire|disapproval|optimism|realization|surprise
1314,20,optimism,4|8|10|13|20|27,approval|desire|disapproval|excitement|optimism|neutral
1315,6,confusion,0|1|4|15|17|27,admiration|amusement|approval|gratitude|joy|neutral
1316,0,admiration,0|1|3|8|25|26|27,admiration|amusement|annoyance|desire|sadness|surprise|neutral
1317,0|17,admiration|joy,3|10|13|15|20|25,annoyance|disapproval|excitement|gratitude|optimism|sadness
1318,27,neutral,9|13|27,disappointment|excitement|neutral
1319,27,neutral,0|1|9|17,admiration|amusement|disappointment|joy
1320,7,curiosity,0|1|4|5|6|17|22,admiration|amusement|approval|caring|confusion|joy|realization
1321,27,neutral,1|8|10|13|17|24|26,amusement|desire|disapproval|excitement|joy|remorse|surprise
1322,15,gratitude,2|5|11|27,anger|caring|disgust|neutral
1323,4,approval,2|5|10|17|18|27,anger|caring|disapproval|joy|love|neutral
1324,27,neutral,2|3|6|11|18|27,anger|annoyance|confusion|disgust|love|neutral
1325,0|4,admiration|approval,0|2|3|4|6|7|17|22|25|26,admiration|anger|annoyance|approval|confusion|curiosity|joy|realization|sadness|surprise
1326,27,neutral,10|26|27,disapproval|surprise|neutral
1327,15|18,gratitude|love,3|5|7|22,annoyance|caring|curiosity|realization
1328,6,confusion,1|3|7|8|15|18,amusement|annoyance|curiosity|desire|gratitude|love
1329,27,neutral,1|3|4|5|6|8|10|15|25,amusement|annoyance|approval|caring|confusion|desire|disapproval|gratitude|sadness
1330,27,neutral,2|3|5|7|10|13|15|20,anger|annoyance|caring|curiosity|disapproval|excitement|gratitude|optimism
1331,8,desire,2|3|5|7|12|14|15|17|18|27,anger|annoyance|caring|curiosity|embarrassment|fear|gratitude|joy|love|neutral
1332,3,annoyance,0|10|17|25|26,admiration|disapproval|joy|sadness|surprise
1333,20,optimism,0|4|5|13|20|25,admiration|approval|caring|excitement|optimism|sadness
1334,0,admiration,5|6|15|18|19|27,caring|confusion|gratitude|love|nervousness|neutral
1335,1|27,amusement|neutral,0|2|3|4|6|10|11|17|23|27,admiration|anger|annoyance|approval|confusion|disapproval|disgust|joy|relief|neutral
1336,0,admiration,1|4|7|13|14|17|20|27,amusement|approval|curiosity|excitement|fear|joy|optimism|neutral
1337,0,admiration,6|7,confusion|curiosity
1338,7,curiosity,7|11|18|22,curiosity|disgust|love|realization
1339,9,disappointment,0|10|14|15|26|27,admiration|disapproval|fear|gratitude|surprise|neutral
1340,4,approval,0|3|10|18|22|27,admiration|annoyance|disapproval|love|realization|neutral
1341,1,amusement,1|4|10|15|20|22|27,amusement|approval|disapproval|gratitude|optimism|realization|neutral
1342,22,realization,0|1|2|17|25,admiration|amusement|anger|joy|sadness
1343,27,neutral,0|1|3|9|20|25|26,admiration|amusement|annoyance|disappointment|optimism|sadness|surprise
1344,20,optimism,0|3|4|6|7|13|14|15|18|22,admiration|annoyance|approval|confusion|curiosity|excitement|fear|gratitude|love|realization
1345,0,admiration,0|4|7|9|15|17|18|26,admiration|approval|curiosity|disappointment|gratitude|joy|love|surprise
1346,27,neutral,2|5|18|20|27,anger|caring|love|optimism|neutral
1347,27,neutral,0|4|5|9|22|27,admiration|approval|caring|disappointment|realization|neutral
1348,27,neutral,4|6|7|8|10|18|25|26|27,approval|confusion|curiosity|desire|disapproval|love|sadness|surprise|neutral
1349,1,amusement,0|10|17|20|27,admiration|disapproval|joy|optimism|neutral
1350,15|20,gratitude|optimism,0|7|12|18|22|24|25|27,admiration|curiosity|embarrassment|love|realization|remorse|sadness|neutral
1351,13,excitement,0|2|5|15|17|18|25,admiration|anger|caring|gratitude|joy|love|sadness
1352,27,neutral,0|3|4|6|10,admiration|annoyance|approval|confusion|disapproval
1353,2|3,anger|annoyance,0|1|3|10|11|18,admiration|amusement|annoyance|disapproval|disgust|love
1354,10,disapproval,1|2|3|7|15|19|20|25|26,amusement|anger|annoyance|curiosity|gratitude|nervousness|optimism|sadness|surprise
1355,3,annoyance,4|9|10|20,approval|disappointment|disapproval|optimism
1356,1,amusement,3|7|10|11|12|13,annoyance|curiosity|disapproval|disgust|embarrassment|excitement
1357,0,admiration,1|2|4|5|9|10|11|13|15|17|23,amusement|anger|approval|caring|disappointment|disapproval|disgust|excitement|gratitude|joy|relief
1358,10,disapproval,3|4|5|8|10|11|25|27,annoyance|approval|caring|desire|disapproval|disgust|sadness|neutral
1359,22,realization,1|4|6|7|9|13|18|25|27,amusement|approval|confusion|curiosity|disappointment|excitement|love|sadness|neutral
1360,10,disapproval,3|8|10|22,annoyance|desire|disapproval|realization
1361,15,gratitude,2|5|6|10|11|14|20|22|26,anger|caring|confusion|disapproval|disgust|fear|optimism|realization|surprise
1362,27,neutral,3|15|18|22|27,annoyance|gratitude|love|realization|neutral
1363,2,anger,0|4|13|26,admiration|approval|excitement|surprise
1364,10,disapproval,0|1|4|9|13|18|20|26,admiration|amusement|approval|disappointment|excitement|love|optimism|surprise
1365,1|27,amusement|neutral,1|2|4|5|6|8|10|15|20|22,amusement|anger|approval|caring|confusion|desire|disapproval|gratitude|optimism|realization
1366,9,disappointment,2|9|13|17|26|27,anger|disappointment|excitement|joy|surprise|neutral
1367,27,neutral,4|5|6|10|15|27,approval|caring|confusion|disapproval|gratitude|neutral
1368,27,neutral,0|1|4|8|9|11|26,admiration|amusement|approval|desire|disappointment|disgust|surprise
1369,1|17,amusement|joy,0|2|3|8|20|27,admiration|anger|annoyance|desire|optimism|neutral
1370,3|27,annoyance|neutral,7|11|15,curiosity|disgust|gratitude
1371,3|27,annoyance|neutral,1|7|13|20|25|26|27,amusement|curiosity|excitement|optimism|sadness|surprise|neutral
1372,26,surprise,1|4|6|7|10|13|17|22|27,amusement|approval|confusion|curiosity|disapproval|excitement|joy|realization|neutral
1373,16,grief,6|10|11|20|27,confusion|disapproval|disgust|optimism|neutral
1374,6,confusion,1|6|9|13|18|20|22|27,amusement|confusion|disappointment|excitement|love|optimism|realization|neutral
1375,0,admiration,9|11|18|20,disappointment|disgust|love|optimism
1376,15|22,gratitude|realization,0|3|13|17|26,admiration|annoyance|excitement|joy|surprise
1377,27,neutral,0|17,admiration|joy
1378,27,neutral,2|7|10|15|19|22,anger|curiosity|disapproval|gratitude|nervousness|realization
1379,24|25,remorse|sadness,2|3|4|6|10|18|20|25|27,anger|annoyance|approval|confusion|disapproval|love|optimism|sadness|neutral
1380,10,disapproval,0|1|4|9|11|27,admiration|amusement|approval|disappointment|disgust|neutral
1381,6,confusion,1|2|7|8|10|17|22|27,amusement|anger|curiosity|desire|disapproval|joy|realization|neutral
1382,3,annoyance,2|3|10|15|17|18|27,anger|annoyance|disapproval|gratitude|joy|love|neutral
1383,4,approval,3|4|5|6|10|11|18,annoyance|approval|caring|confusion|disapproval|disgust|love
1384,8|16,desire|grief,4|6|7|14|15|17|18|20|26,approval|confusion|curiosity|fear|gratitude|joy|love|optimism|surprise
1385,15,gratitude,0|6|10|11|20|27,admiration|confusion|disapproval|disgust|optimism|neutral
1386,22,realization,0|1|3|4|5|10|17|22|25,admiration|amusement|annoyance|approval|caring|disapproval|joy|realization|sadness
1387,27,neutral,1|2|3|11|15|26|27,amusement|anger|annoyance|disgust|gratitude|surprise|neutral
1388,4,approval,4|8|15|26|27,approval|desire|gratitude|surprise|neutral
1389,27,neutral,3|5|8|10|26,annoyance|caring|desire|disapproval|surprise
1390,27,neutral,0|11|15|27,admiration|disgust|gratitude|neutral
1391,9|14,disappointment|fear,2|3|9|10|15|18,anger|annoyance|disappointment|disapproval|gratitude|love
1392,2,anger,27,neutral
1393,0,admiration,0|2|4|10|22|26|27,admiration|anger|approval|disapproval|realization|surprise|neutral
1394,15,gratitude,0|1|2|7|10|15|18|25,admiration|amusement|anger|curiosity|disapproval|gratitude|love|sadness
1395,17|22,joy|realization,0|1|4|9|10|14|15|17|20|26,admiration|amusement|approval|disappointment|disapproval|fear|gratitude|joy|optimism|surprise
1396,2,anger,1|5|6|7|10|15|22,amusement|caring|confusion|curiosity|disapproval|gratitude|realization
1397,20,optimism,4|10|15|18|25,approval|disapproval|gratitude|love|sadness
1398,27,neutral,1|3|4|5|6|10|13|20|22,amusement|annoyance|approval|caring|confusion|disapproval|excitement|optimism|realization
1399,1,amusement,2|4|5|9|10|13|15|17|18|27,anger|approval|caring|disappointment|disapproval|excitement|gratitude|joy|love|neutral
1400,11|14,disgust|fear,3|5|6|7|9|17|20|25,annoyance|caring|confusion|curiosity|disappointment|joy|optimism|sadness
1401,9,disappointment,1|2|3|5|7|8|27,amusement|anger|annoyance|caring|curiosity|desire|neutral
1402,0,admiration,2|4|6|7|11|18|27,anger|approval|confusion|curiosity|disgust|love|neutral
1403,0,admiration,1|2|3|8|9|10|11|17|20|26,amusement|anger|annoyance|desire|disappointment|disapproval|disgust|joy|optimism|surprise
1404,18,love,4|11|26,approval|disgust|surprise
1405,5|6,caring|confusion,1|3|4|6|13|17,amusement|annoyance|approval|confusion|excitement|joy
1406,27,neutral,3|4|6|7|9|10|11|15|18|22,annoyance|approval|confusion|curiosity|disappointment|disapproval|disgust|gratitude|love|realization
1407,2,anger,9|10|14|17,disappointment|disapproval|fear|joy
1408,0,admiration,2|7|8|15|25|27,anger|curiosity|desire|gratitude|sadness|neutral
1409,27,neutral,0|3|17|27,admiration|annoyance|joy|neutral
1410,4,approval,0|2|7|9|18|22|26,admiration|anger|curiosity|disappointment|love|realization|surprise
1411,18,love,2|18|20|27,anger|love|optimism|neutral
1412,27,neutral,1|3|6|9|25|27,amusement|annoyance|confusion|disappointment|sadness|neutral
1413,27,neutral,2|3|4|5|7|17|18|22|27,anger|annoyance|approval|caring|curiosity|joy|love|realization|neutral
1414,17,joy,2|7|14|20|24|25|27,anger|curiosity|fear|optimism|remorse|sadness|neutral
1415,20,optimism,0|1|2|4|6|7|10|14|17|18|19|22|26,admiration|amusement|anger|approval|confusion|curiosity|disapproval|fear|joy|love|nervousness|realization|surprise
1416,27,neutral,1|2|9|15|25|26,amusement|anger|disappointment|gratitude|sadness|surprise
1417,27,neutral,4|6|9|25|27,approval|confusion|disappointment|sadness|neutral
1418,27,neutral,0|7,admiration|curiosity
1419,26,surprise,3|4|11|13|27,annoyance|approval|disgust|excitement|neutral
1420,27,neutral,0|1|4|13|22,admiration|amusement|approval|excitement|realization
1421,0,admiration,0|2|4|7|10|17|22,admiration|anger|approval|curiosity|disapproval|joy|realization
1422,20,optimism,1|2|4|10|13|20|27,amusement|anger|approval|disapproval|excitement|optimism|neutral
1423,27,neutral,1|2|4|10|13|14|18,amusement|anger|approval|disapproval|excitement|fear|love
1424,4|8,approval|desire,5|6|9|10|11|14|15|18|20|25|27,caring|confusion|disappointment|disapproval|disgust|fear|gratitude|love|optimism|sadness|neutral
1425,12,embarrassment,3|4|7|10,annoyance|approval|curiosity|disapproval
1426,0,admiration,0|2|3|4|6|10|13|25|27,admiration|anger|annoyance|approval|confusion|disapproval|excitement|sadness|neutral
1427,4,approval,0|3|6|27,admiration|annoyance|confusion|neutral
1428,15,gratitude,0|2|6|10|17,admiration|anger|confusion|disapproval|joy
1429,16,grief,3|6|14|26|27,annoyance|confusion|fear|surprise|neutral
1430,0|15,admiration|gratitude,1|4|5|12|13|17|26|27,amusement|approval|caring|embarrassment|excitement|joy|surprise|neutral
1431,3,annoyance,1|4|6|9|10|11|18|22|25,amusement|approval|confusion|disappointment|disapproval|disgust|love|realization|sadness
1432,27,neutral,0|2|3|17,admiration|anger|annoyance|joy
1433,20|21,optimism|pride,4|9|14|20|22|27,approval|disappointment|fear|optimism|realization|neutral
1434,2|9|22,anger|disappointment|realization,2|3|4|6|8|10|14|15|17|26,anger|annoyance|approval|confusion|desire|disapproval|fear|gratitude|joy|surprise
1435,0,admiration,3|6|27,annoyance|confusion|neutral
1436,1,amusement,1|4|10|11|27,amusement|approval|disapproval|disgust|neutral
1437,27,neutral,4|6|7|15|18|26,approval|confusion|curiosity|gratitude|love|surprise
1438,11,disgust,3|4|6|9|10|13|18|26,annoyance|approval|confusion|disappointment|disapproval|excitement|love|surprise
1439,1,amusement,1|3|4|6|10|13|17|22|27,amusement|annoyance|approval|confusion|disapproval|excitement|joy|realization|neutral
1440,27,neutral,3|4|7|9|15|22,annoyance|approval|curiosity|disappointment|gratitude|realization
1441,9|25,disappointment|sadness,1|4|5|12|13|15|20,amusement|approval|caring|embarrassment|excitement|gratitude|optimism
1442,27,neutral,5|7|18|20|25,caring|curiosity|love|optimism|sadness
1443,15,gratitude,3|4|10|15|17|18,annoyance|approval|disapproval|gratitude|joy|love
1444,14,fear,1|2|3|5|6|7|10|14|15|18|25,amusement|anger|annoyance|caring|confusion|curiosity|disapproval|fear|gratitude|love|sadness
1445,27,neutral,0|3|4|6|17|20|22|25,admiration|annoyance|approval|confusion|joy|optimism|realization|sadness
1446,27,neutral,0|3|9|11|13|18,admiration|annoyance|disappointment|disgust|excitement|love
1447,7,curiosity,3|6|7|11|17,annoyance|confusion|curiosity|disgust|joy
1448,0|27,admiration|neutral,0|16|18|25|27,admiration|grief|love|sadness|neutral
1449,27,neutral,0|1|7|13|22,admiration|amusement|curiosity|excitement|realization
1450,11,disgust,0|4|5|10|12|20|24|27,admiration|approval|caring|disapproval|embarrassment|optimism|remorse|neutral
1451,15,gratitude,2|4|6|7|8|18|22|26,anger|approval|confusion|curiosity|desire|love|realization|surprise
1452,27,neutral,0|4|8|12|15|20,admiration|approval|desire|embarrassment|gratitude|optimism
1453,27,neutral,0|1|8|22|26|27,admiration|amusement|desire|realization|surprise|neutral
1454,7,curiosity,3|4|6|13|15|25,annoyance|approval|confusion|excitement|gratitude|sadness
1455,27,neutral,1|2|22|27,amusement|anger|realization|neutral
1456,27,neutral,0|2|6|7|12|23|25|27,admiration|anger|confusion|curiosity|embarrassment|relief|sadness|neutral
1457,27,neutral,1|4|18,amusement|approval|love
1458,27,neutral,4|7|9|10|11|15|22|24,approval|curiosity|disappointment|disapproval|disgust|gratitude|realization|remorse
1459,27,neutral,1|2|6|7|11|15|17|18|25,amusement|anger|confusion|curiosity|disgust|gratitude|joy|love|sadness
1460,1,amusement,2|6|7|10|15|18,anger|confusion|curiosity|disapproval|gratitude|love
1461,27,neutral,0|1|3|5|10|13|17|20,admiration|amusement|annoyance|caring|disapproval|excitement|joy|optimism
1462,3,annoyance,1|7|12|15|17|22,amusement|curiosity|embarrassment|gratitude|joy|realization
1463,2,anger,0|5|9|10|13|18|20|27,admiration|caring|disappointment|disapproval|excitement|love|optimism|neutral
1464,1,amusement,7|9|18|24,curiosity|disappointment|love|remorse
1465,0,admiration,0|1|3|6|7|13|15,admiration|amusement|annoyance|confusion|curiosity|excitement|gratitude
1466,27,neutral,1|3|7|11|15|25,amusement|annoyance|curiosity|disgust|gratitude|sadness
1467,15|17,gratitude|joy,0|1|3|4|5|10|25|27,admiration|amusement|annoyance|approval|caring|disapproval|sadness|neutral
1468,3,annoyance,0|1|15|24,admiration|amusement|gratitude|remorse
1469,18,love,1|4|7|9|10|12|15|26,amusement|approval|curiosity|disappointment|disapproval|embarrassment|gratitude|surprise
1470,15,gratitude,1|2|3|4|18|22,amusement|anger|annoyance|approval|love|realization
1471,22,realization,0|1|4|10|13|15|18,admiration|amusement|approval|disapproval|excitement|gratitude|love
1472,9,disappointment,0|1|4|5|7|14|15|20,admiration|amusement|approval|caring|curiosity|fear|gratitude|optimism
1473,2,anger,1|6|9|14|18|20|22|26|27,amusement|confusion|disappointment|fear|love|optimism|realization|surprise|neutral
1474,0,admiration,1|13|15|17|27,amusement|excitement|gratitude|joy|neutral
1475,27,neutral,5|10|13|15|17|27,caring|disapproval|excitement|gratitude|joy|neutral
1476,15,gratitude,1|3|4|6|10|13|17|22|24|25,amusement|annoyance|approval|confusion|disapproval|excitement|joy|realization|remorse|sadness
1477,27,neutral,3|5|13|17,annoyance|caring|excitement|joy
1478,6,confusion,0|1|3|4|8|17|18|20,admiration|amusement|annoyance|approval|desire|joy|love|optimism
1479,15,gratitude,0|6|20|26,admiration|confusion|optimism|surprise
1480,19,nervousness,2|8|10|24|27,anger|desire|disapproval|remorse|neutral
1481,27,neutral,8|9|10|15|20|25|27,desire|disappointment|disapproval|gratitude|optimism|sadness|neutral
1482,9,disappointment,1|2|3|4|5|6|10|14|15|24|25,amusement|anger|annoyance|approval|caring|confusion|disapproval|fear|gratitude|remorse|sadness
1483,4,approval,0|1|4|11|17|20|27,admiration|amusement|approval|disgust|joy|optimism|neutral
1484,18,love,0|3|6|8|15|18|22|27,admiration|annoyance|confusion|desire|gratitude|love|realization|neutral
1485,26,surprise,3|5|13|17|18|20|26|27,annoyance|caring|excitement|joy|love|optimism|surprise|neutral
1486,4,approval,0|2|4|5|7|17|25,admiration|anger|approval|caring|curiosity|joy|sadness
1487,27,neutral,0|3|6|10|11|14|22|25|27,admiration|annoyance|confusion|disapproval|disgust|fear|realization|sadness|neutral
1488,3|10,annoyance|disapproval,1|7|10|15|17|22,amusement|curiosity|disapproval|gratitude|joy|realization
1489,17,joy,0|7|10|27,admiration|curiosity|disapproval|neutral
1490,27,neutral,1|3|10,amusement|annoyance|disapproval
1491,27,neutral,2|4|6|7|10|11|15|18,anger|approval|confusion|curiosity|disapproval|disgust|gratitude|love
1492,27,neutral,1|6|8|10|17|24|25|26,amusement|confusion|desire|disapproval|joy|remorse|sadness|surprise
1493,14,fear,4|22|26|27,approval|realization|surprise|neutral
1494,27,neutral,1|4|7|9|10|14|17|25,amusement|approval|curiosity|disappointment|disapproval|fear|joy|sadness
1495,27,neutral,4|5|6|7|15|20|27,approval|caring|confusion|curiosity|gratitude|optimism|neutral
1496,26,surprise,0|5|6|10|17|18|25,admiration|caring|confusion|disapproval|joy|love|sadness
1497,22|24,realization|remorse,0|1|5|15|26,admiration|amusement|caring|gratitude|surprise
1498,0,admiration,3|4|7|15|18|27,annoyance|approval|curiosity|gratitude|love|neutral
1499,9,disappointment,1|3|4|5|11|15|17|20|25,amusement|annoyance|approval|caring|disgust|gratitude|joy|optimism|sadness
1500,4,approval,2|5|7|27,anger|caring|curiosity|neutral
1501,15,gratitude,0|5|6|7|9|10|11|15|25,admiration|caring|confusion|curiosity|disappointment|disapproval|disgust|gratitude|sadness
1502,27,neutral,0|3|13|18|24|25|26,admiration|annoyance|excitement|love|remorse|sadness|surprise
1503,6,confusion,0|1|2|7|9|10|15|17|24,admiration|amusement|anger|curiosity|disappointment|disapproval|gratitude|joy|remorse
1504,0,admiration,0|1|4|5|7|14|17,admiration|amusement|approval|caring|curiosity|fear|joy
1505,27,neutral,5|9|11|15|20|25,caring|disappointment|disgust|gratitude|optimism|sadness
1506,27,neutral,0|4|10|15|20,admiration|approval|disapproval|gratitude|optimism
1507,3,annoyance,3|8|14|15|20|22|25|26,annoyance|desire|fear|gratitude|optimism|realization|sadness|surprise
1508,10,disapproval,3|4|6|9|11|25|27,annoyance|approval|confusion|disappointment|disgust|sadness|neutral
1509,15,gratitude,4|7|9|20|25|26,approval|curiosity|disappointment|optimism|sadness|surprise
1510,20|25,optimism|sadness,1|2|5|7|9|10|11|15|17|18,amusement|anger|caring|curiosity|disappointment|disapproval|disgust|gratitude|joy|love
1511,26,surprise,0|2|4|10|15|18|27,admiration|anger|approval|disapproval|gratitude|love|neutral
1512,27,neutral,0|1|4|7|13|14|18|20,admiration|amusement|approval|curiosity|excitement|fear|love|optimism
1513,15,gratitude,7|9|22,curiosity|disappointment|realization
1514,15,gratitude,0|1|3|6|7|11|15|17,admiration|amusement|annoyance|confusion|curiosity|disgust|gratitude|joy
1515,5,caring,1|5|11|15|22|24,amusement|caring|disgust|gratitude|realization|remorse
1516,10,disapproval,4|5|17|18|20,approval|caring|joy|love|optimism
1517,27,neutral,0|2|3|9|15|18|25,admiration|anger|annoyance|disappointment|gratitude|love|sadness
1518,18,love,1|4|5|6|7|9|15|18|20,amusement|approval|caring|confusion|curiosity|disappointment|gratitude|love|optimism
1519,10,disapproval,1|2|7|18|22|25,amusement|anger|curiosity|love|realization|sadness
1520,7,curiosity,0|2|7|10|13|15|18|26|27,admiration|anger|curiosity|disapproval|excitement|gratitude|love|surprise|neutral
1521,27,neutral,0|3|9|14|17|20|27,admiration|annoyance|disappointment|fear|joy|optimism|neutral
1522,27,neutral,5|7|15|20|25|27,caring|curiosity|gratitude|optimism|sadness|neutral
1523,27,neutral,0|3|4|5|6|9|10|22,admiration|annoyance|approval|caring|confusion|disappointment|disapproval|realization
1524,11|20,disgust|optimism,0|1|14|18,admiration|amusement|fear|love
1525,27,neutral,7|17|18|25,curiosity|joy|love|sadness
1526,5,caring,2|4|9|10|11|15|17|24|25|26,anger|approval|disappointment|disapproval|disgust|gratitude|joy|remorse|sadness|surprise
1527,0,admiration,4|5|6|9|10|17|20|27,approval|caring|confusion|disappointment|disapproval|joy|optimism|neutral
1528,27,neutral,2|4|5|6|7|10|18|27,anger|approval|caring|confusion|curiosity|disapproval|love|neutral
1529,15,gratitude,0|1|3|5|9|20|26|27,admiration|amusement|annoyance|caring|disappointment|optimism|surprise|neutral
1530,17,joy,2|3|5|15|27,anger|annoyance|caring|gratitude|neutral
1531,3,annoyance,3|9|17|27,annoyance|disappointment|joy|neutral
1532,4,approval,3|4|7|10,annoyance|approval|curiosity|disapproval
1533,27,neutral,0|10|18|26,admiration|disapproval|love|surprise
1534,20,optimism,4|6|9|10|20|25|26|27,approval|confusion|disappointment|disapproval|optimism|sadness|surprise|neutral
1535,4,approval,0|1|20,admiration|amusement|optimism
1536,27,neutral,0|1|4|18|26,admiration|amusement|approval|love|surprise
1537,1,amusement,0|1|2|6|7|15|20|26,admiration|amusement|anger|confusion|curiosity|gratitude|optimism|surprise
1538,24,remorse,0|4|7|14|18|20|26,admiration|approval|curiosity|fear|love|optimism|surprise
1539,20,optimism,0|3|9|15|18|22|26,admiration|annoyance|disappointment|gratitude|love|realization|surprise
1540,18,love,0|5|8|9|10|11|17|24|25|27,admiration|caring|desire|disappointment|disapproval|disgust|joy|remorse|sadness|neutral
1541,27,neutral,0|1|2|3|4|26|27,admiration|amusement|anger|annoyance|approval|surprise|neutral
1542,5,caring,0|3|4|7|8|9|14|17|25|26,admiration|annoyance|approval|curiosity|desire|disappointment|fear|joy|sadness|surprise
1543,27,neutral,6|7|8|15|24|27,confusion|curiosity|desire|gratitude|remorse|neutral
1544,18,love,0|3|4|5|7|10|13|14|18|20|25,admiration|annoyance|approval|caring|curiosity|disapproval|excitement|fear|love|optimism|sadness
1545,17,joy,0|2|4|17|27,admiration|anger|approval|joy|neutral
1546,15,gratitude,3|6|14|21|26|27,annoyance|confusion|fear|pride|surprise|neutral
1547,2|9,anger|disappointment,2|14|15|25|27,anger|fear|gratitude|sadness|neutral
1548,5,caring,2|7|9|15|25|26,anger|curiosity|disappointment|gratitude|sadness|surprise
1549,27,neutral,3|4|10|14|20,annoyance|approval|disapproval|fear|optimism
1550,0,admiration,1|4|14|15|22|27,amusement|approval|fear|gratitude|realization|neutral
1551,19,nervousness,1|9|10|20|27,amusement|disappointment|disapproval|optimism|neutral
1552,1,amusement,0|18|26|27,admiration|love|surprise|neutral
1553,17,joy,2|6|17|18|20,anger|confusion|joy|love|optimism
1554,13,excitement,1|3|8|13|24|25,amusement|annoyance|desire|excitement|remorse|sadness
1555,4,approval,0|1|2|3|8|9|10|14|15|25|26,admiration|amusement|anger|annoyance|desire|disappointment|disapproval|fear|gratitude|sadness|surprise
1556,26,surprise,1|3|7|15|24|27,amusement|annoyance|curiosity|gratitude|remorse|neutral
1557,17|20,joy|optimism,7|10|14|15|27,curiosity|disapproval|fear|gratitude|neutral
1558,3|11,annoyance|disgust,3|4|5|11|17|25,annoyance|approval|caring|disgust|joy|sadness
1559,4,approval,1|8|9|10|14|25|26|27,amusement|desire|disappointment|disapproval|fear|sadness|surprise|neutral
1560,17,joy,1|4|8|9|15|18|26,amusement|approval|desire|disappointment|gratitude|love|surprise
1561,10,disapproval,0|4|8|9|22|25|27,admiration|approval|desire|disappointment|realization|sadness|neutral
1562,1,amusement,4|15|22|25|27,approval|gratitude|realization|sadness|neutral
1563,8,desire,2|4|6|9|11|18|27,anger|approval|confusion|disappointment|disgust|love|neutral
1564,15,gratitude,0|3|9|10|18,admiration|annoyance|disappointment|disapproval|love
1565,1,amusement,0|3|4|7|10|19|20|27,admiration|annoyance|approval|curiosity|disapproval|nervousness|optimism|neutral
1566,10|11,disapproval|disgust,0|1|4|18|20,admiration|amusement|approval|love|optimism
1567,0,admiration,1|9|17|18|20|26|27,amusement|disappointment|joy|love|optimism|surprise|neutral
1568,27,neutral,4|7|10,approval|curiosity|disapproval
1569,20|25,optimism|sadness,4|5|7|8|9|11|12|15|18|24|27,approval|caring|curiosity|desire|disappointment|disgust|embarrassment|gratitude|love|remorse|neutral
1570,27,neutral,1|4|5|10|15|27,amusement|approval|caring|disapproval|gratitude|neutral
1571,27,neutral,2|9|10|13|15|17|20|25,anger|disappointment|disapproval|excitement|gratitude|joy|optimism|sadness
1572,0,admiration,1|9|14|21|26,amusement|disappointment|fear|pride|surprise
1573,5,caring,2|13|20,anger|excitement|optimism
1574,6,confusion,2|6|15|25|27,anger|confusion|gratitude|sadness|neutral
1575,6,confusion,3|7|13|17|20,annoyance|curiosity|excitement|joy|optimism
1576,1|4,amusement|approval,0|2|3|4|8|17|19|24,admiration|anger|annoyance|approval|desire|joy|nervousness|remorse
1577,0|18,admiration|love,3|4|10|18|20|25|27,annoyance|approval|disapproval|love|optimism|sadness|neutral
1578,27,neutral,1|4|10|17|22,amusement|approval|disapproval|joy|realization
1579,9,disappointment,0|3|4|6|8|22|27,admiration|annoyance|approval|confusion|desire|realization|neutral
1580,27,neutral,0|1|6|8|15|27,admiration|amusement|confusion|desire|gratitude|neutral
1581,10,disapproval,9|12|18|27,disappointment|embarrassment|love|neutral
1582,15,gratitude,0|5|6|9|10|13|15|22|25,admiration|caring|confusion|disappointment|disapproval|excitement|gratitude|realization|sadness
1583,21,pride,1|2|4|15|18|26|27,amusement|anger|approval|gratitude|love|surprise|neutral
1584,6,confusion,0|1|2|10|26,admiration|amusement|anger|disapproval|surprise
1585,27,neutral,0|4|5|6|7|9|10|20,admiration|approval|caring|confusion|curiosity|disappointment|disapproval|optimism
1586,15,gratitude,3|4|5|7|9|10|27,annoyance|approval|caring|curiosity|disappointment|disapproval|neutral
1587,3|10,annoyance|disapproval,8|20|24|27,desire|optimism|remorse|neutral
1588,4|27,approval|neutral,0|4|17|27,admiration|approval|joy|neutral
1589,11,disgust,1|4|5|10|20|25|27,amusement|approval|caring|disapproval|optimism|sadness|neutral
1590,26,surprise,1|3|5|14|15|18|20|24|27,amusement|annoyance|caring|fear|gratitude|love|optimism|remorse|neutral
1591,4,approval,2|5|6|13|15|24|25,anger|caring|confusion|excitement|gratitude|remorse|sadness
1592,17,joy,4|8|9|10|13|17|22,approval|desire|disappointment|disapproval|excitement|joy|realization
1593,10,disapproval,0|5|15|17,admiration|caring|gratitude|joy
1594,14|19,fear|nervousness,0|1|2|3|10|15|25|26,admiration|amusement|anger|annoyance|disapproval|gratitude|sadness|surprise
1595,27,neutral,0|2|4|7|15|20|22,admiration|anger|approval|curiosity|gratitude|optimism|realization
1596,27,neutral,0|1|3|7|15,admiration|amusement|annoyance|curiosity|gratitude
1597,3|26,annoyance|surprise,0|3|7|10|13|15|17|18|20,admiration|annoyance|curiosity|disapproval|excitement|gratitude|joy|love|optimism
1598,27,neutral,5|10|25|27,caring|disapproval|sadness|neutral
1599,0,admiration,6|7|10|17|18|20,confusion|curiosity|disapproval|joy|love|optimism
1600,7,curiosity,0|4|15|17|22,admiration|approval|gratitude|joy|realization
1601,18,love,0|2|5|6|7|15|18|26|27,admiration|anger|caring|confusion|curiosity|gratitude|love|surprise|neutral
1602,10,disapproval,0|1|5|13|20,admiration|amusement|caring|excitement|optimism
1603,0,admiration,0|6|20|27,admiration|confusion|optimism|neutral
1604,27,neutral,3|5|7|8|9|13|18|26,annoyance|caring|curiosity|desire|disappointment|excitement|love|surprise
1605,27,neutral,0|1|22|25,admiration|amusement|realization|sadness
1606,18,love,3|18|22|27,annoyance|love|realization|neutral
1607,27,neutral,6|7|9|18|25|27,confusion|curiosity|disappointment|love|sadness|neutral
1608,3|25,annoyance|sadness,3|13|15|25|27,annoyance|excitement|gratitude|sadness|neutral
1609,27,neutral,0|6|15|17|26,admiration|confusion|gratitude|joy|surprise
1610,1|10,amusement|disapproval,5|9|10|15|17|27,caring|disappointment|disapproval|gratitude|joy|neutral
1611,1,amusement,0|1|2|6|7|9|27,admiration|amusement|anger|confusion|curiosity|disappointment|neutral
1612,2,anger,1|6|11|15|18|20|27,amusement|confusion|disgust|gratitude|love|optimism|neutral
1613,27,neutral,0|9|10|13|17|26,admiration|disappointment|disapproval|excitement|joy|surprise
1614,7|13,curiosity|excitement,3|6|9|11|15|18|25,annoyance|confusion|disappointment|disgust|gratitude|love|sadness
1615,27,neutral,3|16|18|20|27,annoyance|grief|love|optimism|neutral
1616,27,neutral,6|9|11|17|18|20,confusion|disappointment|disgust|joy|love|optimism
1617,27,neutral,2|4|6|9|15|25,anger|approval|confusion|disappointment|gratitude|sadness
1618,17,joy,1|3|4|9|15|24|25|26|27,amusement|annoyance|approval|disappointment|gratitude|remorse|sadness|surprise|neutral
1619,0|15,admiration|gratitude,7|27,curiosity|neutral
1620,0|7,admiration|curiosity,7|11|15|25|27,curiosity|disgust|gratitude|sadness|neutral
1621,27,neutral,25|27,sadness|neutral
1622,1|27,amusement|neutral,2|7|10|15|17|24|26,anger|curiosity|disapproval|gratitude|joy|remorse|surprise
1623,1,amusement,2|4|9|13|15|18|20|22|26,anger|approval|disappointment|excitement|gratitude|love|optimism|realization|surprise
1624,10,disapproval,6|7|20|21|22|27,confusion|curiosity|optimism|pride|realization|neutral
1625,27,neutral,1|6|15|17|18|20|22,amusement|confusion|gratitude|joy|love|optimism|realization
1626,27,neutral,2|6|7|10|18|20|25|27,anger|confusion|curiosity|disapproval|love|optimism|sadness|neutral
1627,27,neutral,4|5|6|10|18|20|26,approval|caring|confusion|disapproval|love|optimism|surprise
1628,1,amusement,7|13|15|17|24|25,curiosity|excitement|gratitude|joy|remorse|sadness
1629,3|9,annoyance|disappointment,1|3|17|18|22|25,amusement|annoyance|joy|love|realization|sadness
1630,5,caring,0|7|13|17|18|20,admiration|curiosity|excitement|joy|love|optimism
1631,22,realization,1|7|9|11|25|27,amusement|curiosity|disappointment|disgust|sadness|neutral
1632,0,admiration,0|5|15|17|20,admiration|caring|gratitude|joy|optimism
1633,17,joy,1|3|6|26,amusement|annoyance|confusion|surprise
1634,27,neutral,2|7|17|18|27,anger|curiosity|joy|love|neutral
1635,0,admiration,9|10|18|20,disappointment|disapproval|love|optimism
1636,10,disapproval,4|5|6|10|11|18|22|26|27,approval|caring|confusion|disapproval|disgust|love|realization|surprise|neutral
1637,6|7,confusion|curiosity,0|1|4|6|12|14|15|26,admiration|amusement|approval|confusion|embarrassment|fear|gratitude|surprise
1638,27,neutral,1|5|6|9|14|15|18|22,amusement|caring|confusion|disappointment|fear|gratitude|love|realization
1639,6|7,confusion|curiosity,2|3|17|18|27,anger|annoyance|joy|love|neutral
1640,19,nervousness,0|1|3|4|7|9|14|20|27,admiration|amusement|annoyance|approval|curiosity|disappointment|fear|optimism|neutral
1641,27,neutral,0|7|8|25,admiration|curiosity|desire|sadness
1642,27,neutral,5|6|7|17|18|26|27,caring|confusion|curiosity|joy|love|surprise|neutral
1643,27,neutral,3|7|9|20,annoyance|curiosity|disappointment|optimism
1644,22,realization,8|9|13|20,desire|disappointment|excitement|optimism
1645,27,neutral,2|4|5|6|10|14|25,anger|approval|caring|confusion|disapproval|fear|sadness
1646,10,disapproval,4|11|15|22|24|27,approval|disgust|gratitude|realization|remorse|neutral
1647,27,neutral,0|4|11|13|15|18|22,admiration|approval|disgust|excitement|gratitude|love|realization
1648,1,amusement,0|4|7|13|14|20,admiration|approval|curiosity|excitement|fear|optimism
1649,15,gratitude,9|18|25|26,disappointment|love|sadness|surprise
1650,27,neutral,2|3|6|7|8|10|18|20|27,anger|annoyance|confusion|curiosity|desire|disapproval|love|optimism|neutral
1651,27,neutral,1|2|6|7,amusement|anger|confusion|curiosity
1652,15,gratitude,0|13|27,admiration|excitement|neutral
1653,27,neutral,4|10|19|27,approval|disapproval|nervousness|neutral
1654,4,approval,0|4|6|15|17|27,admiration|approval|confusion|gratitude|joy|neutral
1655,15,gratitude,0|2|4|6|7|8|10|17|18|20,admiration|anger|approval|confusion|curiosity|desire|disapproval|joy|love|optimism
1656,22,realization,1|3|6|17|18|27,amusement|annoyance|confusion|joy|love|neutral
1657,2,anger,3|7|8|9|10|11|16|17|20|22,annoyance|curiosity|desire|disappointment|disapproval|disgust|grief|joy|optimism|realization
1658,0,admiration,3|4|5|9|10|25,annoyance|approval|caring|disappointment|disapproval|sadness
1659,0,admiration,0|2|4|6|7|27,admiration|anger|approval|confusion|curiosity|neutral
1660,22,realization,0|3|4|5|7|10|18|20|22,admiration|annoyance|approval|caring|curiosity|disapproval|love|optimism|realization
1661,26,surprise,1|10|11|17|27,amusement|disapproval|disgust|joy|neutral
1662,27,neutral,1|3|4|10|11,amusement|annoyance|approval|disapproval|disgust
1663,4|7,approval|curiosity,4|7|8|13|18|20|27,approval|curiosity|desire|excitement|love|optimism|neutral
1664,20,optimism,5|6|10|11|13|27,caring|confusion|disapproval|disgust|excitement|neutral
1665,0|7,admiration|curiosity,1|2|6|10|17|25|27,amusement|anger|confusion|disapproval|joy|sadness|neutral
1666,2,anger,0|3|9|17|18|22|25|26,admiration|annoyance|disappointment|joy|love|realization|sadness|surprise
1667,10|26,disapproval|surprise,2|7|10|15|18|22|27,anger|curiosity|disapproval|gratitude|love|realization|neutral
1668,25,sadness,0|2|4|10|18,admiration|anger|approval|disapproval|love
1669,3|10,annoyance|disapproval,1|4|7|13|17|24,amusement|approval|curiosity|excitement|joy|remorse
1670,27,neutral,2|15|18|20|25|27,anger|gratitude|love|optimism|sadness|neutral
1671,1,amusement,0|6|7|8|10|11|13|17|25,admiration|confusion|curiosity|desire|disapproval|disgust|excitement|joy|sadness
1672,6,confusion,1|3|10|27,amusement|annoyance|disapproval|neutral
1673,4,approval,0|7|15,admiration|curiosity|gratitude
1674,0|4|18,admiration|approval|love,2|4|25|26,anger|approval|sadness|surprise
1675,20,optimism,0|2|3|9|11|20|27,admiration|anger|annoyance|disappointment|disgust|optimism|neutral
1676,15|18,gratitude|love,0|5|9|11|15|17|26|27,admiration|caring|disappointment|disgust|gratitude|joy|surprise|neutral
1677,10,disapproval,0|8|10|20|26|27,admiration|desire|disapproval|optimism|surprise|neutral
1678,27,neutral,1|3|7|10|18|26|27,amusement|annoyance|curiosity|disapproval|love|surprise|neutral
1679,22,realization,0|6|7|8|10|13|15|17|18|25,admiration|confusion|curiosity|desire|disapproval|excitement|gratitude|joy|love|sadness
1680,27,neutral,1|2|7|18|27,amusement|anger|curiosity|love|neutral
1681,10,disapproval,2|3|7|10|14|17|18|20|22|25,anger|annoyance|curiosity|disapproval|fear|joy|love|optimism|realization|sadness
1682,7,curiosity,1|3|4|8|13|18,amusement|annoyance|approval|desire|excitement|love
1683,27,neutral,1|2|4|20|26,amusement|anger|approval|optimism|surprise
1684,0,admiration,7|26|27,curiosity|surprise|neutral
1685,17,joy,7|17|22|26|27,curiosity|joy|realization|surprise|neutral
1686,20,optimism,7|10|14|17|18|27,curiosity|disapproval|fear|joy|love|neutral
1687,5,caring,0|9|18,admiration|disappointment|love
1688,4,approval,0|13|17|18,admiration|excitement|joy|love
1689,27,neutral,0|1|27,admiration|amusement|neutral
1690,27,neutral,0|1|10|13|18,admiration|amusement|disapproval|excitement|love
1691,27,neutral,0|1|2|3|9|13|15|24|25|26,admiration|amusement|anger|annoyance|disappointment|excitement|gratitude|remorse|sadness|surprise
1692,18,love,0|10|13|17|22|26,admiration|disapproval|excitement|joy|realization|surprise
1693,0,admiration,1|2|3|4|9|15|18|27,amusement|anger|annoyance|approval|disappointment|gratitude|love|neutral
1694,4,approval,1|2|7|20|24|27,amusement|anger|curiosity|optimism|remorse|neutral
1695,17,joy,1|2|11|17|25|27,amusement|anger|disgust|joy|sadness|neutral
1696,7|27,curiosity|neutral,0|1|2|4|13|15|17|22|25,admiration|amusement|anger|approval|excitement|gratitude|joy|realization|sadness
1697,0,admiration,0|1|2|5|7|10|15|18|20,admiration|amusement|anger|caring|curiosity|disapproval|gratitude|love|optimism
1698,3,annoyance,1|9|10|15|18|25|26,amusement|disappointment|disapproval|gratitude|love|sadness|surprise
1699,0,admiration,2|7|8|15|20|24|26,anger|curiosity|desire|gratitude|optimism|remorse|surprise
1700,27,neutral,1|2|6|7|13|27,amusement|anger|confusion|curiosity|excitement|neutral
1701,7,curiosity,2|3|4|5|18|22|25|27,anger|annoyance|approval|caring|love|realization|sadness|neutral
1702,0,admiration,1|3|18|20|22|25|27,amusement|annoyance|love|optimism|realization|sadness|neutral
1703,5|11,caring|disgust,0|6|7|8|20|27,admiration|confusion|curiosity|desire|optimism|neutral
1704,2,anger,3|6|7|9|10|17|18,annoyance|confusion|curiosity|disappointment|disapproval|joy|love
1705,27,neutral,1|3|4|6|13|15|18|22,amusement|annoyance|approval|confusion|excitement|gratitude|love|realization
1706,27,neutral,1|7|22|25|26|27,amusement|curiosity|realization|sadness|surprise|neutral
1707,27,neutral,0|11|20|27,admiration|disgust|optimism|neutral
1708,2,anger,1|10|20|25|26,amusement|disapproval|optimism|sadness|surprise
1709,1|3|18,amusement|annoyance|love,0|1|2|3|7|11|15|17|20,admiration|amusement|anger|annoyance|curiosity|disgust|gratitude|joy|optimism
1710,4,approval,3|4|9|11|13|14|25,annoyance|approval|disappointment|disgust|excitement|fear|sadness
1711,5,caring,1|2|7|15|26,amusement|anger|curiosity|gratitude|surprise
1712,4|5,approval|caring,1|3|4|5|18|20|27,amusement|annoyance|approval|caring|love|optimism|neutral
1713,10,disapproval,0|5|11|13|15|17|22|27,admiration|caring|disgust|excitement|gratitude|joy|realization|neutral
1714,18,love,3|4|11|20|22|25|27,annoyance|approval|disgust|optimism|realization|sadness|neutral
1715,9,disappointment,1|7|9|10|25|27,amusement|curiosity|disappointment|disapproval|sadness|neutral
1716,3,annoyance,1|4|15|17|22|27,amusement|approval|gratitude|joy|realization|neutral
1717,15,gratitude,0|1|4|6|17,admiration|amusement|approval|confusion|joy
1718,22,realization,2|3|4|5|13|17|22|24|25,anger|annoyance|approval|caring|excitement|joy|realization|remorse|sadness
1719,13,excitement,2|8|10|14|17|26|27,anger|desire|disapproval|fear|joy|surprise|neutral
1720,0,admiration,1|2|5|9|10|20|25,amusement|anger|caring|disappointment|disapproval|optimism|sadness
1721,15,gratitude,6|7|9|10|11,confusion|curiosity|disappointment|disapproval|disgust
1722,3|11,annoyance|disgust,0|2|4|7|8|9|10|17,admiration|anger|approval|curiosity|desire|disappointment|disapproval|joy
1723,27,neutral,1|2|3|4|6|7|9|10|27,amusement|anger|annoyance|approval|confusion|curiosity|disappointment|disapproval|neutral
1724,22|24,realization|remorse,0|8|10|11|18|20|22,admiration|desire|disapproval|disgust|love|optimism|realization
1725,10|27,disapproval|neutral,0|6|10|13|27,admiration|confusion|disapproval|excitement|neutral
1726,1,amusement,2|9|10|11|15|18|22|26,anger|disappointment|disapproval|disgust|gratitude|love|realization|surprise
1727,3,annoyance,0|1|4|8|26,admiration|amusement|approval|desire|surprise
1728,1,amusement,0|4|7|10|25|26|27,admiration|approval|curiosity|disapproval|sadness|surprise|neutral
1729,25,sadness,0|1|3|5|7|22|27,admiration|amusement|annoyance|caring|curiosity|realization|neutral
1730,27,neutral,1|7|15|18|25|26,amusement|curiosity|gratitude|love|sadness|surprise
1731,6,confusion,3|4|5|8|10|18|20|22|26,annoyance|approval|caring|desire|disapproval|love|optimism|realization|surprise
1732,4|15|17,approval|gratitude|joy,4|7|9|10|13|14|20,approval|curiosity|disappointment|disapproval|excitement|fear|optimism
1733,2,anger,1|2|10|20|22,amusement|anger|disapproval|optimism|realization
1734,3|10,annoyance|disapproval,1|4|6|15|22|27,amusement|approval|confusion|gratitude|realization|neutral
1735,26,surprise,0|4|5|6|13|15|20,admiration|approval|caring|confusion|excitement|gratitude|optimism
1736,27,neutral,10|15|25|27,disapproval|gratitude|sadness|neutral
1737,26,surprise,1|7|10|11|15|20,amusement|curiosity|disapproval|disgust|gratitude|optimism
1738,7,curiosity,0|4|8|10|15|18|22,admiration|approval|desire|disapproval|gratitude|love|realization
1739,4,approval,2|3|5|8|10|18|24,anger|annoyance|caring|desire|disapproval|love|remorse
1740,27,neutral,2|7|9|13|17|26,anger|curiosity|disappointment|excitement|joy|surprise
1741,27,neutral,0|1|2|6|8|9|15|25|26,admiration|amusement|anger|confusion|desire|disappointment|gratitude|sadness|surprise
1742,27,neutral,4|6|7|10|17|18|22,approval|confusion|curiosity|disapproval|joy|love|realization
1743,7,curiosity,0|1|3|4|7|10|15,admiration|amusement|annoyance|approval|curiosity|disapproval|gratitude
1744,3,annoyance,3|4|6|11|15|27,annoyance|approval|confusion|disgust|gratitude|neutral
1745,15,gratitude,1|7|8|11|12|13|14|20|25,amusement|curiosity|desire|disgust|embarrassment|excitement|fear|optimism|sadness
1746,2,anger,4|6|10|14|18|20|22|24,approval|confusion|disapproval|fear|love|optimism|realization|remorse
1747,4|20,approval|optimism,0|1|22|25|27,admiration|amusement|realization|sadness|neutral
1748,2,anger,6|7|8|15|27,confusion|curiosity|desire|gratitude|neutral
1749,25,sadness,1|3|4|8|18|22,amusement|annoyance|approval|desire|love|realization
1750,1|27,amusement|neutral,2|4|6|7|15|17,anger|approval|confusion|curiosity|gratitude|joy
1751,4,approval,0|1|3|4|7|17|18|22,admiration|amusement|annoyance|approval|curiosity|joy|love|realization
1752,7|27,curiosity|neutral,0|6|7|10|15|17|18|25,admiration|confusion|curiosity|disapproval|gratitude|joy|love|sadness
1753,11,disgust,9|10|17|22|27,disappointment|disapproval|joy|realization|neutral
1754,11,disgust,1|7|10|15|20,amusement|curiosity|disapproval|gratitude|optimism
1755,27,neutral,4|9|27,approval|disappointment|neutral
1756,27,neutral,1|7|15|26,amusement|curiosity|gratitude|surprise
1757,25,sadness,6|9|13|14|17|18|27,confusion|disappointment|excitement|fear|joy|love|neutral
1758,3,annoyance,0|6|8|9|18|27,admiration|confusion|desire|disappointment|love|neutral
1759,17,joy,4|20|26,approval|optimism|surprise
1760,0|4,admiration|approval,1|20|24|25,amusement|optimism|remorse|sadness
1761,1,amusement,3|7|15|26|27,annoyance|curiosity|gratitude|surprise|neutral
1762,6,confusion,1|6|8|11|13|15|27,amusement|confusion|desire|disgust|excitement|gratitude|neutral
1763,27,neutral,1|4|9|10|17|18|20|27,amusement|approval|disappointment|disapproval|joy|love|optimism|neutral
1764,27,neutral,2|3|9|27,anger|annoyance|disappointment|neutral
1765,10|27,disapproval|neutral,1|9|15|17|19|27,amusement|disappointment|gratitude|joy|nervousness|neutral
1766,4|18,approval|love,1|3|7|18|25,amusement|annoyance|curiosity|love|sadness
1767,14,fear,1|2|3|4|5|17|18,amusement|anger|annoyance|approval|caring|joy|love
1768,15,gratitude,1|22|26,amusement|realization|surprise
1769,3,annoyance,3|4|5|6|7|11|17|20|23,annoyance|approval|caring|confusion|curiosity|disgust|joy|optimism|relief
1770,1|7,amusement|curiosity,1|10|18,amusement|disapproval|love
1771,27,neutral,1|17,amusement|joy
1772,26,surprise,1|3|15|17|20|22|25,amusement|annoyance|gratitude|joy|optimism|realization|sadness
1773,15,gratitude,0|1|2|3|7|14,admiration|amusement|anger|annoyance|curiosity|fear
1774,12,embarrassment,1|4|6|10|26|27,amusement|approval|confusion|disapproval|surprise|neutral
1775,15|19,gratitude|nervousness,1|11|15|18|20|22|25|26,amusement|disgust|gratitude|love|optimism|realization|sadness|surprise
1776,27,neutral,0|1|4|7|10|18|27,admiration|amusement|approval|curiosity|disapproval|love|neutral
1777,0,admiration,4|11|18,approval|disgust|love
1778,7,curiosity,3|7|10|15|20|24|27,annoyance|curiosity|disapproval|gratitude|optimism|remorse|neutral
1779,1|18,amusement|love,3|5|17,annoyance|caring|joy
1780,27,neutral,1|5|7|15|17|18,amusement|caring|curiosity|gratitude|joy|love
1781,0|26,admiration|surprise,7|10|12|17|22|24,curiosity|disapproval|embarrassment|joy|realization|remorse
1782,27,neutral,1|2|3|5|14|22|25|26|27,amusement|anger|annoyance|caring|fear|realization|sadness|surprise|neutral
1783,27,neutral,2|5|14|26|27,anger|caring|fear|surprise|neutral
1784,4,approval,2|6|10|11|12|22|27,anger|confusion|disapproval|disgust|embarrassment|realization|neutral
1785,27,neutral,0|4|13|15|18,admiration|approval|excitement|gratitude|love
1786,27,neutral,0|1|5|20|25,admiration|amusement|caring|optimism|sadness
1787,0|1,admiration|amusement,2|7|15|17|18|24|27,anger|curiosity|gratitude|joy|love|remorse|neutral
1788,4|17,approval|joy,0|4|6|10|17|18|20,admiration|approval|confusion|disapproval|joy|love|optimism
1789,20,optimism,2|8|9|11|27,anger|desire|disappointment|disgust|neutral
1790,27,neutral,0|2|3|5|7|15|17|22,admiration|anger|annoyance|caring|curiosity|gratitude|joy|realization
1791,27,neutral,2|7|10|11|15|18|25|27,anger|curiosity|disapproval|disgust|gratitude|love|sadness|neutral
1792,10,disapproval,2|3|4|6|17|18|22,anger|annoyance|approval|confusion|joy|love|realization
1793,1,amusement,0|1|3|5|6|7|27,admiration|amusement|annoyance|caring|confusion|curiosity|neutral
1794,4,approval,1|2|4|10|11|13,amusement|anger|approval|disapproval|disgust|excitement
1795,0,admiration,2|4|5|6|13|17|20|26,anger|approval|caring|confusion|excitement|joy|optimism|surprise
1796,6,confusion,0|2|6|11|17|20|25,admiration|anger|confusion|disgust|joy|optimism|sadness
1797,14,fear,6|7|8|10|15|25,confusion|curiosity|desire|disapproval|gratitude|sadness
1798,0,admiration,0|5|6|7|15|20|25|27,admiration|caring|confusion|curiosity|gratitude|optimism|sadness|neutral
1799,15,gratitude,0|1|2|4|7|15|17|18,admiration|amusement|anger|approval|curiosity|gratitude|joy|love
1800,2,anger,4|6|7|17|27,approval|confusion|curiosity|joy|neutral
1801,27,neutral,0|1|3|4|5|15|18|22|27,admiration|amusement|annoyance|approval|caring|gratitude|love|realization|neutral
1802,27,neutral,1|3|14|15|18|25,amusement|annoyance|fear|gratitude|love|sadness
1803,15,gratitude,0|6|9|15|27,admiration|confusion|disappointment|gratitude|neutral
1804,0|20,admiration|optimism,1|2|4|5|10|17|18|27,amusement|anger|approval|caring|disapproval|joy|love|neutral
1805,9,disappointment,1|2|6|7|8|9|20,amusement|anger|confusion|curiosity|desire|disappointment|optimism
1806,27,neutral,0|10|17|27,admiration|disapproval|joy|neutral
1807,17|25,joy|sadness,1|4|5|7|9|10|12,amusement|approval|caring|curiosity|disappointment|disapproval|embarrassment
1808,1,amusement,0|2|3|4|19|20|22|27,admiration|anger|annoyance|approval|nervousness|optimism|realization|neutral
1809,15,gratitude,5|9|14|18|20|26,caring|disappointment|fear|love|optimism|surprise
1810,27,neutral,10|11|14|17|18|24|27,disapproval|disgust|fear|joy|love|remorse|neutral
1811,27,neutral,0|4|6|9|10|11|13|15|18|25|26,admiration|approval|confusion|disappointment|disapproval|disgust|excitement|gratitude|love|sadness|surprise
1812,20,optimism,1|3|9|10,amusement|annoyance|disappointment|disapproval
1813,3,annoyance,1|2|4|5|22|27,amusement|anger|approval|caring|realization|neutral
1814,1,amusement,0|1|5|6|14|17|25|27,admiration|amusement|caring|confusion|fear|joy|sadness|neutral
1815,24,remorse,2|3|4|6|7|10,anger|annoyance|approval|confusion|curiosity|disapproval
1816,15,gratitude,2|5|8|9|10|17|18|20,anger|caring|desire|disappointment|disapproval|joy|love|optimism
1817,4,approval,1|3|4|5|6|13|17,amusement|annoyance|approval|caring|confusion|excitement|joy
1818,17,joy,3|4|7|8|9|10|13|14|17|22|24,annoyance|approval|curiosity|desire|disappointment|disapproval|excitement|fear|joy|realization|remorse
1819,0,admiration,4|6|15,approval|confusion|gratitude
1820,27,neutral,1|2|13|17,amusement|anger|excitement|joy
1821,27,neutral,1|4|18|27,amusement|approval|love|neutral
1822,27,neutral,3|5|7|13|18|22|26|27,annoyance|caring|curiosity|excitement|love|realization|surprise|neutral
1823,0|15,admiration|gratitude,0|1|6|7|8|10|17|25|26|27,admiration|amusement|confusion|curiosity|desire|disapproval|joy|sadness|surprise|neutral
1824,5,caring,0|1|5|6|10|17|25,admiration|amusement|caring|confusion|disapproval|joy|sadness
1825,11,disgust,1|2|6|10|20,amusement|anger|confusion|disapproval|optimism
1826,0|10,admiration|disapproval,0|1|2|5|9|20|26,admiration|amusement|anger|caring|disappointment|optimism|surprise
1827,27,neutral,4|26|27,approval|surprise|neutral
1828,3,annoyance,1|4|9|11|22|25|27,amusement|approval|disappointment|disgust|realization|sadness|neutral
1829,27,neutral,0|1|2|5|9|10|13|15|18,admiration|amusement|anger|caring|disappointment|disapproval|excitement|gratitude|love
1830,27,neutral,0|3|9|10|13|18|25|26|27,admiration|annoyance|disappointment|disapproval|excitement|love|sadness|surprise|neutral
1831,18,love,10|18|27,disapproval|love|neutral
1832,0,admiration,6|7|9|10|15|18|25,confusion|curiosity|disappointment|disapproval|gratitude|love|sadness
1833,25,sadness,27,neutral
1834,14,fear,1|2|3|4|6|10|13|22|23|24,amusement|anger|annoyance|approval|confusion|disapproval|excitement|realization|relief|remorse
1835,0,admiration,1|4|7|25|27,amusement|approval|curiosity|sadness|neutral
1836,20,optimism,1|3|4|5|6|8|9|13|17|18|26,amusement|annoyance|approval|caring|confusion|desire|disappointment|excitement|joy|love|surprise
1837,27,neutral,13,excitement
1838,27,neutral,2|3|4|9|11|13|25,anger|annoyance|approval|disappointment|disgust|excitement|sadness
1839,22,realization,1|2|17|22|25,amusement|anger|joy|realization|sadness
1840,27,neutral,4|7|11|13|15|17|27,approval|curiosity|disgust|excitement|gratitude|joy|neutral
1841,27,neutral,0|20|27,admiration|optimism|neutral
1842,0,admiration,0|3|5|13|14|17|26,admiration|annoyance|caring|excitement|fear|joy|surprise
1843,27,neutral,1|2|10|11|13|18|27,amusement|anger|disapproval|disgust|excitement|love|neutral
1844,7,curiosity,0|2|3|7|18|22,admiration|anger|annoyance|curiosity|love|realization
1845,6,confusion,1|12|15|18|26|27,amusement|embarrassment|gratitude|love|surprise|neutral
1846,8|20,desire|optimism,4|6|7|11|17|20|22|25,approval|confusion|curiosity|disgust|joy|optimism|realization|sadness
1847,3,annoyance,13|25|27,excitement|sadness|neutral
1848,0,admiration,0|3|4|7|10|11|17|27,admiration|annoyance|approval|curiosity|disapproval|disgust|joy|neutral
1849,27,neutral,0|2|18|25,admiration|anger|love|sadness
1850,9,disappointment,1|7|15,amusement|curiosity|gratitude
1851,27,neutral,0|1|2|3|4|8|13,admiration|amusement|anger|annoyance|approval|desire|excitement
1852,27,neutral,3|10|11|15|17|24|26,annoyance|disapproval|disgust|gratitude|joy|remorse|surprise
1853,10,disapproval,0|3|7|8|22,admiration|annoyance|curiosity|desire|realization
1854,20,optimism,0|4|11|18|22|26,admiration|approval|disgust|love|realization|surprise
1855,27,neutral,7|8|10|11|15|18|20|24|25,curiosity|desire|disapproval|disgust|gratitude|love|optimism|remorse|sadness
1856,14,fear,6|10|11|15|20|25|26,confusion|disapproval|disgust|gratitude|optimism|sadness|surprise
1857,5|25,caring|sadness,0|4|10|14|26,admiration|approval|disapproval|fear|surprise
1858,27,neutral,4|6|9|17|18|25|27,approval|confusion|disappointment|joy|love|sadness|neutral
1859,0,admiration,0|3|4|6|7|10|14|22|24,admiration|annoyance|approval|confusion|curiosity|disapproval|fear|realization|remorse
1860,25,sadness,0|1|2|5|8|9|10|15|20|22,admiration|amusement|anger|caring|desire|disappointment|disapproval|gratitude|optimism|realization
1861,15,gratitude,0|15|20,admiration|gratitude|optimism
1862,14|18,fear|love,4|5|15|18|20|26,approval|caring|gratitude|love|optimism|surprise
1863,14,fear,0|1|2|4|25|27,admiration|amusement|anger|approval|sadness|neutral
1864,27,neutral,0|1|3|4|5|11|12|13|14|18|24,admiration|amusement|annoyance|approval|caring|disgust|embarrassment|excitement|fear|love|remorse
1865,0|20,admiration|optimism,0|3|7|9|17|26,admiration|annoyance|curiosity|disappointment|joy|surprise
1866,27,neutral,5|8|12|13|18|20|27,caring|desire|embarrassment|excitement|love|optimism|neutral
1867,27,neutral,11|12|13|15|27,disgust|embarrassment|excitement|gratitude|neutral
1868,0,admiration,4|7|13|14|20|27,approval|curiosity|excitement|fear|optimism|neutral
1869,13,excitement,0|1|3|6|10|15|17|22,admiration|amusement|annoyance|confusion|disapproval|gratitude|joy|realization
1870,4,approval,6|15|17|27,confusion|gratitude|joy|neutral
1871,15,gratitude,0|8|10|15|20|22|27,admiration|desire|disapproval|gratitude|optimism|realization|neutral
1872,9,disappointment,1|20|26|27,amusement|optimism|surprise|neutral
1873,15,gratitude,2|6|7|10|25|26,anger|confusion|curiosity|disapproval|sadness|surprise
1874,4,approval,2|4|7|10|14|20|22|27,anger|approval|curiosity|disapproval|fear|optimism|realization|neutral
1875,7,curiosity,0|1|7|15|20|26,admiration|amusement|curiosity|gratitude|optimism|surprise
1876,15,gratitude,0|3|4|6|7|10|15|24,admiration|annoyance|approval|confusion|curiosity|disapproval|gratitude|remorse
1877,4,approval,0|1|3|6|7|8|27,admiration|amusement|annoyance|confusion|curiosity|desire|neutral
1878,7|27,curiosity|neutral,1|3|7|10|11|15|17|18|22,amusement|annoyance|curiosity|disapproval|disgust|gratitude|joy|love|realization
1879,4|27,approval|neutral,0|3|9|10|11|15|18,admiration|annoyance|disappointment|disapproval|disgust|gratitude|love
1880,27,neutral,0|1|11|20,admiration|amusement|disgust|optimism
1881,11,disgust,4|6|9|10|17|27,approval|confusion|disappointment|disapproval|joy|neutral
1882,15,gratitude,13|17|26,excitement|joy|surprise
1883,26,surprise,2|4|7|9|11|22,anger|approval|curiosity|disappointment|disgust|realization
1884,27,neutral,1|6|10|13|17|20,amusement|confusion|disapproval|excitement|joy|optimism
1885,18,love,9|10|11|14|15|18|22|25|27,disappointment|disapproval|disgust|fear|gratitude|love|realization|sadness|neutral
1886,10,disapproval,3|4|6|25|27,annoyance|approval|confusion|sadness|neutral
1887,10,disapproval,0|3|7|9|10|17|24|27,admiration|annoyance|curiosity|disappointment|disapproval|joy|remorse|neutral
1888,2|11,anger|disgust,0|3|4|8|9|10|11|22|26,admiration|annoyance|approval|desire|disappointment|disapproval|disgust|realization|surprise
1889,10,disapproval,1|3|25,amusement|annoyance|sadness
1890,14|20,fear|optimism,4|5|7|14|15|18|20|22|25|26,approval|caring|curiosity|fear|gratitude|love|optimism|realization|sadness|surprise
1891,6,confusion,0|3|5|6|11|14|17|25,admiration|annoyance|caring|confusion|disgust|fear|joy|sadness
1892,18,love,1|2|3|7|9|18|24|25,amusement|anger|annoyance|curiosity|disappointment|love|remorse|sadness
1893,4,approval,6|7|8|9|13|15|18|25|27,confusion|curiosity|desire|disappointment|excitement|gratitude|love|sadness|neutral
1894,27,neutral,2|3|6|17|27,anger|annoyance|confusion|joy|neutral
1895,9,disappointment,0|1|2|4|7|9|13|27,admiration|amusement|anger|approval|curiosity|disappointment|excitement|neutral
1896,0,admiration,3|4|7|10|14|15|17|18|20|27,annoyance|approval|curiosity|disapproval|fear|gratitude|joy|love|optimism|neutral
1897,27,neutral,3|4|6|8|10|12|17|27,annoyance|approval|confusion|desire|disapproval|embarrassment|joy|neutral
1898,27,neutral,2|5|6|17|22,anger|caring|confusion|joy|realization
1899,27,neutral,2|10|15|18|20|22,anger|disapproval|gratitude|love|optimism|realization
1900,4,approval,0|1|4|14|22|27,admiration|amusement|approval|fear|realization|neutral
1901,0|4|27,admiration|approval|neutral,0|3|4|8|9|12|27,admiration|annoyance|approval|desire|disappointment|embarrassment|neutral
1902,1|2,amusement|anger,4|15|27,approval|gratitude|neutral
1903,27,neutral,0|1|5|6|7|8|10|11|15|17|22|25,admiration|amusement|caring|confusion|curiosity|desire|disapproval|disgust|gratitude|joy|realization|sadness
1904,2|3,anger|annoyance,5|9|11|15|25,caring|disappointment|disgust|gratitude|sadness
1905,2,anger,0|7|11|15|25|27,admiration|curiosity|disgust|gratitude|sadness|neutral
1906,0|15,admiration|gratitude,0|15|17|18|24|25|27,admiration|gratitude|joy|love|remorse|sadness|neutral
1907,3|10,annoyance|disapproval,2|3|4|6|7|15|20,anger|annoyance|approval|confusion|curiosity|gratitude|optimism
1908,27,neutral,2|3|6|9|15|25|27,anger|annoyance|confusion|disappointment|gratitude|sadness|neutral
1909,8,desire,3|6|7|10|15|17|20|24,annoyance|confusion|curiosity|disapproval|gratitude|joy|optimism|remorse
1910,27,neutral,0|1|2|3|9|10|13|14|18|24,admiration|amusement|anger|annoyance|disappointment|disapproval|excitement|fear|love|remorse
1911,8,desire,5|10|13|14|24|25,caring|disapproval|excitement|fear|remorse|sadness
1912,4,approval,2|3|7|10|13|15|20,anger|annoyance|curiosity|disapproval|excitement|gratitude|optimism
1913,4,approval,3|5|7|9|10|20|25,annoyance|caring|curiosity|disappointment|disapproval|optimism|sadness
1914,10|27,disapproval|neutral,4|7|10|18|20,approval|curiosity|disapproval|love|optimism
1915,27,neutral,10|12|13|17|18|22|27,disapproval|embarrassment|excitement|joy|love|realization|neutral
1916,4,approval,2|4|7|12|18|19|22|26,anger|approval|curiosity|embarrassment|love|nervousness|realization|surprise
1917,17,joy,2|3|12|13|15|27,anger|annoyance|embarrassment|excitement|gratitude|neutral
1918,27,neutral,2|5|7|13|17|18|20,anger|caring|curiosity|excitement|joy|love|optimism
1919,7,curiosity,0|1|2|6|7|15|18|20|22|26,admiration|amusement|anger|confusion|curiosity|gratitude|love|optimism|realization|surprise
1920,2,anger,2|3|4|5|10|15|17|27,anger|annoyance|approval|caring|disapproval|gratitude|joy|neutral
1921,2|26,anger|surprise,1|4|5|11|22|27,amusement|approval|caring|disgust|realization|neutral
1922,27,neutral,2|4|15|20,anger|approval|gratitude|optimism
1923,27,neutral,0|3|7|17|24|27,admiration|annoyance|curiosity|joy|remorse|neutral
1924,27,neutral,0|5|6|7|27,admiration|caring|confusion|curiosity|neutral
1925,15,gratitude,1|4|6|15|17|22|24|25,amusement|approval|confusion|gratitude|joy|realization|remorse|sadness
1926,10,disapproval,2|4|7|8|25,anger|approval|curiosity|desire|sadness
1927,21,pride,5|9|10|13|20|26|27,caring|disappointment|disapproval|excitement|optimism|surprise|neutral
1928,3,annoyance,0|1|3|7|9|17|18|22|25|27,admiration|amusement|annoyance|curiosity|disappointment|joy|love|realization|sadness|neutral
1929,7|18,curiosity|love,4|7|18|20|26,approval|curiosity|love|optimism|surprise
1930,18,love,3|4|5|18|20|26,annoyance|approval|caring|love|optimism|surprise
1931,0,admiration,1|4|5|6|7|13|15|17,amusement|approval|caring|confusion|curiosity|excitement|gratitude|joy
1932,27,neutral,0|1|2|6|7|17,admiration|amusement|anger|confusion|curiosity|joy
1933,27,neutral,0|11|15|27,admiration|disgust|gratitude|neutral
1934,24,remorse,1|5|6|9|17|18|24|27,amusement|caring|confusion|disappointment|joy|love|remorse|neutral
1935,0|15,admiration|gratitude,0|1|4|7|10|13|24|25,admiration|amusement|approval|curiosity|disapproval|excitement|remorse|sadness
1936,15,gratitude,2|4|6|18|22,anger|approval|confusion|love|realization
1937,3,annoyance,4|6|26|27,approval|confusion|surprise|neutral
1938,7,curiosity,0|5|6|15|18,admiration|caring|confusion|gratitude|love
1939,10,disapproval,2|3|4|9|14,anger|annoyance|approval|disappointment|fear
1940,27,neutral,0|2|3|6|9|11|15,admiration|anger|annoyance|confusion|disappointment|disgust|gratitude
1941,27,neutral,0|1|4|11|20|25,admiration|amusement|approval|disgust|optimism|sadness
1942,27,neutral,10|27,disapproval|neutral
1943,2|6|22,anger|confusion|realization,0|2|4|6|8,admiration|anger|approval|confusion|desire
1944,10,disapproval,0|4|5|7|20|25|27,admiration|approval|caring|curiosity|optimism|sadness|neutral
1945,27,neutral,0|6|13|15|23,admiration|confusion|excitement|gratitude|relief
1946,27,neutral,1|2|7|10|20,amusement|anger|curiosity|disapproval|optimism
1947,27,neutral,0|3|5|6|9|22|25|26,admiration|annoyance|caring|confusion|disappointment|realization|sadness|surprise
1948,4,approval,11|20,disgust|optimism
1949,27,neutral,0|4|5|10|18|26|27,admiration|approval|caring|disapproval|love|surprise|neutral
1950,27,neutral,7|10|14|18|24|26,curiosity|disapproval|fear|love|remorse|surprise
1951,3|10,annoyance|disapproval,0|2|5|6|8|13|15|17|18|22|25,admiration|anger|caring|confusion|desire|excitement|gratitude|joy|love|realization|sadness
1952,17,joy,0|3|4|9|15|18|20,admiration|annoyance|approval|disappointment|gratitude|love|optimism
1953,27,neutral,8|10|25|27,desire|disapproval|sadness|neutral
1954,14,fear,0|3|27,admiration|annoyance|neutral
1955,27,neutral,0|10|13|15|18|24,admiration|disapproval|excitement|gratitude|love|remorse
1956,27,neutral,1|2|4|5|6|7|10|22|26|27,amusement|anger|approval|caring|confusion|curiosity|disapproval|realization|surprise|neutral
1957,26,surprise,2|4|7|11|18|23|27,anger|approval|curiosity|disgust|love|relief|neutral
1958,27,neutral,5|6|7|10|20,caring|confusion|curiosity|disapproval|optimism
1959,27,neutral,0|3|4|6|9|17|25|27,admiration|annoyance|approval|confusion|disappointment|joy|sadness|neutral
1960,27,neutral,2|4|6|11|17|22|25,anger|approval|confusion|disgust|joy|realization|sadness
1961,3,annoyance,4|9|18|27,approval|disappointment|love|neutral
1962,2|3,anger|annoyance,1|5|27,amusement|caring|neutral
1963,15,gratitude,3|17,annoyance|joy
1964,15,gratitude,0|3|11|15|17|18|26,admiration|annoyance|disgust|gratitude|joy|love|surprise
1965,0,admiration,0|6|7,admiration|confusion|curiosity
1966,1,amusement,2|6|9|13|15|20|22|25,anger|confusion|disappointment|excitement|gratitude|optimism|realization|sadness
1967,25,sadness,0|3|7|11|25,admiration|annoyance|curiosity|disgust|sadness
1968,27,neutral,0|3|7|13|15|17|18|22|26|27,admiration|annoyance|curiosity|excitement|gratitude|joy|love|realization|surprise|neutral
1969,15|22|26,gratitude|realization|surprise,2|3|4|9|19|22|26|27,anger|annoyance|approval|disappointment|nervousness|realization|surprise|neutral
1970,1,amusement,0|3|6|13|18,admiration|annoyance|confusion|excitement|love
1971,27,neutral,2|4|5|9|10|11|17|25|27,anger|approval|caring|disappointment|disapproval|disgust|joy|sadness|neutral
1972,1|15,amusement|gratitude,2|4|6|7|10|15|18|25|26,anger|approval|confusion|curiosity|disapproval|gratitude|love|sadness|surprise
1973,0,admiration,1|4|9|14|15|22|27,amusement|approval|disappointment|fear|gratitude|realization|neutral
1974,27,neutral,10|14|15|17|27,disapproval|fear|gratitude|joy|neutral
1975,27,neutral,2|3|5|6|7|20|25|26,anger|annoyance|caring|confusion|curiosity|optimism|sadness|surprise
1976,14,fear,3|5|7|13|20|23|25|27,annoyance|caring|curiosity|excitement|optimism|relief|sadness|neutral
1977,8,desire,1|3|4|5|9|10|11|14|18|20|25,amusement|annoyance|approval|caring|disappointment|disapproval|disgust|fear|love|optimism|sadness
1978,0,admiration,0|1|11|20|22|26,admiration|amusement|disgust|optimism|realization|surprise
1979,22|27,realization|neutral,0|1|4|8|10|15|17|26,admiration|amusement|approval|desire|disapproval|gratitude|joy|surprise
1980,27,neutral,1|6|7|10|18,amusement|confusion|curiosity|disapproval|love
1981,1|10,amusement|disapproval,0|2|7|8|11,admiration|anger|curiosity|desire|disgust
1982,27,neutral,4|7|17,approval|curiosity|joy
1983,4|27,approval|neutral,3|4|9|14|18|26,annoyance|approval|disappointment|fear|love|surprise
1984,22|27,realization|neutral,0|1|4|7|10|15|18|24|27,admiration|amusement|approval|curiosity|disapproval|gratitude|love|remorse|neutral
1985,15,gratitude,1|5|8|11|15|17|18,amusement|caring|desire|disgust|gratitude|joy|love
1986,18,love,0|4|5|6|14|24,admiration|approval|caring|confusion|fear|remorse
1987,27,neutral,0|20|27,admiration|optimism|neutral
1988,5,caring,6|15|18|20|21|25|27,confusion|gratitude|love|optimism|pride|sadness|neutral
1989,14|27,fear|neutral,1|3|7|9,amusement|annoyance|curiosity|disappointment
1990,27,neutral,6|9|14|15|18|25,confusion|disappointment|fear|gratitude|love|sadness
1991,0|13,admiration|excitement,0|1|13|18,admiration|amusement|excitement|love
1992,24,remorse,1|2|4|7|9|11|17|18|22,amusement|anger|approval|curiosity|disappointment|disgust|joy|love|realization
1993,27,neutral,3|6|10|14|17|20|26|27,annoyance|confusion|disapproval|fear|joy|optimism|surprise|neutral
1994,27,neutral,2|10|14|20,anger|disapproval|fear|optimism
1995,27,neutral,0|2|3|7|17|18|22,admiration|anger|annoyance|curiosity|joy|love|realization
1996,18,love,1|2|3|11|26|27,amusement|anger|annoyance|disgust|surprise|neutral
1997,9,disappointment,0|7|15|20|25|27,admiration|curiosity|gratitude|optimism|sadness|neutral
1998,27,neutral,0|15|20|27,admiration|gratitude|optimism|neutral
1999,27,neutral,0|5|9|11|14|19|20,admiration|caring|disappointment|disgust|fear|nervousness|optimism
2000,27,neutral,0|10|12|15|24|26,admiration|disapproval|embarrassment|gratitude|remorse|surprise
2001,27,neutral,0|3|17|20|25,admiration|annoyance|joy|optimism|sadness
2002,10,disapproval,2|4|5|6|7|18|20|27,anger|approval|caring|confusion|curiosity|love|optimism|neutral
2003,27,neutral,0|3|6|11|27,admiration|annoyance|confusion|disgust|neutral
2004,15,gratitude,0|1|3|4|11|15,admiration|amusement|annoyance|approval|disgust|gratitude
2005,6|7,confusion|curiosity,1|2|3|8|10|13|17|22,amusement|anger|annoyance|desire|disapproval|excitement|joy|realization
2006,11,disgust,2|9|10|11|20|25|26,anger|disappointment|disapproval|disgust|optimism|sadness|surprise
2007,15,gratitude,4|5|6|13|15|20|26|27,approval|caring|confusion|excitement|gratitude|optimism|surprise|neutral
2008,1,amusement,7|10|21,curiosity|disapproval|pride
2009,27,neutral,1|6|7|9|20|27,amusement|confusion|curiosity|disappointment|optimism|neutral
2010,27,neutral,2|5|7|8|9|10|13|14|15|18|22,anger|caring|curiosity|desire|disappointment|disapproval|excitement|fear|gratitude|love|realization
2011,7,curiosity,0|1|4|6|7|10|22|25,admiration|amusement|approval|confusion|curiosity|disapproval|realization|sadness
2012,27,neutral,0|3|14|27,admiration|annoyance|fear|neutral
2013,7,curiosity,6|10|15|18|22,confusion|disapproval|gratitude|love|realization
2014,0|17,admiration|joy,5|9|10|11|14|15|20|24,caring|disappointment|disapproval|disgust|fear|gratitude|optimism|remorse
2015,27,neutral,0|1|4|5|9|20|26|27,admiration|amusement|approval|caring|disappointment|optimism|surprise|neutral
2016,17,joy,7|15|24|25|27,curiosity|gratitude|remorse|sadness|neutral
2017,27,neutral,2|5|15|25|27,anger|caring|gratitude|sadness|neutral
2018,3,annoyance,0|3|4|9|17|22|27,admiration|annoyance|approval|disappointment|joy|realization|neutral
2019,13,excitement,0|4|10|17|18|20|22|25|26,admiration|approval|disapproval|joy|love|optimism|realization|sadness|surprise
2020,27,neutral,0|4|9|15|17|18|22|24,admiration|approval|disappointment|gratitude|joy|love|realization|remorse
2021,22,realization,0|1|3|6|9|17|18,admiration|amusement|annoyance|confusion|disappointment|joy|love
2022,7,curiosity,2|3|8|20|22|26,anger|annoyance|desire|optimism|realization|surprise
2023,27,neutral,4|6|7|10|15|17|22|26|27,approval|confusion|curiosity|disapproval|gratitude|joy|realization|surprise|neutral
2024,4,approval,2|5|6|27,anger|caring|confusion|neutral
2025,4,approval,0|1|6|7|15|26,admiration|amusement|confusion|curiosity|gratitude|surprise
2026,6|26,confusion|surprise,0|6|7|13|14|17|18,admiration|confusion|curiosity|excitement|fear|joy|love
2027,0|17,admiration|joy,2|5|9|14|15|22,anger|caring|disappointment|fear|gratitude|realization
2028,27,neutral,9|11|14|20|22|27,disappointment|disgust|fear|optimism|realization|neutral
2029,0,admiration,1|6|7|8|9|22|27,amusement|confusion|curiosity|desire|disappointment|realization|neutral
2030,0,admiration,1|15|24|25|27,amusement|gratitude|remorse|sadness|neutral
2031,8,desire,0|13,admiration|excitement
2032,27,neutral,1|4|7|10|17,amusement|approval|curiosity|disapproval|joy
2033,27,neutral,0|2|3|5|7|18|24,admiration|anger|annoyance|caring|curiosity|love|remorse
2034,27,neutral,2|7,anger|curiosity
2035,20,optimism,4|13|20|22|26|27,approval|excitement|optimism|realization|surprise|neutral
2036,25,sadness,0|4|5|8|9|11|13|15|20,admiration|approval|caring|desire|disappointment|disgust|excitement|gratitude|optimism
2037,25,sadness,1|4|7|8|17|20,amusement|approval|curiosity|desire|joy|optimism
2038,27,neutral,0|1|9|10|13|15|20,admiration|amusement|disappointment|disapproval|excitement|gratitude|optimism
2039,27,neutral,0|8|10|20|27,admiration|desire|disapproval|optimism|neutral
2040,5,caring,0|1|2|4|5|13|15|25,admiration|amusement|anger|approval|caring|excitement|gratitude|sadness
2041,3,annoyance,0|4|7|20|25,admiration|approval|curiosity|optimism|sadness
2042,6|26,confusion|surprise,0|2|3|7|15,admiration|anger|annoyance|curiosity|gratitude
2043,27,neutral,0|1|3|4|8|15|17|27,admiration|amusement|annoyance|approval|desire|gratitude|joy|neutral
2044,18,love,0|5|14|18|20|27,admiration|caring|fear|love|optimism|neutral
2045,27,neutral,4|6|13|15|20|27,approval|confusion|excitement|gratitude|optimism|neutral
2046,0,admiration,2|5|7|10|16|18|20|27,anger|caring|curiosity|disapproval|grief|love|optimism|neutral
2047,22,realization,0|1|3|6|7|11|18,admiration|amusement|annoyance|confusion|curiosity|disgust|love
2048,27,neutral,0|2|4|8|18|25,admiration|anger|approval|desire|love|sadness
2049,15|24,gratitude|remorse,0|1|4|5|12|24|25|26|27,admiration|amusement|approval|caring|embarrassment|remorse|sadness|surprise|neutral
2050,9,disappointment,0|1|10|17|18,admiration|amusement|disapproval|joy|love
2051,9|27,disappointment|neutral,1|2|4|6|10|18,amusement|anger|approval|confusion|disapproval|love
2052,4,approval,3|4|5|9|10|18|20|24,annoyance|approval|caring|disappointment|disapproval|love|optimism|remorse
2053,14|27,fear|neutral,0|3|10|14,admiration|annoyance|disapproval|fear
2054,23,relief,2|4|7|10|11|15|18|25,anger|approval|curiosity|disapproval|disgust|gratitude|love|sadness
2055,15,gratitude,1|7|11|14|15|18|22|24|25|26,amusement|curiosity|disgust|fear|gratitude|love|realization|remorse|sadness|surprise
2056,10,disapproval,13|18|27,excitement|love|neutral
2057,4|27,approval|neutral,1|2|3|18,amusement|anger|annoyance|love
2058,27,neutral,0|4|5|6|13|20|26,admiration|approval|caring|confusion|excitement|optimism|surprise
2059,15,gratitude,3|10|15|27,annoyance|disapproval|gratitude|neutral
2060,15,gratitude,0|1|3|9|10|11|13|15|17|25,admiration|amusement|annoyance|disappointment|disapproval|disgust|excitement|gratitude|joy|sadness
2061,4,approval,1|4|10|20,amusement|approval|disapproval|optimism
2062,4,approval,0|3|4|5|7|8|10|17|22|25|26,admiration|annoyance|approval|caring|curiosity|desire|disapproval|joy|realization|sadness|surprise
2063,22,realization,0|1|6|7|27,admiration|amusement|confusion|curiosity|neutral
2064,15|20|22,gratitude|optimism|realization,0|2|3|4|7|15|18,admiration|anger|annoyance|approval|curiosity|gratitude|love
2065,0|9,admiration|disappointment,3|10|14|17|20|27,annoyance|disapproval|fear|joy|optimism|neutral
2066,7,curiosity,0|2|15|24|26|27,admiration|anger|gratitude|remorse|surprise|neutral
2067,27,neutral,6|7|14|18|26|27,confusion|curiosity|fear|love|surprise|neutral
2068,26,surprise,4|15|17,approval|gratitude|joy
2069,22,realization,0|1|4|8|10|15|17|18|20,admiration|amusement|approval|desire|disapproval|gratitude|joy|love|optimism
2070,27,neutral,0|9|13|22|25|26|27,admiration|disappointment|excitement|realization|sadness|surprise|neutral
2071,15,gratitude,3|15|17|22|25|27,annoyance|gratitude|joy|realization|sadness|neutral
2072,9,disappointment,1|4|5|7|9|10|14|25|27,amusement|approval|caring|curiosity|disappointment|disapproval|fear|sadness|neutral
2073,27,neutral,0|1|8|9|11|15|18|22|27,admiration|amusement|desire|disappointment|disgust|gratitude|love|realization|neutral
2074,17,joy,0|1|10|14|17|18|25,admiration|amusement|disapproval|fear|joy|love|sadness
2075,10,disapproval,0|4|10|13|15|18|20,admiration|approval|disapproval|excitement|gratitude|love|optimism
2076,27,neutral,0|3|5|6|13|15|17|18|25,admiration|annoyance|caring|confusion|excitement|gratitude|joy|love|sadness
2077,7,curiosity,0|1|5|7|10|22,admiration|amusement|caring|curiosity|disapproval|realization
2078,14|25,fear|sadness,4|13|17|20|22|25|27,approval|excitement|joy|optimism|realization|sadness|neutral
2079,25,sadness,2|4|10|11|13|25|26,anger|approval|disapproval|disgust|excitement|sadness|surprise
2080,15,gratitude,2|3|6|7|17|27,anger|annoyance|confusion|curiosity|joy|neutral
2081,18,love,3|5|11|15|19|20,annoyance|caring|disgust|gratitude|nervousness|optimism
2082,13|17,excitement|joy,0|1|3|4|8|9|15|20,admiration|amusement|annoyance|approval|desire|disappointment|gratitude|optimism
2083,27,neutral,0|5|7|9|10|20|22,admiration|caring|curiosity|disappointment|disapproval|optimism|realization
2084,2,anger,0|4|5|7|10|17|22|25|27,admiration|approval|caring|curiosity|disapproval|joy|realization|sadness|neutral
2085,27,neutral,2|9|11|23|27,anger|disappointment|disgust|relief|neutral
2086,27,neutral,0|3|4|5|8|10|13|17|20|27,admiration|annoyance|approval|caring|desire|disapproval|excitement|joy|optimism|neutral
2087,22,realization,3|5|6|7|11|14|17|18|20|25|26,annoyance|caring|confusion|curiosity|disgust|fear|joy|love|optimism|sadness|surprise
2088,27,neutral,0|1|4|8|13|17,admiration|amusement|approval|desire|excitement|joy
2089,27,neutral,3|6|15|18|26,annoyance|confusion|gratitude|love|surprise
2090,3,annoyance,3|4|5|10|17|18|20,annoyance|approval|caring|disapproval|joy|love|optimism
2091,7,curiosity,1|9|11|27,amusement|disappointment|disgust|neutral
2092,27,neutral,2|5|7|9|27,anger|caring|curiosity|disappointment|neutral
2093,1,amusement,0|1|7|10|13|14|15|17,admiration|amusement|curiosity|disapproval|excitement|fear|gratitude|joy
2094,15,gratitude,0|4|6|7|18|20|22|24|25|26|27,admiration|approval|confusion|curiosity|love|optimism|realization|remorse|sadness|surprise|neutral
2095,10,disapproval,0|4|5|6|7|9|20|22,admiration|approval|caring|confusion|curiosity|disappointment|optimism|realization
2096,3,annoyance,1|4|6|7|17|18|20|26,amusement|approval|confusion|curiosity|joy|love|optimism|surprise
2097,18,love,13|17|18|19|27,excitement|joy|love|nervousness|neutral
2098,12|24,embarrassment|remorse,1|5|20|26,amusement|caring|optimism|surprise
2099,27,neutral,3|11|27,annoyance|disgust|neutral
2100,27,neutral,0|1|3|7|20|22|25|26,admiration|amusement|annoyance|curiosity|optimism|realization|sadness|surprise
2101,3,annoyance,0|6|10,admiration|confusion|disapproval
2102,9|25,disappointment|sadness,3|4|11|18|24,annoyance|approval|disgust|love|remorse
2103,11,disgust,0|5|8|18|25,admiration|caring|desire|love|sadness
2104,27,neutral,1|4|6|10|15|18|20|22|26,amusement|approval|confusion|disapproval|gratitude|love|optimism|realization|surprise
2105,26,surprise,3|4|17|20,annoyance|approval|joy|optimism
2106,1,amusement,1|3|4|10|13|15|18|24|25|27,amusement|annoyance|approval|disapproval|excitement|gratitude|love|remorse|sadness|neutral
2107,27,neutral,0|4|10|11|14,admiration|approval|disapproval|disgust|fear
2108,27,neutral,0|3|6|8|9|10|17|27,admiration|annoyance|confusion|desire|disappointment|disapproval|joy|neutral
2109,6,confusion,0|3|8|13|15|18|20|26,admiration|annoyance|desire|excitement|gratitude|love|optimism|surprise
2110,27,neutral,3|4|18|22,annoyance|approval|love|realization
2111,27,neutral,1|3|7|10|20,amusement|annoyance|curiosity|disapproval|optimism
2112,15,gratitude,0|1|7|9,admiration|amusement|curiosity|disappointment
2113,2,anger,0|10|15|17|25|27,admiration|disapproval|gratitude|joy|sadness|neutral
2114,1,amusement,0|7|9|11|13|18|20|25,admiration|curiosity|disappointment|disgust|excitement|love|optimism|sadness
2115,3|10,annoyance|disapproval,3|7|13|24|26|27,annoyance|curiosity|excitement|remorse|surprise|neutral
2116,27,neutral,0|3|4|6|10|22|25,admiration|annoyance|approval|confusion|disapproval|realization|sadness
2117,27,neutral,5|6|8|9|11|12|13|15|25|26|27,caring|confusion|desire|disappointment|disgust|embarrassment|excitement|gratitude|sadness|surprise|neutral
2118,27,neutral,3|10|11|13|24|25|27,annoyance|disapproval|disgust|excitement|remorse|sadness|neutral
2119,27,neutral,3|10|13|20,annoyance|disapproval|excitement|optimism
2120,7|27,curiosity|neutral,0|4|7|15|18|26,admiration|approval|curiosity|gratitude|love|surprise
2121,27,neutral,0|2|4|7|10|13|18,admiration|anger|approval|curiosity|disapproval|excitement|love
2122,4,approval,0|4|6|7|9|13,admiration|approval|confusion|curiosity|disappointment|excitement
2123,27,neutral,2|3|5|9|18|20|24|25|26|27,anger|annoyance|caring|disappointment|love|optimism|remorse|sadness|surprise|neutral
2124,27,neutral,0|6|7|9|15|18|20,admiration|confusion|curiosity|disappointment|gratitude|love|optimism
2125,0,admiration,2|4|6|7|9|10|17|18|25|27,anger|approval|confusion|curiosity|disappointment|disapproval|joy|love|sadness|neutral
2126,27,neutral,3|4|5|7|9|10|13|17|18|22,annoyance|approval|caring|curiosity|disappointment|disapproval|excitement|joy|love|realization
2127,27,neutral,0|8|17|20|24,admiration|desire|joy|optimism|remorse
2128,18,love,0|1|3|9|15|18|20|25,admiration|amusement|annoyance|disappointment|gratitude|love|optimism|sadness
2129,27,neutral,0|3|4|10|11|13|17|18|20|22|25,admiration|annoyance|approval|disapproval|disgust|excitement|joy|love|optimism|realization|sadness
2130,3,annoyance,0|1|4|10|20,admiration|amusement|approval|disapproval|optimism
2131,15,gratitude,7|10|13|15|18|26|27,curiosity|disapproval|excitement|gratitude|love|surprise|neutral
2132,9,disappointment,1|4|17|27,amusement|approval|joy|neutral
2133,27,neutral,0|2|4|7|9|15,admiration|anger|approval|curiosity|disappointment|gratitude
2134,2,anger,1|3|7|13|19|20,amusement|annoyance|curiosity|excitement|nervousness|optimism
2135,27,neutral,0|2|3|10|17|25|27,admiration|anger|annoyance|disapproval|joy|sadness|neutral
2136,13|20|27,excitement|optimism|neutral,0|8|9|27,admiration|desire|disappointment|neutral
2137,27,neutral,1|2|3|24|27,amusement|anger|annoyance|remorse|neutral
2138,17,joy,0|2|3|4|8|13|20|22|24|25,admiration|anger|annoyance|approval|desire|excitement|optimism|realization|remorse|sadness
2139,7|27,curiosity|neutral,1|8|11|13|15|26,amusement|desire|disgust|excitement|gratitude|surprise
2140,22,realization,2|8|18|20|27,anger|desire|love|optimism|neutral
2141,20,optimism,5|11|15|17|18|22|23|25,caring|disgust|gratitude|joy|love|realization|relief|sadness
2142,15,gratitude,1|2|6|10|13|15|20|24|27,amusement|anger|confusion|disapproval|excitement|gratitude|optimism|remorse|neutral
2143,20|25,optimism|sadness,3|5|13|15|27,annoyance|caring|excitement|gratitude|neutral
2144,1|3,amusement|annoyance,0|1|4|7|27,admiration|amusement|approval|curiosity|neutral
2145,4,approval,0|4|9|11|13|17|18|20|25,admiration|approval|disappointment|disgust|excitement|joy|love|optimism|sadness
2146,17|25,joy|sadness,0|1|7|10|11|12|15|25|26|27,admiration|amusement|curiosity|disapproval|disgust|embarrassment|gratitude|sadness|surprise|neutral
2147,27,neutral,4|10|25,approval|disapproval|sadness
2148,4,approval,2|4|5|6|8|11|15|20|27,anger|approval|caring|confusion|desire|disgust|gratitude|optimism|neutral
2149,27,neutral,0|4|5|8|10|15|17|18|22,admiration|approval|caring|desire|disapproval|gratitude|joy|love|realization
2150,3,annoyance,0|2|9|11|20|25,admiration|anger|disappointment|disgust|optimism|sadness
2151,7,curiosity,2|7,anger|curiosity
2152,8,desire,7|8|9|11|13|18|22,curiosity|desire|disappointment|disgust|excitement|love|realization
2153,27,neutral,1|15|27,amusement|gratitude|neutral
2154,18,love,7|8|9|10|13|15|17|18,curiosity|desire|disappointment|disapproval|excitement|gratitude|joy|love
2155,27,neutral,3|5|7|9|10|20,annoyance|caring|curiosity|disappointment|disapproval|optimism
2156,15,gratitude,4|11|13|17|18,approval|disgust|excitement|joy|love
2157,27,neutral,2|6|9|24|25|26|27,anger|confusion|disappointment|remorse|sadness|surprise|neutral
2158,27,neutral,0|2|5|7|10,admiration|anger|caring|curiosity|disapproval
2159,24,remorse,1|3|7|10|22|27,amusement|annoyance|curiosity|disapproval|realization|neutral
2160,27,neutral,3|7|14|15|20|23,annoyance|curiosity|fear|gratitude|optimism|relief
2161,15,gratitude,0|7|9|13|15|20|26,admiration|curiosity|disappointment|excitement|gratitude|optimism|surprise
2162,27,neutral,0|1|2|3|9|15|17|25,admiration|amusement|anger|annoyance|disappointment|gratitude|joy|sadness
2163,0|1,admiration|amusement,1|2|3|8|10|11|15|17|18|22,amusement|anger|annoyance|desire|disapproval|disgust|gratitude|joy|love|realization
2164,25,sadness,0|3|7|10|13|18|22,admiration|annoyance|curiosity|disapproval|excitement|love|realization
2165,20,optimism,0|2|4|5|8|9|10|15|20|25|26,admiration|anger|approval|caring|desire|disappointment|disapproval|gratitude|optimism|sadness|surprise
2166,7,curiosity,0|4|6|7|9|14|15|18|20,admiration|approval|confusion|curiosity|disappointment|fear|gratitude|love|optimism
2167,27,neutral,10|18|20|27,disapproval|love|optimism|neutral
2168,15,gratitude,4|7|9|17|25|27,approval|curiosity|disappointment|joy|sadness|neutral
2169,2|9,anger|disappointment,0|1|3|4|5|10|12|17|27,admiration|amusement|annoyance|approval|caring|disapproval|embarrassment|joy|neutral
2170,4,approval,1|4|6|7|10|13|18|26,amusement|approval|confusion|curiosity|disapproval|excitement|love|surprise
2171,27,neutral,1|2|8|13|15|20,amusement|anger|desire|excitement|gratitude|optimism
2172,27,neutral,1|2|3|5|9|19,amusement|anger|annoyance|caring|disappointment|nervousness
2173,27,neutral,13|18|27,excitement|love|neutral
2174,20,optimism,0|1|4|6|9|13|22|27,admiration|amusement|approval|confusion|disappointment|excitement|realization|neutral
2175,27,neutral,3|7|9|11|15|22|25,annoyance|curiosity|disappointment|disgust|gratitude|realization|sadness
2176,20,optimism,0|7|9|10|18|22|25,admiration|curiosity|disappointment|disapproval|love|realization|sadness
2177,9,disappointment,1|15,amusement|gratitude
2178,13,excitement,0|3|7|15|18,admiration|annoyance|curiosity|gratitude|love
2179,18,love,0|1|2|3|4|11|15|18,admiration|amusement|anger|annoyance|approval|disgust|gratitude|love
2180,0|1|9,admiration|amusement|disappointment,2|10|15|22|25|27,anger|disapproval|gratitude|realization|sadness|neutral
2181,16,grief,4|20|27,approval|optimism|neutral
2182,27,neutral,3|4|7|9|15|18|22,annoyance|approval|curiosity|disappointment|gratitude|love|realization
2183,3,annoyance,2|8|11|13|22|27,anger|desire|disgust|excitement|realization|neutral
2184,7,curiosity,0|9|15|17|18,admiration|disappointment|gratitude|joy|love
2185,27,neutral,4|5|7|11|15|20|27,approval|caring|curiosity|disgust|gratitude|optimism|neutral
2186,0,admiration,0|2|6|10|14|20|26,admiration|anger|confusion|disapproval|fear|optimism|surprise
2187,0,admiration,0|6|7|13|18|24|27,admiration|confusion|curiosity|excitement|love|remorse|neutral
2188,3,annoyance,3|5|6|9|27,annoyance|caring|confusion|disappointment|neutral
2189,27,neutral,0|7|10|27,admiration|curiosity|disapproval|neutral
2190,27,neutral,6|7|13|27,confusion|curiosity|excitement|neutral
2191,27,neutral,0|7|9|11|13|26|27,admiration|curiosity|disappointment|disgust|excitement|surprise|neutral
2192,27,neutral,0|5|10|15|18|20|22|23,admiration|caring|disapproval|gratitude|love|optimism|realization|relief
2193,27,neutral,7|18|20|23|26|27,curiosity|love|optimism|relief|surprise|neutral
2194,5,caring,1|10|14|26|27,amusement|disapproval|fear|surprise|neutral
2195,27,neutral,4|9|10|18|27,approval|disappointment|disapproval|love|neutral
2196,0|20,admiration|optimism,1|3|7|8|15|18|20,amusement|annoyance|curiosity|desire|gratitude|love|optimism
2197,27,neutral,5|8|15|18|27,caring|desire|gratitude|love|neutral
2198,27,neutral,2|5|9|15|18|20|24|25,anger|caring|disappointment|gratitude|love|optimism|remorse|sadness
2199,27,neutral,1|2|3|4|6|17|25|27,amusement|anger|annoyance|approval|confusion|joy|sadness|neutral
2200,18,love,6|8|11|17|20|22|27,confusion|desire|disgust|joy|optimism|realization|neutral
2201,1,amusement,0|1|8|14|15|17|20|27,admiration|amusement|desire|fear|gratitude|joy|optimism|neutral
2202,6,confusion,3|6|7|11|27,annoyance|confusion|curiosity|disgust|neutral
2203,17,joy,1|7|13|18,amusement|curiosity|excitement|love
2204,10,disapproval,3|5|9|15|22,annoyance|caring|disappointment|gratitude|realization
2205,15,gratitude,1|3|5|8|11|27,amusement|annoyance|caring|desire|disgust|neutral
2206,0|7,admiration|curiosity,0|2|7|18|25|27,admiration|anger|curiosity|love|sadness|neutral
2207,0|25,admiration|sadness,1|6|9|13|20|26,amusement|confusion|disappointment|excitement|optimism|surprise
2208,27,neutral,0|4|5|6|9|11|15|17|27,admiration|approval|caring|confusion|disappointment|disgust|gratitude|joy|neutral
2209,1|7,amusement|curiosity,0|1|6|10|11|20|25,admiration|amusement|confusion|disapproval|disgust|optimism|sadness
2210,10|11,disapproval|disgust,1|6|11|13|14|15|18|25|27,amusement|confusion|disgust|excitement|fear|gratitude|love|sadness|neutral
2211,2,anger,3|10|11|18|22|25,annoyance|disapproval|disgust|love|realization|sadness
2212,14,fear,0|2|3|5|22|26|27,admiration|anger|annoyance|caring|realization|surprise|neutral
2213,4,approval,0|3|4|9|10|11|26,admiration|annoyance|approval|disappointment|disapproval|disgust|surprise
2214,13,excitement,0|3|5|8|9|15|17|18|27,admiration|annoyance|caring|desire|disappointment|gratitude|joy|love|neutral
2215,5,caring,0|1|4|9|15|17|26,admiration|amusement|approval|disappointment|gratitude|joy|surprise
2216,27,neutral,0|2|9|15,admiration|anger|disappointment|gratitude
2217,10|27,disapproval|neutral,3|4|5|7|22|26,annoyance|approval|caring|curiosity|realization|surprise
2218,10,disapproval,1|4|10|14|18|22|24|26,amusement|approval|disapproval|fear|love|realization|remorse|surprise
2219,1,amusement,1|6|10|11|13|14|25|26|27,amusement|confusion|disapproval|disgust|excitement|fear|sadness|surprise|neutral
2220,4,approval,0|1|2|4|13|20|26,admiration|amusement|anger|approval|excitement|optimism|surprise
2221,15,gratitude,0|5|7|15|17|18|20,admiration|caring|curiosity|gratitude|joy|love|optimism
2222,27,neutral,0|1|4|5|15|17|27,admiration|amusement|approval|caring|gratitude|joy|neutral
2223,6,confusion,0|1|2|3|5|6|10|15|20|25,admiration|amusement|anger|annoyance|caring|confusion|disapproval|gratitude|optimism|sadness
2224,4,approval,0|1|4|7|11|12|15|20,admiration|amusement|approval|curiosity|disgust|embarrassment|gratitude|optimism
2225,24,remorse,1|4|15|22,amusement|approval|gratitude|realization
2226,27,neutral,0|15,admiration|gratitude
2227,1|3,amusement|annoyance,2|4|10|13|20|24|25,anger|approval|disapproval|excitement|optimism|remorse|sadness
2228,1,amusement,6|9|15|18|25|26|27,confusion|disappointment|gratitude|love|sadness|surprise|neutral
2229,3,annoyance,3|9|10|14|25|26|27,annoyance|disappointment|disapproval|fear|sadness|surprise|neutral
2230,5,caring,3|4|7|10|13|18|20|26,annoyance|approval|curiosity|disapproval|excitement|love|optimism|surprise
2231,2,anger,2|4|6|7|11|20|21|27,anger|approval|confusion|curiosity|disgust|optimism|pride|neutral
2232,25,sadness,1|4|9|15|27,amusement|approval|disappointment|gratitude|neutral
2233,0,admiration,0|1|3|4|7|9|25,admiration|amusement|annoyance|approval|curiosity|disappointment|sadness
2234,22,realization,0|1|9|11|25|27,admiration|amusement|disappointment|disgust|sadness|neutral
2235,27,neutral,4|9|10|11|14|25|27,approval|disappointment|disapproval|disgust|fear|sadness|neutral
2236,10,disapproval,0|27,admiration|neutral
2237,3|27,annoyance|neutral,0|1|2|4|15|18|25,admiration|amusement|anger|approval|gratitude|love|sadness
2238,27,neutral,1|3|5|7|11|18|20|24|26,amusement|annoyance|caring|curiosity|disgust|love|optimism|remorse|surprise
2239,9,disappointment,1|2|8,amusement|anger|desire
2240,22,realization,3|11|13|25|26|27,annoyance|disgust|excitement|sadness|surprise|neutral
2241,17,joy,0|3|7|17|18|25,admiration|annoyance|curiosity|joy|love|sadness
2242,6,confusion,3|7|10|18|22|27,annoyance|curiosity|disapproval|love|realization|neutral
2243,18,love,1|6|7|13,amusement|confusion|curiosity|excitement
2244,0,admiration,0|3|7|13|17|18|25,admiration|annoyance|curiosity|excitement|joy|love|sadness
2245,17|18,joy|love,1|3|5|6|7|10|25,amusement|annoyance|caring|confusion|curiosity|disapproval|sadness
2246,27,neutral,0|4|13|18|27,admiration|approval|excitement|love|neutral
2247,8|15,desire|gratitude,0|1|3|9|10|13,admiration|amusement|annoyance|disappointment|disapproval|excitement
2248,18,love,7|15|18|22|25|26,curiosity|gratitude|love|realization|sadness|surprise
2249,0,admiration,0|1|3|5|27,admiration|amusement|annoyance|caring|neutral
2250,27,neutral,4|20|27,approval|optimism|neutral
2251,2,anger,9|15|17|18|20|22,disappointment|gratitude|joy|love|optimism|realization
2252,12|15,embarrassment|gratitude,6|10|15,confusion|disapproval|gratitude
2253,1,amusement,0|6|9|13,admiration|confusion|disappointment|excitement
2254,27,neutral,0|7|13|17|22|27,admiration|curiosity|excitement|joy|realization|neutral
2255,27,neutral,0|1|3|4|7|15|16|17,admiration|amusement|annoyance|approval|curiosity|gratitude|grief|joy
2256,2|3,anger|annoyance,0|4|5|11|15|25,admiration|approval|caring|disgust|gratitude|sadness
2257,0,admiration,2|4|9|13|15|22|27,anger|approval|disappointment|excitement|gratitude|realization|neutral
2258,1,amusement,1|6|7|10|11|17,amusement|confusion|curiosity|disapproval|disgust|joy
2259,15,gratitude,0|1|2|3|6|9|13|18|22,admiration|amusement|anger|annoyance|confusion|disappointment|excitement|love|realization
2260,1|15|18,amusement|gratitude|love,0|1|5|7|18|20,admiration|amusement|caring|curiosity|love|optimism
2261,27,neutral,2|3|5|14|15|17|22|26,anger|annoyance|caring|fear|gratitude|joy|realization|surprise
2262,0,admiration,0|5|7|8|9|15|20|24,admiration|caring|curiosity|desire|disappointment|gratitude|optimism|remorse
2263,4,approval,1|3|8|18|25,amusement|annoyance|desire|love|sadness
2264,5|10,caring|disapproval,3|4|6|7|11|13|14|18|26,annoyance|approval|confusion|curiosity|disgust|excitement|fear|love|surprise
2265,10,disapproval,2|4|5|17|18|26|27,anger|approval|caring|joy|love|surprise|neutral
2266,6|27,confusion|neutral,1|4|11|12|13|17|18|20|27,amusement|approval|disgust|embarrassment|excitement|joy|love|optimism|neutral
2267,27,neutral,0|2|9|10|14|27,admiration|anger|disappointment|disapproval|fear|neutral
2268,0,admiration,10|11|15|25|27,disapproval|disgust|gratitude|sadness|neutral
2269,10|20,disapproval|optimism,6|27,confusion|neutral
2270,15,gratitude,2|7|9|10|13|22|24|25|27,anger|curiosity|disappointment|disapproval|excitement|realization|remorse|sadness|neutral
2271,27,neutral,4|10|27,approval|disapproval|neutral
2272,8,desire,0|1|7|11|19|25,admiration|amusement|curiosity|disgust|nervousness|sadness
2273,27,neutral,7|10|24|27,curiosity|disapproval|remorse|neutral
2274,27,neutral,0|3|6|27,admiration|annoyance|confusion|neutral
2275,11,disgust,3|7|10|11|13|14|22|26|27,annoyance|curiosity|disapproval|disgust|excitement|fear|realization|surprise|neutral
2276,0,admiration,4|6|7|17|20|27,approval|confusion|curiosity|joy|optimism|neutral
2277,5,caring,0|3|7|10|13|15|18|27,admiration|annoyance|curiosity|disapproval|excitement|gratitude|love|neutral
2278,4,approval,0|1|2|9|10|15|17|18|22|25,admiration|amusement|anger|disappointment|disapproval|gratitude|joy|love|realization|sadness
2279,27,neutral,3|8|9|10|11|20|25|26|27,annoyance|desire|disappointment|disapproval|disgust|optimism|sadness|surprise|neutral
2280,9|11|14,disappointment|disgust|fear,0|1|6|17|18|26|27,admiration|amusement|confusion|joy|love|surprise|neutral
2281,0|17,admiration|joy,7|14|17|18|20|27,curiosity|fear|joy|love|optimism|neutral
2282,3,annoyance,1|10|13|20|27,amusement|disapproval|excitement|optimism|neutral
2283,7|27,curiosity|neutral,4|6|10|13|20|22|26,approval|confusion|disapproval|excitement|optimism|realization|surprise
2284,18,love,9|10|11|15|17|19|22,disappointment|disapproval|disgust|gratitude|joy|nervousness|realization
2285,2,anger,0|1|5|8|20|27,admiration|amusement|caring|desire|optimism|neutral
2286,24,remorse,3|15|26,annoyance|gratitude|surprise
2287,27,neutral,0|4|5|15|18|27,admiration|approval|caring|gratitude|love|neutral
2288,22,realization,0|7|9|11|13|24|26,admiration|curiosity|disappointment|disgust|excitement|remorse|surprise
2289,6,confusion,0|4|18|27,admiration|approval|love|neutral
2290,27,neutral,2|3|4|5|6|7|8|9|26,anger|annoyance|approval|caring|confusion|curiosity|desire|disappointment|surprise
2291,1,amusement,0|1|3|6|14|18|27,admiration|amusement|annoyance|confusion|fear|love|neutral
2292,10|23,disapproval|relief,3|4|10|11|13|27,annoyance|approval|disapproval|disgust|excitement|neutral
2293,4,approval,5|7|9|15|17|20|22,caring|curiosity|disappointment|gratitude|joy|optimism|realization
2294,27,neutral,0|9|11|13,admiration|disappointment|disgust|excitement
2295,15,gratitude,8|10|15|18|22|27,desire|disapproval|gratitude|love|realization|neutral
2296,3,annoyance,0|1|2|3|11|13|26,admiration|amusement|anger|annoyance|disgust|excitement|surprise
2297,0,admiration,1|2|6|8|9|17,amusement|anger|confusion|desire|disappointment|joy
2298,24,remorse,5|17|20|26|27,caring|joy|optimism|surprise|neutral
2299,27,neutral,1|7|15|17|18|25,amusement|curiosity|gratitude|joy|love|sadness
2300,18,love,3|5|6|7|8|14|25,annoyance|caring|confusion|curiosity|desire|fear|sadness
2301,3|9,annoyance|disappointment,1|3|6|9|11|20|27,amusement|annoyance|confusion|disappointment|disgust|optimism|neutral
2302,27,neutral,0|1|3|9|10|22,admiration|amusement|annoyance|disappointment|disapproval|realization
2303,0,admiration,2|3|5|11|15|17,anger|annoyance|caring|disgust|gratitude|joy
2304,4,approval,0|2|4|5|9|10|11|12|17|18,admiration|anger|approval|caring|disappointment|disapproval|disgust|embarrassment|joy|love
2305,27,neutral,0|9|15|18|25|26,admiration|disappointment|gratitude|love|sadness|surprise
2306,27,neutral,1|6|7|10|17|25,amusement|confusion|curiosity|disapproval|joy|sadness
2307,27,neutral,0|1|3|6|7|11|15|17|20|22,admiration|amusement|annoyance|confusion|curiosity|disgust|gratitude|joy|optimism|realization
2308,14,fear,0|17|24,admiration|joy|remorse
2309,2|4,anger|approval,7|27,curiosity|neutral
2310,27,neutral,0|1|2|4|9|13|20|22|25|26,admiration|amusement|anger|approval|disappointment|excitement|optimism|realization|sadness|surprise
2311,3|9,annoyance|disappointment,4|6|7|10|11|18|20,approval|confusion|curiosity|disapproval|disgust|love|optimism
2312,10,disapproval,2|3|4|9|13|18|27,anger|annoyance|approval|disappointment|excitement|love|neutral
2313,14,fear,2|3|6|7|9|12|14|22|26,anger|annoyance|confusion|curiosity|disappointment|embarrassment|fear|realization|surprise
2314,10,disapproval,0|4|7|15|17|26,admiration|approval|curiosity|gratitude|joy|surprise
2315,27,neutral,0|1|7|9|10,admiration|amusement|curiosity|disappointment|disapproval
2316,15,gratitude,4|10|22,approval|disapproval|realization
2317,2,anger,0|3|7|11|17,admiration|annoyance|curiosity|disgust|joy
2318,10,disapproval,0|3|9|18|22|26,admiration|annoyance|disappointment|love|realization|surprise
2319,11,disgust,0|1|2|9|22|27,admiration|amusement|anger|disappointment|realization|neutral
2320,3|9,annoyance|disappointment,1|3|17|20|22|26|27,amusement|annoyance|joy|optimism|realization|surprise|neutral
2321,27,neutral,3|9|11|18|27,annoyance|disappointment|disgust|love|neutral
2322,9|22,disappointment|realization,2|22|27,anger|realization|neutral
2323,10,disapproval,0|8|10|11|18|22,admiration|desire|disapproval|disgust|love|realization
2324,13|18,excitement|love,2|7|24|26|27,anger|curiosity|remorse|surprise|neutral
2325,26,surprise,10|27,disapproval|neutral
2326,15,gratitude,3|9|13|17|18|27,annoyance|disappointment|excitement|joy|love|neutral
2327,1,amusement,0|3|7|11|15|17|22|24,admiration|annoyance|curiosity|disgust|gratitude|joy|realization|remorse
2328,27,neutral,0|2|5|7|15|26|27,admiration|anger|caring|curiosity|gratitude|surprise|neutral
2329,26,surprise,2|7|10|11|17,anger|curiosity|disapproval|disgust|joy
2330,22|27,realization|neutral,0|3|4|5|9|13|18,admiration|annoyance|approval|caring|disappointment|excitement|love
2331,8,desire,1|3|9|11|15|18|20|27,amusement|annoyance|disappointment|disgust|gratitude|love|optimism|neutral
2332,27,neutral,3|6|7|13|18|22|23,annoyance|confusion|curiosity|excitement|love|realization|relief
2333,22,realization,5|11|22|27,caring|disgust|realization|neutral
2334,14|25,fear|sadness,4|9|18|27,approval|disappointment|love|neutral
2335,25,sadness,0|1|9|11|15|20|24,admiration|amusement|disappointment|disgust|gratitude|optimism|remorse
2336,5|20,caring|optimism,4|5|7|13|15|21|26|27,approval|caring|curiosity|excitement|gratitude|pride|surprise|neutral
2337,10,disapproval,0|2|5|10|13|15|18|27,admiration|anger|caring|disapproval|excitement|gratitude|love|neutral
2338,8,desire,0|1|4|15,admiration|amusement|approval|gratitude
2339,10,disapproval,3|7|15|25|27,annoyance|curiosity|gratitude|sadness|neutral
2340,27,neutral,0|7|10|13|15|22,admiration|curiosity|disapproval|excitement|gratitude|realization
2341,3,annoyance,0|2|3|7|10|14|15|18|20,admiration|anger|annoyance|curiosity|disapproval|fear|gratitude|love|optimism
2342,27,neutral,3|10|13|20|22|27,annoyance|disapproval|excitement|optimism|realization|neutral
2343,27,neutral,1|2|3|13|15|17|20,amusement|anger|annoyance|excitement|gratitude|joy|optimism
2344,27,neutral,1|7|15|18|25|27,amusement|curiosity|gratitude|love|sadness|neutral
2345,10,disapproval,1|5|9|11|15|20|27,amusement|caring|disappointment|disgust|gratitude|optimism|neutral
2346,27,neutral,0|1|4|10|13|14|15,admiration|amusement|approval|disapproval|excitement|fear|gratitude
2347,7,curiosity,5|11|12|20|25|27,caring|disgust|embarrassment|optimism|sadness|neutral
2348,27,neutral,7|15|21|27,curiosity|gratitude|pride|neutral
2349,4|27,approval|neutral,1|2|3|5|15,amusement|anger|annoyance|caring|gratitude
2350,3,annoyance,0|2|4|5|9|10|15|17|25,admiration|anger|approval|caring|disappointment|disapproval|gratitude|joy|sadness
2351,5|19,caring|nervousness,6|7|9|10|13|18|20|27,confusion|curiosity|disappointment|disapproval|excitement|love|optimism|neutral
2352,7,curiosity,2|3|5|9|10|18|20,anger|annoyance|caring|disappointment|disapproval|love|optimism
2353,27,neutral,1|3|5|18|22,amusement|annoyance|caring|love|realization
2354,4,approval,2|7|9|15|17|20|26,anger|curiosity|disappointment|gratitude|joy|optimism|surprise
2355,19,nervousness,2|3|9|14|18|20|22|27,anger|annoyance|disappointment|fear|love|optimism|realization|neutral
2356,4,approval,1|4|5|6|7|15|17|19|22|25|26,amusement|approval|caring|confusion|curiosity|gratitude|joy|nervousness|realization|sadness|surprise
2357,27,neutral,0|3|5|7|8|10|14|17,admiration|annoyance|caring|curiosity|desire|disapproval|fear|joy
2358,10|24,disapproval|remorse,0|2|3|10|11|15|18|25,admiration|anger|annoyance|disapproval|disgust|gratitude|love|sadness
2359,5,caring,3|4|5|20|27,annoyance|approval|caring|optimism|neutral
2360,1,amusement,0|6|20|26|27,admiration|confusion|optimism|surprise|neutral
2361,4,approval,1|2|3|4|8,amusement|anger|annoyance|approval|desire
2362,1,amusement,6|15|20|27,confusion|gratitude|optimism|neutral
2363,2,anger,4|14|15|27,approval|fear|gratitude|neutral
2364,4|27,approval|neutral,0|1|11|15|18|22|27,admiration|amusement|disgust|gratitude|love|realization|neutral
2365,7,curiosity,0|1|7|9|11|15|17|18|22|26,admiration|amusement|curiosity|disappointment|disgust|gratitude|joy|love|realization|surprise
2366,0,admiration,0|2|3|9|13|15|17|18,admiration|anger|annoyance|disappointment|excitement|gratitude|joy|love
2367,2|3,anger|annoyance,1|2|7|10|11|20|26,amusement|anger|curiosity|disapproval|disgust|optimism|surprise
2368,9,disappointment,0|2|4|5|22,admiration|anger|approval|caring|realization
2369,7,curiosity,3|6|17|18,annoyance|confusion|joy|love
2370,3,annoyance,0|5|13|17|20|22|25,admiration|caring|excitement|joy|optimism|realization|sadness
2371,17,joy,2|10|15|17|18|20|25,anger|disapproval|gratitude|joy|love|optimism|sadness
2372,3|15,annoyance|gratitude,1|4|7|9|26|27,amusement|approval|curiosity|disappointment|surprise|neutral
2373,3,annoyance,,
2374,4,approval,0|4|6|15,admiration|approval|confusion|gratitude
2375,27,neutral,2|10|18|20|24|26,anger|disapproval|love|optimism|remorse|surprise
2376,5,caring,2|5|6|7|17|27,anger|caring|confusion|curiosity|joy|neutral
2377,0|20,admiration|optimism,0|1|3|5|7|9|15|18|27,admiration|amusement|annoyance|caring|curiosity|disappointment|gratitude|love|neutral
2378,18,love,1|2|3|13|27,amusement|anger|annoyance|excitement|neutral
2379,13|17,excitement|joy,4|6|7|9|18|22,approval|confusion|curiosity|disappointment|love|realization
2380,27,neutral,3|7|10|14|15|17|20,annoyance|curiosity|disapproval|fear|gratitude|joy|optimism
2381,4,approval,1|2|3|14|18|22|27,amusement|anger|annoyance|fear|love|realization|neutral
2382,8,desire,0|7|9|10|15|20|26,admiration|curiosity|disappointment|disapproval|gratitude|optimism|surprise
2383,1|9,amusement|disappointment,7|18|20|25|26|27,curiosity|love|optimism|sadness|surprise|neutral
2384,4,approval,0|6|9|25|27,admiration|confusion|disappointment|sadness|neutral
2385,20,optimism,2|5|10|13|18|24,anger|caring|disapproval|excitement|love|remorse
2386,27,neutral,0|5|17|22|27,admiration|caring|joy|realization|neutral
2387,0,admiration,0|4|6|8|15|18|20,admiration|approval|confusion|desire|gratitude|love|optimism
2388,1,amusement,7|9|12|17|20|27,curiosity|disappointment|embarrassment|joy|optimism|neutral
2389,27,neutral,0|4|11|17,admiration|approval|disgust|joy
2390,27,neutral,0|3|4|11|20|27,admiration|annoyance|approval|disgust|optimism|neutral
2391,1,amusement,2|6|7|17|18|22|25,anger|confusion|curiosity|joy|love|realization|sadness
2392,10|11,disapproval|disgust,1|3|4|7|15|17|20,amusement|annoyance|approval|curiosity|gratitude|joy|optimism
2393,0,admiration,1|7|17|25|27,amusement|curiosity|joy|sadness|neutral
2394,27,neutral,0|1|7|20,admiration|amusement|curiosity|optimism
2395,5,caring,0|1|3|4|6|17|25,admiration|amusement|annoyance|approval|confusion|joy|sadness
2396,10,disapproval,4|6|7|20|22,approval|confusion|curiosity|optimism|realization
2397,27,neutral,4|5|6|7|17|18|20|22|23|26,approval|caring|confusion|curiosity|joy|love|optimism|realization|relief|surprise
2398,1|27,amusement|neutral,0|1|4|5|7|13|15,admiration|amusement|approval|caring|curiosity|excitement|gratitude
2399,27,neutral,2|10|27,anger|disapproval|neutral
2400,15,gratitude,2|4|10|22|27,anger|approval|disapproval|realization|neutral
2401,4,approval,10|15|17|24|25,disapproval|gratitude|joy|remorse|sadness
2402,3,annoyance,3|9|17,annoyance|disappointment|joy
2403,25,sadness,7|8|26|27,curiosity|desire|surprise|neutral
2404,26,surprise,0|1|6|11|18|27,admiration|amusement|confusion|disgust|love|neutral
2405,10,disapproval,2|3|4|27,anger|annoyance|approval|neutral
2406,10|27,disapproval|neutral,3|9,annoyance|disappointment
2407,3,annoyance,0|1|3|4|6|9|22,admiration|amusement|annoyance|approval|confusion|disappointment|realization
2408,1|7,amusement|curiosity,4|6|9|13|14|15|20|27,approval|confusion|disappointment|excitement|fear|gratitude|optimism|neutral
2409,26,surprise,0|9|14|17|22|27,admiration|disappointment|fear|joy|realization|neutral
2410,3,annoyance,11|15|27,disgust|gratitude|neutral
2411,27,neutral,4|6|10|20|22|27,approval|confusion|disapproval|optimism|realization|neutral
2412,4|27,approval|neutral,0|3|10|13|17,admiration|annoyance|disapproval|excitement|joy
2413,0,admiration,2|9|17|27,anger|disappointment|joy|neutral
2414,27,neutral,0|4|5|7|17|25|27,admiration|approval|caring|curiosity|joy|sadness|neutral
2415,0,admiration,0|1|4|10|13|15|17|18|26|27,admiration|amusement|approval|disapproval|excitement|gratitude|joy|love|surprise|neutral
2416,27,neutral,3|5|7|8|11|12|15,annoyance|caring|curiosity|desire|disgust|embarrassment|gratitude
2417,7,curiosity,4|6|10|13|15|18|20|27,approval|confusion|disapproval|excitement|gratitude|love|optimism|neutral
2418,27,neutral,2|3|4|9|15,anger|annoyance|approval|disappointment|gratitude
2419,27,neutral,0|1|3|17|18|22,admiration|amusement|annoyance|joy|love|realization
2420,18,love,1|3|6|9|27,amusement|annoyance|confusion|disappointment|neutral
2421,27,neutral,1|3|4|7|15|20,amusement|annoyance|approval|curiosity|gratitude|optimism
2422,17,joy,0|17|25|26|27,admiration|joy|sadness|surprise|neutral
2423,4,approval,0|7|9|14|22|25|27,admiration|curiosity|disappointment|fear|realization|sadness|neutral
2424,27,neutral,0|1|13|15|22,admiration|amusement|excitement|gratitude|realization
2425,12,embarrassment,12|13|15|17|22|24|25,embarrassment|excitement|gratitude|joy|realization|remorse|sadness
2426,6,confusion,1|4|5|7|12|18|27,amusement|approval|caring|curiosity|embarrassment|love|neutral
2427,17|20,joy|optimism,13|20|22|25|27,excitement|optimism|realization|sadness|neutral
2428,14,fear,2|6|8|18|20|25|27,anger|confusion|desire|love|optimism|sadness|neutral
2429,1|10,amusement|disapproval,6|9|18|20|27,confusion|disappointment|love|optimism|neutral
2430,27,neutral,0|27,admiration|neutral
2431,27,neutral,0|6|8|10|20|25,admiration|confusion|desire|disapproval|optimism|sadness
2432,4,approval,0|3|4|5|13|20,admiration|annoyance|approval|caring|excitement|optimism
2433,22,realization,3|6|9|14|20|22|25,annoyance|confusion|disappointment|fear|optimism|realization|sadness
2434,27,neutral,0|4|6|7|9|13|20|22,admiration|approval|confusion|curiosity|disappointment|excitement|optimism|realization
2435,27,neutral,2|12|13|14|17|27,anger|embarrassment|excitement|fear|joy|neutral
2436,4|13,approval|excitement,2|4|7|11|17|18|20|22,anger|approval|curiosity|disgust|joy|love|optimism|realization
2437,13,excitement,0|1|2|10|15|18|25|27,admiration|amusement|anger|disapproval|gratitude|love|sadness|neutral
2438,8,desire,2|9|10|13|27,anger|disappointment|disapproval|excitement|neutral
2439,4,approval,0|4|6|27,admiration|approval|confusion|neutral
2440,21,pride,4|13|17|27,approval|excitement|joy|neutral
2441,15,gratitude,4|6|7|17|22|25,approval|confusion|curiosity|joy|realization|sadness
2442,4|27,approval|neutral,0|1|7|9|10|17|22,admiration|amusement|curiosity|disappointment|disapproval|joy|realization
2443,18,love,4|6|13|15|17|27,approval|confusion|excitement|gratitude|joy|neutral
2444,10,disapproval,2|3|8|9|10|25|26,anger|annoyance|desire|disappointment|disapproval|sadness|surprise
2445,27,neutral,1|4|5|7|20|26|27,amusement|approval|caring|curiosity|optimism|surprise|neutral
2446,27,neutral,1|15|17|18|27,amusement|gratitude|joy|love|neutral
2447,27,neutral,1|4,amusement|approval
2448,17,joy,1|5|7|15|18|24|25|26,amusement|caring|curiosity|gratitude|love|remorse|sadness|surprise
2449,0|15,admiration|gratitude,0|3|10,admiration|annoyance|disapproval
2450,27,neutral,1|9|15|20|27,amusement|disappointment|gratitude|optimism|neutral
2451,15,gratitude,0|6|10|11|13|22|26|27,admiration|confusion|disapproval|disgust|excitement|realization|surprise|neutral
2452,27,neutral,2|3|6|10|15|27,anger|annoyance|confusion|disapproval|gratitude|neutral
2453,27,neutral,0|15|17|20|27,admiration|gratitude|joy|optimism|neutral
2454,1,amusement,0|2|7|15,admiration|anger|curiosity|gratitude
2455,27,neutral,0|2|3|5|10|17|27,admiration|anger|annoyance|caring|disapproval|joy|neutral
2456,9|25,disappointment|sadness,1|7|9|11,amusement|curiosity|disappointment|disgust
2457,13|17,excitement|joy,3|4|9|10|18|22|26|27,annoyance|approval|disappointment|disapproval|love|realization|surprise|neutral
2458,1,amusement,2|7|12|17|18|20|27,anger|curiosity|embarrassment|joy|love|optimism|neutral
2459,6,confusion,4|8|11|20|25|27,approval|desire|disgust|optimism|sadness|neutral
2460,0,admiration,5|13|14|15|18|20|22,caring|excitement|fear|gratitude|love|optimism|realization
2461,9,disappointment,3|4|5|8|25,annoyance|approval|caring|desire|sadness
2462,27,neutral,0|3|7|15|17|22|23,admiration|annoyance|curiosity|gratitude|joy|realization|relief
2463,5,caring,,
2464,10|27,disapproval|neutral,1|4|9|13|15|20,amusement|approval|disappointment|excitement|gratitude|optimism
2465,13,excitement,0|4|6|7|14|15|25|26|27,admiration|approval|confusion|curiosity|fear|gratitude|sadness|surprise|neutral
2466,4|27,approval|neutral,2|6|11|17|27,anger|confusion|disgust|joy|neutral
2467,27,neutral,3|8|9|11|17|18|24|26,annoyance|desire|disappointment|disgust|joy|love|remorse|surprise
2468,5,caring,0|2|3|4|6|13|15|22|25,admiration|anger|annoyance|approval|confusion|excitement|gratitude|realization|sadness
2469,4,approval,0|7|9|18|20|25|27,admiration|curiosity|disappointment|love|optimism|sadness|neutral
2470,4,approval,2|4|5|13|22|25|27,anger|approval|caring|excitement|realization|sadness|neutral
2471,1,amusement,0|11|15|22,admiration|disgust|gratitude|realization
2472,27,neutral,0|3|7|10|22|27,admiration|annoyance|curiosity|disapproval|realization|neutral
2473,4,approval,7|10|13|15|27,curiosity|disapproval|excitement|gratitude|neutral
2474,27,neutral,9|13|18|20|22|25|27,disappointment|excitement|love|optimism|realization|sadness|neutral
2475,23,relief,1|7|17|27,amusement|curiosity|joy|neutral
2476,27,neutral,0|1|2|5|10|15|17|18|22|23|24|25,admiration|amusement|anger|caring|disapproval|gratitude|joy|love|realization|relief|remorse|sadness
2477,27,neutral,0|9|15|18|24|26|27,admiration|disappointment|gratitude|love|remorse|surprise|neutral
2478,18,love,2|9|11|14|17|18|20,anger|disappointment|disgust|fear|joy|love|optimism
2479,24,remorse,2|6|7|13|15|17|20|22|27,anger|confusion|curiosity|excitement|gratitude|joy|optimism|realization|neutral
2480,27,neutral,6|7|8|9|13|15|17|22|27,confusion|curiosity|desire|disappointment|excitement|gratitude|joy|realization|neutral
2481,27,neutral,5|8|27,caring|desire|neutral
2482,3,annoyance,1|5|7|13|15|17|20,amusement|caring|curiosity|excitement|gratitude|joy|optimism
2483,1,amusement,3|6|7|9|10|15|18,annoyance|confusion|curiosity|disappointment|disapproval|gratitude|love
2484,8|20,desire|optimism,4|10|22|27,approval|disapproval|realization|neutral
2485,9,disappointment,1|7|8|10|13|18|20|27,amusement|curiosity|desire|disapproval|excitement|love|optimism|neutral
2486,15,gratitude,1|2|3|7|8|11|14|15|17|22|26,amusement|anger|annoyance|curiosity|desire|disgust|fear|gratitude|joy|realization|surprise
2487,17,joy,0|4|5|6|27,admiration|approval|caring|confusion|neutral
2488,20,optimism,10|13|18|27,disapproval|excitement|love|neutral
2489,3|15,annoyance|gratitude,3|6|20|26|27,annoyance|confusion|optimism|surprise|neutral
2490,3|27,annoyance|neutral,0|4|5|10|17|20|22,admiration|approval|caring|disapproval|joy|optimism|realization
2491,25,sadness,2|4|6|7|22|26|27,anger|approval|confusion|curiosity|realization|surprise|neutral
2492,26,surprise,0|1|2|6|7|9|12|14|17|20|22|26,admiration|amusement|anger|confusion|curiosity|disappointment|embarrassment|fear|joy|optimism|realization|surprise
2493,17,joy,1|2|4|13|14|26,amusement|anger|approval|excitement|fear|surprise
2494,8|25,desire|sadness,0|5|6|11|15|26,admiration|caring|confusion|disgust|gratitude|surprise
2495,0,admiration,1|3|6|13|14|15|18|25|26,amusement|annoyance|confusion|excitement|fear|gratitude|love|sadness|surprise
2496,20,optimism,6|8|10|14|18|20|22|26|27,confusion|desire|disapproval|fear|love|optimism|realization|surprise|neutral
2497,0|15,admiration|gratitude,0|1|3|4|5|6|7|15|17|22,admiration|amusement|annoyance|approval|caring|confusion|curiosity|gratitude|joy|realization
2498,12,embarrassment,1|2|5|7|9|10|11|13|17|22|26,amusement|anger|caring|curiosity|disappointment|disapproval|disgust|excitement|joy|realization|surprise
2499,0,admiration,0|5|20|25|27,admiration|caring|optimism|sadness|neutral
2500,22,realization,1|3|5|7|20|22,amusement|annoyance|caring|curiosity|optimism|realization
2501,1,amusement,1|10|12|15|17|20|22,amusement|disapproval|embarrassment|gratitude|joy|optimism|realization
2502,6,confusion,0|1|6|7|11|13|25,admiration|amusement|confusion|curiosity|disgust|excitement|sadness
2503,10,disapproval,0|2|7|15|17|20|22|24|27,admiration|anger|curiosity|gratitude|joy|optimism|realization|remorse|neutral
2504,0,admiration,1|3|9|27,amusement|annoyance|disappointment|neutral
2505,3|11,annoyance|disgust,2|3|9|10|15|17|20|27,anger|annoyance|disappointment|disapproval|gratitude|joy|optimism|neutral
2506,1,amusement,10|25|27,disapproval|sadness|neutral
2507,11,disgust,3|5|13|15|17|27,annoyance|caring|excitement|gratitude|joy|neutral
2508,27,neutral,0|2|6|7|10|13|14|15|20,admiration|anger|confusion|curiosity|disapproval|excitement|fear|gratitude|optimism
2509,3,annoyance,1|6|13|27,amusement|confusion|excitement|neutral
2510,6,confusion,0|2|3|9|15|20|22|26,admiration|anger|annoyance|disappointment|gratitude|optimism|realization|surprise
2511,2|8,anger|desire,0|4|9|10|17|20|22|25|27,admiration|approval|disappointment|disapproval|joy|optimism|realization|sadness|neutral
2512,4|17,approval|joy,0|1|2|17|18|22|27,admiration|amusement|anger|joy|love|realization|neutral
2513,2|3,anger|annoyance,2|6|8|15|20|22,anger|confusion|desire|gratitude|optimism|realization
2514,15,gratitude,2|7|10|22|24|26|27,anger|curiosity|disapproval|realization|remorse|surprise|neutral
2515,27,neutral,4|6|15|17|18,approval|confusion|gratitude|joy|love
2516,24,remorse,0|1|15|17|22|25|27,admiration|amusement|gratitude|joy|realization|sadness|neutral
2517,3,annoyance,1|5|6|7|8|15|20|26,amusement|caring|confusion|curiosity|desire|gratitude|optimism|surprise
2518,14,fear,0|1|2|4|7|17|22|25,admiration|amusement|anger|approval|curiosity|joy|realization|sadness
2519,27,neutral,0|2|7|9|12|17|20,admiration|anger|curiosity|disappointment|embarrassment|joy|optimism
2520,3,annoyance,2|5|10|11|15|25|27,anger|caring|disapproval|disgust|gratitude|sadness|neutral
2521,17,joy,2|3|4|15|17|27,anger|annoyance|approval|gratitude|joy|neutral
2522,7,curiosity,1|2|3|4|7|8|11|15|22|24,amusement|anger|annoyance|approval|curiosity|desire|disgust|gratitude|realization|remorse
2523,27,neutral,0|6|7|9|20|26,admiration|confusion|curiosity|disappointment|optimism|surprise
2524,7|27,curiosity|neutral,0|10|13|15,admiration|disapproval|excitement|gratitude
2525,25,sadness,0|4|5|14|18|27,admiration|approval|caring|fear|love|neutral
2526,10,disapproval,1|2|4|5|9|18|27,amusement|anger|approval|caring|disappointment|love|neutral
2527,27,neutral,5|9|10|15,caring|disappointment|disapproval|gratitude
2528,15,gratitude,3|4|6|7|14,annoyance|approval|confusion|curiosity|fear
2529,6,confusion,1|4|5|9|10|20|22,amusement|approval|caring|disappointment|disapproval|optimism|realization
2530,18,love,0|2|3|5|8|9|25|26,admiration|anger|annoyance|caring|desire|disappointment|sadness|surprise
2531,7,curiosity,4|9|10|14|17|18|22|25|27,approval|disappointment|disapproval|fear|joy|love|realization|sadness|neutral
2532,0,admiration,1|2|3|4|14|15,amusement|anger|annoyance|approval|fear|gratitude
2533,22|25,realization|sadness,4|7|15,approval|curiosity|gratitude
2534,11,disgust,1|2|7|10|20|22,amusement|anger|curiosity|disapproval|optimism|realization
2535,27,neutral,0|4|6|8|12|14|17,admiration|approval|confusion|desire|embarrassment|fear|joy
2536,4|27,approval|neutral,7|10|15|17|25,curiosity|disapproval|gratitude|joy|sadness
2537,27,neutral,1|2|4|6|11|13|18|22|27,amusement|anger|approval|confusion|disgust|excitement|love|realization|neutral
2538,27,neutral,7|8|22|25|27,curiosity|desire|realization|sadness|neutral
2539,27,neutral,1|2|5|6|11|20|22|25|26|27,amusement|anger|caring|confusion|disgust|optimism|realization|sadness|surprise|neutral
2540,27,neutral,9|11|15|17|18|20|26|27,disappointment|disgust|gratitude|joy|love|optimism|surprise|neutral
2541,14,fear,1|18|22|27,amusement|love|realization|neutral
2542,27,neutral,3|10|13|15|17|18,annoyance|disapproval|excitement|gratitude|joy|love
2543,7,curiosity,0|1|5|7|13|15|18|25|26|27,admiration|amusement|caring|curiosity|excitement|gratitude|love|sadness|surprise|neutral
2544,27,neutral,1|3|7|10|13|17|27,amusement|annoyance|curiosity|disapproval|excitement|joy|neutral
2545,27,neutral,4|10|12|17|26|27,approval|disapproval|embarrassment|joy|surprise|neutral
2546,6,confusion,4|6|7|15|17|20,approval|confusion|curiosity|gratitude|joy|optimism
2547,26,surprise,5|6|8|10|17|18|20|25,caring|confusion|desire|disapproval|joy|love|optimism|sadness
2548,27,neutral,0|11|17|26,admiration|disgust|joy|surprise
2549,27,neutral,0|2|4|6|27,admiration|anger|approval|confusion|neutral
2550,27,neutral,0|4|5|7|15|17|25,admiration|approval|caring|curiosity|gratitude|joy|sadness
2551,8,desire,2|3|5|14|18|22|27,anger|annoyance|caring|fear|love|realization|neutral
2552,27,neutral,1|6|7|22|25,amusement|confusion|curiosity|realization|sadness
2553,0,admiration,6|8|9|15|20|27,confusion|desire|disappointment|gratitude|optimism|neutral
2554,27,neutral,1|2|11|15|27,amusement|anger|disgust|gratitude|neutral
2555,27,neutral,0|2|6|7|18|25|26,admiration|anger|confusion|curiosity|love|sadness|surprise
2556,15,gratitude,0|6|15|25|26,admiration|confusion|gratitude|sadness|surprise
2557,27,neutral,3|15|17|20|22,annoyance|gratitude|joy|optimism|realization
2558,10|26,disapproval|surprise,0|3|4|26|27,admiration|annoyance|approval|surprise|neutral
2559,20,optimism,2|3|4|5|6|8|13|15|17|18|19,anger|annoyance|approval|caring|confusion|desire|excitement|gratitude|joy|love|nervousness
2560,2|3,anger|annoyance,0|3|15|20|27,admiration|annoyance|gratitude|optimism|neutral
2561,27,neutral,2|11|17|22|25|27,anger|disgust|joy|realization|sadness|neutral
2562,27,neutral,1|7|10|15|18|24,amusement|curiosity|disapproval|gratitude|love|remorse
2563,4|23,approval|relief,0|1|6|27,admiration|amusement|confusion|neutral
2564,3,annoyance,3|5|6|7|13|18|26,annoyance|caring|confusion|curiosity|excitement|love|surprise
2565,11|20,disgust|optimism,2|3|4|5|10|14|15|26,anger|annoyance|approval|caring|disapproval|fear|gratitude|surprise
2566,27,neutral,1|4|5|7|9|11|12|13|14|17,amusement|approval|caring|curiosity|disappointment|disgust|embarrassment|excitement|fear|joy
2567,0,admiration,0|3|6,admiration|annoyance|confusion
2568,4|15,approval|gratitude,1|3|5|9|15|18|25|26,amusement|annoyance|caring|disappointment|gratitude|love|sadness|surprise
2569,27,neutral,0|2|5|10|20|22|27,admiration|anger|caring|disapproval|optimism|realization|neutral
2570,27,neutral,0|1|4|11|18,admiration|amusement|approval|disgust|love
2571,4|5,approval|caring,0|2|3|6|10|17|20|26,admiration|anger|annoyance|confusion|disapproval|joy|optimism|surprise
2572,20,optimism,1|4|6|15|17|25|27,amusement|approval|confusion|gratitude|joy|sadness|neutral
2573,2|18,anger|love,0|4|7|9|13|17|18,admiration|approval|curiosity|disappointment|excitement|joy|love
2574,9,disappointment,3|9|15|27,annoyance|disappointment|gratitude|neutral
2575,15,gratitude,0|2|5|8|9|11|15|18|22|24|27,admiration|anger|caring|desire|disappointment|disgust|gratitude|love|realization|remorse|neutral
2576,0|1,admiration|amusement,0|1|2|6|9|13|15|25|27,admiration|amusement|anger|confusion|disappointment|excitement|gratitude|sadness|neutral
2577,27,neutral,2|3|9|11|25|27,anger|annoyance|disappointment|disgust|sadness|neutral
2578,0,admiration,1|3|4|5|15|18,amusement|annoyance|approval|caring|gratitude|love
2579,25,sadness,0|1|2|3|9|10|13|26,admiration|amusement|anger|annoyance|disappointment|disapproval|excitement|surprise
2580,17,joy,2|4|5|10|22,anger|approval|caring|disapproval|realization
2581,27,neutral,0|7|10|19|20|27,admiration|curiosity|disapproval|nervousness|optimism|neutral
2582,10,disapproval,2|3|4|9|10|15|18|22,anger|annoyance|approval|disappointment|disapproval|gratitude|love|realization
2583,10,disapproval,5|6|9|20|22|25|27,caring|confusion|disappointment|optimism|realization|sadness|neutral
2584,0|15,admiration|gratitude,3|10|15|26|27,annoyance|disapproval|gratitude|surprise|neutral
2585,0|15,admiration|gratitude,0|2|3|5|18|25,admiration|anger|annoyance|caring|love|sadness
2586,27,neutral,6|7|17,confusion|curiosity|joy
2587,20,optimism,1|2|9|10|13|15|17|22|25,amusement|anger|disappointment|disapproval|excitement|gratitude|joy|realization|sadness
2588,27,neutral,0|8|11|12|24,admiration|desire|disgust|embarrassment|remorse
2589,15,gratitude,0|2|4|7|10|13|18|25|26,admiration|anger|approval|curiosity|disapproval|excitement|love|sadness|surprise
2590,27,neutral,4|6|7|8|13|25|27,approval|confusion|curiosity|desire|excitement|sadness|neutral
2591,27,neutral,1|3|4|6|7|13|24|25,amusement|annoyance|approval|confusion|curiosity|excitement|remorse|sadness
2592,4,approval,10|15|22,disapproval|gratitude|realization
2593,9|10,disappointment|disapproval,0|8|10|15|27,admiration|desire|disapproval|gratitude|neutral
2594,15,gratitude,1|3|9|10|15|17|18|19|20|22,amusement|annoyance|disappointment|disapproval|gratitude|joy|love|nervousness|optimism|realization
2595,10,disapproval,2|5|17|26|27,anger|caring|joy|surprise|neutral
2596,27,neutral,0|2|4|5|9|13|20|27,admiration|anger|approval|caring|disappointment|excitement|optimism|neutral
2597,1,amusement,0|7|10|12|18|20|22,admiration|curiosity|disapproval|embarrassment|love|optimism|realization
2598,6,confusion,1|3|5|18|25,amusement|annoyance|caring|love|sadness
2599,27,neutral,7|9|17|18|20|24,curiosity|disappointment|joy|love|optimism|remorse
2600,27,neutral,0|1|4|9|11|13,admiration|amusement|approval|disappointment|disgust|excitement
2601,3|25,annoyance|sadness,3|4|6|7|15|24|27,annoyance|approval|confusion|curiosity|gratitude|remorse|neutral
2602,13|17,excitement|joy,3|6|9|18|27,annoyance|confusion|disappointment|love|neutral
2603,27,neutral,13|18|20|27,excitement|love|optimism|neutral
2604,4|9|20,approval|disappointment|optimism,0|3|7|9|10|13|14|15|18|20|25|26,admiration|annoyance|curiosity|disappointment|disapproval|excitement|fear|gratitude|love|optimism|sadness|surprise
2605,5,caring,1|3|8|17|20|26|27,amusement|annoyance|desire|joy|optimism|surprise|neutral
2606,14,fear,9|10|15|17|24|25,disappointment|disapproval|gratitude|joy|remorse|sadness
2607,6,confusion,2|9|10|13|17|25|27,anger|disappointment|disapproval|excitement|joy|sadness|neutral
2608,13,excitement,3|10|26,annoyance|disapproval|surprise
2609,27,neutral,1|3|11|15|18|24|25,amusement|annoyance|disgust|gratitude|love|remorse|sadness
2610,9,disappointment,0|10|11|25|27,admiration|disapproval|disgust|sadness|neutral
2611,8,desire,1|5|6|7|9|11|15|18|20|22|25|26,amusement|caring|confusion|curiosity|disappointment|disgust|gratitude|love|optimism|realization|sadness|surprise
2612,1,amusement,0|4|6|10|11|15|25,admiration|approval|confusion|disapproval|disgust|gratitude|sadness
2613,27,neutral,0|2|3|6|10|11|14|17|25,admiration|anger|annoyance|confusion|disapproval|disgust|fear|joy|sadness
2614,17|18,joy|love,1|3|7|8|9|13|14|15|26,amusement|annoyance|curiosity|desire|disappointment|excitement|fear|gratitude|surprise
2615,27,neutral,0|4|5|9|10|11|13|15|17,admiration|approval|caring|disappointment|disapproval|disgust|excitement|gratitude|joy
2616,15,gratitude,0|2|3|6|18|25|27,admiration|anger|annoyance|confusion|love|sadness|neutral
2617,1|15,amusement|gratitude,2|3|5|10|25,anger|annoyance|caring|disapproval|sadness
2618,4|17,approval|joy,3|10|12|15|21|24,annoyance|disapproval|embarrassment|gratitude|pride|remorse
2619,0|27,admiration|neutral,6|7|18|22|24|25,confusion|curiosity|love|realization|remorse|sadness
2620,27,neutral,4|6|15|18|25,approval|confusion|gratitude|love|sadness
2621,10,disapproval,10|13|15|22|27,disapproval|excitement|gratitude|realization|neutral
2622,0,admiration,11|15|20|22|27,disgust|gratitude|optimism|realization|neutral
2623,1|27,amusement|neutral,1|7|9|10|11|15|27,amusement|curiosity|disappointment|disapproval|disgust|gratitude|neutral
2624,15,gratitude,2|3|9|10|13|15|17|19,anger|annoyance|disappointment|disapproval|excitement|gratitude|joy|nervousness
2625,7,curiosity,1|25|27,amusement|sadness|neutral
2626,17,joy,1|15,amusement|gratitude
2627,27,neutral,1|3|4|6|17|25|27,amusement|annoyance|approval|confusion|joy|sadness|neutral
2628,0,admiration,0|4|20|24|27,admiration|approval|optimism|remorse|neutral
2629,1,amusement,1|2|4|7|9|13|15|26,amusement|anger|approval|curiosity|disappointment|excitement|gratitude|surprise
2630,27,neutral,4|5|7|8|15|18|25|26,approval|caring|curiosity|desire|gratitude|love|sadness|surprise
2631,1|18,amusement|love,0|7|10|15|18,admiration|curiosity|disapproval|gratitude|love
2632,27,neutral,6|7|11|13|20,confusion|curiosity|disgust|excitement|optimism
2633,0,admiration,0|2|4|10|27,admiration|anger|approval|disapproval|neutral
2634,5|25,caring|sadness,1|4|18|25|26|27,amusement|approval|love|sadness|surprise|neutral
2635,2,anger,4|6|7|17|26,approval|confusion|curiosity|joy|surprise
2636,7,curiosity,2|11|15|20|22,anger|disgust|gratitude|optimism|realization
2637,20,optimism,9|10|11|22|27,disappointment|disapproval|disgust|realization|neutral
2638,2|8|18,anger|desire|love,0|1|3|9|13|17|27,admiration|amusement|annoyance|disappointment|excitement|joy|neutral
2639,0|27,admiration|neutral,0|1|2|3|17|25|26|27,admiration|amusement|anger|annoyance|joy|sadness|surprise|neutral
2640,8|20,desire|optimism,0|1|9|11|12|18|20|22|27,admiration|amusement|disappointment|disgust|embarrassment|love|optimism|realization|neutral
2641,0,admiration,1|6|7|10|11|15|17|22,amusement|confusion|curiosity|disapproval|disgust|gratitude|joy|realization
2642,11,disgust,0|1|3|4|15|25,admiration|amusement|annoyance|approval|gratitude|sadness
2643,27,neutral,0|1|10|13|15|17|26,admiration|amusement|disapproval|excitement|gratitude|joy|surprise
2644,27,neutral,0|1|2|6|7|9|20|25|27,admiration|amusement|anger|confusion|curiosity|disappointment|optimism|sadness|neutral
2645,22,realization,5|9|10|11|15|18|25,caring|disappointment|disapproval|disgust|gratitude|love|sadness
2646,25,sadness,2|3|10|15|17|22|25,anger|annoyance|disapproval|gratitude|joy|realization|sadness
2647,4|27,approval|neutral,1|4|5|7|12|15|18|22|26,amusement|approval|caring|curiosity|embarrassment|gratitude|love|realization|surprise
2648,22,realization,2|5|13|15|17|20|24|27,anger|caring|excitement|gratitude|joy|optimism|remorse|neutral
2649,27,neutral,0|1|2|3|6|7|17|18|26|27,admiration|amusement|anger|annoyance|confusion|curiosity|joy|love|surprise|neutral
2650,27,neutral,3|7|20|27,annoyance|curiosity|optimism|neutral
2651,27,neutral,1|2|3|9|15|17,amusement|anger|annoyance|disappointment|gratitude|joy
2652,23,relief,1|2|4|13|18|25|27,amusement|anger|approval|excitement|love|sadness|neutral
2653,15|17,gratitude|joy,0|4|7|9|10|17|18|26,admiration|approval|curiosity|disappointment|disapproval|joy|love|surprise
2654,1,amusement,1|9|12|14|25|27,amusement|disappointment|embarrassment|fear|sadness|neutral
2655,26,surprise,2|10|15|27,anger|disapproval|gratitude|neutral
2656,7|27,curiosity|neutral,0|5|6|8|11|15|17|20|24,admiration|caring|confusion|desire|disgust|gratitude|joy|optimism|remorse
2657,0,admiration,2|3|10|13|18|20|27,anger|annoyance|disapproval|excitement|love|optimism|neutral
2658,2,anger,0|2|8|10|18|27,admiration|anger|desire|disapproval|love|neutral
2659,15,gratitude,4|17|18|27,approval|joy|love|neutral
2660,1,amusement,0|2|7|11|15|17|18|20|22,admiration|anger|curiosity|disgust|gratitude|joy|love|optimism|realization
2661,20,optimism,2|6|9|14|15|25|27,anger|confusion|disappointment|fear|gratitude|sadness|neutral
2662,27,neutral,0|4|8|10|13|18|20|27,admiration|approval|desire|disapproval|excitement|love|optimism|neutral
2663,27,neutral,1|2|4|17,amusement|anger|approval|joy
2664,27,neutral,0|2|4|5|8|10|25|27,admiration|anger|approval|caring|desire|disapproval|sadness|neutral
2665,27,neutral,0|5|6|7|10|11|14|17|20,admiration|caring|confusion|curiosity|disapproval|disgust|fear|joy|optimism
2666,6|7,confusion|curiosity,0|4|12|15|27,admiration|approval|embarrassment|gratitude|neutral
2667,0,admiration,2|5|7|15,anger|caring|curiosity|gratitude
2668,27,neutral,0|5|8|13|15|25|27,admiration|caring|desire|excitement|gratitude|sadness|neutral
2669,27,neutral,3|9|11|14|18|24|27,annoyance|disappointment|disgust|fear|love|remorse|neutral
2670,27,neutral,0|3|4|5|10|18|25,admiration|annoyance|approval|caring|disapproval|love|sadness
2671,27,neutral,2|9|10|14|18|27,anger|disappointment|disapproval|fear|love|neutral
2672,1|17,amusement|joy,10|11|15|18|20,disapproval|disgust|gratitude|love|optimism
2673,27,neutral,1|2|5|10|14|27,amusement|anger|caring|disapproval|fear|neutral
2674,7,curiosity,0|2|6|7|9|15|17|20|24|25,admiration|anger|confusion|curiosity|disappointment|gratitude|joy|optimism|remorse|sadness
2675,15,gratitude,2|4|6|7|11|22|25,anger|approval|confusion|curiosity|disgust|realization|sadness
2676,27,neutral,0|1|3|4|14|15|18|22|26,admiration|amusement|annoyance|approval|fear|gratitude|love|realization|surprise
2677,20,optimism,0|1|3|5|10|20|26,admiration|amusement|annoyance|caring|disapproval|optimism|surprise
2678,0|20,admiration|optimism,0|4|11|13|20,admiration|approval|disgust|excitement|optimism
2679,0|13|20,admiration|excitement|optimism,0|4|17|23|27,admiration|approval|joy|relief|neutral
2680,27,neutral,0|1|13|26,admiration|amusement|excitement|surprise
2681,10|22,disapproval|realization,1|2|4|7|8|10|13|18|20,amusement|anger|approval|curiosity|desire|disapproval|excitement|love|optimism
2682,13,excitement,0|1|4|25,admiration|amusement|approval|sadness
2683,3|11,annoyance|disgust,0|4|6|11|15|25,admiration|approval|confusion|disgust|gratitude|sadness
2684,15,gratitude,3|7|10|13|17|26|27,annoyance|curiosity|disapproval|excitement|joy|surprise|neutral
2685,25,sadness,4|6|7|15|18,approval|confusion|curiosity|gratitude|love
2686,17,joy,3|4|5|6|9|13|25|26,annoyance|approval|caring|confusion|disappointment|excitement|sadness|surprise
2687,2|3,anger|annoyance,6|7|11|18|22|24|25|26,confusion|curiosity|disgust|love|realization|remorse|sadness|surprise
2688,0,admiration,4|6|7|9|10|27,approval|confusion|curiosity|disappointment|disapproval|neutral
2689,10,disapproval,2|3|5|7|10|11|13|14|17,anger|annoyance|caring|curiosity|disapproval|disgust|excitement|fear|joy
2690,6,confusion,0|9|10|14|15|25|26|27,admiration|disappointment|disapproval|fear|gratitude|sadness|surprise|neutral
2691,18,love,1|2|3|5|7|9|11|14|15|17|20|22|25|26,amusement|anger|annoyance|caring|curiosity|disappointment|disgust|fear|gratitude|joy|optimism|realization|sadness|surprise
2692,27,neutral,0|7|17|22|26|27,admiration|curiosity|joy|realization|surprise|neutral
2693,3,annoyance,0|3|9|10|11|27,admiration|annoyance|disappointment|disapproval|disgust|neutral
2694,27,neutral,0|1|2|4|6|13|18,admiration|amusement|anger|approval|confusion|excitement|love
2695,13,excitement,0|1|2|9|13|15|18|20|26,admiration|amusement|anger|disappointment|excitement|gratitude|love|optimism|surprise
2696,13,excitement,5|10|20|22,caring|disapproval|optimism|realization
2697,4,approval,10|11|18|20|27,disapproval|disgust|love|optimism|neutral
2698,3,annoyance,3|7|14|22|26|27,annoyance|curiosity|fear|realization|surprise|neutral
2699,5,caring,0|5|13|27,admiration|caring|excitement|neutral
2700,15|18,gratitude|love,1|4|6|15|18|22|25|26,amusement|approval|confusion|gratitude|love|realization|sadness|surprise
2701,27,neutral,3|4|5|13|27,annoyance|approval|caring|excitement|neutral
2702,0,admiration,4|6|7|10|13|20|22|26,approval|confusion|curiosity|disapproval|excitement|optimism|realization|surprise
2703,0,admiration,0|3|4|5|6|7|8|9|10|13|18|25|26,admiration|annoyance|approval|caring|confusion|curiosity|desire|disappointment|disapproval|excitement|love|sadness|surprise
2704,2|27,anger|neutral,1|7|25|27,amusement|curiosity|sadness|neutral
2705,20,optimism,0|1|2|4|5|7|10|17|18|25,admiration|amusement|anger|approval|caring|curiosity|disapproval|joy|love|sadness
2706,27,neutral,2|3|11|17,anger|annoyance|disgust|joy
2707,8,desire,3|7|10|22|27,annoyance|curiosity|disapproval|realization|neutral
2708,11,disgust,1|9|11|15|20|27,amusement|disappointment|disgust|gratitude|optimism|neutral
2709,15,gratitude,2|4|5|9|11|15|18|20,anger|approval|caring|disappointment|disgust|gratitude|love|optimism
2710,18,love,0|7|14|15|25|27,admiration|curiosity|fear|gratitude|sadness|neutral
2711,5,caring,0|3|5|7|11|15|17|20|26,admiration|annoyance|caring|curiosity|disgust|gratitude|joy|optimism|surprise
2712,15,gratitude,0|3|7|15|18|22|27,admiration|annoyance|curiosity|gratitude|love|realization|neutral
2713,27,neutral,1|2|5|6|7|20|26|27,amusement|anger|caring|confusion|curiosity|optimism|surprise|neutral
2714,15,gratitude,1|7|9|10|12|15|25|27,amusement|curiosity|disappointment|disapproval|embarrassment|gratitude|sadness|neutral
2715,27,neutral,1|2|7|8|9|13|14|18|24,amusement|anger|curiosity|desire|disappointment|excitement|fear|love|remorse
2716,0,admiration,0|4|7|11|13|15|25,admiration|approval|curiosity|disgust|excitement|gratitude|sadness
2717,27,neutral,1|3|4|9|10|17|18|20,amusement|annoyance|approval|disappointment|disapproval|joy|love|optimism
2718,1,amusement,1|4|5|20|27,amusement|approval|caring|optimism|neutral
2719,5,caring,7|15|18|20|22|25|27,curiosity|gratitude|love|optimism|realization|sadness|neutral
2720,8,desire,0|5|6|13|22|25|26|27,admiration|caring|confusion|excitement|realization|sadness|surprise|neutral
2721,6|26,confusion|surprise,1|3|9|12|27,amusement|annoyance|disappointment|embarrassment|neutral
2722,10,disapproval,0|4|9|10|20|27,admiration|approval|disappointment|disapproval|optimism|neutral
2723,7,curiosity,2|3|7|9|17|18|22|25|27,anger|annoyance|curiosity|disappointment|joy|love|realization|sadness|neutral
2724,27,neutral,9|11|17|18|20|26,disappointment|disgust|joy|love|optimism|surprise
2725,4,approval,27,neutral
2726,27,neutral,0|2|3|4|6|13|17|25|27,admiration|anger|annoyance|approval|confusion|excitement|joy|sadness|neutral
2727,15,gratitude,1|4|10|15|17|25|27,amusement|approval|disapproval|gratitude|joy|sadness|neutral
2728,13,excitement,1|3|7|9|10|13|20|22,amusement|annoyance|curiosity|disappointment|disapproval|excitement|optimism|realization
2729,25,sadness,1|3|6|8|9|15|18,amusement|annoyance|confusion|desire|disappointment|gratitude|love
2730,10,disapproval,0|3|4|10|11|18|20|24,admiration|annoyance|approval|disapproval|disgust|love|optimism|remorse
2731,26,surprise,4|6|17|22|26|27,approval|confusion|joy|realization|surprise|neutral
2732,27,neutral,0|4|10|15|17|20|24|27,admiration|approval|disapproval|gratitude|joy|optimism|remorse|neutral
2733,27,neutral,1|3|5|6|18|27,amusement|annoyance|caring|confusion|love|neutral
2734,0,admiration,3|5|10|13|26|27,annoyance|caring|disapproval|excitement|surprise|neutral
2735,18,love,2|3|6|13|27,anger|annoyance|confusion|excitement|neutral
2736,20,optimism,0|1|2|15|17|18|22,admiration|amusement|anger|gratitude|joy|love|realization
2737,27,neutral,5|6|7|11|13|15|17|25,caring|confusion|curiosity|disgust|excitement|gratitude|joy|sadness
2738,26,surprise,1|4|19|20,amusement|approval|nervousness|optimism
2739,3,annoyance,1|11|18|26|27,amusement|disgust|love|surprise|neutral
2740,15,gratitude,0|11|14|15|17|20|22|27,admiration|disgust|fear|gratitude|joy|optimism|realization|neutral
2741,27,neutral,7|13|27,curiosity|excitement|neutral
2742,15,gratitude,0|1|3|7|11|18|24,admiration|amusement|annoyance|curiosity|disgust|love|remorse
2743,4|27,approval|neutral,0|3|4|6|7|14|15|25,admiration|annoyance|approval|confusion|curiosity|fear|gratitude|sadness
2744,27,neutral,3|5|10|11|14|22,annoyance|caring|disapproval|disgust|fear|realization
2745,27,neutral,0|3|20|27,admiration|annoyance|optimism|neutral
2746,27,neutral,0|2|5|15|17|22|26|27,admiration|anger|caring|gratitude|joy|realization|surprise|neutral
2747,27,neutral,0|3|11|15|18|20,admiration|annoyance|disgust|gratitude|love|optimism
2748,27,neutral,1|6|7|11|17|18|20|25|27,amusement|confusion|curiosity|disgust|joy|love|optimism|sadness|neutral
2749,3,annoyance,0|1|24|26|27,admiration|amusement|remorse|surprise|neutral
2750,9,disappointment,1|5|8|20,amusement|caring|desire|optimism
2751,15,gratitude,1|2|3|5|6|7|13|15|18,amusement|anger|annoyance|caring|confusion|curiosity|excitement|gratitude|love
2752,1,amusement,10|15|25,disapproval|gratitude|sadness
2753,7,curiosity,0|2|10|17|22,admiration|anger|disapproval|joy|realization
2754,27,neutral,0|1|7|17|22,admiration|amusement|curiosity|joy|realization
2755,20,optimism,1|4|9|13|14|15|19|20|26,amusement|approval|disappointment|excitement|fear|gratitude|nervousness|optimism|surprise
2756,1|17,amusement|joy,4|5|6|7|8|9|12|15|17|20,approval|caring|confusion|curiosity|desire|disappointment|embarrassment|gratitude|joy|optimism
2757,0,admiration,0|1|4|9|10|15|25,admiration|amusement|approval|disappointment|disapproval|gratitude|sadness
2758,14,fear,2|10|23,anger|disapproval|relief
2759,26,surprise,1|4|6|7|8|11|12|15|18|20|26,amusement|approval|confusion|curiosity|desire|disgust|embarrassment|gratitude|love|optimism|surprise
2760,10,disapproval,0|1|2|6|10|13|17|20|24,admiration|amusement|anger|confusion|disapproval|excitement|joy|optimism|remorse
2761,4,approval,2|3|4|10|11|27,anger|annoyance|approval|disapproval|disgust|neutral
2762,27,neutral,1|2|5|6|10|15|18|20|24,amusement|anger|caring|confusion|disapproval|gratitude|love|optimism|remorse
2763,4|23,approval|relief,3|11|18|22|25|27,annoyance|disgust|love|realization|sadness|neutral
2764,27,neutral,0|1|3|8|13|20|27,admiration|amusement|annoyance|desire|excitement|optimism|neutral
2765,20,optimism,4|5|7|14|17|20|25,approval|caring|curiosity|fear|joy|optimism|sadness
2766,27,neutral,1|6|8|10|14|15|18|22|25,amusement|confusion|desire|disapproval|fear|gratitude|love|realization|sadness
2767,24,remorse,0|2|3|18|26|27,admiration|anger|annoyance|love|surprise|neutral
2768,3|10,annoyance|disapproval,4|7|11|18|27,approval|curiosity|disgust|love|neutral
2769,6|9,confusion|disappointment,3|4|10|14|15|17|22,annoyance|approval|disapproval|fear|gratitude|joy|realization
2770,1,amusement,0|5|7|10|15|17|25|26|27,admiration|caring|curiosity|disapproval|gratitude|joy|sadness|surprise|neutral
2771,27,neutral,0|4|9|17|23|27,admiration|approval|disappointment|joy|relief|neutral
2772,27,neutral,0|1|2|9|10|25|27,admiration|amusement|anger|disappointment|disapproval|sadness|neutral
2773,0|15,admiration|gratitude,5|18,caring|love
2774,10,disapproval,0|1|3|4|9|10|11|17|20,admiration|amusement|annoyance|approval|disappointment|disapproval|disgust|joy|optimism
2775,18,love,3|12|13|15|18|20|27,annoyance|embarrassment|excitement|gratitude|love|optimism|neutral
2776,3,annoyance,6|13|15|26|27,confusion|excitement|gratitude|surprise|neutral
2777,10,disapproval,1|6|10|13|15|17|20|22|25|26,amusement|confusion|disapproval|excitement|gratitude|joy|optimism|realization|sadness|surprise
2778,27,neutral,5|15|25,caring|gratitude|sadness
2779,27,neutral,0|1|3|6|17|18|25,admiration|amusement|annoyance|confusion|joy|love|sadness
2780,27,neutral,7|18|27,curiosity|love|neutral
2781,20,optimism,0|3|4|10|15|27,admiration|annoyance|approval|disapproval|gratitude|neutral
2782,4,approval,1|2|7|18|27,amusement|anger|curiosity|love|neutral
2783,3,annoyance,3|9|13|14|18|22|25,annoyance|disappointment|excitement|fear|love|realization|sadness
2784,6,confusion,1|5|6|11|15,amusement|caring|confusion|disgust|gratitude
2785,15,gratitude,2|4|7|10|13,anger|approval|curiosity|disapproval|excitement
2786,0|4,admiration|approval,4|6|7|9|10|11|15|17|22|26,approval|confusion|curiosity|disappointment|disapproval|disgust|gratitude|joy|realization|surprise
2787,2,anger,3|5|6|7|22|27,annoyance|caring|confusion|curiosity|realization|neutral
2788,0|18|26,admiration|love|surprise,3|9|10|14|18|19,annoyance|disappointment|disapproval|fear|love|nervousness
2789,27,neutral,6|18|26,confusion|love|surprise
2790,4,approval,2|15|20|25,anger|gratitude|optimism|sadness
2791,4,approval,0|4|5|17|20|25,admiration|approval|caring|joy|optimism|sadness
2792,27,neutral,5|6|8|14|18|25|27,caring|confusion|desire|fear|love|sadness|neutral
2793,27,neutral,1|6|7|11|13|15,amusement|confusion|curiosity|disgust|excitement|gratitude
2794,27,neutral,1|3|4|6|7|15|18,amusement|annoyance|approval|confusion|curiosity|gratitude|love
2795,15,gratitude,0|1|10|18|26|27,admiration|amusement|disapproval|love|surprise|neutral
2796,24,remorse,0|2|3|4|7|8|9|20|25|26,admiration|anger|annoyance|approval|curiosity|desire|disappointment|optimism|sadness|surprise
2797,3,annoyance,1|4|10|13|15|17|18|20|27,amusement|approval|disapproval|excitement|gratitude|joy|love|optimism|neutral
2798,27,neutral,0|3|5|7|9|10|12|13|17|18|20|26,admiration|annoyance|caring|curiosity|disappointment|disapproval|embarrassment|excitement|joy|love|optimism|surprise
2799,1,amusement,3|4|9|14|15|17|22|27,annoyance|approval|disappointment|fear|gratitude|joy|realization|neutral
2800,17,joy,6|11|15|27,confusion|disgust|gratitude|neutral
2801,27,neutral,0|5|6|17|20|26|27,admiration|caring|confusion|joy|optimism|surprise|neutral
2802,3|27,annoyance|neutral,1|3|4|7|17|25|26|27,amusement|annoyance|approval|curiosity|joy|sadness|surprise|neutral
2803,4,approval,1|4|7|15|18|20,amusement|approval|curiosity|gratitude|love|optimism
2804,6|7,confusion|curiosity,4|5|7|8|26,approval|caring|curiosity|desire|surprise
2805,6,confusion,2|8|14|17|18|20|27,anger|desire|fear|joy|love|optimism|neutral
2806,0|22,admiration|realization,4|6|13|17|18|24,approval|confusion|excitement|joy|love|remorse
2807,10,disapproval,1|3|4|15|18|27,amusement|annoyance|approval|gratitude|love|neutral
2808,4,approval,1|2|4|9|10|11|18|20|22,amusement|anger|approval|disappointment|disapproval|disgust|love|optimism|realization
2809,2,anger,6|7|17|22|24|25,confusion|curiosity|joy|realization|remorse|sadness
2810,1,amusement,2|4|5|6|10|14|18|20|25,anger|approval|caring|confusion|disapproval|fear|love|optimism|sadness
2811,27,neutral,2|4|13|17|27,anger|approval|excitement|joy|neutral
2812,15|20,gratitude|optimism,1|2|9|13|18|25|27,amusement|anger|disappointment|excitement|love|sadness|neutral
2813,3,annoyance,4|6|7|26|27,approval|confusion|curiosity|surprise|neutral
2814,3,annoyance,1|4|6|10|17|27,amusement|approval|confusion|disapproval|joy|neutral
2815,23,relief,1|4|7|13|15|25|27,amusement|approval|curiosity|excitement|gratitude|sadness|neutral
2816,27,neutral,1|2|4|5|18|20|27,amusement|anger|approval|caring|love|optimism|neutral
2817,27,neutral,0|2|5|10|13|15|22,admiration|anger|caring|disapproval|excitement|gratitude|realization
2818,9|25,disappointment|sadness,0|1|3|4|9|10|15|18|20,admiration|amusement|annoyance|approval|disappointment|disapproval|gratitude|love|optimism
2819,4,approval,5|9|15|18|27,caring|disappointment|gratitude|love|neutral
2820,1,amusement,7|11|13|25,curiosity|disgust|excitement|sadness
2821,2|3,anger|annoyance,0|1|2|5|7|9|13|14|18|20|25|26,admiration|amusement|anger|caring|curiosity|disappointment|excitement|fear|love|optimism|sadness|surprise
2822,0,admiration,0|7|10|14|15|18,admiration|curiosity|disapproval|fear|gratitude|love
2823,3|27,annoyance|neutral,2|3|5|10|17|20|22|27,anger|annoyance|caring|disapproval|joy|optimism|realization|neutral
2824,10,disapproval,2|9|10|22|25|27,anger|disappointment|disapproval|realization|sadness|neutral
2825,27,neutral,5|6|11|15|18|22|25|26|27,caring|confusion|disgust|gratitude|love|realization|sadness|surprise|neutral
2826,17,joy,1|3|4|9|10|15|16|24|25,amusement|annoyance|approval|disappointment|disapproval|gratitude|grief|remorse|sadness
2827,4|25,approval|sadness,0|1|4|15|17,admiration|amusement|approval|gratitude|joy
2828,13,excitement,1|3|4|6|11,amusement|annoyance|approval|confusion|disgust
2829,4,approval,4|7|9|13|17|18|20,approval|curiosity|disappointment|excitement|joy|love|optimism
2830,15,gratitude,0|26,admiration|surprise
2831,22,realization,3|4|5|6|7|18|22|27,annoyance|approval|caring|confusion|curiosity|love|realization|neutral
2832,4,approval,1|3|4|9|10|13|18,amusement|annoyance|approval|disappointment|disapproval|excitement|love
2833,22,realization,6|18|27,confusion|love|neutral
2834,4|15,approval|gratitude,3|6|10|11|15|19|20|27,annoyance|confusion|disapproval|disgust|gratitude|nervousness|optimism|neutral
2835,27,neutral,0|2|7|20|22|26|27,admiration|anger|curiosity|optimism|realization|surprise|neutral
2836,27,neutral,0|1|4|5|6,admiration|amusement|approval|caring|confusion
2837,27,neutral,7|8|10|15|26|27,curiosity|desire|disapproval|gratitude|surprise|neutral
2838,18,love,1|2|3|4|6|11|15|26|27,amusement|anger|annoyance|approval|confusion|disgust|gratitude|surprise|neutral
2839,27,neutral,1|3|4|7|15|24,amusement|annoyance|approval|curiosity|gratitude|remorse
2840,3|27,annoyance|neutral,0|5|6|7|9|15|17|18,admiration|caring|confusion|curiosity|disappointment|gratitude|joy|love
2841,27,neutral,1|4|10|15|17|24|27,amusement|approval|disapproval|gratitude|joy|remorse|neutral
2842,11,disgust,1|5|6|7|10|15|17|22|24|26,amusement|caring|confusion|curiosity|disapproval|gratitude|joy|realization|remorse|surprise
2843,9,disappointment,2|3|6|11|14|18|24,anger|annoyance|confusion|disgust|fear|love|remorse
2844,14,fear,10|15|18|22|26|27,disapproval|gratitude|love|realization|surprise|neutral
2845,20,optimism,3|10|15,annoyance|disapproval|gratitude
2846,27,neutral,1|7|11|15|27,amusement|curiosity|disgust|gratitude|neutral
2847,15,gratitude,2|4|5|7|17|18|20|22|27,anger|approval|caring|curiosity|joy|love|optimism|realization|neutral
2848,18,love,0|3|10|13|17|18|26,admiration|annoyance|disapproval|excitement|joy|love|surprise
2849,10,disapproval,0|1|15|17|27,admiration|amusement|gratitude|joy|neutral
2850,18,love,0|1|4|6|7|9|15|17,admiration|amusement|approval|confusion|curiosity|disappointment|gratitude|joy
2851,27,neutral,0|17|18|27,admiration|joy|love|neutral
2852,4,approval,5|8|9|13|14|15|18|27,caring|desire|disappointment|excitement|fear|gratitude|love|neutral
2853,27,neutral,5|10|11|13|17|18|20|26,caring|disapproval|disgust|excitement|joy|love|optimism|surprise
2854,7,curiosity,4|6|7|10|15|17|18|22|26,approval|confusion|curiosity|disapproval|gratitude|joy|love|realization|surprise
2855,15,gratitude,0|4|7|9|17|18,admiration|approval|curiosity|disappointment|joy|love
2856,0,admiration,0|3|7|8|9|10|13|26|27,admiration|annoyance|curiosity|desire|disappointment|disapproval|excitement|surprise|neutral
2857,14,fear,3|4|26,annoyance|approval|surprise
2858,27,neutral,0|1|7|8|9|15|27,admiration|amusement|curiosity|desire|disappointment|gratitude|neutral
2859,13,excitement,1|3|6|9|13|15|17|20,amusement|annoyance|confusion|disappointment|excitement|gratitude|joy|optimism
2860,14|19,fear|nervousness,4|26|27,approval|surprise|neutral
2861,4,approval,4|7|11|15|18,approval|curiosity|disgust|gratitude|love
2862,0,admiration,3|7|11|18|20|26|27,annoyance|curiosity|disgust|love|optimism|surprise|neutral
2863,4,approval,1|2|4|13|22|27,amusement|anger|approval|excitement|realization|neutral
2864,27,neutral,0|1|5|14|15|20|25|27,admiration|amusement|caring|fear|gratitude|optimism|sadness|neutral
2865,14,fear,10|14|20|25|27,disapproval|fear|optimism|sadness|neutral
2866,1,amusement,1|2|4|7|18|20,amusement|anger|approval|curiosity|love|optimism
2867,27,neutral,3|5|7|9|17|18|22|27,annoyance|caring|curiosity|disappointment|joy|love|realization|neutral
2868,4|20,approval|optimism,0|4|6|13|17|20|27,admiration|approval|confusion|excitement|joy|optimism|neutral
2869,10,disapproval,7|17|19|22|24|26|27,curiosity|joy|nervousness|realization|remorse|surprise|neutral
2870,0,admiration,0|1|6|20|22,admiration|amusement|confusion|optimism|realization
2871,17|18,joy|love,5|9|15|18|26|27,caring|disappointment|gratitude|love|surprise|neutral
2872,27,neutral,2|4|13|14|15|17|20|27,anger|approval|excitement|fear|gratitude|joy|optimism|neutral
2873,25,sadness,2|4|5|10|13|17|20|26,anger|approval|caring|disapproval|excitement|joy|optimism|surprise
2874,14,fear,1|2|3|7|18|25,amusement|anger|annoyance|curiosity|love|sadness
2875,26,surprise,1|17|20|22|26|27,amusement|joy|optimism|realization|surprise|neutral
2876,27,neutral,0|7|12|17|18|26,admiration|curiosity|embarrassment|joy|love|surprise
2877,25,sadness,1|2|3|6|10|20|22|24,amusement|anger|annoyance|confusion|disapproval|optimism|realization|remorse
2878,27,neutral,0|3|4|9|20|22|25,admiration|annoyance|approval|disappointment|optimism|realization|sadness
2879,17,joy,0|7|10|20|24,admiration|curiosity|disapproval|optimism|remorse
2880,3|7,annoyance|curiosity,0|3|10|14|17|22|27,admiration|annoyance|disapproval|fear|joy|realization|neutral
2881,27,neutral,0|2|4|8|18|20,admiration|anger|approval|desire|love|optimism
2882,3,annoyance,2|3|10|25|27,anger|annoyance|disapproval|sadness|neutral
2883,27,neutral,0|3|6|18,admiration|annoyance|confusion|love
2884,2|3,anger|annoyance,4|6|7|27,approval|confusion|curiosity|neutral
2885,27,neutral,1|6|10|17|20|24|25|26|27,amusement|confusion|disapproval|joy|optimism|remorse|sadness|surprise|neutral
2886,3,annoyance,5|13|17|22|25|27,caring|excitement|joy|realization|sadness|neutral
2887,27,neutral,0|1|2|9|13|17,admiration|amusement|anger|disappointment|excitement|joy
2888,0,admiration,0|4|9|10|20,admiration|approval|disappointment|disapproval|optimism
2889,9|26,disappointment|surprise,3|4|7|10|11|13|18|20,annoyance|approval|curiosity|disapproval|disgust|excitement|love|optimism
2890,4|8|20,approval|desire|optimism,0|7|8|10|15|22|24,admiration|curiosity|desire|disapproval|gratitude|realization|remorse
2891,27,neutral,0|1|2|3|4|6|7|12|13|22,admiration|amusement|anger|annoyance|approval|confusion|curiosity|embarrassment|excitement|realization
2892,18,love,0|2|3|5|9|13|17|27,admiration|anger|annoyance|caring|disappointment|excitement|joy|neutral
2893,17,joy,4|6|10|18|22|27,approval|confusion|disapproval|love|realization|neutral
2894,27,neutral,3|5|6|7|8|10|15|20|25,annoyance|caring|confusion|curiosity|desire|disapproval|gratitude|optimism|sadness
2895,5|27,caring|neutral,0|1|3|8|9|11|17,admiration|amusement|annoyance|desire|disappointment|disgust|joy
2896,4|21,approval|pride,0|2|3|4|10|14|18,admiration|anger|annoyance|approval|disapproval|fear|love
2897,13|15,excitement|gratitude,0|1|3|9|27,admiration|amusement|annoyance|disappointment|neutral
2898,27,neutral,2|4|5|7|9|22|26,anger|approval|caring|curiosity|disappointment|realization|surprise
2899,27,neutral,2|4|13|27,anger|approval|excitement|neutral
2900,18,love,1|8|10|14|17|25,amusement|desire|disapproval|fear|joy|sadness
2901,6,confusion,0|3|9|26|27,admiration|annoyance|disappointment|surprise|neutral
2902,25,sadness,2|3|5|20|22,anger|annoyance|caring|optimism|realization
2903,27,neutral,2|4|5|26|27,anger|approval|caring|surprise|neutral
2904,1,amusement,0|1|4|5|9|17|26,admiration|amusement|approval|caring|disappointment|joy|surprise
2905,4,approval,3|4|5|9|10|13|17|18|27,annoyance|approval|caring|disappointment|disapproval|excitement|joy|love|neutral
2906,5|6,caring|confusion,0|1|5|15|20|25,admiration|amusement|caring|gratitude|optimism|sadness
2907,25,sadness,4|7|10|20|22|25|27,approval|curiosity|disapproval|optimism|realization|sadness|neutral
2908,0|17,admiration|joy,0|5|11|17|27,admiration|caring|disgust|joy|neutral
2909,27,neutral,0|2|4|20|26,admiration|anger|approval|optimism|surprise
2910,27,neutral,2|7|10|14|17|20|22,anger|curiosity|disapproval|fear|joy|optimism|realization
2911,7,curiosity,6|17|24,confusion|joy|remorse
2912,26,surprise,2|3|11,anger|annoyance|disgust
2913,0,admiration,4|5|10|11|13|25|27,approval|caring|disapproval|disgust|excitement|sadness|neutral
2914,0,admiration,0|1|2|5|6|7|15|24,admiration|amusement|anger|caring|confusion|curiosity|gratitude|remorse
2915,0,admiration,4|6|9|26|27,approval|confusion|disappointment|surprise|neutral
2916,27,neutral,2|3|15|25|26|27,anger|annoyance|gratitude|sadness|surprise|neutral
2917,27,neutral,0|6|7|8|14|17|18|26,admiration|confusion|curiosity|desire|fear|joy|love|surprise
2918,27,neutral,2|3|5|6|13|24|25|26,anger|annoyance|caring|confusion|excitement|remorse|sadness|surprise
2919,10,disapproval,0|2|3|17|25|27,admiration|anger|annoyance|joy|sadness|neutral
2920,27,neutral,2|3|4|7|15|18|23|26,anger|annoyance|approval|curiosity|gratitude|love|relief|surprise
2921,15,gratitude,1|3|9|15|17|27,amusement|annoyance|disappointment|gratitude|joy|neutral
2922,27,neutral,0|1|3|8|11|17,admiration|amusement|annoyance|desire|disgust|joy
2923,0,admiration,1|4|27,amusement|approval|neutral
2924,27,neutral,0|4|7|9|14,admiration|approval|curiosity|disappointment|fear
2925,2,anger,1|7|10|11|13|15|25,amusement|curiosity|disapproval|disgust|excitement|gratitude|sadness
2926,2,anger,0|1|27,admiration|amusement|neutral
2927,5|27,caring|neutral,2|3|4|10|11|20|27,anger|annoyance|approval|disapproval|disgust|optimism|neutral
2928,5,caring,0|4|5|22|25|26,admiration|approval|caring|realization|sadness|surprise
2929,1,amusement,0|5|8|11|17|27,admiration|caring|desire|disgust|joy|neutral
2930,27,neutral,1|4|10|14|17,amusement|approval|disapproval|fear|joy
2931,4|13,approval|excitement,3|5|15|20|27,annoyance|caring|gratitude|optimism|neutral
2932,7,curiosity,1|4|7|11|13,amusement|approval|curiosity|disgust|excitement
2933,4,approval,3|5|8|9|17|18,annoyance|caring|desire|disappointment|joy|love
2934,27,neutral,2|3|5|22|26|27,anger|annoyance|caring|realization|surprise|neutral
2935,1,amusement,1|4|10|12|27,amusement|approval|disapproval|embarrassment|neutral
2936,10,disapproval,0|2|3|5|6|13|15|24,admiration|anger|annoyance|caring|confusion|excitement|gratitude|remorse
2937,0|7,admiration|curiosity,2|6|10|15|26,anger|confusion|disapproval|gratitude|surprise
2938,4,approval,2|17|27,anger|joy|neutral
2939,27,neutral,2|4|7|10|18,anger|approval|curiosity|disapproval|love
2940,1,amusement,2|3|5|18|20|22|23|27,anger|annoyance|caring|love|optimism|realization|relief|neutral
2941,22,realization,7|9|17|18|24|27,curiosity|disappointment|joy|love|remorse|neutral
2942,25,sadness,4|13|17|18|22|24|26,approval|excitement|joy|love|realization|remorse|surprise
2943,3,annoyance,0|14|15|20|25|27,admiration|fear|gratitude|optimism|sadness|neutral
2944,0,admiration,10|17|18|27,disapproval|joy|love|neutral
2945,27,neutral,3|4|10|11|22|23|24|26,annoyance|approval|disapproval|disgust|realization|relief|remorse|surprise
2946,1|10,amusement|disapproval,3|13|26|27,annoyance|excitement|surprise|neutral
2947,10,disapproval,4|5|7|13|17|21|26|27,approval|caring|curiosity|excitement|joy|pride|surprise|neutral
2948,27,neutral,0|1|4|9|10|13|17|18|27,admiration|amusement|approval|disappointment|disapproval|excitement|joy|love|neutral
2949,27,neutral,0|4|9|20|27,admiration|approval|disappointment|optimism|neutral
2950,27,neutral,0|15|17|22|27,admiration|gratitude|joy|realization|neutral
2951,27,neutral,1|2|3|5|15|20|27,amusement|anger|annoyance|caring|gratitude|optimism|neutral
2952,17,joy,7|9|11|14|17|22|25,curiosity|disappointment|disgust|fear|joy|realization|sadness
2953,25,sadness,2|4|5|11|15|25,anger|approval|caring|disgust|gratitude|sadness
2954,0,admiration,2|3|5|7|8|13|20|24|25,anger|annoyance|caring|curiosity|desire|excitement|optimism|remorse|sadness
2955,27,neutral,5|7|8|17|26,caring|curiosity|desire|joy|surprise
2956,4,approval,3|6|15|26,annoyance|confusion|gratitude|surprise
2957,7,curiosity,0|4|5|6|8|10|11|15|22,admiration|approval|caring|confusion|desire|disapproval|disgust|gratitude|realization
2958,8,desire,1|2|4|9|14|19|20|26|27,amusement|anger|approval|disappointment|fear|nervousness|optimism|surprise|neutral
2959,5,caring,1|7|10|13|18|20|24|27,amusement|curiosity|disapproval|excitement|love|optimism|remorse|neutral
2960,27,neutral,0|6|8|12|15|16|18|25,admiration|confusion|desire|embarrassment|gratitude|grief|love|sadness
2961,7,curiosity,4|6|7|9|27,approval|confusion|curiosity|disappointment|neutral
2962,4,approval,0|3|7|11|14|17|22,admiration|annoyance|curiosity|disgust|fear|joy|realization
2963,5,caring,7|9|14|15|20|24|26|27,curiosity|disappointment|fear|gratitude|optimism|remorse|surprise|neutral
2964,23,relief,4|7|11|20|27,approval|curiosity|disgust|optimism|neutral
2965,12,embarrassment,0|3|6|13|18,admiration|annoyance|confusion|excitement|love
2966,13,excitement,0|1|7|10|13|25|26|27,admiration|amusement|curiosity|disapproval|excitement|sadness|surprise|neutral
2967,1,amusement,0|1|3|4|7|10|11|22|24|25|27,admiration|amusement|annoyance|approval|curiosity|disapproval|disgust|realization|remorse|sadness|neutral
2968,17,joy,4|10|14|15,approval|disapproval|fear|gratitude
2969,2,anger,1|4|15|22|27,amusement|approval|gratitude|realization|neutral
2970,27,neutral,0|2|4|6|26|27,admiration|anger|approval|confusion|surprise|neutral
2971,15,gratitude,1|3|7|15|17|18|27,amusement|annoyance|curiosity|gratitude|joy|love|neutral
2972,7,curiosity,0|1|4|7|11|17|18|20|24|26,admiration|amusement|approval|curiosity|disgust|joy|love|optimism|remorse|surprise
2973,3|11,annoyance|disgust,3|4|10|15|17|25,annoyance|approval|disapproval|gratitude|joy|sadness
2974,27,neutral,0|3|4,admiration|annoyance|approval
2975,27,neutral,3|6|8|13|17|20|22|24|25,annoyance|confusion|desire|excitement|joy|optimism|realization|remorse|sadness
2976,14,fear,2|3|6|7|15|18,anger|annoyance|confusion|curiosity|gratitude|love
2977,1,amusement,0|3|6|10|12|13|14|15|17|18|20|26,admiration|annoyance|confusion|disapproval|embarrassment|excitement|fear|gratitude|joy|love|optimism|surprise
2978,27,neutral,0|5|7|10|17|25|26,admiration|caring|curiosity|disapproval|joy|sadness|surprise
2979,9,disappointment,0|1|3|4|7|9|11|13|14|20|25,admiration|amusement|annoyance|approval|curiosity|disappointment|disgust|excitement|fear|optimism|sadness
2980,15,gratitude,3|4|6|8|13|26|27,annoyance|approval|confusion|desire|excitement|surprise|neutral
2981,27,neutral,4|6|7|17|27,approval|confusion|curiosity|joy|neutral
2982,27,neutral,4|8|11|13|17|18,approval|desire|disgust|excitement|joy|love
2983,5|25,caring|sadness,2|7|10|17|19|27,anger|curiosity|disapproval|joy|nervousness|neutral
2984,4,approval,3|8|10|11|15|20|27,annoyance|desire|disapproval|disgust|gratitude|optimism|neutral
2985,15,gratitude,22|24|27,realization|remorse|neutral
2986,0,admiration,0|3|4|5|7|10|15,admiration|annoyance|approval|caring|curiosity|disapproval|gratitude
2987,0,admiration,0|6|7|8|9|18|20|26|27,admiration|confusion|curiosity|desire|disappointment|love|optimism|surprise|neutral
2988,20,optimism,1|3|7|13|15|25|26,amusement|annoyance|curiosity|excitement|gratitude|sadness|surprise
2989,0|15,admiration|gratitude,0|1|17|18|22,admiration|amusement|joy|love|realization
2990,3,annoyance,1|2|10|17|18|20|27,amusement|anger|disapproval|joy|love|optimism|neutral
2991,27,neutral,0|10|13|14|15|18|25|27,admiration|disapproval|excitement|fear|gratitude|love|sadness|neutral
2992,10,disapproval,8|10|13|14|17|27,desire|disapproval|excitement|fear|joy|neutral
2993,0|18,admiration|love,2|7|10|17|18,anger|curiosity|disapproval|joy|love
2994,4,approval,2|4|5|10|17|22|26,anger|approval|caring|disapproval|joy|realization|surprise
2995,25,sadness,1|7|9|10|15|18|20|22,amusement|curiosity|disappointment|disapproval|gratitude|love|optimism|realization
2996,3,annoyance,3|6|10|13,annoyance|confusion|disapproval|excitement
2997,20,optimism,0|1|13|15|18|20|25,admiration|amusement|excitement|gratitude|love|optimism|sadness
2998,17,joy,1|2|8|10|27,amusement|anger|desire|disapproval|neutral
2999,9,disappointment,0|9|11|18|25|27,admiration|disappointment|disgust|love|sadness|neutral
3000,12|27,embarrassment|neutral,0|2|3|4|7|10|14|17,admiration|anger|annoyance|approval|curiosity|disapproval|fear|joy
3001,6,confusion,0|4|11|27,admiration|approval|disgust|neutral
3002,27,neutral,0|2|4|8|15|18|22|27,admiration|anger|approval|desire|gratitude|love|realization|neutral
3003,0|15,admiration|gratitude,0|3|6|13|17|18|22|27,admiration|annoyance|confusion|excitement|joy|love|realization|neutral
3004,4,approval,7|13|17|20|22|27,curiosity|excitement|joy|optimism|realization|neutral
3005,27,neutral,2|3|10|11|14|20|22|27,anger|annoyance|disapproval|disgust|fear|optimism|realization|neutral
3006,27,neutral,3|4|11|17|27,annoyance|approval|disgust|joy|neutral
3007,0,admiration,0|2|3|4|7|9|11|15|27,admiration|anger|annoyance|approval|curiosity|disappointment|disgust|gratitude|neutral
3008,5,caring,0|7|13|15,admiration|curiosity|excitement|gratitude
3009,27,neutral,2|4|6|7|10|11|18|27,anger|approval|confusion|curiosity|disapproval|disgust|love|neutral
3010,6,confusion,1|9|10|20|22|25,amusement|disappointment|disapproval|optimism|realization|sadness
3011,2,anger,2|5|10|14|20|22|25|27,anger|caring|disapproval|fear|optimism|realization|sadness|neutral
3012,3|14,annoyance|fear,0|2|3|9|10|15|27,admiration|anger|annoyance|disappointment|disapproval|gratitude|neutral
3013,3,annoyance,1|7|15|18|20,amusement|curiosity|gratitude|love|optimism
3014,2,anger,1|5|11|15|22|26,amusement|caring|disgust|gratitude|realization|surprise
3015,8,desire,1|5|11|17|18|25|26,amusement|caring|disgust|joy|love|sadness|surprise
3016,26,surprise,0|10|11|13|15|18|20,admiration|disapproval|disgust|excitement|gratitude|love|optimism
3017,6|7|27,confusion|curiosity|neutral,6|7|14|20|25|26|27,confusion|curiosity|fear|optimism|sadness|surprise|neutral
3018,27,neutral,2|4|10|13|14|22,anger|approval|disapproval|excitement|fear|realization
3019,4,approval,2|4|7|9|15|17|18|22|27,anger|approval|curiosity|disappointment|gratitude|joy|love|realization|neutral
3020,13,excitement,1|3|9|13|24,amusement|annoyance|disappointment|excitement|remorse
3021,18,love,0|2|5|9|11|13|20|22|24,admiration|anger|caring|disappointment|disgust|excitement|optimism|realization|remorse
3022,4,approval,0|1|4|9|13|26,admiration|amusement|approval|disappointment|excitement|surprise
3023,0,admiration,0|17|26|27,admiration|joy|surprise|neutral
3024,7,curiosity,7|8|10|11|14|15|18|24,curiosity|desire|disapproval|disgust|fear|gratitude|love|remorse
3025,6,confusion,0|5|10|13|18|20|25,admiration|caring|disapproval|excitement|love|optimism|sadness
3026,18,love,5|8|11|15|20|22|26|27,caring|desire|disgust|gratitude|optimism|realization|surprise|neutral
3027,27,neutral,5|6|11|13|27,caring|confusion|disgust|excitement|neutral
3028,27,neutral,3|4|18|27,annoyance|approval|love|neutral
3029,27,neutral,1|4|5|18|22,amusement|approval|caring|love|realization
3030,1,amusement,0|1|7|15|17|27,admiration|amusement|curiosity|gratitude|joy|neutral
3031,27,neutral,4|15|26|27,approval|gratitude|surprise|neutral
3032,7,curiosity,1|2|10|13|17|18|20|27,amusement|anger|disapproval|excitement|joy|love|optimism|neutral
3033,27,neutral,2|3|4|10|11|17|26,anger|annoyance|approval|disapproval|disgust|joy|surprise
3034,10,disapproval,0|1|15|27,admiration|amusement|gratitude|neutral
3035,9|25,disappointment|sadness,1|9|13|20|21|25|27,amusement|disappointment|excitement|optimism|pride|sadness|neutral
3036,3,annoyance,13|19|20|26|27,excitement|nervousness|optimism|surprise|neutral
3037,4|15,approval|gratitude,1|4|13|26|27,amusement|approval|excitement|surprise|neutral
3038,24|25,remorse|sadness,1|10|15|17|27,amusement|disapproval|gratitude|joy|neutral
3039,4,approval,0|4|6|17|20,admiration|approval|confusion|joy|optimism
3040,14|27,fear|neutral,0|3|4|7|9|17|26,admiration|annoyance|approval|curiosity|disappointment|joy|surprise
3041,27,neutral,1|7|9|10|17,amusement|curiosity|disappointment|disapproval|joy
3042,13,excitement,1|22|26|27,amusement|realization|surprise|neutral
3043,27,neutral,7|10|15|20,curiosity|disapproval|gratitude|optimism
3044,27,neutral,0|1|3|4|13|15|18|26,admiration|amusement|annoyance|approval|excitement|gratitude|love|surprise
3045,0,admiration,2|9|10|18|20,anger|disappointment|disapproval|love|optimism
3046,0|7,admiration|curiosity,0|3|5|10|14|15|22|25,admiration|annoyance|caring|disapproval|fear|gratitude|realization|sadness
3047,27,neutral,0|2|7|8|10|15|20|22,admiration|anger|curiosity|desire|disapproval|gratitude|optimism|realization
3048,10|27,disapproval|neutral,2|7|9|11|26|27,anger|curiosity|disappointment|disgust|surprise|neutral
3049,18,love,0|2|6|11|15|20|24,admiration|anger|confusion|disgust|gratitude|optimism|remorse
3050,27,neutral,4|7|11|18|25|27,approval|curiosity|disgust|love|sadness|neutral
3051,27,neutral,2|6|9|20|25|27,anger|confusion|disappointment|optimism|sadness|neutral
3052,15,gratitude,4|27,approval|neutral
3053,3|27,annoyance|neutral,6|11|18|20|22|26,confusion|disgust|love|optimism|realization|surprise
3054,1,amusement,1|15|24|25|26|27,amusement|gratitude|remorse|sadness|surprise|neutral
3055,27,neutral,0|1|2|3|6|7|8|14|20|26,admiration|amusement|anger|annoyance|confusion|curiosity|desire|fear|optimism|surprise
3056,10,disapproval,0|2|3|5|6,admiration|anger|annoyance|caring|confusion
3057,0,admiration,4|5|6|8|27,approval|caring|confusion|desire|neutral
3058,27,neutral,0|9|15|22|27,admiration|disappointment|gratitude|realization|neutral
3059,4,approval,0|7|15|17|18|20|25|27,admiration|curiosity|gratitude|joy|love|optimism|sadness|neutral
3060,0|11|14,admiration|disgust|fear,0|3|4|6|9|15|17|18|22,admiration|annoyance|approval|confusion|disappointment|gratitude|joy|love|realization
3061,15,gratitude,3|4|5|7|8|10|11|25|26,annoyance|approval|caring|curiosity|desire|disapproval|disgust|sadness|surprise
3062,25,sadness,0|1|7|9|11|15|17|18|20|24,admiration|amusement|curiosity|disappointment|disgust|gratitude|joy|love|optimism|remorse
3063,25|27,sadness|neutral,1|7|27,amusement|curiosity|neutral
3064,4|23,approval|relief,1|2|7|18,amusement|anger|curiosity|love
3065,2|3|27,anger|annoyance|neutral,3|6|10|15|18|22|25,annoyance|confusion|disapproval|gratitude|love|realization|sadness
3066,22,realization,0|4|27,admiration|approval|neutral
3067,0|26,admiration|surprise,3|4|5|7|22|24,annoyance|approval|caring|curiosity|realization|remorse
3068,2,anger,17|20,joy|optimism
3069,0,admiration,0|2|3|4|7|13|15|24|26,admiration|anger|annoyance|approval|curiosity|excitement|gratitude|remorse|surprise
3070,18,love,2|9|10|17|22|24|25,anger|disappointment|disapproval|joy|realization|remorse|sadness
3071,27,neutral,2|3|5|7|9|13|15|20,anger|annoyance|caring|curiosity|disappointment|excitement|gratitude|optimism
3072,27,neutral,1|4|10|17|18|22|25,amusement|approval|disapproval|joy|love|realization|sadness
3073,27,neutral,1|3|4|7|8|17|22|26,amusement|annoyance|approval|curiosity|desire|joy|realization|surprise
3074,0,admiration,2|3|15|18|20|27,anger|annoyance|gratitude|love|optimism|neutral
3075,27,neutral,0|1|4|9|10|15|17|20|22,admiration|amusement|approval|disappointment|disapproval|gratitude|joy|optimism|realization
3076,27,neutral,2|3|5|6|7|17|18|20|26,anger|annoyance|caring|confusion|curiosity|joy|love|optimism|surprise
3077,18,love,8|9|14|15,desire|disappointment|fear|gratitude
3078,2|3,anger|annoyance,0|1|2|3|6|17|18,admiration|amusement|anger|annoyance|confusion|joy|love
3079,27,neutral,1|9|15|25|27,amusement|disappointment|gratitude|sadness|neutral
3080,26,surprise,2|3|8|10|13|15|22|24,anger|annoyance|desire|disapproval|excitement|gratitude|realization|remorse
3081,15,gratitude,0|3|5|15|17|18,admiration|annoyance|caring|gratitude|joy|love
3082,0|4,admiration|approval,0|2|3|6|7|15|17|18|20,admiration|anger|annoyance|confusion|curiosity|gratitude|joy|love|optimism
3083,17,joy,3|4|10|15|22,annoyance|approval|disapproval|gratitude|realization
3084,27,neutral,0|3|7|9|10|25,admiration|annoyance|curiosity|disappointment|disapproval|sadness
3085,15,gratitude,0|2|4|6|7|12|18|27,admiration|anger|approval|confusion|curiosity|embarrassment|love|neutral
3086,27,neutral,1|7|8|13|15|22|27,amusement|curiosity|desire|excitement|gratitude|realization|neutral
3087,3,annoyance,1|3|7|11|17|20,amusement|annoyance|curiosity|disgust|joy|optimism
3088,13|25,excitement|sadness,2|13|15|17|20|22|26|27,anger|excitement|gratitude|joy|optimism|realization|surprise|neutral
3089,27,neutral,0|1|4|13|17,admiration|amusement|approval|excitement|joy
3090,10,disapproval,3|4|9|13|24|27,annoyance|approval|disappointment|excitement|remorse|neutral
3091,27,neutral,0|10|15|18|23|25,admiration|disapproval|gratitude|love|relief|sadness
3092,17,joy,1|3|4|6|7|20|24|25|27,amusement|annoyance|approval|confusion|curiosity|optimism|remorse|sadness|neutral
3093,9,disappointment,0|3|6|13|17|24|25,admiration|annoyance|confusion|excitement|joy|remorse|sadness
3094,15,gratitude,0|1|10|18|25,admiration|amusement|disapproval|love|sadness
3095,27,neutral,3|4|9|11|14,annoyance|approval|disappointment|disgust|fear
3096,9,disappointment,4|13|15|17|18|25,approval|excitement|gratitude|joy|love|sadness
3097,27,neutral,3|6|8|10|13|18|20|24|25,annoyance|confusion|desire|disapproval|excitement|love|optimism|remorse|sadness
3098,27,neutral,4|18|25|27,approval|love|sadness|neutral
3099,27,neutral,0|2|7|9|10|27,admiration|anger|curiosity|disappointment|disapproval|neutral
3100,4,approval,3|5|10|17|18|20|22,annoyance|caring|disapproval|joy|love|optimism|realization
3101,27,neutral,0|3|4|6|20|26,admiration|annoyance|approval|confusion|optimism|surprise
3102,5,caring,1|2|7|10|15|21|22|24|26,amusement|anger|curiosity|disapproval|gratitude|pride|realization|remorse|surprise
3103,7|13,curiosity|excitement,0|1|4|10|13|15|17|20,admiration|amusement|approval|disapproval|excitement|gratitude|joy|optimism
3104,10,disapproval,0|1|4|17|22,admiration|amusement|approval|joy|realization
3105,13,excitement,12|13|18|27,embarrassment|excitement|love|neutral
3106,17,joy,2|3|4|9|17|20|26|27,anger|annoyance|approval|disappointment|joy|optimism|surprise|neutral
3107,27,neutral,0|3|7|15|20,admiration|annoyance|curiosity|gratitude|optimism
3108,27,neutral,0|6|7|15|20|27,admiration|confusion|curiosity|gratitude|optimism|neutral
3109,27,neutral,4|6|9|14|18|24,approval|confusion|disappointment|fear|love|remorse
3110,0|27,admiration|neutral,0|1|2|7|13|24|25|27,admiration|amusement|anger|curiosity|excitement|remorse|sadness|neutral
3111,2|15,anger|gratitude,4|7|10|15|18,approval|curiosity|disapproval|gratitude|love
3112,7,curiosity,7|9|17|22|25|27,curiosity|disappointment|joy|realization|sadness|neutral
3113,15,gratitude,2|3|4|8|17|20|22|27,anger|annoyance|approval|desire|joy|optimism|realization|neutral
3114,0,admiration,2|3|4|5|6|14|18|20|24|26,anger|annoyance|approval|caring|confusion|fear|love|optimism|remorse|surprise
3115,15,gratitude,0|3|17|27,admiration|annoyance|joy|neutral
3116,10,disapproval,1|4|13|14|15|20|25|27,amusement|approval|excitement|fear|gratitude|optimism|sadness|neutral
3117,1,amusement,0|4|8|10|15|17|25|26,admiration|approval|desire|disapproval|gratitude|joy|sadness|surprise
3118,27,neutral,1|7|8|15|20|27,amusement|curiosity|desire|gratitude|optimism|neutral
3119,4,approval,20|27,optimism|neutral
3120,27,neutral,3|5|6|7|9|20|22,annoyance|caring|confusion|curiosity|disappointment|optimism|realization
3121,27,neutral,0|4|5|7|15|20,admiration|approval|caring|curiosity|gratitude|optimism
3122,18,love,0|4|7|9|10|18|20|25,admiration|approval|curiosity|disappointment|disapproval|love|optimism|sadness
3123,0|20,admiration|optimism,0|2|4|6|13|17,admiration|anger|approval|confusion|excitement|joy
3124,1|13,amusement|excitement,0|3|14|20,admiration|annoyance|fear|optimism
3125,27,neutral,2|3|4|5|10|15|20|26,anger|annoyance|approval|caring|disapproval|gratitude|optimism|surprise
3126,27,neutral,1|4|6|7|9|13|17|18,amusement|approval|confusion|curiosity|disappointment|excitement|joy|love
3127,27,neutral,1|2|4|7|8|14|15|18|20|26,amusement|anger|approval|curiosity|desire|fear|gratitude|love|optimism|surprise
3128,27,neutral,9|11|15|25|27,disappointment|disgust|gratitude|sadness|neutral
3129,2,anger,2|4|7|8|14|22,anger|approval|curiosity|desire|fear|realization
3130,27,neutral,0|3|6|9|18|27,admiration|annoyance|confusion|disappointment|love|neutral
3131,15,gratitude,1|5|6|7|8|10|15|25,amusement|caring|confusion|curiosity|desire|disapproval|gratitude|sadness
3132,9,disappointment,2|24|27,anger|remorse|neutral
3133,20|27,optimism|neutral,1|5|10|13|22|27,amusement|caring|disapproval|excitement|realization|neutral
3134,27,neutral,3|6|7|10|15,annoyance|confusion|curiosity|disapproval|gratitude
3135,12,embarrassment,4|7|14|20,approval|curiosity|fear|optimism
3136,24,remorse,3|4|5|7|8|11|20|22|25,annoyance|approval|caring|curiosity|desire|disgust|optimism|realization|sadness
3137,27,neutral,2|7|9|17,anger|curiosity|disappointment|joy
3138,25,sadness,14|27,fear|neutral
3139,17,joy,2|3|4|5|8|11|17|18|25|26,anger|annoyance|approval|caring|desire|disgust|joy|love|sadness|surprise
3140,27,neutral,0|2|6|8|27,admiration|anger|confusion|desire|neutral
3141,3,annoyance,1|5|6|7|8|10|15|18|25,amusement|caring|confusion|curiosity|desire|disapproval|gratitude|love|sadness
3142,0,admiration,0|5|7|8|9|22,admiration|caring|curiosity|desire|disappointment|realization
3143,10,disapproval,0|1|3|11|15|17|18|20,admiration|amusement|annoyance|disgust|gratitude|joy|love|optimism
3144,27,neutral,0|1|3|5|14|17|20|24|27,admiration|amusement|annoyance|caring|fear|joy|optimism|remorse|neutral
3145,27,neutral,7|25,curiosity|sadness
3146,7,curiosity,2|12|13|17|18|20,anger|embarrassment|excitement|joy|love|optimism
3147,5,caring,1|10|13|17|20,amusement|disapproval|excitement|joy|optimism
3148,1,amusement,3|9|10|13|17|20|26|27,annoyance|disappointment|disapproval|excitement|joy|optimism|surprise|neutral
3149,27,neutral,1|3|4|6|10|17|18,amusement|annoyance|approval|confusion|disapproval|joy|love
3150,7,curiosity,6|24|27,confusion|remorse|neutral
3151,1,amusement,0|1|20|27,admiration|amusement|optimism|neutral
3152,27,neutral,1|2|3|4|8|9|18|22|27,amusement|anger|annoyance|approval|desire|disappointment|love|realization|neutral
3153,27,neutral,2|7|18|22|24|25,anger|curiosity|love|realization|remorse|sadness
3154,0|27,admiration|neutral,6|9|11|13|14|20,confusion|disappointment|disgust|excitement|fear|optimism
3155,6,confusion,0|4|5|7|8|9|11|17|18|26|27,admiration|approval|caring|curiosity|desire|disappointment|disgust|joy|love|surprise|neutral
3156,27,neutral,2|3|11|15|17|18|27,anger|annoyance|disgust|gratitude|joy|love|neutral
3157,0,admiration,0|1|2|3|4|6|15,admiration|amusement|anger|annoyance|approval|confusion|gratitude
3158,27,neutral,6|7|9|18|25|27,confusion|curiosity|disappointment|love|sadness|neutral
3159,9|25,disappointment|sadness,6|13|22|27,confusion|excitement|realization|neutral
3160,5|9,caring|disappointment,5|6|8|9|12|17|20|27,caring|confusion|desire|disappointment|embarrassment|joy|optimism|neutral
3161,3|7,annoyance|curiosity,3|5|7|8|9|22|25|26,annoyance|caring|curiosity|desire|disappointment|realization|sadness|surprise
3162,8|18|25,desire|love|sadness,1|7|11|15|17|22|25|26|27,amusement|curiosity|disgust|gratitude|joy|realization|sadness|surprise|neutral
3163,20,optimism,0|2|5|20,admiration|anger|caring|optimism
3164,27,neutral,1|2|3|4|8|11|14|18,amusement|anger|annoyance|approval|desire|disgust|fear|love
3165,5,caring,0|1|2|5|10|25,admiration|amusement|anger|caring|disapproval|sadness
3166,3|9,annoyance|disappointment,1|2|10|20|25,amusement|anger|disapproval|optimism|sadness
3167,11,disgust,3|7|10|15|20|25|26,annoyance|curiosity|disapproval|gratitude|optimism|sadness|surprise
3168,27,neutral,0|4|6|15|18|20|24|25,admiration|approval|confusion|gratitude|love|optimism|remorse|sadness
3169,27,neutral,0|1|4|5|7|13|14|15|17|18|25,admiration|amusement|approval|caring|curiosity|excitement|fear|gratitude|joy|love|sadness
3170,24,remorse,3|4|5|7|10|18,annoyance|approval|caring|curiosity|disapproval|love
3171,27,neutral,3|4|11|14|17|18|20,annoyance|approval|disgust|fear|joy|love|optimism
3172,0,admiration,4|6|7|13|17|26|27,approval|confusion|curiosity|excitement|joy|surprise|neutral
3173,5|27,caring|neutral,1|3|6|11|13|15|17|20,amusement|annoyance|confusion|disgust|excitement|gratitude|joy|optimism
3174,15,gratitude,5|9|18|26,caring|disappointment|love|surprise
3175,13|27,excitement|neutral,4|7|10|22|24|25|27,approval|curiosity|disapproval|realization|remorse|sadness|neutral
3176,0|13|18|20,admiration|excitement|love|optimism,1|2|5|11|15|18|25,amusement|anger|caring|disgust|gratitude|love|sadness
3177,27,neutral,1|2|5|9|13|25,amusement|anger|caring|disappointment|excitement|sadness
3178,27,neutral,0|11|15|17|22|27,admiration|disgust|gratitude|joy|realization|neutral
3179,10|27,disapproval|neutral,3|6|9|27,annoyance|confusion|disappointment|neutral
3180,27,neutral,3|4|6|7|10|13|14|21|25|27,annoyance|approval|confusion|curiosity|disapproval|excitement|fear|pride|sadness|neutral
3181,27,neutral,5|6|18|24|27,caring|confusion|love|remorse|neutral
3182,10,disapproval,0|1|15|17|18|26,admiration|amusement|gratitude|joy|love|surprise
3183,0,admiration,0|1|4|5|9|11|22|24|27,admiration|amusement|approval|caring|disappointment|disgust|realization|remorse|neutral
3184,7|27,curiosity|neutral,1|6|7|27,amusement|confusion|curiosity|neutral
3185,4|5,approval|caring,4|5|6|8|13|17|22|25,approval|caring|confusion|desire|excitement|joy|realization|sadness
3186,0,admiration,6|13|14|25|27,confusion|excitement|fear|sadness|neutral
3187,8,desire,3|7|10|20|22|25,annoyance|curiosity|disapproval|optimism|realization|sadness
3188,27,neutral,0|1|5|13|17|18|24,admiration|amusement|caring|excitement|joy|love|remorse
3189,27,neutral,4|6|10|11|18|27,approval|confusion|disapproval|disgust|love|neutral
3190,24|25,remorse|sadness,3|8|9|10|26|27,annoyance|desire|disappointment|disapproval|surprise|neutral
3191,4|17,approval|joy,2|3|4|5|9|11|15,anger|annoyance|approval|caring|disappointment|disgust|gratitude
3192,18,love,2|4|9|17|22|27,anger|approval|disappointment|joy|realization|neutral
3193,6|7,confusion|curiosity,2|7|8|10|14|15|18|25|26,anger|curiosity|desire|disapproval|fear|gratitude|love|sadness|surprise
3194,27,neutral,0|4|8|10|13|14|15|22|27,admiration|approval|desire|disapproval|excitement|fear|gratitude|realization|neutral
3195,15,gratitude,1|2|10|24,amusement|anger|disapproval|remorse
3196,27,neutral,4|5|6|11|15|18|26,approval|caring|confusion|disgust|gratitude|love|surprise
3197,10,disapproval,0|1|3|10|27,admiration|amusement|annoyance|disapproval|neutral
3198,2|22,anger|realization,0|2|3|4|9|12|17,admiration|anger|annoyance|approval|disappointment|embarrassment|joy
3199,27,neutral,6|10|18|20|22|27,confusion|disapproval|love|optimism|realization|neutral
3200,27,neutral,6|7|10|12|14|17|18,confusion|curiosity|disapproval|embarrassment|fear|joy|love
3201,10,disapproval,1|3|10|15|18|20|26|27,amusement|annoyance|disapproval|gratitude|love|optimism|surprise|neutral
3202,3|6|7,annoyance|confusion|curiosity,3|5|6|7|14|27,annoyance|caring|confusion|curiosity|fear|neutral
3203,3,annoyance,0|5|11,admiration|caring|disgust
3204,27,neutral,0|2|4|8|9|10|18|19|22,admiration|anger|approval|desire|disappointment|disapproval|love|nervousness|realization
3205,15|18,gratitude|love,0|2|3|4|6|9|18|25|26,admiration|anger|annoyance|approval|confusion|disappointment|love|sadness|surprise
3206,15,gratitude,0|3|5|7|9|10|13|15|18,admiration|annoyance|caring|curiosity|disappointment|disapproval|excitement|gratitude|love
3207,4,approval,1|3|4|5|7|11|13|15|25|26|27,amusement|annoyance|approval|caring|curiosity|disgust|excitement|gratitude|sadness|surprise|neutral
3208,27,neutral,2|11|15|18,anger|disgust|gratitude|love
3209,27,neutral,4|5|7|9|11|15|17|20,approval|caring|curiosity|disappointment|disgust|gratitude|joy|optimism
3210,2|3,anger|annoyance,0|1|2|15|20,admiration|amusement|anger|gratitude|optimism
3211,27,neutral,2|14|18|22|27,anger|fear|love|realization|neutral
3212,27,neutral,7|15|27,curiosity|gratitude|neutral
3213,25,sadness,1|4|5|6|10|11|17|25|26|27,amusement|approval|caring|confusion|disapproval|disgust|joy|sadness|surprise|neutral
3214,18,love,5|10|25|26,caring|disapproval|sadness|surprise
3215,27,neutral,2|10|14|18|20,anger|disapproval|fear|love|optimism
3216,2,anger,1|3|5|8|17|27,amusement|annoyance|caring|desire|joy|neutral
3217,15,gratitude,3|4|5|9|14|25|27,annoyance|approval|caring|disappointment|fear|sadness|neutral
3218,0,admiration,0|6|9|10|22|24|25|27,admiration|confusion|disappointment|disapproval|realization|remorse|sadness|neutral
3219,2|3,anger|annoyance,4|7,approval|curiosity
3220,27,neutral,1|4|10|26,amusement|approval|disapproval|surprise
3221,25,sadness,0|3|5|9|11|13|20|24|25|27,admiration|annoyance|caring|disappointment|disgust|excitement|optimism|remorse|sadness|neutral
3222,27,neutral,0|1|9|10|14|15|22|27,admiration|amusement|disappointment|disapproval|fear|gratitude|realization|neutral
3223,13,excitement,0|2|4|5|17|27,admiration|anger|approval|caring|joy|neutral
3224,27,neutral,4|6|11|13|14|15|17|25,approval|confusion|disgust|excitement|fear|gratitude|joy|sadness
3225,7,curiosity,3|7|18|22|25|26,annoyance|curiosity|love|realization|sadness|surprise
3226,27,neutral,4|14|15|17|18|20|24|25|27,approval|fear|gratitude|joy|love|optimism|remorse|sadness|neutral
3227,15,gratitude,0|2|3|7|13|17|20,admiration|anger|annoyance|curiosity|excitement|joy|optimism
3228,27,neutral,4|7|8|10|18,approval|curiosity|desire|disapproval|love
3229,15,gratitude,0|2|3|6|8|9|10|11|15|17,admiration|anger|annoyance|confusion|desire|disappointment|disapproval|disgust|gratitude|joy
3230,21,pride,1|10|15|17|20|27,amusement|disapproval|gratitude|joy|optimism|neutral
3231,4,approval,4|15|20,approval|gratitude|optimism
3232,4,approval,0|1|15,admiration|amusement|gratitude
3233,17,joy,0|1|3|9|10|27,admiration|amusement|annoyance|disappointment|disapproval|neutral
3234,17,joy,0|3|4|15|20|25,admiration|annoyance|approval|gratitude|optimism|sadness
3235,1,amusement,4|6|15|20|25|26,approval|confusion|gratitude|optimism|sadness|surprise
3236,21,pride,1|5|10|11|15|17,amusement|caring|disapproval|disgust|gratitude|joy
3237,18,love,0|1|4|5|7|11|13|17|20|25,admiration|amusement|approval|caring|curiosity|disgust|excitement|joy|optimism|sadness
3238,0,admiration,4|6|10|13|15|17|24|25,approval|confusion|disapproval|excitement|gratitude|joy|remorse|sadness
3239,1,amusement,1|7|13|17|18|21,amusement|curiosity|excitement|joy|love|pride
3240,5|27,caring|neutral,1|3|7|9|20,amusement|annoyance|curiosity|disappointment|optimism
3241,20,optimism,0|1|2|6|10|17|25|27,admiration|amusement|anger|confusion|disapproval|joy|sadness|neutral
3242,2|15,anger|gratitude,0|1|2|6|9|11|18|26|27,admiration|amusement|anger|confusion|disappointment|disgust|love|surprise|neutral
3243,1,amusement,10|11|20|22,disapproval|disgust|optimism|realization
3244,1,amusement,0|1|3|6|20|25,admiration|amusement|annoyance|confusion|optimism|sadness
3245,3,annoyance,1|4|13|15|17|25|27,amusement|approval|excitement|gratitude|joy|sadness|neutral
3246,0,admiration,2|4|18|25|26|27,anger|approval|love|sadness|surprise|neutral
3247,0|18,admiration|love,13|14|27,excitement|fear|neutral
3248,27,neutral,5|15|18|20|24,caring|gratitude|love|optimism|remorse
3249,0,admiration,3|10|11|17|25|27,annoyance|disapproval|disgust|joy|sadness|neutral
3250,4,approval,2|3|5|6|13|25,anger|annoyance|caring|confusion|excitement|sadness
3251,7,curiosity,0|5|8|27,admiration|caring|desire|neutral
3252,27,neutral,1|10|13,amusement|disapproval|excitement
3253,4|13,approval|excitement,1|2|3|10|14|15,amusement|anger|annoyance|disapproval|fear|gratitude
3254,5,caring,0|1|3|5|6|14|17|18|22|26|27,admiration|amusement|annoyance|caring|confusion|fear|joy|love|realization|surprise|neutral
3255,27,neutral,3|8|10|20|24,annoyance|desire|disapproval|optimism|remorse
3256,2|3,anger|annoyance,0|4|11|14|15|17|18|20|25,admiration|approval|disgust|fear|gratitude|joy|love|optimism|sadness
3257,10,disapproval,1|5|6|7|13|20|25|27,amusement|caring|confusion|curiosity|excitement|optimism|sadness|neutral
3258,13|18,excitement|love,0|1|3|5|15|17|18|25,admiration|amusement|annoyance|caring|gratitude|joy|love|sadness
3259,27,neutral,10|11|18|27,disapproval|disgust|love|neutral
3260,27,neutral,0|11|15|18|25|26,admiration|disgust|gratitude|love|sadness|surprise
3261,15,gratitude,0|3|6|9|13|27,admiration|annoyance|confusion|disappointment|excitement|neutral
3262,18,love,1|4|5|7|17|22|26,amusement|approval|caring|curiosity|joy|realization|surprise
3263,6,confusion,2|7|10|11|14|18|22|26|27,anger|curiosity|disapproval|disgust|fear|love|realization|surprise|neutral
3264,10,disapproval,1|3|6|7|14|18|27,amusement|annoyance|confusion|curiosity|fear|love|neutral
3265,27,neutral,4|5|7|13|15|18,approval|caring|curiosity|excitement|gratitude|love
3266,27,neutral,5|7|17|22,caring|curiosity|joy|realization
3267,27,neutral,2|3|4|7|15|22|25,anger|annoyance|approval|curiosity|gratitude|realization|sadness
3268,6|14|26,confusion|fear|surprise,3|14|17|18|22|25,annoyance|fear|joy|love|realization|sadness
3269,27,neutral,2|3|7|10|20|21|26|27,anger|annoyance|curiosity|disapproval|optimism|pride|surprise|neutral
3270,20,optimism,1|2|5|7|9|25|26|27,amusement|anger|caring|curiosity|disappointment|sadness|surprise|neutral
3271,18,love,5|9|13|15|18|20|26,caring|disappointment|excitement|gratitude|love|optimism|surprise
3272,27,neutral,2|3|4|5|18|25|27,anger|annoyance|approval|caring|love|sadness|neutral
3273,5,caring,0|10|18|24,admiration|disapproval|love|remorse
3274,26,surprise,2|3|9|10|15|22|26|27,anger|annoyance|disappointment|disapproval|gratitude|realization|surprise|neutral
3275,27,neutral,5|7|11|15|25,caring|curiosity|disgust|gratitude|sadness
3276,13,excitement,2|5|12|13|15|26,anger|caring|embarrassment|excitement|gratitude|surprise
3277,8,desire,1|3|7|14,amusement|annoyance|curiosity|fear
3278,27,neutral,1|3|6|18|20|25,amusement|annoyance|confusion|love|optimism|sadness
3279,27,neutral,0|3|9|10|25,admiration|annoyance|disappointment|disapproval|sadness
3280,10,disapproval,1|4|6|8|9|17|18,amusement|approval|confusion|desire|disappointment|joy|love
3281,18,love,2|11|20,anger|disgust|optimism
3282,27,neutral,0|1|4|7|15|20,admiration|amusement|approval|curiosity|gratitude|optimism
3283,17,joy,2|3|6|9|17|25|26,anger|annoyance|confusion|disappointment|joy|sadness|surprise
3284,27,neutral,5|10|13|14|15|27,caring|disapproval|excitement|fear|gratitude|neutral
3285,7,curiosity,1|5|7|9|10|13|15|22|25|26,amusement|caring|curiosity|disappointment|disapproval|excitement|gratitude|realization|sadness|surprise
3286,27,neutral,1|3|4|7|15|25|26,amusement|annoyance|approval|curiosity|gratitude|sadness|surprise
3287,26,surprise,0|1|3|9|18|22|26,admiration|amusement|annoyance|disappointment|love|realization|surprise
3288,2,anger,6|7|11|15|17|22,confusion|curiosity|disgust|gratitude|joy|realization
3289,3|18,annoyance|love,4|13|18|20|25,approval|excitement|love|optimism|sadness
3290,15,gratitude,1|2|6|7|10,amusement|anger|confusion|curiosity|disapproval
3291,27,neutral,0|6|10|15|17,admiration|confusion|disapproval|gratitude|joy
3292,15,gratitude,4|5|7|9|11|22|27,approval|caring|curiosity|disappointment|disgust|realization|neutral
3293,20,optimism,1|4|5|10|14|22,amusement|approval|caring|disapproval|fear|realization
3294,4,approval,1|2|6|10|11|20|27,amusement|anger|confusion|disapproval|disgust|optimism|neutral
3295,27,neutral,1|2|7|15|27,amusement|anger|curiosity|gratitude|neutral
3296,0,admiration,4|7|18|20|22,approval|curiosity|love|optimism|realization
3297,2,anger,3|7|8|9|26|27,annoyance|curiosity|desire|disappointment|surprise|neutral
3298,27,neutral,4|6|7|22|27,approval|confusion|curiosity|realization|neutral
3299,1,amusement,7|8|11|15|22|24|25,curiosity|desire|disgust|gratitude|realization|remorse|sadness
3300,6,confusion,8|14|18|26|27,desire|fear|love|surprise|neutral
3301,18,love,0|4|11|12|14|26|27,admiration|approval|disgust|embarrassment|fear|surprise|neutral
3302,2|3,anger|annoyance,0|3|8|9|10|13|17|20|27,admiration|annoyance|desire|disappointment|disapproval|excitement|joy|optimism|neutral
3303,26,surprise,3|6|7|8|10|17|18|20|25|26|27,annoyance|confusion|curiosity|desire|disapproval|joy|love|optimism|sadness|surprise|neutral
3304,18,love,0|3|5|10|11|15|17|27,admiration|annoyance|caring|disapproval|disgust|gratitude|joy|neutral
3305,0|15,admiration|gratitude,2|4|18,anger|approval|love
3306,3,annoyance,2|3|4|5|6|8|14|18|20|22|25|27,anger|annoyance|approval|caring|confusion|desire|fear|love|optimism|realization|sadness|neutral
3307,0,admiration,1|4|7|10|20,amusement|approval|curiosity|disapproval|optimism
3308,3,annoyance,1|2|3|4|6|10|11|15|22,amusement|anger|annoyance|approval|confusion|disapproval|disgust|gratitude|realization
3309,27,neutral,1|6|7|9|10|15|17|26,amusement|confusion|curiosity|disappointment|disapproval|gratitude|joy|surprise
3310,1,amusement,0|1|2|3|9|18|22|26,admiration|amusement|anger|annoyance|disappointment|love|realization|surprise
3311,27,neutral,2|4|6|7|10|15|17,anger|approval|confusion|curiosity|disapproval|gratitude|joy
3312,27,neutral,5|8|18|20|22|23,caring|desire|love|optimism|realization|relief
3313,5,caring,2|3|8|9|13|20|27,anger|annoyance|desire|disappointment|excitement|optimism|neutral
3314,10,disapproval,2|4|5|7|18|26,anger|approval|caring|curiosity|love|surprise
3315,15,gratitude,6|13|25|27,confusion|excitement|sadness|neutral
3316,10,disapproval,2|4|5|10|21|25|26,anger|approval|caring|disapproval|pride|sadness|surprise
3317,1,amusement,0|1|8|15|20,admiration|amusement|desire|gratitude|optimism
3318,27,neutral,0|2|3|4|7|15|17|20,admiration|anger|annoyance|approval|curiosity|gratitude|joy|optimism
3319,5,caring,0|2|4|9|15|25,admiration|anger|approval|disappointment|gratitude|sadness
3320,8|20,desire|optimism,4|7|9|14|20|22|26|27,approval|curiosity|disappointment|fear|optimism|realization|surprise|neutral
3321,27,neutral,3|5|9|10|25|27,annoyance|caring|disappointment|disapproval|sadness|neutral
3322,7,curiosity,3|9|14|15|27,annoyance|disappointment|fear|gratitude|neutral
3323,7,curiosity,2|3|11|13|15|24|27,anger|annoyance|disgust|excitement|gratitude|remorse|neutral
3324,22,realization,1|7|15|20|23|27,amusement|curiosity|gratitude|optimism|relief|neutral
3325,27,neutral,3|6|10|27,annoyance|confusion|disapproval|neutral
3326,0,admiration,0|1|4|8|9|11|18|20,admiration|amusement|approval|desire|disappointment|disgust|love|optimism
3327,10,disapproval,1|6|7|12|13|15|25|27,amusement|confusion|curiosity|embarrassment|excitement|gratitude|sadness|neutral
3328,18,love,4|18|22|26,approval|love|realization|surprise
3329,6,confusion,0|1|2|7|13|15|17|24,admiration|amusement|anger|curiosity|excitement|gratitude|joy|remorse
3330,10,disapproval,2|7|10|15|17|18|20,anger|curiosity|disapproval|gratitude|joy|love|optimism
3331,0|4,admiration|approval,0|1|2|15|27,admiration|amusement|anger|gratitude|neutral
3332,1,amusement,4|9|10|15|17|25|27,approval|disappointment|disapproval|gratitude|joy|sadness|neutral
3333,0,admiration,1|9|14|15|18|26,amusement|disappointment|fear|gratitude|love|surprise
3334,4,approval,1|3|8|13,amusement|annoyance|desire|excitement
3335,27,neutral,2|4|15|20|27,anger|approval|gratitude|optimism|neutral
3336,10,disapproval,0|1|9|27,admiration|amusement|disappointment|neutral
3337,27,neutral,0|5|6|18|20|22,admiration|caring|confusion|love|optimism|realization
3338,1,amusement,1|11|13|15|18|20,amusement|disgust|excitement|gratitude|love|optimism
3339,0|4,admiration|approval,0|2|5|6|20|25|27,admiration|anger|caring|confusion|optimism|sadness|neutral
3340,13,excitement,0|1|18|24|26,admiration|amusement|love|remorse|surprise
3341,4|20,approval|optimism,5|22|27,caring|realization|neutral
3342,15,gratitude,0|5|6|9|10|11|17|22|25|27,admiration|caring|confusion|disappointment|disapproval|disgust|joy|realization|sadness|neutral
3343,27,neutral,3|4|10|11|13,annoyance|approval|disapproval|disgust|excitement
3344,2,anger,4|8|11|13|14|15|17|20|25|27,approval|desire|disgust|excitement|fear|gratitude|joy|optimism|sadness|neutral
3345,15,gratitude,4|5|7|9|10|15|18|20|25,approval|caring|curiosity|disappointment|disapproval|gratitude|love|optimism|sadness
3346,2|27,anger|neutral,4|5|7|10|14|25|26,approval|caring|curiosity|disapproval|fear|sadness|surprise
3347,15,gratitude,1|3|4|5|9|11|14|18,amusement|annoyance|approval|caring|disappointment|disgust|fear|love
3348,4,approval,1|6|7|15|22|26,amusement|confusion|curiosity|gratitude|realization|surprise
3349,6,confusion,0|4|6|10|15|17|18|19|25|26,admiration|approval|confusion|disapproval|gratitude|joy|love|nervousness|sadness|surprise
3350,20,optimism,1|4|22|25,amusement|approval|realization|sadness
3351,27,neutral,6|9|14|17|22|27,confusion|disappointment|fear|joy|realization|neutral
3352,27,neutral,1|4|7|9|11|13|20|24|26,amusement|approval|curiosity|disappointment|disgust|excitement|optimism|remorse|surprise
3353,27,neutral,10|15|25|27,disapproval|gratitude|sadness|neutral
3354,0|17|18,admiration|joy|love,4|5|7|8|15|19|25|26,approval|caring|curiosity|desire|gratitude|nervousness|sadness|surprise
3355,27,neutral,4|6|7|9|15|18|22|27,approval|confusion|curiosity|disappointment|gratitude|love|realization|neutral
3356,7|27,curiosity|neutral,1|8|15|22|27,amusement|desire|gratitude|realization|neutral
3357,15,gratitude,1|2|4|11|17,amusement|anger|approval|disgust|joy
3358,27,neutral,0|2|3|4|6|17|18|27,admiration|anger|annoyance|approval|confusion|joy|love|neutral
3359,18,love,1|3|5|10|11|13|15|18,amusement|annoyance|caring|disapproval|disgust|excitement|gratitude|love
3360,27,neutral,0|2|10|18|27,admiration|anger|disapproval|love|neutral
3361,27,neutral,1|3|4|5|6|8|10|11|18|20|26,amusement|annoyance|approval|caring|confusion|desire|disapproval|disgust|love|optimism|surprise
3362,18,love,0|1|10|15|18|22|25,admiration|amusement|disapproval|gratitude|love|realization|sadness
3363,17,joy,3|5|10|13|17|18,annoyance|caring|disapproval|excitement|joy|love
3364,27,neutral,3|6|22|25,annoyance|confusion|realization|sadness
3365,1|22,amusement|realization,0|4|10|15|17|22|25|26,admiration|approval|disapproval|gratitude|joy|realization|sadness|surprise
3366,3|27,annoyance|neutral,2|4|5|6|11|15|18|20|27,anger|approval|caring|confusion|disgust|gratitude|love|optimism|neutral
3367,27,neutral,2|5|6|26|27,anger|caring|confusion|surprise|neutral
3368,5,caring,4|8|17|18|20,approval|desire|joy|love|optimism
3369,7|27,curiosity|neutral,0|2|3|4|8|10|14|15|18|19|22,admiration|anger|annoyance|approval|desire|disapproval|fear|gratitude|love|nervousness|realization
3370,27,neutral,0|3|4|9|18|22,admiration|annoyance|approval|disappointment|love|realization
3371,20,optimism,0|4|7|8|10|11|14|15|20|25|26,admiration|approval|curiosity|desire|disapproval|disgust|fear|gratitude|optimism|sadness|surprise
3372,0,admiration,0|1|2|4|6|10|13|14,admiration|amusement|anger|approval|confusion|disapproval|excitement|fear
3373,18,love,1|3|4|7|9|15|17|20|27,amusement|annoyance|approval|curiosity|disappointment|gratitude|joy|optimism|neutral
3374,14,fear,1|3|4|7|9|10|13|14|15|20|22|25,amusement|annoyance|approval|curiosity|disappointment|disapproval|excitement|fear|gratitude|optimism|realization|sadness
3375,3,annoyance,0|3|7|8|10|13|15|26,admiration|annoyance|curiosity|desire|disapproval|excitement|gratitude|surprise
3376,7,curiosity,0|2|3|17|20,admiration|anger|annoyance|joy|optimism
3377,4,approval,0|3|10|15|20|26|27,admiration|annoyance|disapproval|gratitude|optimism|surprise|neutral
3378,2|3|10,anger|annoyance|disapproval,0|1|2|3|9|13|15|20|26,admiration|amusement|anger|annoyance|disappointment|excitement|gratitude|optimism|surprise
3379,27,neutral,0|1|10|13|26,admiration|amusement|disapproval|excitement|surprise
3380,27,neutral,0|1|6|11|20|22|26,admiration|amusement|confusion|disgust|optimism|realization|surprise
3381,22,realization,0|5|6|13|17|24|25,admiration|caring|confusion|excitement|joy|remorse|sadness
3382,1,amusement,0|4|6|8|22|26,admiration|approval|confusion|desire|realization|surprise
3383,27,neutral,0|2|7|14|20|27,admiration|anger|curiosity|fear|optimism|neutral
3384,7,curiosity,0|1|2|4|15|20,admiration|amusement|anger|approval|gratitude|optimism
3385,10,disapproval,10|20|27,disapproval|optimism|neutral
3386,3,annoyance,3|7|9|13|18|25|26,annoyance|curiosity|disappointment|excitement|love|sadness|surprise
3387,2,anger,0|3|6|7|15|18|25|27,admiration|annoyance|confusion|curiosity|gratitude|love|sadness|neutral
3388,27,neutral,1|5|6|14|17|18|27,amusement|caring|confusion|fear|joy|love|neutral
3389,7|10,curiosity|disapproval,4|7|10|20|22|27,approval|curiosity|disapproval|optimism|realization|neutral
3390,27,neutral,2|5|9|11|22,anger|caring|disappointment|disgust|realization
3391,27,neutral,0|1|2|9|17|18|27,admiration|amusement|anger|disappointment|joy|love|neutral
3392,1|6,amusement|confusion,0|3|7|10|13|20,admiration|annoyance|curiosity|disapproval|excitement|optimism
3393,27,neutral,0|3|5|9|10|18|19|25,admiration|annoyance|caring|disappointment|disapproval|love|nervousness|sadness
3394,27,neutral,4|6|9|10|27,approval|confusion|disappointment|disapproval|neutral
3395,4,approval,5|7|20|22|27,caring|curiosity|optimism|realization|neutral
3396,27,neutral,0|5|10|18,admiration|caring|disapproval|love
3397,27,neutral,0|3|11|18,admiration|annoyance|disgust|love
3398,27,neutral,1|2|4|6|15|18|20,amusement|anger|approval|confusion|gratitude|love|optimism
3399,15,gratitude,3|10|13|17|20,annoyance|disapproval|excitement|joy|optimism
3400,27,neutral,0|1|4|10|11|18,admiration|amusement|approval|disapproval|disgust|love
3401,1,amusement,3|4|5|6|9|10|17|24,annoyance|approval|caring|confusion|disappointment|disapproval|joy|remorse
3402,4,approval,0|3|7|9|17|18|24|26,admiration|annoyance|curiosity|disappointment|joy|love|remorse|surprise
3403,0,admiration,1|5|7|8|15|18,amusement|caring|curiosity|desire|gratitude|love
3404,27,neutral,2|4|7|10|13|22|24|25,anger|approval|curiosity|disapproval|excitement|realization|remorse|sadness
3405,27,neutral,1|5|6|9|13|15|20|25,amusement|caring|confusion|disappointment|excitement|gratitude|optimism|sadness
3406,20,optimism,1|3|4|5|7,amusement|annoyance|approval|caring|curiosity
3407,27,neutral,2|4|6|9|11|22|26|27,anger|approval|confusion|disappointment|disgust|realization|surprise|neutral
3408,4,approval,2|10|15|17,anger|disapproval|gratitude|joy
3409,27,neutral,10|11|15|20|27,disapproval|disgust|gratitude|optimism|neutral
3410,1,amusement,3|4|5|8|10|25,annoyance|approval|caring|desire|disapproval|sadness
3411,27,neutral,0|6|11|13|15|18,admiration|confusion|disgust|excitement|gratitude|love
3412,6,confusion,4|5|6|8|17|27,approval|caring|confusion|desire|joy|neutral
3413,12,embarrassment,0|1|4|5|13|17|22|25,admiration|amusement|approval|caring|excitement|joy|realization|sadness
3414,10,disapproval,1|4|6|14|15|18,amusement|approval|confusion|fear|gratitude|love
3415,27,neutral,3|7|8|14|17|18|26|27,annoyance|curiosity|desire|fear|joy|love|surprise|neutral
3416,24,remorse,3|4|7|18|20|27,annoyance|approval|curiosity|love|optimism|neutral
3417,7,curiosity,0|3|13|27,admiration|annoyance|excitement|neutral
3418,27,neutral,3|15|20,annoyance|gratitude|optimism
3419,4,approval,4|5|7|9|10|17|20|26,approval|caring|curiosity|disappointment|disapproval|joy|optimism|surprise
3420,1,amusement,3|5|10|15|20|25,annoyance|caring|disapproval|gratitude|optimism|sadness
3421,13,excitement,1|3|14|17|22|24|27,amusement|annoyance|fear|joy|realization|remorse|neutral
3422,18,love,0|3|5|6|11|25,admiration|annoyance|caring|confusion|disgust|sadness
3423,27,neutral,2|4|6|14|18|20|25,anger|approval|confusion|fear|love|optimism|sadness
3424,9|25,disappointment|sadness,1|4|6|13|15|17,amusement|approval|confusion|excitement|gratitude|joy
3425,27,neutral,0|1|3|7|10|15|17|20,admiration|amusement|annoyance|curiosity|disapproval|gratitude|joy|optimism
3426,3,annoyance,2|3|4|7|18|27,anger|annoyance|approval|curiosity|love|neutral
3427,4,approval,3|14|15|17|18|27,annoyance|fear|gratitude|joy|love|neutral
3428,3,annoyance,3|6|7|9|11|13|15|17|18|23,annoyance|confusion|curiosity|disappointment|disgust|excitement|gratitude|joy|love|relief
3429,27,neutral,2|4|6|7|8|15|18|20|22|27,anger|approval|confusion|curiosity|desire|gratitude|love|optimism|realization|neutral
3430,15|18,gratitude|love,0|1|3|4|22|25,admiration|amusement|annoyance|approval|realization|sadness
3431,10,disapproval,18,love
3432,2|3,anger|annoyance,1|2|3|4|5|6|9|17,amusement|anger|annoyance|approval|caring|confusion|disappointment|joy
3433,27,neutral,1|3|5|10|18|27,amusement|annoyance|caring|disapproval|love|neutral
3434,27,neutral,0|3|4|5|6|7|9|10|12|13|14|17|18|22|25,admiration|annoyance|approval|caring|confusion|curiosity|disappointment|disapproval|embarrassment|excitement|fear|joy|love|realization|sadness
3435,27,neutral,0|3|20|26,admiration|annoyance|optimism|surprise
3436,8,desire,4|6|10|15|18|20|22|27,approval|confusion|disapproval|gratitude|love|optimism|realization|neutral
3437,27,neutral,3|6|9|14|15|25|26,annoyance|confusion|disappointment|fear|gratitude|sadness|surprise
3438,27,neutral,3|6|9|10|15|20,annoyance|confusion|disappointment|disapproval|gratitude|optimism
3439,3|9,annoyance|disappointment,0|1|4|8|15|17|20|22,admiration|amusement|approval|desire|gratitude|joy|optimism|realization
3440,15,gratitude,0|1|2|3|7|10|11|15|18|20|26,admiration|amusement|anger|annoyance|curiosity|disapproval|disgust|gratitude|love|optimism|surprise
3441,25,sadness,2|3|6|10|14|20|22|24,anger|annoyance|confusion|disapproval|fear|optimism|realization|remorse
3442,2|3,anger|annoyance,0|3|4|8|15|20,admiration|annoyance|approval|desire|gratitude|optimism
3443,6,confusion,1|2|3|5|7|11|14|20|26,amusement|anger|annoyance|caring|curiosity|disgust|fear|optimism|surprise
3444,4|15,approval|gratitude,2|6|7|15|17|18|20|25,anger|confusion|curiosity|gratitude|joy|love|optimism|sadness
3445,7,curiosity,0|4|6|10|11|13|17|20|25,admiration|approval|confusion|disapproval|disgust|excitement|joy|optimism|sadness
3446,0,admiration,0|3|4|20|25,admiration|annoyance|approval|optimism|sadness
3447,27,neutral,1|7,amusement|curiosity
3448,1,amusement,1|8|9|10|15,amusement|desire|disappointment|disapproval|gratitude
3449,0|10,admiration|disapproval,0|1|3|4|6|11|14|17|26,admiration|amusement|annoyance|approval|confusion|disgust|fear|joy|surprise
3450,1,amusement,5|7|8|9|10|17,caring|curiosity|desire|disappointment|disapproval|joy
3451,26,surprise,1|4|11|15|18|24,amusement|approval|disgust|gratitude|love|remorse
3452,4|27,approval|neutral,0|1|3|4|8|10,admiration|amusement|annoyance|approval|desire|disapproval
3453,3,annoyance,4|9|13|18,approval|disappointment|excitement|love
3454,18,love,1|2|5|6|10|12|15|17|24,amusement|anger|caring|confusion|disapproval|embarrassment|gratitude|joy|remorse
3455,17,joy,4|7|10|13|14|22|26|27,approval|curiosity|disapproval|excitement|fear|realization|surprise|neutral
3456,27,neutral,1|2|9|15|20|27,amusement|anger|disappointment|gratitude|optimism|neutral
3457,27,neutral,0|4|10|14|15|20,admiration|approval|disapproval|fear|gratitude|optimism
3458,4,approval,0|4|7|11|15,admiration|approval|curiosity|disgust|gratitude
3459,27,neutral,1|3|7|11|13|20,amusement|annoyance|curiosity|disgust|excitement|optimism
3460,27,neutral,0|1|7|9|13|25|26,admiration|amusement|curiosity|disappointment|excitement|sadness|surprise
3461,1,amusement,0|5|9|15|25|27,admiration|caring|disappointment|gratitude|sadness|neutral
3462,1|13,amusement|excitement,3|10|22|27,annoyance|disapproval|realization|neutral
3463,9,disappointment,0|1|7|8|9|13|15|22,admiration|amusement|curiosity|desire|disappointment|excitement|gratitude|realization
3464,27,neutral,3|7|13|15|17|25,annoyance|curiosity|excitement|gratitude|joy|sadness
3465,27,neutral,2|5|15|20|25,anger|caring|gratitude|optimism|sadness
3466,17,joy,1|7|22|27,amusement|curiosity|realization|neutral
3467,15,gratitude,1|4|10|18|22,amusement|approval|disapproval|love|realization
3468,1,amusement,6|7|14|25|26|27,confusion|curiosity|fear|sadness|surprise|neutral
3469,3|9,annoyance|disappointment,5|6|9|10|18|25|27,caring|confusion|disappointment|disapproval|love|sadness|neutral
3470,27,neutral,1|3|4|13|18|25,amusement|annoyance|approval|excitement|love|sadness
3471,12|27,embarrassment|neutral,0|2|5|20|25,admiration|anger|caring|optimism|sadness
3472,27,neutral,0|2|3|6|9|17|18|25,admiration|anger|annoyance|confusion|disappointment|joy|love|sadness
3473,27,neutral,1|2|5|6|15|20|24|26|27,amusement|anger|caring|confusion|gratitude|optimism|remorse|surprise|neutral
3474,1|4,amusement|approval,2|5|7|14|15|18|25,anger|caring|curiosity|fear|gratitude|love|sadness
3475,17,joy,2|3|10|15|22,anger|annoyance|disapproval|gratitude|realization
3476,5,caring,0|3|10|11|15|22|26|27,admiration|annoyance|disapproval|disgust|gratitude|realization|surprise|neutral
3477,27,neutral,6|11|13|25,confusion|disgust|excitement|sadness
3478,13,excitement,4|7|13|22|26|27,approval|curiosity|excitement|realization|surprise|neutral
3479,25,sadness,2|4|5|7|17|27,anger|approval|caring|curiosity|joy|neutral
3480,10,disapproval,0|2|5|6|10|18|20|25,admiration|anger|caring|confusion|disapproval|love|optimism|sadness
3481,27,neutral,0|5|9|15|18|20|27,admiration|caring|disappointment|gratitude|love|optimism|neutral
3482,20,optimism,4|9|25|27,approval|disappointment|sadness|neutral
3483,5|6,caring|confusion,4|7|9|10|18|20|24|27,approval|curiosity|disappointment|disapproval|love|optimism|remorse|neutral
3484,18,love,5|14|15|27,caring|fear|gratitude|neutral
3485,26,surprise,0|1|4|5|13|20|24,admiration|amusement|approval|caring|excitement|optimism|remorse
3486,1,amusement,9|13|15|20|22|26,disappointment|excitement|gratitude|optimism|realization|surprise
3487,14,fear,0|1|3|4|5,admiration|amusement|annoyance|approval|caring
3488,7,curiosity,1|5|8|17|18|24|25,amusement|caring|desire|joy|love|remorse|sadness
3489,15,gratitude,0|4|10|15,admiration|approval|disapproval|gratitude
3490,27,neutral,1|3|8|13|25|27,amusement|annoyance|desire|excitement|sadness|neutral
3491,24,remorse,0|5|7|9|18|20|22|26,admiration|caring|curiosity|disappointment|love|optimism|realization|surprise
3492,27,neutral,0|6|9|15,admiration|confusion|disappointment|gratitude
3493,27,neutral,1|2|4|5|7|8|9|18|27,amusement|anger|approval|caring|curiosity|desire|disappointment|love|neutral
3494,15,gratitude,1|3|7|15|17,amusement|annoyance|curiosity|gratitude|joy
3495,17,joy,0|3|4|6|8|11|17|18,admiration|annoyance|approval|confusion|desire|disgust|joy|love
3496,3,annoyance,4|10|18|22|25,approval|disapproval|love|realization|sadness
3497,3,annoyance,0|2|10|14|15|18,admiration|anger|disapproval|fear|gratitude|love
3498,6,confusion,1|9|20|25,amusement|disappointment|optimism|sadness
3499,6,confusion,8|11|14|17|20|25|27,desire|disgust|fear|joy|optimism|sadness|neutral
3500,4|7,approval|curiosity,0|2|3|9|10|17|18|22|24,admiration|anger|annoyance|disappointment|disapproval|joy|love|realization|remorse
3501,6,confusion,2|7|10|18|27,anger|curiosity|disapproval|love|neutral
3502,0|22,admiration|realization,3|9|10|12|25|27,annoyance|disappointment|disapproval|embarrassment|sadness|neutral
3503,27,neutral,3|9|10,annoyance|disappointment|disapproval
3504,4,approval,0|6|11|14|15|27,admiration|confusion|disgust|fear|gratitude|neutral
3505,27,neutral,0|1|2|3|4|6|8|13,admiration|amusement|anger|annoyance|approval|confusion|desire|excitement
3506,9,disappointment,0|1|18|25,admiration|amusement|love|sadness
3507,27,neutral,0|1|2|4|8|9|11|15|22|25,admiration|amusement|anger|approval|desire|disappointment|disgust|gratitude|realization|sadness
3508,27,neutral,1|5|7|12|15|18|20|22|26|27,amusement|caring|curiosity|embarrassment|gratitude|love|optimism|realization|surprise|neutral
3509,27,neutral,0|5|7|9,admiration|caring|curiosity|disappointment
3510,3,annoyance,4|7|9|12|15|20|25,approval|curiosity|disappointment|embarrassment|gratitude|optimism|sadness
3511,0|4,admiration|approval,0|1|4|5|20|27,admiration|amusement|approval|caring|optimism|neutral
3512,4,approval,0|3|4|5|13|18|25,admiration|annoyance|approval|caring|excitement|love|sadness
3513,27,neutral,1|4|7|9|20|22,amusement|approval|curiosity|disappointment|optimism|realization
3514,4|22,approval|realization,0|1|3|5|6|20|25,admiration|amusement|annoyance|caring|confusion|optimism|sadness
3515,4,approval,0|1|6|7|9|17|25,admiration|amusement|confusion|curiosity|disappointment|joy|sadness
3516,4,approval,1|2|6|22|27,amusement|anger|confusion|realization|neutral
3517,25,sadness,1|2|3|9|13|18,amusement|anger|annoyance|disappointment|excitement|love
3518,27,neutral,6|7|8|10|17|22,confusion|curiosity|desire|disapproval|joy|realization
3519,27,neutral,2|3|4|17|20,anger|annoyance|approval|joy|optimism
3520,5|27,caring|neutral,6|8|10|13|18|25,confusion|desire|disapproval|excitement|love|sadness
3521,26,surprise,1|6|10|11|15|20|27,amusement|confusion|disapproval|disgust|gratitude|optimism|neutral
3522,0,admiration,0|3|5|10|11|27,admiration|annoyance|caring|disapproval|disgust|neutral
3523,7|24,curiosity|remorse,0|1|5|15|18|25|27,admiration|amusement|caring|gratitude|love|sadness|neutral
3524,2,anger,0|3|4|5|8|10|22|27,admiration|annoyance|approval|caring|desire|disapproval|realization|neutral
3525,1,amusement,0|4|10|11|17|24|25|26|27,admiration|approval|disapproval|disgust|joy|remorse|sadness|surprise|neutral
3526,4,approval,5|6|10|18|20|25,caring|confusion|disapproval|love|optimism|sadness
3527,27,neutral,3|4|6|10|22|25|27,annoyance|approval|confusion|disapproval|realization|sadness|neutral
3528,14|19,fear|nervousness,4|10|15|17|25,approval|disapproval|gratitude|joy|sadness
3529,13|25,excitement|sadness,9|11|18|27,disappointment|disgust|love|neutral
3530,27,neutral,0|2|3|6|17|27,admiration|anger|annoyance|confusion|joy|neutral
3531,4,approval,9|10|22|26|27,disappointment|disapproval|realization|surprise|neutral
3532,27,neutral,0|1|4|6|10|11|18|24,admiration|amusement|approval|confusion|disapproval|disgust|love|remorse
3533,27,neutral,0|3|5|9|27,admiration|annoyance|caring|disappointment|neutral
3534,11,disgust,4|5|10|20|22|25,approval|caring|disapproval|optimism|realization|sadness
3535,11|25,disgust|sadness,0|4|9|15,admiration|approval|disappointment|gratitude
3536,1,amusement,5|9|17|20|25|26|27,caring|disappointment|joy|optimism|sadness|surprise|neutral
3537,2,anger,3|9|10|27,annoyance|disappointment|disapproval|neutral
3538,3,annoyance,1|4|7|13|15|24|25|27,amusement|approval|curiosity|excitement|gratitude|remorse|sadness|neutral
3539,1,amusement,0|1|2|5|9|15|27,admiration|amusement|anger|caring|disappointment|gratitude|neutral
3540,0,admiration,0|1|4|20|22|25,admiration|amusement|approval|optimism|realization|sadness
3541,6|7,confusion|curiosity,3|9|10|13|18|20|22,annoyance|disappointment|disapproval|excitement|love|optimism|realization
3542,20,optimism,0|5|10|18|20,admiration|caring|disapproval|love|optimism
3543,1,amusement,3|4|9|10|17|26|27,annoyance|approval|disappointment|disapproval|joy|surprise|neutral
3544,4,approval,1|8|17|18|20|25,amusement|desire|joy|love|optimism|sadness
3545,10,disapproval,1|3|5|10|18|27,amusement|annoyance|caring|disapproval|love|neutral
3546,15,gratitude,1|3|6|10|15,amusement|annoyance|confusion|disapproval|gratitude
3547,3|10,annoyance|disapproval,0|6|7|8|11|13|15|22|24|25|26,admiration|confusion|curiosity|desire|disgust|excitement|gratitude|realization|remorse|sadness|surprise
3548,24,remorse,3|4|7|10|11|17|24|25|27,annoyance|approval|curiosity|disapproval|disgust|joy|remorse|sadness|neutral
3549,27,neutral,1|3|4|17|22,amusement|annoyance|approval|joy|realization
3550,0,admiration,1|4|10|11|18|25,amusement|approval|disapproval|disgust|love|sadness
3551,18,love,0|2|4|5|7|9|15|18,admiration|anger|approval|caring|curiosity|disappointment|gratitude|love
3552,27,neutral,10|17|27,disapproval|joy|neutral
3553,1,amusement,0|1|3|4|6|7|10|11|20|24,admiration|amusement|annoyance|approval|confusion|curiosity|disapproval|disgust|optimism|remorse
3554,2,anger,2|3|6|9|20|27,anger|annoyance|confusion|disappointment|optimism|neutral
3555,15,gratitude,0|2|4|6|7|20|26,admiration|anger|approval|confusion|curiosity|optimism|surprise
3556,27,neutral,0|2|9|11|17|20,admiration|anger|disappointment|disgust|joy|optimism
3557,27,neutral,0|10|25|27,admiration|disapproval|sadness|neutral
3558,27,neutral,2|6|7|9|11|17|27,anger|confusion|curiosity|disappointment|disgust|joy|neutral
3559,27,neutral,3|7|13|14,annoyance|curiosity|excitement|fear
3560,27,neutral,0|1|6|13|17|18,admiration|amusement|confusion|excitement|joy|love
3561,2|3,anger|annoyance,1|6|15|27,amusement|confusion|gratitude|neutral
3562,20,optimism,2|6|7|10|14|15|27,anger|confusion|curiosity|disapproval|fear|gratitude|neutral
3563,4,approval,0|1|4|10|18|24|27,admiration|amusement|approval|disapproval|love|remorse|neutral
3564,2,anger,0|4|8|10|13|15|20|25,admiration|approval|desire|disapproval|excitement|gratitude|optimism|sadness
3565,0,admiration,4|7|18|27,approval|curiosity|love|neutral
3566,27,neutral,8|10|11|15|27,desire|disapproval|disgust|gratitude|neutral
3567,18,love,6|7|10|11|13|27,confusion|curiosity|disapproval|disgust|excitement|neutral
3568,13,excitement,2|10|15|18|25|27,anger|disapproval|gratitude|love|sadness|neutral
3569,27,neutral,2|5|11|15|17|20,anger|caring|disgust|gratitude|joy|optimism
3570,0,admiration,1|2|3|5|7|11|15|22|25,amusement|anger|annoyance|caring|curiosity|disgust|gratitude|realization|sadness
3571,11,disgust,0|3|4|10|27,admiration|annoyance|approval|disapproval|neutral
3572,26,surprise,0|4|7|9|22,admiration|approval|curiosity|disappointment|realization
3573,5|10,caring|disapproval,4|5|6|12|20|27,approval|caring|confusion|embarrassment|optimism|neutral
3574,1,amusement,5|10|24|27,caring|disapproval|remorse|neutral
3575,11,disgust,1|2|3|15|18|26,amusement|anger|annoyance|gratitude|love|surprise
3576,27,neutral,7|9|17|20|26|27,curiosity|disappointment|joy|optimism|surprise|neutral
3577,0,admiration,0|3|6|11|17|18|20,admiration|annoyance|confusion|disgust|joy|love|optimism
3578,27,neutral,3|4|13|27,annoyance|approval|excitement|neutral
3579,9,disappointment,0|4|14|17|27,admiration|approval|fear|joy|neutral
3580,20,optimism,7|10|14|18,curiosity|disapproval|fear|love
3581,9|26,disappointment|surprise,15|25|26|27,gratitude|sadness|surprise|neutral
3582,7|20,curiosity|optimism,0|1|7|10|15|18|26|27,admiration|amusement|curiosity|disapproval|gratitude|love|surprise|neutral
3583,27,neutral,0|6|10|11,admiration|confusion|disapproval|disgust
3584,5,caring,0|5|9|10,admiration|caring|disappointment|disapproval
3585,1,amusement,3|7|10|17|22|25,annoyance|curiosity|disapproval|joy|realization|sadness
3586,27,neutral,0|4|6,admiration|approval|confusion
3587,27,neutral,9|17|18|20|25|26,disappointment|joy|love|optimism|sadness|surprise
3588,9,disappointment,0|20|24|27,admiration|optimism|remorse|neutral
3589,4,approval,0|4|6|13|15|17|23,admiration|approval|confusion|excitement|gratitude|joy|relief
3590,18|22,love|realization,0|3|5|9|10|19,admiration|annoyance|caring|disappointment|disapproval|nervousness
3591,10,disapproval,0|13|22|27,admiration|excitement|realization|neutral
3592,18,love,7|8|11|15|17|18,curiosity|desire|disgust|gratitude|joy|love
3593,7|27,curiosity|neutral,0|25|27,admiration|sadness|neutral
3594,10,disapproval,1|4|27,amusement|approval|neutral
3595,17,joy,3|4|9|13|20|25,annoyance|approval|disappointment|excitement|optimism|sadness
3596,4,approval,1|3|5|6|9|18|26|27,amusement|annoyance|caring|confusion|disappointment|love|surprise|neutral
3597,3,annoyance,2|3|9|15|18,anger|annoyance|disappointment|gratitude|love
3598,27,neutral,0|5|10|11|18|25,admiration|caring|disapproval|disgust|love|sadness
3599,27,neutral,0|1|13|20|27,admiration|amusement|excitement|optimism|neutral
3600,27,neutral,0|1|2|4|6|9|14|20|23|26,admiration|amusement|anger|approval|confusion|disappointment|fear|optimism|relief|surprise
3601,0,admiration,0|1|4|15|18|22|26,admiration|amusement|approval|gratitude|love|realization|surprise
3602,1,amusement,4|15|17,approval|gratitude|joy
3603,1|18,amusement|love,1|10|15|17|18|25|27,amusement|disapproval|gratitude|joy|love|sadness|neutral
3604,15,gratitude,1|5|9|20|22,amusement|caring|disappointment|optimism|realization
3605,27,neutral,1|3|4|6|7|15|26,amusement|annoyance|approval|confusion|curiosity|gratitude|surprise
3606,4,approval,2|4|6|18|27,anger|approval|confusion|love|neutral
3607,18,love,0|5|10|15|18|22|25,admiration|caring|disapproval|gratitude|love|realization|sadness
3608,27,neutral,0|1|2|4|15|17,admiration|amusement|anger|approval|gratitude|joy
3609,6,confusion,1|2|15|26|27,amusement|anger|gratitude|surprise|neutral
3610,10,disapproval,3|10|15|17|18|20|25,annoyance|disapproval|gratitude|joy|love|optimism|sadness
3611,4,approval,0|1|5|10|18|20,admiration|amusement|caring|disapproval|love|optimism
3612,27,neutral,0|3|6|7|8|9|15|25,admiration|annoyance|confusion|curiosity|desire|disappointment|gratitude|sadness
3613,7,curiosity,0|4|5|7|10|11,admiration|approval|caring|curiosity|disapproval|disgust
3614,14,fear,0|3|5|15|17|27,admiration|annoyance|caring|gratitude|joy|neutral
3615,27,neutral,2|4|13|19|20|26,anger|approval|excitement|nervousness|optimism|surprise
3616,3|9,annoyance|disappointment,0|1|6|9|15|24,admiration|amusement|confusion|disappointment|gratitude|remorse
3617,15,gratitude,0|4|6|11|17|27,admiration|approval|confusion|disgust|joy|neutral
3618,5,caring,0|7|11|13|14,admiration|curiosity|disgust|excitement|fear
3619,27,neutral,0|4|7|26|27,admiration|approval|curiosity|surprise|neutral
3620,0,admiration,0|1|2|3|4|10|13|17|20,admiration|amusement|anger|annoyance|approval|disapproval|excitement|joy|optimism
3621,27,neutral,4|7|8|13|27,approval|curiosity|desire|excitement|neutral
3622,27,neutral,2|3|4|6|7|9|10|15|18|27,anger|annoyance|approval|confusion|curiosity|disappointment|disapproval|gratitude|love|neutral
3623,15,gratitude,0|4|10|22|24,admiration|approval|disapproval|realization|remorse
3624,4|5|7,approval|caring|curiosity,0|3|7|11|26,admiration|annoyance|curiosity|disgust|surprise
3625,7,curiosity,0|10|13|15|20|27,admiration|disapproval|excitement|gratitude|optimism|neutral
3626,27,neutral,0|4|22|27,admiration|approval|realization|neutral
3627,12,embarrassment,0|1|6|7|8|15|25,admiration|amusement|confusion|curiosity|desire|gratitude|sadness
3628,0,admiration,0|4|6|7|15|20,admiration|approval|confusion|curiosity|gratitude|optimism
3629,0,admiration,0|4|6|10|13|27,admiration|approval|confusion|disapproval|excitement|neutral
3630,27,neutral,0|1|13|22|27,admiration|amusement|excitement|realization|neutral
3631,5,caring,2|3|11|15|18|20|24|25,anger|annoyance|disgust|gratitude|love|optimism|remorse|sadness
3632,0|3,admiration|annoyance,1|2|4|6|8|10|22|27,amusement|anger|approval|confusion|desire|disapproval|realization|neutral
3633,27,neutral,0|1|4|9|10|13|25,admiration|amusement|approval|disappointment|disapproval|excitement|sadness
3634,0|4,admiration|approval,0|7|18|20|27,admiration|curiosity|love|optimism|neutral
3635,11|24,disgust|remorse,4|7|9|10|20|26|27,approval|curiosity|disappointment|disapproval|optimism|surprise|neutral
3636,4,approval,1|3|5|8|15|22|27,amusement|annoyance|caring|desire|gratitude|realization|neutral
3637,20|27,optimism|neutral,0|5|9|16|17|18|27,admiration|caring|disappointment|grief|joy|love|neutral
3638,27,neutral,0|5|18|25|26,admiration|caring|love|sadness|surprise
3639,5|20,caring|optimism,0|1|3|4|6|7|17,admiration|amusement|annoyance|approval|confusion|curiosity|joy
3640,10,disapproval,0|4|15|17|20,admiration|approval|gratitude|joy|optimism
3641,27,neutral,1|2|3|4|5|8|9|11|15|24,amusement|anger|annoyance|approval|caring|desire|disappointment|disgust|gratitude|remorse
3642,27,neutral,0|3|4|5|10|17|18|22|26,admiration|annoyance|approval|caring|disapproval|joy|love|realization|surprise
3643,7,curiosity,3|15|17|20|22|24|26,annoyance|gratitude|joy|optimism|realization|remorse|surprise
3644,8,desire,0|2|3|15|27,admiration|anger|annoyance|gratitude|neutral
3645,9,disappointment,1|9|11|13|18|22|25,amusement|disappointment|disgust|excitement|love|realization|sadness
3646,20,optimism,0|3|5|9|10|25|27,admiration|annoyance|caring|disappointment|disapproval|sadness|neutral
3647,4,approval,1|4|5|6|7|14|20,amusement|approval|caring|confusion|curiosity|fear|optimism
3648,8,desire,3|5|7|24|26,annoyance|caring|curiosity|remorse|surprise
3649,10,disapproval,0|6|24,admiration|confusion|remorse
3650,4|14|18,approval|fear|love,9|10|11|18|26|27,disappointment|disapproval|disgust|love|surprise|neutral
3651,25,sadness,1|2|5|7|9|15|17|18|27,amusement|anger|caring|curiosity|disappointment|gratitude|joy|love|neutral
3652,15|24,gratitude|remorse,0|3|4|10|13|22|27,admiration|annoyance|approval|disapproval|excitement|realization|neutral
3653,10,disapproval,0|3|4|7|17|18|27,admiration|annoyance|approval|curiosity|joy|love|neutral
3654,27,neutral,1|5|20|27,amusement|caring|optimism|neutral
3655,3,annoyance,1|7|10|11|25|27,amusement|curiosity|disapproval|disgust|sadness|neutral
3656,10,disapproval,0|1|3|6|14|20|26,admiration|amusement|annoyance|confusion|fear|optimism|surprise
3657,27,neutral,0|1|2|3|6|9|10|11|15|18,admiration|amusement|anger|annoyance|confusion|disappointment|disapproval|disgust|gratitude|love
3658,17,joy,0|5|6|9|17|20|24|26,admiration|caring|confusion|disappointment|joy|optimism|remorse|surprise
3659,26,surprise,0|4|7|9|15|17|24|26,admiration|approval|curiosity|disappointment|gratitude|joy|remorse|surprise
3660,1,amusement,0|2|4|5|6|7|11|22|24|25|27,admiration|anger|approval|caring|confusion|curiosity|disgust|realization|remorse|sadness|neutral
3661,10,disapproval,0|1|8|15|22|27,admiration|amusement|desire|gratitude|realization|neutral
3662,10,disapproval,1|7|10|14|15|17|25|26|27,amusement|curiosity|disapproval|fear|gratitude|joy|sadness|surprise|neutral
3663,5,caring,3|6|7|8|13|27,annoyance|confusion|curiosity|desire|excitement|neutral
3664,12,embarrassment,0|2|6|7|18|20|25|26,admiration|anger|confusion|curiosity|love|optimism|sadness|surprise
3665,27,neutral,3|6|7|9|10|13|22|25|26,annoyance|confusion|curiosity|disappointment|disapproval|excitement|realization|sadness|surprise
3666,2|3,anger|annoyance,0|1|2|6|10|17|26,admiration|amusement|anger|confusion|disapproval|joy|surprise
3667,24|25,remorse|sadness,0|1|2|3|4|7|18|20|22,admiration|amusement|anger|annoyance|approval|curiosity|love|optimism|realization
3668,18,love,4|8|20|27,approval|desire|optimism|neutral
3669,26,surprise,0|4|5|6|11|22|27,admiration|approval|caring|confusion|disgust|realization|neutral
3670,0,admiration,1|3|7|10|20|27,amusement|annoyance|curiosity|disapproval|optimism|neutral
3671,10,disapproval,0|3|6|22|27,admiration|annoyance|confusion|realization|neutral
3672,10,disapproval,1|3|4|7|10|20|25|26,amusement|annoyance|approval|curiosity|disapproval|optimism|sadness|surprise
3673,6,confusion,0|1|10|14|27,admiration|amusement|disapproval|fear|neutral
3674,27,neutral,1|2|4|5|14|27,amusement|anger|approval|caring|fear|neutral
3675,27,neutral,0|4|9|13,admiration|approval|disappointment|excitement
3676,27,neutral,1|5|6|7|17|18|24|27,amusement|caring|confusion|curiosity|joy|love|remorse|neutral
3677,9,disappointment,3|7|20|26,annoyance|curiosity|optimism|surprise
3678,5,caring,5|6|7|9|11|14|18|20,caring|confusion|curiosity|disappointment|disgust|fear|love|optimism
3679,7,curiosity,0|2|3|11|15|17,admiration|anger|annoyance|disgust|gratitude|joy
3680,27,neutral,2|6|7|9|15|22|27,anger|confusion|curiosity|disappointment|gratitude|realization|neutral
3681,27,neutral,1|6|8|15,amusement|confusion|desire|gratitude
3682,0,admiration,0|4|6|15|20|22|26|27,admiration|approval|confusion|gratitude|optimism|realization|surprise|neutral
3683,4,approval,3|4|14|15|26,annoyance|approval|fear|gratitude|surprise
3684,19|25,nervousness|sadness,0|1|6|10|14|15|17|25,admiration|amusement|confusion|disapproval|fear|gratitude|joy|sadness
3685,11|14|20,disgust|fear|optimism,4|7|9|18|20|27,approval|curiosity|disappointment|love|optimism|neutral
3686,4|15,approval|gratitude,2|7|9|11|15|17|20|25,anger|curiosity|disappointment|disgust|gratitude|joy|optimism|sadness
3687,3|14,annoyance|fear,1|7|15|18|22|25|27,amusement|curiosity|gratitude|love|realization|sadness|neutral
3688,18,love,3|4|9|17|18|22|25,annoyance|approval|disappointment|joy|love|realization|sadness
3689,4,approval,0|1|12|17|27,admiration|amusement|embarrassment|joy|neutral
3690,25,sadness,1|4|6|8|9|17|26|27,amusement|approval|confusion|desire|disappointment|joy|surprise|neutral
3691,22,realization,6|10|11|20|22,confusion|disapproval|disgust|optimism|realization
3692,4|27,approval|neutral,2|5|10|25,anger|caring|disapproval|sadness
3693,1,amusement,1|5|15|18|25|27,amusement|caring|gratitude|love|sadness|neutral
3694,27,neutral,3|7|11|26|27,annoyance|curiosity|disgust|surprise|neutral
3695,6,confusion,8|10|11|14|15|26|27,desire|disapproval|disgust|fear|gratitude|surprise|neutral
3696,27,neutral,2|3|8|9|17|18|20|25|27,anger|annoyance|desire|disappointment|joy|love|optimism|sadness|neutral
3697,27,neutral,2|3|4|8|10|14|26,anger|annoyance|approval|desire|disapproval|fear|surprise
3698,20,optimism,2|10|14|20|27,anger|disapproval|fear|optimism|neutral
3699,15,gratitude,2|6|27,anger|confusion|neutral
3700,3,annoyance,4|6|9|24,approval|confusion|disappointment|remorse
3701,27,neutral,0|7|8|14|27,admiration|curiosity|desire|fear|neutral
3702,27,neutral,3|15|25,annoyance|gratitude|sadness
3703,11,disgust,2|4|17|20|27,anger|approval|joy|optimism|neutral
3704,27,neutral,0|7|10|13|15|20|24|27,admiration|curiosity|disapproval|excitement|gratitude|optimism|remorse|neutral
3705,26,surprise,0|1|3|4|6|10|13|15|17,admiration|amusement|annoyance|approval|confusion|disapproval|excitement|gratitude|joy
3706,3,annoyance,0|7|8|9|18|22|25|27,admiration|curiosity|desire|disappointment|love|realization|sadness|neutral
3707,5,caring,3|7|9|10|17|22|27,annoyance|curiosity|disappointment|disapproval|joy|realization|neutral
3708,27,neutral,1|3|6|20|25,amusement|annoyance|confusion|optimism|sadness
3709,4,approval,3|11|20|22|27,annoyance|disgust|optimism|realization|neutral
3710,27,neutral,2|4|5|17|18|22|27,anger|approval|caring|joy|love|realization|neutral
3711,27,neutral,3|4|10|11|15|22|26,annoyance|approval|disapproval|disgust|gratitude|realization|surprise
3712,3|10,annoyance|disapproval,4|6|7|8|10|15|22|25,approval|confusion|curiosity|desire|disapproval|gratitude|realization|sadness
3713,27,neutral,2|9|24|27,anger|disappointment|remorse|neutral
3714,23,relief,0|9|15|18|25,admiration|disappointment|gratitude|love|sadness
3715,0|4,admiration|approval,0|1|2|11|12|13|15,admiration|amusement|anger|disgust|embarrassment|excitement|gratitude
3716,11,disgust,2|3|6|10|14|18|20|26,anger|annoyance|confusion|disapproval|fear|love|optimism|surprise
3717,0,admiration,1|2|4|5|9|17|22,amusement|anger|approval|caring|disappointment|joy|realization
3718,27,neutral,6|15|20|27,confusion|gratitude|optimism|neutral
3719,7,curiosity,1|4|13|15|18|20|25,amusement|approval|excitement|gratitude|love|optimism|sadness
3720,27,neutral,1|2|7|17|18,amusement|anger|curiosity|joy|love
3721,27,neutral,15|17|25,gratitude|joy|sadness
3722,7,curiosity,6|7|10|11|18|25,confusion|curiosity|disapproval|disgust|love|sadness
3723,18,love,1|8|18|20|22|27,amusement|desire|love|optimism|realization|neutral
3724,17,joy,1|3|9|13|25,amusement|annoyance|disappointment|excitement|sadness
3725,4|22,approval|realization,1|2|13|22|25|27,amusement|anger|excitement|realization|sadness|neutral
3726,9,disappointment,6|7|10|13|15|22|25,confusion|curiosity|disapproval|excitement|gratitude|realization|sadness
3727,0,admiration,0|2|4|5|11|20|25|27,admiration|anger|approval|caring|disgust|optimism|sadness|neutral
3728,0,admiration,2|5|11|27,anger|caring|disgust|neutral
3729,27,neutral,1|4|6|10|13|15|20|27,amusement|approval|confusion|disapproval|excitement|gratitude|optimism|neutral
3730,9,disappointment,4|9|10|17|22|27,approval|disappointment|disapproval|joy|realization|neutral
3731,27,neutral,2|9|11|17|18|24|25|26,anger|disappointment|disgust|joy|love|remorse|sadness|surprise
3732,26,surprise,3|6|14|15|17|18|20|26,annoyance|confusion|fear|gratitude|joy|love|optimism|surprise
3733,17,joy,6|7|18|20|22,confusion|curiosity|love|optimism|realization
3734,7,curiosity,18,love
3735,1|17,amusement|joy,0|1|6|7|9|10|11|17|25,admiration|amusement|confusion|curiosity|disappointment|disapproval|disgust|joy|sadness
3736,8,desire,0|1|2|9|15|22|26|27,admiration|amusement|anger|disappointment|gratitude|realization|surprise|neutral
3737,27,neutral,1|4|7|8|14|18|22,amusement|approval|curiosity|desire|fear|love|realization
3738,27,neutral,1|3|6|17|27,amusement|annoyance|confusion|joy|neutral
3739,7,curiosity,1|2|3|5|9|11|15|17,amusement|anger|annoyance|caring|disappointment|disgust|gratitude|joy
3740,19,nervousness,1|3|10|20|27,amusement|annoyance|disapproval|optimism|neutral
3741,24|25,remorse|sadness,1|2|4|6|7|8|14|17|27,amusement|anger|approval|confusion|curiosity|desire|fear|joy|neutral
3742,22|25,realization|sadness,6|10|20|25|27,confusion|disapproval|optimism|sadness|neutral
3743,27,neutral,10|25|27,disapproval|sadness|neutral
3744,5|27,caring|neutral,2|3|5|10|13|17|20,anger|annoyance|caring|disapproval|excitement|joy|optimism
3745,27,neutral,9|10|13|15|17|26,disappointment|disapproval|excitement|gratitude|joy|surprise
3746,2|27,anger|neutral,2|4|6|10|11|15|20,anger|approval|confusion|disapproval|disgust|gratitude|optimism
3747,7,curiosity,4|11|19|20|27,approval|disgust|nervousness|optimism|neutral
3748,18,love,0|1|6|7|11|15|20,admiration|amusement|confusion|curiosity|disgust|gratitude|optimism
3749,18,love,9|10|13|22|25|27,disappointment|disapproval|excitement|realization|sadness|neutral
3750,18,love,6|7|9|15|17|25,confusion|curiosity|disappointment|gratitude|joy|sadness
3751,27,neutral,1|2|11|13|14|17|18|27,amusement|anger|disgust|excitement|fear|joy|love|neutral
3752,25,sadness,0|2|3|7,admiration|anger|annoyance|curiosity
3753,27,neutral,5|10|15|17|25,caring|disapproval|gratitude|joy|sadness
3754,27,neutral,3|9|11|20|25|27,annoyance|disappointment|disgust|optimism|sadness|neutral
3755,22,realization,0|3|5|7|8|9|10|13|17|20,admiration|annoyance|caring|curiosity|desire|disappointment|disapproval|excitement|joy|optimism
3756,0,admiration,1|9|10|14|20|22|26,amusement|disappointment|disapproval|fear|optimism|realization|surprise
3757,20,optimism,2|7|14|17|22|26|27,anger|curiosity|fear|joy|realization|surprise|neutral
3758,7|25,curiosity|sadness,3|7|9|10|13|18|25|26|27,annoyance|curiosity|disappointment|disapproval|excitement|love|sadness|surprise|neutral
3759,0,admiration,0|2|4|6|7|15|18|26,admiration|anger|approval|confusion|curiosity|gratitude|love|surprise
3760,4,approval,0|1|2|7|15|22|24|27,admiration|amusement|anger|curiosity|gratitude|realization|remorse|neutral
3761,18,love,1|2|4|9|15|17|25,amusement|anger|approval|disappointment|gratitude|joy|sadness
3762,27,neutral,2|4|6|7|10|11|17|20|27,anger|approval|confusion|curiosity|disapproval|disgust|joy|optimism|neutral
3763,22|27,realization|neutral,3|4|5|6|11|15|26,annoyance|approval|caring|confusion|disgust|gratitude|surprise
3764,2|3,anger|annoyance,0|4|11|24|26,admiration|approval|disgust|remorse|surprise
3765,18,love,2|3|7|10|13|18|20|25|26,anger|annoyance|curiosity|disapproval|excitement|love|optimism|sadness|surprise
3766,13,excitement,0|4|6|7|8|15,admiration|approval|confusion|curiosity|desire|gratitude
3767,5,caring,0|2|3|9|17|25|26,admiration|anger|annoyance|disappointment|joy|sadness|surprise
3768,27,neutral,2|3|18|26|27,anger|annoyance|love|surprise|neutral
3769,18,love,3|4|9|22|27,annoyance|approval|disappointment|realization|neutral
3770,27,neutral,0|6|7|9|17|18,admiration|confusion|curiosity|disappointment|joy|love
3771,27,neutral,1|3|4|8|10|18|20|22,amusement|annoyance|approval|desire|disapproval|love|optimism|realization
3772,5|14,caring|fear,0|8|9|27,admiration|desire|disappointment|neutral
3773,25,sadness,3|4|10|15|17|22|25|26|27,annoyance|approval|disapproval|gratitude|joy|realization|sadness|surprise|neutral
3774,27,neutral,6|15|17|18,confusion|gratitude|joy|love
3775,4,approval,0|1|2|3|10,admiration|amusement|anger|annoyance|disapproval
3776,5|8|20|25,caring|desire|optimism|sadness,0|6|7|10|24|25|27,admiration|confusion|curiosity|disapproval|remorse|sadness|neutral
3777,27,neutral,0|2|4|7|18|22|26|27,admiration|anger|approval|curiosity|love|realization|surprise|neutral
3778,9,disappointment,2|4|6|7|8|14|17|18|25|27,anger|approval|confusion|curiosity|desire|fear|joy|love|sadness|neutral
3779,0,admiration,1|3|5|14|15|18|22|25|27,amusement|annoyance|caring|fear|gratitude|love|realization|sadness|neutral
3780,13,excitement,1|3|7|9|13|14|15|20|22,amusement|annoyance|curiosity|disappointment|excitement|fear|gratitude|optimism|realization
3781,27,neutral,0|1|9|11|14|25,admiration|amusement|disappointment|disgust|fear|sadness
3782,0,admiration,0|6|7|15|20|27,admiration|confusion|curiosity|gratitude|optimism|neutral
3783,7,curiosity,0|3|4|5|6|7|9|20|27,admiration|annoyance|approval|caring|confusion|curiosity|disappointment|optimism|neutral
3784,18,love,1|3|6|7|9|10|11|17|25|27,amusement|annoyance|confusion|curiosity|disappointment|disapproval|disgust|joy|sadness|neutral
3785,13|26,excitement|surprise,3|4|10|15|27,annoyance|approval|disapproval|gratitude|neutral
3786,15,gratitude,0|15|18|22|25|26|27,admiration|gratitude|love|realization|sadness|surprise|neutral
3787,27,neutral,0|2|8|9|12|15|18|26|27,admiration|anger|desire|disappointment|embarrassment|gratitude|love|surprise|neutral
3788,0,admiration,0|6|7|9|18|25|27,admiration|confusion|curiosity|disappointment|love|sadness|neutral
3789,27,neutral,0|4|6|7|18|20|24|27,admiration|approval|confusion|curiosity|love|optimism|remorse|neutral
3790,3|27,annoyance|neutral,1|4|6|7|13|15|18|20|22,amusement|approval|confusion|curiosity|excitement|gratitude|love|optimism|realization
3791,4,approval,0|10|17|22|27,admiration|disapproval|joy|realization|neutral
3792,4,approval,1|17|20|22,amusement|joy|optimism|realization
3793,27,neutral,2|3|4|15|17|20|22|25|26,anger|annoyance|approval|gratitude|joy|optimism|realization|sadness|surprise
3794,27,neutral,0|4|5|10|18|20|26|27,admiration|approval|caring|disapproval|love|optimism|surprise|neutral
3795,4,approval,1|3|10|15|17|18|27,amusement|annoyance|disapproval|gratitude|joy|love|neutral
3796,11,disgust,2|4|17|18|20|22|27,anger|approval|joy|love|optimism|realization|neutral
3797,10,disapproval,2|3|4|6|7|10|22|27,anger|annoyance|approval|confusion|curiosity|disapproval|realization|neutral
3798,27,neutral,5|15|22|25|27,caring|gratitude|realization|sadness|neutral
3799,20,optimism,1|2|3|17,amusement|anger|annoyance|joy
3800,27,neutral,0|1|5|7|15|17|20|22|24,admiration|amusement|caring|curiosity|gratitude|joy|optimism|realization|remorse
3801,5,caring,3|5|10|14|20|25|27,annoyance|caring|disapproval|fear|optimism|sadness|neutral
3802,7,curiosity,1|2|3|4|12|13|17,amusement|anger|annoyance|approval|embarrassment|excitement|joy
3803,27,neutral,6|25|27,confusion|sadness|neutral
3804,2|3,anger|annoyance,2|7|9|10,anger|curiosity|disappointment|disapproval
3805,1,amusement,4|18,approval|love
3806,27,neutral,2|3|4|8|17|27,anger|annoyance|approval|desire|joy|neutral
3807,27,neutral,3|10|13,annoyance|disapproval|excitement
3808,1|4,amusement|approval,2|3|7|10|13|17,anger|annoyance|curiosity|disapproval|excitement|joy
3809,0|14,admiration|fear,0|4|9|20|25|27,admiration|approval|disappointment|optimism|sadness|neutral
3810,18,love,1|2|4|9|13|15|25,amusement|anger|approval|disappointment|excitement|gratitude|sadness
3811,27,neutral,5|7|9|14|15|25|26,caring|curiosity|disappointment|fear|gratitude|sadness|surprise
3812,5,caring,1|2|3|9|18|20|26,amusement|anger|annoyance|disappointment|love|optimism|surprise
3813,18,love,1|2|17|18|20|25,amusement|anger|joy|love|optimism|sadness
3814,3,annoyance,0|7|9|15|17,admiration|curiosity|disappointment|gratitude|joy
3815,18,love,0|6|7|9|10|18,admiration|confusion|curiosity|disappointment|disapproval|love
3816,22|27,realization|neutral,1|4|18|25|27,amusement|approval|love|sadness|neutral
3817,27,neutral,3|8|27,annoyance|desire|neutral
3818,27,neutral,9|13|18|27,disappointment|excitement|love|neutral
3819,3,annoyance,0|2|3|9|13|14|15|18|20,admiration|anger|annoyance|disappointment|excitement|fear|gratitude|love|optimism
3820,1,amusement,4|5|7|18,approval|caring|curiosity|love
3821,26,surprise,0|3|7|9|15|22|26|27,admiration|annoyance|curiosity|disappointment|gratitude|realization|surprise|neutral
3822,14,fear,1|3|9|10|14|20|25|27,amusement|annoyance|disappointment|disapproval|fear|optimism|sadness|neutral
3823,10,disapproval,0|4|6|7|18,admiration|approval|confusion|curiosity|love
3824,27,neutral,0|4|10|11|27,admiration|approval|disapproval|disgust|neutral
3825,0,admiration,0|1|7|9|13,admiration|amusement|curiosity|disappointment|excitement
3826,15,gratitude,4|5|9|14|15|18|22|25,approval|caring|disappointment|fear|gratitude|love|realization|sadness
3827,27,neutral,3|6|7|8|15|25|27,annoyance|confusion|curiosity|desire|gratitude|sadness|neutral
3828,27,neutral,9|11|18|27,disappointment|disgust|love|neutral
3829,6|7,confusion|curiosity,2|10|27,anger|disapproval|neutral
3830,3,annoyance,7|9|11|15|20|25|27,curiosity|disappointment|disgust|gratitude|optimism|sadness|neutral
3831,1,amusement,1|17|20,amusement|joy|optimism
3832,10,disapproval,0|1|3|4|18,admiration|amusement|annoyance|approval|love
3833,1,amusement,0|2|3|4|6|7|22|25|27,admiration|anger|annoyance|approval|confusion|curiosity|realization|sadness|neutral
3834,27,neutral,6|7|10|18|22|27,confusion|curiosity|disapproval|love|realization|neutral
3835,3,annoyance,1|2|3|4|6|9|18|27,amusement|anger|annoyance|approval|confusion|disappointment|love|neutral
3836,27,neutral,0|7|9|10|17|25,admiration|curiosity|disappointment|disapproval|joy|sadness
3837,27,neutral,0|1|2|5|9|10|15|17|20,admiration|amusement|anger|caring|disappointment|disapproval|gratitude|joy|optimism
3838,1,amusement,4|7|9|15,approval|curiosity|disappointment|gratitude
3839,27,neutral,0|1|3|15|22|27,admiration|amusement|annoyance|gratitude|realization|neutral
3840,5|15,caring|gratitude,0|2|7|15|17|22|26|27,admiration|anger|curiosity|gratitude|joy|realization|surprise|neutral
3841,27,neutral,2|3|4|7|9|15|27,anger|annoyance|approval|curiosity|disappointment|gratitude|neutral
3842,27,neutral,0|5|10|27,admiration|caring|disapproval|neutral
3843,4,approval,1|6|7|11|17|27,amusement|confusion|curiosity|disgust|joy|neutral
3844,8,desire,1|12|15|27,amusement|embarrassment|gratitude|neutral
3845,7,curiosity,1|6|13,amusement|confusion|excitement
3846,15|22,gratitude|realization,2|4|5|13|22|27,anger|approval|caring|excitement|realization|neutral
3847,8,desire,1|4|11|18|26,amusement|approval|disgust|love|surprise
3848,20,optimism,1|2|5|6|8|12|15,amusement|anger|caring|confusion|desire|embarrassment|gratitude
3849,1,amusement,0|3|10|11|27,admiration|annoyance|disapproval|disgust|neutral
3850,25,sadness,5|7|17|27,caring|curiosity|joy|neutral
3851,7,curiosity,6|9|10|17|22|25|26,confusion|disappointment|disapproval|joy|realization|sadness|surprise
3852,17,joy,1|2|3|4|9|15|22|25,amusement|anger|annoyance|approval|disappointment|gratitude|realization|sadness
3853,4,approval,2|4|7|11|13|15|25|26|27,anger|approval|curiosity|disgust|excitement|gratitude|sadness|surprise|neutral
3854,27,neutral,0|3|9|13|15|25|26,admiration|annoyance|disappointment|excitement|gratitude|sadness|surprise
3855,3|12,annoyance|embarrassment,0|1|4|7|11|14|15|26,admiration|amusement|approval|curiosity|disgust|fear|gratitude|surprise
3856,2,anger,1|5|7|14|17,amusement|caring|curiosity|fear|joy
3857,0|20,admiration|optimism,5|6|7|14|18|22,caring|confusion|curiosity|fear|love|realization
3858,27,neutral,0|1|3|7|11|20,admiration|amusement|annoyance|curiosity|disgust|optimism
3859,27,neutral,0|5|6|7|15|25,admiration|caring|confusion|curiosity|gratitude|sadness
3860,3,annoyance,1|5|22|25|26|27,amusement|caring|realization|sadness|surprise|neutral
3861,15|20,gratitude|optimism,1|3|10|13|15|18|24|25,amusement|annoyance|disapproval|excitement|gratitude|love|remorse|sadness
3862,15,gratitude,0|6|7|9|11|13|18|27,admiration|confusion|curiosity|disappointment|disgust|excitement|love|neutral
3863,27,neutral,3|6|11|14|20,annoyance|confusion|disgust|fear|optimism
3864,27,neutral,1|2|6|9|15|20|22|26|27,amusement|anger|confusion|disappointment|gratitude|optimism|realization|surprise|neutral
3865,27,neutral,1|3|5|10|25,amusement|annoyance|caring|disapproval|sadness
3866,2,anger,0|1|6|7|15|17|18,admiration|amusement|confusion|curiosity|gratitude|joy|love
3867,27,neutral,0|6|9|11|15|18|27,admiration|confusion|disappointment|disgust|gratitude|love|neutral
3868,2,anger,0|7|8|11|17|18,admiration|curiosity|desire|disgust|joy|love
3869,2,anger,4|13|15|20|22,approval|excitement|gratitude|optimism|realization
3870,27,neutral,0|3|7|13|15|25,admiration|annoyance|curiosity|excitement|gratitude|sadness
3871,18,love,5|11|14|18|25|26|27,caring|disgust|fear|love|sadness|surprise|neutral
3872,15,gratitude,2|5|7|8|9|15|17|20|22|26|27,anger|caring|curiosity|desire|disappointment|gratitude|joy|optimism|realization|surprise|neutral
3873,27,neutral,1|6|15|17|18|27,amusement|confusion|gratitude|joy|love|neutral
3874,27,neutral,0|1|10|25|27,admiration|amusement|disapproval|sadness|neutral
3875,27,neutral,4|9|15|18|20|27,approval|disappointment|gratitude|love|optimism|neutral
3876,27,neutral,15|18|27,gratitude|love|neutral
3877,6,confusion,0|1|4|10|11|15|18|20|25|26,admiration|amusement|approval|disapproval|disgust|gratitude|love|optimism|sadness|surprise
3878,6,confusion,1|4|6|10|15|22|26,amusement|approval|confusion|disapproval|gratitude|realization|surprise
3879,7,curiosity,1|3|6|13|15|25,amusement|annoyance|confusion|excitement|gratitude|sadness
3880,2|20,anger|optimism,1|3|5|7|11|13|15,amusement|annoyance|caring|curiosity|disgust|excitement|gratitude
3881,6|22,confusion|realization,1|2|6|10|13|14|17|18|20|25,amusement|anger|confusion|disapproval|excitement|fear|joy|love|optimism|sadness
3882,10,disapproval,0|1|2|3|4|6|14|17|18,admiration|amusement|anger|annoyance|approval|confusion|fear|joy|love
3883,27,neutral,0|3|7|11|20|27,admiration|annoyance|curiosity|disgust|optimism|neutral
3884,6,confusion,5|9|10|13|18|20|22|25,caring|disappointment|disapproval|excitement|love|optimism|realization|sadness
3885,27,neutral,0|6|17|18,admiration|confusion|joy|love
3886,27,neutral,0|3|6|10|11|17|20,admiration|annoyance|confusion|disapproval|disgust|joy|optimism
3887,12,embarrassment,0|3|6|7|8|17|18|20|27,admiration|annoyance|confusion|curiosity|desire|joy|love|optimism|neutral
3888,7,curiosity,2|7|10|14|17|20,anger|curiosity|disapproval|fear|joy|optimism
3889,27,neutral,0|3|7|10|11|13|15|22,admiration|annoyance|curiosity|disapproval|disgust|excitement|gratitude|realization
3890,9,disappointment,4|5|9|10|11,approval|caring|disappointment|disapproval|disgust
3891,10,disapproval,1|3|7|15|18|22|24,amusement|annoyance|curiosity|gratitude|love|realization|remorse
3892,27,neutral,1|5|6|15|20,amusement|caring|confusion|gratitude|optimism
3893,4|6|7,approval|confusion|curiosity,0|8|9|15|20|22,admiration|desire|disappointment|gratitude|optimism|realization
3894,4,approval,0|1|4|9|10|13,admiration|amusement|approval|disappointment|disapproval|excitement
3895,27,neutral,4|7|18|20,approval|curiosity|love|optimism
3896,15,gratitude,1|2|7|13|17,amusement|anger|curiosity|excitement|joy
3897,7,curiosity,1|10|17|27,amusement|disapproval|joy|neutral
3898,4,approval,0|3|4|6|9|11|13|22,admiration|annoyance|approval|confusion|disappointment|disgust|excitement|realization
3899,1,amusement,1|3|8|10|15|17|22|27,amusement|annoyance|desire|disapproval|gratitude|joy|realization|neutral
3900,4,approval,3|6|9|17|18|27,annoyance|confusion|disappointment|joy|love|neutral
3901,6,confusion,4|6|7|12|22|27,approval|confusion|curiosity|embarrassment|realization|neutral
3902,27,neutral,3|4|9|11|18|25,annoyance|approval|disappointment|disgust|love|sadness
3903,3|10,annoyance|disapproval,1|2|3|6|7|14|22|24,amusement|anger|annoyance|confusion|curiosity|fear|realization|remorse
3904,0|15,admiration|gratitude,2|6|15|27,anger|confusion|gratitude|neutral
3905,27,neutral,0|1|5|25|26,admiration|amusement|caring|sadness|surprise
3906,1|18,amusement|love,0|6|7|8|10|15|22|26,admiration|confusion|curiosity|desire|disapproval|gratitude|realization|surprise
3907,27,neutral,0|3|10|18|20|22|25|26,admiration|annoyance|disapproval|love|optimism|realization|sadness|surprise
3908,7,curiosity,0|3|12|14|15|17|19|27,admiration|annoyance|embarrassment|fear|gratitude|joy|nervousness|neutral
3909,17,joy,2|5|6|8|22|24|25|27,anger|caring|confusion|desire|realization|remorse|sadness|neutral
3910,5|27,caring|neutral,1|7|13|15|20|26,amusement|curiosity|excitement|gratitude|optimism|surprise
3911,22,realization,0|2|3|4|9|20|22|25,admiration|anger|annoyance|approval|disappointment|optimism|realization|sadness
3912,27,neutral,0|7|14|27,admiration|curiosity|fear|neutral
3913,18,love,6|14|15|27,confusion|fear|gratitude|neutral
3914,15,gratitude,2|4|5|6|18|26|27,anger|approval|caring|confusion|love|surprise|neutral
3915,2|3,anger|annoyance,0|3|4|7|15|18|25,admiration|annoyance|approval|curiosity|gratitude|love|sadness
3916,2,anger,4|9|10|11|15|27,approval|disappointment|disapproval|disgust|gratitude|neutral
3917,7,curiosity,2|3|7|15|17|27,anger|annoyance|curiosity|gratitude|joy|neutral
3918,27,neutral,0|2|7|9|13|16|17|20|24|25,admiration|anger|curiosity|disappointment|excitement|grief|joy|optimism|remorse|sadness
3919,27,neutral,4|7|10|17|27,approval|curiosity|disapproval|joy|neutral
3920,7,curiosity,0|1|2|13|15|26|27,admiration|amusement|anger|excitement|gratitude|surprise|neutral
3921,0,admiration,0|2|7|13|15|24|25,admiration|anger|curiosity|excitement|gratitude|remorse|sadness
3922,4,approval,4|10|18|20,approval|disapproval|love|optimism
3923,4,approval,3|9|11|13|17|26|27,annoyance|disappointment|disgust|excitement|joy|surprise|neutral
3924,27,neutral,0|4|5|9|12|15|18|20|22|27,admiration|approval|caring|disappointment|embarrassment|gratitude|love|optimism|realization|neutral
3925,27,neutral,2|27,anger|neutral
3926,15|26,gratitude|surprise,3|5|7|18|20|22|27,annoyance|caring|curiosity|love|optimism|realization|neutral
3927,2|3,anger|annoyance,0|2|15|17|22|26,admiration|anger|gratitude|joy|realization|surprise
3928,27,neutral,1|7|13|20|27,amusement|curiosity|excitement|optimism|neutral
3929,15,gratitude,1|2|3|5|15|18|25|27,amusement|anger|annoyance|caring|gratitude|love|sadness|neutral
3930,10,disapproval,0|7|10|20|27,admiration|curiosity|disapproval|optimism|neutral
3931,2|3,anger|annoyance,1|4|9|10|17,amusement|approval|disappointment|disapproval|joy
3932,27,neutral,4|5|7|9|15|20|24|25,approval|caring|curiosity|disappointment|gratitude|optimism|remorse|sadness
3933,0,admiration,0|1|4|5|10|14|17|26,admiration|amusement|approval|caring|disapproval|fear|joy|surprise
3934,5|24,caring|remorse,3|9|10|15|17|18|22|25|26,annoyance|disappointment|disapproval|gratitude|joy|love|realization|sadness|surprise
3935,27,neutral,12|17|18,embarrassment|joy|love
3936,22|27,realization|neutral,0|1|4|5|11|17|20|22,admiration|amusement|approval|caring|disgust|joy|optimism|realization
3937,27,neutral,0|3|5|8|9|15|25|27,admiration|annoyance|caring|desire|disappointment|gratitude|sadness|neutral
3938,22,realization,1|4|5|7|15|20|27,amusement|approval|caring|curiosity|gratitude|optimism|neutral
3939,26,surprise,6|7|9|15|22|25|26|27,confusion|curiosity|disappointment|gratitude|realization|sadness|surprise|neutral
3940,1,amusement,1|3|5|8|20|22|24|25,amusement|annoyance|caring|desire|optimism|realization|remorse|sadness
3941,3,annoyance,2|3|10|17|20|27,anger|annoyance|disapproval|joy|optimism|neutral
3942,15,gratitude,1|3|4|7|11|18|20|26,amusement|annoyance|approval|curiosity|disgust|love|optimism|surprise
3943,3|10,annoyance|disapproval,7|20|22|25|27,curiosity|optimism|realization|sadness|neutral
3944,1|15,amusement|gratitude,3|4|9|18|27,annoyance|approval|disappointment|love|neutral
3945,24,remorse,10|11|26|27,disapproval|disgust|surprise|neutral
3946,27,neutral,2|7|18|26,anger|curiosity|love|surprise
3947,27,neutral,6|11|13|27,confusion|disgust|excitement|neutral
3948,27,neutral,6|14|22|25|26|27,confusion|fear|realization|sadness|surprise|neutral
3949,27,neutral,2|3|4|11|14|17|20|22|25,anger|annoyance|approval|disgust|fear|joy|optimism|realization|sadness
3950,4,approval,1|3|7|10|26,amusement|annoyance|curiosity|disapproval|surprise
3951,27,neutral,2|3|4|8|15|17,anger|annoyance|approval|desire|gratitude|joy
3952,20,optimism,3|6|15|20,annoyance|confusion|gratitude|optimism
3953,27,neutral,0|2|4|15|27,admiration|anger|approval|gratitude|neutral
3954,18,love,1|4|8|14|15|18|19|22|26,amusement|approval|desire|fear|gratitude|love|nervousness|realization|surprise
3955,25,sadness,4|7|10|12|13|18|22,approval|curiosity|disapproval|embarrassment|excitement|love|realization
3956,25,sadness,0|2|4|7|17|20,admiration|anger|approval|curiosity|joy|optimism
3957,25,sadness,0|9|15|17|18,admiration|disappointment|gratitude|joy|love
3958,27,neutral,0|1|10|12|15|22,admiration|amusement|disapproval|embarrassment|gratitude|realization
3959,4,approval,5|7|9|10|15|18|27,caring|curiosity|disappointment|disapproval|gratitude|love|neutral
3960,27,neutral,1|2|3|11|18|22|26|27,amusement|anger|annoyance|disgust|love|realization|surprise|neutral
3961,1,amusement,3|4|5|6|11|22|25|27,annoyance|approval|caring|confusion|disgust|realization|sadness|neutral
3962,0,admiration,3|4,annoyance|approval
3963,15,gratitude,0|6|9|15|20,admiration|confusion|disappointment|gratitude|optimism
3964,18,love,2|9|11|15|24,anger|disappointment|disgust|gratitude|remorse
3965,27,neutral,0|1|4|7|15|17|20,admiration|amusement|approval|curiosity|gratitude|joy|optimism
3966,1,amusement,0|4|6|9|10|22|25,admiration|approval|confusion|disappointment|disapproval|realization|sadness
3967,1|2,amusement|anger,0|9|15|18|20|26|27,admiration|disappointment|gratitude|love|optimism|surprise|neutral
3968,3,annoyance,0|1|2|7|8|9|10|26,admiration|amusement|anger|curiosity|desire|disappointment|disapproval|surprise
3969,18,love,2|5|6|7|10,anger|caring|confusion|curiosity|disapproval
3970,27,neutral,3|4|10|11|18|20,annoyance|approval|disapproval|disgust|love|optimism
3971,0,admiration,0|3|4|7|8|9|25,admiration|annoyance|approval|curiosity|desire|disappointment|sadness
3972,0,admiration,0|1|7|10|17,admiration|amusement|curiosity|disapproval|joy
3973,27,neutral,0|3|7|17|25,admiration|annoyance|curiosity|joy|sadness
3974,27,neutral,2|3|4|9|14|17,anger|annoyance|approval|disappointment|fear|joy
3975,27,neutral,0|1|4|20|27,admiration|amusement|approval|optimism|neutral
3976,8,desire,2|3|5|7|9|22|24|25,anger|annoyance|caring|curiosity|disappointment|realization|remorse|sadness
3977,0,admiration,4|5|7|9|14|18|22|25|26|27,approval|caring|curiosity|disappointment|fear|love|realization|sadness|surprise|neutral
3978,11,disgust,0|1|2|13|20|27,admiration|amusement|anger|excitement|optimism|neutral
3979,4,approval,0|13|15|25|26,admiration|excitement|gratitude|sadness|surprise
3980,27,neutral,0|1|2|15|20,admiration|amusement|anger|gratitude|optimism
3981,3|25,annoyance|sadness,0|2|4|14|15|18|22,admiration|anger|approval|fear|gratitude|love|realization
3982,9,disappointment,1|4|17|18|22|27,amusement|approval|joy|love|realization|neutral
3983,18,love,3|5|27,annoyance|caring|neutral
3984,27,neutral,4|6|20|21|22|24,approval|confusion|optimism|pride|realization|remorse
3985,27,neutral,7|10|11|27,curiosity|disapproval|disgust|neutral
3986,27,neutral,0|3|8|15|20|22|25,admiration|annoyance|desire|gratitude|optimism|realization|sadness
3987,27,neutral,1|2|4|7|13,amusement|anger|approval|curiosity|excitement
3988,26,surprise,1|7|9|13|20|22|25|26,amusement|curiosity|disappointment|excitement|optimism|realization|sadness|surprise
3989,27,neutral,3|10|11|13|20|25|27,annoyance|disapproval|disgust|excitement|optimism|sadness|neutral
3990,27,neutral,3|8|10|11,annoyance|desire|disapproval|disgust
3991,18,love,3|9|18|25|27,annoyance|disappointment|love|sadness|neutral
3992,3|9|14,annoyance|disappointment|fear,2|10|11|14|20|25,anger|disapproval|disgust|fear|optimism|sadness
3993,7,curiosity,0|1|3|8|9|11|15|17|27,admiration|amusement|annoyance|desire|disappointment|disgust|gratitude|joy|neutral
3994,3|22,annoyance|realization,2|4|7|9|10|11|22,anger|approval|curiosity|disappointment|disapproval|disgust|realization
3995,27,neutral,2|7|10|11|14|17|22|25|27,anger|curiosity|disapproval|disgust|fear|joy|realization|sadness|neutral
3996,1,amusement,13|15|16|17|20|27,excitement|gratitude|grief|joy|optimism|neutral
3997,5,caring,6|7|8|11|15|20,confusion|curiosity|desire|disgust|gratitude|optimism
3998,2|3,anger|annoyance,5|9|10|15|18|20|22|26,caring|disappointment|disapproval|gratitude|love|optimism|realization|surprise
3999,1|27,amusement|neutral,3|5|10|27,annoyance|caring|disapproval|neutral
4000,5,caring,1|6|7|17|18|26,amusement|confusion|curiosity|joy|love|surprise
4001,26,surprise,0|1|4|9|11|14|22|24|25,admiration|amusement|approval|disappointment|disgust|fear|realization|remorse|sadness
4002,27,neutral,0|22|26|27,admiration|realization|surprise|neutral
4003,1,amusement,0|1|4|6|7|17|20|22|26,admiration|amusement|approval|confusion|curiosity|joy|optimism|realization|surprise
4004,27,neutral,7|10|20|22|26,curiosity|disapproval|optimism|realization|surprise
4005,27,neutral,1|2|4|7|8|9|18|25|27,amusement|anger|approval|curiosity|desire|disappointment|love|sadness|neutral
4006,1,amusement,0|5|6|15|17|18|20,admiration|caring|confusion|gratitude|joy|love|optimism
4007,27,neutral,0|1|2|4|13|15|25,admiration|amusement|anger|approval|excitement|gratitude|sadness
4008,27,neutral,0|3|5|7|9|15|20|25,admiration|annoyance|caring|curiosity|disappointment|gratitude|optimism|sadness
4009,27,neutral,5|10|14|15|17|20,caring|disapproval|fear|gratitude|joy|optimism
4010,20|25,optimism|sadness,1|3|4|13|17|22|24|25|26,amusement|annoyance|approval|excitement|joy|realization|remorse|sadness|surprise
4011,4|20,approval|optimism,0|6|15|17|18|26|27,admiration|confusion|gratitude|joy|love|surprise|neutral
4012,10,disapproval,0|2|7|15|25,admiration|anger|curiosity|gratitude|sadness
4013,10,disapproval,1|3|11|14|24|26,amusement|annoyance|disgust|fear|remorse|surprise
4014,6,confusion,0|2|5|14|18|20|26,admiration|anger|caring|fear|love|optimism|surprise
4015,10,disapproval,0|1|3|4|7|10|17|26,admiration|amusement|annoyance|approval|curiosity|disapproval|joy|surprise
4016,10|11,disapproval|disgust,0|2|3|10|20,admiration|anger|annoyance|disapproval|optimism
4017,26,surprise,0|2|3|7|13|17|22|27,admiration|anger|annoyance|curiosity|excitement|joy|realization|neutral
4018,4,approval,1|9|10|15,amusement|disappointment|disapproval|gratitude
4019,27,neutral,0|1|3|7|13|17|22|27,admiration|amusement|annoyance|curiosity|excitement|joy|realization|neutral
4020,0,admiration,0|2|4|6|8|13|22|27,admiration|anger|approval|confusion|desire|excitement|realization|neutral
4021,24,remorse,7|10|11|17|18|25|27,curiosity|disapproval|disgust|joy|love|sadness|neutral
4022,5|19,caring|nervousness,0|5|8|10|14|25|27,admiration|caring|desire|disapproval|fear|sadness|neutral
4023,0|18,admiration|love,2|3|6|14|15|27,anger|annoyance|confusion|fear|gratitude|neutral
4024,10,disapproval,3|4|10|18|22|25,annoyance|approval|disapproval|love|realization|sadness
4025,7,curiosity,1|3|7|10|14|22|25|27,amusement|annoyance|curiosity|disapproval|fear|realization|sadness|neutral
4026,27,neutral,2|4|9|17|19|22|25|27,anger|approval|disappointment|joy|nervousness|realization|sadness|neutral
4027,27,neutral,1|3|4|6|7|9|18|20|25|26,amusement|annoyance|approval|confusion|curiosity|disappointment|love|optimism|sadness|surprise
4028,11,disgust,0|6|7|10|18|20,admiration|confusion|curiosity|disapproval|love|optimism
4029,22,realization,0|2|4|8|9|17|27,admiration|anger|approval|desire|disappointment|joy|neutral
4030,8,desire,0|1|3|5|9|20|22|25,admiration|amusement|annoyance|caring|disappointment|optimism|realization|sadness
4031,18,love,0|1|4|5|14|27,admiration|amusement|approval|caring|fear|neutral
4032,11,disgust,0|2|4|5|15|27,admiration|anger|approval|caring|gratitude|neutral
4033,14,fear,3|24|27,annoyance|remorse|neutral
4034,1|17,amusement|joy,13|18|22|27,excitement|love|realization|neutral
4035,15,gratitude,1|2|6|7|9|20|27,amusement|anger|confusion|curiosity|disappointment|optimism|neutral
4036,27,neutral,0|3|10|15|18|25,admiration|annoyance|disapproval|gratitude|love|sadness
4037,27,neutral,0|1|7|10|13,admiration|amusement|curiosity|disapproval|excitement
4038,10,disapproval,2|3|4|6|13|25|27,anger|annoyance|approval|confusion|excitement|sadness|neutral
4039,27,neutral,3|4|7|17|24|25|27,annoyance|approval|curiosity|joy|remorse|sadness|neutral
4040,25,sadness,4|7|10|17|27,approval|curiosity|disapproval|joy|neutral
4041,27,neutral,9|13|20|22|25|27,disappointment|excitement|optimism|realization|sadness|neutral
4042,10,disapproval,4|5|9|11|13,approval|caring|disappointment|disgust|excitement
4043,27,neutral,0|1|3|4|11|25,admiration|amusement|annoyance|approval|disgust|sadness
4044,9,disappointment,1|3|6|10|11|15|18|25|27,amusement|annoyance|confusion|disapproval|disgust|gratitude|love|sadness|neutral
4045,9,disappointment,2|20|25,anger|optimism|sadness
4046,18,love,6|7|8|9|10|14|17|18,confusion|curiosity|desire|disappointment|disapproval|fear|joy|love
4047,27,neutral,15|27,gratitude|neutral
4048,6,confusion,2|4|5|6|10|13|15|22|27,anger|approval|caring|confusion|disapproval|excitement|gratitude|realization|neutral
4049,27,neutral,0|3|5|18|20|24,admiration|annoyance|caring|love|optimism|remorse
4050,5,caring,0|1|2|3|11|14|27,admiration|amusement|anger|annoyance|disgust|fear|neutral
4051,2|3,anger|annoyance,3|11|15|25|27,annoyance|disgust|gratitude|sadness|neutral
4052,27,neutral,2|4|8|9|15|20|22|24,anger|approval|desire|disappointment|gratitude|optimism|realization|remorse
4053,27,neutral,0|1|4|5|6|7|9|11|13|20,admiration|amusement|approval|caring|confusion|curiosity|disappointment|disgust|excitement|optimism
4054,7,curiosity,0|5|6|10|17|22|25|26,admiration|caring|confusion|disapproval|joy|realization|sadness|surprise
4055,27,neutral,5|6|7|10|13|18,caring|confusion|curiosity|disapproval|excitement|love
4056,27,neutral,4|9|18|27,approval|disappointment|love|neutral
4057,27,neutral,4|17|18|22|25|27,approval|joy|love|realization|sadness|neutral
4058,14|19,fear|nervousness,0|10|17|18|26|27,admiration|disapproval|joy|love|surprise|neutral
4059,27,neutral,2|3|5|10|18|27,anger|annoyance|caring|disapproval|love|neutral
4060,4|22,approval|realization,1|2|15|18|22|27,amusement|anger|gratitude|love|realization|neutral
4061,3,annoyance,5|6|7|14|18|20|22|26|27,caring|confusion|curiosity|fear|love|optimism|realization|surprise|neutral
4062,18,love,0|2|3|7|20,admiration|anger|annoyance|curiosity|optimism
4063,10,disapproval,3|5|7|8|27,annoyance|caring|curiosity|desire|neutral
4064,18,love,0|1|3|15|17|26,admiration|amusement|annoyance|gratitude|joy|surprise
4065,27,neutral,3|4|5|10|13|15|18|20|22|25,annoyance|approval|caring|disapproval|excitement|gratitude|love|optimism|realization|sadness
4066,27,neutral,1|11|26|27,amusement|disgust|surprise|neutral
4067,9,disappointment,0|2|8|9|11|13|18|25,admiration|anger|desire|disappointment|disgust|excitement|love|sadness
4068,27,neutral,2|3|6|7|10|17|25|27,anger|annoyance|confusion|curiosity|disapproval|joy|sadness|neutral
4069,4,approval,1|2|3|10|18|20,amusement|anger|annoyance|disapproval|love|optimism
4070,4,approval,1|7|11|13|25,amusement|curiosity|disgust|excitement|sadness
4071,4|27,approval|neutral,0|1|2|5|6|10|18|24,admiration|amusement|anger|caring|confusion|disapproval|love|remorse
4072,26,surprise,0|1|3|7|10|11|25|27,admiration|amusement|annoyance|curiosity|disapproval|disgust|sadness|neutral
4073,27,neutral,1|3|15|27,amusement|annoyance|gratitude|neutral
4074,27,neutral,0|1|2|6|11|12|17|22|27,admiration|amusement|anger|confusion|disgust|embarrassment|joy|realization|neutral
4075,27,neutral,0|1|4|15|17|20|27,admiration|amusement|approval|gratitude|joy|optimism|neutral
4076,27,neutral,0|3|4|10|13|18|22|25,admiration|annoyance|approval|disapproval|excitement|love|realization|sadness
4077,0,admiration,0|4|5|6|9|15|18|24|25,admiration|approval|caring|confusion|disappointment|gratitude|love|remorse|sadness
4078,4,approval,1|3|5|10|26|27,amusement|annoyance|caring|disapproval|surprise|neutral
4079,3,annoyance,0|2|3|7|13|15,admiration|anger|annoyance|curiosity|excitement|gratitude
4080,27,neutral,1|2|5|9|18|22|27,amusement|anger|caring|disappointment|love|realization|neutral
4081,1,amusement,1|2|5|7|9|10|17|22,amusement|anger|caring|curiosity|disappointment|disapproval|joy|realization
4082,27,neutral,0|4|5|10|13|20|25|26|27,admiration|approval|caring|disapproval|excitement|optimism|sadness|surprise|neutral
4083,10,disapproval,1|2|7|15|22|25,amusement|anger|curiosity|gratitude|realization|sadness
4084,27,neutral,2|4|7|8|13|20,anger|approval|curiosity|desire|excitement|optimism
4085,22,realization,4|6|15|25|26,approval|confusion|gratitude|sadness|surprise
4086,27,neutral,4|5|6|24|27,approval|caring|confusion|remorse|neutral
4087,7,curiosity,4|20|23|27,approval|optimism|relief|neutral
4088,9,disappointment,5|15|27,caring|gratitude|neutral
4089,24,remorse,3|6|7|26,annoyance|confusion|curiosity|surprise
4090,0,admiration,3|4|5|6|15|25|26|27,annoyance|approval|caring|confusion|gratitude|sadness|surprise|neutral
4091,9,disappointment,1|3|10|25,amusement|annoyance|disapproval|sadness
4092,4|8,approval|desire,0|10|17,admiration|disapproval|joy
4093,27,neutral,6|27,confusion|neutral
4094,27,neutral,6|15|27,confusion|gratitude|neutral
4095,9|10,disappointment|disapproval,1|4|7|17|20|26,amusement|approval|curiosity|joy|optimism|surprise
4096,2|3,anger|annoyance,1|2|3|4|5|6|10|20|26,amusement|anger|annoyance|approval|caring|confusion|disapproval|optimism|surprise
4097,3,annoyance,1|2|5|6|7|10|15|25,amusement|anger|caring|confusion|curiosity|disapproval|gratitude|sadness
4098,5,caring,1|2|8|9|15|27,amusement|anger|desire|disappointment|gratitude|neutral
4099,27,neutral,0|1|3|4|6|7|9|27,admiration|amusement|annoyance|approval|confusion|curiosity|disappointment|neutral
4100,3,annoyance,5|10|22,caring|disapproval|realization
4101,6,confusion,3|4|9|17|20|25|26,annoyance|approval|disappointment|joy|optimism|sadness|surprise
4102,2,anger,4|7|14|18|20|27,approval|curiosity|fear|love|optimism|neutral
4103,27,neutral,8|20|22|27,desire|optimism|realization|neutral
4104,3,annoyance,6|8|15|17|18|20|25,confusion|desire|gratitude|joy|love|optimism|sadness
4105,8|20,desire|optimism,3|4|6|9|15|26,annoyance|approval|confusion|disappointment|gratitude|surprise
4106,14,fear,1|6|8|13|17|22|27,amusement|confusion|desire|excitement|joy|realization|neutral
4107,26,surprise,0|5|6|14|15|25|26,admiration|caring|confusion|fear|gratitude|sadness|surprise
4108,27,neutral,0|10|13|24|26,admiration|disapproval|excitement|remorse|surprise
4109,10,disapproval,10|15|27,disapproval|gratitude|neutral
4110,9,disappointment,1|4|6|17|26,amusement|approval|confusion|joy|surprise
4111,27,neutral,0|1|4|10|13|17,admiration|amusement|approval|disapproval|excitement|joy
4112,27,neutral,0|2|3|4|8|9|10|20|23|26,admiration|anger|annoyance|approval|desire|disappointment|disapproval|optimism|relief|surprise
4113,1,amusement,0|3|4|5|7|9|10|17|25,admiration|annoyance|approval|caring|curiosity|disappointment|disapproval|joy|sadness
4114,18,love,0|3|4|7|17|20,admiration|annoyance|approval|curiosity|joy|optimism
4115,5,caring,2|4|15|18,anger|approval|gratitude|love
4116,27,neutral,1|2|3|15|17|18|25,amusement|anger|annoyance|gratitude|joy|love|sadness
4117,27,neutral,2|6|7|10|15|18|22|25|26,anger|confusion|curiosity|disapproval|gratitude|love|realization|sadness|surprise
4118,17,joy,1|10|18|27,amusement|disapproval|love|neutral
4119,8|22,desire|realization,6|8|18|27,confusion|desire|love|neutral
4120,0,admiration,2|5|8|14|27,anger|caring|desire|fear|neutral
4121,9,disappointment,4|6|14|27,approval|confusion|fear|neutral
4122,10,disapproval,2|3|5|6|9|11|15|20|27,anger|annoyance|caring|confusion|disappointment|disgust|gratitude|optimism|neutral
4123,1,amusement,4|5|10|14|15|17|20|27,approval|caring|disapproval|fear|gratitude|joy|optimism|neutral
4124,27,neutral,3|4|5|10|22|27,annoyance|approval|caring|disapproval|realization|neutral
4125,2|11,anger|disgust,1|9|10|17|18,amusement|disappointment|disapproval|joy|love
4126,4|7,approval|curiosity,0|1|4|7|13|15,admiration|amusement|approval|curiosity|excitement|gratitude
4127,1|27,amusement|neutral,0|2|6|7|8|9|13|15|17|20,admiration|anger|confusion|curiosity|desire|disappointment|excitement|gratitude|joy|optimism
4128,27,neutral,0|2|4|8|10|20|25|26,admiration|anger|approval|desire|disapproval|optimism|sadness|surprise
4129,27,neutral,2|4|10|18|27,anger|approval|disapproval|love|neutral
4130,20,optimism,0|3|15|18|20|26,admiration|annoyance|gratitude|love|optimism|surprise
4131,0|18,admiration|love,27,neutral
4132,4,approval,0|1|2|3|7|9|10|17|20|27,admiration|amusement|anger|annoyance|curiosity|disappointment|disapproval|joy|optimism|neutral
4133,7,curiosity,0|2|11|15|17,admiration|anger|disgust|gratitude|joy
4134,0,admiration,0|4|6|10|12|14|18|22|25,admiration|approval|confusion|disapproval|embarrassment|fear|love|realization|sadness
4135,1|7,amusement|curiosity,6|7|20|24,confusion|curiosity|optimism|remorse
4136,15,gratitude,0|3|9|10|11|15|17|18,admiration|annoyance|disappointment|disapproval|disgust|gratitude|joy|love
4137,0,admiration,0|10|11|20|22|24|26,admiration|disapproval|disgust|optimism|realization|remorse|surprise
4138,0|17,admiration|joy,1|2|3|4|17|18|22|27,amusement|anger|annoyance|approval|joy|love|realization|neutral
4139,9,disappointment,4|7|9|10|14|15|17|18|22|25|26,approval|curiosity|disappointment|disapproval|fear|gratitude|joy|love|realization|sadness|surprise
4140,27,neutral,0|2|4|7|11|13|15|18|25|27,admiration|anger|approval|curiosity|disgust|excitement|gratitude|love|sadness|neutral
4141,0|20,admiration|optimism,1|3|4|7|10|14,amusement|annoyance|approval|curiosity|disapproval|fear
4142,27,neutral,0|2|3|4|5|26|27,admiration|anger|annoyance|approval|caring|surprise|neutral
4143,2,anger,3|18|25|26|27,annoyance|love|sadness|surprise|neutral
4144,18,love,12|15|18|20|24|25|27,embarrassment|gratitude|love|optimism|remorse|sadness|neutral
4145,27,neutral,3|9|13|18|23,annoyance|disappointment|excitement|love|relief
4146,17|27,joy|neutral,10|13|27,disapproval|excitement|neutral
4147,1|11,amusement|disgust,0|4|5|11|27,admiration|approval|caring|disgust|neutral
4148,15,gratitude,0|1|3|4|6|8|17|18,admiration|amusement|annoyance|approval|confusion|desire|joy|love
4149,27,neutral,0|1|2|6|7|10|17|25|27,admiration|amusement|anger|confusion|curiosity|disapproval|joy|sadness|neutral
4150,27,neutral,2|3|4|6|9|10|20|27,anger|annoyance|approval|confusion|disappointment|disapproval|optimism|neutral
4151,17,joy,1|3|4|6|9|11|14|15|17|18|25,amusement|annoyance|approval|confusion|disappointment|disgust|fear|gratitude|joy|love|sadness
4152,27,neutral,4|10|13|20|26,approval|disapproval|excitement|optimism|surprise
4153,27,neutral,1|3|4|27,amusement|annoyance|approval|neutral
4154,17,joy,7|26,curiosity|surprise
4155,15,gratitude,1|2|3|4|9|10|15|18|27,amusement|anger|annoyance|approval|disappointment|disapproval|gratitude|love|neutral
4156,4|20,approval|optimism,1|3|4|9|20|24,amusement|annoyance|approval|disappointment|optimism|remorse
4157,4,approval,0|1|7|9|14|25|27,admiration|amusement|curiosity|disappointment|fear|sadness|neutral
4158,27,neutral,0|5|6|7|10|13|25|27,admiration|caring|confusion|curiosity|disapproval|excitement|sadness|neutral
4159,6,confusion,0|1|3|5|6|14|15|22,admiration|amusement|annoyance|caring|confusion|fear|gratitude|realization
4160,3,annoyance,0|1|3|6|8|18|27,admiration|amusement|annoyance|confusion|desire|love|neutral
4161,25,sadness,0|1|10|15|17|20|22,admiration|amusement|disapproval|gratitude|joy|optimism|realization
4162,26,surprise,1|2|3|4|10|11,amusement|anger|annoyance|approval|disapproval|disgust
4163,20,optimism,0|2|3|4|5|6|7|10|18|20,admiration|anger|annoyance|approval|caring|confusion|curiosity|disapproval|love|optimism
4164,27,neutral,0|7|27,admiration|curiosity|neutral
4165,5|20|24,caring|optimism|remorse,0|2|5|13|18|22|24,admiration|anger|caring|excitement|love|realization|remorse
4166,2,anger,1|2|3|4|6|7|10|13|17|27,amusement|anger|annoyance|approval|confusion|curiosity|disapproval|excitement|joy|neutral
4167,2|3,anger|annoyance,0|4|11|17|18|27,admiration|approval|disgust|joy|love|neutral
4168,22,realization,7|10|17|26|27,curiosity|disapproval|joy|surprise|neutral
4169,4,approval,2|4|7|10|13|14|20,anger|approval|curiosity|disapproval|excitement|fear|optimism
4170,1,amusement,0|4|13|17|20|25|27,admiration|approval|excitement|joy|optimism|sadness|neutral
4171,0|4|17,admiration|approval|joy,0|1|7|15|25|27,admiration|amusement|curiosity|gratitude|sadness|neutral
4172,0,admiration,4|11|17|20|26|27,approval|disgust|joy|optimism|surprise|neutral
4173,1,amusement,0|3|9|10|15|17|18,admiration|annoyance|disappointment|disapproval|gratitude|joy|love
4174,27,neutral,0|6|8|9|17|20|27,admiration|confusion|desire|disappointment|joy|optimism|neutral
4175,27,neutral,5|6|20|22|27,caring|confusion|optimism|realization|neutral
4176,2,anger,0|6|9|18,admiration|confusion|disappointment|love
4177,26,surprise,0|4|8|10|15|22|25,admiration|approval|desire|disapproval|gratitude|realization|sadness
4178,0|7,admiration|curiosity,0|2|4|6|9|10|20|22|27,admiration|anger|approval|confusion|disappointment|disapproval|optimism|realization|neutral
4179,1|5|18,amusement|caring|love,0|5|10|14|18|27,admiration|caring|disapproval|fear|love|neutral
4180,3,annoyance,0|3|4|6|10|27,admiration|annoyance|approval|confusion|disapproval|neutral
4181,27,neutral,0|3|15|17|18,admiration|annoyance|gratitude|joy|love
4182,27,neutral,0|4|6|7|9|10|13|14|15|20,admiration|approval|confusion|curiosity|disappointment|disapproval|excitement|fear|gratitude|optimism
4183,27,neutral,0|3|7|10|27,admiration|annoyance|curiosity|disapproval|neutral
4184,22,realization,1|3|4|14|16|18|24,amusement|annoyance|approval|fear|grief|love|remorse
4185,6,confusion,0|6|13|15|25|27,admiration|confusion|excitement|gratitude|sadness|neutral
4186,24,remorse,0|2|11|26|27,admiration|anger|disgust|surprise|neutral
4187,9|25,disappointment|sadness,3|6|9|15|18|27,annoyance|confusion|disappointment|gratitude|love|neutral
4188,27,neutral,0|1|2|9|15|17|26,admiration|amusement|anger|disappointment|gratitude|joy|surprise
4189,27,neutral,1|8|11|15|24,amusement|desire|disgust|gratitude|remorse
4190,18,love,0|4|5|15|27,admiration|approval|caring|gratitude|neutral
4191,10,disapproval,3|5|6|8|17|25,annoyance|caring|confusion|desire|joy|sadness
4192,25,sadness,2|9|12|13|17,anger|disappointment|embarrassment|excitement|joy
4193,6,confusion,0|1|4|9|17|25|27,admiration|amusement|approval|disappointment|joy|sadness|neutral
4194,27,neutral,1|2|6|9|10|13|27,amusement|anger|confusion|disappointment|disapproval|excitement|neutral
4195,27,neutral,9|18|20|25|27,disappointment|love|optimism|sadness|neutral
4196,4,approval,1|2|3|13|22|26|27,amusement|anger|annoyance|excitement|realization|surprise|neutral
4197,5,caring,1|2|4|5|7|18,amusement|anger|approval|caring|curiosity|love
4198,6|7,confusion|curiosity,4|6|7|10|13|14|20|25|27,approval|confusion|curiosity|disapproval|excitement|fear|optimism|sadness|neutral
4199,27,neutral,0|1|5|9|15,admiration|amusement|caring|disappointment|gratitude
4200,0,admiration,0|1|6|7|8|11|17|27,admiration|amusement|confusion|curiosity|desire|disgust|joy|neutral
4201,0,admiration,4|10|15|16|17,approval|disapproval|gratitude|grief|joy
4202,13|17,excitement|joy,5|6|7|9|11,caring|confusion|curiosity|disappointment|disgust
4203,7,curiosity,6|7|10|11|15|17|26,confusion|curiosity|disapproval|disgust|gratitude|joy|surprise
4204,8,desire,1|4|26|27,amusement|approval|surprise|neutral
4205,10|27,disapproval|neutral,5|11|18|27,caring|disgust|love|neutral
4206,4|26,approval|surprise,2|3|4|5|9|10|13|20|25|26,anger|annoyance|approval|caring|disappointment|disapproval|excitement|optimism|sadness|surprise
4207,1,amusement,1|4|6|7|9|11|13|20,amusement|approval|confusion|curiosity|disappointment|disgust|excitement|optimism
4208,27,neutral,0|2|9|11|14|15|27,admiration|anger|disappointment|disgust|fear|gratitude|neutral
4209,0,admiration,3|4|7|9|15|20|25,annoyance|approval|curiosity|disappointment|gratitude|optimism|sadness
4210,20,optimism,2|6|13|15|18|22|27,anger|confusion|excitement|gratitude|love|realization|neutral
4211,0,admiration,5|18|24,caring|love|remorse
4212,0,admiration,3|6|15|18|20|25|26|27,annoyance|confusion|gratitude|love|optimism|sadness|surprise|neutral
4213,27,neutral,4|7|15|17|20|27,approval|curiosity|gratitude|joy|optimism|neutral
4214,10,disapproval,1|2|4|10|15|17|20|21|24,amusement|anger|approval|disapproval|gratitude|joy|optimism|pride|remorse
4215,15,gratitude,27,neutral
4216,27,neutral,6|7|22|27,confusion|curiosity|realization|neutral
4217,3,annoyance,1|6|7|11|14|20|22,amusement|confusion|curiosity|disgust|fear|optimism|realization
4218,3,annoyance,0|1|2|4|20|22|25|26|27,admiration|amusement|anger|approval|optimism|realization|sadness|surprise|neutral
4219,26,surprise,0|1|2|3|4|17|20|22|25,admiration|amusement|anger|annoyance|approval|joy|optimism|realization|sadness
4220,27,neutral,0|2|3|9|11|13|14|20,admiration|anger|annoyance|disappointment|disgust|excitement|fear|optimism
4221,26,surprise,0|1|4|6|12|20|27,admiration|amusement|approval|confusion|embarrassment|optimism|neutral
4222,27,neutral,11|12|14|17|26|27,disgust|embarrassment|fear|joy|surprise|neutral
4223,27,neutral,3|4|6|7|9|10|22|25,annoyance|approval|confusion|curiosity|disappointment|disapproval|realization|sadness
4224,27,neutral,3|6|7|8|11|14|15|17|27,annoyance|confusion|curiosity|desire|disgust|fear|gratitude|joy|neutral
4225,27,neutral,1|7|18|25|26|27,amusement|curiosity|love|sadness|surprise|neutral
4226,17,joy,0|1|7|10|15|18|20|27,admiration|amusement|curiosity|disapproval|gratitude|love|optimism|neutral
4227,0|4,admiration|approval,0|4|6|7|13|15|17,admiration|approval|confusion|curiosity|excitement|gratitude|joy
4228,1,amusement,0|2|7|17|27,admiration|anger|curiosity|joy|neutral
4229,27,neutral,0|5|7|15|27,admiration|caring|curiosity|gratitude|neutral
4230,27,neutral,0|3|8|15|17|20|25,admiration|annoyance|desire|gratitude|joy|optimism|sadness
4231,7,curiosity,2|3|11|13|15|22|27,anger|annoyance|disgust|excitement|gratitude|realization|neutral
4232,27,neutral,0|2|13|14|24,admiration|anger|excitement|fear|remorse
4233,15,gratitude,0|1|4|6|15|17,admiration|amusement|approval|confusion|gratitude|joy
4234,18,love,1|5|9|10|26|27,amusement|caring|disappointment|disapproval|surprise|neutral
4235,0,admiration,7|17|22|26|27,curiosity|joy|realization|surprise|neutral
4236,27,neutral,0|6|8|11|15,admiration|confusion|desire|disgust|gratitude
4237,4,approval,1|3|4|14|22|25|27,amusement|annoyance|approval|fear|realization|sadness|neutral
4238,27,neutral,22|27,realization|neutral
4239,0|4|18,admiration|approval|love,1|10|13|15|27,amusement|disapproval|excitement|gratitude|neutral
4240,3,annoyance,15|20|27,gratitude|optimism|neutral
4241,25,sadness,1|3|4|10|17|26,amusement|annoyance|approval|disapproval|joy|surprise
4242,0|27,admiration|neutral,2|7|15|17|25|27,anger|curiosity|gratitude|joy|sadness|neutral
4243,27,neutral,0|4|5|8|13|18|20|22|27,admiration|approval|caring|desire|excitement|love|optimism|realization|neutral
4244,27,neutral,0|9|18,admiration|disappointment|love
4245,27,neutral,3|5|7|9|10|13|24|25,annoyance|caring|curiosity|disappointment|disapproval|excitement|remorse|sadness
4246,9,disappointment,0|3|5|11|13|17|18|25|27,admiration|annoyance|caring|disgust|excitement|joy|love|sadness|neutral
4247,12,embarrassment,0|1|3|4|8|9|11|14|20,admiration|amusement|annoyance|approval|desire|disappointment|disgust|fear|optimism
4248,27,neutral,7|9|12|20|26|27,curiosity|disappointment|embarrassment|optimism|surprise|neutral
4249,8,desire,1|2|3|10|15|17|18|20,amusement|anger|annoyance|disapproval|gratitude|joy|love|optimism
4250,5,caring,2|3|4|6|7|23,anger|annoyance|approval|confusion|curiosity|relief
4251,14,fear,1|3|5|6|7|10|13|14|15|19|20|21|22|25,amusement|annoyance|caring|confusion|curiosity|disapproval|excitement|fear|gratitude|nervousness|optimism|pride|realization|sadness
4252,27,neutral,4|6|7|10|27,approval|confusion|curiosity|disapproval|neutral
4253,0,admiration,1|2|10|15|20|22|27,amusement|anger|disapproval|gratitude|optimism|realization|neutral
4254,0,admiration,0|3|6|10|24|25|27,admiration|annoyance|confusion|disapproval|remorse|sadness|neutral
4255,27,neutral,1|3|6|7|18,amusement|annoyance|confusion|curiosity|love
4256,27,neutral,1|3|4|6|9|21|22|24|25|27,amusement|annoyance|approval|confusion|disappointment|pride|realization|remorse|sadness|neutral
4257,1|17,amusement|joy,2|3|9|20|26|27,anger|annoyance|disappointment|optimism|surprise|neutral
4258,27,neutral,0|1|3|4|6|26|27,admiration|amusement|annoyance|approval|confusion|surprise|neutral
4259,20,optimism,0|6|9|10|13|15|20|22|24|27,admiration|confusion|disappointment|disapproval|excitement|gratitude|optimism|realization|remorse|neutral
4260,27,neutral,0|1|6|7|9|15,admiration|amusement|confusion|curiosity|disappointment|gratitude
4261,19,nervousness,4|5|6|7|10|15|18|25|27,approval|caring|confusion|curiosity|disapproval|gratitude|love|sadness|neutral
4262,4,approval,0|1|4|6|7|15,admiration|amusement|approval|confusion|curiosity|gratitude
4263,27,neutral,0|1|3|4|9|15|22|24|25,admiration|amusement|annoyance|approval|disappointment|gratitude|realization|remorse|sadness
4264,4,approval,3|7|14|20|24|27,annoyance|curiosity|fear|optimism|remorse|neutral
4265,27,neutral,3|4|6|9|18|20|26,annoyance|approval|confusion|disappointment|love|optimism|surprise
4266,27,neutral,2|3|7|10|11|18|25|27,anger|annoyance|curiosity|disapproval|disgust|love|sadness|neutral
4267,0,admiration,4|10|15|20|22|27,approval|disapproval|gratitude|optimism|realization|neutral
4268,3,annoyance,0|1|4|17|22|26,admiration|amusement|approval|joy|realization|surprise
4269,9,disappointment,3|4|5|7|24|25,annoyance|approval|caring|curiosity|remorse|sadness
4270,27,neutral,1|5|17|22|27,amusement|caring|joy|realization|neutral
4271,7|27,curiosity|neutral,0|3|5|9|15|17|24|26|27,admiration|annoyance|caring|disappointment|gratitude|joy|remorse|surprise|neutral
4272,15,gratitude,0|11|14|15|17|20|22|27,admiration|disgust|fear|gratitude|joy|optimism|realization|neutral
4273,4,approval,0|1|9|13|15|18|20|25,admiration|amusement|disappointment|excitement|gratitude|love|optimism|sadness
4274,27,neutral,5|6|11|13|15|18,caring|confusion|disgust|excitement|gratitude|love
4275,27,neutral,0|15|22|27,admiration|gratitude|realization|neutral
4276,7|27,curiosity|neutral,1|2|4|5|6|7|15|25,amusement|anger|approval|caring|confusion|curiosity|gratitude|sadness
4277,15,gratitude,0|2|3|9|10|17|22|27,admiration|anger|annoyance|disappointment|disapproval|joy|realization|neutral
4278,0|15,admiration|gratitude,0|4|5|7|9|10|17|20,admiration|approval|caring|curiosity|disappointment|disapproval|joy|optimism
4279,27,neutral,0|5|10|11|15|20|26,admiration|caring|disapproval|disgust|gratitude|optimism|surprise
4280,27,neutral,5|7|9|13|15|18|26|27,caring|curiosity|disappointment|excitement|gratitude|love|surprise|neutral
4281,27,neutral,0|6|7|13|27,admiration|confusion|curiosity|excitement|neutral
4282,1,amusement,1|14|15|17|27,amusement|fear|gratitude|joy|neutral
4283,4,approval,3|4|9|18|20|27,annoyance|approval|disappointment|love|optimism|neutral
4284,17,joy,1|2|3|10|18|20|22|27,amusement|anger|annoyance|disapproval|love|optimism|realization|neutral
4285,6,confusion,5|9|13|18|25|27,caring|disappointment|excitement|love|sadness|neutral
4286,2,anger,0|10|26|27,admiration|disapproval|surprise|neutral
4287,0|4,admiration|approval,0|4|5|9,admiration|approval|caring|disappointment
4288,7,curiosity,0|6|10|13|20|22|25,admiration|confusion|disapproval|excitement|optimism|realization|sadness
4289,0|4,admiration|approval,1|4|6|7|18,amusement|approval|confusion|curiosity|love
4290,13,excitement,2|3|6|11|14|18|22|25,anger|annoyance|confusion|disgust|fear|love|realization|sadness
4291,27,neutral,0|1|3|4|7,admiration|amusement|annoyance|approval|curiosity
4292,3,annoyance,9|10,disappointment|disapproval
4293,0,admiration,0|1|2|6|7|9|15,admiration|amusement|anger|confusion|curiosity|disappointment|gratitude
4294,27,neutral,4|5|16|17|22|24|25,approval|caring|grief|joy|realization|remorse|sadness
4295,18,love,6|10|17|25|27,confusion|disapproval|joy|sadness|neutral
4296,27,neutral,0|2|6|10|22|24|25,admiration|anger|confusion|disapproval|realization|remorse|sadness
4297,9|12,disappointment|embarrassment,2|5|12|13|15|17|18|26|27,anger|caring|embarrassment|excitement|gratitude|joy|love|surprise|neutral
4298,3,annoyance,5|6|7|10|18|20|24|27,caring|confusion|curiosity|disapproval|love|optimism|remorse|neutral
4299,14,fear,4|18|26,approval|love|surprise
4300,5,caring,2|3|11|26,anger|annoyance|disgust|surprise
4301,0,admiration,0|3|4|5|10|13|17|20|27,admiration|annoyance|approval|caring|disapproval|excitement|joy|optimism|neutral
4302,0,admiration,1|2|3|13|15|17|20|22|25,amusement|anger|annoyance|excitement|gratitude|joy|optimism|realization|sadness
4303,15,gratitude,0|1|5|8|10|18|25|27,admiration|amusement|caring|desire|disapproval|love|sadness|neutral
4304,18,love,0|2|5|13|24|25|27,admiration|anger|caring|excitement|remorse|sadness|neutral
4305,27,neutral,1|7|9|10|17|27,amusement|curiosity|disappointment|disapproval|joy|neutral
4306,4,approval,0|13|17|20|22|26|27,admiration|excitement|joy|optimism|realization|surprise|neutral
4307,27,neutral,0|1|3|4|6|13|17|20,admiration|amusement|annoyance|approval|confusion|excitement|joy|optimism
4308,4,approval,2|3|5|9|11|15|17,anger|annoyance|caring|disappointment|disgust|gratitude|joy
4309,10,disapproval,0|1|5|15|25,admiration|amusement|caring|gratitude|sadness
4310,27,neutral,5|6|7|10|11|13|17|20|25,caring|confusion|curiosity|disapproval|disgust|excitement|joy|optimism|sadness
4311,27,neutral,0|2|5|10|15|18|20|22|26,admiration|anger|caring|disapproval|gratitude|love|optimism|realization|surprise
4312,27,neutral,3|12|15|17|18|22,annoyance|embarrassment|gratitude|joy|love|realization
4313,18,love,0|5|6|7|12|15|17|18|26,admiration|caring|confusion|curiosity|embarrassment|gratitude|joy|love|surprise
4314,27,neutral,2|4|7|16,anger|approval|curiosity|grief
4315,25,sadness,0|7|9|15|18|20,admiration|curiosity|disappointment|gratitude|love|optimism
4316,4,approval,3|4|14|26|27,annoyance|approval|fear|surprise|neutral
4317,4,approval,1|2|9|10|11|25,amusement|anger|disappointment|disapproval|disgust|sadness
4318,27,neutral,7|9|15|18,curiosity|disappointment|gratitude|love
4319,0,admiration,0|3|10|15|27,admiration|annoyance|disapproval|gratitude|neutral
4320,4,approval,1|4|7|15|17|18,amusement|approval|curiosity|gratitude|joy|love
4321,9|22,disappointment|realization,1|3|10|11|13|14|20,amusement|annoyance|disapproval|disgust|excitement|fear|optimism
4322,8,desire,0|3|4|7|11|15|17|25,admiration|annoyance|approval|curiosity|disgust|gratitude|joy|sadness
4323,16,grief,6|15|17|18|20|27,confusion|gratitude|joy|love|optimism|neutral
4324,3,annoyance,3|7|11|20|24|26|27,annoyance|curiosity|disgust|optimism|remorse|surprise|neutral
4325,9,disappointment,1|3|5|6|7|23|27,amusement|annoyance|caring|confusion|curiosity|relief|neutral
4326,3,annoyance,1|3|7|11|14|20|21|22,amusement|annoyance|curiosity|disgust|fear|optimism|pride|realization
4327,10,disapproval,0|1|4|10|17|20|26,admiration|amusement|approval|disapproval|joy|optimism|surprise
4328,27,neutral,4|5|8|15|17|20|24|26,approval|caring|desire|gratitude|joy|optimism|remorse|surprise
4329,1|13,amusement|excitement,10|20|22|26|27,disapproval|optimism|realization|surprise|neutral
4330,10|18,disapproval|love,0|1|3|14|15|17,admiration|amusement|annoyance|fear|gratitude|joy
4331,7|17,curiosity|joy,1|2|3|10|11,amusement|anger|annoyance|disapproval|disgust
4332,12|25|27,embarrassment|sadness|neutral,2|3|5|9|17,anger|annoyance|caring|disappointment|joy
4333,0|8,admiration|desire,2|10|11|17|20|25|27,anger|disapproval|disgust|joy|optimism|sadness|neutral
4334,27,neutral,0|4|5|6|7|9|17,admiration|approval|caring|confusion|curiosity|disappointment|joy
4335,9|10,disappointment|disapproval,4|6|15|17|18,approval|confusion|gratitude|joy|love
4336,9|27,disappointment|neutral,1|4|7|22|25,amusement|approval|curiosity|realization|sadness
4337,27,neutral,2|3|9|10|18|20,anger|annoyance|disappointment|disapproval|love|optimism
4338,27,neutral,3|6|7|13|22|26|27,annoyance|confusion|curiosity|excitement|realization|surprise|neutral
4339,15,gratitude,0|1|5|10|11|15|20|25|26,admiration|amusement|caring|disapproval|disgust|gratitude|optimism|sadness|surprise
4340,3|6,annoyance|confusion,1|3|4|8|18|27,amusement|annoyance|approval|desire|love|neutral
4341,0,admiration,1|3|5|7|18,amusement|annoyance|caring|curiosity|love
4342,10|27,disapproval|neutral,0|1|2|3|4|17|27,admiration|amusement|anger|annoyance|approval|joy|neutral
4343,2|3,anger|annoyance,0|1|6|7|9|12|15|18|25,admiration|amusement|confusion|curiosity|disappointment|embarrassment|gratitude|love|sadness
4344,8,desire,0|7|17|22|27,admiration|curiosity|joy|realization|neutral
4345,27,neutral,2|5|6|15|17|18|25,anger|caring|confusion|gratitude|joy|love|sadness
4346,27,neutral,6|9|15|17|24|27,confusion|disappointment|gratitude|joy|remorse|neutral
4347,27,neutral,4|6|7|9|20|25,approval|confusion|curiosity|disappointment|optimism|sadness
4348,4,approval,3|5|6|7|8|10|11|13|18,annoyance|caring|confusion|curiosity|desire|disapproval|disgust|excitement|love
4349,2,anger,1|2|4|7|22|25,amusement|anger|approval|curiosity|realization|sadness
4350,3,annoyance,2|7|18|27,anger|curiosity|love|neutral
4351,18,love,10|11|22|27,disapproval|disgust|realization|neutral
4352,27,neutral,0|3|20|24|25|27,admiration|annoyance|optimism|remorse|sadness|neutral
4353,4,approval,1|2|6|9|17|25|27,amusement|anger|confusion|disappointment|joy|sadness|neutral
4354,12,embarrassment,1|2|3|4|5|9|13|20|22|25,amusement|anger|annoyance|approval|caring|disappointment|excitement|optimism|realization|sadness
4355,0,admiration,4|9|10|11|20|24|27,approval|disappointment|disapproval|disgust|optimism|remorse|neutral
4356,13|17|18|20,excitement|joy|love|optimism,3|4|5|6|10|25,annoyance|approval|caring|confusion|disapproval|sadness
4357,27,neutral,0|5|10|11|15,admiration|caring|disapproval|disgust|gratitude
4358,13,excitement,0|5|17|18|26|27,admiration|caring|joy|love|surprise|neutral
4359,20,optimism,0|1|2|3|5|15|25,admiration|amusement|anger|annoyance|caring|gratitude|sadness
4360,24,remorse,5|7|9|10|13|15|17|18|27,caring|curiosity|disappointment|disapproval|excitement|gratitude|joy|love|neutral
4361,15,gratitude,1|3|4|5|11|18|22|27,amusement|annoyance|approval|caring|disgust|love|realization|neutral
4362,27,neutral,2|10|15|20|22,anger|disapproval|gratitude|optimism|realization
4363,27,neutral,2|4|10|11|15|20,anger|approval|disapproval|disgust|gratitude|optimism
4364,27,neutral,1|5|7|8|15|17|22|25|26|27,amusement|caring|curiosity|desire|gratitude|joy|realization|sadness|surprise|neutral
4365,10,disapproval,0|2|3|7|25,admiration|anger|annoyance|curiosity|sadness
4366,25,sadness,3|9|15|17|22|27,annoyance|disappointment|gratitude|joy|realization|neutral
4367,3|10,annoyance|disapproval,6|9|10|15|18|27,confusion|disappointment|disapproval|gratitude|love|neutral
4368,4,approval,0|1|4|5|11|13|15|17,admiration|amusement|approval|caring|disgust|excitement|gratitude|joy
4369,25,sadness,0|2|3|4|7|10|13|27,admiration|anger|annoyance|approval|curiosity|disapproval|excitement|neutral
4370,4,approval,2|10|11|18|26,anger|disapproval|disgust|love|surprise
4371,1,amusement,3|4|5|10|17|27,annoyance|approval|caring|disapproval|joy|neutral
4372,5,caring,0|1|4|5|17|18|22,admiration|amusement|approval|caring|joy|love|realization
4373,0,admiration,1|9|14|26,amusement|disappointment|fear|surprise
4374,20,optimism,6|7|9|13|17|27,confusion|curiosity|disappointment|excitement|joy|neutral
4375,27,neutral,1|2|6|8|14|27,amusement|anger|confusion|desire|fear|neutral
4376,0,admiration,0|1|2|11|15|17|18|25,admiration|amusement|anger|disgust|gratitude|joy|love|sadness
4377,27,neutral,2|4|14|18|20,anger|approval|fear|love|optimism
4378,27,neutral,0|3|10|22|25,admiration|annoyance|disapproval|realization|sadness
4379,22|27,realization|neutral,8|17,desire|joy
4380,4,approval,2|3|11|13|15|17|27,anger|annoyance|disgust|excitement|gratitude|joy|neutral
4381,17,joy,0|6|7|9|14|17|18|19|22|27,admiration|confusion|curiosity|disappointment|fear|joy|love|nervousness|realization|neutral
4382,24,remorse,3|4|6|9|14|17|25|27,annoyance|approval|confusion|disappointment|fear|joy|sadness|neutral
4383,26,surprise,1|5|7|14|17|27,amusement|caring|curiosity|fear|joy|neutral
4384,27,neutral,2|3|7|8|25,anger|annoyance|curiosity|desire|sadness
4385,9|27,disappointment|neutral,3|5|8|20,annoyance|caring|desire|optimism
4386,27,neutral,0|4|27,admiration|approval|neutral
4387,5|27,caring|neutral,0|1|6|9|11|15|22,admiration|amusement|confusion|disappointment|disgust|gratitude|realization
4388,1,amusement,0|1|9|10|11|25|26,admiration|amusement|disappointment|disapproval|disgust|sadness|surprise
4389,15,gratitude,1|3|4|7|15|17|26,amusement|annoyance|approval|curiosity|gratitude|joy|surprise
4390,15,gratitude,0|2|10|13|15|22|27,admiration|anger|disapproval|excitement|gratitude|realization|neutral
4391,27,neutral,4|9|11|13|15|22|27,approval|disappointment|disgust|excitement|gratitude|realization|neutral
4392,27,neutral,1|7|8|9|18|20|22|25,amusement|curiosity|desire|disappointment|love|optimism|realization|sadness
4393,27,neutral,0|10|13|15|17,admiration|disapproval|excitement|gratitude|joy
4394,18,love,0|6|27,admiration|confusion|neutral
4395,27,neutral,5|27,caring|neutral
4396,3|27,annoyance|neutral,1|3|4|6|8|20|26,amusement|annoyance|approval|confusion|desire|optimism|surprise
4397,27,neutral,2|3|4|6|9|10|17|20|26,anger|annoyance|approval|confusion|disappointment|disapproval|joy|optimism|surprise
4398,0,admiration,0|10|15|17|18|26|27,admiration|disapproval|gratitude|joy|love|surprise|neutral
4399,4,approval,2|3|4|5|6|8|10|11|13|14|24,anger|annoyance|approval|caring|confusion|desire|disapproval|disgust|excitement|fear|remorse
4400,11,disgust,3|10|13|20|24|25|27,annoyance|disapproval|excitement|optimism|remorse|sadness|neutral
4401,27,neutral,0|3|7|17|18|20,admiration|annoyance|curiosity|joy|love|optimism
4402,7,curiosity,1|3|6|7|10|17|18|26,amusement|annoyance|confusion|curiosity|disapproval|joy|love|surprise
4403,13|17,excitement|joy,2|9|11|15|18|22|24|26|27,anger|disappointment|disgust|gratitude|love|realization|remorse|surprise|neutral
4404,6,confusion,1|3|7|8,amusement|annoyance|curiosity|desire
4405,22,realization,3|4|6|14|17|18|25,annoyance|approval|confusion|fear|joy|love|sadness
4406,27,neutral,0|1|3|6|7|11|15|20,admiration|amusement|annoyance|confusion|curiosity|disgust|gratitude|optimism
4407,4,approval,1|2|10|11|25|27,amusement|anger|disapproval|disgust|sadness|neutral
4408,7|13,curiosity|excitement,3|6|15|22|27,annoyance|confusion|gratitude|realization|neutral
4409,9|12,disappointment|embarrassment,2|3|10|15|17|20|27,anger|annoyance|disapproval|gratitude|joy|optimism|neutral
4410,15,gratitude,0|2|3|7|13|17|18|22,admiration|anger|annoyance|curiosity|excitement|joy|love|realization
4411,10,disapproval,1|3|5|6|20|26,amusement|annoyance|caring|confusion|optimism|surprise
4412,0|5,admiration|caring,1|5|10|15|18|27,amusement|caring|disapproval|gratitude|love|neutral
4413,7,curiosity,3|10|17,annoyance|disapproval|joy
4414,0|6,admiration|confusion,0|3|6|7|13|27,admiration|annoyance|confusion|curiosity|excitement|neutral
4415,0,admiration,0|4|5|6|15|20|25,admiration|approval|caring|confusion|gratitude|optimism|sadness
4416,4,approval,0|2|6,admiration|anger|confusion
4417,7,curiosity,2|3|6|22|27,anger|annoyance|confusion|realization|neutral
4418,0,admiration,0|4|13|20|27,admiration|approval|excitement|optimism|neutral
4419,10,disapproval,0|1|2|8|9|14|15|18,admiration|amusement|anger|desire|disappointment|fear|gratitude|love
4420,7,curiosity,0|1|2|4|6|13|18|20|26|27,admiration|amusement|anger|approval|confusion|excitement|love|optimism|surprise|neutral
4421,27,neutral,0|13|15|18|22|26|27,admiration|excitement|gratitude|love|realization|surprise|neutral
4422,9,disappointment,0|3|7|13|15|17|25,admiration|annoyance|curiosity|excitement|gratitude|joy|sadness
4423,27,neutral,2|11|15|20|22|25,anger|disgust|gratitude|optimism|realization|sadness
4424,2|4,anger|approval,4|5|7|17|26,approval|caring|curiosity|joy|surprise
4425,9|27,disappointment|neutral,0|3|5|7|13|18|24,admiration|annoyance|caring|curiosity|excitement|love|remorse
4426,24,remorse,0|3|4|5|9|11|15|18|27,admiration|annoyance|approval|caring|disappointment|disgust|gratitude|love|neutral
4427,2,anger,0|1|3|4|6|9|17|22,admiration|amusement|annoyance|approval|confusion|disappointment|joy|realization
4428,27,neutral,3|5|8|9|10|11|12|16|17,annoyance|caring|desire|disappointment|disapproval|disgust|embarrassment|grief|joy
4429,3|10,annoyance|disapproval,1|2|22|27,amusement|anger|realization|neutral
4430,4,approval,1|2|3|7|8|10|13|15|18|25,amusement|anger|annoyance|curiosity|desire|disapproval|excitement|gratitude|love|sadness
4431,1,amusement,2|6|10|27,anger|confusion|disapproval|neutral
4432,10,disapproval,3|14|18|20,annoyance|fear|love|optimism
4433,0|4|20,admiration|approval|optimism,1|2|8|10|25|27,amusement|anger|desire|disapproval|sadness|neutral
4434,17,joy,3|4|17|18,annoyance|approval|joy|love
4435,27,neutral,0|2|15|18|22,admiration|anger|gratitude|love|realization
4436,27,neutral,3|5|8|11|24|26,annoyance|caring|desire|disgust|remorse|surprise
4437,3|10,annoyance|disapproval,17|27,joy|neutral
4438,7,curiosity,1|3|7|10|15|17|18|19,amusement|annoyance|curiosity|disapproval|gratitude|joy|love|nervousness
4439,27,neutral,2|15|17|18|20|22|27,anger|gratitude|joy|love|optimism|realization|neutral
4440,4,approval,3|4|6|7|10|18|20,annoyance|approval|confusion|curiosity|disapproval|love|optimism
4441,15,gratitude,0|1|2|3|4|10|12|22|27,admiration|amusement|anger|annoyance|approval|disapproval|embarrassment|realization|neutral
4442,15,gratitude,2|3|4|6|9|11|17|18|20|22|27,anger|annoyance|approval|confusion|disappointment|disgust|joy|love|optimism|realization|neutral
4443,7,curiosity,2|3|11|14|15|18|25|26,anger|annoyance|disgust|fear|gratitude|love|sadness|surprise
4444,27,neutral,1|4|6|25|27,amusement|approval|confusion|sadness|neutral
4445,27,neutral,1|3|8|9|15|20|22|27,amusement|annoyance|desire|disappointment|gratitude|optimism|realization|neutral
4446,0,admiration,0|2|7|10|11|20|27,admiration|anger|curiosity|disapproval|disgust|optimism|neutral
4447,27,neutral,5|9|11|17,caring|disappointment|disgust|joy
4448,27,neutral,0|1|2|7|14|26|27,admiration|amusement|anger|curiosity|fear|surprise|neutral
4449,15|17,gratitude|joy,0|2|3|5|10|15|18|27,admiration|anger|annoyance|caring|disapproval|gratitude|love|neutral
4450,18,love,0|2|6|7|9|10|25|27,admiration|anger|confusion|curiosity|disappointment|disapproval|sadness|neutral
4451,2,anger,1|15|22|27,amusement|gratitude|realization|neutral
4452,0,admiration,1|2|13|15|27,amusement|anger|excitement|gratitude|neutral
4453,3,annoyance,0|6|12|18|26,admiration|confusion|embarrassment|love|surprise
4454,27,neutral,1|5|15|18|27,amusement|caring|gratitude|love|neutral
4455,4,approval,1|6|9|11|22,amusement|confusion|disappointment|disgust|realization
4456,15,gratitude,0|5|6|8|13|25,admiration|caring|confusion|desire|excitement|sadness
4457,18,love,0|2|4|15|27,admiration|anger|approval|gratitude|neutral
4458,27,neutral,10|13|18|26,disapproval|excitement|love|surprise
4459,27,neutral,0|4|5|17|20|27,admiration|approval|caring|joy|optimism|neutral
4460,8,desire,2|5|9|10|15|17|18,anger|caring|disappointment|disapproval|gratitude|joy|love
4461,15,gratitude,0|6|12|15|18|27,admiration|confusion|embarrassment|gratitude|love|neutral
4462,27,neutral,0|4|6|10|11|12|18,admiration|approval|confusion|disapproval|disgust|embarrassment|love
4463,15,gratitude,3|9|10|26|27,annoyance|disappointment|disapproval|surprise|neutral
4464,17,joy,0|1|9|10|11|15|20,admiration|amusement|disappointment|disapproval|disgust|gratitude|optimism
4465,7,curiosity,2|3|15|18|20|25,anger|annoyance|gratitude|love|optimism|sadness
4466,5,caring,0|1|6|10|18|26|27,admiration|amusement|confusion|disapproval|love|surprise|neutral
4467,27,neutral,0|2|11|25|27,admiration|anger|disgust|sadness|neutral
4468,0,admiration,3|5|10|11|15,annoyance|caring|disapproval|disgust|gratitude
4469,0,admiration,6|18|27,confusion|love|neutral
4470,7,curiosity,3|5|11|20,annoyance|caring|disgust|optimism
4471,7,curiosity,1|4|15|17|25,amusement|approval|gratitude|joy|sadness
4472,9,disappointment,1|9|22|24|27,amusement|disappointment|realization|remorse|neutral
4473,27,neutral,0|1|3|9|25,admiration|amusement|annoyance|disappointment|sadness
4474,3,annoyance,0|7|8|14|20|26,admiration|curiosity|desire|fear|optimism|surprise
4475,27,neutral,5|7|8|9|15|24|26|27,caring|curiosity|desire|disappointment|gratitude|remorse|surprise|neutral
4476,1,amusement,1|4|7|20|27,amusement|approval|curiosity|optimism|neutral
4477,1,amusement,4|5|7|18|20|25,approval|caring|curiosity|love|optimism|sadness
4478,27,neutral,0|6|15|22,admiration|confusion|gratitude|realization
4479,16|25,grief|sadness,1|2|4|13|18,amusement|anger|approval|excitement|love
4480,8,desire,0|5|7|10|20|26,admiration|caring|curiosity|disapproval|optimism|surprise
4481,0,admiration,0|4|9|27,admiration|approval|disappointment|neutral
4482,1,amusement,1|2|12|15|20|25,amusement|anger|embarrassment|gratitude|optimism|sadness
4483,15,gratitude,5|9|17|26|27,caring|disappointment|joy|surprise|neutral
4484,4,approval,0|6|9|14|25|26|27,admiration|confusion|disappointment|fear|sadness|surprise|neutral
4485,27,neutral,7|10|11|12|13|27,curiosity|disapproval|disgust|embarrassment|excitement|neutral
4486,0,admiration,6|7|15,confusion|curiosity|gratitude
4487,14,fear,4|9|11|15|17|25|27,approval|disappointment|disgust|gratitude|joy|sadness|neutral
4488,15|26,gratitude|surprise,0|3|5|8|9|10|11|17|18|20|26|27,admiration|annoyance|caring|desire|disappointment|disapproval|disgust|joy|love|optimism|surprise|neutral
4489,0,admiration,0|2|3|7|9|27,admiration|anger|annoyance|curiosity|disappointment|neutral
4490,27,neutral,2|6|8|19|22|26|27,anger|confusion|desire|nervousness|realization|surprise|neutral
4491,27,neutral,1|4|13|17|18|22|27,amusement|approval|excitement|joy|love|realization|neutral
4492,12,embarrassment,4|6|9|18|20|26|27,approval|confusion|disappointment|love|optimism|surprise|neutral
4493,4,approval,0|1|3|5|16|18,admiration|amusement|annoyance|caring|grief|love
4494,15,gratitude,1|2|4|5|6|11|13|20|22|25,amusement|anger|approval|caring|confusion|disgust|excitement|optimism|realization|sadness
4495,5,caring,1|2|13|14|15|18|22|26,amusement|anger|excitement|fear|gratitude|love|realization|surprise
4496,25,sadness,5|6|10|22|24|27,caring|confusion|disapproval|realization|remorse|neutral
4497,0|15,admiration|gratitude,0|2|3|4|6|11,admiration|anger|annoyance|approval|confusion|disgust
4498,26,surprise,2|6|9|18|27,anger|confusion|disappointment|love|neutral
4499,27,neutral,0|3|7|17|20|25,admiration|annoyance|curiosity|joy|optimism|sadness
4500,27,neutral,1|2|7|8|11,amusement|anger|curiosity|desire|disgust
4501,10,disapproval,5|7|11|20|27,caring|curiosity|disgust|optimism|neutral
4502,2,anger,0|5|6|7|13|15|18|25|27,admiration|caring|confusion|curiosity|excitement|gratitude|love|sadness|neutral
4503,10,disapproval,9|10|15|18|22|27,disappointment|disapproval|gratitude|love|realization|neutral
4504,27,neutral,3|7|8|9|25|26|27,annoyance|curiosity|desire|disappointment|sadness|surprise|neutral
4505,0,admiration,2|4|5|15|17,anger|approval|caring|gratitude|joy
4506,27,neutral,2|4|9|18|27,anger|approval|disappointment|love|neutral
4507,0|15,admiration|gratitude,4|5|9|20|22|25|26|27,approval|caring|disappointment|optimism|realization|sadness|surprise|neutral
4508,27,neutral,0|2|5|9|13|15|22,admiration|anger|caring|disappointment|excitement|gratitude|realization
4509,7|11,curiosity|disgust,5|7|8|9|15|27,caring|curiosity|desire|disappointment|gratitude|neutral
4510,3,annoyance,27,neutral
4511,26,surprise,2|3|4|5|9|11|13|22,anger|annoyance|approval|caring|disappointment|disgust|excitement|realization
4512,27,neutral,0|4|7|10|18|25|26,admiration|approval|curiosity|disapproval|love|sadness|surprise
4513,27,neutral,0|1|3|15|27,admiration|amusement|annoyance|gratitude|neutral
4514,27,neutral,0|2|5|17|18|26,admiration|anger|caring|joy|love|surprise
4515,4|23,approval|relief,0|1|7|18,admiration|amusement|curiosity|love
4516,27,neutral,6|15|27,confusion|gratitude|neutral
4517,15,gratitude,1|2|7|18|27,amusement|anger|curiosity|love|neutral
4518,1,amusement,2|7|9|15|27,anger|curiosity|disappointment|gratitude|neutral
4519,18,love,1|5|6|15|26,amusement|caring|confusion|gratitude|surprise
4520,27,neutral,2|5|10|11|18|20|22|25,anger|caring|disapproval|disgust|love|optimism|realization|sadness
4521,0,admiration,3|4|5|7|10,annoyance|approval|caring|curiosity|disapproval
4522,3,annoyance,20|22,optimism|realization
4523,18,love,17|20|26|27,joy|optimism|surprise|neutral
4524,0|18,admiration|love,0|1|2|5|6|7|8|10|15,admiration|amusement|anger|caring|confusion|curiosity|desire|disapproval|gratitude
4525,5|8,caring|desire,3|4|20|22|26,annoyance|approval|optimism|realization|surprise
4526,27,neutral,0|3|7|10|13|20|22,admiration|annoyance|curiosity|disapproval|excitement|optimism|realization
4527,18|22,love|realization,0|5|9|10|20|25,admiration|caring|disappointment|disapproval|optimism|sadness
4528,10,disapproval,3|4|6|24|27,annoyance|approval|confusion|remorse|neutral
4529,5,caring,0|3|5|9|13|14|20|25|27,admiration|annoyance|caring|disappointment|excitement|fear|optimism|sadness|neutral
4530,11,disgust,1|4|6|20|22|27,amusement|approval|confusion|optimism|realization|neutral
4531,15,gratitude,0|1|3|5|10|15|17|20|22,admiration|amusement|annoyance|caring|disapproval|gratitude|joy|optimism|realization
4532,14|19,fear|nervousness,3|4|5|8|10|14|15|17|18|20|26,annoyance|approval|caring|desire|disapproval|fear|gratitude|joy|love|optimism|surprise
4533,17,joy,4|6|7|10|18|27,approval|confusion|curiosity|disapproval|love|neutral
4534,27,neutral,1|3|8|10,amusement|annoyance|desire|disapproval
4535,9,disappointment,0|1|5|6|7|10|20|25,admiration|amusement|caring|confusion|curiosity|disapproval|optimism|sadness
4536,13,excitement,0|1|2|10,admiration|amusement|anger|disapproval
4537,0,admiration,2|3|6|9|11|17|22,anger|annoyance|confusion|disappointment|disgust|joy|realization
4538,5|20,caring|optimism,13|20|22|25|26|27,excitement|optimism|realization|sadness|surprise|neutral
4539,10,disapproval,8|11|18|25|27,desire|disgust|love|sadness|neutral
4540,0,admiration,4|8|22|25|27,approval|desire|realization|sadness|neutral
4541,0,admiration,0|3|8|9|10|14|15|17|20|22|27,admiration|annoyance|desire|disappointment|disapproval|fear|gratitude|joy|optimism|realization|neutral
4542,0|4,admiration|approval,3|7|14|18|25,annoyance|curiosity|fear|love|sadness
4543,7,curiosity,3|10|15|18|27,annoyance|disapproval|gratitude|love|neutral
4544,5,caring,1|2|6|7|15|17,amusement|anger|confusion|curiosity|gratitude|joy
4545,27,neutral,2|4|6|14|15|17|18|20|25|27,anger|approval|confusion|fear|gratitude|joy|love|optimism|sadness|neutral
4546,4|9,approval|disappointment,0|2|3|8|10|13|17|26|27,admiration|anger|annoyance|desire|disapproval|excitement|joy|surprise|neutral
4547,7,curiosity,0|2|4|6|7|10|11|22|25,admiration|anger|approval|confusion|curiosity|disapproval|disgust|realization|sadness
4548,3,annoyance,1|13|18|22|25|27,amusement|excitement|love|realization|sadness|neutral
4549,24,remorse,0|1|7|17|18|20|22,admiration|amusement|curiosity|joy|love|optimism|realization
4550,27,neutral,1|4|6|7|10|13|15|18|20,amusement|approval|confusion|curiosity|disapproval|excitement|gratitude|love|optimism
4551,27,neutral,0|10|13|15|17|25,admiration|disapproval|excitement|gratitude|joy|sadness
4552,27,neutral,0|1|2|5|9|17|18|19|22|25,admiration|amusement|anger|caring|disappointment|joy|love|nervousness|realization|sadness
4553,27,neutral,1|8|9|15|23|27,amusement|desire|disappointment|gratitude|relief|neutral
4554,0,admiration,2|3|4|7|8|15|20|22|24|27,anger|annoyance|approval|curiosity|desire|gratitude|optimism|realization|remorse|neutral
4555,8|15,desire|gratitude,1|5|7|22|23|27,amusement|caring|curiosity|realization|relief|neutral
4556,27,neutral,0|3|9|10|20,admiration|annoyance|disappointment|disapproval|optimism
4557,7,curiosity,5|6|7|22,caring|confusion|curiosity|realization
4558,15,gratitude,0|1|7|10|17|20|22|24|25,admiration|amusement|curiosity|disapproval|joy|optimism|realization|remorse|sadness
4559,18,love,1|2|3|5|9|13|26,amusement|anger|annoyance|caring|disappointment|excitement|surprise
4560,25,sadness,4|13|26|27,approval|excitement|surprise|neutral
4561,4,approval,0|2|5|9|15|22|27,admiration|anger|caring|disappointment|gratitude|realization|neutral
4562,27,neutral,0|6|7|15|17|27,admiration|confusion|curiosity|gratitude|joy|neutral
4563,20|25,optimism|sadness,0|1|9|10|14|17|18|20|25|27,admiration|amusement|disappointment|disapproval|fear|joy|love|optimism|sadness|neutral
4564,3,annoyance,4|5|7|10|12|15|17|22,approval|caring|curiosity|disapproval|embarrassment|gratitude|joy|realization
4565,5,caring,2|3|5|9|20|27,anger|annoyance|caring|disappointment|optimism|neutral
4566,27,neutral,0|1|3|10|12|18,admiration|amusement|annoyance|disapproval|embarrassment|love
4567,4,approval,3|11|13|18|22|24,annoyance|disgust|excitement|love|realization|remorse
4568,0,admiration,0|3|5|18|26,admiration|annoyance|caring|love|surprise
4569,15,gratitude,3|9|10|13|14|15|18|25|26,annoyance|disappointment|disapproval|excitement|fear|gratitude|love|sadness|surprise
4570,26,surprise,2|4|18|25,anger|approval|love|sadness
4571,3|10,annoyance|disapproval,4|7|10|13|17|25,approval|curiosity|disapproval|excitement|joy|sadness
4572,0,admiration,2|7|8|10|11|15|22|24,anger|curiosity|desire|disapproval|disgust|gratitude|realization|remorse
4573,16|27,grief|neutral,2|5|9|13,anger|caring|disappointment|excitement
4574,27,neutral,7|10|11|15|25|27,curiosity|disapproval|disgust|gratitude|sadness|neutral
4575,4,approval,1|7|10|15|18|27,amusement|curiosity|disapproval|gratitude|love|neutral
4576,3|10,annoyance|disapproval,0|1|4|6|8|9|15|18|20,admiration|amusement|approval|confusion|desire|disappointment|gratitude|love|optimism
4577,18,love,0|3|9|11|18|24|27,admiration|annoyance|disappointment|disgust|love|remorse|neutral
4578,4,approval,4|5|6|7|13|15|27,approval|caring|confusion|curiosity|excitement|gratitude|neutral
4579,15,gratitude,0|4|6|7|9|17|18|20|22,admiration|approval|confusion|curiosity|disappointment|joy|love|optimism|realization
4580,20,optimism,4|6|10|17|25,approval|confusion|disapproval|joy|sadness
4581,26,surprise,0|6|7|13|27,admiration|confusion|curiosity|excitement|neutral
4582,27,neutral,3|10|12|18|22|27,annoyance|disapproval|embarrassment|love|realization|neutral
4583,3|22,annoyance|realization,0|2|3|4|7|9|10|11|17|18|22,admiration|anger|annoyance|approval|curiosity|disappointment|disapproval|disgust|joy|love|realization
4584,27,neutral,0|4|5|6|10|13|17|18|27,admiration|approval|caring|confusion|disapproval|excitement|joy|love|neutral
4585,2|3,anger|annoyance,0|2|3|11|15|27,admiration|anger|annoyance|disgust|gratitude|neutral
4586,27,neutral,1|4|9|13|18|20|27,amusement|approval|disappointment|excitement|love|optimism|neutral
4587,22,realization,0|5|18|20|26|27,admiration|caring|love|optimism|surprise|neutral
4588,20,optimism,0|2|3|9|10|11|18|26|27,admiration|anger|annoyance|disappointment|disapproval|disgust|love|surprise|neutral
4589,27,neutral,0|4|5|10|18|20|26,admiration|approval|caring|disapproval|love|optimism|surprise
4590,27,neutral,0|3|7|11|18|23|26,admiration|annoyance|curiosity|disgust|love|relief|surprise
4591,27,neutral,11|15|26,disgust|gratitude|surprise
4592,1|20,amusement|optimism,0|1|2|3|4|5|7|11|26,admiration|amusement|anger|annoyance|approval|caring|curiosity|disgust|surprise
4593,27,neutral,4|10|11|15|17|18|24|25,approval|disapproval|disgust|gratitude|joy|love|remorse|sadness
4594,27,neutral,6|7|9|11|15|17|19|26,confusion|curiosity|disappointment|disgust|gratitude|joy|nervousness|surprise
4595,1,amusement,1|4|7|17|24|27,amusement|approval|curiosity|joy|remorse|neutral
4596,11,disgust,0|1|2|3|4|22,admiration|amusement|anger|annoyance|approval|realization
4597,27,neutral,0|5|17|20|27,admiration|caring|joy|optimism|neutral
4598,20,optimism,1|9|10|18|24|27,amusement|disappointment|disapproval|love|remorse|neutral
4599,27,neutral,3|7|13|20|27,annoyance|curiosity|excitement|optimism|neutral
4600,0,admiration,3|6|7|10|13|17|25|27,annoyance|confusion|curiosity|disapproval|excitement|joy|sadness|neutral
4601,13|26,excitement|surprise,1|4|5|13|14|25|26,amusement|approval|caring|excitement|fear|sadness|surprise
4602,15,gratitude,0|3|4|5|7|9|15|18,admiration|annoyance|approval|caring|curiosity|disappointment|gratitude|love
4603,0,admiration,2|3|11|17|18,anger|annoyance|disgust|joy|love
4604,4,approval,0|2|10|15|22,admiration|anger|disapproval|gratitude|realization
4605,18,love,6|15|17|18,confusion|gratitude|joy|love
4606,15,gratitude,0|1|2|3|11|14|18|25,admiration|amusement|anger|annoyance|disgust|fear|love|sadness
4607,4,approval,1|9|10|15|24|27,amusement|disappointment|disapproval|gratitude|remorse|neutral
4608,11,disgust,0|5|7|20,admiration|caring|curiosity|optimism
4609,27,neutral,1|2|4|6|22|26,amusement|anger|approval|confusion|realization|surprise
4610,7|18,curiosity|love,3|9|13|14|27,annoyance|disappointment|excitement|fear|neutral
4611,27,neutral,0|7|17|20|26,admiration|curiosity|joy|optimism|surprise
4612,15,gratitude,0|3|6|13|22|26,admiration|annoyance|confusion|excitement|realization|surprise
4613,14,fear,1|3|10|13|15|17|27,amusement|annoyance|disapproval|excitement|gratitude|joy|neutral
4614,6|7,confusion|curiosity,0|1|6|7|15|17|20|26,admiration|amusement|confusion|curiosity|gratitude|joy|optimism|surprise
4615,6|20,confusion|optimism,4|14|15|20|22|27,approval|fear|gratitude|optimism|realization|neutral
4616,18,love,0|3|11|13|15|18|20|27,admiration|annoyance|disgust|excitement|gratitude|love|optimism|neutral
4617,19|27,nervousness|neutral,1|5|7|8|10|15|17|25,amusement|caring|curiosity|desire|disapproval|gratitude|joy|sadness
4618,26,surprise,1|4|6|7|8|10|15|17|22|25|27,amusement|approval|confusion|curiosity|desire|disapproval|gratitude|joy|realization|sadness|neutral
4619,5,caring,0|9|13|14|18|25,admiration|disappointment|excitement|fear|love|sadness
4620,27,neutral,0|4|6|11|15|17|26,admiration|approval|confusion|disgust|gratitude|joy|surprise
4621,1,amusement,9|10|22|25|27,disappointment|disapproval|realization|sadness|neutral
4622,3,annoyance,3|4|15|18|22|27,annoyance|approval|gratitude|love|realization|neutral
4623,1,amusement,0|4|7|9|13|20|22|27,admiration|approval|curiosity|disappointment|excitement|optimism|realization|neutral
4624,27,neutral,2|3|27,anger|annoyance|neutral
4625,0|8|20,admiration|desire|optimism,4|9|18|20|27,approval|disappointment|love|optimism|neutral
4626,15,gratitude,0|1|4|7|8|10|15|17|18,admiration|amusement|approval|curiosity|desire|disapproval|gratitude|joy|love
4627,27,neutral,1|10|13|15|17,amusement|disapproval|excitement|gratitude|joy
4628,27,neutral,0|4|6|9|10|13|18|22|26|27,admiration|approval|confusion|disappointment|disapproval|excitement|love|realization|surprise|neutral
4629,2|10,anger|disapproval,0|4|7|8|10|11|17,admiration|approval|curiosity|desire|disapproval|disgust|joy
4630,27,neutral,0|3|7|10|17,admiration|annoyance|curiosity|disapproval|joy
4631,27,neutral,0|7|9|10|11|14|25|26,admiration|curiosity|disappointment|disapproval|disgust|fear|sadness|surprise
4632,27,neutral,0|6|8|10|13|18|22|27,admiration|confusion|desire|disapproval|excitement|love|realization|neutral
4633,3,annoyance,2|4|10|11|20|24,anger|approval|disapproval|disgust|optimism|remorse
4634,0,admiration,3|4|7|13|25|27,annoyance|approval|curiosity|excitement|sadness|neutral
4635,1,amusement,5|17|20|22,caring|joy|optimism|realization
4636,27,neutral,2|3|5|6|9|27,anger|annoyance|caring|confusion|disappointment|neutral
4637,15,gratitude,1|4|7|18|22|26|27,amusement|approval|curiosity|love|realization|surprise|neutral
4638,27,neutral,0|10|18|21,admiration|disapproval|love|pride
4639,5|24,caring|remorse,0|9|10|18|20|22|27,admiration|disappointment|disapproval|love|optimism|realization|neutral
4640,27,neutral,0|4|8|10|17|20|22|27,admiration|approval|desire|disapproval|joy|optimism|realization|neutral
4641,27,neutral,1|3|4|8|11|15|17,amusement|annoyance|approval|desire|disgust|gratitude|joy
4642,4,approval,1|2|3|10|15|18|20|22|26,amusement|anger|annoyance|disapproval|gratitude|love|optimism|realization|surprise
4643,27,neutral,6|7|11|15|17|18|24|27,confusion|curiosity|disgust|gratitude|joy|love|remorse|neutral
4644,27,neutral,2|5|8|9|11|15|18|20,anger|caring|desire|disappointment|disgust|gratitude|love|optimism
4645,18,love,1|4|5|6|8|9|26|27,amusement|approval|caring|confusion|desire|disappointment|surprise|neutral
4646,27,neutral,0|2|4|7|8|10|15|20|22,admiration|anger|approval|curiosity|desire|disapproval|gratitude|optimism|realization
4647,8,desire,2|3|5|9|12|13|20|22|25|26,anger|annoyance|caring|disappointment|embarrassment|excitement|optimism|realization|sadness|surprise
4648,2,anger,1|3|7|8|9|18|25|27,amusement|annoyance|curiosity|desire|disappointment|love|sadness|neutral
4649,4,approval,2|5|11|24|27,anger|caring|disgust|remorse|neutral
4650,27,neutral,0|4|5|7|9|15|18|25,admiration|approval|caring|curiosity|disappointment|gratitude|love|sadness
4651,27,neutral,7|14|24,curiosity|fear|remorse
4652,27,neutral,4|7|18|25,approval|curiosity|love|sadness
4653,8,desire,1|8|9|15|26|27,amusement|desire|disappointment|gratitude|surprise|neutral
4654,27,neutral,0|3|4|6|26,admiration|annoyance|approval|confusion|surprise
4655,27,neutral,0|15|25|27,admiration|gratitude|sadness|neutral
4656,14,fear,3|4|6|13|18|27,annoyance|approval|confusion|excitement|love|neutral
4657,6,confusion,1|17|18|20|26|27,amusement|joy|love|optimism|surprise|neutral
4658,27,neutral,4|6|7|13|18|20,approval|confusion|curiosity|excitement|love|optimism
4659,0|15,admiration|gratitude,2|4|5|18|20|27,anger|approval|caring|love|optimism|neutral
4660,27,neutral,4|7|20|27,approval|curiosity|optimism|neutral
4661,2,anger,3|4|11|19|27,annoyance|approval|disgust|nervousness|neutral
4662,27,neutral,2|5|10|11|19,anger|caring|disapproval|disgust|nervousness
4663,4,approval,1|6|9|10|13|27,amusement|confusion|disappointment|disapproval|excitement|neutral
4664,15,gratitude,0|2|7|8|17|22|23|25,admiration|anger|curiosity|desire|joy|realization|relief|sadness
4665,2,anger,0|3|4|15|18|27,admiration|annoyance|approval|gratitude|love|neutral
4666,10,disapproval,1|2|4|8|18|22|24,amusement|anger|approval|desire|love|realization|remorse
4667,27,neutral,1|3|18|20|26,amusement|annoyance|love|optimism|surprise
4668,20,optimism,0|3|10|15|18|22,admiration|annoyance|disapproval|gratitude|love|realization
4669,4|20,approval|optimism,2|6|7|13|17|19|22|25,anger|confusion|curiosity|excitement|joy|nervousness|realization|sadness
4670,2,anger,1|6|7|18|22|26,amusement|confusion|curiosity|love|realization|surprise
4671,12,embarrassment,2|3|6|9|10|13|17|20|24|27,anger|annoyance|confusion|disappointment|disapproval|excitement|joy|optimism|remorse|neutral
4672,15,gratitude,1|2|3|6|10|26,amusement|anger|annoyance|confusion|disapproval|surprise
4673,9,disappointment,1|3|4|6|17|20|25|27,amusement|annoyance|approval|confusion|joy|optimism|sadness|neutral
4674,0|15,admiration|gratitude,0|4|5|9|15|17|18|23|25,admiration|approval|caring|disappointment|gratitude|joy|love|relief|sadness
4675,27,neutral,3|15|17|24|27,annoyance|gratitude|joy|remorse|neutral
4676,1,amusement,2|5|9|10|13|15|18|25|27,anger|caring|disappointment|disapproval|excitement|gratitude|love|sadness|neutral
4677,27,neutral,6|9|27,confusion|disappointment|neutral
4678,24,remorse,0|1|5|11|15|25|26,admiration|amusement|caring|disgust|gratitude|sadness|surprise
4679,15,gratitude,0|2|3,admiration|anger|annoyance
4680,22,realization,0|15|27,admiration|gratitude|neutral
4681,27,neutral,3|18|25|26|27,annoyance|love|sadness|surprise|neutral
4682,10|11,disapproval|disgust,0|4|27,admiration|approval|neutral
4683,0,admiration,13|25|27,excitement|sadness|neutral
4684,5,caring,1|4|5|9|26,amusement|approval|caring|disappointment|surprise
4685,27,neutral,0|3|10|18|20|27,admiration|annoyance|disapproval|love|optimism|neutral
4686,27,neutral,0|7|22|27,admiration|curiosity|realization|neutral
4687,11,disgust,0|1|3|4|7|13|17|20|22|25,admiration|amusement|annoyance|approval|curiosity|excitement|joy|optimism|realization|sadness
4688,6|27,confusion|neutral,2|3|9|22|25,anger|annoyance|disappointment|realization|sadness
4689,27,neutral,0|1|7|9|14|15|20|24|25|27,admiration|amusement|curiosity|disappointment|fear|gratitude|optimism|remorse|sadness|neutral
4690,27,neutral,0|1|3|4|5|6|7|9|10|14|17|20|25,admiration|amusement|annoyance|approval|caring|confusion|curiosity|disappointment|disapproval|fear|joy|optimism|sadness
4691,5,caring,4|6|9|11|13|25|27,approval|confusion|disappointment|disgust|excitement|sadness|neutral
4692,15|20,gratitude|optimism,7|10|15|18|26,curiosity|disapproval|gratitude|love|surprise
4693,18,love,1|2|3|7|8|11|17|18|25,amusement|anger|annoyance|curiosity|desire|disgust|joy|love|sadness
4694,15,gratitude,2|3|4|15|18|24|25,anger|annoyance|approval|gratitude|love|remorse|sadness
4695,27,neutral,1|2|3|4|5|10|17,amusement|anger|annoyance|approval|caring|disapproval|joy
4696,4|27,approval|neutral,1|11|17|27,amusement|disgust|joy|neutral
4697,20,optimism,4|5|13|20|27,approval|caring|excitement|optimism|neutral
4698,1,amusement,4|9|11|27,approval|disappointment|disgust|neutral
4699,4|23,approval|relief,1|3|6|7|8|9|14|17|26|27,amusement|annoyance|confusion|curiosity|desire|disappointment|fear|joy|surprise|neutral
4700,15|21,gratitude|pride,0|4|9|18|20|27,admiration|approval|disappointment|love|optimism|neutral
4701,10,disapproval,1|2|4|8|15|20,amusement|anger|approval|desire|gratitude|optimism
4702,0|4,admiration|approval,0|3|6|9|10|17|18|25,admiration|annoyance|confusion|disappointment|disapproval|joy|love|sadness
4703,9,disappointment,0|4|10,admiration|approval|disapproval
4704,0|15,admiration|gratitude,1|4|9|15|17,amusement|approval|disappointment|gratitude|joy
4705,27,neutral,2|6|7|9|26,anger|confusion|curiosity|disappointment|surprise
4706,1,amusement,7|8|15|17|24|27,curiosity|desire|gratitude|joy|remorse|neutral
4707,6|7,confusion|curiosity,7|9|22|27,curiosity|disappointment|realization|neutral
4708,15,gratitude,1|2|3|7|9|10|11|20,amusement|anger|annoyance|curiosity|disappointment|disapproval|disgust|optimism
4709,27,neutral,7|17|22|25|26|27,curiosity|joy|realization|sadness|surprise|neutral
4710,27,neutral,0|6|9|15|17|20,admiration|confusion|disappointment|gratitude|joy|optimism
4711,10,disapproval,0|7|10|20|26|27,admiration|curiosity|disapproval|optimism|surprise|neutral
4712,7|22,curiosity|realization,6|10|13|15|17|20|27,confusion|disapproval|excitement|gratitude|joy|optimism|neutral
4713,15,gratitude,0|4|7|10|13|17|18|20,admiration|approval|curiosity|disapproval|excitement|joy|love|optimism
4714,15,gratitude,2|3|4|9|17|25|26,anger|annoyance|approval|disappointment|joy|sadness|surprise
4715,2,anger,3|6|9|11|18,annoyance|confusion|disappointment|disgust|love
4716,27,neutral,2|3|5|7|8|10|15|17|19|20|22|25,anger|annoyance|caring|curiosity|desire|disapproval|gratitude|joy|nervousness|optimism|realization|sadness
4717,18,love,2|3|6|8|13|14|26,anger|annoyance|confusion|desire|excitement|fear|surprise
4718,27,neutral,0|4|5|17|22|27,admiration|approval|caring|joy|realization|neutral
4719,6,confusion,1|4|7|12|14|15|24,amusement|approval|curiosity|embarrassment|fear|gratitude|remorse
4720,0,admiration,3|5|6|7|17|27,annoyance|caring|confusion|curiosity|joy|neutral
4721,0|15,admiration|gratitude,0|2|3|4|6|7|18|26,admiration|anger|annoyance|approval|confusion|curiosity|love|surprise
4722,10,disapproval,1|14|17|20|22|25,amusement|fear|joy|optimism|realization|sadness
4723,20,optimism,0|2|3|4|17|26,admiration|anger|annoyance|approval|joy|surprise
4724,4,approval,1|6|8|15|18|20,amusement|confusion|desire|gratitude|love|optimism
4725,6,confusion,0|1|4|8|10|15,admiration|amusement|approval|desire|disapproval|gratitude
4726,15|20,gratitude|optimism,0|2|11|18|20|26|27,admiration|anger|disgust|love|optimism|surprise|neutral
4727,27,neutral,4|7|10|17|18,approval|curiosity|disapproval|joy|love
4728,6,confusion,0|1|3|4|5|10|15|20|22|25,admiration|amusement|annoyance|approval|caring|disapproval|gratitude|optimism|realization|sadness
4729,27,neutral,10|17|27,disapproval|joy|neutral
4730,27,neutral,1|2|4|6|20,amusement|anger|approval|confusion|optimism
4731,27,neutral,3|25|27,annoyance|sadness|neutral
4732,4,approval,1|7|17|20|27,amusement|curiosity|joy|optimism|neutral
4733,18,love,2|4|7|9|11|13|15|25|26|27,anger|approval|curiosity|disappointment|disgust|excitement|gratitude|sadness|surprise|neutral
4734,27,neutral,0|1|5|9|12|15|20,admiration|amusement|caring|disappointment|embarrassment|gratitude|optimism
4735,5,caring,3|7|8|14|22|27,annoyance|curiosity|desire|fear|realization|neutral
4736,27,neutral,7|10|14|27,curiosity|disapproval|fear|neutral
4737,6,confusion,0|1|8|11|15|17|27,admiration|amusement|desire|disgust|gratitude|joy|neutral
4738,15,gratitude,0|2|5|7|10|14|17|18,admiration|anger|caring|curiosity|disapproval|fear|joy|love
4739,13|17,excitement|joy,2|4|15|17|18,anger|approval|gratitude|joy|love
4740,27,neutral,0|1|6|26|27,admiration|amusement|confusion|surprise|neutral
4741,6,confusion,2|3|5|10|24|25|26,anger|annoyance|caring|disapproval|remorse|sadness|surprise
4742,4,approval,3|7|9|10|20|25|27,annoyance|curiosity|disappointment|disapproval|optimism|sadness|neutral
4743,27,neutral,2|3|4|5|9|13|14|18,anger|annoyance|approval|caring|disappointment|excitement|fear|love
4744,17,joy,4|6|15|22|27,approval|confusion|gratitude|realization|neutral
4745,27,neutral,0|4|8|9|18|22|25,admiration|approval|desire|disappointment|love|realization|sadness
4746,26,surprise,0|1|3|6|7|14|15|22|25,admiration|amusement|annoyance|confusion|curiosity|fear|gratitude|realization|sadness
4747,0,admiration,1|9|17|27,amusement|disappointment|joy|neutral
4748,22,realization,2|3|4|13|17|20|25,anger|annoyance|approval|excitement|joy|optimism|sadness
4749,6,confusion,2|4|10|20|26|27,anger|approval|disapproval|optimism|surprise|neutral
4750,5,caring,0|1|2|4|5|9|11|14|25,admiration|amusement|anger|approval|caring|disappointment|disgust|fear|sadness
4751,7,curiosity,0|1|2|6|7|11|17|18|25|27,admiration|amusement|anger|confusion|curiosity|disgust|joy|love|sadness|neutral
4752,27,neutral,2|3|4|10|22|27,anger|annoyance|approval|disapproval|realization|neutral
4753,17,joy,1|4|6|9|17|18|22|27,amusement|approval|confusion|disappointment|joy|love|realization|neutral
4754,18,love,2|4|10|17|18|26|27,anger|approval|disapproval|joy|love|surprise|neutral
4755,4,approval,1|2|17|18|22,amusement|anger|joy|love|realization
4756,0,admiration,0|2|3|4|11|15|17|18|25,admiration|anger|annoyance|approval|disgust|gratitude|joy|love|sadness
4757,27,neutral,0|8|15|20|26|27,admiration|desire|gratitude|optimism|surprise|neutral
4758,11,disgust,1|2|7|11|17|26,amusement|anger|curiosity|disgust|joy|surprise
4759,27,neutral,0|2|4|6|10|15|25,admiration|anger|approval|confusion|disapproval|gratitude|sadness
4760,27,neutral,1|17|18|27,amusement|joy|love|neutral
4761,6,confusion,0|9|13|18|20,admiration|disappointment|excitement|love|optimism
4762,27,neutral,0|1|2|6|10|15|17|27,admiration|amusement|anger|confusion|disapproval|gratitude|joy|neutral
4763,12,embarrassment,2|6|17|22|24,anger|confusion|joy|realization|remorse
4764,27,neutral,2|6|8|9|10|17|22|25|26,anger|confusion|desire|disappointment|disapproval|joy|realization|sadness|surprise
4765,27,neutral,0|4|9|15|18|22|27,admiration|approval|disappointment|gratitude|love|realization|neutral
4766,27,neutral,3|4|6|9|18|25,annoyance|approval|confusion|disappointment|love|sadness
4767,27,neutral,3|8|9|17|18,annoyance|desire|disappointment|joy|love
4768,27,neutral,1|5|6|7|11|15|17|18,amusement|caring|confusion|curiosity|disgust|gratitude|joy|love
4769,7,curiosity,0|1|2|4|8|22|25,admiration|amusement|anger|approval|desire|realization|sadness
4770,27,neutral,1|4|15|20|25,amusement|approval|gratitude|optimism|sadness
4771,27,neutral,0|3|7|9|10|15|20|25|26,admiration|annoyance|curiosity|disappointment|disapproval|gratitude|optimism|sadness|surprise
4772,27,neutral,2|4|18,anger|approval|love
4773,27,neutral,1|7|11|13|14|25,amusement|curiosity|disgust|excitement|fear|sadness
4774,10,disapproval,5|6|14|20|27,caring|confusion|fear|optimism|neutral
4775,25,sadness,4|8|10|13|27,approval|desire|disapproval|excitement|neutral
4776,14,fear,4|5|7|10|11|20|22|26,approval|caring|curiosity|disapproval|disgust|optimism|realization|surprise
4777,15,gratitude,0|2|5|6|9|10|13|15|24|25,admiration|anger|caring|confusion|disappointment|disapproval|excitement|gratitude|remorse|sadness
4778,18,love,0|1|4|18|22|25|26,admiration|amusement|approval|love|realization|sadness|surprise
4779,15,gratitude,0|1|2|7|13|17|18|26,admiration|amusement|anger|curiosity|excitement|joy|love|surprise
4780,27,neutral,2|4|6|7|13|22|26,anger|approval|confusion|curiosity|excitement|realization|surprise
4781,0,admiration,0|6|9|10|18|22,admiration|confusion|disappointment|disapproval|love|realization
4782,27,neutral,2|3|4|9|22|27,anger|annoyance|approval|disappointment|realization|neutral
4783,27,neutral,0|3|9|10|11|23|25|27,admiration|annoyance|disappointment|disapproval|disgust|relief|sadness|neutral
4784,27,neutral,1|2|6|20|25|27,amusement|anger|confusion|optimism|sadness|neutral
4785,0,admiration,1|6|7|22,amusement|confusion|curiosity|realization
4786,18,love,0|3|7|10,admiration|annoyance|curiosity|disapproval
4787,17,joy,0|2|4|6|9|10|11|14|22|25|27,admiration|anger|approval|confusion|disappointment|disapproval|disgust|fear|realization|sadness|neutral
4788,15,gratitude,2|4|7|9|17|18|20|25,anger|approval|curiosity|disappointment|joy|love|optimism|sadness
4789,4,approval,0|2|5|6|13|15|17|25|27,admiration|anger|caring|confusion|excitement|gratitude|joy|sadness|neutral
4790,27,neutral,4|5|7|9|24|25|27,approval|caring|curiosity|disappointment|remorse|sadness|neutral
4791,2,anger,1|15|18,amusement|gratitude|love
4792,20,optimism,0|4|7|9|17,admiration|approval|curiosity|disappointment|joy
4793,0,admiration,0|2|3|4|6|7|9|10|11|13|15|17|18|25,admiration|anger|annoyance|approval|confusion|curiosity|disappointment|disapproval|disgust|excitement|gratitude|joy|love|sadness
4794,27,neutral,0|3|22|27,admiration|annoyance|realization|neutral
4795,27,neutral,4|5|6|7|17|18|26|27,approval|caring|confusion|curiosity|joy|love|surprise|neutral
4796,27,neutral,0|2|3|4|8|10|11|17|18|25,admiration|anger|annoyance|approval|desire|disapproval|disgust|joy|love|sadness
4797,27,neutral,1|2|8|15|18|25|26,amusement|anger|desire|gratitude|love|sadness|surprise
4798,6,confusion,0|2|3|7|14|15,admiration|anger|annoyance|curiosity|fear|gratitude
4799,27,neutral,1|3|4|7|22,amusement|annoyance|approval|curiosity|realization
4800,18,love,0|1|4|7|15,admiration|amusement|approval|curiosity|gratitude
4801,27,neutral,6|7|11|24|25|27,confusion|curiosity|disgust|remorse|sadness|neutral
4802,27,neutral,4|7|15|20|24|27,approval|curiosity|gratitude|optimism|remorse|neutral
4803,3,annoyance,0|3|7|20|22|26|27,admiration|annoyance|curiosity|optimism|realization|surprise|neutral
4804,27,neutral,1|9|10|18|20|26|27,amusement|disappointment|disapproval|love|optimism|surprise|neutral
4805,26,surprise,2|3|4|7|9|14|17|25|26,anger|annoyance|approval|curiosity|disappointment|fear|joy|sadness|surprise
4806,27,neutral,2|24|26|27,anger|remorse|surprise|neutral
4807,0,admiration,0|4|10|15|18|24,admiration|approval|disapproval|gratitude|love|remorse
4808,27,neutral,0|1|2|7|9|20,admiration|amusement|anger|curiosity|disappointment|optimism
4809,27,neutral,2|4|6|10|13|14|17|20|25,anger|approval|confusion|disapproval|excitement|fear|joy|optimism|sadness
4810,20,optimism,3|4|6|10|18|25|27,annoyance|approval|confusion|disapproval|love|sadness|neutral
4811,4,approval,1|4|7|11|20|22|27,amusement|approval|curiosity|disgust|optimism|realization|neutral
4812,27,neutral,0|7|13|14|15|21,admiration|curiosity|excitement|fear|gratitude|pride
4813,26,surprise,1|3|7|15|17,amusement|annoyance|curiosity|gratitude|joy
4814,1,amusement,4|7|17|18|27,approval|curiosity|joy|love|neutral
4815,10,disapproval,4|15|17|20,approval|gratitude|joy|optimism
4816,1,amusement,0|9|18|24|25,admiration|disappointment|love|remorse|sadness
4817,10,disapproval,5|6|7|10|27,caring|confusion|curiosity|disapproval|neutral
4818,26,surprise,0|3|4|5|9|13|20|22|26,admiration|annoyance|approval|caring|disappointment|excitement|optimism|realization|surprise
4819,13,excitement,0|2|5|6|8|10|11|22|27,admiration|anger|caring|confusion|desire|disapproval|disgust|realization|neutral
4820,3,annoyance,0|2|3|6|15|24,admiration|anger|annoyance|confusion|gratitude|remorse
4821,1|9,amusement|disappointment,0|2|3|4|8|9|11|13|17|22|25|27,admiration|anger|annoyance|approval|desire|disappointment|disgust|excitement|joy|realization|sadness|neutral
4822,27,neutral,7|9|14|15|19|20|22|25|27,curiosity|disappointment|fear|gratitude|nervousness|optimism|realization|sadness|neutral
4823,20,optimism,0|1|2|10|17|18|20|26,admiration|amusement|anger|disapproval|joy|love|optimism|surprise
4824,27,neutral,6|7|9|27,confusion|curiosity|disappointment|neutral
4825,18,love,0|6|13|15|17|27,admiration|confusion|excitement|gratitude|joy|neutral
4826,27,neutral,0|1|3|9|17|22|26,admiration|amusement|annoyance|disappointment|joy|realization|surprise
4827,7,curiosity,3|8|11|12|15|17|27,annoyance|desire|disgust|embarrassment|gratitude|joy|neutral
4828,10,disapproval,3|5|6|7|18|27,annoyance|caring|confusion|curiosity|love|neutral
4829,27,neutral,3|5|10|15|18|25,annoyance|caring|disapproval|gratitude|love|sadness
4830,27,neutral,0|6|7|13|14|15|18|25,admiration|confusion|curiosity|excitement|fear|gratitude|love|sadness
4831,27,neutral,3|6|7|10|15|18|19|26,annoyance|confusion|curiosity|disapproval|gratitude|love|nervousness|surprise
4832,27,neutral,10|18|22,disapproval|love|realization
4833,27,neutral,1|4|7|15|18,amusement|approval|curiosity|gratitude|love
4834,0,admiration,2|3|5|7|23|25|27,anger|annoyance|caring|curiosity|relief|sadness|neutral
4835,3,annoyance,0|1|2|4|15|25,admiration|amusement|anger|approval|gratitude|sadness
4836,4,approval,1|2|7|17|18|27,amusement|anger|curiosity|joy|love|neutral
4837,27,neutral,0|2|4|9|15|17|18|22|25|27,admiration|anger|approval|disappointment|gratitude|joy|love|realization|sadness|neutral
4838,4|17,approval|joy,4|5|6|9|10|18|20|22|26,approval|caring|confusion|disappointment|disapproval|love|optimism|realization|surprise
4839,27,neutral,1|4|5|6|7|18|20,amusement|approval|caring|confusion|curiosity|love|optimism
4840,27,neutral,6|9|10|11|15|17|22|25,confusion|disappointment|disapproval|disgust|gratitude|joy|realization|sadness
4841,10,disapproval,0|1|2|6|11|27,admiration|amusement|anger|confusion|disgust|neutral
4842,13,excitement,9|13|27,disappointment|excitement|neutral
4843,27,neutral,0|2|4|10|18,admiration|anger|approval|disapproval|love
4844,2|3,anger|annoyance,0|2|10|15|18,admiration|anger|disapproval|gratitude|love
4845,27,neutral,0|3|13,admiration|annoyance|excitement
4846,27,neutral,1|2|7|8|11|15|22|26,amusement|anger|curiosity|desire|disgust|gratitude|realization|surprise
4847,0|15,admiration|gratitude,0|4|9|13|17|27,admiration|approval|disappointment|excitement|joy|neutral
4848,27,neutral,6|7|8|18|20|25|27,confusion|curiosity|desire|love|optimism|sadness|neutral
4849,27,neutral,0|4|9|10|13,admiration|approval|disappointment|disapproval|excitement
4850,5,caring,0|1|4|7|15|20|26|27,admiration|amusement|approval|curiosity|gratitude|optimism|surprise|neutral
4851,10,disapproval,1|4|7|11|17|24|27,amusement|approval|curiosity|disgust|joy|remorse|neutral
4852,0,admiration,0|1|2|7|15|27,admiration|amusement|anger|curiosity|gratitude|neutral
4853,22,realization,0|1|2|5|9|10|15|17,admiration|amusement|anger|caring|disappointment|disapproval|gratitude|joy
4854,27,neutral,0|1|4|9|14|20|27,admiration|amusement|approval|disappointment|fear|optimism|neutral
4855,18|27,love|neutral,0|5|10|11|27,admiration|caring|disapproval|disgust|neutral
4856,27,neutral,2|6|9|18|22|25,anger|confusion|disappointment|love|realization|sadness
4857,18,love,1|2|4|6|7|10|13|15|17|26,amusement|anger|approval|confusion|curiosity|disapproval|excitement|gratitude|joy|surprise
4858,6|22,confusion|realization,0|1|7|13|17|27,admiration|amusement|curiosity|excitement|joy|neutral
4859,4,approval,1|3|6|27,amusement|annoyance|confusion|neutral
4860,0,admiration,4|7|13|17|18|26,approval|curiosity|excitement|joy|love|surprise
4861,1,amusement,0|4|5|6|7|9|15|26|27,admiration|approval|caring|confusion|curiosity|disappointment|gratitude|surprise|neutral
4862,25,sadness,2|3|4|6|10|18|20|27,anger|annoyance|approval|confusion|disapproval|love|optimism|neutral
4863,23,relief,0|1|7|13|20|27,admiration|amusement|curiosity|excitement|optimism|neutral
4864,9|22,disappointment|realization,5|8|17|18|24|26,caring|desire|joy|love|remorse|surprise
4865,0,admiration,0|1|2|3|17|20|27,admiration|amusement|anger|annoyance|joy|optimism|neutral
4866,1,amusement,3|6|10|13|18,annoyance|confusion|disapproval|excitement|love
4867,14,fear,9|10|11|15|22|25|26,disappointment|disapproval|disgust|gratitude|realization|sadness|surprise
4868,3,annoyance,0|1|2|6|20|22|25|27,admiration|amusement|anger|confusion|optimism|realization|sadness|neutral
4869,4,approval,0|8|17|20|25,admiration|desire|joy|optimism|sadness
4870,3,annoyance,5|11|26,caring|disgust|surprise
4871,7,curiosity,6|7|10|18,confusion|curiosity|disapproval|love
4872,26,surprise,2|3|18|20|22,anger|annoyance|love|optimism|realization
4873,10,disapproval,1|2|3|10|15|17|25|26,amusement|anger|annoyance|disapproval|gratitude|joy|sadness|surprise
4874,0|14,admiration|fear,1|3|4|6|10|12|22|26|27,amusement|annoyance|approval|confusion|disapproval|embarrassment|realization|surprise|neutral
4875,27,neutral,0|4|15|17|20,admiration|approval|gratitude|joy|optimism
4876,2,anger,0|3|9|17|25,admiration|annoyance|disappointment|joy|sadness
4877,11,disgust,0|3|7|10|15|27,admiration|annoyance|curiosity|disapproval|gratitude|neutral
4878,22,realization,1|6|7|20|22|26,amusement|confusion|curiosity|optimism|realization|surprise
4879,0,admiration,1|5|10|26|27,amusement|caring|disapproval|surprise|neutral
4880,27,neutral,1|4|5|7|13|18|20|26,amusement|approval|caring|curiosity|excitement|love|optimism|surprise
4881,5|18,caring|love,5|8|13|15|17,caring|desire|excitement|gratitude|joy
4882,2|7,anger|curiosity,0|2|3|4|7|10|11|18|25|26,admiration|anger|annoyance|approval|curiosity|disapproval|disgust|love|sadness|surprise
4883,27,neutral,0|2|4|7|15|25,admiration|anger|approval|curiosity|gratitude|sadness
4884,27,neutral,0|3|10|14|22|27,admiration|annoyance|disapproval|fear|realization|neutral
4885,27,neutral,2|11|20|22|27,anger|disgust|optimism|realization|neutral
4886,18,love,0|2|4|9|13|17|20|27,admiration|anger|approval|disappointment|excitement|joy|optimism|neutral
4887,1,amusement,1|2|6|8|12|20|22,amusement|anger|confusion|desire|embarrassment|optimism|realization
4888,0,admiration,3|6|7|11|14|22|25|26,annoyance|confusion|curiosity|disgust|fear|realization|sadness|surprise
4889,10,disapproval,12|13|20|27,embarrassment|excitement|optimism|neutral
4890,3,annoyance,1|2|5|7|11|14|15|25,amusement|anger|caring|curiosity|disgust|fear|gratitude|sadness
4891,1,amusement,0|1|6|10|13|17|22|24|26|27,admiration|amusement|confusion|disapproval|excitement|joy|realization|remorse|surprise|neutral
4892,20,optimism,1|4|6|10|13,amusement|approval|confusion|disapproval|excitement
4893,27,neutral,0|1|6|7|22|23,admiration|amusement|confusion|curiosity|realization|relief
4894,27,neutral,0|3|6|10|17|19,admiration|annoyance|confusion|disapproval|joy|nervousness
4895,27,neutral,0|1|3|4|13|15,admiration|amusement|annoyance|approval|excitement|gratitude
4896,27,neutral,4|5|14|17|18|20,approval|caring|fear|joy|love|optimism
4897,27,neutral,0|1|4|11|15|18,admiration|amusement|approval|disgust|gratitude|love
4898,27,neutral,4|5|10|13|25|26,approval|caring|disapproval|excitement|sadness|surprise
4899,4,approval,0|7|15|17|18|27,admiration|curiosity|gratitude|joy|love|neutral
4900,27,neutral,0|1|3|4|6|7|13|22|27,admiration|amusement|annoyance|approval|confusion|curiosity|excitement|realization|neutral
4901,27,neutral,1|3|6|17|20|22|25|27,amusement|annoyance|confusion|joy|optimism|realization|sadness|neutral
4902,10,disapproval,0|3|11|12|17|27,admiration|annoyance|disgust|embarrassment|joy|neutral
4903,27,neutral,1|2|3|9|11|15|18|20,amusement|anger|annoyance|disappointment|disgust|gratitude|love|optimism
4904,1|6,amusement|confusion,0|4|15|17|26|27,admiration|approval|gratitude|joy|surprise|neutral
4905,27,neutral,0|1|2|7|12|15|17|27,admiration|amusement|anger|curiosity|embarrassment|gratitude|joy|neutral
4906,0,admiration,2|6|7|8|11|18|20|27,anger|confusion|curiosity|desire|disgust|love|optimism|neutral
4907,4,approval,3|4|6|10|20,annoyance|approval|confusion|disapproval|optimism
4908,9,disappointment,2|3|9|14|17|18|22|27,anger|annoyance|disappointment|fear|joy|love|realization|neutral
4909,27,neutral,0|7|10|20|25|26,admiration|curiosity|disapproval|optimism|sadness|surprise
4910,27,neutral,0|8|9|15|20|22|25|27,admiration|desire|disappointment|gratitude|optimism|realization|sadness|neutral
4911,1|15,amusement|gratitude,0|1|2|7|13|25|26,admiration|amusement|anger|curiosity|excitement|sadness|surprise
4912,3|9,annoyance|disappointment,0|4|6|7|10|27,admiration|approval|confusion|curiosity|disapproval|neutral
4913,2|3,anger|annoyance,15|18|20|21|22,gratitude|love|optimism|pride|realization
4914,27,neutral,0|1|3|4|6|17,admiration|amusement|annoyance|approval|confusion|joy
4915,2,anger,0|3|7|10|15|17,admiration|annoyance|curiosity|disapproval|gratitude|joy
4916,0|15,admiration|gratitude,6|7|9|25|27,confusion|curiosity|disappointment|sadness|neutral
4917,11|18,disgust|love,0|3|9|10|14|15|25|26,admiration|annoyance|disappointment|disapproval|fear|gratitude|sadness|surprise
4918,18,love,4|7|17|18,approval|curiosity|joy|love
4919,7,curiosity,17,joy
4920,9,disappointment,4|5|13|15|20|25,approval|caring|excitement|gratitude|optimism|sadness
4921,27,neutral,1|2|7|15|18|25|27,amusement|anger|curiosity|gratitude|love|sadness|neutral
4922,0,admiration,0|2|3|5|11|13|26,admiration|anger|annoyance|caring|disgust|excitement|surprise
4923,27,neutral,0|1|2|5|7,admiration|amusement|anger|caring|curiosity
4924,4|27,approval|neutral,9|11|14|15|18|20|22|27,disappointment|disgust|fear|gratitude|love|optimism|realization|neutral
4925,9|27,disappointment|neutral,0|10|24|25|27,admiration|disapproval|remorse|sadness|neutral
4926,14|19,fear|nervousness,4|11|22|26,approval|disgust|realization|surprise
4927,4,approval,2|18|22|25|27,anger|love|realization|sadness|neutral
4928,20,optimism,2|3|6|7|11|24|26,anger|annoyance|confusion|curiosity|disgust|remorse|surprise
4929,3|9,annoyance|disappointment,2|3|8|9|15|22|25|27,anger|annoyance|desire|disappointment|gratitude|realization|sadness|neutral
4930,27,neutral,3|4|13|15|20|27,annoyance|approval|excitement|gratitude|optimism|neutral
4931,27,neutral,3|7|15|22|25,annoyance|curiosity|gratitude|realization|sadness
4932,1|4,amusement|approval,0|4|5|9|10|11|13|14|15|20|22|25,admiration|approval|caring|disappointment|disapproval|disgust|excitement|fear|gratitude|optimism|realization|sadness
4933,22,realization,0|3|4|5|17|22|25|27,admiration|annoyance|approval|caring|joy|realization|sadness|neutral
4934,10,disapproval,0|1|2|3|4|10|15|18|27,admiration|amusement|anger|annoyance|approval|disapproval|gratitude|love|neutral
4935,10,disapproval,0|5|9|26|27,admiration|caring|disappointment|surprise|neutral
4936,0|18,admiration|love,0|1|2|3|5|7|18|20|27,admiration|amusement|anger|annoyance|caring|curiosity|love|optimism|neutral
4937,0,admiration,0|3|26|27,admiration|annoyance|surprise|neutral
4938,18,love,3|5|6|10,annoyance|caring|confusion|disapproval
4939,4,approval,0|1|6|8|25,admiration|amusement|confusion|desire|sadness
4940,27,neutral,3|5|9|17|20|25|27,annoyance|caring|disappointment|joy|optimism|sadness|neutral
4941,0,admiration,0|2|6|27,admiration|anger|confusion|neutral
4942,0,admiration,0|2|3|4|5|8|18,admiration|anger|annoyance|approval|caring|desire|love
4943,1,amusement,0|4|15|17|18|20,admiration|approval|gratitude|joy|love|optimism
4944,15,gratitude,0|1|8|10|18|26,admiration|amusement|desire|disapproval|love|surprise
4945,27,neutral,0|4|6|9|20|25,admiration|approval|confusion|disappointment|optimism|sadness
4946,1|6,amusement|confusion,1|3|4|11|13|14|18,amusement|annoyance|approval|disgust|excitement|fear|love
4947,20,optimism,0|7|8|10|14|18|27,admiration|curiosity|desire|disapproval|fear|love|neutral
4948,7,curiosity,1|5|10|17|20|26|27,amusement|caring|disapproval|joy|optimism|surprise|neutral
4949,15,gratitude,0|1|2|4|13|15|17|18|27,admiration|amusement|anger|approval|excitement|gratitude|joy|love|neutral
4950,27,neutral,9|10|11|15|18|23,disappointment|disapproval|disgust|gratitude|love|relief
4951,4,approval,1|2|10|11|17|20|22|27,amusement|anger|disapproval|disgust|joy|optimism|realization|neutral
4952,13|20,excitement|optimism,0|1|2|5|6|14|25|27,admiration|amusement|anger|caring|confusion|fear|sadness|neutral
4953,22,realization,3|8|10|20|27,annoyance|desire|disapproval|optimism|neutral
4954,27,neutral,0|2|5|7|15|26,admiration|anger|caring|curiosity|gratitude|surprise
4955,8,desire,1|2|3|4|6|13|15|18|20|26|27,amusement|anger|annoyance|approval|confusion|excitement|gratitude|love|optimism|surprise|neutral
4956,2,anger,0|4|5|9|10|20,admiration|approval|caring|disappointment|disapproval|optimism
4957,5,caring,7|9|13|20|25|26,curiosity|disappointment|excitement|optimism|sadness|surprise
4958,1|18,amusement|love,0|4|6|9|13|14|15|27,admiration|approval|confusion|disappointment|excitement|fear|gratitude|neutral
4959,5|18,caring|love,0|1|6|8|9|10|17|20|25,admiration|amusement|confusion|desire|disappointment|disapproval|joy|optimism|sadness
4960,27,neutral,0|7|9|10|20|22,admiration|curiosity|disappointment|disapproval|optimism|realization
4961,5|18,caring|love,2|10|11|15|17|18|25,anger|disapproval|disgust|gratitude|joy|love|sadness
4962,17,joy,1|2|9|14|17|20|22|27,amusement|anger|disappointment|fear|joy|optimism|realization|neutral
4963,0,admiration,5|7|14|18|25|27,caring|curiosity|fear|love|sadness|neutral
4964,0|25,admiration|sadness,0|1|4|6|9|10|13|15|20|26,admiration|amusement|approval|confusion|disappointment|disapproval|excitement|gratitude|optimism|surprise
4965,0|15,admiration|gratitude,3|6|7|8|9|11|20|22|25|26|27,annoyance|confusion|curiosity|desire|disappointment|disgust|optimism|realization|sadness|surprise|neutral
4966,20,optimism,0|2|3|6|13|20|26,admiration|anger|annoyance|confusion|excitement|optimism|surprise
4967,4,approval,1|5|11|15|18|20|25|27,amusement|caring|disgust|gratitude|love|optimism|sadness|neutral
4968,27,neutral,7|10|17|20|27,curiosity|disapproval|joy|optimism|neutral
4969,27,neutral,2|3|9|11|27,anger|annoyance|disappointment|disgust|neutral
4970,22,realization,0|2|3|6|14|15|20|22,admiration|anger|annoyance|confusion|fear|gratitude|optimism|realization
4971,27,neutral,0|25|26|27,admiration|sadness|surprise|neutral
4972,20,optimism,7|15|20|21|25,curiosity|gratitude|optimism|pride|sadness
4973,0,admiration,1|2|3|9|10|13|20,amusement|anger|annoyance|disappointment|disapproval|excitement|optimism
4974,1|17,amusement|joy,1|3|11|20|26,amusement|annoyance|disgust|optimism|surprise
4975,3,annoyance,0|6,admiration|confusion
4976,1|15,amusement|gratitude,4|10|17|18|22|27,approval|disapproval|joy|love|realization|neutral
4977,11,disgust,1|3|5|7|20,amusement|annoyance|caring|curiosity|optimism
4978,0,admiration,0|1|7|9|13|14|17|20|27,admiration|amusement|curiosity|disappointment|excitement|fear|joy|optimism|neutral
4979,27,neutral,3|5|9|14|20|26,annoyance|caring|disappointment|fear|optimism|surprise
4980,2|11,anger|disgust,0|18|27,admiration|love|neutral
4981,13,excitement,2|3|5|7,anger|annoyance|caring|curiosity
4982,11,disgust,0|1|2|9|11|25,admiration|amusement|anger|disappointment|disgust|sadness
4983,4,approval,0|3|4|7|9|17|20,admiration|annoyance|approval|curiosity|disappointment|joy|optimism
4984,6,confusion,2|3|5|10|18|26,anger|annoyance|caring|disapproval|love|surprise
4985,4,approval,1|2|7|15|18|22,amusement|anger|curiosity|gratitude|love|realization
4986,15,gratitude,1|4|7|22|25,amusement|approval|curiosity|realization|sadness
4987,7,curiosity,0|4|6|13|15|17,admiration|approval|confusion|excitement|gratitude|joy
4988,20,optimism,2|3|22,anger|annoyance|realization
4989,27,neutral,1|3|4|7|10|14,amusement|annoyance|approval|curiosity|disapproval|fear
4990,13|18,excitement|love,3|6|7|10|11|15|22|25|26,annoyance|confusion|curiosity|disapproval|disgust|gratitude|realization|sadness|surprise
4991,17,joy,6|10|11|27,confusion|disapproval|disgust|neutral
4992,1|10,amusement|disapproval,0|2|7|15|18|20|25,admiration|anger|curiosity|gratitude|love|optimism|sadness
4993,10,disapproval,3|4|6|17|20|27,annoyance|approval|confusion|joy|optimism|neutral
4994,18,love,3|6|7|9|15|18|22|26|27,annoyance|confusion|curiosity|disappointment|gratitude|love|realization|surprise|neutral
4995,27,neutral,1|2|17|20|26|27,amusement|anger|joy|optimism|surprise|neutral
4996,9|10,disappointment|disapproval,3|14|17|18|22|25|26,annoyance|fear|joy|love|realization|sadness|surprise
4997,27,neutral,3|7|11|15|22|24|27,annoyance|curiosity|disgust|gratitude|realization|remorse|neutral
4998,27,neutral,0|9|13|15|20|27,admiration|disappointment|excitement|gratitude|optimism|neutral
4999,7,curiosity,1|3|9|15,amusement|annoyance|disappointment|gratitude
5000,10,disapproval,2|3|5|6|10|20|27,anger|annoyance|caring|confusion|disapproval|optimism|neutral
5001,4,approval,8|10|15|18|20|27,desire|disapproval|gratitude|love|optimism|neutral
5002,27,neutral,2|6|14|15|20|25,anger|confusion|fear|gratitude|optimism|sadness
5003,25,sadness,2|4|5|27,anger|approval|caring|neutral
5004,1,amusement,2|10|13|15|22,anger|disapproval|excitement|gratitude|realization
5005,10,disapproval,0|1|2|3|7|14|17|18|22|25|27,admiration|amusement|anger|annoyance|curiosity|fear|joy|love|realization|sadness|neutral
5006,27,neutral,1|2|10|17|27,amusement|anger|disapproval|joy|neutral
5007,27,neutral,2|3|9|15|18|25|27,anger|annoyance|disappointment|gratitude|love|sadness|neutral
5008,13,excitement,0|6|7|10|18|27,admiration|confusion|curiosity|disapproval|love|neutral
5009,27,neutral,0|3|11|14|15|17,admiration|annoyance|disgust|fear|gratitude|joy
5010,18,love,0|1|11,admiration|amusement|disgust
5011,1,amusement,2|4|9|13|20|26|27,anger|approval|disappointment|excitement|optimism|surprise|neutral
5012,27,neutral,2|9|13|17|18|22|27,anger|disappointment|excitement|joy|love|realization|neutral
5013,20,optimism,1|3|4|6|7|9|10|13|21|24|27,amusement|annoyance|approval|confusion|curiosity|disappointment|disapproval|excitement|pride|remorse|neutral
5014,27,neutral,0|1|2|3|4|5|10|17|18|20|26,admiration|amusement|anger|annoyance|approval|caring|disapproval|joy|love|optimism|surprise
5015,2|3,anger|annoyance,4|5|6,approval|caring|confusion
5016,27,neutral,4|5|6|13|15|17|18,approval|caring|confusion|excitement|gratitude|joy|love
5017,10,disapproval,3|8|13|17|20|22|27,annoyance|desire|excitement|joy|optimism|realization|neutral
5018,4|5,approval|caring,4|5|9|15|18|20|25|26,approval|caring|disappointment|gratitude|love|optimism|sadness|surprise
5019,27,neutral,20|25|27,optimism|sadness|neutral
5020,20,optimism,0|1|2|4|13|14|15|22|25,admiration|amusement|anger|approval|excitement|fear|gratitude|realization|sadness
5021,0,admiration,0|2|3|4|7|9|10|11|17,admiration|anger|annoyance|approval|curiosity|disappointment|disapproval|disgust|joy
5022,0|4,admiration|approval,1|2|5|17|22,amusement|anger|caring|joy|realization
5023,10,disapproval,2|12|15|20|27,anger|embarrassment|gratitude|optimism|neutral
5024,0,admiration,0|1|2|3|4|6|15|21|25|26,admiration|amusement|anger|annoyance|approval|confusion|gratitude|pride|sadness|surprise
5025,27,neutral,3|7|10|20,annoyance|curiosity|disapproval|optimism
5026,27,neutral,3|6|7|17|18|20|24|27,annoyance|confusion|curiosity|joy|love|optimism|remorse|neutral
5027,27,neutral,0|1|7|10|15|17|18|22|25,admiration|amusement|curiosity|disapproval|gratitude|joy|love|realization|sadness
5028,2,anger,1|4|5|15|22|24|25,amusement|approval|caring|gratitude|realization|remorse|sadness
5029,17,joy,0|2|3|4|5|25|27,admiration|anger|annoyance|approval|caring|sadness|neutral
5030,27,neutral,9|18|27,disappointment|love|neutral
5031,27,neutral,4|17|18|25,approval|joy|love|sadness
5032,15,gratitude,0|1|3|9|17|25,admiration|amusement|annoyance|disappointment|joy|sadness
5033,6|27,confusion|neutral,3|6|14|18|27,annoyance|confusion|fear|love|neutral
5034,2|3,anger|annoyance,1|2|3|6|7|14|19,amusement|anger|annoyance|confusion|curiosity|fear|nervousness
5035,6,confusion,0|1|3|4|9|10|18,admiration|amusement|annoyance|approval|disappointment|disapproval|love
5036,2|27,anger|neutral,0|8|27,admiration|desire|neutral
5037,11,disgust,3|7|9|11|13|15|18|22|26,annoyance|curiosity|disappointment|disgust|excitement|gratitude|love|realization|surprise
5038,5,caring,0|1|4|5|8|22,admiration|amusement|approval|caring|desire|realization
5039,27,neutral,0|10|14|15|20|25|27,admiration|disapproval|fear|gratitude|optimism|sadness|neutral
5040,15,gratitude,6|8|17|20|27,confusion|desire|joy|optimism|neutral
5041,4,approval,4|6|7|13|14|15|20,approval|confusion|curiosity|excitement|fear|gratitude|optimism
5042,27,neutral,1|4|5|11|15|20|22,amusement|approval|caring|disgust|gratitude|optimism|realization
5043,0,admiration,2|3|11|20|27,anger|annoyance|disgust|optimism|neutral
5044,7,curiosity,3|5|8|11|13|15|17|18|20|26,annoyance|caring|desire|disgust|excitement|gratitude|joy|love|optimism|surprise
5045,0,admiration,2|10|17|20|22|27,anger|disapproval|joy|optimism|realization|neutral
5046,2,anger,0|3|4|5|7|9,admiration|annoyance|approval|caring|curiosity|disappointment
5047,27,neutral,0|1|15|20|24|25|26|27,admiration|amusement|gratitude|optimism|remorse|sadness|surprise|neutral
5048,1,amusement,1|4|10|11|15|22|26,amusement|approval|disapproval|disgust|gratitude|realization|surprise
5049,27,neutral,2|3|4|5|7|9|17|24,anger|annoyance|approval|caring|curiosity|disappointment|joy|remorse
5050,10,disapproval,0|3|15|18|20|24,admiration|annoyance|gratitude|love|optimism|remorse
5051,18,love,0|3|4|5|24,admiration|annoyance|approval|caring|remorse
5052,27,neutral,0|9|15|20|25,admiration|disappointment|gratitude|optimism|sadness
5053,15,gratitude,0|1|4|9|11|15|18|25,admiration|amusement|approval|disappointment|disgust|gratitude|love|sadness
5054,27,neutral,5|7|14|17|27,caring|curiosity|fear|joy|neutral
5055,9,disappointment,2|3|8|10|27,anger|annoyance|desire|disapproval|neutral
5056,15,gratitude,0|1|5|10|17|25|27,admiration|amusement|caring|disapproval|joy|sadness|neutral
5057,27,neutral,1|2|8|15|17|22|24|27,amusement|anger|desire|gratitude|joy|realization|remorse|neutral
5058,18,love,1|4|7|11|14|17|26|27,amusement|approval|curiosity|disgust|fear|joy|surprise|neutral
5059,26,surprise,0|1|4|13|18|20|25|26,admiration|amusement|approval|excitement|love|optimism|sadness|surprise
5060,20,optimism,0|10|27,admiration|disapproval|neutral
5061,27,neutral,2|6|17|18|22|24|25|27,anger|confusion|joy|love|realization|remorse|sadness|neutral
5062,27,neutral,2|3|5|8|10|14|25,anger|annoyance|caring|desire|disapproval|fear|sadness
5063,15,gratitude,0|9|10|17|26|27,admiration|disappointment|disapproval|joy|surprise|neutral
5064,27,neutral,0|3|15|27,admiration|annoyance|gratitude|neutral
5065,11,disgust,0|7|14|17|20|26,admiration|curiosity|fear|joy|optimism|surprise
5066,27,neutral,0|7|10|20|22|27,admiration|curiosity|disapproval|optimism|realization|neutral
5067,26,surprise,1|2|3|17|18|26,amusement|anger|annoyance|joy|love|surprise
5068,18,love,3|9|10|14|15,annoyance|disappointment|disapproval|fear|gratitude
5069,7,curiosity,1|4|6|7|10|11|14|20|22,amusement|approval|confusion|curiosity|disapproval|disgust|fear|optimism|realization
5070,4|27,approval|neutral,4|6|18,approval|confusion|love
5071,27,neutral,1|4|5|7|9|10|13|27,amusement|approval|caring|curiosity|disappointment|disapproval|excitement|neutral
5072,17,joy,0|1|2|3|6|7|9|20,admiration|amusement|anger|annoyance|confusion|curiosity|disappointment|optimism
5073,15,gratitude,0|5|14|18|20|22|24,admiration|caring|fear|love|optimism|realization|remorse
5074,4,approval,1|8|15|18|26|27,amusement|desire|gratitude|love|surprise|neutral
5075,20,optimism,0|2|5|7,admiration|anger|caring|curiosity
5076,25,sadness,3|4|6|7|17|22|26,annoyance|approval|confusion|curiosity|joy|realization|surprise
5077,3|10,annoyance|disapproval,0|4|9|15|24|27,admiration|approval|disappointment|gratitude|remorse|neutral
5078,10,disapproval,5|7|12|15|20|22|27,caring|curiosity|embarrassment|gratitude|optimism|realization|neutral
5079,6,confusion,0|1|4|5|7|10|15|18|20|27,admiration|amusement|approval|caring|curiosity|disapproval|gratitude|love|optimism|neutral
5080,27,neutral,3|4|5|7|9|12|14|25|27,annoyance|approval|caring|curiosity|disappointment|embarrassment|fear|sadness|neutral
5081,27,neutral,0|1|2|7|8|13|17|26,admiration|amusement|anger|curiosity|desire|excitement|joy|surprise
5082,13,excitement,3|7|10|18|20|22|27,annoyance|curiosity|disapproval|love|optimism|realization|neutral
5083,18,love,7|11|15|27,curiosity|disgust|gratitude|neutral
5084,10,disapproval,2|7|9|10|17|20|25|27,anger|curiosity|disappointment|disapproval|joy|optimism|sadness|neutral
5085,7|27,curiosity|neutral,14|15|17,fear|gratitude|joy
5086,15,gratitude,1|6|8|9|15|25,amusement|confusion|desire|disappointment|gratitude|sadness
5087,3|27,annoyance|neutral,1|2|4|11|17|20|22,amusement|anger|approval|disgust|joy|optimism|realization
5088,27,neutral,1|2|11|18|20|24|25,amusement|anger|disgust|love|optimism|remorse|sadness
5089,15,gratitude,0|3|5|6|9|11|17|22|27,admiration|annoyance|caring|confusion|disappointment|disgust|joy|realization|neutral
5090,27,neutral,4|6|10|13|18|20|27,approval|confusion|disapproval|excitement|love|optimism|neutral
5091,27,neutral,0|1|2|4|5|7|10|14|15|17|18|22|25,admiration|amusement|anger|approval|caring|curiosity|disapproval|fear|gratitude|joy|love|realization|sadness
5092,3,annoyance,0|6|7|18,admiration|confusion|curiosity|love
5093,10,disapproval,0|1|3|7|13|18,admiration|amusement|annoyance|curiosity|excitement|love
5094,6,confusion,2|3|4|6|7|9|10|15|18,anger|annoyance|approval|confusion|curiosity|disappointment|disapproval|gratitude|love
5095,27,neutral,1|3|4|15|24|27,amusement|annoyance|approval|gratitude|remorse|neutral
5096,2|9,anger|disappointment,0|5|6|7|13|17,admiration|caring|confusion|curiosity|excitement|joy
5097,17,joy,0|3|6|9|18|27,admiration|annoyance|confusion|disappointment|love|neutral
5098,27,neutral,8|10|11|13|15|17|20,desire|disapproval|disgust|excitement|gratitude|joy|optimism
5099,18,love,1|2|4|10|17|18|22,amusement|anger|approval|disapproval|joy|love|realization
5100,4,approval,2|6|7|19|20|25,anger|confusion|curiosity|nervousness|optimism|sadness
5101,1,amusement,1|2|7|15|18|20|26,amusement|anger|curiosity|gratitude|love|optimism|surprise
5102,27,neutral,1|2|3|4|10|14,amusement|anger|annoyance|approval|disapproval|fear
5103,27,neutral,0|1|2|3|7|10|11|13|24|27,admiration|amusement|anger|annoyance|curiosity|disapproval|disgust|excitement|remorse|neutral
5104,0,admiration,0|1|3|4|13|18|27,admiration|amusement|annoyance|approval|excitement|love|neutral
5105,7,curiosity,0|1|6|9|17|25|27,admiration|amusement|confusion|disappointment|joy|sadness|neutral
5106,27,neutral,0|3|10|12|19,admiration|annoyance|disapproval|embarrassment|nervousness
5107,3,annoyance,2|4|7|9|10|18,anger|approval|curiosity|disappointment|disapproval|love
5108,27,neutral,3|5|6|9|13|16,annoyance|caring|confusion|disappointment|excitement|grief
5109,1,amusement,0|2|14|20|22|27,admiration|anger|fear|optimism|realization|neutral
5110,15,gratitude,3|9|10|11|13|15|18|20|25,annoyance|disappointment|disapproval|disgust|excitement|gratitude|love|optimism|sadness
5111,0,admiration,0|2|7|11|15|25,admiration|anger|curiosity|disgust|gratitude|sadness
5112,27,neutral,1|2|3|5|15|18,amusement|anger|annoyance|caring|gratitude|love
5113,11|14,disgust|fear,0|1|3|6,admiration|amusement|annoyance|confusion
5114,6,confusion,0|5|8|9|15|20,admiration|caring|desire|disappointment|gratitude|optimism
5115,14,fear,2|7|11|15|20,anger|curiosity|disgust|gratitude|optimism
5116,2,anger,1|2|3|4|8|10|11|15,amusement|anger|annoyance|approval|desire|disapproval|disgust|gratitude
5117,4,approval,1|3|4|7|9|11|17|18|26,amusement|annoyance|approval|curiosity|disappointment|disgust|joy|love|surprise
5118,17,joy,2|4|6|7|11|12|14|17|18|22,anger|approval|confusion|curiosity|disgust|embarrassment|fear|joy|love|realization
5119,27,neutral,5|6|8|10|15|18,caring|confusion|desire|disapproval|gratitude|love
5120,9,disappointment,2|3|7|8|14|18|20,anger|annoyance|curiosity|desire|fear|love|optimism
5121,10,disapproval,1|5|9|13|18|20|26,amusement|caring|disappointment|excitement|love|optimism|surprise
5122,27,neutral,1|2|5|18|27,amusement|anger|caring|love|neutral
5123,0|15,admiration|gratitude,0|1|2|3|6|10|17|18|27,admiration|amusement|anger|annoyance|confusion|disapproval|joy|love|neutral
5124,0|1,admiration|amusement,3|4|9|18|27,annoyance|approval|disappointment|love|neutral
5125,9,disappointment,1|3|6|7|9|15|20|27,amusement|annoyance|confusion|curiosity|disappointment|gratitude|optimism|neutral
5126,0,admiration,0|2|5|6|14|27,admiration|anger|caring|confusion|fear|neutral
5127,8,desire,0|3|5|7|8|9|15|17|18|20|22|25|26,admiration|annoyance|caring|curiosity|desire|disappointment|gratitude|joy|love|optimism|realization|sadness|surprise
5128,2,anger,0|1|2|6|7|22|26,admiration|amusement|anger|confusion|curiosity|realization|surprise
5129,0,admiration,3|4|9|18|20|27,annoyance|approval|disappointment|love|optimism|neutral
5130,27,neutral,5|13|15|20|22|26,caring|excitement|gratitude|optimism|realization|surprise
5131,27,neutral,4|15|25|26,approval|gratitude|sadness|surprise
5132,27,neutral,1|3|4|7|9|15|20,amusement|annoyance|approval|curiosity|disappointment|gratitude|optimism
5133,27,neutral,5|7|8|9|10|17|20|22|26|27,caring|curiosity|desire|disappointment|disapproval|joy|optimism|realization|surprise|neutral
5134,22,realization,3|5|6|10|22,annoyance|caring|confusion|disapproval|realization
5135,10,disapproval,0|4|7|15|18|20|26,admiration|approval|curiosity|gratitude|love|optimism|surprise
5136,27,neutral,1|7|11|13,amusement|curiosity|disgust|excitement
5137,27,neutral,1|3|9|10|13|15|18|24|27,amusement|annoyance|disappointment|disapproval|excitement|gratitude|love|remorse|neutral
5138,27,neutral,0|1|4|7|17,admiration|amusement|approval|curiosity|joy
5139,27,neutral,4|7|10|11|17|24|25|27,approval|curiosity|disapproval|disgust|joy|remorse|sadness|neutral
5140,2,anger,3|6|7|9|15|18,annoyance|confusion|curiosity|disappointment|gratitude|love
5141,0,admiration,5|7|9|27,caring|curiosity|disappointment|neutral
5142,22,realization,0|4|5|7|13|22|25|26,admiration|approval|caring|curiosity|excitement|realization|sadness|surprise
5143,17,joy,0|6|25,admiration|confusion|sadness
5144,14|27,fear|neutral,0|2|3|4|7|11|17|18|24|27,admiration|anger|annoyance|approval|curiosity|disgust|joy|love|remorse|neutral
5145,3,annoyance,2|3|6|7|27,anger|annoyance|confusion|curiosity|neutral
5146,27,neutral,0|2|9|11|18|25|26,admiration|anger|disappointment|disgust|love|sadness|surprise
5147,15,gratitude,3|4|7|8|10|11|20,annoyance|approval|curiosity|desire|disapproval|disgust|optimism
5148,8,desire,1|2|3|4|6|12|27,amusement|anger|annoyance|approval|confusion|embarrassment|neutral
5149,27,neutral,1|4|6|24|25|26|27,amusement|approval|confusion|remorse|sadness|surprise|neutral
5150,27,neutral,1|3|9|20|27,amusement|annoyance|disappointment|optimism|neutral
5151,0,admiration,1|2|3|4|6|27,amusement|anger|annoyance|approval|confusion|neutral
5152,1|15,amusement|gratitude,3|4|20|22|25|27,annoyance|approval|optimism|realization|sadness|neutral
5153,7,curiosity,4|5|11|12|14|20|22|25|27,approval|caring|disgust|embarrassment|fear|optimism|realization|sadness|neutral
5154,11,disgust,0|2|7|9|15|17|25,admiration|anger|curiosity|disappointment|gratitude|joy|sadness
5155,22,realization,2|3|6|7|10|17|22|27,anger|annoyance|confusion|curiosity|disapproval|joy|realization|neutral
5156,27,neutral,1|3|4|7|8|9|11|15|18|26,amusement|annoyance|approval|curiosity|desire|disappointment|disgust|gratitude|love|surprise
5157,12,embarrassment,1|2|10|20|25,amusement|anger|disapproval|optimism|sadness
5158,7,curiosity,4|8|9|14|15|27,approval|desire|disappointment|fear|gratitude|neutral
5159,21,pride,5|10|13|17|18|25,caring|disapproval|excitement|joy|love|sadness
5160,20,optimism,3|4|5|10|13|22|26,annoyance|approval|caring|disapproval|excitement|realization|surprise
5161,3|10,annoyance|disapproval,26|27,surprise|neutral
5162,3,annoyance,0|1|9|17|24,admiration|amusement|disappointment|joy|remorse
5163,4,approval,3|9|11|15|18|26|27,annoyance|disappointment|disgust|gratitude|love|surprise|neutral
5164,7,curiosity,2|4|6|9|20|26,anger|approval|confusion|disappointment|optimism|surprise
5165,4,approval,0|1|3|7|8|9|11|15|20|22,admiration|amusement|annoyance|curiosity|desire|disappointment|disgust|gratitude|optimism|realization
5166,0,admiration,0|4|7|11|15|22|24|25|27,admiration|approval|curiosity|disgust|gratitude|realization|remorse|sadness|neutral
5167,27,neutral,0|4|5|7|14|20,admiration|approval|caring|curiosity|fear|optimism
5168,10,disapproval,1|18|25|27,amusement|love|sadness|neutral
5169,1|18,amusement|love,0|5|6|8|14|15|18|25|26|27,admiration|caring|confusion|desire|fear|gratitude|love|sadness|surprise|neutral
5170,27,neutral,0|2|15|17|18|22|24,admiration|anger|gratitude|joy|love|realization|remorse
5171,15,gratitude,0|7|8|9|25,admiration|curiosity|desire|disappointment|sadness
5172,26,surprise,1|4|6|7|17|20|22|26,amusement|approval|confusion|curiosity|joy|optimism|realization|surprise
5173,27,neutral,1|5|9|13|15|26|27,amusement|caring|disappointment|excitement|gratitude|surprise|neutral
5174,7,curiosity,1|4|18|20|22|23|27,amusement|approval|love|optimism|realization|relief|neutral
5175,26,surprise,0|4|6|7|10|12|17|25|26,admiration|approval|confusion|curiosity|disapproval|embarrassment|joy|sadness|surprise
5176,8,desire,0|3|9|10,admiration|annoyance|disappointment|disapproval
5177,14,fear,7|11|13|17|20|22|25|26,curiosity|disgust|excitement|joy|optimism|realization|sadness|surprise
5178,27,neutral,0|3|11|12|15|18,admiration|annoyance|disgust|embarrassment|gratitude|love
5179,0,admiration,2|5|7|9|14|18|26|27,anger|caring|curiosity|disappointment|fear|love|surprise|neutral
5180,1|17,amusement|joy,0|5|18|27,admiration|caring|love|neutral
5181,17|23,joy|relief,0|1|13|14|22|25|26,admiration|amusement|excitement|fear|realization|sadness|surprise
5182,27,neutral,1|3|4|15,amusement|annoyance|approval|gratitude
5183,27,neutral,5|6|20|27,caring|confusion|optimism|neutral
5184,7|27,curiosity|neutral,0|7|10|27,admiration|curiosity|disapproval|neutral
5185,25,sadness,1|4|10,amusement|approval|disapproval
5186,27,neutral,1|2|5|15|27,amusement|anger|caring|gratitude|neutral
5187,15,gratitude,0|3|4|7|27,admiration|annoyance|approval|curiosity|neutral
5188,27,neutral,1|3|11|14|22,amusement|annoyance|disgust|fear|realization
5189,27,neutral,1|7|8|9|13|17|20|22,amusement|curiosity|desire|disappointment|excitement|joy|optimism|realization
5190,26,surprise,4|9|10|11|12|13|17,approval|disappointment|disapproval|disgust|embarrassment|excitement|joy
5191,27,neutral,10|14|18|20|25|26,disapproval|fear|love|optimism|sadness|surprise
5192,9|27,disappointment|neutral,4|6|8|9|10|13|14|27,approval|confusion|desire|disappointment|disapproval|excitement|fear|neutral
5193,10,disapproval,4|9|17|18,approval|disappointment|joy|love
5194,22,realization,1|3|6|18|20|22|27,amusement|annoyance|confusion|love|optimism|realization|neutral
5195,5,caring,5|10|18|27,caring|disapproval|love|neutral
5196,27,neutral,2|7|8|10|14|15|17|18,anger|curiosity|desire|disapproval|fear|gratitude|joy|love
5197,0,admiration,0|1|10|14|20|27,admiration|amusement|disapproval|fear|optimism|neutral
5198,27,neutral,1|2|6|10|13|18|27,amusement|anger|confusion|disapproval|excitement|love|neutral
5199,13|20,excitement|optimism,1|13|14|17|18|20,amusement|excitement|fear|joy|love|optimism
5200,27,neutral,0|7|15|17|18|20|25,admiration|curiosity|gratitude|joy|love|optimism|sadness
5201,20,optimism,1|2|3|4|10|13|15|17|18|20,amusement|anger|annoyance|approval|disapproval|excitement|gratitude|joy|love|optimism
5202,17,joy,1|4|5|6|7|10|15|18|22,amusement|approval|caring|confusion|curiosity|disapproval|gratitude|love|realization
5203,0,admiration,0|6|11|12|14|25|27,admiration|confusion|disgust|embarrassment|fear|sadness|neutral
5204,27,neutral,0|5|6|7|8|17|26,admiration|caring|confusion|curiosity|desire|joy|surprise
5205,27,neutral,0|1|2|4|6|14|18|22|26|27,admiration|amusement|anger|approval|confusion|fear|love|realization|surprise|neutral
5206,27,neutral,2|3|7|9|11|15|25,anger|annoyance|curiosity|disappointment|disgust|gratitude|sadness
5207,27,neutral,6|15|17|20|27,confusion|gratitude|joy|optimism|neutral
5208,27,neutral,8|17|18|25|27,desire|joy|love|sadness|neutral
5209,1,amusement,0|4|7|9|15|17|27,admiration|approval|curiosity|disappointment|gratitude|joy|neutral
5210,27,neutral,1|2|17|25,amusement|anger|joy|sadness
5211,15,gratitude,0|6|7|13|15|17|27,admiration|confusion|curiosity|excitement|gratitude|joy|neutral
5212,0|4,admiration|approval,1|10|17|18|26|27,amusement|disapproval|joy|love|surprise|neutral
5213,1,amusement,0|4|7|10|11,admiration|approval|curiosity|disapproval|disgust
5214,1|22,amusement|realization,1|4|6|7|18|26,amusement|approval|confusion|curiosity|love|surprise
5215,10|27,disapproval|neutral,2|3|4|5|7|9|10|11|22|25,anger|annoyance|approval|caring|curiosity|disappointment|disapproval|disgust|realization|sadness
5216,27,neutral,0|3|5|15|20|24|25|27,admiration|annoyance|caring|gratitude|optimism|remorse|sadness|neutral
5217,9|25,disappointment|sadness,0|27,admiration|neutral
5218,15,gratitude,0|5|8|9|17|20|27,admiration|caring|desire|disappointment|joy|optimism|neutral
5219,1,amusement,0|3|5|20|27,admiration|annoyance|caring|optimism|neutral
5220,0|17,admiration|joy,1|6|13|14|17|18,amusement|confusion|excitement|fear|joy|love
5221,7,curiosity,1|3|6|10|24|27,amusement|annoyance|confusion|disapproval|remorse|neutral
5222,15|20,gratitude|optimism,1|4|6|17|18|22|27,amusement|approval|confusion|joy|love|realization|neutral
5223,5,caring,3|11|20|24|27,annoyance|disgust|optimism|remorse|neutral
5224,24,remorse,27,neutral
5225,27,neutral,1|4|5|11|15|27,amusement|approval|caring|disgust|gratitude|neutral
5226,0|15,admiration|gratitude,3|7|9|10|11|24|26,annoyance|curiosity|disappointment|disapproval|disgust|remorse|surprise
5227,15,gratitude,1|5|6|7|18|20|25,amusement|caring|confusion|curiosity|love|optimism|sadness
5228,3,annoyance,1|3|4|13|14|22|23|27,amusement|annoyance|approval|excitement|fear|realization|relief|neutral
5229,5,caring,3|10|13|17|27,annoyance|disapproval|excitement|joy|neutral
5230,9,disappointment,0|4|13|18|20,admiration|approval|excitement|love|optimism
5231,13,excitement,7|15|20|22|26|27,curiosity|gratitude|optimism|realization|surprise|neutral
5232,27,neutral,1|3|4|5|7|9|10|13|22|24,amusement|annoyance|approval|caring|curiosity|disappointment|disapproval|excitement|realization|remorse
5233,1,amusement,1|5|9|15|17,amusement|caring|disappointment|gratitude|joy
5234,5|9|24,caring|disappointment|remorse,0|4|5|6|9|10|15|24|25|26,admiration|approval|caring|confusion|disappointment|disapproval|gratitude|remorse|sadness|surprise
5235,0|4,admiration|approval,1|2|3|5|9|11|15|17|20,amusement|anger|annoyance|caring|disappointment|disgust|gratitude|joy|optimism
5236,22,realization,0|2|3|6|7|8|9|11|18,admiration|anger|annoyance|confusion|curiosity|desire|disappointment|disgust|love
5237,18,love,2|7|8|22,anger|curiosity|desire|realization
5238,27,neutral,1|4|7|11|26|27,amusement|approval|curiosity|disgust|surprise|neutral
5239,0,admiration,9|10|11|14|15|18|22|25|27,disappointment|disapproval|disgust|fear|gratitude|love|realization|sadness|neutral
5240,0|18,admiration|love,2|3|10|27,anger|annoyance|disapproval|neutral
5241,15,gratitude,1|3|4|5|9|17|18,amusement|annoyance|approval|caring|disappointment|joy|love
5242,9,disappointment,5|10|20|27,caring|disapproval|optimism|neutral
5243,27,neutral,3|6|7|9|14|27,annoyance|confusion|curiosity|disappointment|fear|neutral
5244,4|12,approval|embarrassment,2|3|7|10|11|20|27,anger|annoyance|curiosity|disapproval|disgust|optimism|neutral
5245,27,neutral,1|14|15,amusement|fear|gratitude
5246,27,neutral,2|10|11|13|15|20,anger|disapproval|disgust|excitement|gratitude|optimism
5247,27,neutral,1|4|5|11,amusement|approval|caring|disgust
5248,27,neutral,1|2|6|10|14|15|17|19|25|26,amusement|anger|confusion|disapproval|fear|gratitude|joy|nervousness|sadness|surprise
5249,1,amusement,0|1|4|6|14|17|20|22|27,admiration|amusement|approval|confusion|fear|joy|optimism|realization|neutral
5250,0|18,admiration|love,0|2|4|6|14|17|25|26|27,admiration|anger|approval|confusion|fear|joy|sadness|surprise|neutral
5251,10,disapproval,1|3|4|6|7|10|17|18|20|26,amusement|annoyance|approval|confusion|curiosity|disapproval|joy|love|optimism|surprise
5252,27,neutral,9|12|20|26,disappointment|embarrassment|optimism|surprise
5253,11,disgust,4|11|24|27,approval|disgust|remorse|neutral
5254,27,neutral,15|18|20|25,gratitude|love|optimism|sadness
5255,11,disgust,1|4|6|17|20|22,amusement|approval|confusion|joy|optimism|realization
5256,27,neutral,2|3|5|6|8|9|10|11|14|17|18|20|22|25,anger|annoyance|caring|confusion|desire|disappointment|disapproval|disgust|fear|joy|love|optimism|realization|sadness
5257,4|7,approval|curiosity,2|4|5|18|25|27,anger|approval|caring|love|sadness|neutral
5258,1,amusement,0|2|17|18|22|27,admiration|anger|joy|love|realization|neutral
5259,20,optimism,0|1|10|13|18,admiration|amusement|disapproval|excitement|love
5260,9|25,disappointment|sadness,6|15|18|22|25|26|27,confusion|gratitude|love|realization|sadness|surprise|neutral
5261,10,disapproval,0|3|4|6|7|13|14|18|20|27,admiration|annoyance|approval|confusion|curiosity|excitement|fear|love|optimism|neutral
5262,27,neutral,3|7|9|22|26|27,annoyance|curiosity|disappointment|realization|surprise|neutral
5263,8,desire,0|6|8|9|14|15|20,admiration|confusion|desire|disappointment|fear|gratitude|optimism
5264,0,admiration,6|9|10|11|15|25|27,confusion|disappointment|disapproval|disgust|gratitude|sadness|neutral
5265,27,neutral,1|2|3|5|17|18,amusement|anger|annoyance|caring|joy|love
5266,27,neutral,0|7|13|25,admiration|curiosity|excitement|sadness
5267,4|5,approval|caring,0|5|6|7|9|17,admiration|caring|confusion|curiosity|disappointment|joy
5268,20,optimism,1|2|6|11|27,amusement|anger|confusion|disgust|neutral
5269,0,admiration,1|3|8|10|22|27,amusement|annoyance|desire|disapproval|realization|neutral
5270,7,curiosity,0|1|2|6|7|9|15|17|18|25,admiration|amusement|anger|confusion|curiosity|disappointment|gratitude|joy|love|sadness
5271,2,anger,4|14|15|17|22|26,approval|fear|gratitude|joy|realization|surprise
5272,0,admiration,3|4|6|8|9|10|27,annoyance|approval|confusion|desire|disappointment|disapproval|neutral
5273,0,admiration,1|5|6|20|27,amusement|caring|confusion|optimism|neutral
5274,14,fear,6|14|15|17|27,confusion|fear|gratitude|joy|neutral
5275,27,neutral,1|3|4|9|10|13|14|17,amusement|annoyance|approval|disappointment|disapproval|excitement|fear|joy
5276,0,admiration,2|6|7|9|10|13|18|22|24,anger|confusion|curiosity|disappointment|disapproval|excitement|love|realization|remorse
5277,4,approval,1|2|4|6|13|17|20,amusement|anger|approval|confusion|excitement|joy|optimism
5278,15,gratitude,1|4|15|18|22|25,amusement|approval|gratitude|love|realization|sadness
5279,0|4|9,admiration|approval|disappointment,0|6|9|10|15|17|24|27,admiration|confusion|disappointment|disapproval|gratitude|joy|remorse|neutral
5280,4,approval,3|4|5|6|10|13|15|24,annoyance|approval|caring|confusion|disapproval|excitement|gratitude|remorse
5281,27,neutral,0|2|3|4|10|22|27,admiration|anger|annoyance|approval|disapproval|realization|neutral
5282,4,approval,0|4|7|11|15|17|25,admiration|approval|curiosity|disgust|gratitude|joy|sadness
5283,25,sadness,18|25,love|sadness
5284,4,approval,1|4|7|15|25,amusement|approval|curiosity|gratitude|sadness
5285,25,sadness,2|3|7|9|11|20,anger|annoyance|curiosity|disappointment|disgust|optimism
5286,20,optimism,1|3|9|11|18|27,amusement|annoyance|disappointment|disgust|love|neutral
5287,16,grief,4|5|7|9|13|26,approval|caring|curiosity|disappointment|excitement|surprise
5288,2|3|27,anger|annoyance|neutral,4|11|18|20|27,approval|disgust|love|optimism|neutral
5289,6|27,confusion|neutral,0|5|11|13|15|17|18,admiration|caring|disgust|excitement|gratitude|joy|love
5290,4|27,approval|neutral,2|3|4|5|6|18|20|22|25|26,anger|annoyance|approval|caring|confusion|love|optimism|realization|sadness|surprise
5291,0,admiration,7|9|11|18,curiosity|disappointment|disgust|love
5292,1|27,amusement|neutral,0|3|9|17|27,admiration|annoyance|disappointment|joy|neutral
5293,27,neutral,5|7|10|13|15|20,caring|curiosity|disapproval|excitement|gratitude|optimism
5294,27,neutral,1|9|15|27,amusement|disappointment|gratitude|neutral
5295,25,sadness,0|1|3|4|9|15,admiration|amusement|annoyance|approval|disappointment|gratitude
5296,10,disapproval,0|5|10|27,admiration|caring|disapproval|neutral
5297,5|27,caring|neutral,3|5|9|20|27,annoyance|caring|disappointment|optimism|neutral
5298,22,realization,0|1|2|9|11|17|18|25,admiration|amusement|anger|disappointment|disgust|joy|love|sadness
5299,20|27,optimism|neutral,1|4|6|7|11|20|22,amusement|approval|confusion|curiosity|disgust|optimism|realization
5300,3|7,annoyance|curiosity,1|2|6|7|20|22|26,amusement|anger|confusion|curiosity|optimism|realization|surprise
5301,26,surprise,0|5|13|15|17|21|27,admiration|caring|excitement|gratitude|joy|pride|neutral
5302,0|13|15|26,admiration|excitement|gratitude|surprise,0|5|7|10|17|27,admiration|caring|curiosity|disapproval|joy|neutral
5303,27,neutral,0|1|4|6|10|20|25,admiration|amusement|approval|confusion|disapproval|optimism|sadness
5304,27,neutral,0|2|4|5|22|25|27,admiration|anger|approval|caring|realization|sadness|neutral
5305,3,annoyance,5|25|27,caring|sadness|neutral
5306,27,neutral,1|7|10|18|27,amusement|curiosity|disapproval|love|neutral
5307,27,neutral,0|4|6|10|27,admiration|approval|confusion|disapproval|neutral
5308,4,approval,1|3|8|9|20|26|27,amusement|annoyance|desire|disappointment|optimism|surprise|neutral
5309,15,gratitude,0|1|5|8|15|17|18|22|25,admiration|amusement|caring|desire|gratitude|joy|love|realization|sadness
5310,27,neutral,1|3|7|20,amusement|annoyance|curiosity|optimism
5311,15,gratitude,4|7|25|27,approval|curiosity|sadness|neutral
5312,6|27,confusion|neutral,0|4|6|7|10|25|26,admiration|approval|confusion|curiosity|disapproval|sadness|surprise
5313,0,admiration,0|2|5|11|18|20|24|25|26,admiration|anger|caring|disgust|love|optimism|remorse|sadness|surprise
5314,6|7,confusion|curiosity,1|2|5|6|7|20,amusement|anger|caring|confusion|curiosity|optimism
5315,2,anger,0|3|4|8|18,admiration|annoyance|approval|desire|love
5316,1,amusement,0|4|11|13|14|27,admiration|approval|disgust|excitement|fear|neutral
5317,15|17,gratitude|joy,1|7|14|18|19|20|26|27,amusement|curiosity|fear|love|nervousness|optimism|surprise|neutral
5318,6,confusion,0|4|10|20|27,admiration|approval|disapproval|optimism|neutral
5319,27,neutral,0|1|3|6|7|9|10|11|13,admiration|amusement|annoyance|confusion|curiosity|disappointment|disapproval|disgust|excitement
5320,2,anger,1|3|4|7|17|18|20,amusement|annoyance|approval|curiosity|joy|love|optimism
5321,25,sadness,0|1|2|3|10|13|22|25|27,admiration|amusement|anger|annoyance|disapproval|excitement|realization|sadness|neutral
5322,2,anger,8|9|11|20,desire|disappointment|disgust|optimism
5323,27,neutral,4|7|10|17|20|24|26,approval|curiosity|disapproval|joy|optimism|remorse|surprise
5324,0,admiration,0|4,admiration|approval
5325,2,anger,8|9|10|15|17|18|22,desire|disappointment|disapproval|gratitude|joy|love|realization
5326,5,caring,0|4|5|6|8|15|18|27,admiration|approval|caring|confusion|desire|gratitude|love|neutral
5327,27,neutral,4|6|7|15|17|27,approval|confusion|curiosity|gratitude|joy|neutral
5328,27,neutral,3|7|13|25|27,annoyance|curiosity|excitement|sadness|neutral
5329,27,neutral,1|4|5|9|10|15,amusement|approval|caring|disappointment|disapproval|gratitude
5330,26,surprise,0|7,admiration|curiosity
5331,0|27,admiration|neutral,0|1|5|7|24|27,admiration|amusement|caring|curiosity|remorse|neutral
5332,13,excitement,4|11|25|27,approval|disgust|sadness|neutral
5333,20,optimism,2|3|11|14|17|26,anger|annoyance|disgust|fear|joy|surprise
5334,18,love,0|1|7|18,admiration|amusement|curiosity|love
5335,10,disapproval,3|4|7|17|18|22,annoyance|approval|curiosity|joy|love|realization
5336,10,disapproval,4|18|20|26|27,approval|love|optimism|surprise|neutral
5337,1|22,amusement|realization,1|15|20|26,amusement|gratitude|optimism|surprise
5338,27,neutral,0|2|5|10|27,admiration|anger|caring|disapproval|neutral
5339,27,neutral,1|7|10|13|15|17|20,amusement|curiosity|disapproval|excitement|gratitude|joy|optimism
5340,0,admiration,0|10|11|15|17|18|22|25,admiration|disapproval|disgust|gratitude|joy|love|realization|sadness
5341,27,neutral,1|3|4|5|10|18,amusement|annoyance|approval|caring|disapproval|love
5342,27,neutral,17|20|22|27,joy|optimism|realization|neutral
5343,7|15,curiosity|gratitude,0|1|2|10|13|17|18,admiration|amusement|anger|disapproval|excitement|joy|love
5344,26,surprise,0|4|5|10|15|17|25|26|27,admiration|approval|caring|disapproval|gratitude|joy|sadness|surprise|neutral
5345,26,surprise,1|7|15|25|27,amusement|curiosity|gratitude|sadness|neutral
5346,0,admiration,3|11|18|27,annoyance|disgust|love|neutral
5347,13,excitement,3|6|7|8|13|15|17|22|26,annoyance|confusion|curiosity|desire|excitement|gratitude|joy|realization|surprise
5348,26,surprise,3|4|6|9|10|11|15|17|22|26,annoyance|approval|confusion|disappointment|disapproval|disgust|gratitude|joy|realization|surprise
5349,1,amusement,13|15|27,excitement|gratitude|neutral
5350,22,realization,4|5|6|8|14,approval|caring|confusion|desire|fear
5351,10,disapproval,0|3|7|8|15|18|22|24,admiration|annoyance|curiosity|desire|gratitude|love|realization|remorse
5352,18,love,0|2|5|14|15|25|27,admiration|anger|caring|fear|gratitude|sadness|neutral
5353,0|17|22,admiration|joy|realization,0|1|6|10|18|27,admiration|amusement|confusion|disapproval|love|neutral
5354,27,neutral,0|1|5|7|18|23|24,admiration|amusement|caring|curiosity|love|relief|remorse
5355,2|3,anger|annoyance,0|1|4|15|18|22|25,admiration|amusement|approval|gratitude|love|realization|sadness
5356,6,confusion,4|7|9|10|15|22,approval|curiosity|disappointment|disapproval|gratitude|realization
5357,15,gratitude,4|5|9|10|11|13|17|26,approval|caring|disappointment|disapproval|disgust|excitement|joy|surprise
5358,27,neutral,9|13|20|26,disappointment|excitement|optimism|surprise
5359,12|22,embarrassment|realization,4|5|7|17|25|27,approval|caring|curiosity|joy|sadness|neutral
5360,27,neutral,0|3|8|18|25|27,admiration|annoyance|desire|love|sadness|neutral
5361,27,neutral,7|8|15|18|20,curiosity|desire|gratitude|love|optimism
5362,27,neutral,2|3|6|7|10|11|18|26,anger|annoyance|confusion|curiosity|disapproval|disgust|love|surprise
5363,2|27,anger|neutral,1|4|7|13|15|17|18,amusement|approval|curiosity|excitement|gratitude|joy|love
5364,9,disappointment,6|7|11|15|24|27,confusion|curiosity|disgust|gratitude|remorse|neutral
5365,27,neutral,0|2|25|27,admiration|anger|sadness|neutral
5366,4,approval,2|3|9|10|13|18|24|25|27,anger|annoyance|disappointment|disapproval|excitement|love|remorse|sadness|neutral
5367,27,neutral,2|4|7|27,anger|approval|curiosity|neutral
5368,11,disgust,1|6|20|27,amusement|confusion|optimism|neutral
5369,26,surprise,0|5|7|8|13|20|26,admiration|caring|curiosity|desire|excitement|optimism|surprise
5370,27,neutral,7|8|13|17|18|21,curiosity|desire|excitement|joy|love|pride
5371,1,amusement,3|8|27,annoyance|desire|neutral
5372,3,annoyance,2|3|10|18,anger|annoyance|disapproval|love
5373,9|27,disappointment|neutral,0|5|7|9|10|18|20|27,admiration|caring|curiosity|disappointment|disapproval|love|optimism|neutral
5374,1|10,amusement|disapproval,9|13|15|17|22|27,disappointment|excitement|gratitude|joy|realization|neutral
5375,0|26,admiration|surprise,0|4|5|15|17|18|20|24|25|26,admiration|approval|caring|gratitude|joy|love|optimism|remorse|sadness|surprise
5376,6|27,confusion|neutral,4|7|9|10|20|27,approval|curiosity|disappointment|disapproval|optimism|neutral
5377,1,amusement,0|1|13|15|17|24,admiration|amusement|excitement|gratitude|joy|remorse
5378,15,gratitude,0|5|11|15|27,admiration|caring|disgust|gratitude|neutral
5379,27,neutral,2|9|10|17|18|27,anger|disappointment|disapproval|joy|love|neutral
5380,10,disapproval,2|3|6|27,anger|annoyance|confusion|neutral
5381,18,love,0|4|5|15|18,admiration|approval|caring|gratitude|love
5382,15,gratitude,1|3|4|10|15|18|25,amusement|annoyance|approval|disapproval|gratitude|love|sadness
5383,27,neutral,0|6|7|8|11,admiration|confusion|curiosity|desire|disgust
5384,26,surprise,2|3|10|18|20|21|26|27,anger|annoyance|disapproval|love|optimism|pride|surprise|neutral
5385,27,neutral,3|6|8|9|18|20,annoyance|confusion|desire|disappointment|love|optimism
5386,15,gratitude,2|7|9|18|27,anger|curiosity|disappointment|love|neutral
5387,15,gratitude,1|2|6|9|12|14|18|22|27,amusement|anger|confusion|disappointment|embarrassment|fear|love|realization|neutral
5388,14,fear,1|3|4|10|27,amusement|annoyance|approval|disapproval|neutral
5389,9,disappointment,0|8|13|15|18|22|25|26|27,admiration|desire|excitement|gratitude|love|realization|sadness|surprise|neutral
5390,27,neutral,0|2|3|27,admiration|anger|annoyance|neutral
5391,27,neutral,0|4|5|15|24,admiration|approval|caring|gratitude|remorse
5392,9,disappointment,2|3|8|10|17|27,anger|annoyance|desire|disapproval|joy|neutral
5393,15,gratitude,2|3|9|10|22,anger|annoyance|disappointment|disapproval|realization
5394,1,amusement,0|7|12|18|27,admiration|curiosity|embarrassment|love|neutral
5395,10,disapproval,1|2|7|11|15|25|27,amusement|anger|curiosity|disgust|gratitude|sadness|neutral
5396,0|18,admiration|love,1|2|4|7|11|17|18|20,amusement|anger|approval|curiosity|disgust|joy|love|optimism
5397,18,love,4|26,approval|surprise
5398,27,neutral,0|3|6|7|10|17|27,admiration|annoyance|confusion|curiosity|disapproval|joy|neutral
5399,27,neutral,4|6|14|15|27,approval|confusion|fear|gratitude|neutral
5400,3|27,annoyance|neutral,2|5|10|11|15|18|27,anger|caring|disapproval|disgust|gratitude|love|neutral
5401,0,admiration,0|7|9|10|18|20,admiration|curiosity|disappointment|disapproval|love|optimism
5402,24|25,remorse|sadness,1|3|7|10|15|27,amusement|annoyance|curiosity|disapproval|gratitude|neutral
5403,27,neutral,0|4|6|9|10|13|20|21,admiration|approval|confusion|disappointment|disapproval|excitement|optimism|pride
5404,7,curiosity,4|9|27,approval|disappointment|neutral
5405,27,neutral,0|6|15|18|27,admiration|confusion|gratitude|love|neutral
5406,0|4,admiration|approval,0|15|18|25|27,admiration|gratitude|love|sadness|neutral
5407,10,disapproval,0|9|14|15|26,admiration|disappointment|fear|gratitude|surprise
5408,27,neutral,0|4|5|10|24,admiration|approval|caring|disapproval|remorse
5409,14,fear,0|1|4|5|14|15|18|22,admiration|amusement|approval|caring|fear|gratitude|love|realization
5410,4,approval,1|2|4|6|18|26,amusement|anger|approval|confusion|love|surprise
5411,14,fear,5|6|7|10|17|22|26|27,caring|confusion|curiosity|disapproval|joy|realization|surprise|neutral
5412,18,love,0|9|14,admiration|disappointment|fear
5413,22,realization,1|3|5|17|27,amusement|annoyance|caring|joy|neutral
5414,4|7,approval|curiosity,0|3|4|14|20|22|26,admiration|annoyance|approval|fear|optimism|realization|surprise
5415,4,approval,6|9|14|18|27,confusion|disappointment|fear|love|neutral
5416,7,curiosity,0|1|3|6|7|18|20,admiration|amusement|annoyance|confusion|curiosity|love|optimism
5417,22,realization,0|1|3|6|7|10|13|25|27,admiration|amusement|annoyance|confusion|curiosity|disapproval|excitement|sadness|neutral
5418,27,neutral,1|3|5|7|9|13|14|26,amusement|annoyance|caring|curiosity|disappointment|excitement|fear|surprise
5419,27,neutral,4|6|8|11|17|20,approval|confusion|desire|disgust|joy|optimism
5420,15,gratitude,0|2|3|10|17|18|22|25,admiration|anger|annoyance|disapproval|joy|love|realization|sadness
5421,0,admiration,0|2|5|27,admiration|anger|caring|neutral
5422,14,fear,0|1|9|15|18|25|27,admiration|amusement|disappointment|gratitude|love|sadness|neutral
5423,20,optimism,3|4|5|15|27,annoyance|approval|caring|gratitude|neutral
5424,10,disapproval,0|4|7|10|13|18|25|27,admiration|approval|curiosity|disapproval|excitement|love|sadness|neutral
5425,3,annoyance,0|6|10|13|25|26|27,admiration|confusion|disapproval|excitement|sadness|surprise|neutral
5426,18,love,2|3|4|7|9|11|23,anger|annoyance|approval|curiosity|disappointment|disgust|relief
