row_number,gold_label_ids,gold_labels,predicted_label_ids,predicted_labels
1,27,neutral,4|6|9|11|13|17|18|23|26,approval|confusion|disappointment|disgust|excitement|joy|love|relief|surprise
2,4|27,approval|neutral,0|1|4|10|24|27,admiration|amusement|approval|disapproval|remorse|neutral
3,25,sadness,0|1|2|5|6|10|14|15|18|24|25,admiration|amusement|anger|caring|confusion|disapproval|fear|gratitude|love|remorse|sadness
4,4|27,approval|neutral,5|11|13|18|20|22|26,caring|disgust|excitement|love|optimism|realization|surprise
5,20,optimism,0|1|3|4|6|15,admiration|amusement|annoyance|approval|confusion|gratitude
6,15,gratitude,2|5|10|15|17|18|27,anger|caring|disapproval|gratitude|joy|love|neutral
7,2,anger,0|3|4|6|9|13|25|26,admiration|annoyance|approval|confusion|disappointment|excitement|sadness|surprise
8,27,neutral,0|2|6|7|15|18|22|24|25|26,admiration|anger|confusion|curiosity|gratitude|love|realization|remorse|sadness|surprise
9,20,optimism,0|4|8|9|10|14|26,admiration|approval|desire|disappointment|disapproval|fear|surprise
10,10,disapproval,2|3|6|11|15|17|26,anger|annoyance|confusion|disgust|gratitude|joy|surprise
11,18,love,0|7|10|13|15|18,admiration|curiosity|disapproval|excitement|gratitude|love
12,12|22,embarrassment|realization,0|2|3|6|9|15|17|26,admiration|anger|annoyance|confusion|disappointment|gratitude|joy|surprise
13,16,grief,0|10|13|15|20|26|27,admiration|disapproval|excitement|gratitude|optimism|surprise|neutral
14,27,neutral,2|3|5|7|9|11|18|20|26,anger|annoyance|caring|curiosity|disappointment|disgust|love|optimism|surprise
15,1|3|25,amusement|annoyance|sadness,0|1|2|3|4|5|6|17,admiration|amusement|anger|annoyance|approval|caring|confusion|joy
16,2|3,anger|annoyance,0|2|3|4|9|10|18,admiration|anger|annoyance|approval|disappointment|disapproval|love
17,25,sadness,1|2|6|7|9|11|14|18|20|22|24|27,amusement|anger|confusion|curiosity|disappointment|disgust|fear|love|optimism|realization|remorse|neutral
18,27,neutral,2|3|4|5|6|13|14|22,anger|annoyance|approval|caring|confusion|excitement|fear|realization
19,27,neutral,1|3|10|17|18|27,amusement|annoyance|disapproval|joy|love|neutral
20,3|10,annoyance|disapproval,0|2|4|5|6|15|17|18,admiration|anger|approval|caring|confusion|gratitude|joy|love
21,9,disappointment,0|5|15|17|20|25,admiration|caring|gratitude|joy|optimism|sadness
22,0,admiration,0|1|6|7|10|13|15|26,admiration|amusement|confusion|curiosity|disapproval|excitement|gratitude|surprise
23,10,disapproval,2|4|15|20,anger|approval|gratitude|optimism
24,5|27,caring|neutral,2|6|9|22|25|27,anger|confusion|disappointment|realization|sadness|neutral
25,27,neutral,0|2|15|18|22|25|27,admiration|anger|gratitude|love|realization|sadness|neutral
26,7|24,curiosity|remorse,0|1|2|13|17|27,admiration|amusement|anger|excitement|joy|neutral
27,3,annoyance,2|5|9|13|15|17|22|26|27,anger|caring|disappointment|excitement|gratitude|joy|realization|surprise|neutral
28,27,neutral,1|2|4|5|6|7|8|9|13|17|20|25,amusement|anger|approval|caring|confusion|curiosity|desire|disappointment|excitement|joy|optimism|sadness
29,0|15,admiration|gratitude,1|17|18|20|27,amusement|joy|love|optimism|neutral
30,27,neutral,0|1|13|22|26,admiration|amusement|excitement|realization|surprise
31,17,joy,0|3|6|7|27,admiration|annoyance|confusion|curiosity|neutral
32,14,fear,0|1|2|20,admiration|amusement|anger|optimism
33,27,neutral,2|4|5|6|14|15|26,anger|approval|caring|confusion|fear|gratitude|surprise
34,27,neutral,5|7|9|10|11|13|17|18|20|25|26,caring|curiosity|disappointment|disapproval|disgust|excitement|joy|love|optimism|sadness|surprise
35,24,remorse,0|1|15|22|25,admiration|amusement|gratitude|realization|sadness
36,25,sadness,2|4|10|15|20|26,anger|approval|disapproval|gratitude|optimism|surprise
37,27,neutral,7|13|17|18|20|26,curiosity|excitement|joy|love|optimism|surprise
38,10,disapproval,4|6|9|17|22|27,approval|confusion|disappointment|joy|realization|neutral
39,1,amusement,1|13|15|18|22|26,amusement|excitement|gratitude|love|realization|surprise
40,15,gratitude,6|7|15|17|25|27,confusion|curiosity|gratitude|joy|sadness|neutral
41,18,love,4|8|10|20|22|25,approval|desire|disapproval|optimism|realization|sadness
42,15,gratitude,0|1|7|15,admiration|amusement|curiosity|gratitude
43,24,remorse,0|1|5|7|11|13|15|22,admiration|amusement|caring|curiosity|disgust|excitement|gratitude|realization
44,7,curiosity,2|5|7|15|18|27,anger|caring|curiosity|gratitude|love|neutral
45,27,neutral,2|11|18|25|26,anger|disgust|love|sadness|surprise
46,3|4,annoyance|approval,6|15|18|26|27,confusion|gratitude|love|surprise|neutral
47,14,fear,3|5|9|10|17|18|20,annoyance|caring|disappointment|disapproval|joy|love|optimism
48,27,neutral,0|3|7|8|9|13|18|26|27,admiration|annoyance|curiosity|desire|disappointment|excitement|love|surprise|neutral
49,8,desire,4|6|7|17|22|25|27,approval|confusion|curiosity|joy|realization|sadness|neutral
50,7,curiosity,2|3|6|10|11|17|26|27,anger|annoyance|confusion|disapproval|disgust|joy|surprise|neutral
51,27,neutral,2|3|5|8|17|22|24|27,anger|annoyance|caring|desire|joy|realization|remorse|neutral
52,24,remorse,0|5|10|13|14|18|22,admiration|caring|disapproval|excitement|fear|love|realization
53,4,approval,1|4|6|9|15|27,amusement|approval|confusion|disappointment|gratitude|neutral
54,7,curiosity,8|10|15|22|25,desire|disapproval|gratitude|realization|sadness
55,27,neutral,0|15|27,admiration|gratitude|neutral
56,13,excitement,4|6|22|24|26,approval|confusion|realization|remorse|surprise
57,1|6|7|24,amusement|confusion|curiosity|remorse,0|1|3|4|10|20|27,admiration|amusement|annoyance|approval|disapproval|optimism|neutral
58,14,fear,1|2|3|4|5|6|10|25|27,amusement|anger|annoyance|approval|caring|confusion|disapproval|sadness|neutral
59,6,confusion,1|2|10|20|27,amusement|anger|disapproval|optimism|neutral
60,4,approval,7|17|22|23|27,curiosity|joy|realization|relief|neutral
61,7,curiosity,0|1|5|7|8|18|20|22,admiration|amusement|caring|curiosity|desire|love|optimism|realization
62,27,neutral,0|4|8|17|20|25,admiration|approval|desire|joy|optimism|sadness
63,22,realization,1|4|7|15|17|25|26,amusement|approval|curiosity|gratitude|joy|sadness|surprise
64,27,neutral,1|2|13|14|27,amusement|anger|excitement|fear|neutral
65,10,disapproval,0|2|3|4|7|13|15|18|22|23|26,admiration|anger|annoyance|approval|curiosity|excitement|gratitude|love|realization|relief|surprise
66,1,amusement,2|4|8|9|17|18|20|22|25,anger|approval|desire|disappointment|joy|love|optimism|realization|sadness
67,27,neutral,0|1|7|13|18|20|24|27,admiration|amusement|curiosity|excitement|love|optimism|remorse|neutral
68,0|17,admiration|joy,4|9|11|14|24|25|27,approval|disappointment|disgust|fear|remorse|sadness|neutral
69,27,neutral,2|10|13|18|26,anger|disapproval|excitement|love|surprise
70,10,disapproval,4|6|7|8|13|17|18|27,approval|confusion|curiosity|desire|excitement|joy|love|neutral
71,0,admiration,5|9|10|14|15|26|27,caring|disappointment|disapproval|fear|gratitude|surprise|neutral
72,3|27,annoyance|neutral,0|1|4|7|10|26,admiration|amusement|approval|curiosity|disapproval|surprise
73,2,anger,0|1|8|14|27,admiration|amusement|desire|fear|neutral
74,4,approval,0|1|3|5|8|10|17|20|27,admiration|amusement|annoyance|caring|desire|disapproval|joy|optimism|neutral
75,27,neutral,4|7|8|9|13|20|27,approval|curiosity|desire|disappointment|excitement|optimism|neutral
76,27,neutral,0|3|6|15|18|26,admiration|annoyance|confusion|gratitude|love|surprise
77,15,gratitude,0|9|10|17|18|20|25,admiration|disappointment|disapproval|joy|love|optimism|sadness
78,6,confusion,0|1|6|22|25|27,admiration|amusement|confusion|realization|sadness|neutral
79,20,optimism,2|3|4|5|7|8|9|10|19|22|24,anger|annoyance|approval|caring|curiosity|desire|disappointment|disapproval|nervousness|realization|remorse
80,3,annoyance,0|1|3|4|5|10|13|26,admiration|amusement|annoyance|approval|caring|disapproval|excitement|surprise
81,27,neutral,1|4|9|15|22|27,amusement|approval|disappointment|gratitude|realization|neutral
82,27,neutral,0|1|3|5|6|15|17,admiration|amusement|annoyance|caring|confusion|gratitude|joy
83,0,admiration,2|3|4|8|9|14|20|26,anger|annoyance|approval|desire|disappointment|fear|optimism|surprise
84,9,disappointment,0|6|11|14|15|18|20|24|26,admiration|confusion|disgust|fear|gratitude|love|optimism|remorse|surprise
85,10|27,disapproval|neutral,0|1|9|15|27,admiration|amusement|disappointment|gratitude|neutral
86,1|10|15,amusement|disapproval|gratitude,0|1|3|4|9|17|26,admiration|amusement|annoyance|approval|disappointment|joy|surprise
87,0,admiration,0|1|6|25|27,admiration|amusement|confusion|sadness|neutral
88,7|27,curiosity|neutral,17|18|25|27,joy|love|sadness|neutral
89,10,disapproval,2|6|13|18|20|25,anger|confusion|excitement|love|optimism|sadness
90,7,curiosity,0|3|5|10|11|13|15|18|20|24,admiration|annoyance|caring|disapproval|disgust|excitement|gratitude|love|optimism|remorse
91,11|26,disgust|surprise,9|10|13|18|27,disappointment|disapproval|excitement|love|neutral
92,2|10,anger|disapproval,1|4|18|20|25,amusement|approval|love|optimism|sadness
93,1,amusement,0|7|18|26,admiration|curiosity|love|surprise
94,15,gratitude,0|4|8|10|18|26,admiration|approval|desire|disapproval|love|surprise
95,0,admiration,0|4|5|7|10|17|20|25|27,admiration|approval|caring|curiosity|disapproval|joy|optimism|sadness|neutral
96,6,confusion,0|4|5|26,admiration|approval|caring|surprise
97,5|24,caring|remorse,2|5|7|10|17|20|27,anger|caring|curiosity|disapproval|joy|optimism|neutral
98,27,neutral,2|3|5|6|14|21|22,anger|annoyance|caring|confusion|fear|pride|realization
99,27,neutral,0|1|5|8|9|11|18|25,admiration|amusement|caring|desire|disappointment|disgust|love|sadness
100,5|27,caring|neutral,2|4|7|15|17,anger|approval|curiosity|gratitude|joy
101,27,neutral,0|15|27,admiration|gratitude|neutral
102,0|18,admiration|love,1|2|6|7|9|10|17|20|22,amusement|anger|confusion|curiosity|disappointment|disapproval|joy|optimism|realization
103,27,neutral,0|2|3|8|10,admiration|anger|annoyance|desire|disapproval
104,14,fear,4|7|10|14|15|17|27,approval|curiosity|disapproval|fear|gratitude|joy|neutral
105,0|17,admiration|joy,3|9|10|12|13|18|20|27,annoyance|disappointment|disapproval|embarrassment|excitement|love|optimism|neutral
106,17,joy,0|1|3|7|14|15|17|25|27,admiration|amusement|annoyance|curiosity|fear|gratitude|joy|sadness|neutral
107,4,approval,4|5|7|8|9|10|20|27,approval|caring|curiosity|desire|disappointment|disapproval|optimism|neutral
108,1|4,amusement|approval,0|4|5|6|9|13|15|17|22|24,admiration|approval|caring|confusion|disappointment|excitement|gratitude|joy|realization|remorse
109,7,curiosity,1|2|3|9|17|18|20|25,amusement|anger|annoyance|disappointment|joy|love|optimism|sadness
110,15|27,gratitude|neutral,1|2|10|15,amusement|anger|disapproval|gratitude
111,27,neutral,2|4|10|15|22|26,anger|approval|disapproval|gratitude|realization|surprise
112,20,optimism,1|3|4|5|6|7|11|20|27,amusement|annoyance|approval|caring|confusion|curiosity|disgust|optimism|neutral
113,23,relief,0|1|3|5|9|13,admiration|amusement|annoyance|caring|disappointment|excitement
114,27,neutral,1|4|11|18,amusement|approval|disgust|love
115,27,neutral,1|7|10|13|15|22|24,amusement|curiosity|disapproval|excitement|gratitude|realization|remorse
116,27,neutral,4|5|6|20,approval|caring|confusion|optimism
117,15,gratitude,6|7|11|13|24,confusion|curiosity|disgust|excitement|remorse
118,4,approval,8|22|26|27,desire|realization|surprise|neutral
119,1|27,amusement|neutral,0|3|6|13|15|17|26,admiration|annoyance|confusion|excitement|gratitude|joy|surprise
120,18,love,1|11|15,amusement|disgust|gratitude
121,11|12,disgust|embarrassment,1|4|6|9|13|15|22,amusement|approval|confusion|disappointment|excitement|gratitude|realization
122,7,curiosity,2|11|13|22|24|27,anger|disgust|excitement|realization|remorse|neutral
123,13|17,excitement|joy,0|1|3|13|17|18|25|26|27,admiration|amusement|annoyance|excitement|joy|love|sadness|surprise|neutral
124,3|27,annoyance|neutral,4|10|15|18,approval|disapproval|gratitude|love
125,25,sadness,3|4|5|6|10|11|15|18|22|26,annoyance|approval|caring|confusion|disapproval|disgust|gratitude|love|realization|surprise
126,27,neutral,0|2|3|6|7|15|22,admiration|anger|annoyance|confusion|curiosity|gratitude|realization
127,2,anger,1|2|18|20|24|27,amusement|anger|love|optimism|remorse|neutral
128,27,neutral,1|5|9|13|15|18|27,amusement|caring|disappointment|excitement|gratitude|love|neutral
129,0,admiration,8|11|17|26|27,desire|disgust|joy|surprise|neutral
130,17,joy,0|4|8|10|26,admiration|approval|desire|disapproval|surprise
131,5,caring,5|6|13|24|27,caring|confusion|excitement|remorse|neutral
132,6|27,confusion|neutral,9|15|24,disappointment|gratitude|remorse
133,11,disgust,7|9|13|25,curiosity|disappointment|excitement|sadness
134,4,approval,0|2|9|10|11|17|27,admiration|anger|disappointment|disapproval|disgust|joy|neutral
135,27,neutral,4|5|8|13|27,approval|caring|desire|excitement|neutral
136,15,gratitude,2|3|5|7|9|10|13|15|17|22,anger|annoyance|caring|curiosity|disappointment|disapproval|excitement|gratitude|joy|realization
137,4,approval,0|1|2|5|8|11|20|24|26,admiration|amusement|anger|caring|desire|disgust|optimism|remorse|surprise
138,7,curiosity,3|4|9|13|17|18|25,annoyance|approval|disappointment|excitement|joy|love|sadness
139,5,caring,0|2|10|22|25|27,admiration|anger|disapproval|realization|sadness|neutral
140,27,neutral,3|6|7|15,annoyance|confusion|curiosity|gratitude
141,0,admiration,5|10|17|18|20|25|27,caring|disapproval|joy|love|optimism|sadness|neutral
142,27,neutral,0|3|6|14|18|24|25|26,admiration|annoyance|confusion|fear|love|remorse|sadness|surprise
143,27,neutral,3|17|18|20|27,annoyance|joy|love|optimism|neutral
144,10,disapproval,6|9|10|18|24|26,confusion|disappointment|disapproval|love|remorse|surprise
145,27,neutral,13|20|22|25|27,excitement|optimism|realization|sadness|neutral
146,4|20,approval|optimism,0|4|6|17|23|26|27,admiration|approval|confusion|joy|relief|surprise|neutral
147,7,curiosity,3|6|10|13|15|17|25|26,annoyance|confusion|disapproval|excitement|gratitude|joy|sadness|surprise
148,26,surprise,1|4|5|7|9|20|22|26,amusement|approval|caring|curiosity|disappointment|optimism|realization|surprise
149,27,neutral,1|2|10|17|22|26,amusement|anger|disapproval|joy|realization|surprise
150,27,neutral,0|4|6|7|9|11|18|25|26|27,admiration|approval|confusion|curiosity|disappointment|disgust|love|sadness|surprise|neutral
151,27,neutral,0|2|3|5|7|9|17|25,admiration|anger|annoyance|caring|curiosity|disappointment|joy|sadness
152,17,joy,0|1|2|6|7|10|27,admiration|amusement|anger|confusion|curiosity|disapproval|neutral
153,15,gratitude,0|3|4|15|17|20|27,admiration|annoyance|approval|gratitude|joy|optimism|neutral
154,13,excitement,0|1|2|8|26,admiration|amusement|anger|desire|surprise
155,26,surprise,4|9|20,approval|disappointment|optimism
156,2,anger,3|4|20|27,annoyance|approval|optimism|neutral
157,27,neutral,3|6|8|10|11|15|18|20,annoyance|confusion|desire|disapproval|disgust|gratitude|love|optimism
158,4,approval,0|7|8|15|18|25|27,admiration|curiosity|desire|gratitude|love|sadness|neutral
159,0,admiration,1|2|3|5|11|15|17|20|26|27,amusement|anger|annoyance|caring|disgust|gratitude|joy|optimism|surprise|neutral
160,17,joy,0|11|14|22|25|26,admiration|disgust|fear|realization|sadness|surprise
161,4,approval,0|10|22,admiration|disapproval|realization
162,4|5,approval|caring,7|10|11|15|18|26|27,curiosity|disapproval|disgust|gratitude|love|surprise|neutral
163,27,neutral,0|4|18|25,admiration|approval|love|sadness
164,7,curiosity,0|4|14|22|26,admiration|approval|fear|realization|surprise
165,24,remorse,0|1|4|10|13|15|18,admiration|amusement|approval|disapproval|excitement|gratitude|love
166,12|26,embarrassment|surprise,3|4|13|26|27,annoyance|approval|excitement|surprise|neutral
167,27,neutral,2|3|18|25,anger|annoyance|love|sadness
168,0|25,admiration|sadness,1|4|10|14|17|20|22|27,amusement|approval|disapproval|fear|joy|optimism|realization|neutral
169,4,approval,0|1|5|9|10|25|26,admiration|amusement|caring|disappointment|disapproval|sadness|surprise
170,17,joy,2|3|6|15|17|25|26|27,anger|annoyance|confusion|gratitude|joy|sadness|surprise|neutral
171,27,neutral,1|4|5|10|15|18,amusement|approval|caring|disapproval|gratitude|love
172,27,neutral,9|13|14|20,disappointment|excitement|fear|optimism
173,5,caring,0|3|4|10|15,admiration|annoyance|approval|disapproval|gratitude
174,15,gratitude,0|7|9|15|17|24,admiration|curiosity|disappointment|gratitude|joy|remorse
175,27,neutral,0|1|4|5|8|9|18|20,admiration|amusement|approval|caring|desire|disappointment|love|optimism
176,10,disapproval,0|10|11|14|17|27,admiration|disapproval|disgust|fear|joy|neutral
177,17,joy,1|2|3|6|7|8|11|15|17|25,amusement|anger|annoyance|confusion|curiosity|desire|disgust|gratitude|joy|sadness
178,27,neutral,1|3|7|10|14|17|18,amusement|annoyance|curiosity|disapproval|fear|joy|love
179,10,disapproval,0|1|2|3|15|17|27,admiration|amusement|anger|annoyance|gratitude|joy|neutral
180,15,gratitude,0|2|4|6|7|15|20|26|27,admiration|anger|approval|confusion|curiosity|gratitude|optimism|surprise|neutral
181,4,approval,2|7|18,anger|curiosity|love
182,27,neutral,0|1|2|11|18|22|27,admiration|amusement|anger|disgust|love|realization|neutral
183,27,neutral,0|13|27,admiration|excitement|neutral
184,2,anger,0|2|7|14|15|17,admiration|anger|curiosity|fear|gratitude|joy
185,18,love,0|6|7,admiration|confusion|curiosity
186,5,caring,0|2|14|15|18,admiration|anger|fear|gratitude|love
187,7,curiosity,1|2|3|5|9|13|14|27,amusement|anger|annoyance|caring|disappointment|excitement|fear|neutral
188,1|5,amusement|caring,0|3|6|9|15|18|20,admiration|annoyance|confusion|disappointment|gratitude|love|optimism
189,10,disapproval,0|1|7|8|22|24|27,admiration|amusement|curiosity|desire|realization|remorse|neutral
190,27,neutral,0|3|5|11|27,admiration|annoyance|caring|disgust|neutral
191,27,neutral,1|2|7|10|15|17|27,amusement|anger|curiosity|disapproval|gratitude|joy|neutral
192,7,curiosity,0|1|4|17|18|20|26,admiration|amusement|approval|joy|love|optimism|surprise
193,9,disappointment,2|6|10|11|27,anger|confusion|disapproval|disgust|neutral
194,15,gratitude,1|7|15|27,amusement|curiosity|gratitude|neutral
195,27,neutral,2|3|9|11|24|26|27,anger|annoyance|disappointment|disgust|remorse|surprise|neutral
196,27,neutral,4|7|12|24|25|26,approval|curiosity|embarrassment|remorse|sadness|surprise
197,4|5,approval|caring,0|1|3|10|17|25,admiration|amusement|annoyance|disapproval|joy|sadness
198,3,annoyance,0|4|5|6|8|18,admiration|approval|caring|confusion|desire|love
199,1,amusement,2|4|7|10|14|15|18|24,anger|approval|curiosity|disapproval|fear|gratitude|love|remorse
200,15,gratitude,0|1|4|5|15|26,admiration|amusement|approval|caring|gratitude|surprise
201,27,neutral,27,neutral
202,27,neutral,1|3|5|10|18|20|22|27,amusement|annoyance|caring|disapproval|love|optimism|realization|neutral
203,27,neutral,0|7|10|17|22|27,admiration|curiosity|disapproval|joy|realization|neutral
204,7,curiosity,1|2|15|18|22,amusement|anger|gratitude|love|realization
205,0|9,admiration|disappointment,0|6|9|13|17|26|27,admiration|confusion|disappointment|excitement|joy|surprise|neutral
206,0,admiration,4|7|17|26|27,approval|curiosity|joy|surprise|neutral
207,0,admiration,1|2|3|6|15|17|25,amusement|anger|annoyance|confusion|gratitude|joy|sadness
208,27,neutral,0|2|5|6|7|9|11|13|27,admiration|anger|caring|confusion|curiosity|disappointment|disgust|excitement|neutral
209,18,love,0|10|11|17,admiration|disapproval|disgust|joy
210,5,caring,1|7|10|13|15|18|27,amusement|curiosity|disapproval|excitement|gratitude|love|neutral
211,9,disappointment,1|5|8|13|14|15|22|27,amusement|caring|desire|excitement|fear|gratitude|realization|neutral
212,2,anger,0|10|12|14|15,admiration|disapproval|embarrassment|fear|gratitude
213,27,neutral,2|3|4|11|15|22,anger|annoyance|approval|disgust|gratitude|realization
214,10,disapproval,1|2|9|10|11|14|18|24|25|27,amusement|anger|disappointment|disapproval|disgust|fear|love|remorse|sadness|neutral
215,15,gratitude,2|3|8|9|20,anger|annoyance|desire|disappointment|optimism
216,18,love,0|2|4|17|22|27,admiration|anger|approval|joy|realization|neutral
217,27,neutral,0|6|9|15|17,admiration|confusion|disappointment|gratitude|joy
218,1|20,amusement|optimism,0|1|3|4|5|6|20,admiration|amusement|annoyance|approval|caring|confusion|optimism
219,27,neutral,4|9|15|20|27,approval|disappointment|gratitude|optimism|neutral
220,24,remorse,0|1|6|10|13|15|17|18|26,admiration|amusement|confusion|disapproval|excitement|gratitude|joy|love|surprise
221,5,caring,2|6|7|9|15|27,anger|confusion|curiosity|disappointment|gratitude|neutral
222,13,excitement,1|6|20|22,amusement|confusion|optimism|realization
223,27,neutral,7|18|22|24|26,curiosity|love|realization|remorse|surprise
224,4,approval,0|1|4|8|24|27,admiration|amusement|approval|desire|remorse|neutral
225,6|27,confusion|neutral,4|15|27,approval|gratitude|neutral
226,8,desire,2|5|6|7|9|10|24|25|27,anger|caring|confusion|curiosity|disappointment|disapproval|remorse|sadness|neutral
227,25,sadness,2|4|5|6|7|11|17|22|26,anger|approval|caring|confusion|curiosity|disgust|joy|realization|surprise
228,27,neutral,7|9|10|24,curiosity|disappointment|disapproval|remorse
229,7|15,curiosity|gratitude,4|5|8|9|15|18|20,approval|caring|desire|disappointment|gratitude|love|optimism
230,0,admiration,0|6|7|20|26,admiration|confusion|curiosity|optimism|surprise
231,18|20,love|optimism,3|4|5|7|15|20,annoyance|approval|caring|curiosity|gratitude|optimism
232,7,curiosity,0|8|14|25|27,admiration|desire|fear|sadness|neutral
233,21,pride,1|10|15|18|20,amusement|disapproval|gratitude|love|optimism
234,3,annoyance,0|7|13|20|21|27,admiration|curiosity|excitement|optimism|pride|neutral
235,18|20,love|optimism,4|6|7|9|10|11|13|14|18|20|22|25,approval|confusion|curiosity|disappointment|disapproval|disgust|excitement|fear|love|optimism|realization|sadness
236,15,gratitude,2|4|7|14|15|27,anger|approval|curiosity|fear|gratitude|neutral
237,18,love,0|12|15|20|21|24,admiration|embarrassment|gratitude|optimism|pride|remorse
238,4,approval,1|3|4|5|7|14|18|20|26,amusement|annoyance|approval|caring|curiosity|fear|love|optimism|surprise
239,27,neutral,15|27,gratitude|neutral
240,15,gratitude,2|7|10|13|15|17|19,anger|curiosity|disapproval|excitement|gratitude|joy|nervousness
241,27,neutral,4|8|9|10|11|13|15|17|18|22,approval|desire|disappointment|disapproval|disgust|excitement|gratitude|joy|love|realization
242,0,admiration,10|15|18|20|25,disapproval|gratitude|love|optimism|sadness
243,15,gratitude,0|4|5|10|17|24|27,admiration|approval|caring|disapproval|joy|remorse|neutral
244,4,approval,6|9|11|18|20,confusion|disappointment|disgust|love|optimism
245,20,optimism,1|3|7|10|12|13|17|25|26|27,amusement|annoyance|curiosity|disapproval|embarrassment|excitement|joy|sadness|surprise|neutral
246,13,excitement,5|8|9|10|14|15|24,caring|desire|disappointment|disapproval|fear|gratitude|remorse
247,27,neutral,6|14|22|27,confusion|fear|realization|neutral
248,27,neutral,15|17|18|22|27,gratitude|joy|love|realization|neutral
249,3,annoyance,3|5|9|13|15|18|22,annoyance|caring|disappointment|excitement|gratitude|love|realization
250,27,neutral,1|3|5|9|15|27,amusement|annoyance|caring|disappointment|gratitude|neutral
251,1,amusement,0|2|6|9|15|22|27,admiration|anger|confusion|disappointment|gratitude|realization|neutral
252,27,neutral,1|4|15|18|20|25,amusement|approval|gratitude|love|optimism|sadness
253,27,neutral,0|1|7|17|18|26|27,admiration|amusement|curiosity|joy|love|surprise|neutral
254,4|17|27,approval|joy|neutral,0|10|14|17|18|20,admiration|disapproval|fear|joy|love|optimism
255,27,neutral,0|4|6|7|15,admiration|approval|confusion|curiosity|gratitude
256,27,neutral,4|5|6|7|10|18|23|27,approval|caring|confusion|curiosity|disapproval|love|relief|neutral
257,9|22,disappointment|realization,2|3|6|7|10,anger|annoyance|confusion|curiosity|disapproval
258,6,confusion,1|10|13,amusement|disapproval|excitement
259,4,approval,6|9|10|17,confusion|disappointment|disapproval|joy
260,3|10,annoyance|disapproval,0|4|15|24,admiration|approval|gratitude|remorse
261,5,caring,0|1|2|4|5|6|15,admiration|amusement|anger|approval|caring|confusion|gratitude
262,1|20,amusement|optimism,0|4|15|20|22|27,admiration|approval|gratitude|optimism|realization|neutral
263,10,disapproval,1|4|6|7|10|15|27,amusement|approval|confusion|curiosity|disapproval|gratitude|neutral
264,27,neutral,7|10|17|25,curiosity|disapproval|joy|sadness
265,18|20,love|optimism,2|4|5|6|24|25|26|27,anger|approval|caring|confusion|remorse|sadness|surprise|neutral
266,2,anger,0|20|24|25|27,admiration|optimism|remorse|sadness|neutral
267,7,curiosity,3|4|10|11|15|18,annoyance|approval|disapproval|disgust|gratitude|love
268,26,surprise,1|2|3|4|6|27,amusement|anger|annoyance|approval|confusion|neutral
269,2|9,anger|disappointment,0|7|14|20|26|27,admiration|curiosity|fear|optimism|surprise|neutral
270,17,joy,4|7|8|10|15|18|20|24|25,approval|curiosity|desire|disapproval|gratitude|love|optimism|remorse|sadness
271,27,neutral,2|3|9|10|18|24,anger|annoyance|disappointment|disapproval|love|remorse
272,20,optimism,7|8|10|11|20|22,curiosity|desire|disapproval|disgust|optimism|realization
273,13|17|21,excitement|joy|pride,0|1|4|6|13|15|17|18|27,admiration|amusement|approval|confusion|excitement|gratitude|joy|love|neutral
274,10,disapproval,3|4|5|9|14|15|22|27,annoyance|approval|caring|disappointment|fear|gratitude|realization|neutral
275,8,desire,0|1|2|4|6|7|13|18|22|26|27,admiration|amusement|anger|approval|confusion|curiosity|excitement|love|realization|surprise|neutral
276,7,curiosity,2|7|15|17|23,anger|curiosity|gratitude|joy|relief
277,22,realization,2|9|10|11|27,anger|disappointment|disapproval|disgust|neutral
278,0|8,admiration|desire,0|1|2|6|9|10|24,admiration|amusement|anger|confusion|disappointment|disapproval|remorse
279,4,approval,2|7|10|13|27,anger|curiosity|disapproval|excitement|neutral
280,27,neutral,0|1|2|6|17,admiration|amusement|anger|confusion|joy
281,27,neutral,5|6|7|10|22,caring|confusion|curiosity|disapproval|realization
282,1,amusement,0|1|2|3|7|8|15|17|25|27,admiration|amusement|anger|annoyance|curiosity|desire|gratitude|joy|sadness|neutral
283,1|26,amusement|surprise,0|5|18|20|27,admiration|caring|love|optimism|neutral
284,15,gratitude,2|10|15|26|27,anger|disapproval|gratitude|surprise|neutral
285,15,gratitude,2|10|20,anger|disapproval|optimism
286,8,desire,2|3|4|6|7|11|17|25|26,anger|annoyance|approval|confusion|curiosity|disgust|joy|sadness|surprise
287,15,gratitude,3|4|6|7,annoyance|approval|confusion|curiosity
288,0,admiration,0|10|20|26|27,admiration|disapproval|optimism|surprise|neutral
289,27,neutral,0|2|10|14|18|20|27,admiration|anger|disapproval|fear|love|optimism|neutral
290,25,sadness,11|15|17|27,disgust|gratitude|joy|neutral
291,27,neutral,0|4|6|7|19|25,admiration|approval|confusion|curiosity|nervousness|sadness
292,19,nervousness,1|3|4|5|6|9|13|15|24|26,amusement|annoyance|approval|caring|confusion|disappointment|excitement|gratitude|remorse|surprise
293,7|8,curiosity|desire,1|4|10|22|27,amusement|approval|disapproval|realization|neutral
294,5|10,caring|disapproval,3|7|13|14|20|25|27,annoyance|curiosity|excitement|fear|optimism|sadness|neutral
295,4|13,approval|excitement,0|3|7|17|18|26,admiration|annoyance|curiosity|joy|love|surprise
296,1|17,amusement|joy,0|17|25|27,admiration|joy|sadness|neutral
297,8,desire,0|2|10|27,admiration|anger|disapproval|neutral
298,11|12,disgust|embarrassment,5|8|9|11|14|27,caring|desire|disappointment|disgust|fear|neutral
299,2,anger,3|4|7|17|20|25,annoyance|approval|curiosity|joy|optimism|sadness
300,7,curiosity,0|6|10|13|15|22|25|27,admiration|confusion|disapproval|excitement|gratitude|realization|sadness|neutral
301,1,amusement,0|2|4|12|15|18,admiration|anger|approval|embarrassment|gratitude|love
302,18,love,1|3|18|20|27,amusement|annoyance|love|optimism|neutral
303,9,disappointment,0|1|3|7|13|17|18|25|27,admiration|amusement|annoyance|curiosity|excitement|joy|love|sadness|neutral
304,27,neutral,4|6|7|9|24|25,approval|confusion|curiosity|disappointment|remorse|sadness
305,27,neutral,0|5|9|10|26,admiration|caring|disappointment|disapproval|surprise
306,27,neutral,0|1|7|9|13|27,admiration|amusement|curiosity|disappointment|excitement|neutral
307,0|27,admiration|neutral,0|1|3|6|10|18|22|25|26|27,admiration|amusement|annoyance|confusion|disapproval|love|realization|sadness|surprise|neutral
308,27,neutral,4|6|11|15|17|26|27,approval|confusion|disgust|gratitude|joy|surprise|neutral
309,20,optimism,7|10|11|17|25|26|27,curiosity|disapproval|disgust|joy|sadness|surprise|neutral
310,20,optimism,1|3|6|10|12|13|20,amusement|annoyance|confusion|disapproval|embarrassment|excitement|optimism
311,10,disapproval,1|3|4|10|11|14|15|25,amusement|annoyance|approval|disapproval|disgust|fear|gratitude|sadness
312,7|19,curiosity|nervousness,2|3|4|8|14,anger|annoyance|approval|desire|fear
313,27,neutral,2|4|5|6|14|20|27,anger|approval|caring|confusion|fear|optimism|neutral
314,2,anger,1|2|5|7|9|17|24|27,amusement|anger|caring|curiosity|disappointment|joy|remorse|neutral
315,10,disapproval,0|1|2|4|22|27,admiration|amusement|anger|approval|realization|neutral
316,27,neutral,3|22|27,annoyance|realization|neutral
317,2,anger,0|1|9|17|24|25|26,admiration|amusement|disappointment|joy|remorse|sadness|surprise
318,27,neutral,1|12|15|17|25|27,amusement|embarrassment|gratitude|joy|sadness|neutral
319,27,neutral,1|4|9|10|17|27,amusement|approval|disappointment|disapproval|joy|neutral
320,4,approval,0|1|3|4|5|9|11|15|26,admiration|amusement|annoyance|approval|caring|disappointment|disgust|gratitude|surprise
321,3,annoyance,0|4|10|15|22|26|27,admiration|approval|disapproval|gratitude|realization|surprise|neutral
322,27,neutral,5|6|9|10|13|15|21|22|25,caring|confusion|disappointment|disapproval|excitement|gratitude|pride|realization|sadness
323,10|15,disapproval|gratitude,0|1|7|15|23|27,admiration|amusement|curiosity|gratitude|relief|neutral
324,1|17,amusement|joy,1|3|5|7|9|10|22|26,amusement|annoyance|caring|curiosity|disappointment|disapproval|realization|surprise
325,2|3,anger|annoyance,0|2|3|4|5|7|10|11|14|20,admiration|anger|annoyance|approval|caring|curiosity|disapproval|disgust|fear|optimism
326,27,neutral,6|10|11,confusion|disapproval|disgust
327,27,neutral,9|10|17,disappointment|disapproval|joy
328,17,joy,4|5|9|11|15|17|22,approval|caring|disappointment|disgust|gratitude|joy|realization
329,15,gratitude,1|2|3|6|7|9|10|22|25,amusement|anger|annoyance|confusion|curiosity|disappointment|disapproval|realization|sadness
330,27,neutral,5|7|8|9,caring|curiosity|desire|disappointment
331,27,neutral,8|9|11|15|25|27,desire|disappointment|disgust|gratitude|sadness|neutral
332,27,neutral,0|1|4|6|7|9|15|27,admiration|amusement|approval|confusion|curiosity|disappointment|gratitude|neutral
333,27,neutral,4|7|10|20|27,approval|curiosity|disapproval|optimism|neutral
334,20,optimism,3|6|10|15|17|18|20|24,annoyance|confusion|disapproval|gratitude|joy|love|optimism|remorse
335,3,annoyance,0|2|6|9|10|20,admiration|anger|confusion|disappointment|disapproval|optimism
336,5|24,caring|remorse,6|7|9|13|24|25|26|27,confusion|curiosity|disappointment|excitement|remorse|sadness|surprise|neutral
337,0|15,admiration|gratitude,2|5|9|17|22,anger|caring|disappointment|joy|realization
338,25,sadness,0|1|2|6|7|10|20|26,admiration|amusement|anger|confusion|curiosity|disapproval|optimism|surprise
339,3,annoyance,0|1|4|9|10|13|15|18,admiration|amusement|approval|disappointment|disapproval|excitement|gratitude|love
340,13,excitement,0|3|7|15|17|20|24|25,admiration|annoyance|curiosity|gratitude|joy|optimism|remorse|sadness
341,0,admiration,2|10|22|25|26,anger|disapproval|realization|sadness|surprise
342,1,amusement,1|2|11|14|18|20|27,amusement|anger|disgust|fear|love|optimism|neutral
343,27,neutral,0|14|20|22|25|27,admiration|fear|optimism|realization|sadness|neutral
344,7,curiosity,1|3|4|18|20,amusement|annoyance|approval|love|optimism
345,14,fear,7|13|15|18|25|27,curiosity|excitement|gratitude|love|sadness|neutral
346,27,neutral,0|3|10|18|26,admiration|annoyance|disapproval|love|surprise
347,3,annoyance,1|2|3|10|17|20|25|27,amusement|anger|annoyance|disapproval|joy|optimism|sadness|neutral
348,13,excitement,0|6|10|13|15|25,admiration|confusion|disapproval|excitement|gratitude|sadness
349,0|5|20,admiration|caring|optimism,3|4|7|9|13|20|26,annoyance|approval|curiosity|disappointment|excitement|optimism|surprise
350,26,surprise,3|7|8|9|10|11|15|26,annoyance|curiosity|desire|disappointment|disapproval|disgust|gratitude|surprise
351,27,neutral,0|1|5|13|27,admiration|amusement|caring|excitement|neutral
352,27,neutral,1|4|11|14|15|26,amusement|approval|disgust|fear|gratitude|surprise
353,5,caring,1|3|5|9|10|17|25|27,amusement|annoyance|caring|disappointment|disapproval|joy|sadness|neutral
354,6|27,confusion|neutral,0|1|7|26,admiration|amusement|curiosity|surprise
355,7,curiosity,3|10|13|17|18|27,annoyance|disapproval|excitement|joy|love|neutral
356,26,surprise,1|7|15|17|22|25|27,amusement|curiosity|gratitude|joy|realization|sadness|neutral
357,0,admiration,3|9|11|15|26|27,annoyance|disappointment|disgust|gratitude|surprise|neutral
358,27,neutral,0|6|7|15|21|24|25|26,admiration|confusion|curiosity|gratitude|pride|remorse|sadness|surprise
359,10|20,disapproval|optimism,1|3|7|9|15|18|20,amusement|annoyance|curiosity|disappointment|gratitude|love|optimism
360,27,neutral,1|7|13|22|26|27,amusement|curiosity|excitement|realization|surprise|neutral
361,1,amusement,0|1|3|10|14|17|25,admiration|amusement|annoyance|disapproval|fear|joy|sadness
362,0,admiration,0|4|5|9|14|27,admiration|approval|caring|disappointment|fear|neutral
363,3|9,annoyance|disappointment,3|4|5|7|10|18,annoyance|approval|caring|curiosity|disapproval|love
364,4,approval,1|3|4|5|6|15|25,amusement|annoyance|approval|caring|confusion|gratitude|sadness
365,0|27,admiration|neutral,1|2|3|10|25|27,amusement|anger|annoyance|disapproval|sadness|neutral
366,0,admiration,1|5|7|20|26,amusement|caring|curiosity|optimism|surprise
367,27,neutral,1|10|15|17|18|20,amusement|disapproval|gratitude|joy|love|optimism
368,3|9,annoyance|disappointment,4|6|13|14|22|25|27,approval|confusion|excitement|fear|realization|sadness|neutral
369,27,neutral,0|1|2|4,admiration|amusement|anger|approval
370,8,desire,0|1|11|13|15|20|26|27,admiration|amusement|disgust|excitement|gratitude|optimism|surprise|neutral
371,27,neutral,3|7|10|11|15|22|25,annoyance|curiosity|disapproval|disgust|gratitude|realization|sadness
372,6,confusion,10|15|17|27,disapproval|gratitude|joy|neutral
373,0|18,admiration|love,0|3|6|26|27,admiration|annoyance|confusion|surprise|neutral
374,4|6|7,approval|confusion|curiosity,1|9|15|18|22|26|27,amusement|disappointment|gratitude|love|realization|surprise|neutral
375,27,neutral,4|6|9|10|18|24|25|27,approval|confusion|disappointment|disapproval|love|remorse|sadness|neutral
376,27,neutral,2|3|7|10|13|15|18|20,anger|annoyance|curiosity|disapproval|excitement|gratitude|love|optimism
377,13,excitement,9|13|15|22|24|27,disappointment|excitement|gratitude|realization|remorse|neutral
378,24,remorse,1|2|9|17|22|26|27,amusement|anger|disappointment|joy|realization|surprise|neutral
379,20,optimism,3|8|13|18|20,annoyance|desire|excitement|love|optimism
380,18,love,1|2|4|7|9|25|26|27,amusement|anger|approval|curiosity|disappointment|sadness|surprise|neutral
381,1|27,amusement|neutral,0|3|18|20,admiration|annoyance|love|optimism
382,6,confusion,7|9|26|27,curiosity|disappointment|surprise|neutral
383,4|27,approval|neutral,0|7|9|15|22,admiration|curiosity|disappointment|gratitude|realization
384,27,neutral,0|4|7|17|20|24|26,admiration|approval|curiosity|joy|optimism|remorse|surprise
385,6,confusion,0|1|10|11|14|15|27,admiration|amusement|disapproval|disgust|fear|gratitude|neutral
386,1,amusement,2|3|6|8|18|24|26,anger|annoyance|confusion|desire|love|remorse|surprise
387,4|27,approval|neutral,3|6|10|11|15|20|22,annoyance|confusion|disapproval|disgust|gratitude|optimism|realization
388,10,disapproval,0|3|7|18|25|26,admiration|annoyance|curiosity|love|sadness|surprise
389,3|9|25,annoyance|disappointment|sadness,2|3|9|17|27,anger|annoyance|disappointment|joy|neutral
390,4,approval,6|13|20|22|25,confusion|excitement|optimism|realization|sadness
391,7,curiosity,1|4|5|7|9|10|13|17|20|26,amusement|approval|caring|curiosity|disappointment|disapproval|excitement|joy|optimism|surprise
392,7,curiosity,0|2|3|7|11|15|27,admiration|anger|annoyance|curiosity|disgust|gratitude|neutral
393,27,neutral,3|7|17,annoyance|curiosity|joy
394,0|9,admiration|disappointment,1|6|10|15|24|27,amusement|confusion|disapproval|gratitude|remorse|neutral
395,27,neutral,0|2|4|18|22|26|27,admiration|anger|approval|love|realization|surprise|neutral
396,0|3,admiration|annoyance,1|17|22|27,amusement|joy|realization|neutral
397,25,sadness,1|9|10|14|18|22|25|27,amusement|disappointment|disapproval|fear|love|realization|sadness|neutral
398,1|11,amusement|disgust,0|6|7|10|26|27,admiration|confusion|curiosity|disapproval|surprise|neutral
399,2|3,anger|annoyance,0|3|4|5|7|10|15|18|22,admiration|annoyance|approval|caring|curiosity|disapproval|gratitude|love|realization
400,3,annoyance,4|6,approval|confusion
401,27,neutral,5|9|11|17|18|20|26|27,caring|disappointment|disgust|joy|love|optimism|surprise|neutral
402,17,joy,2|6|9|24|26|27,anger|confusion|disappointment|remorse|surprise|neutral
403,3,annoyance,7|13|15|18|22|27,curiosity|excitement|gratitude|love|realization|neutral
404,0,admiration,3|4|5|7|9|11|15|17|20|25|27,annoyance|approval|caring|curiosity|disappointment|disgust|gratitude|joy|optimism|sadness|neutral
405,6,confusion,0|1|3|4|7|15|17|25|27,admiration|amusement|annoyance|approval|curiosity|gratitude|joy|sadness|neutral
406,11,disgust,2|3|10|18|25|27,anger|annoyance|disapproval|love|sadness|neutral
407,0,admiration,0|3|6|10|11|27,admiration|annoyance|confusion|disapproval|disgust|neutral
408,27,neutral,4|10|15|19|20|26,approval|disapproval|gratitude|nervousness|optimism|surprise
409,9,disappointment,0|2|10|18,admiration|anger|disapproval|love
410,15,gratitude,0|7|22,admiration|curiosity|realization
411,0,admiration,2|4|5|7|10|15|22,anger|approval|caring|curiosity|disapproval|gratitude|realization
412,27,neutral,3|4|5|6|7|18|20|22,annoyance|approval|caring|confusion|curiosity|love|optimism|realization
413,0|27,admiration|neutral,2|3|17|24|25|27,anger|annoyance|joy|remorse|sadness|neutral
414,10,disapproval,0|13|15|18|27,admiration|excitement|gratitude|love|neutral
415,27,neutral,0|9|10|13|15|17|18|20|24,admiration|disappointment|disapproval|excitement|gratitude|joy|love|optimism|remorse
416,2|3,anger|annoyance,6|15|20|22|24,confusion|gratitude|optimism|realization|remorse
417,27,neutral,0|3|6|11|26|27,admiration|annoyance|confusion|disgust|surprise|neutral
418,0|1,admiration|amusement,9|15|18|22|27,disappointment|gratitude|love|realization|neutral
419,15,gratitude,2|3|4|5|6|9|11|15|17,anger|annoyance|approval|caring|confusion|disappointment|disgust|gratitude|joy
420,14,fear,0|8|11|16|17|27,admiration|desire|disgust|grief|joy|neutral
421,11,disgust,2|3|5|8|10|11|14|15|20|25|26,anger|annoyance|caring|desire|disapproval|disgust|fear|gratitude|optimism|sadness|surprise
422,10,disapproval,0|10|15|20|24,admiration|disapproval|gratitude|optimism|remorse
423,4|14,approval|fear,7|8|17|27,curiosity|desire|joy|neutral
424,0,admiration,0|6|7|10|15|17|18|22,admiration|confusion|curiosity|disapproval|gratitude|joy|love|realization
425,3|27,annoyance|neutral,1|2|10|26,amusement|anger|disapproval|surprise
426,12,embarrassment,5|6|8|13|15|27,caring|confusion|desire|excitement|gratitude|neutral
427,26,surprise,1|5|7|8|10|15|25,amusement|caring|curiosity|desire|disapproval|gratitude|sadness
428,0|18,admiration|love,3|6|15|17|22|25,annoyance|confusion|gratitude|joy|realization|sadness
429,22,realization,2|4|7|10|13|18|22|26|27,anger|approval|curiosity|disapproval|excitement|love|realization|surprise|neutral
430,11,disgust,1|6|10|15|20|22|26|27,amusement|confusion|disapproval|gratitude|optimism|realization|surprise|neutral
431,24,remorse,2|4|8|11|15|20|27,anger|approval|desire|disgust|gratitude|optimism|neutral
432,7,curiosity,0|3|6|10|14|17|20|24|25|27,admiration|annoyance|confusion|disapproval|fear|joy|optimism|remorse|sadness|neutral
433,27,neutral,0|10|14|15|18,admiration|disapproval|fear|gratitude|love
434,0,admiration,10|17|22,disapproval|joy|realization
435,3,annoyance,1|2|7|27,amusement|anger|curiosity|neutral
436,27,neutral,0|3|4|9|11|17|22|25,admiration|annoyance|approval|disappointment|disgust|joy|realization|sadness
437,27,neutral,3|6|7|9|10|13|17|25,annoyance|confusion|curiosity|disappointment|disapproval|excitement|joy|sadness
438,7|26,curiosity|surprise,0|4|6|9|13|15|20,admiration|approval|confusion|disappointment|excitement|gratitude|optimism
439,27,neutral,4|7|9|20|22|25|27,approval|curiosity|disappointment|optimism|realization|sadness|neutral
440,0,admiration,3|5|10|11|13|15|20|25,annoyance|caring|disapproval|disgust|excitement|gratitude|optimism|sadness
441,27,neutral,4|5|6|13|15|18|26,approval|caring|confusion|excitement|gratitude|love|surprise
442,7,curiosity,3|10|18|25|26,annoyance|disapproval|love|sadness|surprise
443,10,disapproval,4|5|8|9|14|15|18,approval|caring|desire|disappointment|fear|gratitude|love
444,25,sadness,0|8|9|11|13|20,admiration|desire|disappointment|disgust|excitement|optimism
445,24|25,remorse|sadness,0|3|4|5|7|8|13|17|20,admiration|annoyance|approval|caring|curiosity|desire|excitement|joy|optimism
446,1|27,amusement|neutral,0|2|3|4|8|9|14|15|20|27,admiration|anger|annoyance|approval|desire|disappointment|fear|gratitude|optimism|neutral
447,25,sadness,4|6|10|11|17|22,approval|confusion|disapproval|disgust|joy|realization
448,24,remorse,1|3|7|9|10|17|27,amusement|annoyance|curiosity|disappointment|disapproval|joy|neutral
449,13,excitement,0|2|14|15|25|26,admiration|anger|fear|gratitude|sadness|surprise
450,0|4,admiration|approval,1|2|8|9|10|15|17|27,amusement|anger|desire|disappointment|disapproval|gratitude|joy|neutral
451,4|21,approval|pride,0|2|3|4|5|7|8|10|13,admiration|anger|annoyance|approval|caring|curiosity|desire|disapproval|excitement
452,4,approval,0|9|18|20|26,admiration|disappointment|love|optimism|surprise
453,18,love,0|20|22|27,admiration|optimism|realization|neutral
454,27,neutral,1|5|7|9|10|13|15|26|27,amusement|caring|curiosity|disappointment|disapproval|excitement|gratitude|surprise|neutral
455,25,sadness,0|8|10|15|20|26|27,admiration|desire|disapproval|gratitude|optimism|surprise|neutral
456,27,neutral,1|2|6|7|13|17|25|26,amusement|anger|confusion|curiosity|excitement|joy|sadness|surprise
457,4,approval,7|9|14|15|22|25|27,curiosity|disappointment|fear|gratitude|realization|sadness|neutral
458,26,surprise,0|7|9|18|20,admiration|curiosity|disappointment|love|optimism
459,27,neutral,7|12|25|27,curiosity|embarrassment|sadness|neutral
460,27,neutral,0|3|4|7|9|13|17|20|24|27,admiration|annoyance|approval|curiosity|disappointment|excitement|joy|optimism|remorse|neutral
461,6,confusion,0|1|4|7|9|11|17,admiration|amusement|approval|curiosity|disappointment|disgust|joy
462,27,neutral,0|3|4|7|15|20,admiration|annoyance|approval|curiosity|gratitude|optimism
463,7,curiosity,0|3|4|6|9|15|17|22,admiration|annoyance|approval|confusion|disappointment|gratitude|joy|realization
464,0|20,admiration|optimism,1|3|5|6|9|11|13|14|22,amusement|annoyance|caring|confusion|disappointment|disgust|excitement|fear|realization
465,27,neutral,1|3|9|10|22|24,amusement|annoyance|disappointment|disapproval|realization|remorse
466,9,disappointment,1|3|13|22|25|27,amusement|annoyance|excitement|realization|sadness|neutral
467,27,neutral,0|15|26|27,admiration|gratitude|surprise|neutral
468,27,neutral,2|3|19,anger|annoyance|nervousness
469,21,pride,3|5|8|10|20,annoyance|caring|desire|disapproval|optimism
470,27,neutral,4|7|11|15|18|23|27,approval|curiosity|disgust|gratitude|love|relief|neutral
471,0,admiration,2|4|5|6|17|18,anger|approval|caring|confusion|joy|love
472,14,fear,0|3|10|15|17|20|27,admiration|annoyance|disapproval|gratitude|joy|optimism|neutral
473,27,neutral,0|2|17|25|27,admiration|anger|joy|sadness|neutral
474,27,neutral,1|2|10|27,amusement|anger|disapproval|neutral
475,27,neutral,0|2|17|25|27,admiration|anger|joy|sadness|neutral
476,17,joy,6|7|10|11|17|25|26,confusion|curiosity|disapproval|disgust|joy|sadness|surprise
477,2|11,anger|disgust,0|2|10|27,admiration|anger|disapproval|neutral
478,27,neutral,4|7|10|15|17|27,approval|curiosity|disapproval|gratitude|joy|neutral
479,0,admiration,4|5|6|10|13|18|26,approval|caring|confusion|disapproval|excitement|love|surprise
480,26,surprise,0|14|17|18|22,admiration|fear|joy|love|realization
481,4|20,approval|optimism,4|5|7|9|15|20|22,approval|caring|curiosity|disappointment|gratitude|optimism|realization
482,0,admiration,0|5|11|17|22|27,admiration|caring|disgust|joy|realization|neutral
483,10,disapproval,2|8|11|17|18|27,anger|desire|disgust|joy|love|neutral
484,2,anger,0|2|7|10|13|27,admiration|anger|curiosity|disapproval|excitement|neutral
485,11,disgust,0|8|11|15|17|18|20,admiration|desire|disgust|gratitude|joy|love|optimism
486,15,gratitude,0|3|4|15|22|24|26,admiration|annoyance|approval|gratitude|realization|remorse|surprise
487,6|7,confusion|curiosity,0|2|3|4|25,admiration|anger|annoyance|approval|sadness
488,1,amusement,0|1|3|4|6|20|27,admiration|amusement|annoyance|approval|confusion|optimism|neutral
489,27,neutral,0|2|3|17|25|27,admiration|anger|annoyance|joy|sadness|neutral
490,10,disapproval,2|3|6|7|13|15|20|25,anger|annoyance|confusion|curiosity|excitement|gratitude|optimism|sadness
491,27,neutral,4|6|7|9|13|14|15|22|27,approval|confusion|curiosity|disappointment|excitement|fear|gratitude|realization|neutral
492,27,neutral,3|5|9|11|13|15|17|18|26|27,annoyance|caring|disappointment|disgust|excitement|gratitude|joy|love|surprise|neutral
493,0,admiration,0|2|3|10|11|15|27,admiration|anger|annoyance|disapproval|disgust|gratitude|neutral
494,27,neutral,0|1|2|18|26,admiration|amusement|anger|love|surprise
495,27,neutral,4|15|27,approval|gratitude|neutral
496,15|26,gratitude|surprise,0|5|6|7|15|17|27,admiration|caring|confusion|curiosity|gratitude|joy|neutral
497,6,confusion,3|5|17|26|27,annoyance|caring|joy|surprise|neutral
498,17|20,joy|optimism,0|2|3|4|5|6|9|10|15|20,admiration|anger|annoyance|approval|caring|confusion|disappointment|disapproval|gratitude|optimism
499,5,caring,3|7|9|15|18|25|27,annoyance|curiosity|disappointment|gratitude|love|sadness|neutral
500,7,curiosity,1|3|6|10|11|15|17|22|25|27,amusement|annoyance|confusion|disapproval|disgust|gratitude|joy|realization|sadness|neutral
501,0,admiration,0|2|4|5|9|18|25,admiration|anger|approval|caring|disappointment|love|sadness
502,14|22,fear|realization,0|1|2|3|4|7|11|18,admiration|amusement|anger|annoyance|approval|curiosity|disgust|love
503,26,surprise,1|2|3|7|13|22|27,amusement|anger|annoyance|curiosity|excitement|realization|neutral
504,4,approval,9|13|17|20|25|27,disappointment|excitement|joy|optimism|sadness|neutral
505,18,love,0|2|3|4|9|10|11|14|27,admiration|anger|annoyance|approval|disappointment|disapproval|disgust|fear|neutral
506,18,love,0|2|6|7|8|9|17|27,admiration|anger|confusion|curiosity|desire|disappointment|joy|neutral
507,11,disgust,1|3|4|10|22|27,amusement|annoyance|approval|disapproval|realization|neutral
508,4,approval,1|3|14|15|20|24|25|26,amusement|annoyance|fear|gratitude|optimism|remorse|sadness|surprise
509,20|27,optimism|neutral,4|6|7|18|24|27,approval|confusion|curiosity|love|remorse|neutral
510,17|23,joy|relief,3|5|6|7|14|17|25|27,annoyance|caring|confusion|curiosity|fear|joy|sadness|neutral
511,10,disapproval,0|3|4|9|10|11|12|19|24|25,admiration|annoyance|approval|disappointment|disapproval|disgust|embarrassment|nervousness|remorse|sadness
512,27,neutral,3|4|5|6|12|20|27,annoyance|approval|caring|confusion|embarrassment|optimism|neutral
513,0,admiration,6|8|13|18|20|27,confusion|desire|excitement|love|optimism|neutral
514,12,embarrassment,5|13|14|15|17|23,caring|excitement|fear|gratitude|joy|relief
515,27,neutral,9|13|18|20|22|25,disappointment|excitement|love|optimism|realization|sadness
516,0,admiration,5|7|15|25|27,caring|curiosity|gratitude|sadness|neutral
517,2,anger,2|3|6|7|9|10|18|22|25|26,anger|annoyance|confusion|curiosity|disappointment|disapproval|love|realization|sadness|surprise
518,17,joy,3|5|6|18|22|27,annoyance|caring|confusion|love|realization|neutral
519,16|18,grief|love,2|8|11|15|26,anger|desire|disgust|gratitude|surprise
520,10,disapproval,0|1|3|10|13|20,admiration|amusement|annoyance|disapproval|excitement|optimism
521,27,neutral,5|8|20|21|27,caring|desire|optimism|pride|neutral
522,1|4,amusement|approval,1|3|5|7|13|20,amusement|annoyance|caring|curiosity|excitement|optimism
523,6,confusion,1|2|5|7|8|15|18|20|25|26,amusement|anger|caring|curiosity|desire|gratitude|love|optimism|sadness|surprise
524,14,fear,2|4|10|20|24|26|27,anger|approval|disapproval|optimism|remorse|surprise|neutral
525,26,surprise,0|2|3|7|15|26,admiration|anger|annoyance|curiosity|gratitude|surprise
526,0|4|17,admiration|approval|joy,1|2|6|11|17|20|25,amusement|anger|confusion|disgust|joy|optimism|sadness
527,20,optimism,0|6|7|9|10|20|26,admiration|confusion|curiosity|disappointment|disapproval|optimism|surprise
528,25,sadness,0|2|5|6|10|26|27,admiration|anger|caring|confusion|disapproval|surprise|neutral
529,27,neutral,0|1|7|9|13|27,admiration|amusement|curiosity|disappointment|excitement|neutral
530,9,disappointment,0|1|2|9|15|20|25|27,admiration|amusement|anger|disappointment|gratitude|optimism|sadness|neutral
531,1,amusement,0|4|5|13|14|27,admiration|approval|caring|excitement|fear|neutral
532,3,annoyance,1|3|4|7|14|15|17|18|20,amusement|annoyance|approval|curiosity|fear|gratitude|joy|love|optimism
533,22,realization,3|4|5|13|15|20|27,annoyance|approval|caring|excitement|gratitude|optimism|neutral
534,27,neutral,4|7|18|20|27,approval|curiosity|love|optimism|neutral
535,27,neutral,0|3|4|15|18|20|24,admiration|annoyance|approval|gratitude|love|optimism|remorse
536,18,love,0|4|14|15|17|25|27,admiration|approval|fear|gratitude|joy|sadness|neutral
537,27,neutral,3|5|7|9|17|18|27,annoyance|caring|curiosity|disappointment|joy|love|neutral
538,27,neutral,1|2|3|9|15|20|27,amusement|anger|annoyance|disappointment|gratitude|optimism|neutral
539,2|26,anger|surprise,0|2|3|8|15|18|20,admiration|anger|annoyance|desire|gratitude|love|optimism
540,7,curiosity,0|8|12|13|18|22|24|27,admiration|desire|embarrassment|excitement|love|realization|remorse|neutral
541,5,caring,0|3|8|17|18|27,admiration|annoyance|desire|joy|love|neutral
542,10,disapproval,0|1|2|3|9|14|20|24|27,admiration|amusement|anger|annoyance|disappointment|fear|optimism|remorse|neutral
543,16|24|25,grief|remorse|sadness,0|1|6|11|13,admiration|amusement|confusion|disgust|excitement
544,27,neutral,1|15|18|26|27,amusement|gratitude|love|surprise|neutral
545,13,excitement,7|18|20|27,curiosity|love|optimism|neutral
546,0,admiration,2|8|10|15|17|25,anger|desire|disapproval|gratitude|joy|sadness
547,27,neutral,6|7|9|11|22|23|27,confusion|curiosity|disappointment|disgust|realization|relief|neutral
548,0,admiration,0|2|13|15|20|27,admiration|anger|excitement|gratitude|optimism|neutral
549,7,curiosity,2|7|17|27,anger|curiosity|joy|neutral
550,0,admiration,0|1|6|7|11|18|20|23|25|27,admiration|amusement|confusion|curiosity|disgust|love|optimism|relief|sadness|neutral
551,27,neutral,0|3|4|10|17|24,admiration|annoyance|approval|disapproval|joy|remorse
552,3,annoyance,0|4|6|7|9|20|27,admiration|approval|confusion|curiosity|disappointment|optimism|neutral
553,27,neutral,0|1|3|4|5|20,admiration|amusement|annoyance|approval|caring|optimism
554,17|24,joy|remorse,5|13|26|27,caring|excitement|surprise|neutral
555,0,admiration,2|9|10|11|25|26|27,anger|disappointment|disapproval|disgust|sadness|surprise|neutral
556,20|22,optimism|realization,2|6|7|10|25|27,anger|confusion|curiosity|disapproval|sadness|neutral
557,27,neutral,15|20|25|27,gratitude|optimism|sadness|neutral
558,5,caring,0|3|4|10|13|14|15|22,admiration|annoyance|approval|disapproval|excitement|fear|gratitude|realization
559,11,disgust,1|6|10|11|15|18|22|26,amusement|confusion|disapproval|disgust|gratitude|love|realization|surprise
560,9|12,disappointment|embarrassment,1|5|6|15|18|22|27,amusement|caring|confusion|gratitude|love|realization|neutral
561,20,optimism,1|3|4|7|10|15,amusement|annoyance|approval|curiosity|disapproval|gratitude
562,17|27,joy|neutral,11|13|15|25|27,disgust|excitement|gratitude|sadness|neutral
563,27,neutral,6|22|27,confusion|realization|neutral
564,7,curiosity,0|2|9|11|15|18|20,admiration|anger|disappointment|disgust|gratitude|love|optimism
565,0|18,admiration|love,0|2|5|17|18|20|27,admiration|anger|caring|joy|love|optimism|neutral
566,27,neutral,1|2|7|9|20,amusement|anger|curiosity|disappointment|optimism
567,9,disappointment,1|3|4|6|17|18|20,amusement|annoyance|approval|confusion|joy|love|optimism
568,0,admiration,2|3|14|17|18|27,anger|annoyance|fear|joy|love|neutral
569,7,curiosity,3|8|18|20|24|27,annoyance|desire|love|optimism|remorse|neutral
570,22,realization,0|2|5|10|15|18|22|25,admiration|anger|caring|disapproval|gratitude|love|realization|sadness
571,27,neutral,0|1|9|11|13|15|17,admiration|amusement|disappointment|disgust|excitement|gratitude|joy
572,27,neutral,3|4|6|10|15|22,annoyance|approval|confusion|disapproval|gratitude|realization
573,1,amusement,2|5|7|8|15|18|27,anger|caring|curiosity|desire|gratitude|love|neutral
574,15,gratitude,2|14|27,anger|fear|neutral
575,27,neutral,4|6|7|9|18|20,approval|confusion|curiosity|disappointment|love|optimism
576,20,optimism,3|10|15|18|26|27,annoyance|disapproval|gratitude|love|surprise|neutral
577,1|17,amusement|joy,0|2|5|11|18|20|24|26|27,admiration|anger|caring|disgust|love|optimism|remorse|surprise|neutral
578,0,admiration,1|4|10|15|17|22|27,amusement|approval|disapproval|gratitude|joy|realization|neutral
579,10|20,disapproval|optimism,0|4|9|15|25|27,admiration|approval|disappointment|gratitude|sadness|neutral
580,14,fear,0|4|6|9|15|20|22,admiration|approval|confusion|disappointment|gratitude|optimism|realization
581,4|21,approval|pride,2|3|6|8|9|27,anger|annoyance|confusion|desire|disappointment|neutral
582,15|20,gratitude|optimism,1|5|17|27,amusement|caring|joy|neutral
583,7,curiosity,0|1|3|4|5|13|15|17|18,admiration|amusement|annoyance|approval|caring|excitement|gratitude|joy|love
584,3,annoyance,0|3|4|9|13|18|20|25|26|27,admiration|annoyance|approval|disappointment|excitement|love|optimism|sadness|surprise|neutral
585,27,neutral,0|10|15|18|26,admiration|disapproval|gratitude|love|surprise
586,27,neutral,4|17|18|22|26|27,approval|joy|love|realization|surprise|neutral
587,13|15|26,excitement|gratitude|surprise,0|2|3|5|9|18|27,admiration|anger|annoyance|caring|disappointment|love|neutral
588,27,neutral,1|2|3|4|6|9|11|12|17|22|25,amusement|anger|annoyance|approval|confusion|disappointment|disgust|embarrassment|joy|realization|sadness
589,27,neutral,0|3|5|6|14|20,admiration|annoyance|caring|confusion|fear|optimism
590,6,confusion,0|10|12|27,admiration|disapproval|embarrassment|neutral
591,27,neutral,1|2|8|22|25,amusement|anger|desire|realization|sadness
592,1,amusement,6|20,confusion|optimism
593,0,admiration,0|2|4|10|15|20|27,admiration|anger|approval|disapproval|gratitude|optimism|neutral
594,9|26,disappointment|surprise,5|18,caring|love
595,7,curiosity,0|2|3|5|6|7|9|10|18|26,admiration|anger|annoyance|caring|confusion|curiosity|disappointment|disapproval|love|surprise
596,20,optimism,0|6|9|18|25|27,admiration|confusion|disappointment|love|sadness|neutral
597,0,admiration,0|2|3|4|7|10,admiration|anger|annoyance|approval|curiosity|disapproval
598,1,amusement,0|8,admiration|desire
599,18,love,1|4|5|6|7,amusement|approval|caring|confusion|curiosity
600,10|27,disapproval|neutral,4|7|8|9|10|11|13|15|18,approval|curiosity|desire|disappointment|disapproval|disgust|excitement|gratitude|love
601,27,neutral,6|11|15|18|22|27,confusion|disgust|gratitude|love|realization|neutral
602,3|5|22,annoyance|caring|realization,1|4|7|10|11|25|26,amusement|approval|curiosity|disapproval|disgust|sadness|surprise
603,27,neutral,1|2|6|10|11|18|27,amusement|anger|confusion|disapproval|disgust|love|neutral
604,20,optimism,7|9|10|11|13|27,curiosity|disappointment|disapproval|disgust|excitement|neutral
605,4|10|27,approval|disapproval|neutral,1|4|6|7|9|17,amusement|approval|confusion|curiosity|disappointment|joy
606,25,sadness,1|2|5|6|7|25|27,amusement|anger|caring|confusion|curiosity|sadness|neutral
607,2|18,anger|love,0|1|2|4|12|13|17|25|27,admiration|amusement|anger|approval|embarrassment|excitement|joy|sadness|neutral
608,4,approval,7|20|22,curiosity|optimism|realization
609,7|27,curiosity|neutral,5|9|14|15|17|18|20,caring|disappointment|fear|gratitude|joy|love|optimism
610,4|27,approval|neutral,1|10|15|18|20|25|27,amusement|disapproval|gratitude|love|optimism|sadness|neutral
611,0|17,admiration|joy,0|1|5|6|7|8|11|17|27,admiration|amusement|caring|confusion|curiosity|desire|disgust|joy|neutral
612,27,neutral,0|9|10|15|17|18|26,admiration|disappointment|disapproval|gratitude|joy|love|surprise
613,6,confusion,0|3|4|6|7|8|13|14|18|20|26,admiration|annoyance|approval|confusion|curiosity|desire|excitement|fear|love|optimism|surprise
614,0,admiration,1|3|7|8|12|18|25|26|27,amusement|annoyance|curiosity|desire|embarrassment|love|sadness|surprise|neutral
615,3,annoyance,1|3|9|10|14|15|24|26,amusement|annoyance|disappointment|disapproval|fear|gratitude|remorse|surprise
616,0,admiration,0|9|13|15|17|18|24|25,admiration|disappointment|excitement|gratitude|joy|love|remorse|sadness
617,14,fear,7|8|11|27,curiosity|desire|disgust|neutral
618,2|25,anger|sadness,4|5|7|9|12|18|20|27,approval|caring|curiosity|disappointment|embarrassment|love|optimism|neutral
619,1,amusement,0|4|7,admiration|approval|curiosity
620,7,curiosity,1|4|6|7|9|20,amusement|approval|confusion|curiosity|disappointment|optimism
621,9|10,disappointment|disapproval,2|11|15|17|27,anger|disgust|gratitude|joy|neutral
622,18,love,2|7|17|18|20|22|27,anger|curiosity|joy|love|optimism|realization|neutral
623,1|10,amusement|disapproval,0|4|7|10|18|26,admiration|approval|curiosity|disapproval|love|surprise
624,6,confusion,1|5|6|13|14|15|17|20|22|27,amusement|caring|confusion|excitement|fear|gratitude|joy|optimism|realization|neutral
625,18,love,2|4|7|9|18|20,anger|approval|curiosity|disappointment|love|optimism
626,3,annoyance,1|2|7|9|10|22|26|27,amusement|anger|curiosity|disappointment|disapproval|realization|surprise|neutral
627,0|15,admiration|gratitude,2|5|9|10|11|18|25,anger|caring|disappointment|disapproval|disgust|love|sadness
628,18,love,0|7|15|25,admiration|curiosity|gratitude|sadness
629,19,nervousness,0|2|3|9|22|25|27,admiration|anger|annoyance|disappointment|realization|sadness|neutral
630,7|27,curiosity|neutral,0|3|15|22|27,admiration|annoyance|gratitude|realization|neutral
631,0|7,admiration|curiosity,6|9|20|26,confusion|disappointment|optimism|surprise
632,10,disapproval,1|18|22|25,amusement|love|realization|sadness
633,7,curiosity,1|3|7|10|22|25,amusement|annoyance|curiosity|disapproval|realization|sadness
634,20|27,optimism|neutral,2|4|10|11|13|17|27,anger|approval|disapproval|disgust|excitement|joy|neutral
635,17,joy,1|2|3|7,amusement|anger|annoyance|curiosity
636,25,sadness,6|7|10|11|15|18|20|25|26|27,confusion|curiosity|disapproval|disgust|gratitude|love|optimism|sadness|surprise|neutral
637,10|20,disapproval|optimism,0|2|3|4|5|15|22|24,admiration|anger|annoyance|approval|caring|gratitude|realization|remorse
638,8,desire,3|15|18|22,annoyance|gratitude|love|realization
639,27,neutral,0|2|3|8|15|25|26,admiration|anger|annoyance|desire|gratitude|sadness|surprise
640,5,caring,2|4|6|18|25|26,anger|approval|confusion|love|sadness|surprise
641,27,neutral,2|3|5|9|22,anger|annoyance|caring|disappointment|realization
642,5,caring,0|1|4|5|10|17|25,admiration|amusement|approval|caring|disapproval|joy|sadness
643,1,amusement,0|1|3|8|13|15|25|26,admiration|amusement|annoyance|desire|excitement|gratitude|sadness|surprise
644,18,love,1|27,amusement|neutral
645,13|17,excitement|joy,4|7|10|15|17|18,approval|curiosity|disapproval|gratitude|joy|love
646,0|20|24,admiration|optimism|remorse,0|2|3|9|18|27,admiration|anger|annoyance|disappointment|love|neutral
647,15|20,gratitude|optimism,2|3|4|5|8|9|10|11|15|20|22,anger|annoyance|approval|caring|desire|disappointment|disapproval|disgust|gratitude|optimism|realization
648,0|15,admiration|gratitude,0|3|10|15|18|19|24,admiration|annoyance|disapproval|gratitude|love|nervousness|remorse
649,10,disapproval,2|3|6|7|9|12|15,anger|annoyance|confusion|curiosity|disappointment|embarrassment|gratitude
650,11,disgust,2|4|7|27,anger|approval|curiosity|neutral
651,2,anger,4|9|11|18|20,approval|disappointment|disgust|love|optimism
652,27,neutral,6|17|25|27,confusion|joy|sadness|neutral
653,1,amusement,1|6|10|13|21,amusement|confusion|disapproval|excitement|pride
654,0,admiration,0|1|2|4|5|10|15|18|20|22,admiration|amusement|anger|approval|caring|disapproval|gratitude|love|optimism|realization
655,27,neutral,5|7|11|13|26|27,caring|curiosity|disgust|excitement|surprise|neutral
656,5,caring,0|2|4|9|10|25|27,admiration|anger|approval|disappointment|disapproval|sadness|neutral
657,2,anger,10|11|17|27,disapproval|disgust|joy|neutral
658,11,disgust,2|7|25,anger|curiosity|sadness
659,6,confusion,0|2|4|5|6|7|10|13,admiration|anger|approval|caring|confusion|curiosity|disapproval|excitement
660,26,surprise,0|2|4|6|7|13|25|26|27,admiration|anger|approval|confusion|curiosity|excitement|sadness|surprise|neutral
661,22,realization,2|3|9|10|18|27,anger|annoyance|disappointment|disapproval|love|neutral
662,27,neutral,4|6|7|17|20|22|23|27,approval|confusion|curiosity|joy|optimism|realization|relief|neutral
663,1,amusement,2|10|17|24|27,anger|disapproval|joy|remorse|neutral
664,27,neutral,0|2|17|18|25|26,admiration|anger|joy|love|sadness|surprise
665,22,realization,9|10|13|17|18|22|27,disappointment|disapproval|excitement|joy|love|realization|neutral
666,6,confusion,2|6|7|8|9|13|21|24|25|26|27,anger|confusion|curiosity|desire|disappointment|excitement|pride|remorse|sadness|surprise|neutral
667,10,disapproval,7|24|26|27,curiosity|remorse|surprise|neutral
668,4,approval,0|2|5|13|17|25,admiration|anger|caring|excitement|joy|sadness
669,27,neutral,0|3|7|8|11|13|14|15|20,admiration|annoyance|curiosity|desire|disgust|excitement|fear|gratitude|optimism
670,27,neutral,0|2|3|7|8|14|18|22,admiration|anger|annoyance|curiosity|desire|fear|love|realization
671,3,annoyance,4|13|14|15|20|22|27,approval|excitement|fear|gratitude|optimism|realization|neutral
672,15,gratitude,7|9|14|18|22|27,curiosity|disappointment|fear|love|realization|neutral
673,27,neutral,0|1|3|6|8|9|17|22|27,admiration|amusement|annoyance|confusion|desire|disappointment|joy|realization|neutral
674,0,admiration,0|1|4|5|7|15|18|20|25,admiration|amusement|approval|caring|curiosity|gratitude|love|optimism|sadness
675,27,neutral,1|7|15|17|27,amusement|curiosity|gratitude|joy|neutral
676,1,amusement,1|3|6|7|15|18|27,amusement|annoyance|confusion|curiosity|gratitude|love|neutral
677,6,confusion,0|8|15|20|26,admiration|desire|gratitude|optimism|surprise
678,20,optimism,2|3|7|9|10|15|20,anger|annoyance|curiosity|disappointment|disapproval|gratitude|optimism
679,3,annoyance,0|5|9|13|15|17|18|22|24|25|27,admiration|caring|disappointment|excitement|gratitude|joy|love|realization|remorse|sadness|neutral
680,1,amusement,7|10|14|18|25,curiosity|disapproval|fear|love|sadness
681,5,caring,2|6|7|20,anger|confusion|curiosity|optimism
682,14,fear,0|1|9|17|25|27,admiration|amusement|disappointment|joy|sadness|neutral
683,6|26,confusion|surprise,0|5|14|15|20|26|27,admiration|caring|fear|gratitude|optimism|surprise|neutral
684,17,joy,0|3|10|17|27,admiration|annoyance|disapproval|joy|neutral
685,24,remorse,3|10|15|17|20|22|25|27,annoyance|disapproval|gratitude|joy|optimism|realization|sadness|neutral
686,2,anger,1|3|4|6|7|10|15|20|25,amusement|annoyance|approval|confusion|curiosity|disapproval|gratitude|optimism|sadness
687,27,neutral,0|1|4|6|22|25|27,admiration|amusement|approval|confusion|realization|sadness|neutral
688,27,neutral,0|7|15|24|26|27,admiration|curiosity|gratitude|remorse|surprise|neutral
689,0|22,admiration|realization,0|3|5|8|10|12|17|24,admiration|annoyance|caring|desire|disapproval|embarrassment|joy|remorse
690,0|4,admiration|approval,2|3|4|5|8|9|10|11|15|17|18|22|24,anger|annoyance|approval|caring|desire|disappointment|disapproval|disgust|gratitude|joy|love|realization|remorse
691,8,desire,3|4|7|9|10|15|25,annoyance|approval|curiosity|disappointment|disapproval|gratitude|sadness
692,4|5,approval|caring,1|2|3|4|7|9|10|22|26,amusement|anger|annoyance|approval|curiosity|disappointment|disapproval|realization|surprise
693,4,approval,3|4|10|13|18|27,annoyance|approval|disapproval|excitement|love|neutral
694,7|11|25,curiosity|disgust|sadness,0|1|15|18|22|25,admiration|amusement|gratitude|love|realization|sadness
695,20,optimism,0|5|14|15|17|20|25,admiration|caring|fear|gratitude|joy|optimism|sadness
696,27,neutral,2|9|10|11|13|17|27,anger|disappointment|disapproval|disgust|excitement|joy|neutral
697,6|7,confusion|curiosity,0|2|3|6|7|8|9|13|15,admiration|anger|annoyance|confusion|curiosity|desire|disappointment|excitement|gratitude
698,27,neutral,4|5|18|22,approval|caring|love|realization
699,22,realization,4|8|9|15,approval|desire|disappointment|gratitude
700,7,curiosity,0|4|6|8|14|17|18|20|22|25,admiration|approval|confusion|desire|fear|joy|love|optimism|realization|sadness
701,0|13,admiration|excitement,4|9|10|15|25|26,approval|disappointment|disapproval|gratitude|sadness|surprise
702,27,neutral,2|4|6|7|15|20|26|27,anger|approval|confusion|curiosity|gratitude|optimism|surprise|neutral
703,0,admiration,0|3|6|9|15|17|25,admiration|annoyance|confusion|disappointment|gratitude|joy|sadness
704,11|18,disgust|love,6|13|20|24|25,confusion|excitement|optimism|remorse|sadness
705,7,curiosity,7|10|26|27,curiosity|disapproval|surprise|neutral
706,20,optimism,2|20|27,anger|optimism|neutral
707,1,amusement,3|6|10|15|18|20|26,annoyance|confusion|disapproval|gratitude|love|optimism|surprise
708,27,neutral,2|3|5|9|18|27,anger|annoyance|caring|disappointment|love|neutral
709,18,love,4|5|6|7|9|15|20|27,approval|caring|confusion|curiosity|disappointment|gratitude|optimism|neutral
710,2,anger,1|2|7|15|25,amusement|anger|curiosity|gratitude|sadness
711,3,annoyance,0|1|10|13|14|26|27,admiration|amusement|disapproval|excitement|fear|surprise|neutral
712,10,disapproval,0|1|2|6|7|9|10|11|18|25|26|27,admiration|amusement|anger|confusion|curiosity|disappointment|disapproval|disgust|love|sadness|surprise|neutral
713,20,optimism,0|4,admiration|approval
714,27,neutral,3|6|7|9|13|15|17|27,annoyance|confusion|curiosity|disappointment|excitement|gratitude|joy|neutral
715,8|18,desire|love,0|6|9|10|11|17,admiration|confusion|disappointment|disapproval|disgust|joy
716,15,gratitude,2|3|6|9|10|15|18|20|22|24|25,anger|annoyance|confusion|disappointment|disapproval|gratitude|love|optimism|realization|remorse|sadness
717,15,gratitude,1|10|11|17|18|19|24|27,amusement|disapproval|disgust|joy|love|nervousness|remorse|neutral
718,27,neutral,0|5|17|20,admiration|caring|joy|optimism
719,9|25,disappointment|sadness,5|20,caring|optimism
720,1,amusement,1|6|7|9|15|26,amusement|confusion|curiosity|disappointment|gratitude|surprise
721,27,neutral,4|6|15|18,approval|confusion|gratitude|love
722,27,neutral,4|10|15|27,approval|disapproval|gratitude|neutral
723,4,approval,1|27,amusement|neutral
724,27,neutral,0|3|4|8|10|15|22|25,admiration|annoyance|approval|desire|disapproval|gratitude|realization|sadness
725,4,approval,7|10|13|14|20|25|27,curiosity|disapproval|excitement|fear|optimism|sadness|neutral
726,27,neutral,2|4|15|17|27,anger|approval|gratitude|joy|neutral
727,15,gratitude,0|2|5|7|14|15|25|26,admiration|anger|caring|curiosity|fear|gratitude|sadness|surprise
728,1,amusement,0|2|3|4|7|8|11|22|27,admiration|anger|annoyance|approval|curiosity|desire|disgust|realization|neutral
729,5,caring,0|2|3|13|25|27,admiration|anger|annoyance|excitement|sadness|neutral
730,17,joy,0|2|3|13|17|26,admiration|anger|annoyance|excitement|joy|surprise
731,6,confusion,2|4|7|9|10|24|25|27,anger|approval|curiosity|disappointment|disapproval|remorse|sadness|neutral
732,7,curiosity,0|2|15|18|22,admiration|anger|gratitude|love|realization
733,27,neutral,2|5|9|13,anger|caring|disappointment|excitement
734,15,gratitude,1|10|15|25|27,amusement|disapproval|gratitude|sadness|neutral
735,17,joy,0|1|3|20|25|26,admiration|amusement|annoyance|optimism|sadness|surprise
736,27,neutral,0|3|7|13|22|24|25,admiration|annoyance|curiosity|excitement|realization|remorse|sadness
737,11,disgust,1|6|11|15|20|27,amusement|confusion|disgust|gratitude|optimism|neutral
738,27,neutral,2|6|11|12|13|14|17|18|25|27,anger|confusion|disgust|embarrassment|excitement|fear|joy|love|sadness|neutral
739,0|4,admiration|approval,4|7|8|20|25|27,approval|curiosity|desire|optimism|sadness|neutral
740,27,neutral,4|6|8|13|14|20|27,approval|confusion|desire|excitement|fear|optimism|neutral
741,10,disapproval,1|7|10|15|17|18|22,amusement|curiosity|disapproval|gratitude|joy|love|realization
742,27,neutral,1|3|10|15|17|18|25,amusement|annoyance|disapproval|gratitude|joy|love|sadness
743,6,confusion,0|1|2|3|6|11|15|17|22,admiration|amusement|anger|annoyance|confusion|disgust|gratitude|joy|realization
744,27,neutral,4|9|17|20|25|26|27,approval|disappointment|joy|optimism|sadness|surprise|neutral
745,18,love,1|5|8|17|18|24|25|27,amusement|caring|desire|joy|love|remorse|sadness|neutral
746,0,admiration,2|4|9|15|18|20|26,anger|approval|disappointment|gratitude|love|optimism|surprise
747,27,neutral,1|8|11|17|18,amusement|desire|disgust|joy|love
748,27,neutral,1|2|5|10|11|17|27,amusement|anger|caring|disapproval|disgust|joy|neutral
749,27,neutral,6|10|11|15|25,confusion|disapproval|disgust|gratitude|sadness
750,1,amusement,3|9|11|17|26|27,annoyance|disappointment|disgust|joy|surprise|neutral
751,27,neutral,4|7|25|27,approval|curiosity|sadness|neutral
752,5,caring,0|3|7|9|15|20,admiration|annoyance|curiosity|disappointment|gratitude|optimism
753,14,fear,1|10|11|15|25,amusement|disapproval|disgust|gratitude|sadness
754,27,neutral,2|3|7|17|18|20,anger|annoyance|curiosity|joy|love|optimism
755,4|8,approval|desire,0|2|4|7|9|17|18,admiration|anger|approval|curiosity|disappointment|joy|love
756,27,neutral,1|5|7|9|13|15|19|22|25|27,amusement|caring|curiosity|disappointment|excitement|gratitude|nervousness|realization|sadness|neutral
757,27,neutral,3|4|8|15|17|25,annoyance|approval|desire|gratitude|joy|sadness
758,27,neutral,3|4|6|12|25|26,annoyance|approval|confusion|embarrassment|sadness|surprise
759,17,joy,3|11|27,annoyance|disgust|neutral
760,27,neutral,0|1|3|4|5|6|10|19|24|26,admiration|amusement|annoyance|approval|caring|confusion|disapproval|nervousness|remorse|surprise
761,25,sadness,3|4|10|20|22|27,annoyance|approval|disapproval|optimism|realization|neutral
762,3|27,annoyance|neutral,2|4|11|17|18|20|27,anger|approval|disgust|joy|love|optimism|neutral
763,27,neutral,5|7|13|17|18|24|25|27,caring|curiosity|excitement|joy|love|remorse|sadness|neutral
764,9,disappointment,2|9|13|17|18|24|27,anger|disappointment|excitement|joy|love|remorse|neutral
765,27,neutral,9|10|27,disappointment|disapproval|neutral
766,19|20,nervousness|optimism,7|9|17|20|22|27,curiosity|disappointment|joy|optimism|realization|neutral
767,27,neutral,0|6|16|17|27,admiration|confusion|grief|joy|neutral
768,22,realization,0|4|8|26|27,admiration|approval|desire|surprise|neutral
769,27,neutral,0|1|25|27,admiration|amusement|sadness|neutral
770,0,admiration,5|6|9|10|12|17|22|24|27,caring|confusion|disappointment|disapproval|embarrassment|joy|realization|remorse|neutral
771,10|27,disapproval|neutral,2|3|7|15|22|24|25,anger|annoyance|curiosity|gratitude|realization|remorse|sadness
772,27,neutral,3|6|7|8|9|14|25|27,annoyance|confusion|curiosity|desire|disappointment|fear|sadness|neutral
773,27,neutral,4|5|6|7|8|9|27,approval|caring|confusion|curiosity|desire|disappointment|neutral
774,0,admiration,1|6|10|15|27,amusement|confusion|disapproval|gratitude|neutral
775,10,disapproval,0|4|6|18|20|27,admiration|approval|confusion|love|optimism|neutral
776,27,neutral,3|18|26|27,annoyance|love|surprise|neutral
777,0,admiration,0|3|6|9|10|11|17|26,admiration|annoyance|confusion|disappointment|disapproval|disgust|joy|surprise
778,0,admiration,0|2|3|4|9|15|25,admiration|anger|annoyance|approval|disappointment|gratitude|sadness
779,11,disgust,1|2|3|15,amusement|anger|annoyance|gratitude
780,4,approval,1|2|4|10|17|18|24,amusement|anger|approval|disapproval|joy|love|remorse
781,22,realization,4|7|8|10|15|27,approval|curiosity|desire|disapproval|gratitude|neutral
782,2,anger,2|3|4|7|13|14|18|20|25,anger|annoyance|approval|curiosity|excitement|fear|love|optimism|sadness
783,18|20,love|optimism,5|7|15|18|27,caring|curiosity|gratitude|love|neutral
784,0,admiration,1|2|3|13|22,amusement|anger|annoyance|excitement|realization
785,4,approval,11|17|18|22|27,disgust|joy|love|realization|neutral
786,7,curiosity,2|4|5|6|8|27,anger|approval|caring|confusion|desire|neutral
787,27,neutral,0|13|22|25|26|27,admiration|excitement|realization|sadness|surprise|neutral
788,15,gratitude,0|1|3|5|6|9|15|17|27,admiration|amusement|annoyance|caring|confusion|disappointment|gratitude|joy|neutral
789,27,neutral,0|15|22,admiration|gratitude|realization
790,4|24,approval|remorse,1|2|4|13|27,amusement|anger|approval|excitement|neutral
791,0|18,admiration|love,1|3|7|8|10,amusement|annoyance|curiosity|desire|disapproval
792,11,disgust,2|4|7|11|18|22|26|27,anger|approval|curiosity|disgust|love|realization|surprise|neutral
793,27,neutral,1|3|20|22|27,amusement|annoyance|optimism|realization|neutral
794,27,neutral,3|8|9|13|17|24|25,annoyance|desire|disappointment|excitement|joy|remorse|sadness
795,27,neutral,3|5|10|25|27,annoyance|caring|disapproval|sadness|neutral
796,18,love,4|7|25|27,approval|curiosity|sadness|neutral
797,1,amusement,3|4|7|8|13|22|27,annoyance|approval|curiosity|desire|excitement|realization|neutral
798,17,joy,7|9|11|23|25|27,curiosity|disappointment|disgust|relief|sadness|neutral
799,1,amusement,3|5|9|10|11|18|19|25|27,annoyance|caring|disappointment|disapproval|disgust|love|nervousness|sadness|neutral
800,2,anger,0|1|5|6|20|22,admiration|amusement|caring|confusion|optimism|realization
801,27,neutral,0|1|2|3|5|10,admiration|amusement|anger|annoyance|caring|disapproval
802,17,joy,2|3|7,anger|annoyance|curiosity
803,27,neutral,3|10|15|17|18|25|27,annoyance|disapproval|gratitude|joy|love|sadness|neutral
804,17,joy,0|1|6|7|26,admiration|amusement|confusion|curiosity|surprise
805,2,anger,1|4|9|18|20|25,amusement|approval|disappointment|love|optimism|sadness
806,14,fear,3|7|10|11|15,annoyance|curiosity|disapproval|disgust|gratitude
807,26,surprise,0|1|10|13|15|17|18|26|27,admiration|amusement|disapproval|excitement|gratitude|joy|love|surprise|neutral
808,15,gratitude,0|2|7|17,admiration|anger|curiosity|joy
809,15|20,gratitude|optimism,3|5|6|7|9|15|17|20|26,annoyance|caring|confusion|curiosity|disappointment|gratitude|joy|optimism|surprise
810,3,annoyance,4|27,approval|neutral
811,13,excitement,2|6|9|13|18|22|25|27,anger|confusion|disappointment|excitement|love|realization|sadness|neutral
812,3,annoyance,0|3|4|18|24,admiration|annoyance|approval|love|remorse
813,27,neutral,2|3|10|18|22,anger|annoyance|disapproval|love|realization
814,8,desire,5|6|7|9|10|22|27,caring|confusion|curiosity|disappointment|disapproval|realization|neutral
815,3|6,annoyance|confusion,1|5|7|10|17|20,amusement|caring|curiosity|disapproval|joy|optimism
816,0,admiration,1|2|4|5|6|10|26,amusement|anger|approval|caring|confusion|disapproval|surprise
817,4,approval,6|7|18|20|25,confusion|curiosity|love|optimism|sadness
818,3|9|16,annoyance|disappointment|grief,0|3|5|8|9|18|20|27,admiration|annoyance|caring|desire|disappointment|love|optimism|neutral
819,20,optimism,2|4|5|6|10|17|26,anger|approval|caring|confusion|disapproval|joy|surprise
820,20,optimism,0|7|10|11|13|15|25|27,admiration|curiosity|disapproval|disgust|excitement|gratitude|sadness|neutral
821,27,neutral,1|8|9|10|11|15|25|26|27,amusement|desire|disappointment|disapproval|disgust|gratitude|sadness|surprise|neutral
822,5|24|25,caring|remorse|sadness,10|17|18|22|25|26|27,disapproval|joy|love|realization|sadness|surprise|neutral
823,0|8,admiration|desire,3|4|6|9|13|22|26,annoyance|approval|confusion|disappointment|excitement|realization|surprise
824,27,neutral,0|1|3|13|15|17|22|27,admiration|amusement|annoyance|excitement|gratitude|joy|realization|neutral
825,26,surprise,4|9|10|13|17|18|26,approval|disappointment|disapproval|excitement|joy|love|surprise
826,4,approval,0|1|5|6|15|18|20,admiration|amusement|caring|confusion|gratitude|love|optimism
827,27,neutral,0|1|6|22|27,admiration|amusement|confusion|realization|neutral
828,3,annoyance,1|5|8|10|13|17|18|20|27,amusement|caring|desire|disapproval|excitement|joy|love|optimism|neutral
829,27,neutral,0|3|5|11|20,admiration|annoyance|caring|disgust|optimism
830,17,joy,0|2|3|4|10|25|26|27,admiration|anger|annoyance|approval|disapproval|sadness|surprise|neutral
831,25,sadness,3|6|9|13|17|20|22|25|26,annoyance|confusion|disappointment|excitement|joy|optimism|realization|sadness|surprise
832,4|7,approval|curiosity,0|4|5|8|10|15|17|24,admiration|approval|caring|desire|disapproval|gratitude|joy|remorse
833,5|20,caring|optimism,2|4|17|27,anger|approval|joy|neutral
834,4,approval,0|9|14|15|17|18|20|22|24,admiration|disappointment|fear|gratitude|joy|love|optimism|realization|remorse
835,20,optimism,1|17|20|22|25|27,amusement|joy|optimism|realization|sadness|neutral
836,18,love,0|3|4|6|13|18|25,admiration|annoyance|approval|confusion|excitement|love|sadness
837,17,joy,1|6|9|10|27,amusement|confusion|disappointment|disapproval|neutral
838,27,neutral,4|9|11|13|27,approval|disappointment|disgust|excitement|neutral
839,27,neutral,0|10|18|27,admiration|disapproval|love|neutral
840,27,neutral,5|6|13|15|18|20|22|26|27,caring|confusion|excitement|gratitude|love|optimism|realization|surprise|neutral
841,27,neutral,4|5|7|10|22|27,approval|caring|curiosity|disapproval|realization|neutral
842,1|6,amusement|confusion,4|5|7|20,approval|caring|curiosity|optimism
843,25,sadness,3|8|13,annoyance|desire|excitement
844,11,disgust,1|14|25|27,amusement|fear|sadness|neutral
845,0,admiration,4|9|10|18|22|26,approval|disappointment|disapproval|love|realization|surprise
846,27,neutral,6|8|15|18|20|22|27,confusion|desire|gratitude|love|optimism|realization|neutral
847,27,neutral,1|3|5|13|18|20|27,amusement|annoyance|caring|excitement|love|optimism|neutral
848,14|26,fear|surprise,4|7|15|17|22|25|27,approval|curiosity|gratitude|joy|realization|sadness|neutral
849,17,joy,1|3|4|18|20|22|25,amusement|annoyance|approval|love|optimism|realization|sadness
850,10,disapproval,0|5|9|10|13|17|18|20|22,admiration|caring|disappointment|disapproval|excitement|joy|love|optimism|realization
851,27,neutral,0|1|3|8|9|10|18|26,admiration|amusement|annoyance|desire|disappointment|disapproval|love|surprise
852,27,neutral,3|5|13|15|17,annoyance|caring|excitement|gratitude|joy
853,10,disapproval,0|25|27,admiration|sadness|neutral
854,20|22,optimism|realization,0|2|9|10|15|20,admiration|anger|disappointment|disapproval|gratitude|optimism
855,3,annoyance,1|11|18|25,amusement|disgust|love|sadness
856,3,annoyance,0|1|4|5|6|7|13|18|20,admiration|amusement|approval|caring|confusion|curiosity|excitement|love|optimism
857,6,confusion,2|3|4|8|10|20|26,anger|annoyance|approval|desire|disapproval|optimism|surprise
858,27,neutral,0|2|3|24|26,admiration|anger|annoyance|remorse|surprise
859,22|26,realization|surprise,0|4|5|6|8|14|17|20|24|25,admiration|approval|caring|confusion|desire|fear|joy|optimism|remorse|sadness
860,3|7,annoyance|curiosity,1|2|3|15|20|22,amusement|anger|annoyance|gratitude|optimism|realization
861,10|25,disapproval|sadness,2|3|13|14|15|20|22,anger|annoyance|excitement|fear|gratitude|optimism|realization
862,27,neutral,0|2|22|27,admiration|anger|realization|neutral
863,4,approval,4|6|9|10|12|14|22|25|27,approval|confusion|disappointment|disapproval|embarrassment|fear|realization|sadness|neutral
864,27,neutral,1|2|5|13|15|18|24|26,amusement|anger|caring|excitement|gratitude|love|remorse|surprise
865,0|18,admiration|love,7|8|13|15|17|18|24|27,curiosity|desire|excitement|gratitude|joy|love|remorse|neutral
866,14,fear,0|1|7|10|15,admiration|amusement|curiosity|disapproval|gratitude
867,18,love,4|6|9|22|25|27,approval|confusion|disappointment|realization|sadness|neutral
868,15,gratitude,0|1|2|3|5|6|7|10|25,admiration|amusement|anger|annoyance|caring|confusion|curiosity|disapproval|sadness
869,27,neutral,3|4|9|20|25,annoyance|approval|disappointment|optimism|sadness
870,1|3,amusement|annoyance,5|6|7|15|17|27,caring|confusion|curiosity|gratitude|joy|neutral
871,27,neutral,5|10|18|20|25|27,caring|disapproval|love|optimism|sadness|neutral
872,0,admiration,3|4|9|10|17|18|26,annoyance|approval|disappointment|disapproval|joy|love|surprise
873,13,excitement,1|4|5|11|13|18|25,amusement|approval|caring|disgust|excitement|love|sadness
874,27,neutral,3|4|5|10|27,annoyance|approval|caring|disapproval|neutral
875,27,neutral,2|4|9|15|17|25,anger|approval|disappointment|gratitude|joy|sadness
876,7,curiosity,3|4|5|6|8|9|10|13|18|27,annoyance|approval|caring|confusion|desire|disappointment|disapproval|excitement|love|neutral
877,4,approval,2|3|18|27,anger|annoyance|love|neutral
878,1|15,amusement|gratitude,0|4|5|20|22|27,admiration|approval|caring|optimism|realization|neutral
879,15|26,gratitude|surprise,1|2|6|13|20|27,amusement|anger|confusion|excitement|optimism|neutral
880,0,admiration,0|2|6|11|12|15|18,admiration|anger|confusion|disgust|embarrassment|gratitude|love
881,14,fear,1|4|10|15|26|27,amusement|approval|disapproval|gratitude|surprise|neutral
882,7|26,curiosity|surprise,3|10|17|18|20|22|24|25,annoyance|disapproval|joy|love|optimism|realization|remorse|sadness
883,1,amusement,3|22|25|26,annoyance|realization|sadness|surprise
884,17,joy,5|6|7|8|10|14|15|20|22|26,caring|confusion|curiosity|desire|disapproval|fear|gratitude|optimism|realization|surprise
885,27,neutral,3|8|27,annoyance|desire|neutral
886,0|4,admiration|approval,14|15|18|25|27,fear|gratitude|love|sadness|neutral
887,1,amusement,4|11|13|15|25|26|27,approval|disgust|excitement|gratitude|sadness|surprise|neutral
888,7,curiosity,0|6|7|9|15|26,admiration|confusion|curiosity|disappointment|gratitude|surprise
889,15|18,gratitude|love,1|4|6|10|14|18|25|26|27,amusement|approval|confusion|disapproval|fear|love|sadness|surprise|neutral
890,22,realization,0|4|5|6|10|17|18|20,admiration|approval|caring|confusion|disapproval|joy|love|optimism
891,9,disappointment,1|2|3|17|18|20|24|25,amusement|anger|annoyance|joy|love|optimism|remorse|sadness
892,1,amusement,1|2|10|11|27,amusement|anger|disapproval|disgust|neutral
893,27,neutral,0|4|5|10|17|19|25,admiration|approval|caring|disapproval|joy|nervousness|sadness
894,25,sadness,0|1|17|18|27,admiration|amusement|joy|love|neutral
895,27,neutral,1|2|3|7|17|22|25,amusement|anger|annoyance|curiosity|joy|realization|sadness
896,27,neutral,1|7|9|10|18|25|26,amusement|curiosity|disappointment|disapproval|love|sadness|surprise
897,1,amusement,2|3|4|11|27,anger|annoyance|approval|disgust|neutral
898,4,approval,5|9|10|17|18|20|22|25|27,caring|disappointment|disapproval|joy|love|optimism|realization|sadness|neutral
899,27,neutral,1|5|6|7|11|14|15|16|17|24|27,amusement|caring|confusion|curiosity|disgust|fear|gratitude|grief|joy|remorse|neutral
900,11,disgust,0|2|3|7|10|17|25,admiration|anger|annoyance|curiosity|disapproval|joy|sadness
901,18,love,1|3|4|5|7|9|22|25,amusement|annoyance|approval|caring|curiosity|disappointment|realization|sadness
902,1,amusement,10|18,disapproval|love
903,18,love,18|20|27,love|optimism|neutral
904,22,realization,0|7|11|22|25|26,admiration|curiosity|disgust|realization|sadness|surprise
905,18,love,0|4|5|7|9|22|27,admiration|approval|caring|curiosity|disappointment|realization|neutral
906,9,disappointment,3|5|7|10,annoyance|caring|curiosity|disapproval
907,6,confusion,1|4|6|10|15|27,amusement|approval|confusion|disapproval|gratitude|neutral
908,26,surprise,0|2|3|4|6|13|18|22|27,admiration|anger|annoyance|approval|confusion|excitement|love|realization|neutral
909,15,gratitude,0|6|7|9|15|17|20|27,admiration|confusion|curiosity|disappointment|gratitude|joy|optimism|neutral
910,25,sadness,4|6|10|17|18,approval|confusion|disapproval|joy|love
911,4,approval,6|15|25,confusion|gratitude|sadness
912,17|27,joy|neutral,6|7|9|10|15|17,confusion|curiosity|disappointment|disapproval|gratitude|joy
913,2,anger,2|4|5|6|20|22|27,anger|approval|caring|confusion|optimism|realization|neutral
914,1,amusement,3|4|10|12|17|20,annoyance|approval|disapproval|embarrassment|joy|optimism
915,1,amusement,0|1|3|9|13|17|18|24,admiration|amusement|annoyance|disappointment|excitement|joy|love|remorse
916,1,amusement,9|13|18|27,disappointment|excitement|love|neutral
917,0,admiration,2|7|8|10|13|20|22|25,anger|curiosity|desire|disapproval|excitement|optimism|realization|sadness
918,27,neutral,0|1|2|4|6|7|9|14|26,admiration|amusement|anger|approval|confusion|curiosity|disappointment|fear|surprise
919,4|27,approval|neutral,2|3|8|9|10|11|20,anger|annoyance|desire|disappointment|disapproval|disgust|optimism
920,27,neutral,3|4|6|10|24|26,annoyance|approval|confusion|disapproval|remorse|surprise
921,15,gratitude,2|4|5|11|18|20|25,anger|approval|caring|disgust|love|optimism|sadness
922,10,disapproval,1|3|4|6|15|22,amusement|annoyance|approval|confusion|gratitude|realization
923,7,curiosity,0|3|4|6|9,admiration|annoyance|approval|confusion|disappointment
924,25,sadness,0|1|5|7|9|25|27,admiration|amusement|caring|curiosity|disappointment|sadness|neutral
925,3,annoyance,4|9|10|13|15|17|22|25|26,approval|disappointment|disapproval|excitement|gratitude|joy|realization|sadness|surprise
926,10,disapproval,3|5|6|7|10|15|22|24|27,annoyance|caring|confusion|curiosity|disapproval|gratitude|realization|remorse|neutral
927,2|3,anger|annoyance,10|11|18|27,disapproval|disgust|love|neutral
928,7|13,curiosity|excitement,0|1|5|7|13|17|20|22|25,admiration|amusement|caring|curiosity|excitement|joy|optimism|realization|sadness
929,27,neutral,5|7|15|20,caring|curiosity|gratitude|optimism
930,9,disappointment,2|3|14|17|20,anger|annoyance|fear|joy|optimism
931,1,amusement,0|2|4|5|6|9|17|20|25|26|27,admiration|anger|approval|caring|confusion|disappointment|joy|optimism|sadness|surprise|neutral
932,0|5,admiration|caring,1|2|3|4|5|6|7|17|27,amusement|anger|annoyance|approval|caring|confusion|curiosity|joy|neutral
933,9|25,disappointment|sadness,3|4|13|18|26|27,annoyance|approval|excitement|love|surprise|neutral
934,27,neutral,0|4|5|9|20|25,admiration|approval|caring|disappointment|optimism|sadness
935,27,neutral,1|2|6|9|27,amusement|anger|confusion|disappointment|neutral
936,27,neutral,0|6|20|27,admiration|confusion|optimism|neutral
937,2,anger,9|10|12|20|27,disappointment|disapproval|embarrassment|optimism|neutral
938,0,admiration,9|12|27,disappointment|embarrassment|neutral
939,3,annoyance,3|4|5|6|8|9|14|17|22,annoyance|approval|caring|confusion|desire|disappointment|fear|joy|realization
940,27,neutral,2|4|9|17|20|27,anger|approval|disappointment|joy|optimism|neutral
941,27,neutral,9|10|27,disappointment|disapproval|neutral
942,5,caring,0|2|3|5|6|13|15|27,admiration|anger|annoyance|caring|confusion|excitement|gratitude|neutral
943,27,neutral,0|3|5|17,admiration|annoyance|caring|joy
944,5,caring,0|1|8|20,admiration|amusement|desire|optimism
945,27,neutral,0|6|13|14|15|17|25,admiration|confusion|excitement|fear|gratitude|joy|sadness
946,2,anger,1|2|3|4|10|11|18|22|25,amusement|anger|annoyance|approval|disapproval|disgust|love|realization|sadness
947,4,approval,0|1|3|4|18,admiration|amusement|annoyance|approval|love
948,20,optimism,0|4|15|26|27,admiration|approval|gratitude|surprise|neutral
949,15,gratitude,0|4|15|17|18|20|27,admiration|approval|gratitude|joy|love|optimism|neutral
950,10,disapproval,4|5|6|11|15|18|20,approval|caring|confusion|disgust|gratitude|love|optimism
951,9,disappointment,0|2|3|18|25|26|27,admiration|anger|annoyance|love|sadness|surprise|neutral
952,7,curiosity,13|15|25|27,excitement|gratitude|sadness|neutral
953,1|13,amusement|excitement,4|9|10|15|18,approval|disappointment|disapproval|gratitude|love
954,4,approval,10|18|24|27,disapproval|love|remorse|neutral
955,10,disapproval,1|3|9|10|17|20,amusement|annoyance|disappointment|disapproval|joy|optimism
956,27,neutral,6|14|20|24|25|26|27,confusion|fear|optimism|remorse|sadness|surprise|neutral
957,27,neutral,0|1|5|7|10|13|15|21|26,admiration|amusement|caring|curiosity|disapproval|excitement|gratitude|pride|surprise
958,3|4,annoyance|approval,1|3|4|5|10|13|20|25,amusement|annoyance|approval|caring|disapproval|excitement|optimism|sadness
959,2,anger,7|9|10|17|27,curiosity|disappointment|disapproval|joy|neutral
960,27,neutral,1|6|7|8|11|13|20|25,amusement|confusion|curiosity|desire|disgust|excitement|optimism|sadness
961,3,annoyance,1|2|3|4|5|8|9|14|15|18|22,amusement|anger|annoyance|approval|caring|desire|disappointment|fear|gratitude|love|realization
962,27,neutral,14|15|18,fear|gratitude|love
963,4,approval,0|1|3|8|10|13|17|21|27,admiration|amusement|annoyance|desire|disapproval|excitement|joy|pride|neutral
964,17,joy,1|3|4|5|7|18|20|22|24,amusement|annoyance|approval|caring|curiosity|love|optimism|realization|remorse
965,10,disapproval,1|2|3|6|15|18|25,amusement|anger|annoyance|confusion|gratitude|love|sadness
966,27,neutral,0|7|10|18|26|27,admiration|curiosity|disapproval|love|surprise|neutral
967,18,love,2|6|7|9|11|17|18|22|24|25,anger|confusion|curiosity|disappointment|disgust|joy|love|realization|remorse|sadness
968,27,neutral,0|2|7|11,admiration|anger|curiosity|disgust
969,15|23,gratitude|relief,0|2|3|4|5|7|9|15|18|22,admiration|anger|annoyance|approval|caring|curiosity|disappointment|gratitude|love|realization
970,15,gratitude,0|4|6|9|13|22,admiration|approval|confusion|disappointment|excitement|realization
971,10,disapproval,1|7|22|27,amusement|curiosity|realization|neutral
972,27,neutral,9|18|24|25|26|27,disappointment|love|remorse|sadness|surprise|neutral
973,27,neutral,0|10|18|26,admiration|disapproval|love|surprise
974,4,approval,1|3|7|10|27,amusement|annoyance|curiosity|disapproval|neutral
975,3|27,annoyance|neutral,3|4|5|8|17|25|27,annoyance|approval|caring|desire|joy|sadness|neutral
976,24,remorse,0|3|4|5|11|22|26|27,admiration|annoyance|approval|caring|disgust|realization|surprise|neutral
977,27,neutral,4|5|9|18|27,approval|caring|disappointment|love|neutral
978,4|22,approval|realization,1|4|7|14|15|17|25,amusement|approval|curiosity|fear|gratitude|joy|sadness
979,0|17,admiration|joy,2|9|20|25|27,anger|disappointment|optimism|sadness|neutral
980,0|9|10,admiration|disappointment|disapproval,6|7|10|27,confusion|curiosity|disapproval|neutral
981,5,caring,5|7|9|10|27,caring|curiosity|disappointment|disapproval|neutral
982,25,sadness,7|9|17|20|26|27,curiosity|disappointment|joy|optimism|surprise|neutral
983,27,neutral,1|25|27,amusement|sadness|neutral
984,15,gratitude,0|1|6|15|17|22|26,admiration|amusement|confusion|gratitude|joy|realization|surprise
985,0|9|15,admiration|disappointment|gratitude,5|6|7|15|24|27,caring|confusion|curiosity|gratitude|remorse|neutral
986,9,disappointment,1|2|3|4|7|13|14|17|20,amusement|anger|annoyance|approval|curiosity|excitement|fear|joy|optimism
987,24,remorse,3|11|15|27,annoyance|disgust|gratitude|neutral
988,11,disgust,0|8|13|25|27,admiration|desire|excitement|sadness|neutral
989,27,neutral,1|6|15|25|26,amusement|confusion|gratitude|sadness|surprise
990,0,admiration,2|15|17|18|24,anger|gratitude|joy|love|remorse
991,27,neutral,0|3|7|9|15|18|20|22,admiration|annoyance|curiosity|disappointment|gratitude|love|optimism|realization
992,15,gratitude,0|1|2|3|6|7|15|18,admiration|amusement|anger|annoyance|confusion|curiosity|gratitude|love
993,27,neutral,1|6|7|8|18|20|22|26,amusement|confusion|curiosity|desire|love|optimism|realization|surprise
994,27,neutral,0|3|10|11|15|20|22|27,admiration|annoyance|disapproval|disgust|gratitude|optimism|realization|neutral
995,27,neutral,1|2|6|8|10|11|13|14,amusement|anger|confusion|desire|disapproval|disgust|excitement|fear
996,27,neutral,1|4|5|8|13|27,amusement|approval|caring|desire|excitement|neutral
997,27,neutral,0|3|9|10|11|15|26,admiration|annoyance|disappointment|disapproval|disgust|gratitude|surprise
998,15,gratitude,1|3|6|7|10|13|15|17|25,amusement|annoyance|confusion|curiosity|disapproval|excitement|gratitude|joy|sadness
999,2|15,anger|gratitude,0|1|5|9|14|15|25|27,admiration|amusement|caring|disappointment|fear|gratitude|sadness|neutral
1000,1|7,amusement|curiosity,2|7|10|15|18|24,anger|curiosity|disapproval|gratitude|love|remorse
1001,18,love,6|7|8|10|15|17|20,confusion|curiosity|desire|disapproval|gratitude|joy|optimism
1002,2,anger,2|3|4|6|11|15|18|26,anger|annoyance|approval|confusion|disgust|gratitude|love|surprise
1003,3|6|18,annoyance|confusion|love,0|2|3|10|17|18,admiration|anger|annoyance|disapproval|joy|love
1004,27,neutral,0|2|3|4|11|17|26,admiration|anger|annoyance|approval|disgust|joy|surprise
1005,9|10,disappointment|disapproval,2|3|6|7|9|10|17|27,anger|annoyance|confusion|curiosity|disappointment|disapproval|joy|neutral
1006,26,surprise,2|3|6|7|9|26,anger|annoyance|confusion|curiosity|disappointment|surprise
1007,27,neutral,0|1|3|4|9|15|27,admiration|amusement|annoyance|approval|disappointment|gratitude|neutral
1008,17,joy,2|10|27,anger|disapproval|neutral
1009,27,neutral,0|1|18,admiration|amusement|love
1010,7,curiosity,1|3|15|17,amusement|annoyance|gratitude|joy
1011,27,neutral,4|5|10|18|22|24,approval|caring|disapproval|love|realization|remorse
1012,17,joy,4|6|10|18|27,approval|confusion|disapproval|love|neutral
1013,0,admiration,7|11|15|18|20|25,curiosity|disgust|gratitude|love|optimism|sadness
1014,27,neutral,2|5|7|10|15,anger|caring|curiosity|disapproval|gratitude
1015,27,neutral,1|2|3|4|7|9|27,amusement|anger|annoyance|approval|curiosity|disappointment|neutral
1016,27,neutral,4|9|10|11|15|17|27,approval|disappointment|disapproval|disgust|gratitude|joy|neutral
1017,27,neutral,1|4|17|20|27,amusement|approval|joy|optimism|neutral
1018,27,neutral,1|2|4|7|17|22|25,amusement|anger|approval|curiosity|joy|realization|sadness
1019,2|3,anger|annoyance,1|7|9|11|15|22|25,amusement|curiosity|disappointment|disgust|gratitude|realization|sadness
1020,12,embarrassment,0|2|3|15|22|25,admiration|anger|annoyance|gratitude|realization|sadness
1021,2|11,anger|disgust,0|1|4|6|17|18|20,admiration|amusement|approval|confusion|joy|love|optimism
1022,7,curiosity,0|4|10|11|22|26|27,admiration|approval|disapproval|disgust|realization|surprise|neutral
1023,7,curiosity,1|9|15|18|25,amusement|disappointment|gratitude|love|sadness
1024,18,love,0|3|4|8|15|18|20|25,admiration|annoyance|approval|desire|gratitude|love|optimism|sadness
1025,27,neutral,0|3|5|9|18|22|24,admiration|annoyance|caring|disappointment|love|realization|remorse
1026,25,sadness,2|4|5|7|13|15|17|22|26,anger|approval|caring|curiosity|excitement|gratitude|joy|realization|surprise
1027,9,disappointment,2|10|25|27,anger|disapproval|sadness|neutral
1028,1|4|13|17,amusement|approval|excitement|joy,0|1|3|6|10|17|18|26|27,admiration|amusement|annoyance|confusion|disapproval|joy|love|surprise|neutral
1029,9,disappointment,5|9|18|22|24|26,caring|disappointment|love|realization|remorse|surprise
1030,27,neutral,0|2|3|4|7|10|11|13|25|26,admiration|anger|annoyance|approval|curiosity|disapproval|disgust|excitement|sadness|surprise
1031,9,disappointment,1|2|8|11|15|17|26,amusement|anger|desire|disgust|gratitude|joy|surprise
1032,20,optimism,1|3|10|20|25,amusement|annoyance|disapproval|optimism|sadness
1033,10,disapproval,0|4|8|20|22|26,admiration|approval|desire|optimism|realization|surprise
1034,3,annoyance,0|1|7|22|27,admiration|amusement|curiosity|realization|neutral
1035,0,admiration,1|11|17|25|27,amusement|disgust|joy|sadness|neutral
1036,0,admiration,3|4,annoyance|approval
1037,0|4,admiration|approval,0|1|2|5|7|18,admiration|amusement|anger|caring|curiosity|love
1038,20|27,optimism|neutral,0|2|3|4|9|18|26,admiration|anger|annoyance|approval|disappointment|love|surprise
1039,4,approval,0|3|4|7|10|21|26|27,admiration|annoyance|approval|curiosity|disapproval|pride|surprise|neutral
1040,7,curiosity,0|2|6|9|15|17|18|27,admiration|anger|confusion|disappointment|gratitude|joy|love|neutral
1041,26,surprise,1|7|14|15|17|25|26|27,amusement|curiosity|fear|gratitude|joy|sadness|surprise|neutral
1042,3,annoyance,0|8|17|18,admiration|desire|joy|love
1043,1,amusement,0|1|2|4|6|14|20,admiration|amusement|anger|approval|confusion|fear|optimism
1044,27,neutral,4|8|20|26,approval|desire|optimism|surprise
1045,27,neutral,0|4|6|9|15|20|22,admiration|approval|confusion|disappointment|gratitude|optimism|realization
1046,10,disapproval,0|2|4|9|10|22|25|27,admiration|anger|approval|disappointment|disapproval|realization|sadness|neutral
1047,27,neutral,0|4|5|18,admiration|approval|caring|love
1048,27,neutral,1|2|3|11|22,amusement|anger|annoyance|disgust|realization
1049,10|18,disapproval|love,0|8|9|13|24|27,admiration|desire|disappointment|excitement|remorse|neutral
1050,27,neutral,1|3|4|10|19|26,amusement|annoyance|approval|disapproval|nervousness|surprise
1051,6,confusion,0|2|3|5|13|15|27,admiration|anger|annoyance|caring|excitement|gratitude|neutral
1052,27,neutral,1|4|6|10|11|13|15|18|20|26,amusement|approval|confusion|disapproval|disgust|excitement|gratitude|love|optimism|surprise
1053,1,amusement,1|2|3|11|13|15|18|26,amusement|anger|annoyance|disgust|excitement|gratitude|love|surprise
1054,27,neutral,4|14|18|25,approval|fear|love|sadness
1055,27,neutral,0|2|3|6|14|15|18|26,admiration|anger|annoyance|confusion|fear|gratitude|love|surprise
1056,10,disapproval,1|3|5|8|22|24|25|26,amusement|annoyance|caring|desire|realization|remorse|sadness|surprise
1057,0,admiration,0|9|11|14|15|17|25,admiration|disappointment|disgust|fear|gratitude|joy|sadness
1058,17,joy,3|7|11|17|27,annoyance|curiosity|disgust|joy|neutral
1059,9,disappointment,0|10|13|15,admiration|disapproval|excitement|gratitude
1060,5,caring,6|7|9|22|24|25,confusion|curiosity|disappointment|realization|remorse|sadness
1061,3,annoyance,7|9|13|20|27,curiosity|disappointment|excitement|optimism|neutral
1062,2|3,anger|annoyance,1|2|3|4|5|18|27,amusement|anger|annoyance|approval|caring|love|neutral
1063,2|3,anger|annoyance,8|15|17|18|24|25,desire|gratitude|joy|love|remorse|sadness
1064,3,annoyance,1|10|17|26|27,amusement|disapproval|joy|surprise|neutral
1065,18,love,0|7|8|11|15|20,admiration|curiosity|desire|disgust|gratitude|optimism
1066,2,anger,3|6|8|22|24|25|26|27,annoyance|confusion|desire|realization|remorse|sadness|surprise|neutral
1067,10|18,disapproval|love,0|1|4|6|9|22|27,admiration|amusement|approval|confusion|disappointment|realization|neutral
1068,10,disapproval,0|2|4|7|11|25|26|27,admiration|anger|approval|curiosity|disgust|sadness|surprise|neutral
1069,9,disappointment,1|3|5|7|18,amusement|annoyance|caring|curiosity|love
1070,27,neutral,1|4|7|10|11|18|27,amusement|approval|curiosity|disapproval|disgust|love|neutral
1071,0,admiration,1|4|6|9|12|27,amusement|approval|confusion|disappointment|embarrassment|neutral
1072,1,amusement,1|15|18|20|22|26|27,amusement|gratitude|love|optimism|realization|surprise|neutral
1073,4,approval,0|2|6|8|24,admiration|anger|confusion|desire|remorse
1074,27,neutral,0|4|14|15|18|20|22|23,admiration|approval|fear|gratitude|love|optimism|realization|relief
1075,27,neutral,4|5|18|25|27,approval|caring|love|sadness|neutral
1076,0,admiration,17|18|26|27,joy|love|surprise|neutral
1077,27,neutral,1|3|4|8|13|15|17|18|27,amusement|annoyance|approval|desire|excitement|gratitude|joy|love|neutral
1078,27,neutral,1|4|27,amusement|approval|neutral
1079,27,neutral,3|10|11|14|26,annoyance|disapproval|disgust|fear|surprise
1080,2,anger,2|7|10|11|22|24,anger|curiosity|disapproval|disgust|realization|remorse
1081,27,neutral,1|2|3|6|9|18|20,amusement|anger|annoyance|confusion|disappointment|love|optimism
1082,15,gratitude,5|6|7|8|17|20|27,caring|confusion|curiosity|desire|joy|optimism|neutral
1083,27,neutral,1|6|13|27,amusement|confusion|excitement|neutral
1084,18,love,9|27,disappointment|neutral
1085,20,optimism,1|3|5|6|7|10,amusement|annoyance|caring|confusion|curiosity|disapproval
1086,1,amusement,4|7|17|20,approval|curiosity|joy|optimism
1087,22,realization,5|7|9|10|11|15|17|22|27,caring|curiosity|disappointment|disapproval|disgust|gratitude|joy|realization|neutral
1088,27,neutral,0|1|4|5|6|11|15|17|18|23,admiration|amusement|approval|caring|confusion|disgust|gratitude|joy|love|relief
1089,27,neutral,6|7|9|12|14|15|17|22,confusion|curiosity|disappointment|embarrassment|fear|gratitude|joy|realization
1090,12,embarrassment,1|4|6|15|18|27,amusement|approval|confusion|gratitude|love|neutral
1091,1,amusement,0|1|4|5|10|17|20|22|25,admiration|amusement|approval|caring|disapproval|joy|optimism|realization|sadness
1092,26,surprise,1|7|9|13|18|20|25,amusement|curiosity|disappointment|excitement|love|optimism|sadness
1093,27,neutral,0|2|10|11|13|26,admiration|anger|disapproval|disgust|excitement|surprise
1094,0|2|18,admiration|anger|love,0|1|2|10|18|20|24|26,admiration|amusement|anger|disapproval|love|optimism|remorse|surprise
1095,24,remorse,0|1|8|10|11|17|22,admiration|amusement|desire|disapproval|disgust|joy|realization
1096,15,gratitude,0|1|2|7|9|20|25,admiration|amusement|anger|curiosity|disappointment|optimism|sadness
1097,27,neutral,0|3|9|10|11|13|14|20|27,admiration|annoyance|disappointment|disapproval|disgust|excitement|fear|optimism|neutral
1098,15|18,gratitude|love,0|1|3|5|6|7|13|18|24|26,admiration|amusement|annoyance|caring|confusion|curiosity|excitement|love|remorse|surprise
1099,15,gratitude,1|7|27,amusement|curiosity|neutral
1100,0|18,admiration|love,9|23|27,disappointment|relief|neutral
1101,27,neutral,5|6|8|9|14|18|20|25,caring|confusion|desire|disappointment|fear|love|optimism|sadness
1102,20,optimism,7|8|11|20|22|25|27,curiosity|desire|disgust|optimism|realization|sadness|neutral
1103,27,neutral,1|4|7|10,amusement|approval|curiosity|disapproval
1104,0,admiration,1|3|7|10|17|20|22|27,amusement|annoyance|curiosity|disapproval|joy|optimism|realization|neutral
1105,0,admiration,0|2|3|6|7|9|10|15,admiration|anger|annoyance|confusion|curiosity|disappointment|disapproval|gratitude
1106,14,fear,0|8|10|26|27,admiration|desire|disapproval|surprise|neutral
1107,27,neutral,4|10|13|24|27,approval|disapproval|excitement|remorse|neutral
1108,15,gratitude,0|1|2|6|9|17|20|22|26|27,admiration|amusement|anger|confusion|disappointment|joy|optimism|realization|surprise|neutral
1109,2,anger,1|3|4|11|13|26,amusement|annoyance|approval|disgust|excitement|surprise
1110,3|27,annoyance|neutral,4|7|8|13|18|20|22|26,approval|curiosity|desire|excitement|love|optimism|realization|surprise
1111,2,anger,3|4|5|6|7|9|10|11,annoyance|approval|caring|confusion|curiosity|disappointment|disapproval|disgust
1112,3,annoyance,1|9|20|25,amusement|disappointment|optimism|sadness
1113,4|17|22|23,approval|joy|realization|relief,0|6|7|11|15|27,admiration|confusion|curiosity|disgust|gratitude|neutral
1114,0|11,admiration|disgust,7|13|27,curiosity|excitement|neutral
1115,27,neutral,2|3|4|5|13|17|20,anger|annoyance|approval|caring|excitement|joy|optimism
1116,9,disappointment,1|5|7|10|14|18|22,amusement|caring|curiosity|disapproval|fear|love|realization
1117,22,realization,0|3|8|17|20,admiration|annoyance|desire|joy|optimism
1118,0,admiration,2|4|6|17|27,anger|approval|confusion|joy|neutral
1119,27,neutral,5|8|9|13|17,caring|desire|disappointment|excitement|joy
1120,27,neutral,6|27,confusion|neutral
1121,9,disappointment,0|3|4|6|10|17|20|25|26,admiration|annoyance|approval|confusion|disapproval|joy|optimism|sadness|surprise
1122,6,confusion,1|2|5|8|20|22|26|27,amusement|anger|caring|desire|optimism|realization|surprise|neutral
1123,7,curiosity,2|9|15|22|27,anger|disappointment|gratitude|realization|neutral
1124,27,neutral,0|5|6|7|9|15|17|22|24,admiration|caring|confusion|curiosity|disappointment|gratitude|joy|realization|remorse
1125,11,disgust,10|17|20|27,disapproval|joy|optimism|neutral
1126,11,disgust,1|3|4|10|15|22|25,amusement|annoyance|approval|disapproval|gratitude|realization|sadness
1127,11,disgust,1|2|3|6|13|27,amusement|anger|annoyance|confusion|excitement|neutral
1128,18|20,love|optimism,1|5|8|10|18|22,amusement|caring|desire|disapproval|love|realization
1129,4|27,approval|neutral,1|3|7|15|18|20,amusement|annoyance|curiosity|gratitude|love|optimism
1130,26,surprise,1|6|7|11|27,amusement|confusion|curiosity|disgust|neutral
1131,1,amusement,4|6|7|11|17,approval|confusion|curiosity|disgust|joy
1132,27,neutral,2|6|7|10|17|18|25,anger|confusion|curiosity|disapproval|joy|love|sadness
1133,0,admiration,1|2|7|10|13|20|22,amusement|anger|curiosity|disapproval|excitement|optimism|realization
1134,1,amusement,0|17|18|20|26|27,admiration|joy|love|optimism|surprise|neutral
1135,20,optimism,0|10|25|26,admiration|disapproval|sadness|surprise
1136,2|3,anger|annoyance,4|6|7|9|10|11|22|27,approval|confusion|curiosity|disappointment|disapproval|disgust|realization|neutral
1137,3,annoyance,2|3|4|11|14,anger|annoyance|approval|disgust|fear
1138,1,amusement,1|2|4|5|6|17|20|22,amusement|anger|approval|caring|confusion|joy|optimism|realization
1139,15,gratitude,0|2|7|26,admiration|anger|curiosity|surprise
1140,27,neutral,1|10|15|20|26|27,amusement|disapproval|gratitude|optimism|surprise|neutral
1141,15,gratitude,4|9|11|13|23|27,approval|disappointment|disgust|excitement|relief|neutral
1142,20,optimism,1|2|3|4|5|7|9|11|15|20,amusement|anger|annoyance|approval|caring|curiosity|disappointment|disgust|gratitude|optimism
1143,27,neutral,10|13|15|20,disapproval|excitement|gratitude|optimism
1144,8,desire,0|3|4|10|18|26,admiration|annoyance|approval|disapproval|love|surprise
1145,18,love,0|2|4|5|6|10|11|13|17|18|25,admiration|anger|approval|caring|confusion|disapproval|disgust|excitement|joy|love|sadness
1146,26,surprise,0|2|3|4|9|10|18|20|25,admiration|anger|annoyance|approval|disappointment|disapproval|love|optimism|sadness
1147,11,disgust,1|17|18|25|26|27,amusement|joy|love|sadness|surprise|neutral
1148,27,neutral,0|1|3|9|13|14|20|25,admiration|amusement|annoyance|disappointment|excitement|fear|optimism|sadness
1149,13|27,excitement|neutral,1|3|6|7|9|10|11|20|22|24|25|27,amusement|annoyance|confusion|curiosity|disappointment|disapproval|disgust|optimism|realization|remorse|sadness|neutral
1150,27,neutral,0|2|3|6|9|11|18,admiration|anger|annoyance|confusion|disappointment|disgust|love
1151,27,neutral,3|6|8|9|11|18|22,annoyance|confusion|desire|disappointment|disgust|love|realization
1152,15,gratitude,4|5|6|9|20|22|24,approval|caring|confusion|disappointment|optimism|realization|remorse
1153,9|18,disappointment|love,0|6|7|10|17|25,admiration|confusion|curiosity|disapproval|joy|sadness
1154,27,neutral,0|1|3|5|10|15|20,admiration|amusement|annoyance|caring|disapproval|gratitude|optimism
1155,10,disapproval,0|1|3|10|15|18|20|22,admiration|amusement|annoyance|disapproval|gratitude|love|optimism|realization
1156,4,approval,0|1|3|7|10|11|13|18|27,admiration|amusement|annoyance|curiosity|disapproval|disgust|excitement|love|neutral
1157,27,neutral,2|7|10|11|14|17|20,anger|curiosity|disapproval|disgust|fear|joy|optimism
1158,27,neutral,3|7|8|10|15|17|26,annoyance|curiosity|desire|disapproval|gratitude|joy|surprise
1159,2|18,anger|love,0|1|2|12|17|20|26|27,admiration|amusement|anger|embarrassment|joy|optimism|surprise|neutral
1160,0,admiration,0|4|7|10|11|18,admiration|approval|curiosity|disapproval|disgust|love
1161,27,neutral,20|26|27,optimism|surprise|neutral
1162,15,gratitude,1|4|7|10|24|25|27,amusement|approval|curiosity|disapproval|remorse|sadness|neutral
1163,10,disapproval,0|1|8|13|17|20|25,admiration|amusement|desire|excitement|joy|optimism|sadness
1164,27,neutral,1|2|4|15|17|18|27,amusement|anger|approval|gratitude|joy|love|neutral
1165,1,amusement,0|2|4|5|9|10|15|18,admiration|anger|approval|caring|disappointment|disapproval|gratitude|love
1166,27,neutral,1|3|5|9|17|26,amusement|annoyance|caring|disappointment|joy|surprise
1167,0,admiration,4|7|9|10|13|27,approval|curiosity|disappointment|disapproval|excitement|neutral
1168,6,confusion,1|3|4|10|27,amusement|annoyance|approval|disapproval|neutral
1169,2,anger,0|3|4|5|15|17|24,admiration|annoyance|approval|caring|gratitude|joy|remorse
1170,3,annoyance,0|2|3|14|15|17,admiration|anger|annoyance|fear|gratitude|joy
1171,27,neutral,0|3|8|9|13|17|20,admiration|annoyance|desire|disappointment|excitement|joy|optimism
1172,15,gratitude,0|2|4|5|6|14|15|20|22,admiration|anger|approval|caring|confusion|fear|gratitude|optimism|realization
1173,0,admiration,0|3|6|9|15|17|27,admiration|annoyance|confusion|disappointment|gratitude|joy|neutral
1174,4,approval,1|2|4|8|12|15|22|26,amusement|anger|approval|desire|embarrassment|gratitude|realization|surprise
1175,18,love,0|1|4|9|25|26|27,admiration|amusement|approval|disappointment|sadness|surprise|neutral
1176,1,amusement,0|3|6|8|15,admiration|annoyance|confusion|desire|gratitude
1177,4|22,approval|realization,0|4|5|8|18,admiration|approval|caring|desire|love
1178,0,admiration,0|2|4|5|9|10|15|22|23|26,admiration|anger|approval|caring|disappointment|disapproval|gratitude|realization|relief|surprise
1179,27,neutral,7|8|9|14|18|20,curiosity|desire|disappointment|fear|love|optimism
1180,1,amusement,0|14|15|22|24|27,admiration|fear|gratitude|realization|remorse|neutral
1181,2|3,anger|annoyance,1|3|4|12|20|24|27,amusement|annoyance|approval|embarrassment|optimism|remorse|neutral
1182,27,neutral,7|11|15|27,curiosity|disgust|gratitude|neutral
1183,13,excitement,0|4|5|8|10|17|25|26,admiration|approval|caring|desire|disapproval|joy|sadness|surprise
1184,0,admiration,4|8|9|10|14|17|20|22|25,approval|desire|disappointment|disapproval|fear|joy|optimism|realization|sadness
1185,27,neutral,2|3|5|8|9|11|15|18|27,anger|annoyance|caring|desire|disappointment|disgust|gratitude|love|neutral
1186,27,neutral,0|4|5|6|7|10|18|27,admiration|approval|caring|confusion|curiosity|disapproval|love|neutral
1187,10,disapproval,9|10|11|13|17|18|20|21|25|27,disappointment|disapproval|disgust|excitement|joy|love|optimism|pride|sadness|neutral
1188,27,neutral,1|7|9|25|26,amusement|curiosity|disappointment|sadness|surprise
1189,22,realization,0|6|15|27,admiration|confusion|gratitude|neutral
1190,26,surprise,0|4|6|14|25|27,admiration|approval|confusion|fear|sadness|neutral
1191,3,annoyance,0|4|9|13|18|25,admiration|approval|disappointment|excitement|love|sadness
1192,27,neutral,0|2|3|7|17|20|27,admiration|anger|annoyance|curiosity|joy|optimism|neutral
1193,27,neutral,3|5|7|9|13|27,annoyance|caring|curiosity|disappointment|excitement|neutral
1194,27,neutral,1|6|13|15|18|20,amusement|confusion|excitement|gratitude|love|optimism
1195,20,optimism,5|15|18,caring|gratitude|love
1196,13,excitement,0|7|8|10|22|25|27,admiration|curiosity|desire|disapproval|realization|sadness|neutral
1197,5,caring,0|1|9|11|12|15|17|20,admiration|amusement|disappointment|disgust|embarrassment|gratitude|joy|optimism
1198,22,realization,13|15|18|25,excitement|gratitude|love|sadness
1199,6|27,confusion|neutral,0|1|2|10,admiration|amusement|anger|disapproval
1200,25,sadness,0|1|5|10|13|15|20,admiration|amusement|caring|disapproval|excitement|gratitude|optimism
1201,0,admiration,0|5|6|7|18|20|22|23|24|25|26,admiration|caring|confusion|curiosity|love|optimism|realization|relief|remorse|sadness|surprise
1202,9,disappointment,3|5|9|22|26|27,annoyance|caring|disappointment|realization|surprise|neutral
1203,21,pride,1|2|4|5|9|10|15|18|20|22,amusement|anger|approval|caring|disappointment|disapproval|gratitude|love|optimism|realization
1204,1,amusement,0|1|15|18|26,admiration|amusement|gratitude|love|surprise
1205,0,admiration,2|3|6|8|9|11|15|17|18|27,anger|annoyance|confusion|desire|disappointment|disgust|gratitude|joy|love|neutral
1206,15,gratitude,0|1|4|7|10|15,admiration|amusement|approval|curiosity|disapproval|gratitude
1207,10,disapproval,1|2|6|7|10|11|15|17|18|25,amusement|anger|confusion|curiosity|disapproval|disgust|gratitude|joy|love|sadness
1208,27,neutral,5|7|10|15,caring|curiosity|disapproval|gratitude
1209,18,love,0|4|7|17|25|26|27,admiration|approval|curiosity|joy|sadness|surprise|neutral
1210,15,gratitude,0|2|5|6|7|8|9|26,admiration|anger|caring|confusion|curiosity|desire|disappointment|surprise
1211,7|27,curiosity|neutral,5|6|7|10|23,caring|confusion|curiosity|disapproval|relief
1212,17,joy,1|2|3|4|15|20|22,amusement|anger|annoyance|approval|gratitude|optimism|realization
1213,17,joy,0|1|3|4|7|12|15|27,admiration|amusement|annoyance|approval|curiosity|embarrassment|gratitude|neutral
1214,2,anger,13,excitement
1215,0,admiration,3|4|6|14|25|27,annoyance|approval|confusion|fear|sadness|neutral
1216,27,neutral,1|4|7|18|22|27,amusement|approval|curiosity|love|realization|neutral
1217,1,amusement,0|1|4|6|18|20|22|25,admiration|amusement|approval|confusion|love|optimism|realization|sadness
1218,25,sadness,5|8|18|20|22,caring|desire|love|optimism|realization
1219,1,amusement,0|4|6|11|27,admiration|approval|confusion|disgust|neutral
1220,18,love,3|7|15|25|26,annoyance|curiosity|gratitude|sadness|surprise
1221,15,gratitude,1|6|9|27,amusement|confusion|disappointment|neutral
1222,26,surprise,0|2|4|9|10|11|17|19|20|25,admiration|anger|approval|disappointment|disapproval|disgust|joy|nervousness|optimism|sadness
1223,18,love,0|3|4|5|13|22|27,admiration|annoyance|approval|caring|excitement|realization|neutral
1224,18,love,3|4|5|7|9|11,annoyance|approval|caring|curiosity|disappointment|disgust
1225,27,neutral,1|2|3|9|26|27,amusement|anger|annoyance|disappointment|surprise|neutral
1226,0,admiration,0|3|7|12|17|18|25|26|27,admiration|annoyance|curiosity|embarrassment|joy|love|sadness|surprise|neutral
1227,17,joy,0|1|2|3|5|10|17|18|20,admiration|amusement|anger|annoyance|caring|disapproval|joy|love|optimism
1228,27,neutral,27,neutral
1229,24,remorse,2|5|11|26,anger|caring|disgust|surprise
1230,27,neutral,3|4|10|13|15|18|25|26,annoyance|approval|disapproval|excitement|gratitude|love|sadness|surprise
1231,27,neutral,1|6|7|10|22,amusement|confusion|curiosity|disapproval|realization
1232,27,neutral,1|6|7|18|26|27,amusement|confusion|curiosity|love|surprise|neutral
1233,10,disapproval,2|3|25|27,anger|annoyance|sadness|neutral
1234,27,neutral,4|5|11|14|15|20|22|26|27,approval|caring|disgust|fear|gratitude|optimism|realization|surprise|neutral
1235,0,admiration,0|4|9|10,admiration|approval|disappointment|disapproval
1236,15,gratitude,0|2|7|9|14|15|17|24,admiration|anger|curiosity|disappointment|fear|gratitude|joy|remorse
1237,3,annoyance,0|4|7|10|17|18|19,admiration|approval|curiosity|disapproval|joy|love|nervousness
1238,1,amusement,1|2|4|11|15|18|22|26,amusement|anger|approval|disgust|gratitude|love|realization|surprise
1239,27,neutral,0|1|6|11|15|25,admiration|amusement|confusion|disgust|gratitude|sadness
1240,27,neutral,0|4|6|7|15|25|27,admiration|approval|confusion|curiosity|gratitude|sadness|neutral
1241,27,neutral,0|2|4|7|27,admiration|anger|approval|curiosity|neutral
1242,27,neutral,9|10|18|27,disappointment|disapproval|love|neutral
1243,27,neutral,1|2|9|27,amusement|anger|disappointment|neutral
1244,15,gratitude,0|8|11|15|27,admiration|desire|disgust|gratitude|neutral
1245,1|20,amusement|optimism,3|6|9|15|17|18|22,annoyance|confusion|disappointment|gratitude|joy|love|realization
1246,1|22,amusement|realization,1|3|5|10|12|15|20|24,amusement|annoyance|caring|disapproval|embarrassment|gratitude|optimism|remorse
1247,15,gratitude,1|3|20|25|27,amusement|annoyance|optimism|sadness|neutral
1248,0|16|25,admiration|grief|sadness,2|6|7|8|10|11|13|17|20,anger|confusion|curiosity|desire|disapproval|disgust|excitement|joy|optimism
1249,18,love,1|2|11|18|20|24|25,amusement|anger|disgust|love|optimism|remorse|sadness
1250,27,neutral,2|6|7|11|15|17,anger|confusion|curiosity|disgust|gratitude|joy
1251,27,neutral,0|1|4|5|13|17|18|20,admiration|amusement|approval|caring|excitement|joy|love|optimism
1252,3,annoyance,0|1|3|4|5|9|15|20,admiration|amusement|annoyance|approval|caring|disappointment|gratitude|optimism
1253,27,neutral,0|4|10|11|15|17|26|27,admiration|approval|disapproval|disgust|gratitude|joy|surprise|neutral
1254,0,admiration,27,neutral
1255,27,neutral,0|3|6|10|26|27,admiration|annoyance|confusion|disapproval|surprise|neutral
1256,27,neutral,3|4|9|10|18|22|24|26,annoyance|approval|disappointment|disapproval|love|realization|remorse|surprise
1257,1,amusement,3|5|10|15|18|25|26,annoyance|caring|disapproval|gratitude|love|sadness|surprise
1258,7,curiosity,4|6|15|25|27,approval|confusion|gratitude|sadness|neutral
1259,5,caring,6|7|9|11|17|26|27,confusion|curiosity|disappointment|disgust|joy|surprise|neutral
1260,15|18,gratitude|love,3|7|13|15|17|18|22|25,annoyance|curiosity|excitement|gratitude|joy|love|realization|sadness
1261,6,confusion,0|3|4|5|6|12|13|14|15|17,admiration|annoyance|approval|caring|confusion|embarrassment|excitement|fear|gratitude|joy
1262,4,approval,7|10|11|17|18,curiosity|disapproval|disgust|joy|love
1263,27,neutral,0|1|5|6|7|13|22,admiration|amusement|caring|confusion|curiosity|excitement|realization
1264,27,neutral,7|10|17|18|22|26,curiosity|disapproval|joy|love|realization|surprise
1265,0|4,admiration|approval,0|1|3|4|5|7|8|22|27,admiration|amusement|annoyance|approval|caring|curiosity|desire|realization|neutral
1266,27,neutral,5|9|10|14|15|27,caring|disappointment|disapproval|fear|gratitude|neutral
1267,27,neutral,5|15|22,caring|gratitude|realization
1268,27,neutral,4|5|6|7|10|13|15|17|22|26|27,approval|caring|confusion|curiosity|disapproval|excitement|gratitude|joy|realization|surprise|neutral
1269,27,neutral,2|5|8|15|20,anger|caring|desire|gratitude|optimism
1270,0,admiration,0|15|20|25|27,admiration|gratitude|optimism|sadness|neutral
1271,27,neutral,0|1|5|12|13|18|27,admiration|amusement|caring|embarrassment|excitement|love|neutral
1272,1|20,amusement|optimism,0|1|27,admiration|amusement|neutral
1273,27,neutral,13|14|17|22|27,excitement|fear|joy|realization|neutral
1274,11,disgust,2|3|4|5|6|10|14|15|19|20|26,anger|annoyance|approval|caring|confusion|disapproval|fear|gratitude|nervousness|optimism|surprise
1275,27,neutral,3|11|15|17|18|22|25,annoyance|disgust|gratitude|joy|love|realization|sadness
1276,4,approval,2|4|5|7|10|13|14|15|18,anger|approval|caring|curiosity|disapproval|excitement|fear|gratitude|love
1277,6,confusion,2|10|19|26,anger|disapproval|nervousness|surprise
1278,27,neutral,3|8|18,annoyance|desire|love
1279,0,admiration,0|3|8|18|20|25,admiration|annoyance|desire|love|optimism|sadness
1280,27,neutral,4|6|13|15,approval|confusion|excitement|gratitude
1281,4|14,approval|fear,1|15|17|27,amusement|gratitude|joy|neutral
1282,0,admiration,1|7|11|15|17|18|27,amusement|curiosity|disgust|gratitude|joy|love|neutral
1283,4,approval,0|1|2|6|7|8|10|11|13|15|18,admiration|amusement|anger|confusion|curiosity|desire|disapproval|disgust|excitement|gratitude|love
1284,10,disapproval,3|4|7|13|17|18|25|27,annoyance|approval|curiosity|excitement|joy|love|sadness|neutral
1285,3,annoyance,1|6|9|13|15|18|22|24,amusement|confusion|disappointment|excitement|gratitude|love|realization|remorse
1286,27,neutral,3|6|10|12|15|20,annoyance|confusion|disapproval|embarrassment|gratitude|optimism
1287,27,neutral,2|4|15|22,anger|approval|gratitude|realization
1288,13|27,excitement|neutral,0|1|3|5|20|22|27,admiration|amusement|annoyance|caring|optimism|realization|neutral
1289,27,neutral,2|4|5|7|15|17|18|20,anger|approval|caring|curiosity|gratitude|joy|love|optimism
1290,15,gratitude,0|1|6|11|15|25|27,admiration|amusement|confusion|disgust|gratitude|sadness|neutral
1291,27,neutral,0|3|11|20|27,admiration|annoyance|disgust|optimism|neutral
1292,27,neutral,1|3|5|6|7|10|18,amusement|annoyance|caring|confusion|curiosity|disapproval|love
1293,20,optimism,0|2|3|4|9|15|22|26,admiration|anger|annoyance|approval|disappointment|gratitude|realization|surprise
1294,9,disappointment,3|7|22|27,annoyance|curiosity|realization|neutral
1295,11|27,disgust|neutral,4|5|6|15|17|25|27,approval|caring|confusion|gratitude|joy|sadness|neutral
1296,7,curiosity,3|17|26|27,annoyance|joy|surprise|neutral
1297,17,joy,9|10|14|15|18|20,disappointment|disapproval|fear|gratitude|love|optimism
1298,20,optimism,0|4|13|14|27,admiration|approval|excitement|fear|neutral
1299,10,disapproval,0|2|6|7|9|13|15|22|27,admiration|anger|confusion|curiosity|disappointment|excitement|gratitude|realization|neutral
1300,10|27,disapproval|neutral,1|3|6|10|25|27,amusement|annoyance|confusion|disapproval|sadness|neutral
1301,20,optimism,0|1|6|7|15|18|26|27,admiration|amusement|confusion|curiosity|gratitude|love|surprise|neutral
1302,27,neutral,2|3|4|20|27,anger|annoyance|approval|optimism|neutral
1303,22,realization,2|4|6|9|11|13|17|18|22|25,anger|approval|confusion|disappointment|disgust|excitement|joy|love|realization|sadness
1304,1,amusement,1|3|7|14|18,amusement|annoyance|curiosity|fear|love
1305,27,neutral,2|4|6|10|11|20|25,anger|approval|confusion|disapproval|disgust|optimism|sadness
1306,27,neutral,3|4|5|9|18|20,annoyance|approval|caring|disappointment|love|optimism
1307,15|18,gratitude|love,0|3|6|10|11|18|25,admiration|annoyance|confusion|disapproval|disgust|love|sadness
1308,4,approval,0|1|2|4|15|20|25,admiration|amusement|anger|approval|gratitude|optimism|sadness
1309,20,optimism,0|2|6|9|10|11|15|17|22|27,admiration|anger|confusion|disappointment|disapproval|disgust|gratitude|joy|realization|neutral
1310,4|20,approval|optimism,0|5|7|10|17|22|25|26|27,admiration|caring|curiosity|disapproval|joy|realization|sadness|surprise|neutral
1311,5,caring,3|7|15|18|20|24|25|26,annoyance|curiosity|gratitude|love|optimism|remorse|sadness|surprise
1312,2|3,anger|annoyance,3|27,annoyance|neutral
1313,8,desire,0|1|24|25|26,admiration|amusement|remorse|sadness|surprise
1314,20,optimism,3|4|6|7|11|23|24|27,annoyance|approval|confusion|curiosity|disgust|relief|remorse|neutral
1315,6,confusion,0|1|4|5|18|20,admiration|amusement|approval|caring|love|optimism
1316,0,admiration,2|7|15|18|27,anger|curiosity|gratitude|love|neutral
1317,0|17,admiration|joy,0|2|11|15|18|22|26,admiration|anger|disgust|gratitude|love|realization|surprise
1318,27,neutral,1|3|13|17|25,amusement|annoyance|excitement|joy|sadness
1319,27,neutral,0|7|18,admiration|curiosity|love
1320,7,curiosity,5|8|17|18|20|22|25,caring|desire|joy|love|optimism|realization|sadness
1321,27,neutral,3|7|18|20|24|25|26,annoyance|curiosity|love|optimism|remorse|sadness|surprise
1322,15,gratitude,0|3|4|9|13|15|18|27,admiration|annoyance|approval|disappointment|excitement|gratitude|love|neutral
1323,4,approval,0|1|6|7|9|14|26|27,admiration|amusement|confusion|curiosity|disappointment|fear|surprise|neutral
1324,27,neutral,2|14|27,anger|fear|neutral
1325,0|4,admiration|approval,0|1|3|5|6|10|11|17|18|25,admiration|amusement|annoyance|caring|confusion|disapproval|disgust|joy|love|sadness
1326,27,neutral,3|4|10|22,annoyance|approval|disapproval|realization
1327,15|18,gratitude|love,1|8|13|14|15|18|20|25,amusement|desire|excitement|fear|gratitude|love|optimism|sadness
1328,6,confusion,0|1|4|5|6|7|10|14|18|20|22|25|26,admiration|amusement|approval|caring|confusion|curiosity|disapproval|fear|love|optimism|realization|sadness|surprise
1329,27,neutral,0|2|3|6|7|10|13|15|18|25|26,admiration|anger|annoyance|confusion|curiosity|disapproval|excitement|gratitude|love|sadness|surprise
1330,27,neutral,5|8|15|20|25,caring|desire|gratitude|optimism|sadness
1331,8,desire,1|3|7|17|20|25,amusement|annoyance|curiosity|joy|optimism|sadness
1332,3,annoyance,0|4|5|6|9|18|27,admiration|approval|caring|confusion|disappointment|love|neutral
1333,20,optimism,0|3|6|9|10|15|20,admiration|annoyance|confusion|disappointment|disapproval|gratitude|optimism
1334,0,admiration,0|2|5|15|22|24,admiration|anger|caring|gratitude|realization|remorse
1335,1|27,amusement|neutral,5|6|8|10|18|20|22,caring|confusion|desire|disapproval|love|optimism|realization
1336,0,admiration,7|8|10|18|19|20|22|25|27,curiosity|desire|disapproval|love|nervousness|optimism|realization|sadness|neutral
1337,0,admiration,1|2|10|18|20,amusement|anger|disapproval|love|optimism
1338,7,curiosity,0|6|10|18|22,admiration|confusion|disapproval|love|realization
1339,9,disappointment,0|1|2|3|4|10,admiration|amusement|anger|annoyance|approval|disapproval
1340,4,approval,0|3|4|5|7|18|25,admiration|annoyance|approval|caring|curiosity|love|sadness
1341,1,amusement,0|1|3|5|7|20|24,admiration|amusement|annoyance|caring|curiosity|optimism|remorse
1342,22,realization,0|1|2|4|5|6|9|10|21|22,admiration|amusement|anger|approval|caring|confusion|disappointment|disapproval|pride|realization
1343,27,neutral,0|5|7|9|10|14|18|22,admiration|caring|curiosity|disappointment|disapproval|fear|love|realization
1344,20,optimism,0|6|7|12|14,admiration|confusion|curiosity|embarrassment|fear
1345,0,admiration,3|4|10|13|25,annoyance|approval|disapproval|excitement|sadness
1346,27,neutral,4|7|18|20|22|24|25,approval|curiosity|love|optimism|realization|remorse|sadness
1347,27,neutral,3|4|9|22|27,annoyance|approval|disappointment|realization|neutral
1348,27,neutral,0|1|3|8|15|18|20|26,admiration|amusement|annoyance|desire|gratitude|love|optimism|surprise
1349,1,amusement,2|14|15|18|20|27,anger|fear|gratitude|love|optimism|neutral
1350,15|20,gratitude|optimism,1|3|4|5|7|15|17|22|25|26,amusement|annoyance|approval|caring|curiosity|gratitude|joy|realization|sadness|surprise
1351,13,excitement,0|1|7|15|27,admiration|amusement|curiosity|gratitude|neutral
1352,27,neutral,0|1|3|17,admiration|amusement|annoyance|joy
1353,2|3,anger|annoyance,0|7|20|22|27,admiration|curiosity|optimism|realization|neutral
1354,10,disapproval,13|17|25|26|27,excitement|joy|sadness|surprise|neutral
1355,3,annoyance,6|15|18|27,confusion|gratitude|love|neutral
1356,1,amusement,3|9|11|13|15|18|27,annoyance|disappointment|disgust|excitement|gratitude|love|neutral
1357,0,admiration,1|3|15|17|18|22,amusement|annoyance|gratitude|joy|love|realization
1358,10,disapproval,2|5|7|25|26|27,anger|caring|curiosity|sadness|surprise|neutral
1359,22,realization,1|3|4|6|9|11|18|25|26,amusement|annoyance|approval|confusion|disappointment|disgust|love|sadness|surprise
1360,10,disapproval,0|1|2|9|14|15|18,admiration|amusement|anger|disappointment|fear|gratitude|love
1361,15,gratitude,0|6|7|10|17|20|22|27,admiration|confusion|curiosity|disapproval|joy|optimism|realization|neutral
1362,27,neutral,0|2|9|15|22,admiration|anger|disappointment|gratitude|realization
1363,2,anger,0|6|10,admiration|confusion|disapproval
1364,10,disapproval,0|2|6|7|8|10|11|18,admiration|anger|confusion|curiosity|desire|disapproval|disgust|love
1365,1|27,amusement|neutral,0|1|3|4|5|9|11|18,admiration|amusement|annoyance|approval|caring|disappointment|disgust|love
1366,9,disappointment,0|1|2|3|7|11|13|15|18|27,admiration|amusement|anger|annoyance|curiosity|disgust|excitement|gratitude|love|neutral
1367,27,neutral,1|2|4|25,amusement|anger|approval|sadness
1368,27,neutral,3|9,annoyance|disappointment
1369,1|17,amusement|joy,4|5|9|10|13|15|18|20|24,approval|caring|disappointment|disapproval|excitement|gratitude|love|optimism|remorse
1370,3|27,annoyance|neutral,4|9|14|27,approval|disappointment|fear|neutral
1371,3|27,annoyance|neutral,0|1|13|18|22|27,admiration|amusement|excitement|love|realization|neutral
1372,26,surprise,0|1|2|11|18,admiration|amusement|anger|disgust|love
1373,16,grief,0|2|15|22|24|26|27,admiration|anger|gratitude|realization|remorse|surprise|neutral
1374,6,confusion,2|3|8|10|11|13|17|27,anger|annoyance|desire|disapproval|disgust|excitement|joy|neutral
1375,0,admiration,0|7|14|15|18|22|26,admiration|curiosity|fear|gratitude|love|realization|surprise
1376,15|22,gratitude|realization,6|9|13|18|24|25,confusion|disappointment|excitement|love|remorse|sadness
1377,27,neutral,0|1|2|5|7|9|15|25,admiration|amusement|anger|caring|curiosity|disappointment|gratitude|sadness
1378,27,neutral,2|4|6|11|13|15|26,anger|approval|confusion|disgust|excitement|gratitude|surprise
1379,24|25,remorse|sadness,1|7|10|15|17|26|27,amusement|curiosity|disapproval|gratitude|joy|surprise|neutral
1380,10,disapproval,0|6|7|11|18|24|25|27,admiration|confusion|curiosity|disgust|love|remorse|sadness|neutral
1381,6,confusion,0|1|11|15|22|26,admiration|amusement|disgust|gratitude|realization|surprise
1382,3,annoyance,6|7|8|9|10|11|17|27,confusion|curiosity|desire|disappointment|disapproval|disgust|joy|neutral
1383,4,approval,1|2|3|4|5|7|15,amusement|anger|annoyance|approval|caring|curiosity|gratitude
1384,8|16,desire|grief,0|2|3|9|10|17|27,admiration|anger|annoyance|disappointment|disapproval|joy|neutral
1385,15,gratitude,1|4|8|9|15|18|25,amusement|approval|desire|disappointment|gratitude|love|sadness
1386,22,realization,4|9|15|22|27,approval|disappointment|gratitude|realization|neutral
1387,27,neutral,3|4|7|8|14|20|23,annoyance|approval|curiosity|desire|fear|optimism|relief
1388,4,approval,9|10|18|27,disappointment|disapproval|love|neutral
1389,27,neutral,0|1|4|11|17|22|26,admiration|amusement|approval|disgust|joy|realization|surprise
1390,27,neutral,3|13|17|20,annoyance|excitement|joy|optimism
1391,9|14,disappointment|fear,1|2|5|6|9|10|27,amusement|anger|caring|confusion|disappointment|disapproval|neutral
1392,2,anger,0|7|9|13|14|27,admiration|curiosity|disappointment|excitement|fear|neutral
1393,0,admiration,0|1|7|22|24|27,admiration|amusement|curiosity|realization|remorse|neutral
1394,15,gratitude,0|1|3|9|15|18|20|22,admiration|amusement|annoyance|disappointment|gratitude|love|optimism|realization
1395,17|22,joy|realization,0|2|5|6|13|17|27,admiration|anger|caring|confusion|excitement|joy|neutral
1396,2,anger,0|20|25|27,admiration|optimism|sadness|neutral
1397,20,optimism,3|4|9|10|20|25|27,annoyance|approval|disappointment|disapproval|optimism|sadness|neutral
1398,27,neutral,7|9|14|25|27,curiosity|disappointment|fear|sadness|neutral
1399,1,amusement,0|13|18|22|25|27,admiration|excitement|love|realization|sadness|neutral
1400,11|14,disgust|fear,0|1|2|4|6|10|17|26,admiration|amusement|anger|approval|confusion|disapproval|joy|surprise
1401,9,disappointment,7|10|11|13|17|27,curiosity|disapproval|disgust|excitement|joy|neutral
1402,0,admiration,1|3|8|9|25,amusement|annoyance|desire|disappointment|sadness
1403,0,admiration,3|4|9|15|17|18|20|25,annoyance|approval|disappointment|gratitude|joy|love|optimism|sadness
1404,18,love,1|2|17|27,amusement|anger|joy|neutral
1405,5|6,caring|confusion,0|1|7|9|10|17|18|25,admiration|amusement|curiosity|disappointment|disapproval|joy|love|sadness
1406,27,neutral,3|5|6|13|26|27,annoyance|caring|confusion|excitement|surprise|neutral
1407,2,anger,2|5|18,anger|caring|love
1408,0,admiration,0|5|6|8|11|15|18|27,admiration|caring|confusion|desire|disgust|gratitude|love|neutral
1409,27,neutral,4|6|7|9|11|15|18|27,approval|confusion|curiosity|disappointment|disgust|gratitude|love|neutral
1410,4,approval,5|8|11|15|18|22|26,caring|desire|disgust|gratitude|love|realization|surprise
1411,18,love,1|2|5|18|20|27,amusement|anger|caring|love|optimism|neutral
1412,27,neutral,1|3|4|5|15|20|27,amusement|annoyance|approval|caring|gratitude|optimism|neutral
1413,27,neutral,1|2|11|13|15|18|24|26,amusement|anger|disgust|excitement|gratitude|love|remorse|surprise
1414,17,joy,4|6|11|13|15|17|25|26,approval|confusion|disgust|excitement|gratitude|joy|sadness|surprise
1415,20,optimism,6|7|14|26|27,confusion|curiosity|fear|surprise|neutral
1416,27,neutral,9|18|25|27,disappointment|love|sadness|neutral
1417,27,neutral,1|6|7|12,amusement|confusion|curiosity|embarrassment
1418,27,neutral,0|2|11|15,admiration|anger|disgust|gratitude
1419,26,surprise,1|11|15|22|24|25,amusement|disgust|gratitude|realization|remorse|sadness
1420,27,neutral,4|10|17|27,approval|disapproval|joy|neutral
1421,0,admiration,3|4|10|11|17|20,annoyance|approval|disapproval|disgust|joy|optimism
1422,20,optimism,3|7|9|10|20|26,annoyance|curiosity|disappointment|disapproval|optimism|surprise
1423,27,neutral,0|4|6|10|22|25|27,admiration|approval|confusion|disapproval|realization|sadness|neutral
1424,4|8,approval|desire,1|5|6|11|17|18|20|22|25|27,amusement|caring|confusion|disgust|joy|love|optimism|realization|sadness|neutral
1425,12,embarrassment,0|2|4|5|9|16|25|27,admiration|anger|approval|caring|disappointment|grief|sadness|neutral
1426,0,admiration,1|4|5|6|15|17|23|26,amusement|approval|caring|confusion|gratitude|joy|relief|surprise
1427,4,approval,0|1|6|13|15|17|26,admiration|amusement|confusion|excitement|gratitude|joy|surprise
1428,15,gratitude,1|3|17|22|26|27,amusement|annoyance|joy|realization|surprise|neutral
1429,16,grief,0|2|8|10|15|19|26|27,admiration|anger|desire|disapproval|gratitude|nervousness|surprise|neutral
1430,0|15,admiration|gratitude,0|1|6|13|17,admiration|amusement|confusion|excitement|joy
1431,3,annoyance,5|7|13|17|26|27,caring|curiosity|excitement|joy|surprise|neutral
1432,27,neutral,8|14|18,desire|fear|love
1433,20|21,optimism|pride,3|4|9|11|14|15|26,annoyance|approval|disappointment|disgust|fear|gratitude|surprise
1434,2|9|22,anger|disappointment|realization,1|2|3|4|5|6|11|14|22|25|26,amusement|anger|annoyance|approval|caring|confusion|disgust|fear|realization|sadness|surprise
1435,0,admiration,0|3|15|17|22|25,admiration|annoyance|gratitude|joy|realization|sadness
1436,1,amusement,2|4|5|7|9|10|13|15|18|22|26,anger|approval|caring|curiosity|disappointment|disapproval|excitement|gratitude|love|realization|surprise
1437,27,neutral,3|5|6|8|9|11|18|20|25,annoyance|caring|confusion|desire|disappointment|disgust|love|optimism|sadness
1438,11,disgust,0|4|6|9|13|14|17|20|26|27,admiration|approval|confusion|disappointment|excitement|fear|joy|optimism|surprise|neutral
1439,1,amusement,2|4|7|8|9|10|11|17|25,anger|approval|curiosity|desire|disappointment|disapproval|disgust|joy|sadness
1440,27,neutral,0|1|10|15|22,admiration|amusement|disapproval|gratitude|realization
1441,9|25,disappointment|sadness,1|2|5|9|11|18|24,amusement|anger|caring|disappointment|disgust|love|remorse
1442,27,neutral,6|13|14|26,confusion|excitement|fear|surprise
1443,15,gratitude,1|2|14|15|18|25|27,amusement|anger|fear|gratitude|love|sadness|neutral
1444,14,fear,0|1|4|10|13|14|18|22|27,admiration|amusement|approval|disapproval|excitement|fear|love|realization|neutral
1445,27,neutral,13|15|23|27,excitement|gratitude|relief|neutral
1446,27,neutral,1|2|15|18|20|21,amusement|anger|gratitude|love|optimism|pride
1447,7,curiosity,2|15|17|20|25|27,anger|gratitude|joy|optimism|sadness|neutral
1448,0|27,admiration|neutral,0|1|3|7|10|11|13|17|18,admiration|amusement|annoyance|curiosity|disapproval|disgust|excitement|joy|love
1449,27,neutral,0|3|11|13|15|17|18|27,admiration|annoyance|disgust|excitement|gratitude|joy|love|neutral
1450,11,disgust,1|2|3|13|17|18|25|27,amusement|anger|annoyance|excitement|joy|love|sadness|neutral
1451,15,gratitude,0|1|7|18|26|27,admiration|amusement|curiosity|love|surprise|neutral
1452,27,neutral,6|7|14|18|20|27,confusion|curiosity|fear|love|optimism|neutral
1453,27,neutral,1|4|8|9|10|13|27,amusement|approval|desire|disappointment|disapproval|excitement|neutral
1454,7,curiosity,0|2|3|4|5|13|20|25,admiration|anger|annoyance|approval|caring|excitement|optimism|sadness
1455,27,neutral,0|3|4|18|24|26,admiration|annoyance|approval|love|remorse|surprise
1456,27,neutral,0|6|7|10|17|20,admiration|confusion|curiosity|disapproval|joy|optimism
1457,27,neutral,0|1|2|4|6|11|14|17|20|22|25|27,admiration|amusement|anger|approval|confusion|disgust|fear|joy|optimism|realization|sadness|neutral
1458,27,neutral,4|17|22|27,approval|joy|realization|neutral
1459,27,neutral,0|5|6|7|25|27,admiration|caring|confusion|curiosity|sadness|neutral
1460,1,amusement,0|6|7|18|20|25,admiration|confusion|curiosity|love|optimism|sadness
1461,27,neutral,2|9|15|17|18|22|25|27,anger|disappointment|gratitude|joy|love|realization|sadness|neutral
1462,3,annoyance,0|1|7|10|15|22,admiration|amusement|curiosity|disapproval|gratitude|realization
1463,2,anger,0|4|20|22,admiration|approval|optimism|realization
1464,1,amusement,2|6|10|13|18|24|25|27,anger|confusion|disapproval|excitement|love|remorse|sadness|neutral
1465,0,admiration,0|6|15|18|22,admiration|confusion|gratitude|love|realization
1466,27,neutral,1|2|3|7|8|27,amusement|anger|annoyance|curiosity|desire|neutral
1467,15|17,gratitude|joy,7|11|14|15|18|27,curiosity|disgust|fear|gratitude|love|neutral
1468,3,annoyance,3|6|7|8|17|18,annoyance|confusion|curiosity|desire|joy|love
1469,18,love,4|7|14|17|26|27,approval|curiosity|fear|joy|surprise|neutral
1470,15,gratitude,0|4|5|10|18|25|27,admiration|approval|caring|disapproval|love|sadness|neutral
1471,22,realization,0|4|7|10|11|17|22,admiration|approval|curiosity|disapproval|disgust|joy|realization
1472,9,disappointment,0|3|22,admiration|annoyance|realization
1473,2,anger,7|10|18|25|26,curiosity|disapproval|love|sadness|surprise
1474,0,admiration,0|6|15,admiration|confusion|gratitude
1475,27,neutral,0|1|6|10|15|25|27,admiration|amusement|confusion|disapproval|gratitude|sadness|neutral
1476,15,gratitude,1|2|10|13|15|27,amusement|anger|disapproval|excitement|gratitude|neutral
1477,27,neutral,4|5|6|9|12|17|20|25,approval|caring|confusion|disappointment|embarrassment|joy|optimism|sadness
1478,6,confusion,0|1|9|10|17|22|26|27,admiration|amusement|disappointment|disapproval|joy|realization|surprise|neutral
1479,15,gratitude,5|7|9,caring|curiosity|disappointment
1480,19,nervousness,4|13|18|27,approval|excitement|love|neutral
1481,27,neutral,3|4|10|13|15|18,annoyance|approval|disapproval|excitement|gratitude|love
1482,9,disappointment,5|6|8|10|14|18|25|27,caring|confusion|desire|disapproval|fear|love|sadness|neutral
1483,4,approval,2|7|18,anger|curiosity|love
1484,18,love,3|5|7|9|10|15|20|26,annoyance|caring|curiosity|disappointment|disapproval|gratitude|optimism|surprise
1485,26,surprise,0|6|8|13|15|17|24|25|27,admiration|confusion|desire|excitement|gratitude|joy|remorse|sadness|neutral
1486,4,approval,3|6|7|9|10|27,annoyance|confusion|curiosity|disappointment|disapproval|neutral
1487,27,neutral,0|5|11|18|22,admiration|caring|disgust|love|realization
1488,3|10,annoyance|disapproval,1|2|3|8|11|15|17|20|22,amusement|anger|annoyance|desire|disgust|gratitude|joy|optimism|realization
1489,17,joy,2|3|4|6|9|10|11|25,anger|annoyance|approval|confusion|disappointment|disapproval|disgust|sadness
1490,27,neutral,1|13|25|26|27,amusement|excitement|sadness|surprise|neutral
1491,27,neutral,1|3|7|8|13|17|25,amusement|annoyance|curiosity|desire|excitement|joy|sadness
1492,27,neutral,3|4|7|15|18|24|27,annoyance|approval|curiosity|gratitude|love|remorse|neutral
1493,14,fear,0|3|17,admiration|annoyance|joy
1494,27,neutral,0|1|4|5|10|11|26|27,admiration|amusement|approval|caring|disapproval|disgust|surprise|neutral
1495,27,neutral,0|1|2|3|7|10|11,admiration|amusement|anger|annoyance|curiosity|disapproval|disgust
1496,26,surprise,0|5|6|7|15|18|26,admiration|caring|confusion|curiosity|gratitude|love|surprise
1497,22|24,realization|remorse,5|7|13|14|15|18|20|25|27,caring|curiosity|excitement|fear|gratitude|love|optimism|sadness|neutral
1498,0,admiration,22|26|27,realization|surprise|neutral
1499,9,disappointment,0|1|3|18|22,admiration|amusement|annoyance|love|realization
1500,4,approval,0|2|3|7|11|26|27,admiration|anger|annoyance|curiosity|disgust|surprise|neutral
1501,15,gratitude,0|1|4|5|8|15|22,admiration|amusement|approval|caring|desire|gratitude|realization
1502,27,neutral,6|9|11|15|18|25|27,confusion|disappointment|disgust|gratitude|love|sadness|neutral
1503,6,confusion,3|10|13|15|22|25|26,annoyance|disapproval|excitement|gratitude|realization|sadness|surprise
1504,0,admiration,2|3|7|8|9|15|17|22,anger|annoyance|curiosity|desire|disappointment|gratitude|joy|realization
1505,27,neutral,0|2|4|5|7|11|20|22|26,admiration|anger|approval|caring|curiosity|disgust|optimism|realization|surprise
1506,27,neutral,0|3|10|27,admiration|annoyance|disapproval|neutral
1507,3,annoyance,3|8|10|11|14|15|17,annoyance|desire|disapproval|disgust|fear|gratitude|joy
1508,10,disapproval,1|3|4|5|6|7|8|11|15,amusement|annoyance|approval|caring|confusion|curiosity|desire|disgust|gratitude
1509,15,gratitude,4|6|9|13|15|27,approval|confusion|disappointment|excitement|gratitude|neutral
1510,20|25,optimism|sadness,6|15|26|27,confusion|gratitude|surprise|neutral
1511,26,surprise,5|7|10|13|14,caring|curiosity|disapproval|excitement|fear
1512,27,neutral,5|13|18|22,caring|excitement|love|realization
1513,15,gratitude,1|10|14|15|18|20,amusement|disapproval|fear|gratitude|love|optimism
1514,15,gratitude,1|3|6|7|9|17,amusement|annoyance|confusion|curiosity|disappointment|joy
1515,5,caring,7|10|14|20|22|25,curiosity|disapproval|fear|optimism|realization|sadness
1516,10,disapproval,1|3|9|11|15|20|22,amusement|annoyance|disappointment|disgust|gratitude|optimism|realization
1517,27,neutral,0|8|18|26|27,admiration|desire|love|surprise|neutral
1518,18,love,0|4|5|6|9|10|13|15|18|20|27,admiration|approval|caring|confusion|disappointment|disapproval|excitement|gratitude|love|optimism|neutral
1519,10,disapproval,4|7|9|10|13|14|20|24|26,approval|curiosity|disappointment|disapproval|excitement|fear|optimism|remorse|surprise
1520,7,curiosity,0|2|6|8|9|15|22,admiration|anger|confusion|desire|disappointment|gratitude|realization
1521,27,neutral,1|4|6|7|10|15|22|25|27,amusement|approval|confusion|curiosity|disapproval|gratitude|realization|sadness|neutral
1522,27,neutral,4|7|13|18|26|27,approval|curiosity|excitement|love|surprise|neutral
1523,27,neutral,2|6|12|20|27,anger|confusion|embarrassment|optimism|neutral
1524,11|20,disgust|optimism,0|3|6|11|18|27,admiration|annoyance|confusion|disgust|love|neutral
1525,27,neutral,3|4|5|8|10|13|22,annoyance|approval|caring|desire|disapproval|excitement|realization
1526,5,caring,0|7|15|18|20|22|24,admiration|curiosity|gratitude|love|optimism|realization|remorse
1527,0,admiration,2|4|5|6|13|14|22|25|26,anger|approval|caring|confusion|excitement|fear|realization|sadness|surprise
1528,27,neutral,3|5|6|8|9|14|15|18|20|22|26,annoyance|caring|confusion|desire|disappointment|fear|gratitude|love|optimism|realization|surprise
1529,15,gratitude,1|6|10|13|20|22|27,amusement|confusion|disapproval|excitement|optimism|realization|neutral
1530,17,joy,0|3|7|12|18|20|26,admiration|annoyance|curiosity|embarrassment|love|optimism|surprise
1531,3,annoyance,4|7|11|13|18|27,approval|curiosity|disgust|excitement|love|neutral
1532,4,approval,9|12|14|15|18|27,disappointment|embarrassment|fear|gratitude|love|neutral
1533,27,neutral,5|20|22|27,caring|optimism|realization|neutral
1534,20,optimism,1|2|3|4|7|9|10|20|22|25|27,amusement|anger|annoyance|approval|curiosity|disappointment|disapproval|optimism|realization|sadness|neutral
1535,4,approval,4|5|6|7|9|15|17|20|25|26,approval|caring|confusion|curiosity|disappointment|gratitude|joy|optimism|sadness|surprise
1536,27,neutral,0|1|3|13|27,admiration|amusement|annoyance|excitement|neutral
1537,1,amusement,0|3|4|15|18|22,admiration|annoyance|approval|gratitude|love|realization
1538,24,remorse,6|7|8|9|13|15|17|20|27,confusion|curiosity|desire|disappointment|excitement|gratitude|joy|optimism|neutral
1539,20,optimism,1|2|9|11|13|18|22|24|25,amusement|anger|disappointment|disgust|excitement|love|realization|remorse|sadness
1540,18,love,4|5|6|7|11|24|25,approval|caring|confusion|curiosity|disgust|remorse|sadness
1541,27,neutral,0|2|4|8|20|27,admiration|anger|approval|desire|optimism|neutral
1542,5,caring,0|1|2|3|8|17|22|26,admiration|amusement|anger|annoyance|desire|joy|realization|surprise
1543,27,neutral,7|9|17|25|26|27,curiosity|disappointment|joy|sadness|surprise|neutral
1544,18,love,1|7|9|11|15|18|22|25|26,amusement|curiosity|disappointment|disgust|gratitude|love|realization|sadness|surprise
1545,17,joy,1|3|13|17|19|25|27,amusement|annoyance|excitement|joy|nervousness|sadness|neutral
1546,15,gratitude,1|6|7|10|26,amusement|confusion|curiosity|disapproval|surprise
1547,2|9,anger|disappointment,0|1|11|17|18,admiration|amusement|disgust|joy|love
1548,5,caring,0|3|8|10|15|25|27,admiration|annoyance|desire|disapproval|gratitude|sadness|neutral
1549,27,neutral,0|15|17|25|26|27,admiration|gratitude|joy|sadness|surprise|neutral
1550,0,admiration,5|6|18|22|27,caring|confusion|love|realization|neutral
1551,19,nervousness,0|1|5|14|15|18|25|27,admiration|amusement|caring|fear|gratitude|love|sadness|neutral
1552,1,amusement,6|7|9|14|22|26|27,confusion|curiosity|disappointment|fear|realization|surprise|neutral
1553,17,joy,3|10|15|27,annoyance|disapproval|gratitude|neutral
1554,13,excitement,1|3|7|10|13,amusement|annoyance|curiosity|disapproval|excitement
1555,4,approval,10|27,disapproval|neutral
1556,26,surprise,0|6|7|15|18|27,admiration|confusion|curiosity|gratitude|love|neutral
1557,17|20,joy|optimism,0|3|9|20|25|27,admiration|annoyance|disappointment|optimism|sadness|neutral
1558,3|11,annoyance|disgust,0|2|4|10,admiration|anger|approval|disapproval
1559,4,approval,1|4|9|13|14|15|17|18|25|27,amusement|approval|disappointment|excitement|fear|gratitude|joy|love|sadness|neutral
1560,17,joy,0|1|3|4|6|14|15|27,admiration|amusement|annoyance|approval|confusion|fear|gratitude|neutral
1561,10,disapproval,1|3|7|9|13|17|22|25|26,amusement|annoyance|curiosity|disappointment|excitement|joy|realization|sadness|surprise
1562,1,amusement,0|9|10|13|15|18,admiration|disappointment|disapproval|excitement|gratitude|love
1563,8,desire,1|3|5|6|13|15|17|22,amusement|annoyance|caring|confusion|excitement|gratitude|joy|realization
1564,15,gratitude,1|2|17|25|27,amusement|anger|joy|sadness|neutral
1565,1,amusement,0|1|5|6|7|18|27,admiration|amusement|caring|confusion|curiosity|love|neutral
1566,10|11,disapproval|disgust,1|6|9|13,amusement|confusion|disappointment|excitement
1567,0,admiration,1|3|7|10|27,amusement|annoyance|curiosity|disapproval|neutral
1568,27,neutral,0|2|4|15|20|22|23,admiration|anger|approval|gratitude|optimism|realization|relief
1569,20|25,optimism|sadness,1|5|9|10|11|18|25,amusement|caring|disappointment|disapproval|disgust|love|sadness
1570,27,neutral,3|4|17|27,annoyance|approval|joy|neutral
1571,27,neutral,0|1|3|4|8|15|20|27,admiration|amusement|annoyance|approval|desire|gratitude|optimism|neutral
1572,0,admiration,0|2|6|11|13|18|20,admiration|anger|confusion|disgust|excitement|love|optimism
1573,5,caring,3|6|11|15,annoyance|confusion|disgust|gratitude
1574,6,confusion,0|2|11|22|27,admiration|anger|disgust|realization|neutral
1575,6,confusion,1|7|13|15,amusement|curiosity|excitement|gratitude
1576,1|4,amusement|approval,0|3|9|15|18|24|26,admiration|annoyance|disappointment|gratitude|love|remorse|surprise
1577,0|18,admiration|love,1|3|4|8|9|12|26|27,amusement|annoyance|approval|desire|disappointment|embarrassment|surprise|neutral
1578,27,neutral,1|5|17|22|25|26|27,amusement|caring|joy|realization|sadness|surprise|neutral
1579,9,disappointment,1|5|10|17|18|20|25,amusement|caring|disapproval|joy|love|optimism|sadness
1580,27,neutral,4|9|18|19|20,approval|disappointment|love|nervousness|optimism
1581,10,disapproval,0|1|2,admiration|amusement|anger
1582,15,gratitude,2|5|6|10|11|20|24,anger|caring|confusion|disapproval|disgust|optimism|remorse
1583,21,pride,5|11|15|20|27,caring|disgust|gratitude|optimism|neutral
1584,6,confusion,0|1|2|4|9|10|11|17|18|22|24,admiration|amusement|anger|approval|disappointment|disapproval|disgust|joy|love|realization|remorse
1585,27,neutral,1|2|4|6|15|25,amusement|anger|approval|confusion|gratitude|sadness
1586,15,gratitude,0|1|5|10|15|22|27,admiration|amusement|caring|disapproval|gratitude|realization|neutral
1587,3|10,annoyance|disapproval,1|5|13|20|23|26,amusement|caring|excitement|optimism|relief|surprise
1588,4|27,approval|neutral,2|3|15|27,anger|annoyance|gratitude|neutral
1589,11,disgust,1|3|5|7|15|25|27,amusement|annoyance|caring|curiosity|gratitude|sadness|neutral
1590,26,surprise,0|1|7|9|12|13|18|22|27,admiration|amusement|curiosity|disappointment|embarrassment|excitement|love|realization|neutral
1591,4,approval,3|15|17|20|27,annoyance|gratitude|joy|optimism|neutral
1592,17,joy,1|2|3|10|15|18|20,amusement|anger|annoyance|disapproval|gratitude|love|optimism
1593,10,disapproval,0|4|5|6|13|15|26,admiration|approval|caring|confusion|excitement|gratitude|surprise
1594,14|19,fear|nervousness,0|2|7|11|13|20|26|27,admiration|anger|curiosity|disgust|excitement|optimism|surprise|neutral
1595,27,neutral,4|6|9|13|17|19|24|26|27,approval|confusion|disappointment|excitement|joy|nervousness|remorse|surprise|neutral
1596,27,neutral,2|7|8|10|11|20|27,anger|curiosity|desire|disapproval|disgust|optimism|neutral
1597,3|26,annoyance|surprise,3|5|10|13|18|26,annoyance|caring|disapproval|excitement|love|surprise
1598,27,neutral,1|6|15,amusement|confusion|gratitude
1599,0,admiration,1|4|15|17|20|24|25,amusement|approval|gratitude|joy|optimism|remorse|sadness
1600,7,curiosity,3|4|9|13|15|17|20,annoyance|approval|disappointment|excitement|gratitude|joy|optimism
1601,18,love,2|3|8|9|14|18|27,anger|annoyance|desire|disappointment|fear|love|neutral
1602,10,disapproval,0|4|6|9|11|27,admiration|approval|confusion|disappointment|disgust|neutral
1603,0,admiration,0|2|15|17|25|27,admiration|anger|gratitude|joy|sadness|neutral
1604,27,neutral,6|7|10|13|22|25,confusion|curiosity|disapproval|excitement|realization|sadness
1605,27,neutral,0|1|4|5|6|8|10|13|17|22|25|26|27,admiration|amusement|approval|caring|confusion|desire|disapproval|excitement|joy|realization|sadness|surprise|neutral
1606,18,love,0|2|4|7|10|12|14|27,admiration|anger|approval|curiosity|disapproval|embarrassment|fear|neutral
1607,27,neutral,0|2|3|10|13|14|20|22,admiration|anger|annoyance|disapproval|excitement|fear|optimism|realization
1608,3|25,annoyance|sadness,1|7|11|22,amusement|curiosity|disgust|realization
1609,27,neutral,0|5|13|14|15|18|22,admiration|caring|excitement|fear|gratitude|love|realization
1610,1|10,amusement|disapproval,3|6|7|8|9|22|27,annoyance|confusion|curiosity|desire|disappointment|realization|neutral
1611,1,amusement,2|3|5|6|15|18|20|22|27,anger|annoyance|caring|confusion|gratitude|love|optimism|realization|neutral
1612,2,anger,3|5|7|9|20|27,annoyance|caring|curiosity|disappointment|optimism|neutral
1613,27,neutral,1|3|9|14|15|18|22|25,amusement|annoyance|disappointment|fear|gratitude|love|realization|sadness
1614,7|13,curiosity|excitement,1|7|8|10|17|25|26,amusement|curiosity|desire|disapproval|joy|sadness|surprise
1615,27,neutral,0|2|6|7|11|25,admiration|anger|confusion|curiosity|disgust|sadness
1616,27,neutral,2|7|10|18|22|26,anger|curiosity|disapproval|love|realization|surprise
1617,27,neutral,1|3|4|10|25,amusement|annoyance|approval|disapproval|sadness
1618,17,joy,2|9|10|13|14,anger|disappointment|disapproval|excitement|fear
1619,0|15,admiration|gratitude,5|9|26|27,caring|disappointment|surprise|neutral
1620,0|7,admiration|curiosity,3|6|9|10|15|17|18,annoyance|confusion|disappointment|disapproval|gratitude|joy|love
1621,27,neutral,7|14|27,curiosity|fear|neutral
1622,1|27,amusement|neutral,0|2|7|8|11|15,admiration|anger|curiosity|desire|disgust|gratitude
1623,1,amusement,3|4|9|10|14|20|24|26,annoyance|approval|disappointment|disapproval|fear|optimism|remorse|surprise
1624,10,disapproval,2|3|4|6|9|11|14|18|22|25,anger|annoyance|approval|confusion|disappointment|disgust|fear|love|realization|sadness
1625,27,neutral,1|5|8|9|10|13|18|20|26,amusement|caring|desire|disappointment|disapproval|excitement|love|optimism|surprise
1626,27,neutral,3|6|10|24|26|27,annoyance|confusion|disapproval|remorse|surprise|neutral
1627,27,neutral,1|2|4|6|10|13|15|17|20|22,amusement|anger|approval|confusion|disapproval|excitement|gratitude|joy|optimism|realization
1628,1,amusement,1|3|4|5|10|13|18|24|25|27,amusement|annoyance|approval|caring|disapproval|excitement|love|remorse|sadness|neutral
1629,3|9,annoyance|disappointment,1|7|11|25|27,amusement|curiosity|disgust|sadness|neutral
1630,5,caring,2|3|7|14|15|18|22|25,anger|annoyance|curiosity|fear|gratitude|love|realization|sadness
1631,22,realization,1|4|6|7|9|14|22,amusement|approval|confusion|curiosity|disappointment|fear|realization
1632,0,admiration,4|7|22|27,approval|curiosity|realization|neutral
1633,17,joy,15|20|27,gratitude|optimism|neutral
1634,27,neutral,0|7|9,admiration|curiosity|disappointment
1635,0,admiration,1|5|6|7|9|10|15|17|27,amusement|caring|confusion|curiosity|disappointment|disapproval|gratitude|joy|neutral
1636,10,disapproval,8|9|17|26|27,desire|disappointment|joy|surprise|neutral
1637,6|7,confusion|curiosity,1|10|19|22|25|27,amusement|disapproval|nervousness|realization|sadness|neutral
1638,27,neutral,0|1|2|3|5|24,admiration|amusement|anger|annoyance|caring|remorse
1639,6|7,confusion|curiosity,1|2|6|7|18|20|22|27,amusement|anger|confusion|curiosity|love|optimism|realization|neutral
1640,19,nervousness,0|6|10|11|15|18|25,admiration|confusion|disapproval|disgust|gratitude|love|sadness
1641,27,neutral,0|1|3|15|17|20,admiration|amusement|annoyance|gratitude|joy|optimism
1642,27,neutral,3|5|26|27,annoyance|caring|surprise|neutral
1643,27,neutral,0|1|2|3|5|7|9|14|17|26,admiration|amusement|anger|annoyance|caring|curiosity|disappointment|fear|joy|surprise
1644,22,realization,0|4|13|15|17|22,admiration|approval|excitement|gratitude|joy|realization
1645,27,neutral,0|1|7|10|13|15|17,admiration|amusement|curiosity|disapproval|excitement|gratitude|joy
1646,10,disapproval,13|20|27,excitement|optimism|neutral
1647,27,neutral,3|5|8|9|13|17|25,annoyance|caring|desire|disappointment|excitement|joy|sadness
1648,1,amusement,2|3|5|7|11|20|22,anger|annoyance|caring|curiosity|disgust|optimism|realization
1649,15,gratitude,0|2|6|7,admiration|anger|confusion|curiosity
1650,27,neutral,1|3|6|8|9|12|13|14|15|20|27,amusement|annoyance|confusion|desire|disappointment|embarrassment|excitement|fear|gratitude|optimism|neutral
1651,27,neutral,0|4|15|20,admiration|approval|gratitude|optimism
1652,15,gratitude,6|13|18|25,confusion|excitement|love|sadness
1653,27,neutral,2|3|4|6|13|27,anger|annoyance|approval|confusion|excitement|neutral
1654,4,approval,0|4|6|9|13|22|26|27,admiration|approval|confusion|disappointment|excitement|realization|surprise|neutral
1655,15,gratitude,0|8|20|27,admiration|desire|optimism|neutral
1656,22,realization,0|5|6|18|25|27,admiration|caring|confusion|love|sadness|neutral
1657,2,anger,0|13|15|17|18,admiration|excitement|gratitude|joy|love
1658,0,admiration,0|4|8|15|22|27,admiration|approval|desire|gratitude|realization|neutral
1659,0,admiration,3|6|8|9|25|27,annoyance|confusion|desire|disappointment|sadness|neutral
1660,22,realization,0|3|4|9|10|13|15|17,admiration|annoyance|approval|disappointment|disapproval|excitement|gratitude|joy
1661,26,surprise,2|4|5|11|13|18|20|25|26,anger|approval|caring|disgust|excitement|love|optimism|sadness|surprise
1662,27,neutral,5|6|10|17,caring|confusion|disapproval|joy
1663,4|7,approval|curiosity,3|5|7|13|14|15|17|18|22|25|26,annoyance|caring|curiosity|excitement|fear|gratitude|joy|love|realization|sadness|surprise
1664,20,optimism,5|7|10|13|15|27,caring|curiosity|disapproval|excitement|gratitude|neutral
1665,0|7,admiration|curiosity,2|3|5|9|18|20|22,anger|annoyance|caring|disappointment|love|optimism|realization
1666,2,anger,0|2|3|6|10|18|24|26,admiration|anger|annoyance|confusion|disapproval|love|remorse|surprise
1667,10|26,disapproval|surprise,2|9|13|15|26,anger|disappointment|excitement|gratitude|surprise
1668,25,sadness,0|1|4|15|17|20|26,admiration|amusement|approval|gratitude|joy|optimism|surprise
1669,3|10,annoyance|disapproval,4|7|18|22|26,approval|curiosity|love|realization|surprise
1670,27,neutral,1|4|15|27,amusement|approval|gratitude|neutral
1671,1,amusement,1|4|5|14|17|20|26|27,amusement|approval|caring|fear|joy|optimism|surprise|neutral
1672,6,confusion,1|5|18|20|27,amusement|caring|love|optimism|neutral
1673,4,approval,2|4|7|13|14,anger|approval|curiosity|excitement|fear
1674,0|4|18,admiration|approval|love,3|4|6|7|8|12|18|27,annoyance|approval|confusion|curiosity|desire|embarrassment|love|neutral
1675,20,optimism,4|8|11|12|14|15|20|26|27,approval|desire|disgust|embarrassment|fear|gratitude|optimism|surprise|neutral
1676,15|18,gratitude|love,4|5|7|11|15|17|25,approval|caring|curiosity|disgust|gratitude|joy|sadness
1677,10,disapproval,3|14|20|22|24|27,annoyance|fear|optimism|realization|remorse|neutral
1678,27,neutral,2|3|10|13|22,anger|annoyance|disapproval|excitement|realization
1679,22,realization,0|1|2|4|6|10|14|17|18|24,admiration|amusement|anger|approval|confusion|disapproval|fear|joy|love|remorse
1680,27,neutral,3|7|10|15|18|20|22|27,annoyance|curiosity|disapproval|gratitude|love|optimism|realization|neutral
1681,10,disapproval,0|10|18|25|26,admiration|disapproval|love|sadness|surprise
1682,7,curiosity,1|3|7|10|15|24|26|27,amusement|annoyance|curiosity|disapproval|gratitude|remorse|surprise|neutral
1683,27,neutral,3|10|13|14|15|18,annoyance|disapproval|excitement|fear|gratitude|love
1684,0,admiration,1|3|4|7|18|19|24|25,amusement|annoyance|approval|curiosity|love|nervousness|remorse|sadness
1685,17,joy,1|4|6|7|8|9|14|22|27,amusement|approval|confusion|curiosity|desire|disappointment|fear|realization|neutral
1686,20,optimism,0|2|3|4|15,admiration|anger|annoyance|approval|gratitude
1687,5,caring,0|3|6|20|26,admiration|annoyance|confusion|optimism|surprise
1688,4,approval,1|2|10|12,amusement|anger|disapproval|embarrassment
1689,27,neutral,1|3|4|6|13|18|20|22|26,amusement|annoyance|approval|confusion|excitement|love|optimism|realization|surprise
1690,27,neutral,0|2|7|9|14|18|20|25|26,admiration|anger|curiosity|disappointment|fear|love|optimism|sadness|surprise
1691,27,neutral,3|4|5|6|11|13|27,annoyance|approval|caring|confusion|disgust|excitement|neutral
1692,18,love,0|1|3|6|15,admiration|amusement|annoyance|confusion|gratitude
1693,0,admiration,0|3|7|10|17|20,admiration|annoyance|curiosity|disapproval|joy|optimism
1694,4,approval,1|20|27,amusement|optimism|neutral
1695,17,joy,4|15|25,approval|gratitude|sadness
1696,7|27,curiosity|neutral,0|3|4|7|13|15|25|26,admiration|annoyance|approval|curiosity|excitement|gratitude|sadness|surprise
1697,0,admiration,2|5|10|15|27,anger|caring|disapproval|gratitude|neutral
1698,3,annoyance,2|3|10|11|15,anger|annoyance|disapproval|disgust|gratitude
1699,0,admiration,0|1|3|4|7|15|27,admiration|amusement|annoyance|approval|curiosity|gratitude|neutral
1700,27,neutral,3|6|10|12|17,annoyance|confusion|disapproval|embarrassment|joy
1701,7,curiosity,7|8|10|20|22|27,curiosity|desire|disapproval|optimism|realization|neutral
1702,0,admiration,6|7|8|10|27,confusion|curiosity|desire|disapproval|neutral
1703,5|11,caring|disgust,5|7|10|13|22|25|27,caring|curiosity|disapproval|excitement|realization|sadness|neutral
1704,2,anger,1|2|9|13|25|26,amusement|anger|disappointment|excitement|sadness|surprise
1705,27,neutral,1|6|9|17|18|20|22,amusement|confusion|disappointment|joy|love|optimism|realization
1706,27,neutral,3|18|22|26,annoyance|love|realization|surprise
1707,27,neutral,1|2|4|8|11|13,amusement|anger|approval|desire|disgust|excitement
1708,2,anger,3|9|15|27,annoyance|disappointment|gratitude|neutral
1709,1|3|18,amusement|annoyance|love,0|4|27,admiration|approval|neutral
1710,4,approval,2|3|4|6,anger|annoyance|approval|confusion
1711,5,caring,0|2|3|13|15|18,admiration|anger|annoyance|excitement|gratitude|love
1712,4|5,approval|caring,3|10|11|18|22|25|27,annoyance|disapproval|disgust|love|realization|sadness|neutral
1713,10,disapproval,0|2|7|13|15|27,admiration|anger|curiosity|excitement|gratitude|neutral
1714,18,love,0|3|6|17|25|27,admiration|annoyance|confusion|joy|sadness|neutral
1715,9,disappointment,0|2|3|6|15,admiration|anger|annoyance|confusion|gratitude
1716,3,annoyance,0|3|7|13|18|20|22|25|26|27,admiration|annoyance|curiosity|excitement|love|optimism|realization|sadness|surprise|neutral
1717,15,gratitude,0|1|8|20|24,admiration|amusement|desire|optimism|remorse
1718,22,realization,0|5|13|24|27,admiration|caring|excitement|remorse|neutral
1719,13,excitement,1|2|26,amusement|anger|surprise
1720,0,admiration,10|11|14|15|27,disapproval|disgust|fear|gratitude|neutral
1721,15,gratitude,0|2|5|11|13|17|22,admiration|anger|caring|disgust|excitement|joy|realization
1722,3|11,annoyance|disgust,5|7|8|9|10|11|13|17|27,caring|curiosity|desire|disappointment|disapproval|disgust|excitement|joy|neutral
1723,27,neutral,4|5|10|13|14|15|18,approval|caring|disapproval|excitement|fear|gratitude|love
1724,22|24,realization|remorse,0|1|3|4|17|27,admiration|amusement|annoyance|approval|joy|neutral
1725,10|27,disapproval|neutral,3|7|11|22|24,annoyance|curiosity|disgust|realization|remorse
1726,1,amusement,1|2|4|7|9|13|14|15|22|26,amusement|anger|approval|curiosity|disappointment|excitement|fear|gratitude|realization|surprise
1727,3,annoyance,3|4|7|14|18,annoyance|approval|curiosity|fear|love
1728,1,amusement,0|15|25|27,admiration|gratitude|sadness|neutral
1729,25,sadness,0|3|4|5|6|10|17|20,admiration|annoyance|approval|caring|confusion|disapproval|joy|optimism
1730,27,neutral,0|2|5|7|10|17|18|27,admiration|anger|caring|curiosity|disapproval|joy|love|neutral
1731,6,confusion,1|4|7|10|15|27,amusement|approval|curiosity|disapproval|gratitude|neutral
1732,4|15|17,approval|gratitude|joy,1|2|6|17|20|25,amusement|anger|confusion|joy|optimism|sadness
1733,2,anger,0|1|3|4|7|10|11|17,admiration|amusement|annoyance|approval|curiosity|disapproval|disgust|joy
1734,3|10,annoyance|disapproval,5|9|11|13|15|18|24,caring|disappointment|disgust|excitement|gratitude|love|remorse
1735,26,surprise,3|4|7|9|18,annoyance|approval|curiosity|disappointment|love
1736,27,neutral,1|2|5|9|17|27,amusement|anger|caring|disappointment|joy|neutral
1737,26,surprise,2|10|13|15|22,anger|disapproval|excitement|gratitude|realization
1738,7,curiosity,3|6|8|10|20,annoyance|confusion|desire|disapproval|optimism
1739,4,approval,2|4|5|9|18|27,anger|approval|caring|disappointment|love|neutral
1740,27,neutral,5|6|11|15|17|18|20|25,caring|confusion|disgust|gratitude|joy|love|optimism|sadness
1741,27,neutral,0|3|9|10|13|14|15|25,admiration|annoyance|disappointment|disapproval|excitement|fear|gratitude|sadness
1742,27,neutral,3|9|13|15|27,annoyance|disappointment|excitement|gratitude|neutral
1743,7,curiosity,2|3|4|15|27,anger|annoyance|approval|gratitude|neutral
1744,3,annoyance,0|7|8|17|20|26,admiration|curiosity|desire|joy|optimism|surprise
1745,15,gratitude,3|7|10|15|20|22|24|27,annoyance|curiosity|disapproval|gratitude|optimism|realization|remorse|neutral
1746,2,anger,0|2|3|15|17|18|20,admiration|anger|annoyance|gratitude|joy|love|optimism
1747,4|20,approval|optimism,0|9|14|15|17|27,admiration|disappointment|fear|gratitude|joy|neutral
1748,2,anger,1|7|8|12|14|15|17|18|20|25|26,amusement|curiosity|desire|embarrassment|fear|gratitude|joy|love|optimism|sadness|surprise
1749,25,sadness,1|9|17|20|25|26|27,amusement|disappointment|joy|optimism|sadness|surprise|neutral
1750,1|27,amusement|neutral,4|13|18|20|22|24,approval|excitement|love|optimism|realization|remorse
1751,4,approval,0|3|7|13|15|18|20|26,admiration|annoyance|curiosity|excitement|gratitude|love|optimism|surprise
1752,7|27,curiosity|neutral,0|3|6|7|22|27,admiration|annoyance|confusion|curiosity|realization|neutral
1753,11,disgust,7|17|27,curiosity|joy|neutral
1754,11,disgust,4|14|22,approval|fear|realization
1755,27,neutral,1|4|6|17|20|22|27,amusement|approval|confusion|joy|optimism|realization|neutral
1756,27,neutral,0|3|4|9|13|17|20|25,admiration|annoyance|approval|disappointment|excitement|joy|optimism|sadness
1757,25,sadness,0|3|18|25,admiration|annoyance|love|sadness
1758,3,annoyance,1|6|17|22,amusement|confusion|joy|realization
1759,17,joy,0|15|18|20|25,admiration|gratitude|love|optimism|sadness
1760,0|4,admiration|approval,0|5|10|20|22|25,admiration|caring|disapproval|optimism|realization|sadness
1761,1,amusement,0|1|3|5|13|27,admiration|amusement|annoyance|caring|excitement|neutral
1762,6,confusion,0|1|5|6|14|18,admiration|amusement|caring|confusion|fear|love
1763,27,neutral,0|3|7|11|27,admiration|annoyance|curiosity|disgust|neutral
1764,27,neutral,0|4|5|13|25,admiration|approval|caring|excitement|sadness
1765,10|27,disapproval|neutral,0|1|3|4|5|24|25,admiration|amusement|annoyance|approval|caring|remorse|sadness
1766,4|18,approval|love,0|3|4|5|10|14|15,admiration|annoyance|approval|caring|disapproval|fear|gratitude
1767,14,fear,2|7|10|11|18|26|27,anger|curiosity|disapproval|disgust|love|surprise|neutral
1768,15,gratitude,0|5|7|9|10|15|20,admiration|caring|curiosity|disappointment|disapproval|gratitude|optimism
1769,3,annoyance,4|6|11|13|18,approval|confusion|disgust|excitement|love
1770,1|7,amusement|curiosity,0|4|5|6|20|22|27,admiration|approval|caring|confusion|optimism|realization|neutral
1771,27,neutral,1|4|7|18|22|25|27,amusement|approval|curiosity|love|realization|sadness|neutral
1772,26,surprise,0|7|15|17|18,admiration|curiosity|gratitude|joy|love
1773,15,gratitude,1|3|5|7|18|20|23|25,amusement|annoyance|caring|curiosity|love|optimism|relief|sadness
1774,12,embarrassment,1|3|4|7|10|13|14|22|27,amusement|annoyance|approval|curiosity|disapproval|excitement|fear|realization|neutral
1775,15|19,gratitude|nervousness,1|3|6|7|9|14|22|26,amusement|annoyance|confusion|curiosity|disappointment|fear|realization|surprise
1776,27,neutral,4|5|6|7|10|14|15|17,approval|caring|confusion|curiosity|disapproval|fear|gratitude|joy
1777,0,admiration,2|10|15|22|27,anger|disapproval|gratitude|realization|neutral
1778,7,curiosity,5|16|17|18|24,caring|grief|joy|love|remorse
1779,1|18,amusement|love,0|9|17|18|22|25|27,admiration|disappointment|joy|love|realization|sadness|neutral
1780,27,neutral,0|1|4|15|17|22,admiration|amusement|approval|gratitude|joy|realization
1781,0|26,admiration|surprise,2|9|14|15|18|22|25|27,anger|disappointment|fear|gratitude|love|realization|sadness|neutral
1782,27,neutral,0|2|3|4|5|7|9|10|11|13|18|20,admiration|anger|annoyance|approval|caring|curiosity|disappointment|disapproval|disgust|excitement|love|optimism
1783,27,neutral,1|4|10|17|18|24,amusement|approval|disapproval|joy|love|remorse
1784,4,approval,0|3|4|5|6|7|9|15|20|23|25|27,admiration|annoyance|approval|caring|confusion|curiosity|disappointment|gratitude|optimism|relief|sadness|neutral
1785,27,neutral,0|10|11|14|15|20,admiration|disapproval|disgust|fear|gratitude|optimism
1786,27,neutral,0|7|9|18|25|26,admiration|curiosity|disappointment|love|sadness|surprise
1787,0|1,admiration|amusement,0|2|4|9|10|11|26,admiration|anger|approval|disappointment|disapproval|disgust|surprise
1788,4|17,approval|joy,1|2|5|6|10|13|15|24,amusement|anger|caring|confusion|disapproval|excitement|gratitude|remorse
1789,20,optimism,4|5|8|9|14|17|18,approval|caring|desire|disappointment|fear|joy|love
1790,27,neutral,0|13|18,admiration|excitement|love
1791,27,neutral,1|3|6|7|8|17,amusement|annoyance|confusion|curiosity|desire|joy
1792,10,disapproval,4|22|27,approval|realization|neutral
1793,1,amusement,0|4|6|17|18|25|26|27,admiration|approval|confusion|joy|love|sadness|surprise|neutral
1794,4,approval,0|1|2|14|15|20,admiration|amusement|anger|fear|gratitude|optimism
1795,0,admiration,4|6|7|10|11|17|18,approval|confusion|curiosity|disapproval|disgust|joy|love
1796,6,confusion,0|4|10|17|22|27,admiration|approval|disapproval|joy|realization|neutral
1797,14,fear,1|4|6|9|15,amusement|approval|confusion|disappointment|gratitude
1798,0,admiration,3|6|9|17|27,annoyance|confusion|disappointment|joy|neutral
1799,15,gratitude,5|7|9|15|24|25|26|27,caring|curiosity|disappointment|gratitude|remorse|sadness|surprise|neutral
1800,2,anger,3|4|5|6|11|17|22|27,annoyance|approval|caring|confusion|disgust|joy|realization|neutral
1801,27,neutral,7|12|15|18|22|26|27,curiosity|embarrassment|gratitude|love|realization|surprise|neutral
1802,27,neutral,1|2|3|10|11|25|27,amusement|anger|annoyance|disapproval|disgust|sadness|neutral
1803,15,gratitude,0|7|15|18|20|26|27,admiration|curiosity|gratitude|love|optimism|surprise|neutral
1804,0|20,admiration|optimism,3|7|13|14|15|20,annoyance|curiosity|excitement|fear|gratitude|optimism
1805,9,disappointment,3|4|6|8|9|10|17|20|27,annoyance|approval|confusion|desire|disappointment|disapproval|joy|optimism|neutral
1806,27,neutral,0|3|5|7|9|13|15|18|25,admiration|annoyance|caring|curiosity|disappointment|excitement|gratitude|love|sadness
1807,17|25,joy|sadness,2|4|5|9|17|18|20,anger|approval|caring|disappointment|joy|love|optimism
1808,1,amusement,2|15|17|18|20|27,anger|gratitude|joy|love|optimism|neutral
1809,15,gratitude,0|1|2|4|5|18|21|22|26,admiration|amusement|anger|approval|caring|love|pride|realization|surprise
1810,27,neutral,0|1|4|7|13|18,admiration|amusement|approval|curiosity|excitement|love
1811,27,neutral,2|3|4|9|15,anger|annoyance|approval|disappointment|gratitude
1812,20,optimism,2|3|4|5|6|9|17|20,anger|annoyance|approval|caring|confusion|disappointment|joy|optimism
1813,3,annoyance,0|1|8|11|22,admiration|amusement|desire|disgust|realization
1814,1,amusement,1|2|3|8|18|19|27,amusement|anger|annoyance|desire|love|nervousness|neutral
1815,24,remorse,4|13|17|27,approval|excitement|joy|neutral
1816,15,gratitude,2|9|15|20|25|26,anger|disappointment|gratitude|optimism|sadness|surprise
1817,4,approval,1|3|9|11|17|22|27,amusement|annoyance|disappointment|disgust|joy|realization|neutral
1818,17,joy,1|3|4|6|15|17,amusement|annoyance|approval|confusion|gratitude|joy
1819,0,admiration,0|1|2|27,admiration|amusement|anger|neutral
1820,27,neutral,4|6|7|15|25|27,approval|confusion|curiosity|gratitude|sadness|neutral
1821,27,neutral,1|4|15|20|24|27,amusement|approval|gratitude|optimism|remorse|neutral
1822,27,neutral,1|3|7|9|10|15|17|24|25,amusement|annoyance|curiosity|disappointment|disapproval|gratitude|joy|remorse|sadness
1823,0|15,admiration|gratitude,0|6|7|11|17|18|20,admiration|confusion|curiosity|disgust|joy|love|optimism
1824,5,caring,7|18|22,curiosity|love|realization
1825,11,disgust,0|7|22,admiration|curiosity|realization
1826,0|10,admiration|disapproval,0|1|3|4|15|17,admiration|amusement|annoyance|approval|gratitude|joy
1827,27,neutral,0|6|10|11|15|17|25,admiration|confusion|disapproval|disgust|gratitude|joy|sadness
1828,3,annoyance,1|2|10|17|25|27,amusement|anger|disapproval|joy|sadness|neutral
1829,27,neutral,4|13|27,approval|excitement|neutral
1830,27,neutral,1|4|15|17|18,amusement|approval|gratitude|joy|love
1831,18,love,0|3|9|10|11|15|17,admiration|annoyance|disappointment|disapproval|disgust|gratitude|joy
1832,0,admiration,1|4|8|11|17|20|22|24|25,amusement|approval|desire|disgust|joy|optimism|realization|remorse|sadness
1833,25,sadness,0|4|5,admiration|approval|caring
1834,14,fear,0|10|17|27,admiration|disapproval|joy|neutral
1835,0,admiration,0|2|10|11|15|20|27,admiration|anger|disapproval|disgust|gratitude|optimism|neutral
1836,20,optimism,3|7|24|27,annoyance|curiosity|remorse|neutral
1837,27,neutral,0|2|15|22,admiration|anger|gratitude|realization
1838,27,neutral,2|3|7|26|27,anger|annoyance|curiosity|surprise|neutral
1839,22,realization,1|6|14|15|27,amusement|confusion|fear|gratitude|neutral
1840,27,neutral,1|6|9|15|20|27,amusement|confusion|disappointment|gratitude|optimism|neutral
1841,27,neutral,4|5|13|14|18|27,approval|caring|excitement|fear|love|neutral
1842,0,admiration,0|6|13|17,admiration|confusion|excitement|joy
1843,27,neutral,1|5|9|17|25|27,amusement|caring|disappointment|joy|sadness|neutral
1844,7,curiosity,1|4|7|9|18|20|22|25,amusement|approval|curiosity|disappointment|love|optimism|realization|sadness
1845,6,confusion,1|2|10|17|25,amusement|anger|disapproval|joy|sadness
1846,8|20,desire|optimism,2|4|5|9|10|11|13|17,anger|approval|caring|disappointment|disapproval|disgust|excitement|joy
1847,3,annoyance,0|3|4|7|15|25,admiration|annoyance|approval|curiosity|gratitude|sadness
1848,0,admiration,1|2|7|17|18|19|22|27,amusement|anger|curiosity|joy|love|nervousness|realization|neutral
1849,27,neutral,3|22|27,annoyance|realization|neutral
1850,9,disappointment,0|1|6|18,admiration|amusement|confusion|love
1851,27,neutral,0|2|3|18|26,admiration|anger|annoyance|love|surprise
1852,27,neutral,1|5|17|22|25,amusement|caring|joy|realization|sadness
1853,10,disapproval,0|1|2|8|9|15|17|24,admiration|amusement|anger|desire|disappointment|gratitude|joy|remorse
1854,20,optimism,1|4|10|14|20|22,amusement|approval|disapproval|fear|optimism|realization
1855,27,neutral,1|5|9|10|22|25|27,amusement|caring|disappointment|disapproval|realization|sadness|neutral
1856,14,fear,6|10|15|18,confusion|disapproval|gratitude|love
1857,5|25,caring|sadness,2|4|7|8|9|11|15|20|22|25|26|27,anger|approval|curiosity|desire|disappointment|disgust|gratitude|optimism|realization|sadness|surprise|neutral
1858,27,neutral,1|3|7|15|17|20|26,amusement|annoyance|curiosity|gratitude|joy|optimism|surprise
1859,0,admiration,4|7|20,approval|curiosity|optimism
1860,25,sadness,2|5|6|7|9|27,anger|caring|confusion|curiosity|disappointment|neutral
1861,15,gratitude,6|7|12|15|20|27,confusion|curiosity|embarrassment|gratitude|optimism|neutral
1862,14|18,fear|love,0|5|8|27,admiration|caring|desire|neutral
1863,14,fear,1|7|11|13|17|26,amusement|curiosity|disgust|excitement|joy|surprise
1864,27,neutral,1|6|7|17|20|27,amusement|confusion|curiosity|joy|optimism|neutral
1865,0|20,admiration|optimism,0|6|11|14|17|25|27,admiration|confusion|disgust|fear|joy|sadness|neutral
1866,27,neutral,0|1|3|10|13|27,admiration|amusement|annoyance|disapproval|excitement|neutral
1867,27,neutral,0|2|3|4|5|6|13|15|20,admiration|anger|annoyance|approval|caring|confusion|excitement|gratitude|optimism
1868,0,admiration,2|3|5|8|9|25,anger|annoyance|caring|desire|disappointment|sadness
1869,13,excitement,7|13|15|24|27,curiosity|excitement|gratitude|remorse|neutral
1870,4,approval,1|3|6|10|14|15|26,amusement|annoyance|confusion|disapproval|fear|gratitude|surprise
1871,15,gratitude,0|3|4|6|7|15|24|27,admiration|annoyance|approval|confusion|curiosity|gratitude|remorse|neutral
1872,9,disappointment,0|1|2|11|15|27,admiration|amusement|anger|disgust|gratitude|neutral
1873,15,gratitude,2|3|7|8|10|15|17|26,anger|annoyance|curiosity|desire|disapproval|gratitude|joy|surprise
1874,4,approval,3|13|15|22|25|27,annoyance|excitement|gratitude|realization|sadness|neutral
1875,7,curiosity,0|6|10|15|17|22,admiration|confusion|disapproval|gratitude|joy|realization
1876,15,gratitude,1|2|3|4|5|10|20|22|25|27,amusement|anger|annoyance|approval|caring|disapproval|optimism|realization|sadness|neutral
1877,4,approval,3|6|7|9,annoyance|confusion|curiosity|disappointment
1878,7|27,curiosity|neutral,3|11|20|22|26|27,annoyance|disgust|optimism|realization|surprise|neutral
1879,4|27,approval|neutral,2|3|6|7|8|13,anger|annoyance|confusion|curiosity|desire|excitement
1880,27,neutral,0|8|17|18|27,admiration|desire|joy|love|neutral
1881,11,disgust,1|11,amusement|disgust
1882,15,gratitude,4|9|18|20|24|25,approval|disappointment|love|optimism|remorse|sadness
1883,26,surprise,3|8|17|22|25|26,annoyance|desire|joy|realization|sadness|surprise
1884,27,neutral,4|5|6|7|18|22|25,approval|caring|confusion|curiosity|love|realization|sadness
1885,18,love,0|2|4|5|6|10|11|13|17|18|25,admiration|anger|approval|caring|confusion|disapproval|disgust|excitement|joy|love|sadness
1886,10,disapproval,2|5|7|10|15|20|22|26,anger|caring|curiosity|disapproval|gratitude|optimism|realization|surprise
1887,10,disapproval,1|2|3|7|8|11|15|27,amusement|anger|annoyance|curiosity|desire|disgust|gratitude|neutral
1888,2|11,anger|disgust,0|6|7|20|25|26,admiration|confusion|curiosity|optimism|sadness|surprise
1889,10,disapproval,2|5|9|10|11|15|22|25,anger|caring|disappointment|disapproval|disgust|gratitude|realization|sadness
1890,14|20,fear|optimism,5|8|10|13|15|17|20|22|24,caring|desire|disapproval|excitement|gratitude|joy|optimism|realization|remorse
1891,6,confusion,1|4|5|15|17|18|22|25|26,amusement|approval|caring|gratitude|joy|love|realization|sadness|surprise
1892,18,love,1|4|15|18,amusement|approval|gratitude|love
1893,4,approval,3|5|6|10|13|14|18|26|27,annoyance|caring|confusion|disapproval|excitement|fear|love|surprise|neutral
1894,27,neutral,0|2|4|5|7|10|15|25,admiration|anger|approval|caring|curiosity|disapproval|gratitude|sadness
1895,9,disappointment,3|4|10|11|13|15|26,annoyance|approval|disapproval|disgust|excitement|gratitude|surprise
1896,0,admiration,1|2|3|15|24|25|26,amusement|anger|annoyance|gratitude|remorse|sadness|surprise
1897,27,neutral,5|7|9|10|11|13|18|25,caring|curiosity|disappointment|disapproval|disgust|excitement|love|sadness
1898,27,neutral,0|1|2|15|17|18,admiration|amusement|anger|gratitude|joy|love
1899,27,neutral,5|10|15|24|27,caring|disapproval|gratitude|remorse|neutral
1900,4,approval,4|6|20|22|25|27,approval|confusion|optimism|realization|sadness|neutral
1901,0|4|27,admiration|approval|neutral,4|7|10|11|17|27,approval|curiosity|disapproval|disgust|joy|neutral
1902,1|2,amusement|anger,2|5|9|13|22|27,anger|caring|disappointment|excitement|realization|neutral
1903,27,neutral,0|14|18|22|27,admiration|fear|love|realization|neutral
1904,2|3,anger|annoyance,3|4|5|6|15,annoyance|approval|caring|confusion|gratitude
1905,2,anger,1|3|4|20|25|27,amusement|annoyance|approval|optimism|sadness|neutral
1906,0|15,admiration|gratitude,0|5|6|9|17|18|20|27,admiration|caring|confusion|disappointment|joy|love|optimism|neutral
1907,3|10,annoyance|disapproval,0|8|10|11|15,admiration|desire|disapproval|disgust|gratitude
1908,27,neutral,0|2|3|6|7|11|14|21|27,admiration|anger|annoyance|confusion|curiosity|disgust|fear|pride|neutral
1909,8,desire,1|2|3|4|7|10|11|25|27,amusement|anger|annoyance|approval|curiosity|disapproval|disgust|sadness|neutral
1910,27,neutral,0|2|5|7|9|15|25|27,admiration|anger|caring|curiosity|disappointment|gratitude|sadness|neutral
1911,8,desire,0|2|3|4|6|9|11|25|26,admiration|anger|annoyance|approval|confusion|disappointment|disgust|sadness|surprise
1912,4,approval,1|2|9|22|25,amusement|anger|disappointment|realization|sadness
1913,4,approval,0|3|4|6|7|18|20,admiration|annoyance|approval|confusion|curiosity|love|optimism
1914,10|27,disapproval|neutral,0|5|10|26|27,admiration|caring|disapproval|surprise|neutral
1915,27,neutral,4|7|23|27,approval|curiosity|relief|neutral
1916,4,approval,0|6|15|18,admiration|confusion|gratitude|love
1917,17,joy,1|2|3|7|8|15|17|25,amusement|anger|annoyance|curiosity|desire|gratitude|joy|sadness
1918,27,neutral,0|1|6|9|13|15|22|25,admiration|amusement|confusion|disappointment|excitement|gratitude|realization|sadness
1919,7,curiosity,0|1|11|15|18|20|22|26,admiration|amusement|disgust|gratitude|love|optimism|realization|surprise
1920,2,anger,1|3|5|27,amusement|annoyance|caring|neutral
1921,2|26,anger|surprise,0|1|3|20,admiration|amusement|annoyance|optimism
1922,27,neutral,3|11|18|27,annoyance|disgust|love|neutral
1923,27,neutral,2|4|5|15|26|27,anger|approval|caring|gratitude|surprise|neutral
1924,27,neutral,5|8|13|18|27,caring|desire|excitement|love|neutral
1925,15,gratitude,0|5|7|9|18|20|25|27,admiration|caring|curiosity|disappointment|love|optimism|sadness|neutral
1926,10,disapproval,6|10|15|20|25,confusion|disapproval|gratitude|optimism|sadness
1927,21,pride,2|5|7|13|20|24|25,anger|caring|curiosity|excitement|optimism|remorse|sadness
1928,3,annoyance,1|2|11|17|26|27,amusement|anger|disgust|joy|surprise|neutral
1929,7|18,curiosity|love,2|5|9|15|27,anger|caring|disappointment|gratitude|neutral
1930,18,love,7|10|17|18|25,curiosity|disapproval|joy|love|sadness
1931,0,admiration,2|3|4|9|10|13|14|20|26,anger|annoyance|approval|disappointment|disapproval|excitement|fear|optimism|surprise
1932,27,neutral,5|10|18|25|27,caring|disapproval|love|sadness|neutral
1933,27,neutral,2|17|18|27,anger|joy|love|neutral
1934,24,remorse,0|4|5|7|17|18|20,admiration|approval|caring|curiosity|joy|love|optimism
1935,0|15,admiration|gratitude,2|4|5|6|7|17|18|22,anger|approval|caring|confusion|curiosity|joy|love|realization
1936,15,gratitude,1|10|15|25|26|27,amusement|disapproval|gratitude|sadness|surprise|neutral
1937,3,annoyance,0|3|7|25|27,admiration|annoyance|curiosity|sadness|neutral
1938,7,curiosity,0|4|6|10|13|27,admiration|approval|confusion|disapproval|excitement|neutral
1939,10,disapproval,2|3|5|14|15|20,anger|annoyance|caring|fear|gratitude|optimism
1940,27,neutral,4|6|10|13|18|25|26,approval|confusion|disapproval|excitement|love|sadness|surprise
1941,27,neutral,5|9|14|15|18,caring|disappointment|fear|gratitude|love
1942,27,neutral,4|9|10|15,approval|disappointment|disapproval|gratitude
1943,2|6|22,anger|confusion|realization,1|4|9|10|11|13|14|18,amusement|approval|disappointment|disapproval|disgust|excitement|fear|love
1944,10,disapproval,1|3|13|18|27,amusement|annoyance|excitement|love|neutral
1945,27,neutral,1|2|5|7|20|22,amusement|anger|caring|curiosity|optimism|realization
1946,27,neutral,5|10|13|18,caring|disapproval|excitement|love
1947,27,neutral,3|5|6,annoyance|caring|confusion
1948,4,approval,0|2|3|10|13|15,admiration|anger|annoyance|disapproval|excitement|gratitude
1949,27,neutral,1|3|22|25|26|27,amusement|annoyance|realization|sadness|surprise|neutral
1950,27,neutral,0|2|4|9|10|20|22|27,admiration|anger|approval|disappointment|disapproval|optimism|realization|neutral
1951,3|10,annoyance|disapproval,3|4|14|18|25|27,annoyance|approval|fear|love|sadness|neutral
1952,17,joy,0|5|7|10|15|20|25|27,admiration|caring|curiosity|disapproval|gratitude|optimism|sadness|neutral
1953,27,neutral,1|2|7|15|17|26,amusement|anger|curiosity|gratitude|joy|surprise
1954,14,fear,0|3|4|6|8|15,admiration|annoyance|approval|confusion|desire|gratitude
1955,27,neutral,1|2|4|5|6|20,amusement|anger|approval|caring|confusion|optimism
1956,27,neutral,2|10|15|17|18|20|24|27,anger|disapproval|gratitude|joy|love|optimism|remorse|neutral
1957,26,surprise,5|10|11|14|20|22|24|26|27,caring|disapproval|disgust|fear|optimism|realization|remorse|surprise|neutral
1958,27,neutral,1|2|4|7|18|25|26,amusement|anger|approval|curiosity|love|sadness|surprise
1959,27,neutral,0|1|6|7|18|27,admiration|amusement|confusion|curiosity|love|neutral
1960,27,neutral,3|6|9|13|14|22|25,annoyance|confusion|disappointment|excitement|fear|realization|sadness
1961,3,annoyance,2|4|5|9|22|24,anger|approval|caring|disappointment|realization|remorse
1962,2|3,anger|annoyance,3|4|5|6|7|8|10|17|20|26,annoyance|approval|caring|confusion|curiosity|desire|disapproval|joy|optimism|surprise
1963,15,gratitude,0|2|3|6|7|20|24|25|27,admiration|anger|annoyance|confusion|curiosity|optimism|remorse|sadness|neutral
1964,15,gratitude,1|2|5|11|22,amusement|anger|caring|disgust|realization
1965,0,admiration,7|13|17|22|26|27,curiosity|excitement|joy|realization|surprise|neutral
1966,1,amusement,0|2|3|6|11|14|22|27,admiration|anger|annoyance|confusion|disgust|fear|realization|neutral
1967,25,sadness,2|9|22|27,anger|disappointment|realization|neutral
1968,27,neutral,1|10|15|18|22|26,amusement|disapproval|gratitude|love|realization|surprise
1969,15|22|26,gratitude|realization|surprise,0|4|8|15|22,admiration|approval|desire|gratitude|realization
1970,1,amusement,6|14|15|18|22|25|27,confusion|fear|gratitude|love|realization|sadness|neutral
1971,27,neutral,10|18|20|26,disapproval|love|optimism|surprise
1972,1|15,amusement|gratitude,2|7|13|26,anger|curiosity|excitement|surprise
1973,0,admiration,0|1|2|15|25,admiration|amusement|anger|gratitude|sadness
1974,27,neutral,1|3|11|15|22,amusement|annoyance|disgust|gratitude|realization
1975,27,neutral,0|10|20|26|27,admiration|disapproval|optimism|surprise|neutral
1976,14,fear,2|4|8|9|18,anger|approval|desire|disappointment|love
1977,8,desire,0|2|6|15|17,admiration|anger|confusion|gratitude|joy
1978,0,admiration,2|9|10|13|27,anger|disappointment|disapproval|excitement|neutral
1979,22|27,realization|neutral,1|3|5|9|15|18|22|27,amusement|annoyance|caring|disappointment|gratitude|love|realization|neutral
1980,27,neutral,0|2|13|15|17|22|25|26,admiration|anger|excitement|gratitude|joy|realization|sadness|surprise
1981,1|10,amusement|disapproval,2|3|10|15|18|27,anger|annoyance|disapproval|gratitude|love|neutral
1982,27,neutral,0|5|10|18|25|26,admiration|caring|disapproval|love|sadness|surprise
1983,4|27,approval|neutral,1|2|4|13|15|17,amusement|anger|approval|excitement|gratitude|joy
1984,22|27,realization|neutral,0|3|4|6|7|8|9|14,admiration|annoyance|approval|confusion|curiosity|desire|disappointment|fear
1985,15,gratitude,3|4|18|20|25|27,annoyance|approval|love|optimism|sadness|neutral
1986,18,love,0|4|8|13|25|27,admiration|approval|desire|excitement|sadness|neutral
1987,27,neutral,1|3|7|10|21,amusement|annoyance|curiosity|disapproval|pride
1988,5,caring,0|3|7|9|20|23|26,admiration|annoyance|curiosity|disappointment|optimism|relief|surprise
1989,14|27,fear|neutral,1|3|5|7|9|15,amusement|annoyance|caring|curiosity|disappointment|gratitude
1990,27,neutral,3|6|7|10|15|17,annoyance|confusion|curiosity|disapproval|gratitude|joy
1991,0|13,admiration|excitement,1|2|4|18|22|27,amusement|anger|approval|love|realization|neutral
1992,24,remorse,1|2|8|9|14|27,amusement|anger|desire|disappointment|fear|neutral
1993,27,neutral,0|6|7|10|17|22|26|27,admiration|confusion|curiosity|disapproval|joy|realization|surprise|neutral
1994,27,neutral,7|8|9|17|25|27,curiosity|desire|disappointment|joy|sadness|neutral
1995,27,neutral,0|1|5|7|10|24|27,admiration|amusement|caring|curiosity|disapproval|remorse|neutral
1996,18,love,0|1|3|6|7|9|10|14|18|25,admiration|amusement|annoyance|confusion|curiosity|disappointment|disapproval|fear|love|sadness
1997,9,disappointment,0|9|11|17|20|22|27,admiration|disappointment|disgust|joy|optimism|realization|neutral
1998,27,neutral,2|4|6|10|20|22|26,anger|approval|confusion|disapproval|optimism|realization|surprise
1999,27,neutral,0|7|17|23|27,admiration|curiosity|joy|relief|neutral
2000,27,neutral,2|13|27,anger|excitement|neutral
2001,27,neutral,1|7|15|17|26,amusement|curiosity|gratitude|joy|surprise
2002,10,disapproval,0|1|3|5|14|17|22|25,admiration|amusement|annoyance|caring|fear|joy|realization|sadness
2003,27,neutral,1|2|6|7|17|27,amusement|anger|confusion|curiosity|joy|neutral
2004,15,gratitude,0|4|14|17|20|27,admiration|approval|fear|joy|optimism|neutral
2005,6|7,confusion|curiosity,0|1|7|20,admiration|amusement|curiosity|optimism
2006,11,disgust,1|4|17|20|27,amusement|approval|joy|optimism|neutral
2007,15,gratitude,0|6|7|20|22,admiration|confusion|curiosity|optimism|realization
2008,1,amusement,0|2|6|10|14|15|20|22,admiration|anger|confusion|disapproval|fear|gratitude|optimism|realization
2009,27,neutral,2|5|9|15|17,anger|caring|disappointment|gratitude|joy
2010,27,neutral,2|4|7|18|22|25,anger|approval|curiosity|love|realization|sadness
2011,7,curiosity,6|7|15,confusion|curiosity|gratitude
2012,27,neutral,13|26|27,excitement|surprise|neutral
2013,7,curiosity,8|10|15|18|20|22|26,desire|disapproval|gratitude|love|optimism|realization|surprise
2014,0|17,admiration|joy,3|4|6|25|27,annoyance|approval|confusion|sadness|neutral
2015,27,neutral,3|4|26,annoyance|approval|surprise
2016,17,joy,0|3|7|12|13|14|18|27,admiration|annoyance|curiosity|embarrassment|excitement|fear|love|neutral
2017,27,neutral,2|3|4|5|11|17|18,anger|annoyance|approval|caring|disgust|joy|love
2018,3,annoyance,3|7|8|17|27,annoyance|curiosity|desire|joy|neutral
2019,13,excitement,1|10|11|17|25|27,amusement|disapproval|disgust|joy|sadness|neutral
2020,27,neutral,0|1|4|6|13|15|22,admiration|amusement|approval|confusion|excitement|gratitude|realization
2021,22,realization,0|6|10|25|26,admiration|confusion|disapproval|sadness|surprise
2022,7,curiosity,3|10|22|27,annoyance|disapproval|realization|neutral
2023,27,neutral,2|3|4|5|18|27,anger|annoyance|approval|caring|love|neutral
2024,4,approval,0|1|6|10|13|20|26,admiration|amusement|confusion|disapproval|excitement|optimism|surprise
2025,4,approval,1|11|13|27,amusement|disgust|excitement|neutral
2026,6|26,confusion|surprise,0|2|4|26|27,admiration|anger|approval|surprise|neutral
2027,0|17,admiration|joy,0|1|4|5|6|7|10|15|18|20|22,admiration|amusement|approval|caring|confusion|curiosity|disapproval|gratitude|love|optimism|realization
2028,27,neutral,0|3|4|13|22|25|26,admiration|annoyance|approval|excitement|realization|sadness|surprise
2029,0,admiration,0|8|10|23|25|27,admiration|desire|disapproval|relief|sadness|neutral
2030,0,admiration,1|3|10|22|27,amusement|annoyance|disapproval|realization|neutral
2031,8,desire,0|6|7|10|13|15|17|18,admiration|confusion|curiosity|disapproval|excitement|gratitude|joy|love
2032,27,neutral,0|1,admiration|amusement
2033,27,neutral,1|4|5|6|9|17|22,amusement|approval|caring|confusion|disappointment|joy|realization
2034,27,neutral,5|12|14|18|20,caring|embarrassment|fear|love|optimism
2035,20,optimism,1|2|3|6|7|10|13|20|22|24|26,amusement|anger|annoyance|confusion|curiosity|disapproval|excitement|optimism|realization|remorse|surprise
2036,25,sadness,5|8|10|15|26,caring|desire|disapproval|gratitude|surprise
2037,25,sadness,2|4|6|12|15|22,anger|approval|confusion|embarrassment|gratitude|realization
2038,27,neutral,0|2|4|15|17|22,admiration|anger|approval|gratitude|joy|realization
2039,27,neutral,3|4|5|7|10|17|20|27,annoyance|approval|caring|curiosity|disapproval|joy|optimism|neutral
2040,5,caring,0|4|6|7|15|22,admiration|approval|confusion|curiosity|gratitude|realization
2041,3,annoyance,2|6|7|14|17|27,anger|confusion|curiosity|fear|joy|neutral
2042,6|26,confusion|surprise,0|3|4|5|6|20|27,admiration|annoyance|approval|caring|confusion|optimism|neutral
2043,27,neutral,2|5|7|20|22,anger|caring|curiosity|optimism|realization
2044,18,love,0|3|4|13|15|18|21|23|25,admiration|annoyance|approval|excitement|gratitude|love|pride|relief|sadness
2045,27,neutral,1|2|3|4|11|15|27,amusement|anger|annoyance|approval|disgust|gratitude|neutral
2046,0,admiration,1|2|4|17|18|26,amusement|anger|approval|joy|love|surprise
2047,22,realization,1|7|18,amusement|curiosity|love
2048,27,neutral,7|10|13|18|25,curiosity|disapproval|excitement|love|sadness
2049,15|24,gratitude|remorse,5|9|10|18|22,caring|disappointment|disapproval|love|realization
2050,9,disappointment,2|4|11|13|14|15|24,anger|approval|disgust|excitement|fear|gratitude|remorse
2051,9|27,disappointment|neutral,2|3|4|15|17|18|25,anger|annoyance|approval|gratitude|joy|love|sadness
2052,4,approval,4|5|8|17|20|26|27,approval|caring|desire|joy|optimism|surprise|neutral
2053,14|27,fear|neutral,0|2|3|10|17|18|19|22|27,admiration|anger|annoyance|disapproval|joy|love|nervousness|realization|neutral
2054,23,relief,2|10|13|15|20|27,anger|disapproval|excitement|gratitude|optimism|neutral
2055,15,gratitude,0|3|13|27,admiration|annoyance|excitement|neutral
2056,10,disapproval,0|2|3|8|15|20,admiration|anger|annoyance|desire|gratitude|optimism
2057,4|27,approval|neutral,0|1|3|4|5|22,admiration|amusement|annoyance|approval|caring|realization
2058,27,neutral,1|3|6|13|14|17|20|25,amusement|annoyance|confusion|excitement|fear|joy|optimism|sadness
2059,15,gratitude,2|3|7|9|10|14|15|20,anger|annoyance|curiosity|disappointment|disapproval|fear|gratitude|optimism
2060,15,gratitude,0|1|2|4|11|17,admiration|amusement|anger|approval|disgust|joy
2061,4,approval,3|13|15|17,annoyance|excitement|gratitude|joy
2062,4,approval,0|1|5|6|9|15|25,admiration|amusement|caring|confusion|disappointment|gratitude|sadness
2063,22,realization,0|1|3|9|10|13|15|24|25,admiration|amusement|annoyance|disappointment|disapproval|excitement|gratitude|remorse|sadness
2064,15|20|22,gratitude|optimism|realization,5|7|24,caring|curiosity|remorse
2065,0|9,admiration|disappointment,2|3|7|8|10|15|18,anger|annoyance|curiosity|desire|disapproval|gratitude|love
2066,7,curiosity,1|5|8|10|15|18|20,amusement|caring|desire|disapproval|gratitude|love|optimism
2067,27,neutral,0|1|4|8|10|11|18|26,admiration|amusement|approval|desire|disapproval|disgust|love|surprise
2068,26,surprise,1|5|17|20|27,amusement|caring|joy|optimism|neutral
2069,22,realization,1|2|5|9|12|15|18|20|22|25,amusement|anger|caring|disappointment|embarrassment|gratitude|love|optimism|realization|sadness
2070,27,neutral,1|3|11|20|27,amusement|annoyance|disgust|optimism|neutral
2071,15,gratitude,4|7|10|15|18|25,approval|curiosity|disapproval|gratitude|love|sadness
2072,9,disappointment,2|6|8|15|17|20|27,anger|confusion|desire|gratitude|joy|optimism|neutral
2073,27,neutral,7|11|13|14|17|22|25|27,curiosity|disgust|excitement|fear|joy|realization|sadness|neutral
2074,17,joy,0|1|2|4|6|14|15|25|27,admiration|amusement|anger|approval|confusion|fear|gratitude|sadness|neutral
2075,10,disapproval,1|2|3|7|10|15|18|26,amusement|anger|annoyance|curiosity|disapproval|gratitude|love|surprise
2076,27,neutral,3|4|9|15,annoyance|approval|disappointment|gratitude
2077,7,curiosity,7|11|17|27,curiosity|disgust|joy|neutral
2078,14|25,fear|sadness,3|6|18|26,annoyance|confusion|love|surprise
2079,25,sadness,0|2|5|14|22|24|26|27,admiration|anger|caring|fear|realization|remorse|surprise|neutral
2080,15,gratitude,9|27,disappointment|neutral
2081,18,love,0|4|5|7|14|15|17|18|26,admiration|approval|caring|curiosity|fear|gratitude|joy|love|surprise
2082,13|17,excitement|joy,4|7|10|13|20|25|27,approval|curiosity|disapproval|excitement|optimism|sadness|neutral
2083,27,neutral,3|5|11|13|17|22|27,annoyance|caring|disgust|excitement|joy|realization|neutral
2084,2,anger,3|4|5|7|9|13|22,annoyance|approval|caring|curiosity|disappointment|excitement|realization
2085,27,neutral,0|2|3|4|9|10|15|17,admiration|anger|annoyance|approval|disappointment|disapproval|gratitude|joy
2086,27,neutral,3|4|6|10|15|18,annoyance|approval|confusion|disapproval|gratitude|love
2087,22,realization,0|5|6|10|18|25,admiration|caring|confusion|disapproval|love|sadness
2088,27,neutral,0|1|4|7|9|18|22,admiration|amusement|approval|curiosity|disappointment|love|realization
2089,27,neutral,1|4|9|10|12|27,amusement|approval|disappointment|disapproval|embarrassment|neutral
2090,3,annoyance,0|2|3|4|6|7|13|17|25,admiration|anger|annoyance|approval|confusion|curiosity|excitement|joy|sadness
2091,7,curiosity,2|5|7|10|15|17|27,anger|caring|curiosity|disapproval|gratitude|joy|neutral
2092,27,neutral,0|1|4|11|15|19|22,admiration|amusement|approval|disgust|gratitude|nervousness|realization
2093,1,amusement,1|3|4|10|12|15|24|25,amusement|annoyance|approval|disapproval|embarrassment|gratitude|remorse|sadness
2094,15,gratitude,1|2|3|4|5|7|12|15|18|20|24|26,amusement|anger|annoyance|approval|caring|curiosity|embarrassment|gratitude|love|optimism|remorse|surprise
2095,10,disapproval,0|4|7|10|14|15|17|25,admiration|approval|curiosity|disapproval|fear|gratitude|joy|sadness
2096,3,annoyance,0|5,admiration|caring
2097,18,love,0|10|13|25|27,admiration|disapproval|excitement|sadness|neutral
2098,12|24,embarrassment|remorse,2|3|6|11|27,anger|annoyance|confusion|disgust|neutral
2099,27,neutral,0|2|5|15|18|20|27,admiration|anger|caring|gratitude|love|optimism|neutral
2100,27,neutral,3|5|6|9|18|27,annoyance|caring|confusion|disappointment|love|neutral
2101,3,annoyance,1|3|4|6|7|17|18|25|26,amusement|annoyance|approval|confusion|curiosity|joy|love|sadness|surprise
2102,9|25,disappointment|sadness,0|1|4|8|9|14|17|20|23,admiration|amusement|approval|desire|disappointment|fear|joy|optimism|relief
2103,11,disgust,0|1|2|6|18,admiration|amusement|anger|confusion|love
2104,27,neutral,3|4|12|13|15|18|20|23,annoyance|approval|embarrassment|excitement|gratitude|love|optimism|relief
2105,26,surprise,0|1|5|11|15|18|22|25|26,admiration|amusement|caring|disgust|gratitude|love|realization|sadness|surprise
2106,1,amusement,0|2|8|11|15|20|22|26|27,admiration|anger|desire|disgust|gratitude|optimism|realization|surprise|neutral
2107,27,neutral,2|6|7|13|17|20|27,anger|confusion|curiosity|excitement|joy|optimism|neutral
2108,27,neutral,0|11|13|15|22|25|27,admiration|disgust|excitement|gratitude|realization|sadness|neutral
2109,6,confusion,0|1|7|13|26,admiration|amusement|curiosity|excitement|surprise
2110,27,neutral,,
2111,27,neutral,2|3|5|6|9|10|11|25,anger|annoyance|caring|confusion|disappointment|disapproval|disgust|sadness
2112,15,gratitude,0|1|2|5|10|14|15|16|17|20,admiration|amusement|anger|caring|disapproval|fear|gratitude|grief|joy|optimism
2113,2,anger,0|3|7|10|15|17|27,admiration|annoyance|curiosity|disapproval|gratitude|joy|neutral
2114,1,amusement,0|3|6|11|15|17|25|26,admiration|annoyance|confusion|disgust|gratitude|joy|sadness|surprise
2115,3|10,annoyance|disapproval,5|10|11|15|22|25|26,caring|disapproval|disgust|gratitude|realization|sadness|surprise
2116,27,neutral,0|1|3|5|6|7|8|20|25|27,admiration|amusement|annoyance|caring|confusion|curiosity|desire|optimism|sadness|neutral
2117,27,neutral,2|3|7|14|17|20,anger|annoyance|curiosity|fear|joy|optimism
2118,27,neutral,3|7|20|24|25|27,annoyance|curiosity|optimism|remorse|sadness|neutral
2119,27,neutral,0|4|10|13,admiration|approval|disapproval|excitement
2120,7|27,curiosity|neutral,0|5|10|17,admiration|caring|disapproval|joy
2121,27,neutral,2|3|4|7|9|26,anger|annoyance|approval|curiosity|disappointment|surprise
2122,4,approval,7|9|18|22,curiosity|disappointment|love|realization
2123,27,neutral,13|15|17|20|26|27,excitement|gratitude|joy|optimism|surprise|neutral
2124,27,neutral,0|3|5|6|7|17|27,admiration|annoyance|caring|confusion|curiosity|joy|neutral
2125,0,admiration,2|3|5|10|13|17|22|27,anger|annoyance|caring|disapproval|excitement|joy|realization|neutral
2126,27,neutral,0|4|7|9|10|22|27,admiration|approval|curiosity|disappointment|disapproval|realization|neutral
2127,27,neutral,3|4|6|9|11|13|15|18|22|25,annoyance|approval|confusion|disappointment|disgust|excitement|gratitude|love|realization|sadness
2128,18,love,3|7|10|17|18|20,annoyance|curiosity|disapproval|joy|love|optimism
2129,27,neutral,0|4|5|6|7|14|20|24,admiration|approval|caring|confusion|curiosity|fear|optimism|remorse
2130,3,annoyance,6|10|11,confusion|disapproval|disgust
2131,15,gratitude,4|6|7|9|10|14|18|22|25,approval|confusion|curiosity|disappointment|disapproval|fear|love|realization|sadness
2132,9,disappointment,0|2|6|7|10|15|17|26,admiration|anger|confusion|curiosity|disapproval|gratitude|joy|surprise
2133,27,neutral,4|7|10|11|15,approval|curiosity|disapproval|disgust|gratitude
2134,2,anger,1|3|4|7|9|15|22|25,amusement|annoyance|approval|curiosity|disappointment|gratitude|realization|sadness
2135,27,neutral,6|11|20|25|27,confusion|disgust|optimism|sadness|neutral
2136,13|20|27,excitement|optimism|neutral,1|13|17|18,amusement|excitement|joy|love
2137,27,neutral,0|3|4|18|24,admiration|annoyance|approval|love|remorse
2138,17,joy,2|3|9|20,anger|annoyance|disappointment|optimism
2139,7|27,curiosity|neutral,1|2|3|4|7|15,amusement|anger|annoyance|approval|curiosity|gratitude
2140,22,realization,1|3|4|13|15|18|20|22|26,amusement|annoyance|approval|excitement|gratitude|love|optimism|realization|surprise
2141,20,optimism,5|6|8|9|15|18|27,caring|confusion|desire|disappointment|gratitude|love|neutral
2142,15,gratitude,0|1|3|10|18|22|27,admiration|amusement|annoyance|disapproval|love|realization|neutral
2143,20|25,optimism|sadness,1|2|3|10|13|17|20,amusement|anger|annoyance|disapproval|excitement|joy|optimism
2144,1|3,amusement|annoyance,0|1|5|9|10|15|25|27,admiration|amusement|caring|disappointment|disapproval|gratitude|sadness|neutral
2145,4,approval,1|3|4|6|14|22,amusement|annoyance|approval|confusion|fear|realization
2146,17|25,joy|sadness,1|5|10|11|17|20,amusement|caring|disapproval|disgust|joy|optimism
2147,27,neutral,4|9|27,approval|disappointment|neutral
2148,4,approval,2|3|4|8|18|20|25|26,anger|annoyance|approval|desire|love|optimism|sadness|surprise
2149,27,neutral,3|4|5|24|25|27,annoyance|approval|caring|remorse|sadness|neutral
2150,3,annoyance,1|4|11|15|22|26,amusement|approval|disgust|gratitude|realization|surprise
2151,7,curiosity,1|3|20,amusement|annoyance|optimism
2152,8,desire,6|7|10|25|27,confusion|curiosity|disapproval|sadness|neutral
2153,27,neutral,1|2|3|4|7|15|18|20|27,amusement|anger|annoyance|approval|curiosity|gratitude|love|optimism|neutral
2154,18,love,6|7|27,confusion|curiosity|neutral
2155,27,neutral,1|6|8|14|15|17|18|20,amusement|confusion|desire|fear|gratitude|joy|love|optimism
2156,15,gratitude,1|9|10|18|20,amusement|disappointment|disapproval|love|optimism
2157,27,neutral,1|4|11|12|13|18,amusement|approval|disgust|embarrassment|excitement|love
2158,27,neutral,0|3|5|9,admiration|annoyance|caring|disappointment
2159,24,remorse,4|7|8|26|27,approval|curiosity|desire|surprise|neutral
2160,27,neutral,5|7|11|27,caring|curiosity|disgust|neutral
2161,15,gratitude,0|3|9|13|15|25|27,admiration|annoyance|disappointment|excitement|gratitude|sadness|neutral
2162,27,neutral,0|1|15|18|26,admiration|amusement|gratitude|love|surprise
2163,0|1,admiration|amusement,1|6|7|10|11|15|20|22|24|26|27,amusement|confusion|curiosity|disapproval|disgust|gratitude|optimism|realization|remorse|surprise|neutral
2164,25,sadness,0|2|20,admiration|anger|optimism
2165,20,optimism,0|1|10|15|17|20|22|25|26,admiration|amusement|disapproval|gratitude|joy|optimism|realization|sadness|surprise
2166,7,curiosity,3|9|11|15|17|22,annoyance|disappointment|disgust|gratitude|joy|realization
2167,27,neutral,2|3|10|15|20|25|27,anger|annoyance|disapproval|gratitude|optimism|sadness|neutral
2168,15,gratitude,1|2|3|5|7|15,amusement|anger|annoyance|caring|curiosity|gratitude
2169,2|9,anger|disappointment,1|2|3|5|7|20,amusement|anger|annoyance|caring|curiosity|optimism
2170,4,approval,0|3|6|7|8|13|17,admiration|annoyance|confusion|curiosity|desire|excitement|joy
2171,27,neutral,1|9|10|25|27,amusement|disappointment|disapproval|sadness|neutral
2172,27,neutral,3|4|15|22|26,annoyance|approval|gratitude|realization|surprise
2173,27,neutral,1|15|22|24|27,amusement|gratitude|realization|remorse|neutral
2174,20,optimism,0|4|9|10|11|14|17|20|22,admiration|approval|disappointment|disapproval|disgust|fear|joy|optimism|realization
2175,27,neutral,2|8|11|15|27,anger|desire|disgust|gratitude|neutral
2176,20,optimism,1|7|10|17|25|27,amusement|curiosity|disapproval|joy|sadness|neutral
2177,9,disappointment,0|6|7|9|10|14|17|19|22,admiration|confusion|curiosity|disappointment|disapproval|fear|joy|nervousness|realization
2178,13,excitement,0|1|4|5|9,admiration|amusement|approval|caring|disappointment
2179,18,love,0|2|4|6|15|18|26,admiration|anger|approval|confusion|gratitude|love|surprise
2180,0|1|9,admiration|amusement|disappointment,9|15|18|20|27,disappointment|gratitude|love|optimism|neutral
2181,16,grief,6|10|15|22|26,confusion|disapproval|gratitude|realization|surprise
2182,27,neutral,1|2|4|5|11|14|25,amusement|anger|approval|caring|disgust|fear|sadness
2183,3,annoyance,3|6|7|20|23|26|27,annoyance|confusion|curiosity|optimism|relief|surprise|neutral
2184,7,curiosity,0|1|15|17|22|27,admiration|amusement|gratitude|joy|realization|neutral
2185,27,neutral,6|9|13|15|17|27,confusion|disappointment|excitement|gratitude|joy|neutral
2186,0,admiration,3|9|10|15|17|18|20|25,annoyance|disappointment|disapproval|gratitude|joy|love|optimism|sadness
2187,0,admiration,0|3|13|17|18|20|24|25,admiration|annoyance|excitement|joy|love|optimism|remorse|sadness
2188,3,annoyance,2|7|15|17|22|25,anger|curiosity|gratitude|joy|realization|sadness
2189,27,neutral,7|8|9|10|17|26,curiosity|desire|disappointment|disapproval|joy|surprise
2190,27,neutral,2|3|7|20|27,anger|annoyance|curiosity|optimism|neutral
2191,27,neutral,0|2|3|5|7|15|17|27,admiration|anger|annoyance|caring|curiosity|gratitude|joy|neutral
2192,27,neutral,1|2|5|9|25|27,amusement|anger|caring|disappointment|sadness|neutral
2193,27,neutral,10|20|21,disapproval|optimism|pride
2194,5,caring,1|3|6|9|10|25,amusement|annoyance|confusion|disappointment|disapproval|sadness
2195,27,neutral,2|7|11|15|18|22|26,anger|curiosity|disgust|gratitude|love|realization|surprise
2196,0|20,admiration|optimism,1|7|20|24|27,amusement|curiosity|optimism|remorse|neutral
2197,27,neutral,0|3|11|22|26,admiration|annoyance|disgust|realization|surprise
2198,27,neutral,1|9|17|27,amusement|disappointment|joy|neutral
2199,27,neutral,2|5|6|10|17|20|22|25,anger|caring|confusion|disapproval|joy|optimism|realization|sadness
2200,18,love,1|9|23,amusement|disappointment|relief
2201,1,amusement,0|7|15|20|27,admiration|curiosity|gratitude|optimism|neutral
2202,6,confusion,0|4|10|15|27,admiration|approval|disapproval|gratitude|neutral
2203,17,joy,0|2|7|10|25|27,admiration|anger|curiosity|disapproval|sadness|neutral
2204,10,disapproval,1|9|20|25|26|27,amusement|disappointment|optimism|sadness|surprise|neutral
2205,15,gratitude,1|2|3|4|10|15|19,amusement|anger|annoyance|approval|disapproval|gratitude|nervousness
2206,0|7,admiration|curiosity,2|3|6|11|13|14|20|27,anger|annoyance|confusion|disgust|excitement|fear|optimism|neutral
2207,0|25,admiration|sadness,2|3|7|10|11|26,anger|annoyance|curiosity|disapproval|disgust|surprise
2208,27,neutral,1|13|15|21|26|27,amusement|excitement|gratitude|pride|surprise|neutral
2209,1|7,amusement|curiosity,1|2|4|7|25|27,amusement|anger|approval|curiosity|sadness|neutral
2210,10|11,disapproval|disgust,1|4|7|11|17|18|26|27,amusement|approval|curiosity|disgust|joy|love|surprise|neutral
2211,2,anger,2|4|6|7|8|10|11|15|18,anger|approval|confusion|curiosity|desire|disapproval|disgust|gratitude|love
2212,14,fear,0|1|5|7|13|18|26|27,admiration|amusement|caring|curiosity|excitement|love|surprise|neutral
2213,4,approval,2|3|4|15,anger|annoyance|approval|gratitude
2214,13,excitement,0|1|3|6|14|17|27,admiration|amusement|annoyance|confusion|fear|joy|neutral
2215,5,caring,0|2|11|17|22|25|27,admiration|anger|disgust|joy|realization|sadness|neutral
2216,27,neutral,5|18|27,caring|love|neutral
2217,10|27,disapproval|neutral,3|6|10|17|25,annoyance|confusion|disapproval|joy|sadness
2218,10,disapproval,4|5|8|10|13|15|20,approval|caring|desire|disapproval|excitement|gratitude|optimism
2219,1,amusement,6|7|10|11|15|18|25|26,confusion|curiosity|disapproval|disgust|gratitude|love|sadness|surprise
2220,4,approval,0|6|7|8|17|27,admiration|confusion|curiosity|desire|joy|neutral
2221,15,gratitude,0|4|13|15|18|20|25,admiration|approval|excitement|gratitude|love|optimism|sadness
2222,27,neutral,1|2|4|18|22|25,amusement|anger|approval|love|realization|sadness
2223,6,confusion,0|3|4|6|7|15|17|22|25,admiration|annoyance|approval|confusion|curiosity|gratitude|joy|realization|sadness
2224,4,approval,2|9|10|18|20|25,anger|disappointment|disapproval|love|optimism|sadness
2225,24,remorse,5|6|7|27,caring|confusion|curiosity|neutral
2226,27,neutral,0|2|3|14|17|25|26|27,admiration|anger|annoyance|fear|joy|sadness|surprise|neutral
2227,1|3,amusement|annoyance,1|2|4|10|18|27,amusement|anger|approval|disapproval|love|neutral
2228,1,amusement,4|10|11|17|26,approval|disapproval|disgust|joy|surprise
2229,3,annoyance,1|4|5|24|25|27,amusement|approval|caring|remorse|sadness|neutral
2230,5,caring,7|10|22|25|26|27,curiosity|disapproval|realization|sadness|surprise|neutral
2231,2,anger,3|4|10|24|27,annoyance|approval|disapproval|remorse|neutral
2232,25,sadness,0|4|17|20,admiration|approval|joy|optimism
2233,0,admiration,2|5|10|17|27,anger|caring|disapproval|joy|neutral
2234,22,realization,0|2|3|7|10,admiration|anger|annoyance|curiosity|disapproval
2235,27,neutral,2|4|13|18|26,anger|approval|excitement|love|surprise
2236,10,disapproval,2|3|4|10|18|20,anger|annoyance|approval|disapproval|love|optimism
2237,3|27,annoyance|neutral,5|12|15|17|18|25|27,caring|embarrassment|gratitude|joy|love|sadness|neutral
2238,27,neutral,1|2|4|7|10|14|27,amusement|anger|approval|curiosity|disapproval|fear|neutral
2239,9,disappointment,1|4|7|18|22,amusement|approval|curiosity|love|realization
2240,22,realization,3|6|8|9|18,annoyance|confusion|desire|disappointment|love
2241,17,joy,0|3|7|15|27,admiration|annoyance|curiosity|gratitude|neutral
2242,6,confusion,1|2|8|10|17|27,amusement|anger|desire|disapproval|joy|neutral
2243,18,love,6|8|9|11|20|27,confusion|desire|disappointment|disgust|optimism|neutral
2244,0,admiration,2|20|25|27,anger|optimism|sadness|neutral
2245,17|18,joy|love,0|2|3|4|5|8|9|18|20|22|25,admiration|anger|annoyance|approval|caring|desire|disappointment|love|optimism|realization|sadness
2246,27,neutral,2|4|5|13|17|18|27,anger|approval|caring|excitement|joy|love|neutral
2247,8|15,desire|gratitude,5|6|20|27,caring|confusion|optimism|neutral
2248,18,love,2|4|5|6|10|11|17|18|20|25|26,anger|approval|caring|confusion|disapproval|disgust|joy|love|optimism|sadness|surprise
2249,0,admiration,4|18|26|27,approval|love|surprise|neutral
2250,27,neutral,0|2|4|7|9|14|17|26|27,admiration|anger|approval|curiosity|disappointment|fear|joy|surprise|neutral
2251,2,anger,6|17|25|27,confusion|joy|sadness|neutral
2252,12|15,embarrassment|gratitude,1|3|5|7|10|14|17|20|26,amusement|annoyance|caring|curiosity|disapproval|fear|joy|optimism|surprise
2253,1,amusement,18|20|27,love|optimism|neutral
2254,27,neutral,0|1|2|4|5|10|11|15|18|22|25,admiration|amusement|anger|approval|caring|disapproval|disgust|gratitude|love|realization|sadness
2255,27,neutral,0|2|22|26,admiration|anger|realization|surprise
2256,2|3,anger|annoyance,3|4|13|15|27,annoyance|approval|excitement|gratitude|neutral
2257,0,admiration,4|5|6|8|9|15|20|26,approval|caring|confusion|desire|disappointment|gratitude|optimism|surprise
2258,1,amusement,0|1|3|17|25|27,admiration|amusement|annoyance|joy|sadness|neutral
2259,15,gratitude,0|2|4|7|8|18,admiration|anger|approval|curiosity|desire|love
2260,1|15|18,amusement|gratitude|love,0|2|4|8|13|15|17|18|20|27,admiration|anger|approval|desire|excitement|gratitude|joy|love|optimism|neutral
2261,27,neutral,0|3|6|15|17,admiration|annoyance|confusion|gratitude|joy
2262,0,admiration,0|3|6|20|25,admiration|annoyance|confusion|optimism|sadness
2263,4,approval,0|1|3|4|10|25|26|27,admiration|amusement|annoyance|approval|disapproval|sadness|surprise|neutral
2264,5|10,caring|disapproval,3|11|17|27,annoyance|disgust|joy|neutral
2265,10,disapproval,6|9|11|26|27,confusion|disappointment|disgust|surprise|neutral
2266,6|27,confusion|neutral,3|5|10|27,annoyance|caring|disapproval|neutral
2267,27,neutral,4|8|10|17|18|20|25,approval|desire|disapproval|joy|love|optimism|sadness
2268,0,admiration,4|5|9|14|17|25|27,approval|caring|disappointment|fear|joy|sadness|neutral
2269,10|20,disapproval|optimism,1|6|7|8|9|18|20,amusement|confusion|curiosity|desire|disappointment|love|optimism
2270,15,gratitude,0|4|9|15|20|22,admiration|approval|disappointment|gratitude|optimism|realization
2271,27,neutral,1|3|4|5|15|17|18|27,amusement|annoyance|approval|caring|gratitude|joy|love|neutral
2272,8,desire,27,neutral
2273,27,neutral,0|3|4|5|7|20|25,admiration|annoyance|approval|caring|curiosity|optimism|sadness
2274,27,neutral,1|3|7|9|20,amusement|annoyance|curiosity|disappointment|optimism
2275,11,disgust,2|3|5|6|7|8|9|15|17|20|26,anger|annoyance|caring|confusion|curiosity|desire|disappointment|gratitude|joy|optimism|surprise
2276,0,admiration,0|7|9|10|11|13|15|17|18|20,admiration|curiosity|disappointment|disapproval|disgust|excitement|gratitude|joy|love|optimism
2277,5,caring,4|10|18|20|22|25,approval|disapproval|love|optimism|realization|sadness
2278,4,approval,0|1|5|6|7|13|14|22|25,admiration|amusement|caring|confusion|curiosity|excitement|fear|realization|sadness
2279,27,neutral,0|6|15|20,admiration|confusion|gratitude|optimism
2280,9|11|14,disappointment|disgust|fear,3|4|6|10|11|18|20|26,annoyance|approval|confusion|disapproval|disgust|love|optimism|surprise
2281,0|17,admiration|joy,0|1|3|4|8|10|20|25|26,admiration|amusement|annoyance|approval|desire|disapproval|optimism|sadness|surprise
2282,3,annoyance,8|10|15|20|22|27,desire|disapproval|gratitude|optimism|realization|neutral
2283,7|27,curiosity|neutral,2|7|9|10|13|15|18|26|27,anger|curiosity|disappointment|disapproval|excitement|gratitude|love|surprise|neutral
2284,18,love,0|3|4|5|7|15|18|20|26,admiration|annoyance|approval|caring|curiosity|gratitude|love|optimism|surprise
2285,2,anger,2|4|7|9|18|24|25,anger|approval|curiosity|disappointment|love|remorse|sadness
2286,24,remorse,0|1|6|17|27,admiration|amusement|confusion|joy|neutral
2287,27,neutral,1|2|3|14|18|20|27,amusement|anger|annoyance|fear|love|optimism|neutral
2288,22,realization,1|2|7|10|11|13|17|22,amusement|anger|curiosity|disapproval|disgust|excitement|joy|realization
2289,6,confusion,1|2|3|15,amusement|anger|annoyance|gratitude
2290,27,neutral,3|7|11|15|17|25|27,annoyance|curiosity|disgust|gratitude|joy|sadness|neutral
2291,1,amusement,0|1|2|3|10|13|14|17|27,admiration|amusement|anger|annoyance|disapproval|excitement|fear|joy|neutral
2292,10|23,disapproval|relief,2|3|4|9|22|24|26,anger|annoyance|approval|disappointment|realization|remorse|surprise
2293,4,approval,0|6|13|15|17|22|27,admiration|confusion|excitement|gratitude|joy|realization|neutral
2294,27,neutral,0|1|3|11|15|22|26,admiration|amusement|annoyance|disgust|gratitude|realization|surprise
2295,15,gratitude,0|1|3|6|7|14|15|24|27,admiration|amusement|annoyance|confusion|curiosity|fear|gratitude|remorse|neutral
2296,3,annoyance,0|15|18|26,admiration|gratitude|love|surprise
2297,0,admiration,1|4|10|20|22|26,amusement|approval|disapproval|optimism|realization|surprise
2298,24,remorse,0|4|12|15|26,admiration|approval|embarrassment|gratitude|surprise
2299,27,neutral,4|8|10|22|27,approval|desire|disapproval|realization|neutral
2300,18,love,1|3|4|5|6|7|10|15|17,amusement|annoyance|approval|caring|confusion|curiosity|disapproval|gratitude|joy
2301,3|9,annoyance|disappointment,7|8|25|27,curiosity|desire|sadness|neutral
2302,27,neutral,0|4|14|15|17|20|22|26,admiration|approval|fear|gratitude|joy|optimism|realization|surprise
2303,0,admiration,1|6|7|10|15|18|23,amusement|confusion|curiosity|disapproval|gratitude|love|relief
2304,4,approval,1|6|7|10|11|17|20|25|27,amusement|confusion|curiosity|disapproval|disgust|joy|optimism|sadness|neutral
2305,27,neutral,2|5|8|11|18|27,anger|caring|desire|disgust|love|neutral
2306,27,neutral,2|3|6|7|10|13|15|22,anger|annoyance|confusion|curiosity|disapproval|excitement|gratitude|realization
2307,27,neutral,0|23|25|27,admiration|relief|sadness|neutral
2308,14,fear,2|9|18|26,anger|disappointment|love|surprise
2309,2|4,anger|approval,1|13|15|22|25,amusement|excitement|gratitude|realization|sadness
2310,27,neutral,2|10|11|25,anger|disapproval|disgust|sadness
2311,3|9,annoyance|disappointment,7|8|9|12|27,curiosity|desire|disappointment|embarrassment|neutral
2312,10,disapproval,3|5|6|12|13|24|25|26,annoyance|caring|confusion|embarrassment|excitement|remorse|sadness|surprise
2313,14,fear,7|15|20|22,curiosity|gratitude|optimism|realization
2314,10,disapproval,10|15|20|27,disapproval|gratitude|optimism|neutral
2315,27,neutral,10|11|15|17|18|24,disapproval|disgust|gratitude|joy|love|remorse
2316,15,gratitude,1|9|15|25|27,amusement|disappointment|gratitude|sadness|neutral
2317,2,anger,0|9|10|14|15|17|18|22,admiration|disappointment|disapproval|fear|gratitude|joy|love|realization
2318,10,disapproval,0|1|3|4|9|10|12|20,admiration|amusement|annoyance|approval|disappointment|disapproval|embarrassment|optimism
2319,11,disgust,0|3|11|15|20|24|25,admiration|annoyance|disgust|gratitude|optimism|remorse|sadness
2320,3|9,annoyance|disappointment,0|2|3|4|6|7|8|15|24,admiration|anger|annoyance|approval|confusion|curiosity|desire|gratitude|remorse
2321,27,neutral,1|4|6|17|18,amusement|approval|confusion|joy|love
2322,9|22,disappointment|realization,11|13|17|20|26|27,disgust|excitement|joy|optimism|surprise|neutral
2323,10,disapproval,0|3|7|18|26,admiration|annoyance|curiosity|love|surprise
2324,13|18,excitement|love,0|1|4|6|7|15|17,admiration|amusement|approval|confusion|curiosity|gratitude|joy
2325,26,surprise,2|3|7|9|22|25|27,anger|annoyance|curiosity|disappointment|realization|sadness|neutral
2326,15,gratitude,2|4|5|9|11|15|20|26,anger|approval|caring|disappointment|disgust|gratitude|optimism|surprise
2327,1,amusement,0|1|5|10|11|18|22,admiration|amusement|caring|disapproval|disgust|love|realization
2328,27,neutral,0|6|7|9|11|13|15|26,admiration|confusion|curiosity|disappointment|disgust|excitement|gratitude|surprise
2329,26,surprise,2|4|7|27,anger|approval|curiosity|neutral
2330,22|27,realization|neutral,3|7|10|18|26,annoyance|curiosity|disapproval|love|surprise
2331,8,desire,1|7|18|24,amusement|curiosity|love|remorse
2332,27,neutral,0|4|5|20|27,admiration|approval|caring|optimism|neutral
2333,22,realization,3|6|15|18|27,annoyance|confusion|gratitude|love|neutral
2334,14|25,fear|sadness,4|14|15|20|22,approval|fear|gratitude|optimism|realization
2335,25,sadness,0|5|8|20|22|24|27,admiration|caring|desire|optimism|realization|remorse|neutral
2336,5|20,caring|optimism,0|3|4|5|15|20|25,admiration|annoyance|approval|caring|gratitude|optimism|sadness
2337,10,disapproval,4|7|9|10|17|26|27,approval|curiosity|disappointment|disapproval|joy|surprise|neutral
2338,8,desire,1|3|6|9|27,amusement|annoyance|confusion|disappointment|neutral
2339,10,disapproval,2|3|5|9|10|11|14|26,anger|annoyance|caring|disappointment|disapproval|disgust|fear|surprise
2340,27,neutral,0|1|3|26,admiration|amusement|annoyance|surprise
2341,3,annoyance,0|2|4|5|14|27,admiration|anger|approval|caring|fear|neutral
2342,27,neutral,0|9|10|22|25|27,admiration|disappointment|disapproval|realization|sadness|neutral
2343,27,neutral,1|7|8|14|18|25|27,amusement|curiosity|desire|fear|love|sadness|neutral
2344,27,neutral,3|4|9|18|26|27,annoyance|approval|disappointment|love|surprise|neutral
2345,10,disapproval,7|9|10|26|27,curiosity|disappointment|disapproval|surprise|neutral
2346,27,neutral,4|17|22,approval|joy|realization
2347,7,curiosity,2|3|4|9|20|22,anger|annoyance|approval|disappointment|optimism|realization
2348,27,neutral,0|9|13|17|20,admiration|disappointment|excitement|joy|optimism
2349,4|27,approval|neutral,0|4|5|6|9|11|15|17|20|25|26,admiration|approval|caring|confusion|disappointment|disgust|gratitude|joy|optimism|sadness|surprise
2350,3,annoyance,2|7|9|10|11|12|15|18|20|22,anger|curiosity|disappointment|disapproval|disgust|embarrassment|gratitude|love|optimism|realization
2351,5|19,caring|nervousness,6|10|17|25,confusion|disapproval|joy|sadness
2352,7,curiosity,0|1|4|6|7|13|15|18|27,admiration|amusement|approval|confusion|curiosity|excitement|gratitude|love|neutral
2353,27,neutral,0|3|4|7|10|17|20|27,admiration|annoyance|approval|curiosity|disapproval|joy|optimism|neutral
2354,4,approval,1|7|12|15|18,amusement|curiosity|embarrassment|gratitude|love
2355,19,nervousness,0|13|17|18|24|27,admiration|excitement|joy|love|remorse|neutral
2356,4,approval,3|6|7|10|13|14|17|20|22|26,annoyance|confusion|curiosity|disapproval|excitement|fear|joy|optimism|realization|surprise
2357,27,neutral,0|6|15|22|24|25|26,admiration|confusion|gratitude|realization|remorse|sadness|surprise
2358,10|24,disapproval|remorse,0|3|13|14|17|25,admiration|annoyance|excitement|fear|joy|sadness
2359,5,caring,0|15,admiration|gratitude
2360,1,amusement,5|15|26|27,caring|gratitude|surprise|neutral
2361,4,approval,3|7|11|15,annoyance|curiosity|disgust|gratitude
2362,1,amusement,0|4|18|22|27,admiration|approval|love|realization|neutral
2363,2,anger,0|1|2|3|4|7|14|15|22|26,admiration|amusement|anger|annoyance|approval|curiosity|fear|gratitude|realization|surprise
2364,4|27,approval|neutral,0|15|18|20|23|27,admiration|gratitude|love|optimism|relief|neutral
2365,7,curiosity,0|1|2|5|13|17|26,admiration|amusement|anger|caring|excitement|joy|surprise
2366,0,admiration,0|1|2|5|13|15|20|27,admiration|amusement|anger|caring|excitement|gratitude|optimism|neutral
2367,2|3,anger|annoyance,1|2|3|17|27,amusement|anger|annoyance|joy|neutral
2368,9,disappointment,3|5|8|22|26|27,annoyance|caring|desire|realization|surprise|neutral
2369,7,curiosity,2|5|13|17|18,anger|caring|excitement|joy|love
2370,3,annoyance,2|3|6|9|18|27,anger|annoyance|confusion|disappointment|love|neutral
2371,17,joy,2|3|4|5|9|15|20,anger|annoyance|approval|caring|disappointment|gratitude|optimism
2372,3|15,annoyance|gratitude,0|2|3|4|7|9|11|15,admiration|anger|annoyance|approval|curiosity|disappointment|disgust|gratitude
2373,3,annoyance,0|1|9|10,admiration|amusement|disappointment|disapproval
2374,4,approval,0|5|11|15|20|27,admiration|caring|disgust|gratitude|optimism|neutral
2375,27,neutral,0|2|6|7|10|11,admiration|anger|confusion|curiosity|disapproval|disgust
2376,5,caring,1|3|6|7|9|11|20|26|27,amusement|annoyance|confusion|curiosity|disappointment|disgust|optimism|surprise|neutral
2377,0|20,admiration|optimism,0|1|3|4|8|17,admiration|amusement|annoyance|approval|desire|joy
2378,18,love,7|8|10|27,curiosity|desire|disapproval|neutral
2379,13|17,excitement|joy,0|4|8|11|15|18|20|26|27,admiration|approval|desire|disgust|gratitude|love|optimism|surprise|neutral
2380,27,neutral,13|15|25|27,excitement|gratitude|sadness|neutral
2381,4,approval,1|2|3|4|10|11|13|15|21,amusement|anger|annoyance|approval|disapproval|disgust|excitement|gratitude|pride
2382,8,desire,1|2|3|6|10|11|15|22|24|25|26,amusement|anger|annoyance|confusion|disapproval|disgust|gratitude|realization|remorse|sadness|surprise
2383,1|9,amusement|disappointment,0|9|17|18|27,admiration|disappointment|joy|love|neutral
2384,4,approval,6|7|9|17|20|26|27,confusion|curiosity|disappointment|joy|optimism|surprise|neutral
2385,20,optimism,0|10|11|15|17|20|22|25|26|27,admiration|disapproval|disgust|gratitude|joy|optimism|realization|sadness|surprise|neutral
2386,27,neutral,4|5|7|8|13|20|26,approval|caring|curiosity|desire|excitement|optimism|surprise
2387,0,admiration,1|2|4|6|14|18,amusement|anger|approval|confusion|fear|love
2388,1,amusement,0|5|17|18|26|27,admiration|caring|joy|love|surprise|neutral
2389,27,neutral,1|10,amusement|disapproval
2390,27,neutral,4|6|7|10|15|22|25,approval|confusion|curiosity|disapproval|gratitude|realization|sadness
2391,1,amusement,0|3|4|10|13|25,admiration|annoyance|approval|disapproval|excitement|sadness
2392,10|11,disapproval|disgust,1|7|9|13|14|17|18|25|27,amusement|curiosity|disappointment|excitement|fear|joy|love|sadness|neutral
2393,0,admiration,0|3|5|8|13|15,admiration|annoyance|caring|desire|excitement|gratitude
2394,27,neutral,0|1|2|4|7|15,admiration|amusement|anger|approval|curiosity|gratitude
2395,5,caring,10|17|20|25|26|27,disapproval|joy|optimism|sadness|surprise|neutral
2396,10,disapproval,0|4|5|9|13|20|22,admiration|approval|caring|disappointment|excitement|optimism|realization
2397,27,neutral,0|4|8|15|20|27,admiration|approval|desire|gratitude|optimism|neutral
2398,1|27,amusement|neutral,0|2|3|6|11|15|22|25|26,admiration|anger|annoyance|confusion|disgust|gratitude|realization|sadness|surprise
2399,27,neutral,1|2|9|10|18|25|26,amusement|anger|disappointment|disapproval|love|sadness|surprise
2400,15,gratitude,0|4|7|15|22,admiration|approval|curiosity|gratitude|realization
2401,4,approval,5|9|10|18|22|27,caring|disappointment|disapproval|love|realization|neutral
2402,3,annoyance,5|6|10|13|15|18|24|25|27,caring|confusion|disapproval|excitement|gratitude|love|remorse|sadness|neutral
2403,25,sadness,0|20|24|26|27,admiration|optimism|remorse|surprise|neutral
2404,26,surprise,1|2|3|4|7|10|15|17,amusement|anger|annoyance|approval|curiosity|disapproval|gratitude|joy
2405,10,disapproval,2|4|5|13|18|25,anger|approval|caring|excitement|love|sadness
2406,10|27,disapproval|neutral,1|3|4|9,amusement|annoyance|approval|disappointment
2407,3,annoyance,4|7|9,approval|curiosity|disappointment
2408,1|7,amusement|curiosity,1|2|3|6|7|8|10|20|22|25,amusement|anger|annoyance|confusion|curiosity|desire|disapproval|optimism|realization|sadness
2409,26,surprise,2|13|15|17|22|24|25|27,anger|excitement|gratitude|joy|realization|remorse|sadness|neutral
2410,3,annoyance,1|6|27,amusement|confusion|neutral
2411,27,neutral,2|5|7|9|15|26,anger|caring|curiosity|disappointment|gratitude|surprise
2412,4|27,approval|neutral,1|2|4|6|7|8|9|20|26|27,amusement|anger|approval|confusion|curiosity|desire|disappointment|optimism|surprise|neutral
2413,0,admiration,0|4|5|6|9|17|20,admiration|approval|caring|confusion|disappointment|joy|optimism
2414,27,neutral,0|4|9|13|15|17|26,admiration|approval|disappointment|excitement|gratitude|joy|surprise
2415,0,admiration,1|2|6|15|17|18|22|27,amusement|anger|confusion|gratitude|joy|love|realization|neutral
2416,27,neutral,2|4|9|18|22|25|26,anger|approval|disappointment|love|realization|sadness|surprise
2417,7,curiosity,2|7|11|13|17|20|23|25,anger|curiosity|disgust|excitement|joy|optimism|relief|sadness
2418,27,neutral,4|5|9|11|13|14|22|27,approval|caring|disappointment|disgust|excitement|fear|realization|neutral
2419,27,neutral,1|18|24,amusement|love|remorse
2420,18,love,2|3|6|22|27,anger|annoyance|confusion|realization|neutral
2421,27,neutral,0|14|15|17,admiration|fear|gratitude|joy
2422,17,joy,6|7|13|14|15|17|20|22|24|27,confusion|curiosity|excitement|fear|gratitude|joy|optimism|realization|remorse|neutral
2423,4,approval,0|3|4|8|9|18|20|24,admiration|annoyance|approval|desire|disappointment|love|optimism|remorse
2424,27,neutral,2|3|4|8|22,anger|annoyance|approval|desire|realization
2425,12,embarrassment,0|4|5|7|17|20|26|27,admiration|approval|caring|curiosity|joy|optimism|surprise|neutral
2426,6,confusion,5|20|27,caring|optimism|neutral
2427,17|20,joy|optimism,0|3|10|15|22|27,admiration|annoyance|disapproval|gratitude|realization|neutral
2428,14,fear,0|1|4|5|9|18|27,admiration|amusement|approval|caring|disappointment|love|neutral
2429,1|10,amusement|disapproval,1|3|5|7|9|25,amusement|annoyance|caring|curiosity|disappointment|sadness
2430,27,neutral,0|4|13|26|27,admiration|approval|excitement|surprise|neutral
2431,27,neutral,0|4|6|9,admiration|approval|confusion|disappointment
2432,4,approval,0|3|7|15,admiration|annoyance|curiosity|gratitude
2433,22,realization,0|2|5|6|20|27,admiration|anger|caring|confusion|optimism|neutral
2434,27,neutral,0|6|9|13|20|27,admiration|confusion|disappointment|excitement|optimism|neutral
2435,27,neutral,0|2|4|15|18|24|25|26,admiration|anger|approval|gratitude|love|remorse|sadness|surprise
2436,4|13,approval|excitement,0|2|5|9|25|26|27,admiration|anger|caring|disappointment|sadness|surprise|neutral
2437,13,excitement,6|8|15|20|22|24|26,confusion|desire|gratitude|optimism|realization|remorse|surprise
2438,8,desire,1|3|5|18|25|27,amusement|annoyance|caring|love|sadness|neutral
2439,4,approval,2|4|7|12|17|25|26,anger|approval|curiosity|embarrassment|joy|sadness|surprise
2440,21,pride,9|15|17|27,disappointment|gratitude|joy|neutral
2441,15,gratitude,0|1|5|7|11|15|17|22|25,admiration|amusement|caring|curiosity|disgust|gratitude|joy|realization|sadness
2442,4|27,approval|neutral,0|3|7|10|11|15|18|23|25,admiration|annoyance|curiosity|disapproval|disgust|gratitude|love|relief|sadness
2443,18,love,2|3|4|5|7|10|13|14|15|17|25,anger|annoyance|approval|caring|curiosity|disapproval|excitement|fear|gratitude|joy|sadness
2444,10,disapproval,3|4|8|9|10|15|20|22|25,annoyance|approval|desire|disappointment|disapproval|gratitude|optimism|realization|sadness
2445,27,neutral,4|7|9|11|12|17|18|25|27,approval|curiosity|disappointment|disgust|embarrassment|joy|love|sadness|neutral
2446,27,neutral,0|4|6|13|15|18|24|27,admiration|approval|confusion|excitement|gratitude|love|remorse|neutral
2447,27,neutral,0|2|7|10|20|26,admiration|anger|curiosity|disapproval|optimism|surprise
2448,17,joy,0|8|10|20|25|26,admiration|desire|disapproval|optimism|sadness|surprise
2449,0|15,admiration|gratitude,2|6|15|25|26,anger|confusion|gratitude|sadness|surprise
2450,27,neutral,1|3|8|13|17|20|22,amusement|annoyance|desire|excitement|joy|optimism|realization
2451,15,gratitude,0|1|3|4|5|7|9|15|18|20|25,admiration|amusement|annoyance|approval|caring|curiosity|disappointment|gratitude|love|optimism|sadness
2452,27,neutral,4|5|13|14|15|17|20|25|27,approval|caring|excitement|fear|gratitude|joy|optimism|sadness|neutral
2453,27,neutral,9|15|27,disappointment|gratitude|neutral
2454,1,amusement,0|2|11,admiration|anger|disgust
2455,27,neutral,5|7|10|26|27,caring|curiosity|disapproval|surprise|neutral
2456,9|25,disappointment|sadness,1|4|10|11|15|20|22|23,amusement|approval|disapproval|disgust|gratitude|optimism|realization|relief
2457,13|17,excitement|joy,6|7|10|25|26,confusion|curiosity|disapproval|sadness|surprise
2458,1,amusement,4|6|18|20,approval|confusion|love|optimism
2459,6,confusion,3|4|5|6|10|18|27,annoyance|approval|caring|confusion|disapproval|love|neutral
2460,0,admiration,0|10|15|17|25|27,admiration|disapproval|gratitude|joy|sadness|neutral
2461,9,disappointment,1|3|7|9|10|13|15|17,amusement|annoyance|curiosity|disappointment|disapproval|excitement|gratitude|joy
2462,27,neutral,0|4|5|10|20|25,admiration|approval|caring|disapproval|optimism|sadness
2463,5,caring,1|3|5|7|14|15|18|25,amusement|annoyance|caring|curiosity|fear|gratitude|love|sadness
2464,10|27,disapproval|neutral,3|5|6|7|11|15|17|27,annoyance|caring|confusion|curiosity|disgust|gratitude|joy|neutral
2465,13,excitement,0|2|6|10|14|25|27,admiration|anger|confusion|disapproval|fear|sadness|neutral
2466,4|27,approval|neutral,1|4|6|7|15|22|25|26,amusement|approval|confusion|curiosity|gratitude|realization|sadness|surprise
2467,27,neutral,2|15|25|26|27,anger|gratitude|sadness|surprise|neutral
2468,5,caring,4|6|7|10|14|22|26|27,approval|confusion|curiosity|disapproval|fear|realization|surprise|neutral
2469,4,approval,0|2|8|10|13|15|25|26,admiration|anger|desire|disapproval|excitement|gratitude|sadness|surprise
2470,4,approval,1|7|18|22|25|27,amusement|curiosity|love|realization|sadness|neutral
2471,1,amusement,0|1|7|12|13|17|21|27,admiration|amusement|curiosity|embarrassment|excitement|joy|pride|neutral
2472,27,neutral,1|2|7|18|20|22|24|27,amusement|anger|curiosity|love|optimism|realization|remorse|neutral
2473,4,approval,0|2|10|11|18|22|24|25,admiration|anger|disapproval|disgust|love|realization|remorse|sadness
2474,27,neutral,0|1|2|10|13|27,admiration|amusement|anger|disapproval|excitement|neutral
2475,23,relief,3|5|7|9|10|24|25|27,annoyance|caring|curiosity|disappointment|disapproval|remorse|sadness|neutral
2476,27,neutral,3|4|8|10|18|22,annoyance|approval|desire|disapproval|love|realization
2477,27,neutral,3|6|13|17|22|23|25|26,annoyance|confusion|excitement|joy|realization|relief|sadness|surprise
2478,18,love,1|5|7|10|13|27,amusement|caring|curiosity|disapproval|excitement|neutral
2479,24,remorse,22|24|27,realization|remorse|neutral
2480,27,neutral,0|2|9|15|17|18,admiration|anger|disappointment|gratitude|joy|love
2481,27,neutral,0|1|2|4|7,admiration|amusement|anger|approval|curiosity
2482,3,annoyance,0|4|18|22|27,admiration|approval|love|realization|neutral
2483,1,amusement,3|5|9|18|22,annoyance|caring|disappointment|love|realization
2484,8|20,desire|optimism,0|14|15|17,admiration|fear|gratitude|joy
2485,9,disappointment,0|1|2|6|10|11|15|26,admiration|amusement|anger|confusion|disapproval|disgust|gratitude|surprise
2486,15,gratitude,4|6|10|22|24,approval|confusion|disapproval|realization|remorse
2487,17,joy,0|3|7|10|18,admiration|annoyance|curiosity|disapproval|love
2488,20,optimism,0|1|4|7|15|24|27,admiration|amusement|approval|curiosity|gratitude|remorse|neutral
2489,3|15,annoyance|gratitude,6|8|11|20|26,confusion|desire|disgust|optimism|surprise
2490,3|27,annoyance|neutral,0|1|2|3|6|10|12|18|25|26,admiration|amusement|anger|annoyance|confusion|disapproval|embarrassment|love|sadness|surprise
2491,25,sadness,0|10|11|15|17|18|24|26,admiration|disapproval|disgust|gratitude|joy|love|remorse|surprise
2492,26,surprise,0|1|2|6|7|11|13|15|21|27,admiration|amusement|anger|confusion|curiosity|disgust|excitement|gratitude|pride|neutral
2493,17,joy,4|9|14|27,approval|disappointment|fear|neutral
2494,8|25,desire|sadness,2|5|14|15|17|26,anger|caring|fear|gratitude|joy|surprise
2495,0,admiration,4|6|10|13|15|17|20|27,approval|confusion|disapproval|excitement|gratitude|joy|optimism|neutral
2496,20,optimism,0|1|2|4|9|11|17|26,admiration|amusement|anger|approval|disappointment|disgust|joy|surprise
2497,0|15,admiration|gratitude,1|3|5|6|15|17|18|20,amusement|annoyance|caring|confusion|gratitude|joy|love|optimism
2498,12,embarrassment,5|10|15|18|20|22,caring|disapproval|gratitude|love|optimism|realization
2499,0,admiration,1|4|7|17|24,amusement|approval|curiosity|joy|remorse
2500,22,realization,0|3|7|9|12|13|20|27,admiration|annoyance|curiosity|disappointment|embarrassment|excitement|optimism|neutral
2501,1,amusement,9|10|14|20|27,disappointment|disapproval|fear|optimism|neutral
2502,6,confusion,0|2,admiration|anger
2503,10,disapproval,9|10|13|17|22|26|27,disappointment|disapproval|excitement|joy|realization|surprise|neutral
2504,0,admiration,3|6|9|22|26|27,annoyance|confusion|disappointment|realization|surprise|neutral
2505,3|11,annoyance|disgust,4|25|26|27,approval|sadness|surprise|neutral
2506,1,amusement,1|3|4|6|17|27,amusement|annoyance|approval|confusion|joy|neutral
2507,11,disgust,1|3|4|15|20|22|26|27,amusement|annoyance|approval|gratitude|optimism|realization|surprise|neutral
2508,27,neutral,0|10|13|17|18|27,admiration|disapproval|excitement|joy|love|neutral
2509,3,annoyance,3|4|6|10|13|20,annoyance|approval|confusion|disapproval|excitement|optimism
2510,6,confusion,3|7|10|15|18|20|27,annoyance|curiosity|disapproval|gratitude|love|optimism|neutral
2511,2|8,anger|desire,4|9|10|13|14|18|20|25,approval|disappointment|disapproval|excitement|fear|love|optimism|sadness
2512,4|17,approval|joy,0|2|3|4|26|27,admiration|anger|annoyance|approval|surprise|neutral
2513,2|3,anger|annoyance,1|3|11|27,amusement|annoyance|disgust|neutral
2514,15,gratitude,0|3|9|13|15|20,admiration|annoyance|disappointment|excitement|gratitude|optimism
2515,27,neutral,2|5|13|18|22|23|27,anger|caring|excitement|love|realization|relief|neutral
2516,24,remorse,1|6|10,amusement|confusion|disapproval
2517,3,annoyance,0|1|3|4|18|20|26|27,admiration|amusement|annoyance|approval|love|optimism|surprise|neutral
2518,14,fear,1|5|15|20|27,amusement|caring|gratitude|optimism|neutral
2519,27,neutral,0|1|2|4|6|8|10|18|20|22|26,admiration|amusement|anger|approval|confusion|desire|disapproval|love|optimism|realization|surprise
2520,3,annoyance,2|3|4|6|7|9|17|27,anger|annoyance|approval|confusion|curiosity|disappointment|joy|neutral
2521,17,joy,0|14|15|20|22,admiration|fear|gratitude|optimism|realization
2522,7,curiosity,4|5|15|18|26|27,approval|caring|gratitude|love|surprise|neutral
2523,27,neutral,1|3|15,amusement|annoyance|gratitude
2524,7|27,curiosity|neutral,1|2|11,amusement|anger|disgust
2525,25,sadness,1|2|3|5|12|13|25|27,amusement|anger|annoyance|caring|embarrassment|excitement|sadness|neutral
2526,10,disapproval,0|1|2|3|15|27,admiration|amusement|anger|annoyance|gratitude|neutral
2527,27,neutral,6|7|10|11|13|14|15|25|26,confusion|curiosity|disapproval|disgust|excitement|fear|gratitude|sadness|surprise
2528,15,gratitude,6|7|13|17|18|22|25|26,confusion|curiosity|excitement|joy|love|realization|sadness|surprise
2529,6,confusion,0|1|4|6|7|9|14|20,admiration|amusement|approval|confusion|curiosity|disappointment|fear|optimism
2530,18,love,0|3|4|5|13|17|22|26,admiration|annoyance|approval|caring|excitement|joy|realization|surprise
2531,7,curiosity,3|10|18|27,annoyance|disapproval|love|neutral
2532,0,admiration,5|9|11|27,caring|disappointment|disgust|neutral
2533,22|25,realization|sadness,0|2|4|7|17|18|22|26|27,admiration|anger|approval|curiosity|joy|love|realization|surprise|neutral
2534,11,disgust,4|5|14|15|26|27,approval|caring|fear|gratitude|surprise|neutral
2535,27,neutral,4|9|15|22|27,approval|disappointment|gratitude|realization|neutral
2536,4|27,approval|neutral,0|1|10|14|20|22|26,admiration|amusement|disapproval|fear|optimism|realization|surprise
2537,27,neutral,2|3|7|26|27,anger|annoyance|curiosity|surprise|neutral
2538,27,neutral,1|10|27,amusement|disapproval|neutral
2539,27,neutral,6|8|9|10|20|27,confusion|desire|disappointment|disapproval|optimism|neutral
2540,27,neutral,2|6|9|10|15|20|22|27,anger|confusion|disappointment|disapproval|gratitude|optimism|realization|neutral
2541,14,fear,0|1|4|5|6|7|20|22,admiration|amusement|approval|caring|confusion|curiosity|optimism|realization
2542,27,neutral,0|3|4|8|10|14|18|25,admiration|annoyance|approval|desire|disapproval|fear|love|sadness
2543,7,curiosity,7|9|17|25|27,curiosity|disappointment|joy|sadness|neutral
2544,27,neutral,0|1|4|5|6|7|8|11|20,admiration|amusement|approval|caring|confusion|curiosity|desire|disgust|optimism
2545,27,neutral,0|3|9|15|18|26,admiration|annoyance|disappointment|gratitude|love|surprise
2546,6,confusion,4|6|7|11|13|17|25|26,approval|confusion|curiosity|disgust|excitement|joy|sadness|surprise
2547,26,surprise,6|27,confusion|neutral
2548,27,neutral,3|7|10|15|22,annoyance|curiosity|disapproval|gratitude|realization
2549,27,neutral,0|6|8|22|27,admiration|confusion|desire|realization|neutral
2550,27,neutral,1|6|22|27,amusement|confusion|realization|neutral
2551,8,desire,0|4|6|9|10|15|20|24,admiration|approval|confusion|disappointment|disapproval|gratitude|optimism|remorse
2552,27,neutral,1|6|7|9,amusement|confusion|curiosity|disappointment
2553,0,admiration,3|10|15|18|25|27,annoyance|disapproval|gratitude|love|sadness|neutral
2554,27,neutral,2|3|4|6|9|13|17|27,anger|annoyance|approval|confusion|disappointment|excitement|joy|neutral
2555,27,neutral,1|2|3|10|18,amusement|anger|annoyance|disapproval|love
2556,15,gratitude,3|7|17|24,annoyance|curiosity|joy|remorse
2557,27,neutral,6|18|22|27,confusion|love|realization|neutral
2558,10|26,disapproval|surprise,0|1|18|22,admiration|amusement|love|realization
2559,20,optimism,2|6|9|14|18|24|26|27,anger|confusion|disappointment|fear|love|remorse|surprise|neutral
2560,2|3,anger|annoyance,0|2|7|8|15|17|20,admiration|anger|curiosity|desire|gratitude|joy|optimism
2561,27,neutral,1|6|7|15|18|20|27,amusement|confusion|curiosity|gratitude|love|optimism|neutral
2562,27,neutral,3|4|5|6|10|13|18|20|22,annoyance|approval|caring|confusion|disapproval|excitement|love|optimism|realization
2563,4|23,approval|relief,3|7|10|13|20|22|24|25,annoyance|curiosity|disapproval|excitement|optimism|realization|remorse|sadness
2564,3,annoyance,0|2|4|18|22|27,admiration|anger|approval|love|realization|neutral
2565,11|20,disgust|optimism,1|5|13,amusement|caring|excitement
2566,27,neutral,4|10|13|14|15|17|19|27,approval|disapproval|excitement|fear|gratitude|joy|nervousness|neutral
2567,0,admiration,3|4|7|9|11|18|22|24|25,annoyance|approval|curiosity|disappointment|disgust|love|realization|remorse|sadness
2568,4|15,approval|gratitude,3|4|5|10|14|15|20|22,annoyance|approval|caring|disapproval|fear|gratitude|optimism|realization
2569,27,neutral,4|7|9|14|15|20,approval|curiosity|disappointment|fear|gratitude|optimism
2570,27,neutral,0|1|3|4|5|6|7|10|18,admiration|amusement|annoyance|approval|caring|confusion|curiosity|disapproval|love
2571,4|5,approval|caring,0|2|3|4|12|15|18|21|27,admiration|anger|annoyance|approval|embarrassment|gratitude|love|pride|neutral
2572,20,optimism,3|5|15|22|25|26,annoyance|caring|gratitude|realization|sadness|surprise
2573,2|18,anger|love,0|1|6|7|10|22|25|27,admiration|amusement|confusion|curiosity|disapproval|realization|sadness|neutral
2574,9,disappointment,0|1|2|3|15|22|24|25,admiration|amusement|anger|annoyance|gratitude|realization|remorse|sadness
2575,15,gratitude,2|4|9|11|22|26,anger|approval|disappointment|disgust|realization|surprise
2576,0|1,admiration|amusement,1|2|3|5|7|10|27,amusement|anger|annoyance|caring|curiosity|disapproval|neutral
2577,27,neutral,1|10|14|17|20,amusement|disapproval|fear|joy|optimism
2578,0,admiration,3|4|7|9|11|23|27,annoyance|approval|curiosity|disappointment|disgust|relief|neutral
2579,25,sadness,5|7|10|17|18,caring|curiosity|disapproval|joy|love
2580,17,joy,2|3|5|17|27,anger|annoyance|caring|joy|neutral
2581,27,neutral,1|4|14|15|26,amusement|approval|fear|gratitude|surprise
2582,10,disapproval,2|5|8|10|15|20|22|27,anger|caring|desire|disapproval|gratitude|optimism|realization|neutral
2583,10,disapproval,1|4|9|10|12|18|25|27,amusement|approval|disappointment|disapproval|embarrassment|love|sadness|neutral
2584,0|15,admiration|gratitude,0|3|5|6|7|9|11|15|26,admiration|annoyance|caring|confusion|curiosity|disappointment|disgust|gratitude|surprise
2585,0|15,admiration|gratitude,0|6|18|25|27,admiration|confusion|love|sadness|neutral
2586,27,neutral,2|6|15|20|22,anger|confusion|gratitude|optimism|realization
2587,20,optimism,0|6|7|15|17|18,admiration|confusion|curiosity|gratitude|joy|love
2588,27,neutral,0|2|5|13|22,admiration|anger|caring|excitement|realization
2589,15,gratitude,0|1|2|3|4|5|7|10|18|20,admiration|amusement|anger|annoyance|approval|caring|curiosity|disapproval|love|optimism
2590,27,neutral,0|1|3|7|15|25,admiration|amusement|annoyance|curiosity|gratitude|sadness
2591,27,neutral,0|7|24|26|27,admiration|curiosity|remorse|surprise|neutral
2592,4,approval,0|2|7|15|27,admiration|anger|curiosity|gratitude|neutral
2593,9|10,disappointment|disapproval,0|11|15|17|27,admiration|disgust|gratitude|joy|neutral
2594,15,gratitude,0|4|5|8|11|13|18|22|24|25|27,admiration|approval|caring|desire|disgust|excitement|love|realization|remorse|sadness|neutral
2595,10,disapproval,3|11|13|15|27,annoyance|disgust|excitement|gratitude|neutral
2596,27,neutral,0|2|6|7|9|20|25|27,admiration|anger|confusion|curiosity|disappointment|optimism|sadness|neutral
2597,1,amusement,1|2|4|10|14|24,amusement|anger|approval|disapproval|fear|remorse
2598,6,confusion,0|1|6|7|10|14|18|20|25,admiration|amusement|confusion|curiosity|disapproval|fear|love|optimism|sadness
2599,27,neutral,4|17|27,approval|joy|neutral
2600,27,neutral,0|4|6|10|15|17|25,admiration|approval|confusion|disapproval|gratitude|joy|sadness
2601,3|25,annoyance|sadness,0|7|10|14|17|18,admiration|curiosity|disapproval|fear|joy|love
2602,13|17,excitement|joy,4|6|7|17|18|20|26,approval|confusion|curiosity|joy|love|optimism|surprise
2603,27,neutral,1|15|26,amusement|gratitude|surprise
2604,4|9|20,approval|disappointment|optimism,1|5|9|10|18|27,amusement|caring|disappointment|disapproval|love|neutral
2605,5,caring,1|3|4|10|27,amusement|annoyance|approval|disapproval|neutral
2606,14,fear,1|10|11|17|18|20,amusement|disapproval|disgust|joy|love|optimism
2607,6,confusion,2|7|10|11|20|27,anger|curiosity|disapproval|disgust|optimism|neutral
2608,13,excitement,3|5|6|18|22|24|25|27,annoyance|caring|confusion|love|realization|remorse|sadness|neutral
2609,27,neutral,0|4|15|17|18|19,admiration|approval|gratitude|joy|love|nervousness
2610,9,disappointment,0|12|17|18|27,admiration|embarrassment|joy|love|neutral
2611,8,desire,9|10|13|17|27,disappointment|disapproval|excitement|joy|neutral
2612,1,amusement,2|3|8|10|13|17|20|22|26|27,anger|annoyance|desire|disapproval|excitement|joy|optimism|realization|surprise|neutral
2613,27,neutral,1|17|18|24|27,amusement|joy|love|remorse|neutral
2614,17|18,joy|love,2|3|7|10|12|18|22,anger|annoyance|curiosity|disapproval|embarrassment|love|realization
2615,27,neutral,1|2|4|7|9|11|15|22|25|26,amusement|anger|approval|curiosity|disappointment|disgust|gratitude|realization|sadness|surprise
2616,15,gratitude,0|1|3|7|8|10|13|15|17|25|26,admiration|amusement|annoyance|curiosity|desire|disapproval|excitement|gratitude|joy|sadness|surprise
2617,1|15,amusement|gratitude,0|1|2|3|11|14|22,admiration|amusement|anger|annoyance|disgust|fear|realization
2618,4|17,approval|joy,1|2|3|5|10|20|26,amusement|anger|annoyance|caring|disapproval|optimism|surprise
2619,0|27,admiration|neutral,0|2|4|6|7|10|11|15|17|22|27,admiration|anger|approval|confusion|curiosity|disapproval|disgust|gratitude|joy|realization|neutral
2620,27,neutral,0|2|5|6|27,admiration|anger|caring|confusion|neutral
2621,10,disapproval,0|9|10|18|27,admiration|disappointment|disapproval|love|neutral
2622,0,admiration,9|10|11|15|18|25|26|27,disappointment|disapproval|disgust|gratitude|love|sadness|surprise|neutral
2623,1|27,amusement|neutral,0|2|3|11|14|22|26|27,admiration|anger|annoyance|disgust|fear|realization|surprise|neutral
2624,15,gratitude,13|15|24|27,excitement|gratitude|remorse|neutral
2625,7,curiosity,1|3|4|11|15|18|26,amusement|annoyance|approval|disgust|gratitude|love|surprise
2626,17,joy,2|27,anger|neutral
2627,27,neutral,1|5|6|9|15|17|18|22|27,amusement|caring|confusion|disappointment|gratitude|joy|love|realization|neutral
2628,0,admiration,3|4|10|15|17,annoyance|approval|disapproval|gratitude|joy
2629,1,amusement,0|2|3|4|18|20|24,admiration|anger|annoyance|approval|love|optimism|remorse
2630,27,neutral,2|3|7|10|11|15|25,anger|annoyance|curiosity|disapproval|disgust|gratitude|sadness
2631,1|18,amusement|love,4|6|7|10|13|20,approval|confusion|curiosity|disapproval|excitement|optimism
2632,27,neutral,0|2|4|9|10|11|13|18,admiration|anger|approval|disappointment|disapproval|disgust|excitement|love
2633,0,admiration,0|3|12|18|26,admiration|annoyance|embarrassment|love|surprise
2634,5|25,caring|sadness,3|8|9|20|26|27,annoyance|desire|disappointment|optimism|surprise|neutral
2635,2,anger,2|5|9|13|17|22|24,anger|caring|disappointment|excitement|joy|realization|remorse
2636,7,curiosity,7|13|15|20|25,curiosity|excitement|gratitude|optimism|sadness
2637,20,optimism,1|4|8|14|15|17|20|24,amusement|approval|desire|fear|gratitude|joy|optimism|remorse
2638,2|8|18,anger|desire|love,0|2|6|7|10|11|13|14|15|22,admiration|anger|confusion|curiosity|disapproval|disgust|excitement|fear|gratitude|realization
2639,0|27,admiration|neutral,2|3|7|15|17|20|22|26,anger|annoyance|curiosity|gratitude|joy|optimism|realization|surprise
2640,8|20,desire|optimism,3|5|25,annoyance|caring|sadness
2641,0,admiration,1|3|13|15|18,amusement|annoyance|excitement|gratitude|love
2642,11,disgust,0|3|17|20|21|23|27,admiration|annoyance|joy|optimism|pride|relief|neutral
2643,27,neutral,0|1|2|4|5|11|20,admiration|amusement|anger|approval|caring|disgust|optimism
2644,27,neutral,9|11|15|17|25|26,disappointment|disgust|gratitude|joy|sadness|surprise
2645,22,realization,1|3|9|10|25|27,amusement|annoyance|disappointment|disapproval|sadness|neutral
2646,25,sadness,1|2|3|8|27,amusement|anger|annoyance|desire|neutral
2647,4|27,approval|neutral,0|4|5|13|17|25,admiration|approval|caring|excitement|joy|sadness
2648,22,realization,2|3|4|8|10|20|27,anger|annoyance|approval|desire|disapproval|optimism|neutral
2649,27,neutral,2|9|11|12|14|18|20,anger|disappointment|disgust|embarrassment|fear|love|optimism
2650,27,neutral,1|2|3|10|11|13|15|17|24,amusement|anger|annoyance|disapproval|disgust|excitement|gratitude|joy|remorse
2651,27,neutral,2|7|9|10,anger|curiosity|disappointment|disapproval
2652,23,relief,3|5|7|18|27,annoyance|caring|curiosity|love|neutral
2653,15|17,gratitude|joy,1|7|10|14|17|20|24,amusement|curiosity|disapproval|fear|joy|optimism|remorse
2654,1,amusement,0|3|6|10|17|22|27,admiration|annoyance|confusion|disapproval|joy|realization|neutral
2655,26,surprise,1|2|6|7|9|12|17|20|24|27,amusement|anger|confusion|curiosity|disappointment|embarrassment|joy|optimism|remorse|neutral
2656,7|27,curiosity|neutral,3|4|7|9|18|26,annoyance|approval|curiosity|disappointment|love|surprise
2657,0,admiration,2|4|11|17|20|26|27,anger|approval|disgust|joy|optimism|surprise|neutral
2658,2,anger,2|4|11|24|26|27,anger|approval|disgust|remorse|surprise|neutral
2659,15,gratitude,2|4|15|24|25|27,anger|approval|gratitude|remorse|sadness|neutral
2660,1,amusement,4|7|15|20|25,approval|curiosity|gratitude|optimism|sadness
2661,20,optimism,0|3|22|24|27,admiration|annoyance|realization|remorse|neutral
2662,27,neutral,6|7|25|27,confusion|curiosity|sadness|neutral
2663,27,neutral,2|7|8|13|27,anger|curiosity|desire|excitement|neutral
2664,27,neutral,4|5|8|17|24,approval|caring|desire|joy|remorse
2665,27,neutral,5|10|11|17|18|25|27,caring|disapproval|disgust|joy|love|sadness|neutral
2666,6|7,confusion|curiosity,0|1|3|4|17|18|24|25,admiration|amusement|annoyance|approval|joy|love|remorse|sadness
2667,0,admiration,5|9|11|13|15|18|20|26,caring|disappointment|disgust|excitement|gratitude|love|optimism|surprise
2668,27,neutral,0|2|4|5|15|22|27,admiration|anger|approval|caring|gratitude|realization|neutral
2669,27,neutral,1|3|6|7|11|14|16|17|20|25|27,amusement|annoyance|confusion|curiosity|disgust|fear|grief|joy|optimism|sadness|neutral
2670,27,neutral,0|2|3|4|6|17|27,admiration|anger|annoyance|approval|confusion|joy|neutral
2671,27,neutral,2|4|7|15,anger|approval|curiosity|gratitude
2672,1|17,amusement|joy,1|3|18|20|22,amusement|annoyance|love|optimism|realization
2673,27,neutral,1|3|4|9|15|17|27,amusement|annoyance|approval|disappointment|gratitude|joy|neutral
2674,7,curiosity,0|3|6|8|11|17|18,admiration|annoyance|confusion|desire|disgust|joy|love
2675,15,gratitude,0|1|3|11|20|25|26,admiration|amusement|annoyance|disgust|optimism|sadness|surprise
2676,27,neutral,0|2|6|7|11|13|18|27,admiration|anger|confusion|curiosity|disgust|excitement|love|neutral
2677,20,optimism,6|7|9|25|27,confusion|curiosity|disappointment|sadness|neutral
2678,0|20,admiration|optimism,0|1|4|13|15|17|20|25|26,admiration|amusement|approval|excitement|gratitude|joy|optimism|sadness|surprise
2679,0|13|20,admiration|excitement|optimism,1|2|3|6|15|17|18|25,amusement|anger|annoyance|confusion|gratitude|joy|love|sadness
2680,27,neutral,1|3|9|13|15|18|20,amusement|annoyance|disappointment|excitement|gratitude|love|optimism
2681,10|22,disapproval|realization,2|3|18|20|27,anger|annoyance|love|optimism|neutral
2682,13,excitement,1|15|25|27,amusement|gratitude|sadness|neutral
2683,3|11,annoyance|disgust,4|5|7|10|27,approval|caring|curiosity|disapproval|neutral
2684,15,gratitude,1|3|10|18|20|25|27,amusement|annoyance|disapproval|love|optimism|sadness|neutral
2685,25,sadness,1|9|11|14|15|22|27,amusement|disappointment|disgust|fear|gratitude|realization|neutral
2686,17,joy,4|6|7|10|24|25|26|27,approval|confusion|curiosity|disapproval|remorse|sadness|surprise|neutral
2687,2|3,anger|annoyance,0|2|4|5|8|10|18,admiration|anger|approval|caring|desire|disapproval|love
2688,0,admiration,0|3|10|15|22|27,admiration|annoyance|disapproval|gratitude|realization|neutral
2689,10,disapproval,0|3|6|15|22,admiration|annoyance|confusion|gratitude|realization
2690,6,confusion,1|2|3|18|26|27,amusement|anger|annoyance|love|surprise|neutral
2691,18,love,0|1|9|11|15|24|26,admiration|amusement|disappointment|disgust|gratitude|remorse|surprise
2692,27,neutral,0|1|7|18|20|25|27,admiration|amusement|curiosity|love|optimism|sadness|neutral
2693,3,annoyance,7|11|14|22|25,curiosity|disgust|fear|realization|sadness
2694,27,neutral,1|2|3|12|15|22,amusement|anger|annoyance|embarrassment|gratitude|realization
2695,13,excitement,0|1|4|6|10|24|27,admiration|amusement|approval|confusion|disapproval|remorse|neutral
2696,13,excitement,0|6|9|25|26,admiration|confusion|disappointment|sadness|surprise
2697,4,approval,0|2|3|9|15|26,admiration|anger|annoyance|disappointment|gratitude|surprise
2698,3,annoyance,3|4|5|9|18|25|27,annoyance|approval|caring|disappointment|love|sadness|neutral
2699,5,caring,2|3|9|10|25,anger|annoyance|disappointment|disapproval|sadness
2700,15|18,gratitude|love,1|2|5|10|11|14,amusement|anger|caring|disapproval|disgust|fear
2701,27,neutral,0|2|3|4|6|17|22|26,admiration|anger|annoyance|approval|confusion|joy|realization|surprise
2702,0,admiration,0|2|3|6|10|11|20,admiration|anger|annoyance|confusion|disapproval|disgust|optimism
2703,0,admiration,0|2|3|7|15|26|27,admiration|anger|annoyance|curiosity|gratitude|surprise|neutral
2704,2|27,anger|neutral,4|5|7|8|9|13|15|18|27,approval|caring|curiosity|desire|disappointment|excitement|gratitude|love|neutral
2705,20,optimism,4|5|9|11|13|18,approval|caring|disappointment|disgust|excitement|love
2706,27,neutral,0|1|2|10|11|15|17|18|27,admiration|amusement|anger|disapproval|disgust|gratitude|joy|love|neutral
2707,8,desire,2|4|5|7|27,anger|approval|caring|curiosity|neutral
2708,11,disgust,2|3|4|6|7|8|13|15|17|20|22,anger|annoyance|approval|confusion|curiosity|desire|excitement|gratitude|joy|optimism|realization
2709,15,gratitude,0|2|6|8|11|14|24,admiration|anger|confusion|desire|disgust|fear|remorse
2710,18,love,2|3|4|27,anger|annoyance|approval|neutral
2711,5,caring,1|4|5|7|10|15|20|27,amusement|approval|caring|curiosity|disapproval|gratitude|optimism|neutral
2712,15,gratitude,0|4|7|10|13|18|26|27,admiration|approval|curiosity|disapproval|excitement|love|surprise|neutral
2713,27,neutral,2|3|4|8|11|20|24,anger|annoyance|approval|desire|disgust|optimism|remorse
2714,15,gratitude,1|4|7|10|11|17,amusement|approval|curiosity|disapproval|disgust|joy
2715,27,neutral,0|3|7|8|9|10|15|20|26,admiration|annoyance|curiosity|desire|disappointment|disapproval|gratitude|optimism|surprise
2716,0,admiration,0|20|22|27,admiration|optimism|realization|neutral
2717,27,neutral,4|6|7|15|18|20,approval|confusion|curiosity|gratitude|love|optimism
2718,1,amusement,1|6|8|13|22,amusement|confusion|desire|excitement|realization
2719,5,caring,0|2|13|18|19|27,admiration|anger|excitement|love|nervousness|neutral
2720,8,desire,0|1|2|6|9|10|15|18,admiration|amusement|anger|confusion|disappointment|disapproval|gratitude|love
2721,6|26,confusion|surprise,1|4|5|7|10|15|18|25,amusement|approval|caring|curiosity|disapproval|gratitude|love|sadness
2722,10,disapproval,0|9|10|13,admiration|disappointment|disapproval|excitement
2723,7,curiosity,1|11|13|15|17|20|22,amusement|disgust|excitement|gratitude|joy|optimism|realization
2724,27,neutral,0|3|6|27,admiration|annoyance|confusion|neutral
2725,4,approval,1|3|4|5|22|25|27,amusement|annoyance|approval|caring|realization|sadness|neutral
2726,27,neutral,0|7|15|20|25|26,admiration|curiosity|gratitude|optimism|sadness|surprise
2727,15,gratitude,1|4|5|18|22|24|25|26,amusement|approval|caring|love|realization|remorse|sadness|surprise
2728,13,excitement,0|1|3|4|5|7|9|15|17|18|22,admiration|amusement|annoyance|approval|caring|curiosity|disappointment|gratitude|joy|love|realization
2729,25,sadness,0|4|15,admiration|approval|gratitude
2730,10,disapproval,0|2|3|9|17|22|24|25,admiration|anger|annoyance|disappointment|joy|realization|remorse|sadness
2731,26,surprise,7|8|9|15|18,curiosity|desire|disappointment|gratitude|love
2732,27,neutral,0|1|6|7|10|11|27,admiration|amusement|confusion|curiosity|disapproval|disgust|neutral
2733,27,neutral,3|5|6|9|10|22|27,annoyance|caring|confusion|disappointment|disapproval|realization|neutral
2734,0,admiration,2|6|10|20|24,anger|confusion|disapproval|optimism|remorse
2735,18,love,0|2|17|18|26,admiration|anger|joy|love|surprise
2736,20,optimism,5|7|9|10|17,caring|curiosity|disappointment|disapproval|joy
2737,27,neutral,0|2|5|13|18|22|26|27,admiration|anger|caring|excitement|love|realization|surprise|neutral
2738,26,surprise,0|6|7|8|9|10,admiration|confusion|curiosity|desire|disappointment|disapproval
2739,3,annoyance,0|1|2|3|4|7|17|18|22,admiration|amusement|anger|annoyance|approval|curiosity|joy|love|realization
2740,15,gratitude,0|1|11|15|24|25|26,admiration|amusement|disgust|gratitude|remorse|sadness|surprise
2741,27,neutral,0|3|4|6|10|15|19|22,admiration|annoyance|approval|confusion|disapproval|gratitude|nervousness|realization
2742,15,gratitude,0|2|4|5|6|15|26,admiration|anger|approval|caring|confusion|gratitude|surprise
2743,4|27,approval|neutral,3|6|12|20|25|27,annoyance|confusion|embarrassment|optimism|sadness|neutral
2744,27,neutral,3|4|10|11|15|18|27,annoyance|approval|disapproval|disgust|gratitude|love|neutral
2745,27,neutral,4|10|27,approval|disapproval|neutral
2746,27,neutral,3|5|6|9|10|15|17,annoyance|caring|confusion|disappointment|disapproval|gratitude|joy
2747,27,neutral,2|5|9|17|26,anger|caring|disappointment|joy|surprise
2748,27,neutral,1|3|7|8|9|17|20|23|25|26,amusement|annoyance|curiosity|desire|disappointment|joy|optimism|relief|sadness|surprise
2749,3,annoyance,2|7|10|15|18,anger|curiosity|disapproval|gratitude|love
2750,9,disappointment,2|3|17|19|24|25,anger|annoyance|joy|nervousness|remorse|sadness
2751,15,gratitude,1|2|5|7|8|10|20|22|26,amusement|anger|caring|curiosity|desire|disapproval|optimism|realization|surprise
2752,1,amusement,0|4|27,admiration|approval|neutral
2753,7,curiosity,1|4|9|15|27,amusement|approval|disappointment|gratitude|neutral
2754,27,neutral,2|4|5|7|17,anger|approval|caring|curiosity|joy
2755,20,optimism,0|4|7|9|13,admiration|approval|curiosity|disappointment|excitement
2756,1|17,amusement|joy,1|5|14|17|26|27,amusement|caring|fear|joy|surprise|neutral
2757,0,admiration,0|1|3|10|17|18|26|27,admiration|amusement|annoyance|disapproval|joy|love|surprise|neutral
2758,14,fear,3|4|5|17|18|20|22|27,annoyance|approval|caring|joy|love|optimism|realization|neutral
2759,26,surprise,0|3|4|9|14|15|22|26,admiration|annoyance|approval|disappointment|fear|gratitude|realization|surprise
2760,10,disapproval,5|6|15|17,caring|confusion|gratitude|joy
2761,4,approval,10|14|15|18|20|22|27,disapproval|fear|gratitude|love|optimism|realization|neutral
2762,27,neutral,3|10|17|26|27,annoyance|disapproval|joy|surprise|neutral
2763,4|23,approval|relief,0|2|3|7|10|15|26|27,admiration|anger|annoyance|curiosity|disapproval|gratitude|surprise|neutral
2764,27,neutral,0|7|11|15|16|17,admiration|curiosity|disgust|gratitude|grief|joy
2765,20,optimism,3|7|11|15|17|20|26|27,annoyance|curiosity|disgust|gratitude|joy|optimism|surprise|neutral
2766,27,neutral,6|7|9|10|15|17|18|20|26,confusion|curiosity|disappointment|disapproval|gratitude|joy|love|optimism|surprise
2767,24,remorse,4|5|7,approval|caring|curiosity
2768,3|10,annoyance|disapproval,2|3|14|15|17|26|27,anger|annoyance|fear|gratitude|joy|surprise|neutral
2769,6|9,confusion|disappointment,1|7|9|17|20|27,amusement|curiosity|disappointment|joy|optimism|neutral
2770,1,amusement,0|1|5|8|15|22|26,admiration|amusement|caring|desire|gratitude|realization|surprise
2771,27,neutral,1|2|7|10|13|26,amusement|anger|curiosity|disapproval|excitement|surprise
2772,27,neutral,4|5|8|10|13|15|17|22|27,approval|caring|desire|disapproval|excitement|gratitude|joy|realization|neutral
2773,0|15,admiration|gratitude,0|1|4|15|17|20|27,admiration|amusement|approval|gratitude|joy|optimism|neutral
2774,10,disapproval,4|5|9|18|22|26|27,approval|caring|disappointment|love|realization|surprise|neutral
2775,18,love,0|5|11|15|17|27,admiration|caring|disgust|gratitude|joy|neutral
2776,3,annoyance,0|4|7|9|11|13|17|20|25,admiration|approval|curiosity|disappointment|disgust|excitement|joy|optimism|sadness
2777,10,disapproval,0|6|7|10|15|26|27,admiration|confusion|curiosity|disapproval|gratitude|surprise|neutral
2778,27,neutral,7|10|14|25|27,curiosity|disapproval|fear|sadness|neutral
2779,27,neutral,4|5|7|8|10|15|17|25|27,approval|caring|curiosity|desire|disapproval|gratitude|joy|sadness|neutral
2780,27,neutral,0|3|5|6|17|18,admiration|annoyance|caring|confusion|joy|love
2781,20,optimism,0|1|2|4|6|7|13|20|26,admiration|amusement|anger|approval|confusion|curiosity|excitement|optimism|surprise
2782,4,approval,0|1|3|4|13|20|26,admiration|amusement|annoyance|approval|excitement|optimism|surprise
2783,3,annoyance,0|1|3|4|7|9|13|22,admiration|amusement|annoyance|approval|curiosity|disappointment|excitement|realization
2784,6,confusion,1|3|7|11|17|25|27,amusement|annoyance|curiosity|disgust|joy|sadness|neutral
2785,15,gratitude,7|20|25|27,curiosity|optimism|sadness|neutral
2786,0|4,admiration|approval,0|13|15|17|23|27,admiration|excitement|gratitude|joy|relief|neutral
2787,2,anger,0|11|14|15|18|19,admiration|disgust|fear|gratitude|love|nervousness
2788,0|18|26,admiration|love|surprise,0|1|3|4|7|27,admiration|amusement|annoyance|approval|curiosity|neutral
2789,27,neutral,2|5|13|18|27,anger|caring|excitement|love|neutral
2790,4,approval,0|1|2|4|6|7|9|15,admiration|amusement|anger|approval|confusion|curiosity|disappointment|gratitude
2791,4,approval,0|4|6|7|14|15|17|18|20|22|26,admiration|approval|confusion|curiosity|fear|gratitude|joy|love|optimism|realization|surprise
2792,27,neutral,1|3|18,amusement|annoyance|love
2793,27,neutral,1|3|6|7|14|15|17|27,amusement|annoyance|confusion|curiosity|fear|gratitude|joy|neutral
2794,27,neutral,7|10|11|17|18|20,curiosity|disapproval|disgust|joy|love|optimism
2795,15,gratitude,8|13|24|25|27,desire|excitement|remorse|sadness|neutral
2796,24,remorse,1|2|3|8|9|26,amusement|anger|annoyance|desire|disappointment|surprise
2797,3,annoyance,2|3|4|7|10|17|18|20|22|24|25,anger|annoyance|approval|curiosity|disapproval|joy|love|optimism|realization|remorse|sadness
2798,27,neutral,0|3|4|7|8|9|13|15,admiration|annoyance|approval|curiosity|desire|disappointment|excitement|gratitude
2799,1,amusement,3|7|9|20|25|26,annoyance|curiosity|disappointment|optimism|sadness|surprise
2800,17,joy,0|3|15,admiration|annoyance|gratitude
2801,27,neutral,4|6|7|11|15|20|25|26,approval|confusion|curiosity|disgust|gratitude|optimism|sadness|surprise
2802,3|27,annoyance|neutral,0|3|8|13|20|25,admiration|annoyance|desire|excitement|optimism|sadness
2803,4,approval,0|1|3|10|20|25,admiration|amusement|annoyance|disapproval|optimism|sadness
2804,6|7,confusion|curiosity,0|3|4|5|6|27,admiration|annoyance|approval|caring|confusion|neutral
2805,6,confusion,0|1|3|7|9|17|25,admiration|amusement|annoyance|curiosity|disappointment|joy|sadness
2806,0|22,admiration|realization,5|11|18|25|27,caring|disgust|love|sadness|neutral
2807,10,disapproval,3|10|11|22|27,annoyance|disapproval|disgust|realization|neutral
2808,4,approval,0|4|9|18|20|22|24|26|27,admiration|approval|disappointment|love|optimism|realization|remorse|surprise|neutral
2809,2,anger,2|3|5|6|13|15|17|18|20|22,anger|annoyance|caring|confusion|excitement|gratitude|joy|love|optimism|realization
2810,1,amusement,6|8|9|10|13|15|18|22,confusion|desire|disappointment|disapproval|excitement|gratitude|love|realization
2811,27,neutral,4|6|7|10|15|25|26,approval|confusion|curiosity|disapproval|gratitude|sadness|surprise
2812,15|20,gratitude|optimism,0|4|7|8|9|10|11|22|26|27,admiration|approval|curiosity|desire|disappointment|disapproval|disgust|realization|surprise|neutral
2813,3,annoyance,8|15|24|27,desire|gratitude|remorse|neutral
2814,3,annoyance,4|8|9|13|15|20|27,approval|desire|disappointment|excitement|gratitude|optimism|neutral
2815,23,relief,2|3|8|9|15|27,anger|annoyance|desire|disappointment|gratitude|neutral
2816,27,neutral,0|5|6|14|15|20|25|27,admiration|caring|confusion|fear|gratitude|optimism|sadness|neutral
2817,27,neutral,2|11|22|26|27,anger|disgust|realization|surprise|neutral
2818,9|25,disappointment|sadness,0|1|3|7|10|22|25|27,admiration|amusement|annoyance|curiosity|disapproval|realization|sadness|neutral
2819,4,approval,3|4|10|13|14|15|18,annoyance|approval|disapproval|excitement|fear|gratitude|love
2820,1,amusement,0|2|4|7|9|10|14|15|20,admiration|anger|approval|curiosity|disappointment|disapproval|fear|gratitude|optimism
2821,2|3,anger|annoyance,2|4|7|11|15|17|18,anger|approval|curiosity|disgust|gratitude|joy|love
2822,0,admiration,0|1|2|4|15|18|20|25|26,admiration|amusement|anger|approval|gratitude|love|optimism|sadness|surprise
2823,3|27,annoyance|neutral,0|1|3|4|5|15|20|22|26,admiration|amusement|annoyance|approval|caring|gratitude|optimism|realization|surprise
2824,10,disapproval,1|3|4|17|18|27,amusement|annoyance|approval|joy|love|neutral
2825,27,neutral,1|3|8|17|20|24|25,amusement|annoyance|desire|joy|optimism|remorse|sadness
2826,17,joy,0|20|27,admiration|optimism|neutral
2827,4|25,approval|sadness,0|3|6|7|17|18|27,admiration|annoyance|confusion|curiosity|joy|love|neutral
2828,13,excitement,1|7|11|15|24,amusement|curiosity|disgust|gratitude|remorse
2829,4,approval,6|7|11|13|14|20|27,confusion|curiosity|disgust|excitement|fear|optimism|neutral
2830,15,gratitude,0|1|4|15|17|27,admiration|amusement|approval|gratitude|joy|neutral
2831,22,realization,0|1|2|3|7|8|11|13|18|20|24,admiration|amusement|anger|annoyance|curiosity|desire|disgust|excitement|love|optimism|remorse
2832,4,approval,3|5|6|7|13|17,annoyance|caring|confusion|curiosity|excitement|joy
2833,22,realization,15|26|27,gratitude|surprise|neutral
2834,4|15,approval|gratitude,0|4|6|8|10|13|15|20|24,admiration|approval|confusion|desire|disapproval|excitement|gratitude|optimism|remorse
2835,27,neutral,0|5|7|9|18|24|25,admiration|caring|curiosity|disappointment|love|remorse|sadness
2836,27,neutral,3|4|6|8|11|13|17|20|26,annoyance|approval|confusion|desire|disgust|excitement|joy|optimism|surprise
2837,27,neutral,3|5|6|7|8|15|18|27,annoyance|caring|confusion|curiosity|desire|gratitude|love|neutral
2838,18,love,2|3|9|15|18,anger|annoyance|disappointment|gratitude|love
2839,27,neutral,0|3|9|10|13|18|27,admiration|annoyance|disappointment|disapproval|excitement|love|neutral
2840,3|27,annoyance|neutral,15|17|20|24|25|26,gratitude|joy|optimism|remorse|sadness|surprise
2841,27,neutral,1|3|4|6|7|9|22|27,amusement|annoyance|approval|confusion|curiosity|disappointment|realization|neutral
2842,11,disgust,0|2|4|7|10|14|26|27,admiration|anger|approval|curiosity|disapproval|fear|surprise|neutral
2843,9,disappointment,0|4|10|20|24|26|27,admiration|approval|disapproval|optimism|remorse|surprise|neutral
2844,14,fear,0|1|10|14|18|21,admiration|amusement|disapproval|fear|love|pride
2845,20,optimism,0|5|9,admiration|caring|disappointment
2846,27,neutral,0|2|3|4|6|20|27,admiration|anger|annoyance|approval|confusion|optimism|neutral
2847,15,gratitude,6|14|20|27,confusion|fear|optimism|neutral
2848,18,love,1|2|4|9|11|15|17|24|26,amusement|anger|approval|disappointment|disgust|gratitude|joy|remorse|surprise
2849,10,disapproval,1|8|9|15|18|20,amusement|desire|disappointment|gratitude|love|optimism
2850,18,love,1|2|3|4|6|9|22|24|25,amusement|anger|annoyance|approval|confusion|disappointment|realization|remorse|sadness
2851,27,neutral,4|6|7|8|9|17|27,approval|confusion|curiosity|desire|disappointment|joy|neutral
2852,4,approval,0|3|11|18|27,admiration|annoyance|disgust|love|neutral
2853,27,neutral,3|4|6|9|17|19|20|22,annoyance|approval|confusion|disappointment|joy|nervousness|optimism|realization
2854,7,curiosity,3|17|20|27,annoyance|joy|optimism|neutral
2855,15,gratitude,1|4|5|7|9|15|25|26,amusement|approval|caring|curiosity|disappointment|gratitude|sadness|surprise
2856,0,admiration,0|7|9|17|22|25|26,admiration|curiosity|disappointment|joy|realization|sadness|surprise
2857,14,fear,1|4|6|10|11|15|18,amusement|approval|confusion|disapproval|disgust|gratitude|love
2858,27,neutral,0|1|3|4|20|27,admiration|amusement|annoyance|approval|optimism|neutral
2859,13,excitement,4|5|11|18|22,approval|caring|disgust|love|realization
2860,14|19,fear|nervousness,0|1|5|10|13|15|20|26,admiration|amusement|caring|disapproval|excitement|gratitude|optimism|surprise
2861,4,approval,0|2|4|8|9|18|25|26|27,admiration|anger|approval|desire|disappointment|love|sadness|surprise|neutral
2862,0,admiration,3|4|7|10|24|25|27,annoyance|approval|curiosity|disapproval|remorse|sadness|neutral
2863,4,approval,4|6|7|20|27,approval|confusion|curiosity|optimism|neutral
2864,27,neutral,0|2|3|4|9|10|15|26,admiration|anger|annoyance|approval|disappointment|disapproval|gratitude|surprise
2865,14,fear,2|4|5|6|9|15|17,anger|approval|caring|confusion|disappointment|gratitude|joy
2866,1,amusement,2|4|5|6|15|18|20|27,anger|approval|caring|confusion|gratitude|love|optimism|neutral
2867,27,neutral,0|1|4|7|9|20|25|26|27,admiration|amusement|approval|curiosity|disappointment|optimism|sadness|surprise|neutral
2868,4|20,approval|optimism,5|6|7|9|13,caring|confusion|curiosity|disappointment|excitement
2869,10,disapproval,0|1|3|15|17|20|22|25,admiration|amusement|annoyance|gratitude|joy|optimism|realization|sadness
2870,0,admiration,0|2|10,admiration|anger|disapproval
2871,17|18,joy|love,1|2|4|9|25|26|27,amusement|anger|approval|disappointment|sadness|surprise|neutral
2872,27,neutral,0|2|3|7|10|15|20,admiration|anger|annoyance|curiosity|disapproval|gratitude|optimism
2873,25,sadness,1|5|6|8|13|17|27,amusement|caring|confusion|desire|excitement|joy|neutral
2874,14,fear,1|4|6|18,amusement|approval|confusion|love
2875,26,surprise,1|2|4|6|7|10|25,amusement|anger|approval|confusion|curiosity|disapproval|sadness
2876,27,neutral,0|1|4|10|19|22|24,admiration|amusement|approval|disapproval|nervousness|realization|remorse
2877,25,sadness,1|2|3|6|9|15|20|22,amusement|anger|annoyance|confusion|disappointment|gratitude|optimism|realization
2878,27,neutral,1|2|10|12|17,amusement|anger|disapproval|embarrassment|joy
2879,17,joy,6|7|10|11|17,confusion|curiosity|disapproval|disgust|joy
2880,3|7,annoyance|curiosity,2|3|6|10|15|18|20|25|26|27,anger|annoyance|confusion|disapproval|gratitude|love|optimism|sadness|surprise|neutral
2881,27,neutral,0|2|4|6|18|26|27,admiration|anger|approval|confusion|love|surprise|neutral
2882,3,annoyance,1|2|7|8|10|20,amusement|anger|curiosity|desire|disapproval|optimism
2883,27,neutral,0|2|15,admiration|anger|gratitude
2884,2|3,anger|annoyance,1|5|8|14|25|27,amusement|caring|desire|fear|sadness|neutral
2885,27,neutral,2|4|17|22|27,anger|approval|joy|realization|neutral
2886,3,annoyance,2|4|13|18|20|27,anger|approval|excitement|love|optimism|neutral
2887,27,neutral,6|7|10|13,confusion|curiosity|disapproval|excitement
2888,0,admiration,7|13|17|18|20|27,curiosity|excitement|joy|love|optimism|neutral
2889,9|26,disappointment|surprise,0|2|4|5|18,admiration|anger|approval|caring|love
2890,4|8|20,approval|desire|optimism,4|9|11|12|14|20|25|27,approval|disappointment|disgust|embarrassment|fear|optimism|sadness|neutral
2891,27,neutral,1|6|9|18|20,amusement|confusion|disappointment|love|optimism
2892,18,love,0|14|15|17|24,admiration|fear|gratitude|joy|remorse
2893,17,joy,0|8|10|15|17|25|27,admiration|desire|disapproval|gratitude|joy|sadness|neutral
2894,27,neutral,5|14|27,caring|fear|neutral
2895,5|27,caring|neutral,0|1|2|3|6|13|25,admiration|amusement|anger|annoyance|confusion|excitement|sadness
2896,4|21,approval|pride,4|11|18|25|26|27,approval|disgust|love|sadness|surprise|neutral
2897,13|15,excitement|gratitude,0|3|7|27,admiration|annoyance|curiosity|neutral
2898,27,neutral,1|3|27,amusement|annoyance|neutral
2899,27,neutral,1|15|27,amusement|gratitude|neutral
2900,18,love,0|7|9|14|15|18|20|22|25,admiration|curiosity|disappointment|fear|gratitude|love|optimism|realization|sadness
2901,6,confusion,1|3|9|14|15,amusement|annoyance|disappointment|fear|gratitude
2902,25,sadness,6|26|27,confusion|surprise|neutral
2903,27,neutral,1|2|3|7|10|13|25,amusement|anger|annoyance|curiosity|disapproval|excitement|sadness
2904,1,amusement,0|2|3|4|6|7|20|25,admiration|anger|annoyance|approval|confusion|curiosity|optimism|sadness
2905,4,approval,0|2|3|7|15|18|24|26,admiration|anger|annoyance|curiosity|gratitude|love|remorse|surprise
2906,5|6,caring|confusion,0|1|3|6|15|22|27,admiration|amusement|annoyance|confusion|gratitude|realization|neutral
2907,25,sadness,1|13|18|20|22|27,amusement|excitement|love|optimism|realization|neutral
2908,0|17,admiration|joy,4|5|15|27,approval|caring|gratitude|neutral
2909,27,neutral,0|2|4|7|14|18|27,admiration|anger|approval|curiosity|fear|love|neutral
2910,27,neutral,2|8|11|17|18|22|25|27,anger|desire|disgust|joy|love|realization|sadness|neutral
2911,7,curiosity,0|3|10|13|15|25|27,admiration|annoyance|disapproval|excitement|gratitude|sadness|neutral
2912,26,surprise,0|4|26|27,admiration|approval|surprise|neutral
2913,0,admiration,2|11|13|17|18|27,anger|disgust|excitement|joy|love|neutral
2914,0,admiration,1|3|4|15|17|18,amusement|annoyance|approval|gratitude|joy|love
2915,0,admiration,0|2|3|4|7|9|20|22|23|24,admiration|anger|annoyance|approval|curiosity|disappointment|optimism|realization|relief|remorse
2916,27,neutral,6|7|17|27,confusion|curiosity|joy|neutral
2917,27,neutral,2|3|10|18|25|27,anger|annoyance|disapproval|love|sadness|neutral
2918,27,neutral,1|2|5|9|13|22,amusement|anger|caring|disappointment|excitement|realization
2919,10,disapproval,1|6|9|11|13|15|17,amusement|confusion|disappointment|disgust|excitement|gratitude|joy
2920,27,neutral,1|4|5|18|24,amusement|approval|caring|love|remorse
2921,15,gratitude,0|1|2|4|8|15|18|20,admiration|amusement|anger|approval|desire|gratitude|love|optimism
2922,27,neutral,0|1|7|10,admiration|amusement|curiosity|disapproval
2923,0,admiration,1|2|4|9|18|27,amusement|anger|approval|disappointment|love|neutral
2924,27,neutral,2|3|6|7|10|13|17|18|24|25|27,anger|annoyance|confusion|curiosity|disapproval|excitement|joy|love|remorse|sadness|neutral
2925,2,anger,0|3|7|27,admiration|annoyance|curiosity|neutral
2926,2,anger,0|4|8|10,admiration|approval|desire|disapproval
2927,5|27,caring|neutral,1|4|6|10|18,amusement|approval|confusion|disapproval|love
2928,5,caring,0|9|10|17|25,admiration|disappointment|disapproval|joy|sadness
2929,1,amusement,2|3|4|7|11|22|26,anger|annoyance|approval|curiosity|disgust|realization|surprise
2930,27,neutral,0|1|5|7|15|19|20|22,admiration|amusement|caring|curiosity|gratitude|nervousness|optimism|realization
2931,4|13,approval|excitement,0|1|3|6|10,admiration|amusement|annoyance|confusion|disapproval
2932,7,curiosity,3|4|6|7|10|15|18|22,annoyance|approval|confusion|curiosity|disapproval|gratitude|love|realization
2933,4,approval,0|4|5|11|14|15|20|25,admiration|approval|caring|disgust|fear|gratitude|optimism|sadness
2934,27,neutral,1|3|4|5|6|12|13|19,amusement|annoyance|approval|caring|confusion|embarrassment|excitement|nervousness
2935,1,amusement,1|2|6|15|22,amusement|anger|confusion|gratitude|realization
2936,10,disapproval,0|2|5|10|17|27,admiration|anger|caring|disapproval|joy|neutral
2937,0|7,admiration|curiosity,1|3|4|10|14|15|27,amusement|annoyance|approval|disapproval|fear|gratitude|neutral
2938,4,approval,1|2|4|10|27,amusement|anger|approval|disapproval|neutral
2939,27,neutral,1|2|4|20|27,amusement|anger|approval|optimism|neutral
2940,1,amusement,5|6|7|8|9|11|12|20,caring|confusion|curiosity|desire|disappointment|disgust|embarrassment|optimism
2941,22,realization,0|4|6|7|20|22|25,admiration|approval|confusion|curiosity|optimism|realization|sadness
2942,25,sadness,0|1|7|17|27,admiration|amusement|curiosity|joy|neutral
2943,3,annoyance,1|3|5|6|9|10|14|27,amusement|annoyance|caring|confusion|disappointment|disapproval|fear|neutral
2944,0,admiration,7|8|15|22|26|27,curiosity|desire|gratitude|realization|surprise|neutral
2945,27,neutral,1|2|3|10|17|25,amusement|anger|annoyance|disapproval|joy|sadness
2946,1|10,amusement|disapproval,1|4|5|11|13|14|18,amusement|approval|caring|disgust|excitement|fear|love
2947,10,disapproval,2|6|9|18|21|25|27,anger|confusion|disappointment|love|pride|sadness|neutral
2948,27,neutral,4|6|8|9|11|13|14|15|22|25|26,approval|confusion|desire|disappointment|disgust|excitement|fear|gratitude|realization|sadness|surprise
2949,27,neutral,5|15|20|22|25,caring|gratitude|optimism|realization|sadness
2950,27,neutral,1|3|4|9|15|20,amusement|annoyance|approval|disappointment|gratitude|optimism
2951,27,neutral,3|4|5|7|14|15|20|22,annoyance|approval|caring|curiosity|fear|gratitude|optimism|realization
2952,17,joy,3|6|10|14|18|25,annoyance|confusion|disapproval|fear|love|sadness
2953,25,sadness,0|1|6|7|8,admiration|amusement|confusion|curiosity|desire
2954,0,admiration,8|17|26,desire|joy|surprise
2955,27,neutral,1|4|5|15|27,amusement|approval|caring|gratitude|neutral
2956,4,approval,0|2|3|17|20|22|25,admiration|anger|annoyance|joy|optimism|realization|sadness
2957,7,curiosity,6|9|11|18|20|25|26,confusion|disappointment|disgust|love|optimism|sadness|surprise
2958,8,desire,3|5|7|10|11|25,annoyance|caring|curiosity|disapproval|disgust|sadness
2959,5,caring,2|5|7|17|20|22|26|27,anger|caring|curiosity|joy|optimism|realization|surprise|neutral
2960,27,neutral,2|4|9|13|26,anger|approval|disappointment|excitement|surprise
2961,7,curiosity,2|10|27,anger|disapproval|neutral
2962,4,approval,1|2|5|6|9|13,amusement|anger|caring|confusion|disappointment|excitement
2963,5,caring,4|5|14|18|20|25|27,approval|caring|fear|love|optimism|sadness|neutral
2964,23,relief,2|9|10|14|25,anger|disappointment|disapproval|fear|sadness
2965,12,embarrassment,0|1|2|9|10|13|17|27,admiration|amusement|anger|disappointment|disapproval|excitement|joy|neutral
2966,13,excitement,0|6|9|24|25|26|27,admiration|confusion|disappointment|remorse|sadness|surprise|neutral
2967,1,amusement,3|4|6|8|9|15|20,annoyance|approval|confusion|desire|disappointment|gratitude|optimism
2968,17,joy,0|3|10,admiration|annoyance|disapproval
2969,2,anger,0|2|4|6|20,admiration|anger|approval|confusion|optimism
2970,27,neutral,0|3|10|15|17,admiration|annoyance|disapproval|gratitude|joy
2971,15,gratitude,0|4|5|6|7|10|14|25,admiration|approval|caring|confusion|curiosity|disapproval|fear|sadness
2972,7,curiosity,0|7|27,admiration|curiosity|neutral
2973,3|11,annoyance|disgust,3|6|7|8|14|18|25,annoyance|confusion|curiosity|desire|fear|love|sadness
2974,27,neutral,1|4|20|26|27,amusement|approval|optimism|surprise|neutral
2975,27,neutral,2|7|9|13|15|22|27,anger|curiosity|disappointment|excitement|gratitude|realization|neutral
2976,14,fear,3|7|15|26,annoyance|curiosity|gratitude|surprise
2977,1,amusement,6|9|10|13|18|20|22|27,confusion|disappointment|disapproval|excitement|love|optimism|realization|neutral
2978,27,neutral,13|24|26|27,excitement|remorse|surprise|neutral
2979,9,disappointment,0|5|13|15|18|26,admiration|caring|excitement|gratitude|love|surprise
2980,15,gratitude,0|3|5|6|10|15|20,admiration|annoyance|caring|confusion|disapproval|gratitude|optimism
2981,27,neutral,2|7|9|13|18|22,anger|curiosity|disappointment|excitement|love|realization
2982,27,neutral,0|1|2|3|10|13|14|15,admiration|amusement|anger|annoyance|disapproval|excitement|fear|gratitude
2983,5|25,caring|sadness,2|4|8|11|17|27,anger|approval|desire|disgust|joy|neutral
2984,4,approval,1|2|4|5|7|14|17|18|20|22|25,amusement|anger|approval|caring|curiosity|fear|joy|love|optimism|realization|sadness
2985,15,gratitude,0|1|4|14,admiration|amusement|approval|fear
2986,0,admiration,4|5|9|18|25,approval|caring|disappointment|love|sadness
2987,0,admiration,3|4|18|26,annoyance|approval|love|surprise
2988,20,optimism,7|9|10|14|15|18,curiosity|disappointment|disapproval|fear|gratitude|love
2989,0|15,admiration|gratitude,0|1|13|18,admiration|amusement|excitement|love
2990,3,annoyance,3|4|5|6|11|20|27,annoyance|approval|caring|confusion|disgust|optimism|neutral
2991,27,neutral,0|1|7|8|13|17|18|26,admiration|amusement|curiosity|desire|excitement|joy|love|surprise
2992,10,disapproval,0|1|2|3|13|15|18|20,admiration|amusement|anger|annoyance|excitement|gratitude|love|optimism
2993,0|18,admiration|love,2|7|10|15|17|18|20|22|25,anger|curiosity|disapproval|gratitude|joy|love|optimism|realization|sadness
2994,4,approval,1|4|10|17|27,amusement|approval|disapproval|joy|neutral
2995,25,sadness,2|5|7|11|13|17,anger|caring|curiosity|disgust|excitement|joy
2996,3,annoyance,3|6|7|10,annoyance|confusion|curiosity|disapproval
2997,20,optimism,0|1|5|6|18|22|27,admiration|amusement|caring|confusion|love|realization|neutral
2998,17,joy,0|7|9|22|27,admiration|curiosity|disappointment|realization|neutral
2999,9,disappointment,2|4|11|17|26,anger|approval|disgust|joy|surprise
3000,12|27,embarrassment|neutral,0|1|4|7|26,admiration|amusement|approval|curiosity|surprise
3001,6,confusion,3|9|11|18|27,annoyance|disappointment|disgust|love|neutral
3002,27,neutral,3|5|9|15|18|25,annoyance|caring|disappointment|gratitude|love|sadness
3003,0|15,admiration|gratitude,1|3|7|15|18,amusement|annoyance|curiosity|gratitude|love
3004,4,approval,4|5|20|27,approval|caring|optimism|neutral
3005,27,neutral,5|6|7|9|14|17|20|27,caring|confusion|curiosity|disappointment|fear|joy|optimism|neutral
3006,27,neutral,0|2|3|4|9|10|14,admiration|anger|annoyance|approval|disappointment|disapproval|fear
3007,0,admiration,4|6|9|10|11|14|18|20|22|24|26,approval|confusion|disappointment|disapproval|disgust|fear|love|optimism|realization|remorse|surprise
3008,5,caring,3|4|7|10|13|22|25|27,annoyance|approval|curiosity|disapproval|excitement|realization|sadness|neutral
3009,27,neutral,0|4|5|6|8|20,admiration|approval|caring|confusion|desire|optimism
3010,6,confusion,1|2|3|10|13|14|15|20|24|26,amusement|anger|annoyance|disapproval|excitement|fear|gratitude|optimism|remorse|surprise
3011,2,anger,0|1|4|7|13|18|26,admiration|amusement|approval|curiosity|excitement|love|surprise
3012,3|14,annoyance|fear,1|14|20|27,amusement|fear|optimism|neutral
3013,3,annoyance,0|3|5|10|14|15|22,admiration|annoyance|caring|disapproval|fear|gratitude|realization
3014,2,anger,8|9|15|17,desire|disappointment|gratitude|joy
3015,8,desire,2|4|7|10|13|15|22,anger|approval|curiosity|disapproval|excitement|gratitude|realization
3016,26,surprise,0|3|13|14|18|25,admiration|annoyance|excitement|fear|love|sadness
3017,6|7|27,confusion|curiosity|neutral,0|13|25,admiration|excitement|sadness
3018,27,neutral,0|3|6|27,admiration|annoyance|confusion|neutral
3019,4,approval,0|3|4|5|6|14|18|20|24,admiration|annoyance|approval|caring|confusion|fear|love|optimism|remorse
3020,13,excitement,0|3|10|12|18|25|27,admiration|annoyance|disapproval|embarrassment|love|sadness|neutral
3021,18,love,0|1|2|7|9|13|20|22|26|27,admiration|amusement|anger|curiosity|disappointment|excitement|optimism|realization|surprise|neutral
3022,4,approval,1|15|27,amusement|gratitude|neutral
3023,0,admiration,2|3|9|11|14|17|27,anger|annoyance|disappointment|disgust|fear|joy|neutral
3024,7,curiosity,1|5|9|10|13|17,amusement|caring|disappointment|disapproval|excitement|joy
3025,6,confusion,0|1|8|14|17|20|25,admiration|amusement|desire|fear|joy|optimism|sadness
3026,18,love,5|7|8|13|14|18|20,caring|curiosity|desire|excitement|fear|love|optimism
3027,27,neutral,4|25|27,approval|sadness|neutral
3028,27,neutral,7|14|18|20|25|27,curiosity|fear|love|optimism|sadness|neutral
3029,27,neutral,7|10|11|14|25|27,curiosity|disapproval|disgust|fear|sadness|neutral
3030,1,amusement,1|2|7|10|18|20|27,amusement|anger|curiosity|disapproval|love|optimism|neutral
3031,27,neutral,0|5|10|14|15|26,admiration|caring|disapproval|fear|gratitude|surprise
3032,7,curiosity,4|6|7|15|17|26|27,approval|confusion|curiosity|gratitude|joy|surprise|neutral
3033,27,neutral,0|1|3|9|17|26,admiration|amusement|annoyance|disappointment|joy|surprise
3034,10,disapproval,15|17|18|22|27,gratitude|joy|love|realization|neutral
3035,9|25,disappointment|sadness,0|1|4|5|6|11|13|17|20|22,admiration|amusement|approval|caring|confusion|disgust|excitement|joy|optimism|realization
3036,3,annoyance,0|6|17|20|22|27,admiration|confusion|joy|optimism|realization|neutral
3037,4|15,approval|gratitude,6|9|17|22|27,confusion|disappointment|joy|realization|neutral
3038,24|25,remorse|sadness,0|9|12|15|18|24|25,admiration|disappointment|embarrassment|gratitude|love|remorse|sadness
3039,4,approval,0|4|6|9|15|26,admiration|approval|confusion|disappointment|gratitude|surprise
3040,14|27,fear|neutral,0|1|6|9|10|14|18|20,admiration|amusement|confusion|disappointment|disapproval|fear|love|optimism
3041,27,neutral,3|6|9|13|15|18|22|26,annoyance|confusion|disappointment|excitement|gratitude|love|realization|surprise
3042,13,excitement,0|6|27,admiration|confusion|neutral
3043,27,neutral,1|2|7|14|27,amusement|anger|curiosity|fear|neutral
3044,27,neutral,0|1|5|9|10|13|25|27,admiration|amusement|caring|disappointment|disapproval|excitement|sadness|neutral
3045,0,admiration,7|8|10|14|15|18|22,curiosity|desire|disapproval|fear|gratitude|love|realization
3046,0|7,admiration|curiosity,4|15|20|22|25,approval|gratitude|optimism|realization|sadness
3047,27,neutral,7|9|10|17|18|25|27,curiosity|disappointment|disapproval|joy|love|sadness|neutral
3048,10|27,disapproval|neutral,1|2|3|5|9|11|17|18,amusement|anger|annoyance|caring|disappointment|disgust|joy|love
3049,18,love,1|2|4|7|10|20,amusement|anger|approval|curiosity|disapproval|optimism
3050,27,neutral,0|10|15|20,admiration|disapproval|gratitude|optimism
3051,27,neutral,0|3|18|20|22|25,admiration|annoyance|love|optimism|realization|sadness
3052,15,gratitude,1|3|4|7|10|15|18,amusement|annoyance|approval|curiosity|disapproval|gratitude|love
3053,3|27,annoyance|neutral,0|9|10|13|26,admiration|disappointment|disapproval|excitement|surprise
3054,1,amusement,6|8|22|27,confusion|desire|realization|neutral
3055,27,neutral,0|1|9|15|20|22|24|25,admiration|amusement|disappointment|gratitude|optimism|realization|remorse|sadness
3056,10,disapproval,1|6|11|18|27,amusement|confusion|disgust|love|neutral
3057,0,admiration,7|8|26|27,curiosity|desire|surprise|neutral
3058,27,neutral,2|3|4|6|7|9|10,anger|annoyance|approval|confusion|curiosity|disappointment|disapproval
3059,4,approval,0|6|7|10|25|27,admiration|confusion|curiosity|disapproval|sadness|neutral
3060,0|11|14,admiration|disgust|fear,1|2|3|4|5|6|13|15|18|20|26,amusement|anger|annoyance|approval|caring|confusion|excitement|gratitude|love|optimism|surprise
3061,15,gratitude,1|3|6|7|10|20,amusement|annoyance|confusion|curiosity|disapproval|optimism
3062,25,sadness,10|27,disapproval|neutral
3063,25|27,sadness|neutral,0|3|4|20|26,admiration|annoyance|approval|optimism|surprise
3064,4|23,approval|relief,4|5|9|18|22,approval|caring|disappointment|love|realization
3065,2|3|27,anger|annoyance|neutral,0|1|4|20|26|27,admiration|amusement|approval|optimism|surprise|neutral
3066,22,realization,0|1|3|10|15|16|17|22|25|27,admiration|amusement|annoyance|disapproval|gratitude|grief|joy|realization|sadness|neutral
3067,0|26,admiration|surprise,3|5|9|15|25,annoyance|caring|disappointment|gratitude|sadness
3068,2,anger,7|9|14|18|25|27,curiosity|disappointment|fear|love|sadness|neutral
3069,0,admiration,1|3|4|15|18|20|25,amusement|annoyance|approval|gratitude|love|optimism|sadness
3070,18,love,2|5|10|15|17|20|22|24|26,anger|caring|disapproval|gratitude|joy|optimism|realization|remorse|surprise
3071,27,neutral,0|4|5|7|9|18|20|25|26,admiration|approval|caring|curiosity|disappointment|love|optimism|sadness|surprise
3072,27,neutral,0|2|5|7|18|27,admiration|anger|caring|curiosity|love|neutral
3073,27,neutral,1|11|15|22|26,amusement|disgust|gratitude|realization|surprise
3074,0,admiration,1|3|6|9|10|20,amusement|annoyance|confusion|disappointment|disapproval|optimism
3075,27,neutral,4|7|9|10,approval|curiosity|disappointment|disapproval
3076,27,neutral,5|7|11|13|17|26|27,caring|curiosity|disgust|excitement|joy|surprise|neutral
3077,18,love,2|4|5|6|7|24|25|27,anger|approval|caring|confusion|curiosity|remorse|sadness|neutral
3078,2|3,anger|annoyance,2|10|15|18,anger|disapproval|gratitude|love
3079,27,neutral,0|9|18|25|27,admiration|disappointment|love|sadness|neutral
3080,26,surprise,3|7|12|13|14|15|20|25|26|27,annoyance|curiosity|embarrassment|excitement|fear|gratitude|optimism|sadness|surprise|neutral
3081,15,gratitude,0|1|3|9|15|25|26|27,admiration|amusement|annoyance|disappointment|gratitude|sadness|surprise|neutral
3082,0|4,admiration|approval,4|6|7|8|10|13|15|17,approval|confusion|curiosity|desire|disapproval|excitement|gratitude|joy
3083,17,joy,4|6|11|15|25,approval|confusion|disgust|gratitude|sadness
3084,27,neutral,0|4|5|15|18|22,admiration|approval|caring|gratitude|love|realization
3085,15,gratitude,5|6|7|8|10|13|15|18|20|25,caring|confusion|curiosity|desire|disapproval|excitement|gratitude|love|optimism|sadness
3086,27,neutral,0|2|6|7|11|15|17,admiration|anger|confusion|curiosity|disgust|gratitude|joy
3087,3,annoyance,0|3|4|7|10|15|17,admiration|annoyance|approval|curiosity|disapproval|gratitude|joy
3088,13|25,excitement|sadness,1|5|8|15|18|20,amusement|caring|desire|gratitude|love|optimism
3089,27,neutral,2|3|4|11|14|15|18|20|26,anger|annoyance|approval|disgust|fear|gratitude|love|optimism|surprise
3090,10,disapproval,0|3|5|6|9|13|15|18|20|25,admiration|annoyance|caring|confusion|disappointment|excitement|gratitude|love|optimism|sadness
3091,27,neutral,4|14|15|18|20,approval|fear|gratitude|love|optimism
3092,17,joy,0|7|10|11|20,admiration|curiosity|disapproval|disgust|optimism
3093,9,disappointment,10|13|18|25,disapproval|excitement|love|sadness
3094,15,gratitude,1|5|10|15|18|27,amusement|caring|disapproval|gratitude|love|neutral
3095,27,neutral,1|5|6|14|15|27,amusement|caring|confusion|fear|gratitude|neutral
3096,9,disappointment,0|2|9|10|11|17,admiration|anger|disappointment|disapproval|disgust|joy
3097,27,neutral,5|11|27,caring|disgust|neutral
3098,27,neutral,1|2|20,amusement|anger|optimism
3099,27,neutral,7|10|11|15|26|27,curiosity|disapproval|disgust|gratitude|surprise|neutral
3100,4,approval,1|17|18|24|27,amusement|joy|love|remorse|neutral
3101,27,neutral,7|13|14|18|27,curiosity|excitement|fear|love|neutral
3102,5,caring,4|7|10|13|17|25|26|27,approval|curiosity|disapproval|excitement|joy|sadness|surprise|neutral
3103,7|13,curiosity|excitement,1|6|13|15|17|18|20|26,amusement|confusion|excitement|gratitude|joy|love|optimism|surprise
3104,10,disapproval,2|4|14|22,anger|approval|fear|realization
3105,13,excitement,0|1|5|10|20|22|24,admiration|amusement|caring|disapproval|optimism|realization|remorse
3106,17,joy,1|3|4|26|27,amusement|annoyance|approval|surprise|neutral
3107,27,neutral,4|5|8|9|10|11|15|18|25,approval|caring|desire|disappointment|disapproval|disgust|gratitude|love|sadness
3108,27,neutral,3|5|10|18|25,annoyance|caring|disapproval|love|sadness
3109,27,neutral,1|4|6|17|27,amusement|approval|confusion|joy|neutral
3110,0|27,admiration|neutral,1|2|6|7|11|15|17|18|20|22,amusement|anger|confusion|curiosity|disgust|gratitude|joy|love|optimism|realization
3111,2|15,anger|gratitude,2|7|14|15|26,anger|curiosity|fear|gratitude|surprise
3112,7,curiosity,1|3|7|12|15|27,amusement|annoyance|curiosity|embarrassment|gratitude|neutral
3113,15,gratitude,0|2|7|17|20|22|26|27,admiration|anger|curiosity|joy|optimism|realization|surprise|neutral
3114,0,admiration,0|1|10|15|17|18,admiration|amusement|disapproval|gratitude|joy|love
3115,15,gratitude,1|5|7|20|24|26,amusement|caring|curiosity|optimism|remorse|surprise
3116,10,disapproval,0|7|10|11|18|20|25,admiration|curiosity|disapproval|disgust|love|optimism|sadness
3117,1,amusement,4|5|10|11|18|22|23|24|27,approval|caring|disapproval|disgust|love|realization|relief|remorse|neutral
3118,27,neutral,0|1|2|3|4|5|7|10|20,admiration|amusement|anger|annoyance|approval|caring|curiosity|disapproval|optimism
3119,4,approval,3|6|9|13|17,annoyance|confusion|disappointment|excitement|joy
3120,27,neutral,0|4|10|11|14|26,admiration|approval|disapproval|disgust|fear|surprise
3121,27,neutral,1|4|9|12|17|22|25|27,amusement|approval|disappointment|embarrassment|joy|realization|sadness|neutral
3122,18,love,0|8|10|17|18|20|24|25|26,admiration|desire|disapproval|joy|love|optimism|remorse|sadness|surprise
3123,0|20,admiration|optimism,1|2|3|10|13|17,amusement|anger|annoyance|disapproval|excitement|joy
3124,1|13,amusement|excitement,0|1|2|3|15|17|18|24|25,admiration|amusement|anger|annoyance|gratitude|joy|love|remorse|sadness
3125,27,neutral,8|9|13|15|20|25|26|27,desire|disappointment|excitement|gratitude|optimism|sadness|surprise|neutral
3126,27,neutral,2|3|5|6|7|10|11|15,anger|annoyance|caring|confusion|curiosity|disapproval|disgust|gratitude
3127,27,neutral,3|4|5|6|9|11|25|26|27,annoyance|approval|caring|confusion|disappointment|disgust|sadness|surprise|neutral
3128,27,neutral,0|3|8|10|27,admiration|annoyance|desire|disapproval|neutral
3129,2,anger,2|3|5|11|14|15|22|26,anger|annoyance|caring|disgust|fear|gratitude|realization|surprise
3130,27,neutral,3|4|6|7|9|10|17|27,annoyance|approval|confusion|curiosity|disappointment|disapproval|joy|neutral
3131,15,gratitude,7|10|11|15|17|18|27,curiosity|disapproval|disgust|gratitude|joy|love|neutral
3132,9,disappointment,1|2|5|20|22|25,amusement|anger|caring|optimism|realization|sadness
3133,20|27,optimism|neutral,0|1|9|27,admiration|amusement|disappointment|neutral
3134,27,neutral,1|4|7|8|9|18|27,amusement|approval|curiosity|desire|disappointment|love|neutral
3135,12,embarrassment,4|5|9|10|13|27,approval|caring|disappointment|disapproval|excitement|neutral
3136,24,remorse,1|3|5|7|9|22|26,amusement|annoyance|caring|curiosity|disappointment|realization|surprise
3137,27,neutral,3|4|6|11|26,annoyance|approval|confusion|disgust|surprise
3138,25,sadness,3|4|6|8|10|20|22|25|27,annoyance|approval|confusion|desire|disapproval|optimism|realization|sadness|neutral
3139,17,joy,1|2|4|5|8|9|15|18|26,amusement|anger|approval|caring|desire|disappointment|gratitude|love|surprise
3140,27,neutral,0|5|11|13|22|26,admiration|caring|disgust|excitement|realization|surprise
3141,3,annoyance,2|4|5|6|7|10|18|26|27,anger|approval|caring|confusion|curiosity|disapproval|love|surprise|neutral
3142,0,admiration,1|2|3|4|6|18|20|27,amusement|anger|annoyance|approval|confusion|love|optimism|neutral
3143,10,disapproval,1|3|6|7|10,amusement|annoyance|confusion|curiosity|disapproval
3144,27,neutral,0|6|7|11|15|17|22|26,admiration|confusion|curiosity|disgust|gratitude|joy|realization|surprise
3145,27,neutral,7|14|15,curiosity|fear|gratitude
3146,7,curiosity,0|3|4|6|17|25|27,admiration|annoyance|approval|confusion|joy|sadness|neutral
3147,5,caring,1|4|6|7|10|17|18|27,amusement|approval|confusion|curiosity|disapproval|joy|love|neutral
3148,1,amusement,4|11|12|23|25|27,approval|disgust|embarrassment|relief|sadness|neutral
3149,27,neutral,2|4|11|25|27,anger|approval|disgust|sadness|neutral
3150,7,curiosity,2|4|6|15,anger|approval|confusion|gratitude
3151,1,amusement,0|3|9|10|12|15|17|18|27,admiration|annoyance|disappointment|disapproval|embarrassment|gratitude|joy|love|neutral
3152,27,neutral,3|4|7|8|13|15|18|22,annoyance|approval|curiosity|desire|excitement|gratitude|love|realization
3153,27,neutral,1|6|10|13|17|27,amusement|confusion|disapproval|excitement|joy|neutral
3154,0|27,admiration|neutral,0|7|18|20,admiration|curiosity|love|optimism
3155,6,confusion,0|1|3|4|13|14|18|24|25,admiration|amusement|annoyance|approval|excitement|fear|love|remorse|sadness
3156,27,neutral,0|20|25,admiration|optimism|sadness
3157,0,admiration,3|6|7|15|17|25,annoyance|confusion|curiosity|gratitude|joy|sadness
3158,27,neutral,0|1|3|4|7|17|18,admiration|amusement|annoyance|approval|curiosity|joy|love
3159,9|25,disappointment|sadness,2|3|7|11|15|24,anger|annoyance|curiosity|disgust|gratitude|remorse
3160,5|9,caring|disappointment,1|2|3|4|6|10|11|15|20|25,amusement|anger|annoyance|approval|confusion|disapproval|disgust|gratitude|optimism|sadness
3161,3|7,annoyance|curiosity,0|9|10|27,admiration|disappointment|disapproval|neutral
3162,8|18|25,desire|love|sadness,5|6|20|27,caring|confusion|optimism|neutral
3163,20,optimism,0|1|11|18|27,admiration|amusement|disgust|love|neutral
3164,27,neutral,0|5|13|15|22|25,admiration|caring|excitement|gratitude|realization|sadness
3165,5,caring,2|4|5|7|8|12|13|20,anger|approval|caring|curiosity|desire|embarrassment|excitement|optimism
3166,3|9,annoyance|disappointment,5|8|14|24|27,caring|desire|fear|remorse|neutral
3167,11,disgust,0|4|5|6|7|10|15|27,admiration|approval|caring|confusion|curiosity|disapproval|gratitude|neutral
3168,27,neutral,8|15|27,desire|gratitude|neutral
3169,27,neutral,0|4|5|6|13|15|25,admiration|approval|caring|confusion|excitement|gratitude|sadness
3170,24,remorse,0|1|2|3|15|25|27,admiration|amusement|anger|annoyance|gratitude|sadness|neutral
3171,27,neutral,6|10|18|27,confusion|disapproval|love|neutral
3172,0,admiration,4|6|7|20|25|26,approval|confusion|curiosity|optimism|sadness|surprise
3173,5|27,caring|neutral,2|17|25|26,anger|joy|sadness|surprise
3174,15,gratitude,5|7|15|17|18|25|27,caring|curiosity|gratitude|joy|love|sadness|neutral
3175,13|27,excitement|neutral,3|4|5|24,annoyance|approval|caring|remorse
3176,0|13|18|20,admiration|excitement|love|optimism,1|7|10|27,amusement|curiosity|disapproval|neutral
3177,27,neutral,4|6|10|12|18|27,approval|confusion|disapproval|embarrassment|love|neutral
3178,27,neutral,0|15|24|27,admiration|gratitude|remorse|neutral
3179,10|27,disapproval|neutral,3|6|7|15|18,annoyance|confusion|curiosity|gratitude|love
3180,27,neutral,2|6|7|18|25|27,anger|confusion|curiosity|love|sadness|neutral
3181,27,neutral,2|3|4|7|11|14|27,anger|annoyance|approval|curiosity|disgust|fear|neutral
3182,10,disapproval,0|7|10|18,admiration|curiosity|disapproval|love
3183,0,admiration,4|8|9|18|27,approval|desire|disappointment|love|neutral
3184,7|27,curiosity|neutral,4|7|10|14|17,approval|curiosity|disapproval|fear|joy
3185,4|5,approval|caring,7|9|15|18|25|27,curiosity|disappointment|gratitude|love|sadness|neutral
3186,0,admiration,0|1|9|27,admiration|amusement|disappointment|neutral
3187,8,desire,2|3|8|10|15|18|19|27,anger|annoyance|desire|disapproval|gratitude|love|nervousness|neutral
3188,27,neutral,3|5|10|13|15|20|24,annoyance|caring|disapproval|excitement|gratitude|optimism|remorse
3189,27,neutral,6|7|22|27,confusion|curiosity|realization|neutral
3190,24|25,remorse|sadness,0|3|11|27,admiration|annoyance|disgust|neutral
3191,4|17,approval|joy,0|1|6|10|20|24,admiration|amusement|confusion|disapproval|optimism|remorse
3192,18,love,2|5|9|10|11|22|24,anger|caring|disappointment|disapproval|disgust|realization|remorse
3193,6|7,confusion|curiosity,2|4|8|10|15|17|20|26,anger|approval|desire|disapproval|gratitude|joy|optimism|surprise
3194,27,neutral,0|10|13|17|20,admiration|disapproval|excitement|joy|optimism
3195,15,gratitude,7|9|10|15|17|18,curiosity|disappointment|disapproval|gratitude|joy|love
3196,27,neutral,0|1|5|15|27,admiration|amusement|caring|gratitude|neutral
3197,10,disapproval,6|15|22|25|26,confusion|gratitude|realization|sadness|surprise
3198,2|22,anger|realization,0|4|14|15|25,admiration|approval|fear|gratitude|sadness
3199,27,neutral,3|8|17|20|25|27,annoyance|desire|joy|optimism|sadness|neutral
3200,27,neutral,1|6|11|17|27,amusement|confusion|disgust|joy|neutral
3201,10,disapproval,3|4|10|11|17,annoyance|approval|disapproval|disgust|joy
3202,3|6|7,annoyance|confusion|curiosity,1|6|8|15|27,amusement|confusion|desire|gratitude|neutral
3203,3,annoyance,0|12|15|27,admiration|embarrassment|gratitude|neutral
3204,27,neutral,4|6|9|10|15|20|27,approval|confusion|disappointment|disapproval|gratitude|optimism|neutral
3205,15|18,gratitude|love,3|5|6|7|9|10|25,annoyance|caring|confusion|curiosity|disappointment|disapproval|sadness
3206,15,gratitude,2|3|5|6|15|18|27,anger|annoyance|caring|confusion|gratitude|love|neutral
3207,4,approval,0|3|4|6|7|9|14|15|18,admiration|annoyance|approval|confusion|curiosity|disappointment|fear|gratitude|love
3208,27,neutral,2|9|11|13|15|26,anger|disappointment|disgust|excitement|gratitude|surprise
3209,27,neutral,4|5|10|18|25|27,approval|caring|disapproval|love|sadness|neutral
3210,2|3,anger|annoyance,0|3|6|27,admiration|annoyance|confusion|neutral
3211,27,neutral,0|1|2|7|17|24|26|27,admiration|amusement|anger|curiosity|joy|remorse|surprise|neutral
3212,27,neutral,1|2|3|9|27,amusement|anger|annoyance|disappointment|neutral
3213,25,sadness,0|2|4|5|6|10|11|13|18|22,admiration|anger|approval|caring|confusion|disapproval|disgust|excitement|love|realization
3214,18,love,4|7|11|25|27,approval|curiosity|disgust|sadness|neutral
3215,27,neutral,4|6|7|26|27,approval|confusion|curiosity|surprise|neutral
3216,2,anger,0|2|6|17|20|24|26|27,admiration|anger|confusion|joy|optimism|remorse|surprise|neutral
3217,15,gratitude,2|3|7|13|18|24|25,anger|annoyance|curiosity|excitement|love|remorse|sadness
3218,0,admiration,3|27,annoyance|neutral
3219,2|3,anger|annoyance,1|3|8|13|20|22|25,amusement|annoyance|desire|excitement|optimism|realization|sadness
3220,27,neutral,5|7|10|22|24|27,caring|curiosity|disapproval|realization|remorse|neutral
3221,25,sadness,3|5|8|13|17|20|25|26|27,annoyance|caring|desire|excitement|joy|optimism|sadness|surprise|neutral
3222,27,neutral,0|2|3|6|9|15,admiration|anger|annoyance|confusion|disappointment|gratitude
3223,13,excitement,0|27,admiration|neutral
3224,27,neutral,0|1|3|4|5|7|15|22|25,admiration|amusement|annoyance|approval|caring|curiosity|gratitude|realization|sadness
3225,7,curiosity,3|4|15|22,annoyance|approval|gratitude|realization
3226,27,neutral,0|2|3|7|17|18,admiration|anger|annoyance|curiosity|joy|love
3227,15,gratitude,7|9|13|17|18|20,curiosity|disappointment|excitement|joy|love|optimism
3228,27,neutral,1|4|11|15|22|27,amusement|approval|disgust|gratitude|realization|neutral
3229,15,gratitude,0|2|6|7|15|20|26|27,admiration|anger|confusion|curiosity|gratitude|optimism|surprise|neutral
3230,21,pride,15|27,gratitude|neutral
3231,4,approval,0|11|12|25|27,admiration|disgust|embarrassment|sadness|neutral
3232,4,approval,1|5|7|8|15|18|20|25,amusement|caring|curiosity|desire|gratitude|love|optimism|sadness
3233,17,joy,7|10|27,curiosity|disapproval|neutral
3234,17,joy,4|5|10|15|20|22,approval|caring|disapproval|gratitude|optimism|realization
3235,1,amusement,3|6|9|10|15|24|27,annoyance|confusion|disappointment|disapproval|gratitude|remorse|neutral
3236,21,pride,3|9|17|22|27,annoyance|disappointment|joy|realization|neutral
3237,18,love,1|2|6|8|15|17|18|25,amusement|anger|confusion|desire|gratitude|joy|love|sadness
3238,0,admiration,0|1|5|10|13|15|20|27,admiration|amusement|caring|disapproval|excitement|gratitude|optimism|neutral
3239,1,amusement,0|5|13|15|27,admiration|caring|excitement|gratitude|neutral
3240,5|27,caring|neutral,1|2|3|7|10|17|18|22,amusement|anger|annoyance|curiosity|disapproval|joy|love|realization
3241,20,optimism,3|4|5|7|9|10|20|27,annoyance|approval|caring|curiosity|disappointment|disapproval|optimism|neutral
3242,2|15,anger|gratitude,0|1|2|7|8|11|18|20|22,admiration|amusement|anger|curiosity|desire|disgust|love|optimism|realization
3243,1,amusement,4|15|20|27,approval|gratitude|optimism|neutral
3244,1,amusement,0|3,admiration|annoyance
3245,3,annoyance,3|4|19|27,annoyance|approval|nervousness|neutral
3246,0,admiration,1|3|7|12|17|20,amusement|annoyance|curiosity|embarrassment|joy|optimism
3247,0|18,admiration|love,0|15|20,admiration|gratitude|optimism
3248,27,neutral,0|5|6|22|27,admiration|caring|confusion|realization|neutral
3249,0,admiration,0|3|6|9|17,admiration|annoyance|confusion|disappointment|joy
3250,4,approval,0|1|4|13|17,admiration|amusement|approval|excitement|joy
3251,7,curiosity,0|3|7|9|10|11,admiration|annoyance|curiosity|disappointment|disapproval|disgust
3252,27,neutral,1|7|8|9|11|15|18,amusement|curiosity|desire|disappointment|disgust|gratitude|love
3253,4|13,approval|excitement,6|10|13|15|25,confusion|disapproval|excitement|gratitude|sadness
3254,5,caring,0|2|3|4|6|7|15|25,admiration|anger|annoyance|approval|confusion|curiosity|gratitude|sadness
3255,27,neutral,1|4|5|7|9|12|13|18,amusement|approval|caring|curiosity|disappointment|embarrassment|excitement|love
3256,2|3,anger|annoyance,2|15|17|20|27,anger|gratitude|joy|optimism|neutral
3257,10,disapproval,3|4|5|8|9|10|11|15|18|20|25,annoyance|approval|caring|desire|disappointment|disapproval|disgust|gratitude|love|optimism|sadness
3258,13|18,excitement|love,4|9|10|18|22|27,approval|disappointment|disapproval|love|realization|neutral
3259,27,neutral,0|1|4|5|10|13,admiration|amusement|approval|caring|disapproval|excitement
3260,27,neutral,0|7|10|18|27,admiration|curiosity|disapproval|love|neutral
3261,15,gratitude,0|6|7|20|25,admiration|confusion|curiosity|optimism|sadness
3262,18,love,11|17|18|27,disgust|joy|love|neutral
3263,6,confusion,0|2|4|9|14|15|20|26,admiration|anger|approval|disappointment|fear|gratitude|optimism|surprise
3264,10,disapproval,2|4|5|8|11|20|25|27,anger|approval|caring|desire|disgust|optimism|sadness|neutral
3265,27,neutral,0|3|7|15|20|24,admiration|annoyance|curiosity|gratitude|optimism|remorse
3266,27,neutral,4|5|11|13|15|18|20|21|22|24,approval|caring|disgust|excitement|gratitude|love|optimism|pride|realization|remorse
3267,27,neutral,4|9|14|20|22|25,approval|disappointment|fear|optimism|realization|sadness
3268,6|14|26,confusion|fear|surprise,1|5|9|10|15,amusement|caring|disappointment|disapproval|gratitude
3269,27,neutral,1|2|6|13|25|27,amusement|anger|confusion|excitement|sadness|neutral
3270,20,optimism,1|3|18|22|26|27,amusement|annoyance|love|realization|surprise|neutral
3271,18,love,10|18|27,disapproval|love|neutral
3272,27,neutral,3|6|7|10|11|17|26|27,annoyance|confusion|curiosity|disapproval|disgust|joy|surprise|neutral
3273,5,caring,0|10|26,admiration|disapproval|surprise
3274,26,surprise,4|5|13|18|22|25,approval|caring|excitement|love|realization|sadness
3275,27,neutral,9|10|15|24|27,disappointment|disapproval|gratitude|remorse|neutral
3276,13,excitement,0|4|10|20,admiration|approval|disapproval|optimism
3277,8,desire,2|5|6|10|11|13|17|22,anger|caring|confusion|disapproval|disgust|excitement|joy|realization
3278,27,neutral,0|1|17|20|25|26,admiration|amusement|joy|optimism|sadness|surprise
3279,27,neutral,0|10|13|15|20|24,admiration|disapproval|excitement|gratitude|optimism|remorse
3280,10,disapproval,0|11|13|20|27,admiration|disgust|excitement|optimism|neutral
3281,18,love,1|2|6|20|26,amusement|anger|confusion|optimism|surprise
3282,27,neutral,2|3|4|7|8|9|15|16|17|20|22,anger|annoyance|approval|curiosity|desire|disappointment|gratitude|grief|joy|optimism|realization
3283,17,joy,1|3|6|7|10|11|15|22,amusement|annoyance|confusion|curiosity|disapproval|disgust|gratitude|realization
3284,27,neutral,1|4|7|8|13|18|20|27,amusement|approval|curiosity|desire|excitement|love|optimism|neutral
3285,7,curiosity,3|4|6|11|15|22|25,annoyance|approval|confusion|disgust|gratitude|realization|sadness
3286,27,neutral,2|3|6|25,anger|annoyance|confusion|sadness
3287,26,surprise,0|1|3|6|27,admiration|amusement|annoyance|confusion|neutral
3288,2,anger,2|11|15|17|18,anger|disgust|gratitude|joy|love
3289,3|18,annoyance|love,1|2|4|10|14|18|26,amusement|anger|approval|disapproval|fear|love|surprise
3290,15,gratitude,0|3|11|13|18|24|27,admiration|annoyance|disgust|excitement|love|remorse|neutral
3291,27,neutral,1|2|3|10|22|25|26,amusement|anger|annoyance|disapproval|realization|sadness|surprise
3292,15,gratitude,10|15|18|20,disapproval|gratitude|love|optimism
3293,20,optimism,0|1|3|4|9|14|20,admiration|amusement|annoyance|approval|disappointment|fear|optimism
3294,4,approval,4|6|14|15|18,approval|confusion|fear|gratitude|love
3295,27,neutral,3|4|14|22|27,annoyance|approval|fear|realization|neutral
3296,0,admiration,3|4|5|9|17|18|26,annoyance|approval|caring|disappointment|joy|love|surprise
3297,2,anger,2|9|10|13|15|17,anger|disappointment|disapproval|excitement|gratitude|joy
3298,27,neutral,3|4|5|20|27,annoyance|approval|caring|optimism|neutral
3299,1,amusement,1|2|3|6|10|11|18|22|27,amusement|anger|annoyance|confusion|disapproval|disgust|love|realization|neutral
3300,6,confusion,0|2|5|15|18|24|25,admiration|anger|caring|gratitude|love|remorse|sadness
3301,18,love,0|3|4|8|9|25|27,admiration|annoyance|approval|desire|disappointment|sadness|neutral
3302,2|3,anger|annoyance,0|3|10|11|15|17|20|27,admiration|annoyance|disapproval|disgust|gratitude|joy|optimism|neutral
3303,26,surprise,0|9|10|18|20|24,admiration|disappointment|disapproval|love|optimism|remorse
3304,18,love,0|2|4|9|17|19|27,admiration|anger|approval|disappointment|joy|nervousness|neutral
3305,0|15,admiration|gratitude,9|14|17|20|22|26,disappointment|fear|joy|optimism|realization|surprise
3306,3,annoyance,3|8|9|11|13|20|25|26,annoyance|desire|disappointment|disgust|excitement|optimism|sadness|surprise
3307,0,admiration,0|1|2|6|7|9|10|14|17|18|25,admiration|amusement|anger|confusion|curiosity|disappointment|disapproval|fear|joy|love|sadness
3308,3,annoyance,0|6|7|13|15|25|27,admiration|confusion|curiosity|excitement|gratitude|sadness|neutral
3309,27,neutral,1|6|7|10|13|20|27,amusement|confusion|curiosity|disapproval|excitement|optimism|neutral
3310,1,amusement,4|6|12|17|25,approval|confusion|embarrassment|joy|sadness
3311,27,neutral,0|3|6|7|11|13|18|24|26,admiration|annoyance|confusion|curiosity|disgust|excitement|love|remorse|surprise
3312,27,neutral,3|13|17|20|26|27,annoyance|excitement|joy|optimism|surprise|neutral
3313,5,caring,1|7|10|15|17|26,amusement|curiosity|disapproval|gratitude|joy|surprise
3314,10,disapproval,0|3|4|7|10|15|22|26,admiration|annoyance|approval|curiosity|disapproval|gratitude|realization|surprise
3315,15,gratitude,0|7|10|18|26|27,admiration|curiosity|disapproval|love|surprise|neutral
3316,10,disapproval,0|1|15|22|25,admiration|amusement|gratitude|realization|sadness
3317,1,amusement,2|5|7|15|18|27,anger|caring|curiosity|gratitude|love|neutral
3318,27,neutral,4|7|13|22|26,approval|curiosity|excitement|realization|surprise
3319,5,caring,0|1|2|6|10,admiration|amusement|anger|confusion|disapproval
3320,8|20,desire|optimism,3|5|9|15|17|20|23,annoyance|caring|disappointment|gratitude|joy|optimism|relief
3321,27,neutral,4|9|10|11|20|22|25,approval|disappointment|disapproval|disgust|optimism|realization|sadness
3322,7,curiosity,0|3|6|22,admiration|annoyance|confusion|realization
3323,7,curiosity,3|7|10|11|13|15,annoyance|curiosity|disapproval|disgust|excitement|gratitude
3324,22,realization,0|13|15|17|26|27,admiration|excitement|gratitude|joy|surprise|neutral
3325,27,neutral,0|1|2|3|4|10|22,admiration|amusement|anger|annoyance|approval|disapproval|realization
3326,0,admiration,1|3|7|18|20|25|27,amusement|annoyance|curiosity|love|optimism|sadness|neutral
3327,10,disapproval,3|4|5|10|15|27,annoyance|approval|caring|disapproval|gratitude|neutral
3328,18,love,9|15|18|25|27,disappointment|gratitude|love|sadness|neutral
3329,6,confusion,1|3|4|6|7,amusement|annoyance|approval|confusion|curiosity
3330,10,disapproval,0|2|3|4|10|25|27,admiration|anger|annoyance|approval|disapproval|sadness|neutral
3331,0|4,admiration|approval,3|9|20|22|27,annoyance|disappointment|optimism|realization|neutral
3332,1,amusement,0|4|27,admiration|approval|neutral
3333,0,admiration,10|18|22|27,disapproval|love|realization|neutral
3334,4,approval,0|4|8|10|11|13|15|20,admiration|approval|desire|disapproval|disgust|excitement|gratitude|optimism
3335,27,neutral,4|10|26|27,approval|disapproval|surprise|neutral
3336,10,disapproval,0|4|13|18|22|27,admiration|approval|excitement|love|realization|neutral
3337,27,neutral,1|4|6|14|15|27,amusement|approval|confusion|fear|gratitude|neutral
3338,1,amusement,2|6|11|19|27,anger|confusion|disgust|nervousness|neutral
3339,0|4,admiration|approval,2|3|11|17,anger|annoyance|disgust|joy
3340,13,excitement,1|3|4|10|17|20|21|26,amusement|annoyance|approval|disapproval|joy|optimism|pride|surprise
3341,4|20,approval|optimism,0|3|9|17,admiration|annoyance|disappointment|joy
3342,15,gratitude,0|1|5|7|18|20|26,admiration|amusement|caring|curiosity|love|optimism|surprise
3343,27,neutral,9|15|18|19|25,disappointment|gratitude|love|nervousness|sadness
3344,2,anger,0|10|15|22|27,admiration|disapproval|gratitude|realization|neutral
3345,15,gratitude,0|3|17|18|22|26,admiration|annoyance|joy|love|realization|surprise
3346,2|27,anger|neutral,0|2|3|7|8|18,admiration|anger|annoyance|curiosity|desire|love
3347,15,gratitude,0|2|4|10|18|20,admiration|anger|approval|disapproval|love|optimism
3348,4,approval,4|9|13|15|20|26,approval|disappointment|excitement|gratitude|optimism|surprise
3349,6,confusion,0|1|2|6|9|10|11|15|27,admiration|amusement|anger|confusion|disappointment|disapproval|disgust|gratitude|neutral
3350,20,optimism,0|3|4|7|8|17,admiration|annoyance|approval|curiosity|desire|joy
3351,27,neutral,0|3|4|9|15|17|20,admiration|annoyance|approval|disappointment|gratitude|joy|optimism
3352,27,neutral,0|7|10|22,admiration|curiosity|disapproval|realization
3353,27,neutral,5|6|15|26|27,caring|confusion|gratitude|surprise|neutral
3354,0|17|18,admiration|joy|love,0|6|13|18|26|27,admiration|confusion|excitement|love|surprise|neutral
3355,27,neutral,0|4|9|10|13,admiration|approval|disappointment|disapproval|excitement
3356,7|27,curiosity|neutral,5|7|9|10|14|18,caring|curiosity|disappointment|disapproval|fear|love
3357,15,gratitude,1|2|6|18|22|27,amusement|anger|confusion|love|realization|neutral
3358,27,neutral,0|3|8|11|18|20,admiration|annoyance|desire|disgust|love|optimism
3359,18,love,1|6|7|10|14|17|18|27,amusement|confusion|curiosity|disapproval|fear|joy|love|neutral
3360,27,neutral,0|5|7|13|22|26,admiration|caring|curiosity|excitement|realization|surprise
3361,27,neutral,0|2|6|9|11|17|18|24|25,admiration|anger|confusion|disappointment|disgust|joy|love|remorse|sadness
3362,18,love,1|2|3|4|5|10|17|24|25|27,amusement|anger|annoyance|approval|caring|disapproval|joy|remorse|sadness|neutral
3363,17,joy,3|9|18|26|27,annoyance|disappointment|love|surprise|neutral
3364,27,neutral,7|18|25,curiosity|love|sadness
3365,1|22,amusement|realization,0|1|6|14|15|17|19,admiration|amusement|confusion|fear|gratitude|joy|nervousness
3366,3|27,annoyance|neutral,2|3|4|7|8|9|18|20|24|26|27,anger|annoyance|approval|curiosity|desire|disappointment|love|optimism|remorse|surprise|neutral
3367,27,neutral,2|4|7|15|17|18|27,anger|approval|curiosity|gratitude|joy|love|neutral
3368,5,caring,0|1|3|6|7|10|18|22|25,admiration|amusement|annoyance|confusion|curiosity|disapproval|love|realization|sadness
3369,7|27,curiosity|neutral,1|3|7|13|15|17|20|25,amusement|annoyance|curiosity|excitement|gratitude|joy|optimism|sadness
3370,27,neutral,4|21|27,approval|pride|neutral
3371,20,optimism,3|4|7|9|14|17|25,annoyance|approval|curiosity|disappointment|fear|joy|sadness
3372,0,admiration,2|3|9|14|15|20|22,anger|annoyance|disappointment|fear|gratitude|optimism|realization
3373,18,love,2|3|4|7|14|26,anger|annoyance|approval|curiosity|fear|surprise
3374,14,fear,1|15|26|27,amusement|gratitude|surprise|neutral
3375,3,annoyance,0|5|6|7|15|17,admiration|caring|confusion|curiosity|gratitude|joy
3376,7,curiosity,0|3|4|6|8|15|18,admiration|annoyance|approval|confusion|desire|gratitude|love
3377,4,approval,0|9|10|15|18|20|22|25,admiration|disappointment|disapproval|gratitude|love|optimism|realization|sadness
3378,2|3|10,anger|annoyance|disapproval,2|4|7|10|27,anger|approval|curiosity|disapproval|neutral
3379,27,neutral,0|4|5|7|10|13|15|17,admiration|approval|caring|curiosity|disapproval|excitement|gratitude|joy
3380,27,neutral,0|5|9|14|20|22|23|24|27,admiration|caring|disappointment|fear|optimism|realization|relief|remorse|neutral
3381,22,realization,17|18|24|25|27,joy|love|remorse|sadness|neutral
3382,1,amusement,8|14|15|18|20|25|26,desire|fear|gratitude|love|optimism|sadness|surprise
3383,27,neutral,2|8|13|14|20|27,anger|desire|excitement|fear|optimism|neutral
3384,7,curiosity,10|11|13|15|20,disapproval|disgust|excitement|gratitude|optimism
3385,10,disapproval,2|4|6|15,anger|approval|confusion|gratitude
3386,3,annoyance,1|11|15|26,amusement|disgust|gratitude|surprise
3387,2,anger,5|10|11|23|24|25|27,caring|disapproval|disgust|relief|remorse|sadness|neutral
3388,27,neutral,7|22|27,curiosity|realization|neutral
3389,7|10,curiosity|disapproval,3|9|10|14|15|22|25,annoyance|disappointment|disapproval|fear|gratitude|realization|sadness
3390,27,neutral,0|2|5|13|14|25,admiration|anger|caring|excitement|fear|sadness
3391,27,neutral,1|2|6|20|24|25,amusement|anger|confusion|optimism|remorse|sadness
3392,1|6,amusement|confusion,0|2|5|10|20|27,admiration|anger|caring|disapproval|optimism|neutral
3393,27,neutral,1|5|6|15|18|22,amusement|caring|confusion|gratitude|love|realization
3394,27,neutral,1|4|11,amusement|approval|disgust
3395,4,approval,0|9|11|13|15|22|26,admiration|disappointment|disgust|excitement|gratitude|realization|surprise
3396,27,neutral,0|3|4|14|15|18|20,admiration|annoyance|approval|fear|gratitude|love|optimism
3397,27,neutral,0|3|5|10|14|20,admiration|annoyance|caring|disapproval|fear|optimism
3398,27,neutral,3|20|25|27,annoyance|optimism|sadness|neutral
3399,15,gratitude,1|2|5|15|26|27,amusement|anger|caring|gratitude|surprise|neutral
3400,27,neutral,1|4|7|13|16|26,amusement|approval|curiosity|excitement|grief|surprise
3401,1,amusement,0|7|11|13|17,admiration|curiosity|disgust|excitement|joy
3402,4,approval,0|2|4|15|20|26|27,admiration|anger|approval|gratitude|optimism|surprise|neutral
3403,0,admiration,2|7|15|18|22|25|27,anger|curiosity|gratitude|love|realization|sadness|neutral
3404,27,neutral,0|2|4|8|9|10|11,admiration|anger|approval|desire|disappointment|disapproval|disgust
3405,27,neutral,1|5|15|20,amusement|caring|gratitude|optimism
3406,20,optimism,4|5|6|26,approval|caring|confusion|surprise
3407,27,neutral,0|1|4|15|17|18|26,admiration|amusement|approval|gratitude|joy|love|surprise
3408,4,approval,0|7|8|13|15|26,admiration|curiosity|desire|excitement|gratitude|surprise
3409,27,neutral,0|1|5|22|25,admiration|amusement|caring|realization|sadness
3410,1,amusement,1|3|4|10|15|18|22|27,amusement|annoyance|approval|disapproval|gratitude|love|realization|neutral
3411,27,neutral,1|2|4|5|6|11|13|17,amusement|anger|approval|caring|confusion|disgust|excitement|joy
3412,6,confusion,3|6|9|18|20|27,annoyance|confusion|disappointment|love|optimism|neutral
3413,12,embarrassment,2|13|15|17|22|25|27,anger|excitement|gratitude|joy|realization|sadness|neutral
3414,10,disapproval,0|4|5|6|17|18|26,admiration|approval|caring|confusion|joy|love|surprise
3415,27,neutral,0|3|6|7|15,admiration|annoyance|confusion|curiosity|gratitude
3416,24,remorse,0|1|4|5|20|24|25|27,admiration|amusement|approval|caring|optimism|remorse|sadness|neutral
3417,7,curiosity,0|3|4|7|8|13|24|26,admiration|annoyance|approval|curiosity|desire|excitement|remorse|surprise
3418,27,neutral,1|3|27,amusement|annoyance|neutral
3419,4,approval,6|7|9|15|27,confusion|curiosity|disappointment|gratitude|neutral
3420,1,amusement,2|5|13|14|15|17|27,anger|caring|excitement|fear|gratitude|joy|neutral
3421,13,excitement,0|1|10|17|22,admiration|amusement|disapproval|joy|realization
3422,18,love,3|5|7|16|17|27,annoyance|caring|curiosity|grief|joy|neutral
3423,27,neutral,0|1|3|7|8|13|15|26,admiration|amusement|annoyance|curiosity|desire|excitement|gratitude|surprise
3424,9|25,disappointment|sadness,1|3|9|11|15,amusement|annoyance|disappointment|disgust|gratitude
3425,27,neutral,0|3|4|5|9|17|26,admiration|annoyance|approval|caring|disappointment|joy|surprise
3426,3,annoyance,1|20|25|27,amusement|optimism|sadness|neutral
3427,4,approval,1|2|4|15|17|18,amusement|anger|approval|gratitude|joy|love
3428,3,annoyance,1|3|4|5|9|15|17|18|20|22,amusement|annoyance|approval|caring|disappointment|gratitude|joy|love|optimism|realization
3429,27,neutral,10|13|17|27,disapproval|excitement|joy|neutral
3430,15|18,gratitude|love,0|7|17|18|24|25|27,admiration|curiosity|joy|love|remorse|sadness|neutral
3431,10,disapproval,0|4|10|11|18|27,admiration|approval|disapproval|disgust|love|neutral
3432,2|3,anger|annoyance,0|9|20|25|27,admiration|disappointment|optimism|sadness|neutral
3433,27,neutral,4|13|22,approval|excitement|realization
3434,27,neutral,1|2|3|6|10|18|25,amusement|anger|annoyance|confusion|disapproval|love|sadness
3435,27,neutral,3|6|10|18|27,annoyance|confusion|disapproval|love|neutral
3436,8,desire,0|1|2|5|9|13|15|17|26,admiration|amusement|anger|caring|disappointment|excitement|gratitude|joy|surprise
3437,27,neutral,0|1|3|5|6|9|11|20,admiration|amusement|annoyance|caring|confusion|disappointment|disgust|optimism
3438,27,neutral,0|2|6|15|20|27,admiration|anger|confusion|gratitude|optimism|neutral
3439,3|9,annoyance|disappointment,4|11|18|26,approval|disgust|love|surprise
3440,15,gratitude,2|6|7|8|10|14|15|17|23|24|25|27,anger|confusion|curiosity|desire|disapproval|fear|gratitude|joy|relief|remorse|sadness|neutral
3441,25,sadness,1|5|10|15|18,amusement|caring|disapproval|gratitude|love
3442,2|3,anger|annoyance,5|9|13|20|27,caring|disappointment|excitement|optimism|neutral
3443,6,confusion,1|6|7|9|10|14|15,amusement|confusion|curiosity|disappointment|disapproval|fear|gratitude
3444,4|15,approval|gratitude,0|4|8|10|13|18|20|24|27,admiration|approval|desire|disapproval|excitement|love|optimism|remorse|neutral
3445,7,curiosity,1|2|3|6|7|8|15|17|18|24,amusement|anger|annoyance|confusion|curiosity|desire|gratitude|joy|love|remorse
3446,0,admiration,2|4|9|10|11|18,anger|approval|disappointment|disapproval|disgust|love
3447,27,neutral,0|1|2|7|11|17|22,admiration|amusement|anger|curiosity|disgust|joy|realization
3448,1,amusement,4|6|10|12|14|24|27,approval|confusion|disapproval|embarrassment|fear|remorse|neutral
3449,0|10,admiration|disapproval,3|4|15|17,annoyance|approval|gratitude|joy
3450,1,amusement,4|6|9|20|22|27,approval|confusion|disappointment|optimism|realization|neutral
3451,26,surprise,1|4|5|8|9|10|24|27,amusement|approval|caring|desire|disappointment|disapproval|remorse|neutral
3452,4|27,approval|neutral,3|8|13|15|20|27,annoyance|desire|excitement|gratitude|optimism|neutral
3453,3,annoyance,3|7|27,annoyance|curiosity|neutral
3454,18,love,1|5|6|9|11|13|18,amusement|caring|confusion|disappointment|disgust|excitement|love
3455,17,joy,2|6|7|9|10|15|20|25,anger|confusion|curiosity|disappointment|disapproval|gratitude|optimism|sadness
3456,27,neutral,3|4|5|11|15|20,annoyance|approval|caring|disgust|gratitude|optimism
3457,27,neutral,0|8|10|27,admiration|desire|disapproval|neutral
3458,4,approval,0|4|5|6|7|17|25,admiration|approval|caring|confusion|curiosity|joy|sadness
3459,27,neutral,4|8|11|17|27,approval|desire|disgust|joy|neutral
3460,27,neutral,4|5|11|15|18|22,approval|caring|disgust|gratitude|love|realization
3461,1,amusement,0|3|4|10|11|18,admiration|annoyance|approval|disapproval|disgust|love
3462,1|13,amusement|excitement,1|18|22|25|27,amusement|love|realization|sadness|neutral
3463,9,disappointment,1|2|4|14,amusement|anger|approval|fear
3464,27,neutral,0|7|20|27,admiration|curiosity|optimism|neutral
3465,27,neutral,5|6|7|9|11|20|25|27,caring|confusion|curiosity|disappointment|disgust|optimism|sadness|neutral
3466,17,joy,5|6|12|27,caring|confusion|embarrassment|neutral
3467,15,gratitude,0|1|4|5|15|20|25,admiration|amusement|approval|caring|gratitude|optimism|sadness
3468,1,amusement,0|1|7|15|26,admiration|amusement|curiosity|gratitude|surprise
3469,3|9,annoyance|disappointment,3|4|5|6|8|9|15|22,annoyance|approval|caring|confusion|desire|disappointment|gratitude|realization
3470,27,neutral,0|2|7|8|10|22|25|27,admiration|anger|curiosity|desire|disapproval|realization|sadness|neutral
3471,12|27,embarrassment|neutral,3|4|7|10|13|15|17|18|27,annoyance|approval|curiosity|disapproval|excitement|gratitude|joy|love|neutral
3472,27,neutral,3|7|8|17|20|21|25|27,annoyance|curiosity|desire|joy|optimism|pride|sadness|neutral
3473,27,neutral,7|15|18|20|22|26|27,curiosity|gratitude|love|optimism|realization|surprise|neutral
3474,1|4,amusement|approval,5|10|13|27,caring|disapproval|excitement|neutral
3475,17,joy,5|9|12|17|18|20|25|27,caring|disappointment|embarrassment|joy|love|optimism|sadness|neutral
3476,5,caring,0|8|15|26,admiration|desire|gratitude|surprise
3477,27,neutral,13|15,excitement|gratitude
3478,13,excitement,1|5|13|14|17|18|27,amusement|caring|excitement|fear|joy|love|neutral
3479,25,sadness,4|6|7|15|22|24|25,approval|confusion|curiosity|gratitude|realization|remorse|sadness
3480,10,disapproval,0|1|9|27,admiration|amusement|disappointment|neutral
3481,27,neutral,1|8,amusement|desire
3482,20,optimism,3|5|6|10|15|20|22|25|27,annoyance|caring|confusion|disapproval|gratitude|optimism|realization|sadness|neutral
3483,5|6,caring|confusion,2|4|5|6|13|14|22|25|26,anger|approval|caring|confusion|excitement|fear|realization|sadness|surprise
3484,18,love,0|7|9|11|13|18|20|27,admiration|curiosity|disappointment|disgust|excitement|love|optimism|neutral
3485,26,surprise,1|3|9|20|24|27,amusement|annoyance|disappointment|optimism|remorse|neutral
3486,1,amusement,0|1|2|3|5|8|14|17|27,admiration|amusement|anger|annoyance|caring|desire|fear|joy|neutral
3487,14,fear,0|1|4|10|15,admiration|amusement|approval|disapproval|gratitude
3488,7,curiosity,2|3|6|9|15|17|18,anger|annoyance|confusion|disappointment|gratitude|joy|love
3489,15,gratitude,1|9|11|13|18|24,amusement|disappointment|disgust|excitement|love|remorse
3490,27,neutral,1|10|11|15|17|18|27,amusement|disapproval|disgust|gratitude|joy|love|neutral
3491,24,remorse,1|4|9|26|27,amusement|approval|disappointment|surprise|neutral
3492,27,neutral,3|9|10|15|22,annoyance|disappointment|disapproval|gratitude|realization
3493,27,neutral,0|1|3|4|7|9|17|20,admiration|amusement|annoyance|approval|curiosity|disappointment|joy|optimism
3494,15,gratitude,0|2|6|7|11|17|18|22,admiration|anger|confusion|curiosity|disgust|joy|love|realization
3495,17,joy,0|4|6|9|20,admiration|approval|confusion|disappointment|optimism
3496,3,annoyance,2|5|6|7|14|17|22|25,anger|caring|confusion|curiosity|fear|joy|realization|sadness
3497,3,annoyance,7|9|14|18|20|22|25|27,curiosity|disappointment|fear|love|optimism|realization|sadness|neutral
3498,6,confusion,0|1|6|18,admiration|amusement|confusion|love
3499,6,confusion,0|2|4|15|24|27,admiration|anger|approval|gratitude|remorse|neutral
3500,4|7,approval|curiosity,1|2|4|7|9|17|24|25,amusement|anger|approval|curiosity|disappointment|joy|remorse|sadness
3501,6,confusion,2|3|5|6|9|10|22,anger|annoyance|caring|confusion|disappointment|disapproval|realization
3502,0|22,admiration|realization,1|2|3|4|7|10|27,amusement|anger|annoyance|approval|curiosity|disapproval|neutral
3503,27,neutral,0|1|7|11,admiration|amusement|curiosity|disgust
3504,4,approval,2|3|9|14|17|24|25,anger|annoyance|disappointment|fear|joy|remorse|sadness
3505,27,neutral,0|1|6|7|18|22,admiration|amusement|confusion|curiosity|love|realization
3506,9,disappointment,0|6|13|18|26,admiration|confusion|excitement|love|surprise
3507,27,neutral,7|13|18|20|27,curiosity|excitement|love|optimism|neutral
3508,27,neutral,1|2|4|7|10|20,amusement|anger|approval|curiosity|disapproval|optimism
3509,27,neutral,0|1|7|20|25,admiration|amusement|curiosity|optimism|sadness
3510,3,annoyance,1|3|4|13|22,amusement|annoyance|approval|excitement|realization
3511,0|4,admiration|approval,0|5|8|14|15|20|26|27,admiration|caring|desire|fear|gratitude|optimism|surprise|neutral
3512,4,approval,0|2|5|7|27,admiration|anger|caring|curiosity|neutral
3513,27,neutral,1|2|6|22,amusement|anger|confusion|realization
3514,4|22,approval|realization,1|9|13|25|26,amusement|disappointment|excitement|sadness|surprise
3515,4,approval,0|1|6|8|10|18|26,admiration|amusement|confusion|desire|disapproval|love|surprise
3516,4,approval,1|2|4|6|17|22,amusement|anger|approval|confusion|joy|realization
3517,25,sadness,5|6|18|25|27,caring|confusion|love|sadness|neutral
3518,27,neutral,3|11|15|17|18|25,annoyance|disgust|gratitude|joy|love|sadness
3519,27,neutral,0|2|3|9|14|17|18,admiration|anger|annoyance|disappointment|fear|joy|love
3520,5|27,caring|neutral,0|4|6|7|8|14|24,admiration|approval|confusion|curiosity|desire|fear|remorse
3521,26,surprise,0|1|10|27,admiration|amusement|disapproval|neutral
3522,0,admiration,0|1|4|8|18|22|25|26,admiration|amusement|approval|desire|love|realization|sadness|surprise
3523,7|24,curiosity|remorse,0|2|8|9|10|13|18|20|22,admiration|anger|desire|disappointment|disapproval|excitement|love|optimism|realization
3524,2,anger,0|2|3|6|7|22|26|27,admiration|anger|annoyance|confusion|curiosity|realization|surprise|neutral
3525,1,amusement,2|18|20|24|27,anger|love|optimism|remorse|neutral
3526,4,approval,0|5|17|18|24|25,admiration|caring|joy|love|remorse|sadness
3527,27,neutral,3|7|8|20|22,annoyance|curiosity|desire|optimism|realization
3528,14|19,fear|nervousness,1|15|24|27,amusement|gratitude|remorse|neutral
3529,13|25,excitement|sadness,0|2|3|10|18,admiration|anger|annoyance|disapproval|love
3530,27,neutral,1|2|10|15|17|25,amusement|anger|disapproval|gratitude|joy|sadness
3531,4,approval,4|5|6|7|13|15|24|27,approval|caring|confusion|curiosity|excitement|gratitude|remorse|neutral
3532,27,neutral,1|9|22|25|27,amusement|disappointment|realization|sadness|neutral
3533,27,neutral,1|7|11|24|27,amusement|curiosity|disgust|remorse|neutral
3534,11,disgust,3|5|17|20|26|27,annoyance|caring|joy|optimism|surprise|neutral
3535,11|25,disgust|sadness,8|10|22,desire|disapproval|realization
3536,1,amusement,0|1|6|7|25|27,admiration|amusement|confusion|curiosity|sadness|neutral
3537,2,anger,3|4|8|12|15|20|22|25|27,annoyance|approval|desire|embarrassment|gratitude|optimism|realization|sadness|neutral
3538,3,annoyance,0|1|3|5|6|18|25,admiration|amusement|annoyance|caring|confusion|love|sadness
3539,1,amusement,0|2|3|5|6|10|15|17|18|20,admiration|anger|annoyance|caring|confusion|disapproval|gratitude|joy|love|optimism
3540,0,admiration,2|5|6|10|15|17|27,anger|caring|confusion|disapproval|gratitude|joy|neutral
3541,6|7,confusion|curiosity,4|7|20|27,approval|curiosity|optimism|neutral
3542,20,optimism,4|7|13|18|27,approval|curiosity|excitement|love|neutral
3543,1,amusement,0|3|5|12|15|17|20|27,admiration|annoyance|caring|embarrassment|gratitude|joy|optimism|neutral
3544,4,approval,3|4|17|20|22|24|25,annoyance|approval|joy|optimism|realization|remorse|sadness
3545,10,disapproval,0|1|2|4|5|6|10|20|26,admiration|amusement|anger|approval|caring|confusion|disapproval|optimism|surprise
3546,15,gratitude,0|2|3|4|5|18|22|26,admiration|anger|annoyance|approval|caring|love|realization|surprise
3547,3|10,annoyance|disapproval,3|4|5|6|7|9|10|15|18|26,annoyance|approval|caring|confusion|curiosity|disappointment|disapproval|gratitude|love|surprise
3548,24,remorse,0|6|7|13|18|25|26|27,admiration|confusion|curiosity|excitement|love|sadness|surprise|neutral
3549,27,neutral,4|8|15|26,approval|desire|gratitude|surprise
3550,0,admiration,1|6|7|15|18|20|22|25,amusement|confusion|curiosity|gratitude|love|optimism|realization|sadness
3551,18,love,0|1|3|4|7|15|20|24,admiration|amusement|annoyance|approval|curiosity|gratitude|optimism|remorse
3552,27,neutral,0|4|7|20|25|26|27,admiration|approval|curiosity|optimism|sadness|surprise|neutral
3553,1,amusement,0|4|13|15|18|22|26,admiration|approval|excitement|gratitude|love|realization|surprise
3554,2,anger,13|17|25|27,excitement|joy|sadness|neutral
3555,15,gratitude,0|1|3|5|7|8|12|24|25,admiration|amusement|annoyance|caring|curiosity|desire|embarrassment|remorse|sadness
3556,27,neutral,5|13|18|20|25|26,caring|excitement|love|optimism|sadness|surprise
3557,27,neutral,0|3|11|18|20|22|25,admiration|annoyance|disgust|love|optimism|realization|sadness
3558,27,neutral,0|5|6|15|17|20|23|25|27,admiration|caring|confusion|gratitude|joy|optimism|relief|sadness|neutral
3559,27,neutral,12|17|18|21|27,embarrassment|joy|love|pride|neutral
3560,27,neutral,4|5|6|7|9|10|17|18|22,approval|caring|confusion|curiosity|disappointment|disapproval|joy|love|realization
3561,2|3,anger|annoyance,1|4|11|14|20|24|25|27,amusement|approval|disgust|fear|optimism|remorse|sadness|neutral
3562,20,optimism,2|3|5|9|12|13|15|18|20|25,anger|annoyance|caring|disappointment|embarrassment|excitement|gratitude|love|optimism|sadness
3563,4,approval,1|2|8|10|17|19,amusement|anger|desire|disapproval|joy|nervousness
3564,2,anger,2|3|14|27,anger|annoyance|fear|neutral
3565,0,admiration,3|8|14|17|18,annoyance|desire|fear|joy|love
3566,27,neutral,2|6|11|14|27,anger|confusion|disgust|fear|neutral
3567,18,love,0|4|5|17|20|25,admiration|approval|caring|joy|optimism|sadness
3568,13,excitement,2|5|9|10|15|20|22|24|26,anger|caring|disappointment|disapproval|gratitude|optimism|realization|remorse|surprise
3569,27,neutral,4|6|9|13|25|26,approval|confusion|disappointment|excitement|sadness|surprise
3570,0,admiration,0|2|6|7|10|11|15|18|22,admiration|anger|confusion|curiosity|disapproval|disgust|gratitude|love|realization
3571,11,disgust,2|4|13|25|26,anger|approval|excitement|sadness|surprise
3572,26,surprise,2|6|7|9|13|17|18|24|26,anger|confusion|curiosity|disappointment|excitement|joy|love|remorse|surprise
3573,5|10,caring|disapproval,0|1|2|6|7|17|21|27,admiration|amusement|anger|confusion|curiosity|joy|pride|neutral
3574,1,amusement,0|1|4|6|11|15|18|20|26,admiration|amusement|approval|confusion|disgust|gratitude|love|optimism|surprise
3575,11,disgust,0|1|8|9|10|25,admiration|amusement|desire|disappointment|disapproval|sadness
3576,27,neutral,1|8|9|15|20,amusement|desire|disappointment|gratitude|optimism
3577,0,admiration,0|4|17|18,admiration|approval|joy|love
3578,27,neutral,0|3|5|13|15|25|27,admiration|annoyance|caring|excitement|gratitude|sadness|neutral
3579,9,disappointment,0|2|3|4|14|15|20|22|27,admiration|anger|annoyance|approval|fear|gratitude|optimism|realization|neutral
3580,20,optimism,1|4|10|14|15|18,amusement|approval|disapproval|fear|gratitude|love
3581,9|26,disappointment|surprise,1|4|5|9|10|15|18|22|24,amusement|approval|caring|disappointment|disapproval|gratitude|love|realization|remorse
3582,7|20,curiosity|optimism,0|2|3|18|20|25|26|27,admiration|anger|annoyance|love|optimism|sadness|surprise|neutral
3583,27,neutral,0|1|3|8|10|27,admiration|amusement|annoyance|desire|disapproval|neutral
3584,5,caring,0|2|6|9|15|17|25,admiration|anger|confusion|disappointment|gratitude|joy|sadness
3585,1,amusement,0|1|6|9|15|25|26,admiration|amusement|confusion|disappointment|gratitude|sadness|surprise
3586,27,neutral,4|7|11|13|15,approval|curiosity|disgust|excitement|gratitude
3587,27,neutral,1|27,amusement|neutral
3588,9,disappointment,0|2|9|10|18|22|27,admiration|anger|disappointment|disapproval|love|realization|neutral
3589,4,approval,0|1|4|15|18|22|25,admiration|amusement|approval|gratitude|love|realization|sadness
3590,18|22,love|realization,0|1|4|13|14|17|22,admiration|amusement|approval|excitement|fear|joy|realization
3591,10,disapproval,0|1|2|4|5|10|17,admiration|amusement|anger|approval|caring|disapproval|joy
3592,18,love,1|7|20|27,amusement|curiosity|optimism|neutral
3593,7|27,curiosity|neutral,0|1|3|4|9|24|27,admiration|amusement|annoyance|approval|disappointment|remorse|neutral
3594,10,disapproval,0|1|4|5|6|8|10|27,admiration|amusement|approval|caring|confusion|desire|disapproval|neutral
3595,17,joy,7|9|15|27,curiosity|disappointment|gratitude|neutral
3596,4,approval,1|3|7|9|15|20|24,amusement|annoyance|curiosity|disappointment|gratitude|optimism|remorse
3597,3,annoyance,4|9|18,approval|disappointment|love
3598,27,neutral,0|3|6|7|10|11|20|22,admiration|annoyance|confusion|curiosity|disapproval|disgust|optimism|realization
3599,27,neutral,2|3|4|10|17|20|26|27,anger|annoyance|approval|disapproval|joy|optimism|surprise|neutral
3600,27,neutral,15|25,gratitude|sadness
3601,0,admiration,0|1|2|3|7|18|20|25,admiration|amusement|anger|annoyance|curiosity|love|optimism|sadness
3602,1,amusement,4|7|18|25|27,approval|curiosity|love|sadness|neutral
3603,1|18,amusement|love,0|2|3|9|13|18,admiration|anger|annoyance|disappointment|excitement|love
3604,15,gratitude,3|9|11|15|18|25,annoyance|disappointment|disgust|gratitude|love|sadness
3605,27,neutral,1|4|6|7|9|15,amusement|approval|confusion|curiosity|disappointment|gratitude
3606,4,approval,1|3|7|10|17|18|22|25,amusement|annoyance|curiosity|disapproval|joy|love|realization|sadness
3607,18,love,0|4|6|7|8|10|11|14|26,admiration|approval|confusion|curiosity|desire|disapproval|disgust|fear|surprise
3608,27,neutral,1|2|6|20,amusement|anger|confusion|optimism
3609,6,confusion,1|3|10|12|18,amusement|annoyance|disapproval|embarrassment|love
3610,10,disapproval,7|14|18|20|24|25|27,curiosity|fear|love|optimism|remorse|sadness|neutral
3611,4,approval,0|4|6|9|17|22|25,admiration|approval|confusion|disappointment|joy|realization|sadness
3612,27,neutral,2|6|10|11|17|18|20|25|26,anger|confusion|disapproval|disgust|joy|love|optimism|sadness|surprise
3613,7,curiosity,1|3|9|10|26,amusement|annoyance|disappointment|disapproval|surprise
3614,14,fear,2|4|15|18|20|26|27,anger|approval|gratitude|love|optimism|surprise|neutral
3615,27,neutral,1|10|13|20|26|27,amusement|disapproval|excitement|optimism|surprise|neutral
3616,3|9,annoyance|disappointment,5|14|18|25|27,caring|fear|love|sadness|neutral
3617,15,gratitude,10|15|18|22|26,disapproval|gratitude|love|realization|surprise
3618,5,caring,1|2|4|5|15|22|26,amusement|anger|approval|caring|gratitude|realization|surprise
3619,27,neutral,0|3|4|7|11|17|27,admiration|annoyance|approval|curiosity|disgust|joy|neutral
3620,0,admiration,0|3|7|9|17|18|20|27,admiration|annoyance|curiosity|disappointment|joy|love|optimism|neutral
3621,27,neutral,13|17|20|25|27,excitement|joy|optimism|sadness|neutral
3622,27,neutral,2|3|4|5|8|9|11|22|27,anger|annoyance|approval|caring|desire|disappointment|disgust|realization|neutral
3623,15,gratitude,10|27,disapproval|neutral
3624,4|5|7,approval|caring|curiosity,6|7|15|18|20|25,confusion|curiosity|gratitude|love|optimism|sadness
3625,7,curiosity,2|4|9|10|11|22,anger|approval|disappointment|disapproval|disgust|realization
3626,27,neutral,0|5|20|27,admiration|caring|optimism|neutral
3627,12,embarrassment,4|19|27,approval|nervousness|neutral
3628,0,admiration,1|6|7|8|9|14|17|18|20|27,amusement|confusion|curiosity|desire|disappointment|fear|joy|love|optimism|neutral
3629,0,admiration,2|4|9|25|27,anger|approval|disappointment|sadness|neutral
3630,27,neutral,4|13|14|17|18|27,approval|excitement|fear|joy|love|neutral
3631,5,caring,1|3|4|7|14|15|20,amusement|annoyance|approval|curiosity|fear|gratitude|optimism
3632,0|3,admiration|annoyance,1|3|4|6|8|9|10|11|14|15,amusement|annoyance|approval|confusion|desire|disappointment|disapproval|disgust|fear|gratitude
3633,27,neutral,3|4|11|15|26|27,annoyance|approval|disgust|gratitude|surprise|neutral
3634,0|4,admiration|approval,0|5|18|26|27,admiration|caring|love|surprise|neutral
3635,11|24,disgust|remorse,0|1|3|5|7|10|15,admiration|amusement|annoyance|caring|curiosity|disapproval|gratitude
3636,4,approval,0|4|6|10|13|20,admiration|approval|confusion|disapproval|excitement|optimism
3637,20|27,optimism|neutral,4|6|9|10|13|22|25|26,approval|confusion|disappointment|disapproval|excitement|realization|sadness|surprise
3638,27,neutral,8|17|18|26|27,desire|joy|love|surprise|neutral
3639,5|20,caring|optimism,5|10|15|20|27,caring|disapproval|gratitude|optimism|neutral
3640,10,disapproval,0|1|3|4|8|10|15|17,admiration|amusement|annoyance|approval|desire|disapproval|gratitude|joy
3641,27,neutral,1|5|7|9|10|13|22|26|27,amusement|caring|curiosity|disappointment|disapproval|excitement|realization|surprise|neutral
3642,27,neutral,1|2|3|13|15|17|22|27,amusement|anger|annoyance|excitement|gratitude|joy|realization|neutral
3643,7,curiosity,6|7|9|20|25|27,confusion|curiosity|disappointment|optimism|sadness|neutral
3644,8,desire,2|8|10|11|14|20|24|25,anger|desire|disapproval|disgust|fear|optimism|remorse|sadness
3645,9,disappointment,0|3|5|6|9|18|20,admiration|annoyance|caring|confusion|disappointment|love|optimism
3646,20,optimism,1|2|3|4|5|7|26|27,amusement|anger|annoyance|approval|caring|curiosity|surprise|neutral
3647,4,approval,0|8|10|15|18|26,admiration|desire|disapproval|gratitude|love|surprise
3648,8,desire,0|3|6|9|11|27,admiration|annoyance|confusion|disappointment|disgust|neutral
3649,10,disapproval,1|3|6|7|8|14|17,amusement|annoyance|confusion|curiosity|desire|fear|joy
3650,4|14|18,approval|fear|love,5|6|8|17|18|20,caring|confusion|desire|joy|love|optimism
3651,25,sadness,0|1|5|6|9|14|17|26,admiration|amusement|caring|confusion|disappointment|fear|joy|surprise
3652,15|24,gratitude|remorse,0|1|7|13|22|24|27,admiration|amusement|curiosity|excitement|realization|remorse|neutral
3653,10,disapproval,3|7|15|26|27,annoyance|curiosity|gratitude|surprise|neutral
3654,27,neutral,1|5|9|17|26,amusement|caring|disappointment|joy|surprise
3655,3,annoyance,0|4|5|6|9|10|24,admiration|approval|caring|confusion|disappointment|disapproval|remorse
3656,10,disapproval,6|11|27,confusion|disgust|neutral
3657,27,neutral,0|1|14|17|25|27,admiration|amusement|fear|joy|sadness|neutral
3658,17,joy,0|4|6|7|13|17|18|22|27,admiration|approval|confusion|curiosity|excitement|joy|love|realization|neutral
3659,26,surprise,2|4|7|8|10|13|15|22,anger|approval|curiosity|desire|disapproval|excitement|gratitude|realization
3660,1,amusement,1|2|3|7|11|13|17|18|26|27,amusement|anger|annoyance|curiosity|disgust|excitement|joy|love|surprise|neutral
3661,10,disapproval,0|1|5|6|7|9|14|15|17|18|20|26,admiration|amusement|caring|confusion|curiosity|disappointment|fear|gratitude|joy|love|optimism|surprise
3662,10,disapproval,0|6|15|27,admiration|confusion|gratitude|neutral
3663,5,caring,3|6|14|15|20|22,annoyance|confusion|fear|gratitude|optimism|realization
3664,12,embarrassment,0|1|2|9|10|15|17|18|22,admiration|amusement|anger|disappointment|disapproval|gratitude|joy|love|realization
3665,27,neutral,4|6|7|10|14|18|26,approval|confusion|curiosity|disapproval|fear|love|surprise
3666,2|3,anger|annoyance,0|1|4|5|7|10|11|17,admiration|amusement|approval|caring|curiosity|disapproval|disgust|joy
3667,24|25,remorse|sadness,0|7|10,admiration|curiosity|disapproval
3668,18,love,0|3|5|17|20|25|27,admiration|annoyance|caring|joy|optimism|sadness|neutral
3669,26,surprise,0|5|10|13|15|20|27,admiration|caring|disapproval|excitement|gratitude|optimism|neutral
3670,0,admiration,4|7|8|10|20|25,approval|curiosity|desire|disapproval|optimism|sadness
3671,10,disapproval,1|25|27,amusement|sadness|neutral
3672,10,disapproval,0|3|26|27,admiration|annoyance|surprise|neutral
3673,6,confusion,4|11|15|27,approval|disgust|gratitude|neutral
3674,27,neutral,0|2|4|5|7|8|15|17|27,admiration|anger|approval|caring|curiosity|desire|gratitude|joy|neutral
3675,27,neutral,0|6|13|18|24|25|27,admiration|confusion|excitement|love|remorse|sadness|neutral
3676,27,neutral,0|18|22|24|26|27,admiration|love|realization|remorse|surprise|neutral
3677,9,disappointment,7|8|13|15|26|27,curiosity|desire|excitement|gratitude|surprise|neutral
3678,5,caring,0|7|17|25|26,admiration|curiosity|joy|sadness|surprise
3679,7,curiosity,1|2|5|7|10|15|26,amusement|anger|caring|curiosity|disapproval|gratitude|surprise
3680,27,neutral,0|1|2|7|9|13|17|18|22|25|26,admiration|amusement|anger|curiosity|disappointment|excitement|joy|love|realization|sadness|surprise
3681,27,neutral,1|3|7|9|22|27,amusement|annoyance|curiosity|disappointment|realization|neutral
3682,0,admiration,0|3|5|10|11|26,admiration|annoyance|caring|disapproval|disgust|surprise
3683,4,approval,0|1|6|20,admiration|amusement|confusion|optimism
3684,19|25,nervousness|sadness,0|1|2|4|7|10|22|25,admiration|amusement|anger|approval|curiosity|disapproval|realization|sadness
3685,11|14|20,disgust|fear|optimism,1|4|7|9|18|25|26,amusement|approval|curiosity|disappointment|love|sadness|surprise
3686,4|15,approval|gratitude,4|5|9|13|17|18|20|25|26,approval|caring|disappointment|excitement|joy|love|optimism|sadness|surprise
3687,3|14,annoyance|fear,1|3|8|13|22|25|27,amusement|annoyance|desire|excitement|realization|sadness|neutral
3688,18,love,2|3|10|15|27,anger|annoyance|disapproval|gratitude|neutral
3689,4,approval,4|25,approval|sadness
3690,25,sadness,2|4|5|6|9,anger|approval|caring|confusion|disappointment
3691,22,realization,6|15|17|27,confusion|gratitude|joy|neutral
3692,4|27,approval|neutral,1|3|7|15|17|18|20|24,amusement|annoyance|curiosity|gratitude|joy|love|optimism|remorse
3693,1,amusement,0|9|10|26|27,admiration|disappointment|disapproval|surprise|neutral
3694,27,neutral,3|8|9|10|11|18|25,annoyance|desire|disappointment|disapproval|disgust|love|sadness
3695,6,confusion,5|7|18,caring|curiosity|love
3696,27,neutral,2|3|4|11|20|27,anger|annoyance|approval|disgust|optimism|neutral
3697,27,neutral,0|6|9|14|15|18|20|22,admiration|confusion|disappointment|fear|gratitude|love|optimism|realization
3698,20,optimism,1|2|3|5|7|15|20|27,amusement|anger|annoyance|caring|curiosity|gratitude|optimism|neutral
3699,15,gratitude,1|2|3|5|7|9|10|17|25,amusement|anger|annoyance|caring|curiosity|disappointment|disapproval|joy|sadness
3700,3,annoyance,1|2|11|16|25|27,amusement|anger|disgust|grief|sadness|neutral
3701,27,neutral,0|13|15|17|21|26|27,admiration|excitement|gratitude|joy|pride|surprise|neutral
3702,27,neutral,0|1|4|6|27,admiration|amusement|approval|confusion|neutral
3703,11,disgust,1|2|3|4|5|8|14|15|24|25,amusement|anger|annoyance|approval|caring|desire|fear|gratitude|remorse|sadness
3704,27,neutral,0|4|10,admiration|approval|disapproval
3705,26,surprise,3|4|6|13|17|18|25|26|27,annoyance|approval|confusion|excitement|joy|love|sadness|surprise|neutral
3706,3,annoyance,0|1|3|5|7|11|12|17|20|25|26|27,admiration|amusement|annoyance|caring|curiosity|disgust|embarrassment|joy|optimism|sadness|surprise|neutral
3707,5,caring,0|1|2|5|14|22|25|27,admiration|amusement|anger|caring|fear|realization|sadness|neutral
3708,27,neutral,2|4|6|7|17|20|22|27,anger|approval|confusion|curiosity|joy|optimism|realization|neutral
3709,4,approval,3|4|5|9|11|13|17|20,annoyance|approval|caring|disappointment|disgust|excitement|joy|optimism
3710,27,neutral,2|3|9|11|13|27,anger|annoyance|disappointment|disgust|excitement|neutral
3711,27,neutral,0|4|5|6|13|15|18|26,admiration|approval|caring|confusion|excitement|gratitude|love|surprise
3712,3|10,annoyance|disapproval,1|3|27,amusement|annoyance|neutral
3713,27,neutral,0|1|3|7|14|18|26|27,admiration|amusement|annoyance|curiosity|fear|love|surprise|neutral
3714,23,relief,0|1|2|3|4|10|15|25,admiration|amusement|anger|annoyance|approval|disapproval|gratitude|sadness
3715,0|4,admiration|approval,0|9|11|15|24|25|26,admiration|disappointment|disgust|gratitude|remorse|sadness|surprise
3716,11,disgust,1|4|5|7|14|15,amusement|approval|caring|curiosity|fear|gratitude
3717,0,admiration,7|8|11|17|23|26|27,curiosity|desire|disgust|joy|relief|surprise|neutral
3718,27,neutral,1|7|10|17|22|25|26,amusement|curiosity|disapproval|joy|realization|sadness|surprise
3719,7,curiosity,0|11|15|17|18|22,admiration|disgust|gratitude|joy|love|realization
3720,27,neutral,4|10|15|17,approval|disapproval|gratitude|joy
3721,27,neutral,1|3|7|11|14|15|18|22,amusement|annoyance|curiosity|disgust|fear|gratitude|love|realization
3722,7,curiosity,3|7|24|25|26|27,annoyance|curiosity|remorse|sadness|surprise|neutral
3723,18,love,0|3|17|18,admiration|annoyance|joy|love
3724,17,joy,0|1|6|7|15|17|20|25,admiration|amusement|confusion|curiosity|gratitude|joy|optimism|sadness
3725,4|22,approval|realization,6|15|20|25,confusion|gratitude|optimism|sadness
3726,9,disappointment,9|10|18|20|27,disappointment|disapproval|love|optimism|neutral
3727,0,admiration,0|1|9|10|13|17|24|26|27,admiration|amusement|disappointment|disapproval|excitement|joy|remorse|surprise|neutral
3728,0,admiration,0|4|10|20,admiration|approval|disapproval|optimism
3729,27,neutral,0|5|11|14|18|27,admiration|caring|disgust|fear|love|neutral
3730,9,disappointment,1|3|4|5|7|13|15|27,amusement|annoyance|approval|caring|curiosity|excitement|gratitude|neutral
3731,27,neutral,1|2|3|4|10|15|20,amusement|anger|annoyance|approval|disapproval|gratitude|optimism
3732,26,surprise,1|3|10|17|18|20,amusement|annoyance|disapproval|joy|love|optimism
3733,17,joy,7|8|9|10|20|22,curiosity|desire|disappointment|disapproval|optimism|realization
3734,7,curiosity,1|6|18|25|27,amusement|confusion|love|sadness|neutral
3735,1|17,amusement|joy,0|2|6|7|9|17|18,admiration|anger|confusion|curiosity|disappointment|joy|love
3736,8,desire,2|6|9|10|27,anger|confusion|disappointment|disapproval|neutral
3737,27,neutral,0|1|18|20,admiration|amusement|love|optimism
3738,27,neutral,0|1|4|7|14|16|20|25|26,admiration|amusement|approval|curiosity|fear|grief|optimism|sadness|surprise
3739,7,curiosity,0|4|5|7|17,admiration|approval|caring|curiosity|joy
3740,19,nervousness,3|4|5|11|20|24|27,annoyance|approval|caring|disgust|optimism|remorse|neutral
3741,24|25,remorse|sadness,2|6|7|10|18,anger|confusion|curiosity|disapproval|love
3742,22|25,realization|sadness,0|9|10|17|20|23|24|27,admiration|disappointment|disapproval|joy|optimism|relief|remorse|neutral
3743,27,neutral,0|4|15|20|24|26|27,admiration|approval|gratitude|optimism|remorse|surprise|neutral
3744,5|27,caring|neutral,2|4|6|14|15|18,anger|approval|confusion|fear|gratitude|love
3745,27,neutral,0|18|20,admiration|love|optimism
3746,2|27,anger|neutral,1|2|14|15|18|20|22|25,amusement|anger|fear|gratitude|love|optimism|realization|sadness
3747,7,curiosity,0|1|2|5|20|27,admiration|amusement|anger|caring|optimism|neutral
3748,18,love,0|2|4|5|7|20|25,admiration|anger|approval|caring|curiosity|optimism|sadness
3749,18,love,0|1|5|9|14|26,admiration|amusement|caring|disappointment|fear|surprise
3750,18,love,1|2|3|4|15|18|23,amusement|anger|annoyance|approval|gratitude|love|relief
3751,27,neutral,0|1|2|4|6|10|13|17|22|27,admiration|amusement|anger|approval|confusion|disapproval|excitement|joy|realization|neutral
3752,25,sadness,1|4|8|9|15|20|27,amusement|approval|desire|disappointment|gratitude|optimism|neutral
3753,27,neutral,0|1|4|6|7|9|10|14|15|18|19|25,admiration|amusement|approval|confusion|curiosity|disappointment|disapproval|fear|gratitude|love|nervousness|sadness
3754,27,neutral,1|3|4|5|7|10,amusement|annoyance|approval|caring|curiosity|disapproval
3755,22,realization,0|5|7|10|15,admiration|caring|curiosity|disapproval|gratitude
3756,0,admiration,0|2|8|9|18|20|23|27,admiration|anger|desire|disappointment|love|optimism|relief|neutral
3757,20,optimism,0|3|7|18|25,admiration|annoyance|curiosity|love|sadness
3758,7|25,curiosity|sadness,4|7|9|11|14|18|22|24|25,approval|curiosity|disappointment|disgust|fear|love|realization|remorse|sadness
3759,0,admiration,2|6|7|13|18|25,anger|confusion|curiosity|excitement|love|sadness
3760,4,approval,2|6|7|10|18,anger|confusion|curiosity|disapproval|love
3761,18,love,3|4|11|14|15|18|27,annoyance|approval|disgust|fear|gratitude|love|neutral
3762,27,neutral,3|6|7|15|20|22|26,annoyance|confusion|curiosity|gratitude|optimism|realization|surprise
3763,22|27,realization|neutral,1|5|6|7|10|15|17|20,amusement|caring|confusion|curiosity|disapproval|gratitude|joy|optimism
3764,2|3,anger|annoyance,0|5|15|17|25|26|27,admiration|caring|gratitude|joy|sadness|surprise|neutral
3765,18,love,3|9|13|15|17|18|27,annoyance|disappointment|excitement|gratitude|joy|love|neutral
3766,13,excitement,0|4|26,admiration|approval|surprise
3767,5,caring,0|1|3|4|6|7|9|10|22,admiration|amusement|annoyance|approval|confusion|curiosity|disappointment|disapproval|realization
3768,27,neutral,1|3|4|6|22,amusement|annoyance|approval|confusion|realization
3769,18,love,14|15|18|20|25,fear|gratitude|love|optimism|sadness
3770,27,neutral,0|3|5|8|9|10|18|20|25|27,admiration|annoyance|caring|desire|disappointment|disapproval|love|optimism|sadness|neutral
3771,27,neutral,0|4|5|6|7|9|13|22|24,admiration|approval|caring|confusion|curiosity|disappointment|excitement|realization|remorse
3772,5|14,caring|fear,2|6|26|27,anger|confusion|surprise|neutral
3773,25,sadness,0|5|11|13|18|20,admiration|caring|disgust|excitement|love|optimism
3774,27,neutral,0|2|13|17|22,admiration|anger|excitement|joy|realization
3775,4,approval,0|9|15,admiration|disappointment|gratitude
3776,5|8|20|25,caring|desire|optimism|sadness,1|2|3|5|13|18,amusement|anger|annoyance|caring|excitement|love
3777,27,neutral,2|5|6|7|9|20|25,anger|caring|confusion|curiosity|disappointment|optimism|sadness
3778,9,disappointment,1|2|5|9|10|17|18,amusement|anger|caring|disappointment|disapproval|joy|love
3779,0,admiration,0|2|4|22|25|27,admiration|anger|approval|realization|sadness|neutral
3780,13,excitement,1|6|7|9|15|22,amusement|confusion|curiosity|disappointment|gratitude|realization
3781,27,neutral,0|3|6|13,admiration|annoyance|confusion|excitement
3782,0,admiration,5|6|7|8|15|27,caring|confusion|curiosity|desire|gratitude|neutral
3783,7,curiosity,0|3|5|17|22|26,admiration|annoyance|caring|joy|realization|surprise
3784,18,love,0|2|3|11|15|27,admiration|anger|annoyance|disgust|gratitude|neutral
3785,13|26,excitement|surprise,0|1|2|7|9|11|27,admiration|amusement|anger|curiosity|disappointment|disgust|neutral
3786,15,gratitude,1|5|6|22|27,amusement|caring|confusion|realization|neutral
3787,27,neutral,6|9|13|18|27,confusion|disappointment|excitement|love|neutral
3788,0,admiration,1|3|5|6|10|15|18|22|26,amusement|annoyance|caring|confusion|disapproval|gratitude|love|realization|surprise
3789,27,neutral,2|8|10|14|17|18|24|27,anger|desire|disapproval|fear|joy|love|remorse|neutral
3790,3|27,annoyance|neutral,1|4|6|7|8|14|27,amusement|approval|confusion|curiosity|desire|fear|neutral
3791,4,approval,0|1|2|6|7|10|14|15|19,admiration|amusement|anger|confusion|curiosity|disapproval|fear|gratitude|nervousness
3792,4,approval,1|4|5|10|13|24|25|26,amusement|approval|caring|disapproval|excitement|remorse|sadness|surprise
3793,27,neutral,0|14|17|22|27,admiration|fear|joy|realization|neutral
3794,27,neutral,1|3|4|22|25|27,amusement|annoyance|approval|realization|sadness|neutral
3795,4,approval,0|3|4|5|8|10|13|18|26,admiration|annoyance|approval|caring|desire|disapproval|excitement|love|surprise
3796,11,disgust,3|4|13|17|22|24,annoyance|approval|excitement|joy|realization|remorse
3797,10,disapproval,4|9|17|20|25|27,approval|disappointment|joy|optimism|sadness|neutral
3798,27,neutral,3|4|10|11|27,annoyance|approval|disapproval|disgust|neutral
3799,20,optimism,0|3|9|10|13|14|15|22|25,admiration|annoyance|disappointment|disapproval|excitement|fear|gratitude|realization|sadness
3800,27,neutral,0|3|25|27,admiration|annoyance|sadness|neutral
3801,5,caring,0|1|9|18|27,admiration|amusement|disappointment|love|neutral
3802,7,curiosity,5|8|13|14,caring|desire|excitement|fear
3803,27,neutral,3|5|7|10|17,annoyance|caring|curiosity|disapproval|joy
3804,2|3,anger|annoyance,4|10|13|18|20|22,approval|disapproval|excitement|love|optimism|realization
3805,1,amusement,2|4|8|13|15|20|25|27,anger|approval|desire|excitement|gratitude|optimism|sadness|neutral
3806,27,neutral,1|2|3|6|7|8|9|10|11|26,amusement|anger|annoyance|confusion|curiosity|desire|disappointment|disapproval|disgust|surprise
3807,27,neutral,1|2|13|17|26|27,amusement|anger|excitement|joy|surprise|neutral
3808,1|4,amusement|approval,0|4|5|7|9,admiration|approval|caring|curiosity|disappointment
3809,0|14,admiration|fear,2|3|9|10|13|27,anger|annoyance|disappointment|disapproval|excitement|neutral
3810,18,love,4|5|6|10|18|20,approval|caring|confusion|disapproval|love|optimism
3811,27,neutral,2|5|6|9|14|20|22|24|25|27,anger|caring|confusion|disappointment|fear|optimism|realization|remorse|sadness|neutral
3812,5,caring,0|2|7|10|17,admiration|anger|curiosity|disapproval|joy
3813,18,love,4|5|6|7|10|11|22|27,approval|caring|confusion|curiosity|disapproval|disgust|realization|neutral
3814,3,annoyance,2|7|8|15|24|25,anger|curiosity|desire|gratitude|remorse|sadness
3815,18,love,2|7|11|12|13|22|27,anger|curiosity|disgust|embarrassment|excitement|realization|neutral
3816,22|27,realization|neutral,0|3|5|10|11|13|17|20|21|22,admiration|annoyance|caring|disapproval|disgust|excitement|joy|optimism|pride|realization
3817,27,neutral,0|5|9|10|11|13|15|18|22|25,admiration|caring|disappointment|disapproval|disgust|excitement|gratitude|love|realization|sadness
3818,27,neutral,2|4|8|13|20|25|27,anger|approval|desire|excitement|optimism|sadness|neutral
3819,3,annoyance,0|2|18|26|27,admiration|anger|love|surprise|neutral
3820,1,amusement,3|4|5|18|26|27,annoyance|approval|caring|love|surprise|neutral
3821,26,surprise,0|5|7|9|15|27,admiration|caring|curiosity|disappointment|gratitude|neutral
3822,14,fear,0|5|6|11|20|22,admiration|caring|confusion|disgust|optimism|realization
3823,10,disapproval,1|2|3|17|18,amusement|anger|annoyance|joy|love
3824,27,neutral,1|3|6|14|26|27,amusement|annoyance|confusion|fear|surprise|neutral
3825,0,admiration,0|3|7|8|10|25|27,admiration|annoyance|curiosity|desire|disapproval|sadness|neutral
3826,15,gratitude,1|7|17|20|22,amusement|curiosity|joy|optimism|realization
3827,27,neutral,2|3|4|7|13|15|17|18|20,anger|annoyance|approval|curiosity|excitement|gratitude|joy|love|optimism
3828,27,neutral,2|4|9|22|24,anger|approval|disappointment|realization|remorse
3829,6|7,confusion|curiosity,2|7|15|17|27,anger|curiosity|gratitude|joy|neutral
3830,3,annoyance,2|4|5|7|10|14|26,anger|approval|caring|curiosity|disapproval|fear|surprise
3831,1,amusement,2|8|9|11|17|18,anger|desire|disappointment|disgust|joy|love
3832,10,disapproval,0|1|3|15|27,admiration|amusement|annoyance|gratitude|neutral
3833,1,amusement,0|1|3|5|6|7|15|17|18,admiration|amusement|annoyance|caring|confusion|curiosity|gratitude|joy|love
3834,27,neutral,2|3|9|15|17|20|22|27,anger|annoyance|disappointment|gratitude|joy|optimism|realization|neutral
3835,3,annoyance,0|1|13|15|17|24|25|27,admiration|amusement|excitement|gratitude|joy|remorse|sadness|neutral
3836,27,neutral,2|18|25|27,anger|love|sadness|neutral
3837,27,neutral,2|5|7|11|17|18|20|24|26,anger|caring|curiosity|disgust|joy|love|optimism|remorse|surprise
3838,1,amusement,10|11|18|20|22|27,disapproval|disgust|love|optimism|realization|neutral
3839,27,neutral,0|2|4|5|8|10|15|27,admiration|anger|approval|caring|desire|disapproval|gratitude|neutral
3840,5|15,caring|gratitude,4|8|17|20|25|26|27,approval|desire|joy|optimism|sadness|surprise|neutral
3841,27,neutral,3|4|5|9|18|20|25|26,annoyance|approval|caring|disappointment|love|optimism|sadness|surprise
3842,27,neutral,0|2|3|4|10|22,admiration|anger|annoyance|approval|disapproval|realization
3843,4,approval,11|15|27,disgust|gratitude|neutral
3844,8,desire,4|6|8|10|11|17|25,approval|confusion|desire|disapproval|disgust|joy|sadness
3845,7,curiosity,0|2|9|15|17|18|22|24,admiration|anger|disappointment|gratitude|joy|love|realization|remorse
3846,15|22,gratitude|realization,2|3|11|27,anger|annoyance|disgust|neutral
3847,8,desire,0|3|9|17|24,admiration|annoyance|disappointment|joy|remorse
3848,20,optimism,0|1|9|13|26,admiration|amusement|disappointment|excitement|surprise
3849,1,amusement,0|3|5|9|13|14|18|20|27,admiration|annoyance|caring|disappointment|excitement|fear|love|optimism|neutral
3850,25,sadness,0|4|5|17|27,admiration|approval|caring|joy|neutral
3851,7,curiosity,6|9|11|13|15|20|25|27,confusion|disappointment|disgust|excitement|gratitude|optimism|sadness|neutral
3852,17,joy,1|2|3|4|5|8|10|17,amusement|anger|annoyance|approval|caring|desire|disapproval|joy
3853,4,approval,0|4|15|17,admiration|approval|gratitude|joy
3854,27,neutral,0|10|15|27,admiration|disapproval|gratitude|neutral
3855,3|12,annoyance|embarrassment,2|3|5|6|7|9|15|18,anger|annoyance|caring|confusion|curiosity|disappointment|gratitude|love
3856,2,anger,0|4|6|12|15,admiration|approval|confusion|embarrassment|gratitude
3857,0|20,admiration|optimism,0|3|4|14|15|17|18|26,admiration|annoyance|approval|fear|gratitude|joy|love|surprise
3858,27,neutral,4|9|18|23|25|27,approval|disappointment|love|relief|sadness|neutral
3859,27,neutral,0|6|11|27,admiration|confusion|disgust|neutral
3860,3,annoyance,1|3|4|5|9|11|22|25,amusement|annoyance|approval|caring|disappointment|disgust|realization|sadness
3861,15|20,gratitude|optimism,4|7|10|20|25|27,approval|curiosity|disapproval|optimism|sadness|neutral
3862,15,gratitude,1|3|6|7|8|9|25|27,amusement|annoyance|confusion|curiosity|desire|disappointment|sadness|neutral
3863,27,neutral,2|6|13|25|27,anger|confusion|excitement|sadness|neutral
3864,27,neutral,0|4|11|14|17|18|25|26,admiration|approval|disgust|fear|joy|love|sadness|surprise
3865,27,neutral,3|5|6|7|9|18|25,annoyance|caring|confusion|curiosity|disappointment|love|sadness
3866,2,anger,0|3|4|5|22|26,admiration|annoyance|approval|caring|realization|surprise
3867,27,neutral,3|5|18|27,annoyance|caring|love|neutral
3868,2,anger,0|3|4|18|20|26,admiration|annoyance|approval|love|optimism|surprise
3869,2,anger,1|2|13|14|18|20|22,amusement|anger|excitement|fear|love|optimism|realization
3870,27,neutral,0|4|5|10|11|22|27,admiration|approval|caring|disapproval|disgust|realization|neutral
3871,18,love,0|1|5|6|9|10|12|15|22|26,admiration|amusement|caring|confusion|disappointment|disapproval|embarrassment|gratitude|realization|surprise
3872,15,gratitude,1|2|14|15|18|24,amusement|anger|fear|gratitude|love|remorse
3873,27,neutral,1|3|5,amusement|annoyance|caring
3874,27,neutral,1|2|4|13|18|20|22|24|27,amusement|anger|approval|excitement|love|optimism|realization|remorse|neutral
3875,27,neutral,0|3|4|6|11|15|17,admiration|annoyance|approval|confusion|disgust|gratitude|joy
3876,27,neutral,13|17|25|27,excitement|joy|sadness|neutral
3877,6,confusion,0|2|7|8|15|17|22,admiration|anger|curiosity|desire|gratitude|joy|realization
3878,6,confusion,0|1|4|7|15|17|22|25,admiration|amusement|approval|curiosity|gratitude|joy|realization|sadness
3879,7,curiosity,1|3|4|6|7|10|22|26,amusement|annoyance|approval|confusion|curiosity|disapproval|realization|surprise
3880,2|20,anger|optimism,0|1|4|6|9|15|17|27,admiration|amusement|approval|confusion|disappointment|gratitude|joy|neutral
3881,6|22,confusion|realization,0|10|15|17|18,admiration|disapproval|gratitude|joy|love
3882,10,disapproval,0|4|5|6|7|8|15|17|18|20|25|26,admiration|approval|caring|confusion|curiosity|desire|gratitude|joy|love|optimism|sadness|surprise
3883,27,neutral,0|1|22|24|27,admiration|amusement|realization|remorse|neutral
3884,6,confusion,3|6|9|10|20|26|27,annoyance|confusion|disappointment|disapproval|optimism|surprise|neutral
3885,27,neutral,0|7|11,admiration|curiosity|disgust
3886,27,neutral,1|5|9|20|25|26,amusement|caring|disappointment|optimism|sadness|surprise
3887,12,embarrassment,0|4|17|27,admiration|approval|joy|neutral
3888,7,curiosity,5|9|10|14|15|17|26|27,caring|disappointment|disapproval|fear|gratitude|joy|surprise|neutral
3889,27,neutral,0|3|4|17|18|26,admiration|annoyance|approval|joy|love|surprise
3890,9,disappointment,15|27,gratitude|neutral
3891,10,disapproval,5|8|9|27,caring|desire|disappointment|neutral
3892,27,neutral,7|20|26|27,curiosity|optimism|surprise|neutral
3893,4|6|7,approval|confusion|curiosity,6|9|10|11|14|18|24|27,confusion|disappointment|disapproval|disgust|fear|love|remorse|neutral
3894,4,approval,1|2|4|6|7|11|13,amusement|anger|approval|confusion|curiosity|disgust|excitement
3895,27,neutral,1|4|20|27,amusement|approval|optimism|neutral
3896,15,gratitude,7|10|18|22|26|27,curiosity|disapproval|love|realization|surprise|neutral
3897,7,curiosity,1|18|20|22|27,amusement|love|optimism|realization|neutral
3898,4,approval,0|3|5|10|18|25,admiration|annoyance|caring|disapproval|love|sadness
3899,1,amusement,0|1|2|3|7|13|14|18|22|27,admiration|amusement|anger|annoyance|curiosity|excitement|fear|love|realization|neutral
3900,4,approval,0|2|10|14|18|20|25|26|27,admiration|anger|disapproval|fear|love|optimism|sadness|surprise|neutral
3901,6,confusion,0|4|8|9|10|12|13|27,admiration|approval|desire|disappointment|disapproval|embarrassment|excitement|neutral
3902,27,neutral,0|15|20,admiration|gratitude|optimism
3903,3|10,annoyance|disapproval,0|4|9|14|18|22|24|27,admiration|approval|disappointment|fear|love|realization|remorse|neutral
3904,0|15,admiration|gratitude,2|15|27,anger|gratitude|neutral
3905,27,neutral,0|3|18|20|22|27,admiration|annoyance|love|optimism|realization|neutral
3906,1|18,amusement|love,1|5|13|25|27,amusement|caring|excitement|sadness|neutral
3907,27,neutral,0|4|12|13|15|17|18|22|26,admiration|approval|embarrassment|excitement|gratitude|joy|love|realization|surprise
3908,7,curiosity,0|5|11|14|25,admiration|caring|disgust|fear|sadness
3909,17,joy,2|3|6|7|9|10|27,anger|annoyance|confusion|curiosity|disappointment|disapproval|neutral
3910,5|27,caring|neutral,2|7|13|14|27,anger|curiosity|excitement|fear|neutral
3911,22,realization,0|3|4|9|10|11|17|20,admiration|annoyance|approval|disappointment|disapproval|disgust|joy|optimism
3912,27,neutral,0|3|6|7|11|22,admiration|annoyance|confusion|curiosity|disgust|realization
3913,18,love,2|4|7|9|18|27,anger|approval|curiosity|disappointment|love|neutral
3914,15,gratitude,0|2|3|4|7|20|24,admiration|anger|annoyance|approval|curiosity|optimism|remorse
3915,2|3,anger|annoyance,26,surprise
3916,2,anger,0|1|2|9|10|20,admiration|amusement|anger|disappointment|disapproval|optimism
3917,7,curiosity,1|2|15|20|27,amusement|anger|gratitude|optimism|neutral
3918,27,neutral,5|6|7|15|17|18,caring|confusion|curiosity|gratitude|joy|love
3919,27,neutral,2|3|4|11|14|15|17|18,anger|annoyance|approval|disgust|fear|gratitude|joy|love
3920,7,curiosity,1|3|9|10|13|15|20|22|25,amusement|annoyance|disappointment|disapproval|excitement|gratitude|optimism|realization|sadness
3921,0,admiration,1|3|15|25|27,amusement|annoyance|gratitude|sadness|neutral
3922,4,approval,0|1|15|20|22|27,admiration|amusement|gratitude|optimism|realization|neutral
3923,4,approval,1|4|17|18,amusement|approval|joy|love
3924,27,neutral,0|1|3|7|9|11|13|25|26,admiration|amusement|annoyance|curiosity|disappointment|disgust|excitement|sadness|surprise
3925,27,neutral,2|13|20|26,anger|excitement|optimism|surprise
3926,15|26,gratitude|surprise,0|7|10|17|18|20|26,admiration|curiosity|disapproval|joy|love|optimism|surprise
3927,2|3,anger|annoyance,0|3|4|10|15|18,admiration|annoyance|approval|disapproval|gratitude|love
3928,27,neutral,0|1|5|7|8|9|13|15|27,admiration|amusement|caring|curiosity|desire|disappointment|excitement|gratitude|neutral
3929,15,gratitude,1|2|3|5|6|9|11|13|26,amusement|anger|annoyance|caring|confusion|disappointment|disgust|excitement|surprise
3930,10,disapproval,2|6|9|15|25,anger|confusion|disappointment|gratitude|sadness
3931,2|3,anger|annoyance,1|3|6|7|9|15|17|18|20|24|26,amusement|annoyance|confusion|curiosity|disappointment|gratitude|joy|love|optimism|remorse|surprise
3932,27,neutral,1|2|3|4|7|9|18,amusement|anger|annoyance|approval|curiosity|disappointment|love
3933,0,admiration,0|1|3|4|6|17|18|25|26,admiration|amusement|annoyance|approval|confusion|joy|love|sadness|surprise
3934,5|24,caring|remorse,0|2|9|15|17|24,admiration|anger|disappointment|gratitude|joy|remorse
3935,27,neutral,3|5|13|15|20|22|27,annoyance|caring|excitement|gratitude|optimism|realization|neutral
3936,22|27,realization|neutral,3|9|17|18,annoyance|disappointment|joy|love
3937,27,neutral,1|4|7|9|10|14|15|17,amusement|approval|curiosity|disappointment|disapproval|fear|gratitude|joy
3938,22,realization,10|11|22|26,disapproval|disgust|realization|surprise
3939,26,surprise,2|6|10|11|14|15|17|22|24,anger|confusion|disapproval|disgust|fear|gratitude|joy|realization|remorse
3940,1,amusement,0|1|5|10|18|22|27,admiration|amusement|caring|disapproval|love|realization|neutral
3941,3,annoyance,1|3|7|10|15|18|20,amusement|annoyance|curiosity|disapproval|gratitude|love|optimism
3942,15,gratitude,0|6|21|23|27,admiration|confusion|pride|relief|neutral
3943,3|10,annoyance|disapproval,0|1|5|10|18|25|27,admiration|amusement|caring|disapproval|love|sadness|neutral
3944,1|15,amusement|gratitude,1|3|14|22|25|27,amusement|annoyance|fear|realization|sadness|neutral
3945,24,remorse,1|7|20|24|27,amusement|curiosity|optimism|remorse|neutral
3946,27,neutral,1|2|4|5|8|9|10|25,amusement|anger|approval|caring|desire|disappointment|disapproval|sadness
3947,27,neutral,0|1|2|6|17|20|22,admiration|amusement|anger|confusion|joy|optimism|realization
3948,27,neutral,12|25|26,embarrassment|sadness|surprise
3949,27,neutral,0|1|2|4|15|20|27,admiration|amusement|anger|approval|gratitude|optimism|neutral
3950,4,approval,1|2|3|6|10|18,amusement|anger|annoyance|confusion|disapproval|love
3951,27,neutral,1|2|3|9|11|15|17|26,amusement|anger|annoyance|disappointment|disgust|gratitude|joy|surprise
3952,20,optimism,2|13|15|17|22|27,anger|excitement|gratitude|joy|realization|neutral
3953,27,neutral,2|6|25,anger|confusion|sadness
3954,18,love,0|6|20,admiration|confusion|optimism
3955,25,sadness,0|15|18|26|27,admiration|gratitude|love|surprise|neutral
3956,25,sadness,4|6|27,approval|confusion|neutral
3957,25,sadness,4|5|7|9|13|15|27,approval|caring|curiosity|disappointment|excitement|gratitude|neutral
3958,27,neutral,15|17|22|27,gratitude|joy|realization|neutral
3959,4,approval,2|3|10|13|27,anger|annoyance|disapproval|excitement|neutral
3960,27,neutral,0|15|20|22|27,admiration|gratitude|optimism|realization|neutral
3961,1,amusement,5|13|22|27,caring|excitement|realization|neutral
3962,0,admiration,2|15|18|22,anger|gratitude|love|realization
3963,15,gratitude,0|1|2|3|7|10|22|26,admiration|amusement|anger|annoyance|curiosity|disapproval|realization|surprise
3964,18,love,1|2|4|5|7|11|13|20|24|25,amusement|anger|approval|caring|curiosity|disgust|excitement|optimism|remorse|sadness
3965,27,neutral,1|4|7|15|20|25|27,amusement|approval|curiosity|gratitude|optimism|sadness|neutral
3966,1,amusement,4|6|9|13|15|18,approval|confusion|disappointment|excitement|gratitude|love
3967,1|2,amusement|anger,0|3|5|6|7|15|20|25,admiration|annoyance|caring|confusion|curiosity|gratitude|optimism|sadness
3968,3,annoyance,1|3|4|5|13|15|22|25,amusement|annoyance|approval|caring|excitement|gratitude|realization|sadness
3969,18,love,0|10|17|18|20|26,admiration|disapproval|joy|love|optimism|surprise
3970,27,neutral,1|2|4|10|13|18|27,amusement|anger|approval|disapproval|excitement|love|neutral
3971,0,admiration,0|2|3|7|9|14|18|25|27,admiration|anger|annoyance|curiosity|disappointment|fear|love|sadness|neutral
3972,0,admiration,1|17|27,amusement|joy|neutral
3973,27,neutral,0|5|6|7|9|10|15|17|18|26|27,admiration|caring|confusion|curiosity|disappointment|disapproval|gratitude|joy|love|surprise|neutral
3974,27,neutral,0|1|4|5|6|7|15|19|20|21,admiration|amusement|approval|caring|confusion|curiosity|gratitude|nervousness|optimism|pride
3975,27,neutral,0|3|17|25|27,admiration|annoyance|joy|sadness|neutral
3976,8,desire,2|5|7|9|22,anger|caring|curiosity|disappointment|realization
3977,0,admiration,3|11|17|18|25|27,annoyance|disgust|joy|love|sadness|neutral
3978,11,disgust,3|7|9|12|27,annoyance|curiosity|disappointment|embarrassment|neutral
3979,4,approval,0|3|8|9|17|22|25|27,admiration|annoyance|desire|disappointment|joy|realization|sadness|neutral
3980,27,neutral,1|6|15|20,amusement|confusion|gratitude|optimism
3981,3|25,annoyance|sadness,2|3|4|5|8|9|10|11|13|15|17|20|24,anger|annoyance|approval|caring|desire|disappointment|disapproval|disgust|excitement|gratitude|joy|optimism|remorse
3982,9,disappointment,0|3|6|8|20,admiration|annoyance|confusion|desire|optimism
3983,18,love,3|14|17|18|20|27,annoyance|fear|joy|love|optimism|neutral
3984,27,neutral,1|2|10|13|18|22|24,amusement|anger|disapproval|excitement|love|realization|remorse
3985,27,neutral,2|4|5|10|11|25|27,anger|approval|caring|disapproval|disgust|sadness|neutral
3986,27,neutral,5|6|8|22|25|26|27,caring|confusion|desire|realization|sadness|surprise|neutral
3987,27,neutral,1|2|3|4|7|10|11,amusement|anger|annoyance|approval|curiosity|disapproval|disgust
3988,26,surprise,1|2|15|17|22|26|27,amusement|anger|gratitude|joy|realization|surprise|neutral
3989,27,neutral,1|4|6|9|10|13|20,amusement|approval|confusion|disappointment|disapproval|excitement|optimism
3990,27,neutral,0|1|7|15|17,admiration|amusement|curiosity|gratitude|joy
3991,18,love,1|9|12|15|20|25|26|27,amusement|disappointment|embarrassment|gratitude|optimism|sadness|surprise|neutral
3992,3|9|14,annoyance|disappointment|fear,0|1|2|6|7|10|25,admiration|amusement|anger|confusion|curiosity|disapproval|sadness
3993,7,curiosity,0|3|7|18,admiration|annoyance|curiosity|love
3994,3|22,annoyance|realization,0|4|6|15|18|22|25|26,admiration|approval|confusion|gratitude|love|realization|sadness|surprise
3995,27,neutral,0|2|4|6|7|10,admiration|anger|approval|confusion|curiosity|disapproval
3996,1,amusement,2|7|8|15|18|20|24|25|26,anger|curiosity|desire|gratitude|love|optimism|remorse|sadness|surprise
3997,5,caring,0|3|7|10|18|26,admiration|annoyance|curiosity|disapproval|love|surprise
3998,2|3,anger|annoyance,1|4|10|14|15|17|25|27,amusement|approval|disapproval|fear|gratitude|joy|sadness|neutral
3999,1|27,amusement|neutral,1|3|6|22|25,amusement|annoyance|confusion|realization|sadness
4000,5,caring,5|7|9|10|13|18|20|27,caring|curiosity|disappointment|disapproval|excitement|love|optimism|neutral
4001,26,surprise,3|7|8|9|11,annoyance|curiosity|desire|disappointment|disgust
4002,27,neutral,0|3|4|9|18|20|22|24,admiration|annoyance|approval|disappointment|love|optimism|realization|remorse
4003,1,amusement,4|12|13|14|15|24|27,approval|embarrassment|excitement|fear|gratitude|remorse|neutral
4004,27,neutral,3|8|20|25,annoyance|desire|optimism|sadness
4005,27,neutral,0|3|7|18|20|27,admiration|annoyance|curiosity|love|optimism|neutral
4006,1,amusement,0|2|4|5|17|18|20,admiration|anger|approval|caring|joy|love|optimism
4007,27,neutral,3|8|9|18|27,annoyance|desire|disappointment|love|neutral
4008,27,neutral,5|7|9|12|17|27,caring|curiosity|disappointment|embarrassment|joy|neutral
4009,27,neutral,2|3|7|15|17|18,anger|annoyance|curiosity|gratitude|joy|love
4010,20|25,optimism|sadness,1|4|7|8|9|10|11|13|18|20,amusement|approval|curiosity|desire|disappointment|disapproval|disgust|excitement|love|optimism
4011,4|20,approval|optimism,0|4|13|24|26|27,admiration|approval|excitement|remorse|surprise|neutral
4012,10,disapproval,0|5|13|20|27,admiration|caring|excitement|optimism|neutral
4013,10,disapproval,1|2|4|6|13|15|22|27,amusement|anger|approval|confusion|excitement|gratitude|realization|neutral
4014,6,confusion,0|3|7|9|15|18|22|26,admiration|annoyance|curiosity|disappointment|gratitude|love|realization|surprise
4015,10,disapproval,2|4|9|15|25,anger|approval|disappointment|gratitude|sadness
4016,10|11,disapproval|disgust,0|1|13|15|21|22,admiration|amusement|excitement|gratitude|pride|realization
4017,26,surprise,5|7|8|17|18|20|26|27,caring|curiosity|desire|joy|love|optimism|surprise|neutral
4018,4,approval,10|11|15,disapproval|disgust|gratitude
4019,27,neutral,0|3|10,admiration|annoyance|disapproval
4020,0,admiration,1|3|5|11|18|20|25|26,amusement|annoyance|caring|disgust|love|optimism|sadness|surprise
4021,24,remorse,0|5|9|15|17,admiration|caring|disappointment|gratitude|joy
4022,5|19,caring|nervousness,6|7|10|13|27,confusion|curiosity|disapproval|excitement|neutral
4023,0|18,admiration|love,1|9|11|27,amusement|disappointment|disgust|neutral
4024,10,disapproval,4|5|9|10|17|22|26|27,approval|caring|disappointment|disapproval|joy|realization|surprise|neutral
4025,7,curiosity,0|1|2|4|6|7|15|20|22|25,admiration|amusement|anger|approval|confusion|curiosity|gratitude|optimism|realization|sadness
4026,27,neutral,2|3|7|8|9|10|11|13,anger|annoyance|curiosity|desire|disappointment|disapproval|disgust|excitement
4027,27,neutral,4|11|15|25|27,approval|disgust|gratitude|sadness|neutral
4028,11,disgust,0|6|10|15|26|27,admiration|confusion|disapproval|gratitude|surprise|neutral
4029,22,realization,1|4|9|13|20|27,amusement|approval|disappointment|excitement|optimism|neutral
4030,8,desire,1|6|9|13|15|22|27,amusement|confusion|disappointment|excitement|gratitude|realization|neutral
4031,18,love,6|9|10|13|17|18|20|25|26|27,confusion|disappointment|disapproval|excitement|joy|love|optimism|sadness|surprise|neutral
4032,11,disgust,0|3|4|5|7|18|25|27,admiration|annoyance|approval|caring|curiosity|love|sadness|neutral
4033,14,fear,0|4|15|18,admiration|approval|gratitude|love
4034,1|17,amusement|joy,1|2|4|9|18|20|24|25|26|27,amusement|anger|approval|disappointment|love|optimism|remorse|sadness|surprise|neutral
4035,15,gratitude,0|5|9|11|23|25|27,admiration|caring|disappointment|disgust|relief|sadness|neutral
4036,27,neutral,5|11|15|20|22,caring|disgust|gratitude|optimism|realization
4037,27,neutral,0|6|13|15|27,admiration|confusion|excitement|gratitude|neutral
4038,10,disapproval,0|1|3|6|17|26,admiration|amusement|annoyance|confusion|joy|surprise
4039,27,neutral,0|1|3|4|5|7|10|26,admiration|amusement|annoyance|approval|caring|curiosity|disapproval|surprise
4040,25,sadness,0|4|7|25|26|27,admiration|approval|curiosity|sadness|surprise|neutral
4041,27,neutral,0|4|5|9|10|17|24,admiration|approval|caring|disappointment|disapproval|joy|remorse
4042,10,disapproval,0|1|4|5|10|13|15|20,admiration|amusement|approval|caring|disapproval|excitement|gratitude|optimism
4043,27,neutral,1|4|6|7|14|22|24,amusement|approval|confusion|curiosity|fear|realization|remorse
4044,9,disappointment,0|4|5|15|24|26|27,admiration|approval|caring|gratitude|remorse|surprise|neutral
4045,9,disappointment,2|5|7|11,anger|caring|curiosity|disgust
4046,18,love,0|2|15|17|18|22|25,admiration|anger|gratitude|joy|love|realization|sadness
4047,27,neutral,4|10|15|17|22,approval|disapproval|gratitude|joy|realization
4048,6,confusion,0|3|6|9|10|22|25,admiration|annoyance|confusion|disappointment|disapproval|realization|sadness
4049,27,neutral,0|10|18|20|27,admiration|disapproval|love|optimism|neutral
4050,5,caring,1|5|7|9|13|14|20|22|25,amusement|caring|curiosity|disappointment|excitement|fear|optimism|realization|sadness
4051,2|3,anger|annoyance,4|14|18|20|26,approval|fear|love|optimism|surprise
4052,27,neutral,5|7|17|20|27,caring|curiosity|joy|optimism|neutral
4053,27,neutral,1|7|14|25|27,amusement|curiosity|fear|sadness|neutral
4054,7,curiosity,1|4|5|8|14|20|22|26|27,amusement|approval|caring|desire|fear|optimism|realization|surprise|neutral
4055,27,neutral,0|8|9|13|15|17|20|22|25|26,admiration|desire|disappointment|excitement|gratitude|joy|optimism|realization|sadness|surprise
4056,27,neutral,2|3|5|7|18|22|26,anger|annoyance|caring|curiosity|love|realization|surprise
4057,27,neutral,3|4|6|9|22,annoyance|approval|confusion|disappointment|realization
4058,14|19,fear|nervousness,7|10|15|17|18|20,curiosity|disapproval|gratitude|joy|love|optimism
4059,27,neutral,3|10|15|27,annoyance|disapproval|gratitude|neutral
4060,4|22,approval|realization,3|10|17|18|22|24,annoyance|disapproval|joy|love|realization|remorse
4061,3,annoyance,0|4|11|15|17|18|20|26,admiration|approval|disgust|gratitude|joy|love|optimism|surprise
4062,18,love,9|11|15|17|18|25|27,disappointment|disgust|gratitude|joy|love|sadness|neutral
4063,10,disapproval,1|6|22|25,amusement|confusion|realization|sadness
4064,18,love,1|4|6|8|10|14|27,amusement|approval|confusion|desire|disapproval|fear|neutral
4065,27,neutral,1|4|5|10|13|17|18|26|27,amusement|approval|caring|disapproval|excitement|joy|love|surprise|neutral
4066,27,neutral,2|4|6|7|17|20|26,anger|approval|confusion|curiosity|joy|optimism|surprise
4067,9,disappointment,0|3|5|9|10|15|17|18,admiration|annoyance|caring|disappointment|disapproval|gratitude|joy|love
4068,27,neutral,2|4|20|27,anger|approval|optimism|neutral
4069,4,approval,2|4|8|14|15|17|20|25|27,anger|approval|desire|fear|gratitude|joy|optimism|sadness|neutral
4070,4,approval,1|11|25|27,amusement|disgust|sadness|neutral
4071,4|27,approval|neutral,0|2|4|7|9|13|18,admiration|anger|approval|curiosity|disappointment|excitement|love
4072,26,surprise,0|6|7|13|18|22|27,admiration|confusion|curiosity|excitement|love|realization|neutral
4073,27,neutral,0|4|8|9|15|18|26,admiration|approval|desire|disappointment|gratitude|love|surprise
4074,27,neutral,0|2|3|4|5|14|15|18|24|25,admiration|anger|annoyance|approval|caring|fear|gratitude|love|remorse|sadness
4075,27,neutral,4|5|9|15|27,approval|caring|disappointment|gratitude|neutral
4076,27,neutral,3|5|6|9|13|22|25|26,annoyance|caring|confusion|disappointment|excitement|realization|sadness|surprise
4077,0,admiration,3|4|7|9|18|20,annoyance|approval|curiosity|disappointment|love|optimism
4078,4,approval,0|1|3|5|6|7|15|17|20|21|24,admiration|amusement|annoyance|caring|confusion|curiosity|gratitude|joy|optimism|pride|remorse
4079,3,annoyance,2|4|9|20|23|25,anger|approval|disappointment|optimism|relief|sadness
4080,27,neutral,1|4|6|10|17|22|24|27,amusement|approval|confusion|disapproval|joy|realization|remorse|neutral
4081,1,amusement,1|2|3|4|5|7|8|13|14,amusement|anger|annoyance|approval|caring|curiosity|desire|excitement|fear
4082,27,neutral,1|5|10|11|12|13|17|20,amusement|caring|disapproval|disgust|embarrassment|excitement|joy|optimism
4083,10,disapproval,6|20|25|26|27,confusion|optimism|sadness|surprise|neutral
4084,27,neutral,3|13|14|15|17|18|27,annoyance|excitement|fear|gratitude|joy|love|neutral
4085,22,realization,2|3|4|5|6|7|10|13|17,anger|annoyance|approval|caring|confusion|curiosity|disapproval|excitement|joy
4086,27,neutral,2|4|6|8|9|10|14|17|18|22|26,anger|approval|confusion|desire|disappointment|disapproval|fear|joy|love|realization|surprise
4087,7,curiosity,3|10|11|20|26|27,annoyance|disapproval|disgust|optimism|surprise|neutral
4088,9,disappointment,0|4|15|17|20,admiration|approval|gratitude|joy|optimism
4089,24,remorse,3|6|22|27,annoyance|confusion|realization|neutral
4090,0,admiration,2|3|4|6|7|14,anger|annoyance|approval|confusion|curiosity|fear
4091,9,disappointment,1|2|9|10|15,amusement|anger|disappointment|disapproval|gratitude
4092,4|8,approval|desire,0|1|6|25|26,admiration|amusement|confusion|sadness|surprise
4093,27,neutral,1|9|11|27,amusement|disappointment|disgust|neutral
4094,27,neutral,1|6|7|9|18|20|27,amusement|confusion|curiosity|disappointment|love|optimism|neutral
4095,9|10,disappointment|disapproval,0|7|9|13|15|25|26,admiration|curiosity|disappointment|excitement|gratitude|sadness|surprise
4096,2|3,anger|annoyance,6|7|17|22|25|26|27,confusion|curiosity|joy|realization|sadness|surprise|neutral
4097,3,annoyance,1|2|3|4|7|9|17|18|20|23|26,amusement|anger|annoyance|approval|curiosity|disappointment|joy|love|optimism|relief|surprise
4098,5,caring,1|5|6|9|10|11,amusement|caring|confusion|disappointment|disapproval|disgust
4099,27,neutral,0|2|4|8|18|26,admiration|anger|approval|desire|love|surprise
4100,3,annoyance,0|2|3|8|15|17|22|27,admiration|anger|annoyance|desire|gratitude|joy|realization|neutral
4101,6,confusion,20,optimism
4102,2,anger,1|4|7|11|18|25,amusement|approval|curiosity|disgust|love|sadness
4103,27,neutral,0|1|5|6|15,admiration|amusement|caring|confusion|gratitude
4104,3,annoyance,3|13|22|24|26|27,annoyance|excitement|realization|remorse|surprise|neutral
4105,8|20,desire|optimism,4|7|9|17|20|23|27,approval|curiosity|disappointment|joy|optimism|relief|neutral
4106,14,fear,0|1|4|9|10|11|15|20|24,admiration|amusement|approval|disappointment|disapproval|disgust|gratitude|optimism|remorse
4107,26,surprise,0|2|3|4|5|15|17|25,admiration|anger|annoyance|approval|caring|gratitude|joy|sadness
4108,27,neutral,0|2|4|7|25,admiration|anger|approval|curiosity|sadness
4109,10,disapproval,25|26|27,sadness|surprise|neutral
4110,9,disappointment,0|2|6|10|14|15|26,admiration|anger|confusion|disapproval|fear|gratitude|surprise
4111,27,neutral,0|1|4|5|10|18,admiration|amusement|approval|caring|disapproval|love
4112,27,neutral,6|7|10|11|20|24|25|27,confusion|curiosity|disapproval|disgust|optimism|remorse|sadness|neutral
4113,1,amusement,0|5|7|10|17|22|25|27,admiration|caring|curiosity|disapproval|joy|realization|sadness|neutral
4114,18,love,0|1|4|5|6|7|14|17|18|22|25,admiration|amusement|approval|caring|confusion|curiosity|fear|joy|love|realization|sadness
4115,5,caring,6|8|15|25|27,confusion|desire|gratitude|sadness|neutral
4116,27,neutral,2|5|6|7|9|11|27,anger|caring|confusion|curiosity|disappointment|disgust|neutral
4117,27,neutral,0|1|3|17|18|20|24|27,admiration|amusement|annoyance|joy|love|optimism|remorse|neutral
4118,17,joy,2|4|9|11|17|27,anger|approval|disappointment|disgust|joy|neutral
4119,8|22,desire|realization,1|3|4|6|18|24|25,amusement|annoyance|approval|confusion|love|remorse|sadness
4120,0,admiration,9|10|11|17|26|27,disappointment|disapproval|disgust|joy|surprise|neutral
4121,9,disappointment,4|15|17|26,approval|gratitude|joy|surprise
4122,10,disapproval,3|8|11|17|18|20|27,annoyance|desire|disgust|joy|love|optimism|neutral
4123,1,amusement,0|2|3|5|6|7|8|15|24,admiration|anger|annoyance|caring|confusion|curiosity|desire|gratitude|remorse
4124,27,neutral,4|14|17|20|24|25|27,approval|fear|joy|optimism|remorse|sadness|neutral
4125,2|11,anger|disgust,3|6|22|24,annoyance|confusion|realization|remorse
4126,4|7,approval|curiosity,0|14|20|24|25,admiration|fear|optimism|remorse|sadness
4127,1|27,amusement|neutral,0|3|4|6|7|12|13|14,admiration|annoyance|approval|confusion|curiosity|embarrassment|excitement|fear
4128,27,neutral,3|8|9|10|13|15|19|27,annoyance|desire|disappointment|disapproval|excitement|gratitude|nervousness|neutral
4129,27,neutral,4|6|7|12|15|23|25|27,approval|confusion|curiosity|embarrassment|gratitude|relief|sadness|neutral
4130,20,optimism,0|1|7|10|15|18|26,admiration|amusement|curiosity|disapproval|gratitude|love|surprise
4131,0|18,admiration|love,0|4|7|17|18|20|25|27,admiration|approval|curiosity|joy|love|optimism|sadness|neutral
4132,4,approval,1|2|4|5|6|7|15|20,amusement|anger|approval|caring|confusion|curiosity|gratitude|optimism
4133,7,curiosity,0|1|8|25,admiration|amusement|desire|sadness
4134,0,admiration,2|5|10|11|13|15|18|26,anger|caring|disapproval|disgust|excitement|gratitude|love|surprise
4135,1|7,amusement|curiosity,0|1|3,admiration|amusement|annoyance
4136,15,gratitude,0|2|7|9|15|17|20|24|26|27,admiration|anger|curiosity|disappointment|gratitude|joy|optimism|remorse|surprise|neutral
4137,0,admiration,0|5|15|18|25,admiration|caring|gratitude|love|sadness
4138,0|17,admiration|joy,1|2|5|6|7|13|15|17|18|19|25|26,amusement|anger|caring|confusion|curiosity|excitement|gratitude|joy|love|nervousness|sadness|surprise
4139,9,disappointment,0|2|4|10|11|13|14|27,admiration|anger|approval|disapproval|disgust|excitement|fear|neutral
4140,27,neutral,4|8|14|17|25|27,approval|desire|fear|joy|sadness|neutral
4141,0|20,admiration|optimism,2|3|7|20|27,anger|annoyance|curiosity|optimism|neutral
4142,27,neutral,3|4|6|10|19|25|27,annoyance|approval|confusion|disapproval|nervousness|sadness|neutral
4143,2,anger,5|6|18|22,caring|confusion|love|realization
4144,18,love,1|2|3|6|7|14|17|20|22|27,amusement|anger|annoyance|confusion|curiosity|fear|joy|optimism|realization|neutral
4145,27,neutral,4|7|8|9|12|20|22,approval|curiosity|desire|disappointment|embarrassment|optimism|realization
4146,17|27,joy|neutral,0|3|4|8|11|22|27,admiration|annoyance|approval|desire|disgust|realization|neutral
4147,1|11,amusement|disgust,0|1|3|6|9|22|26|27,admiration|amusement|annoyance|confusion|disappointment|realization|surprise|neutral
4148,15,gratitude,4|6|9|17|18|25,approval|confusion|disappointment|joy|love|sadness
4149,27,neutral,3|6|7|9|11|15,annoyance|confusion|curiosity|disappointment|disgust|gratitude
4150,27,neutral,0|15|27,admiration|gratitude|neutral
4151,17,joy,0|2|3|10|18|20|27,admiration|anger|annoyance|disapproval|love|optimism|neutral
4152,27,neutral,5|7|10|13,caring|curiosity|disapproval|excitement
4153,27,neutral,6|15|22|25|26|27,confusion|gratitude|realization|sadness|surprise|neutral
4154,17,joy,0|2|3|15|20|24|27,admiration|anger|annoyance|gratitude|optimism|remorse|neutral
4155,15,gratitude,4|9|10|20|27,approval|disappointment|disapproval|optimism|neutral
4156,4|20,approval|optimism,2|3|5|17|22|24|26|27,anger|annoyance|caring|joy|realization|remorse|surprise|neutral
4157,4,approval,0|2|3|15|17|22,admiration|anger|annoyance|gratitude|joy|realization
4158,27,neutral,2|6|8|17|18|20|23|27,anger|confusion|desire|joy|love|optimism|relief|neutral
4159,6,confusion,0|2|6|10|15,admiration|anger|confusion|disapproval|gratitude
4160,3,annoyance,0|2|3|4|15|26|27,admiration|anger|annoyance|approval|gratitude|surprise|neutral
4161,25,sadness,3|10,annoyance|disapproval
4162,26,surprise,2|5|9|13|27,anger|caring|disappointment|excitement|neutral
4163,20,optimism,7|15|17,curiosity|gratitude|joy
4164,27,neutral,6|11|12|15|18|22|27,confusion|disgust|embarrassment|gratitude|love|realization|neutral
4165,5|20|24,caring|optimism|remorse,9|10|17|27,disappointment|disapproval|joy|neutral
4166,2,anger,3|7|10|17|18|22|26|27,annoyance|curiosity|disapproval|joy|love|realization|surprise|neutral
4167,2|3,anger|annoyance,1|3|4|13|25,amusement|annoyance|approval|excitement|sadness
4168,22,realization,0|25|27,admiration|sadness|neutral
4169,4,approval,0|1|7|10|15,admiration|amusement|curiosity|disapproval|gratitude
4170,1,amusement,0|6|7|9|10|15|25,admiration|confusion|curiosity|disappointment|disapproval|gratitude|sadness
4171,0|4|17,admiration|approval|joy,0|3|6|15|17|20|26,admiration|annoyance|confusion|gratitude|joy|optimism|surprise
4172,0,admiration,2|3|10|15|17,anger|annoyance|disapproval|gratitude|joy
4173,1,amusement,6|8|13|20|26|27,confusion|desire|excitement|optimism|surprise|neutral
4174,27,neutral,0|1|2|3|4|18,admiration|amusement|anger|annoyance|approval|love
4175,27,neutral,1|18,amusement|love
4176,2,anger,0|1|4|20|27,admiration|amusement|approval|optimism|neutral
4177,26,surprise,0|3|7|13|18|27,admiration|annoyance|curiosity|excitement|love|neutral
4178,0|7,admiration|curiosity,1|2|5|15|17|22,amusement|anger|caring|gratitude|joy|realization
4179,1|5|18,amusement|caring|love,2|4|6|7|11|17|22|25,anger|approval|confusion|curiosity|disgust|joy|realization|sadness
4180,3,annoyance,2|3|4|6|9|13|17|22|27,anger|annoyance|approval|confusion|disappointment|excitement|joy|realization|neutral
4181,27,neutral,13|20|27,excitement|optimism|neutral
4182,27,neutral,0|2|7|10|11,admiration|anger|curiosity|disapproval|disgust
4183,27,neutral,15|17|27,gratitude|joy|neutral
4184,22,realization,4|5|8|18,approval|caring|desire|love
4185,6,confusion,0|1|5|7|27,admiration|amusement|caring|curiosity|neutral
4186,24,remorse,2|3|4|5|7|9|12|13|26|27,anger|annoyance|approval|caring|curiosity|disappointment|embarrassment|excitement|surprise|neutral
4187,9|25,disappointment|sadness,1|2|4|7|10|13|17|18|20,amusement|anger|approval|curiosity|disapproval|excitement|joy|love|optimism
4188,27,neutral,2|3|4|13|15|17,anger|annoyance|approval|excitement|gratitude|joy
4189,27,neutral,0|5|15|18|26,admiration|caring|gratitude|love|surprise
4190,18,love,0|3|4|5|7|13|18|22|25,admiration|annoyance|approval|caring|curiosity|excitement|love|realization|sadness
4191,10,disapproval,3|6|9|17|23|26|27,annoyance|confusion|disappointment|joy|relief|surprise|neutral
4192,25,sadness,0|3|4|7|9|18|20|25,admiration|annoyance|approval|curiosity|disappointment|love|optimism|sadness
4193,6,confusion,0|7|8|9|18,admiration|curiosity|desire|disappointment|love
4194,27,neutral,0|1|2|4|6|9|10|27,admiration|amusement|anger|approval|confusion|disappointment|disapproval|neutral
4195,27,neutral,0|17|18|20,admiration|joy|love|optimism
4196,4,approval,0|2|3|4|7|8|9|11|13|24,admiration|anger|annoyance|approval|curiosity|desire|disappointment|disgust|excitement|remorse
4197,5,caring,0|2|3|4|9|17|20|25,admiration|anger|annoyance|approval|disappointment|joy|optimism|sadness
4198,6|7,confusion|curiosity,2|3|4|8|10|15|17,anger|annoyance|approval|desire|disapproval|gratitude|joy
4199,27,neutral,1|3|4|5|6|7|13|17|18|20,amusement|annoyance|approval|caring|confusion|curiosity|excitement|joy|love|optimism
4200,0,admiration,4|5|8|9|17|20|27,approval|caring|desire|disappointment|joy|optimism|neutral
4201,0,admiration,2|3|5|13|18|26|27,anger|annoyance|caring|excitement|love|surprise|neutral
4202,13|17,excitement|joy,1|3|4|5|7|12|26,amusement|annoyance|approval|caring|curiosity|embarrassment|surprise
4203,7,curiosity,0|1|6|10|13|22|25,admiration|amusement|confusion|disapproval|excitement|realization|sadness
4204,8,desire,10|19|26,disapproval|nervousness|surprise
4205,10|27,disapproval|neutral,3|13|14|15|17|18|20|24|25|26,annoyance|excitement|fear|gratitude|joy|love|optimism|remorse|sadness|surprise
4206,4|26,approval|surprise,0|2|4|10|25|26,admiration|anger|approval|disapproval|sadness|surprise
4207,1,amusement,0|5|6|18|26,admiration|caring|confusion|love|surprise
4208,27,neutral,1|3|7|13|17|18|20|24|25,amusement|annoyance|curiosity|excitement|joy|love|optimism|remorse|sadness
4209,0,admiration,0|2|3|4|9|14|17,admiration|anger|annoyance|approval|disappointment|fear|joy
4210,20,optimism,0|2|3|9|10|20|22|27,admiration|anger|annoyance|disappointment|disapproval|optimism|realization|neutral
4211,0,admiration,2|4|7|20|24,anger|approval|curiosity|optimism|remorse
4212,0,admiration,7|11|15|17|20|27,curiosity|disgust|gratitude|joy|optimism|neutral
4213,27,neutral,4|9|17|18|25,approval|disappointment|joy|love|sadness
4214,10,disapproval,0|1|3|6|10|27,admiration|amusement|annoyance|confusion|disapproval|neutral
4215,15,gratitude,1|2|5|8|20|22,amusement|anger|caring|desire|optimism|realization
4216,27,neutral,2|3|4|11|20,anger|annoyance|approval|disgust|optimism
4217,3,annoyance,1|2|4|7|17,amusement|anger|approval|curiosity|joy
4218,3,annoyance,1|11|14|18|20|22|24|27,amusement|disgust|fear|love|optimism|realization|remorse|neutral
4219,26,surprise,0|1|3|5|17|22|25|27,admiration|amusement|annoyance|caring|joy|realization|sadness|neutral
4220,27,neutral,0|5|7|9|22,admiration|caring|curiosity|disappointment|realization
4221,26,surprise,0|5|6|15|18|22|26,admiration|caring|confusion|gratitude|love|realization|surprise
4222,27,neutral,1|2|3|4|6|7|18|25,amusement|anger|annoyance|approval|confusion|curiosity|love|sadness
4223,27,neutral,3|7|8|11|15|18|24,annoyance|curiosity|desire|disgust|gratitude|love|remorse
4224,27,neutral,3|7|18|24,annoyance|curiosity|love|remorse
4225,27,neutral,1|3|9|11|15,amusement|annoyance|disappointment|disgust|gratitude
4226,17,joy,1|4|7|26|27,amusement|approval|curiosity|surprise|neutral
4227,0|4,admiration|approval,6|9|11|13|27,confusion|disappointment|disgust|excitement|neutral
4228,1,amusement,0|9|15|17|18|20|24,admiration|disappointment|gratitude|joy|love|optimism|remorse
4229,27,neutral,3|13|14|17|25,annoyance|excitement|fear|joy|sadness
4230,27,neutral,0|1|3|7|11,admiration|amusement|annoyance|curiosity|disgust
4231,7,curiosity,3|8|13|15|25,annoyance|desire|excitement|gratitude|sadness
4232,27,neutral,3|8|10|13|15|18|22|24|26,annoyance|desire|disapproval|excitement|gratitude|love|realization|remorse|surprise
4233,15,gratitude,0|1|3|5|15,admiration|amusement|annoyance|caring|gratitude
4234,18,love,0|1|3|8|11|15|22,admiration|amusement|annoyance|desire|disgust|gratitude|realization
4235,0,admiration,0|3|4|11|13|15|17,admiration|annoyance|approval|disgust|excitement|gratitude|joy
4236,27,neutral,1|13|20|27,amusement|excitement|optimism|neutral
4237,4,approval,0|1|4|5|8|18|20,admiration|amusement|approval|caring|desire|love|optimism
4238,27,neutral,0|1|15|26,admiration|amusement|gratitude|surprise
4239,0|4|18,admiration|approval|love,0|4|5|9|10|27,admiration|approval|caring|disappointment|disapproval|neutral
4240,3,annoyance,0|3|4|14|20|25,admiration|annoyance|approval|fear|optimism|sadness
4241,25,sadness,2|4|11|13|22|27,anger|approval|disgust|excitement|realization|neutral
4242,0|27,admiration|neutral,0|1|9|27,admiration|amusement|disappointment|neutral
4243,27,neutral,1|3|4|7|14|18|22|25,amusement|annoyance|approval|curiosity|fear|love|realization|sadness
4244,27,neutral,0|4|5|27,admiration|approval|caring|neutral
4245,27,neutral,10|11|26|27,disapproval|disgust|surprise|neutral
4246,9,disappointment,1|7|10|11|27,amusement|curiosity|disapproval|disgust|neutral
4247,12,embarrassment,0|4|5|9|20|26|27,admiration|approval|caring|disappointment|optimism|surprise|neutral
4248,27,neutral,2|7|8|20|27,anger|curiosity|desire|optimism|neutral
4249,8,desire,0|4|5|11|14|24|27,admiration|approval|caring|disgust|fear|remorse|neutral
4250,5,caring,1|3|7|18|27,amusement|annoyance|curiosity|love|neutral
4251,14,fear,3|10|14|25|27,annoyance|disapproval|fear|sadness|neutral
4252,27,neutral,0|11|15|20|27,admiration|disgust|gratitude|optimism|neutral
4253,0,admiration,0|1|3|14|18|22|26,admiration|amusement|annoyance|fear|love|realization|surprise
4254,0,admiration,4|5|10|13|26|27,approval|caring|disapproval|excitement|surprise|neutral
4255,27,neutral,1|3|7,amusement|annoyance|curiosity
4256,27,neutral,3|6|10|22|26,annoyance|confusion|disapproval|realization|surprise
4257,1|17,amusement|joy,0|3|18|20|22|26,admiration|annoyance|love|optimism|realization|surprise
4258,27,neutral,3|5|9|10|11|17|18,annoyance|caring|disappointment|disapproval|disgust|joy|love
4259,20,optimism,0|3|4|13|27,admiration|annoyance|approval|excitement|neutral
4260,27,neutral,4|18|27,approval|love|neutral
4261,19,nervousness,2|3|18|22|27,anger|annoyance|love|realization|neutral
4262,4,approval,2|8|17|22,anger|desire|joy|realization
4263,27,neutral,0|5|6|7|9|10|17,admiration|caring|confusion|curiosity|disappointment|disapproval|joy
4264,4,approval,4|11|20|26|27,approval|disgust|optimism|surprise|neutral
4265,27,neutral,1|3|4|5|8|9|11|13|20,amusement|annoyance|approval|caring|desire|disappointment|disgust|excitement|optimism
4266,27,neutral,1|3|4|7|21|22|24,amusement|annoyance|approval|curiosity|pride|realization|remorse
4267,0,admiration,1|2|4|8|14|25,amusement|anger|approval|desire|fear|sadness
4268,3,annoyance,0|1|4|10|13|27,admiration|amusement|approval|disapproval|excitement|neutral
4269,9,disappointment,0|1|15|25|26,admiration|amusement|gratitude|sadness|surprise
4270,27,neutral,4|6|20|27,approval|confusion|optimism|neutral
4271,7|27,curiosity|neutral,1|3|15|17|20|26,amusement|annoyance|gratitude|joy|optimism|surprise
4272,15,gratitude,0|1|11|15|24|25|26,admiration|amusement|disgust|gratitude|remorse|sadness|surprise
4273,4,approval,1|3|17|25,amusement|annoyance|joy|sadness
4274,27,neutral,1|2|20|24|27,amusement|anger|optimism|remorse|neutral
4275,27,neutral,0|15|27,admiration|gratitude|neutral
4276,7|27,curiosity|neutral,2|9|17|27,anger|disappointment|joy|neutral
4277,15,gratitude,1|3|7|9|18|20|25|27,amusement|annoyance|curiosity|disappointment|love|optimism|sadness|neutral
4278,0|15,admiration|gratitude,14|18|27,fear|love|neutral
4279,27,neutral,2|3|5|7|13|18|24|27,anger|annoyance|caring|curiosity|excitement|love|remorse|neutral
4280,27,neutral,2|3|4|6|7|10|18|27,anger|annoyance|approval|confusion|curiosity|disapproval|love|neutral
4281,27,neutral,1|5|7|8|20|25|27,amusement|caring|curiosity|desire|optimism|sadness|neutral
4282,1,amusement,0|1|3|6|9|24|25|26,admiration|amusement|annoyance|confusion|disappointment|remorse|sadness|surprise
4283,4,approval,0|6|7|17|18|22|25,admiration|confusion|curiosity|joy|love|realization|sadness
4284,17,joy,3|4|7|10|13|26|27,annoyance|approval|curiosity|disapproval|excitement|surprise|neutral
4285,6,confusion,0|5|6|8|10|18|20,admiration|caring|confusion|desire|disapproval|love|optimism
4286,2,anger,0|2|4|6|7|10|20|25,admiration|anger|approval|confusion|curiosity|disapproval|optimism|sadness
4287,0|4,admiration|approval,0|1|7|13|14|18|22|27,admiration|amusement|curiosity|excitement|fear|love|realization|neutral
4288,7,curiosity,3|4|11|25|27,annoyance|approval|disgust|sadness|neutral
4289,0|4,admiration|approval,5|7|18|27,caring|curiosity|love|neutral
4290,13,excitement,0|1|2|13|26,admiration|amusement|anger|excitement|surprise
4291,27,neutral,1|4|9|18|27,amusement|approval|disappointment|love|neutral
4292,3,annoyance,0|7|15,admiration|curiosity|gratitude
4293,0,admiration,6|7|9|14|15|27,confusion|curiosity|disappointment|fear|gratitude|neutral
4294,27,neutral,10|13|15|26,disapproval|excitement|gratitude|surprise
4295,18,love,1|2|3|7|9|11|18|24|25|26,amusement|anger|annoyance|curiosity|disappointment|disgust|love|remorse|sadness|surprise
4296,27,neutral,1|3|6|7|8|11|20|27,amusement|annoyance|confusion|curiosity|desire|disgust|optimism|neutral
4297,9|12,disappointment|embarrassment,0|1|4|14|17,admiration|amusement|approval|fear|joy
4298,3,annoyance,0|1|2|6|10|17|27,admiration|amusement|anger|confusion|disapproval|joy|neutral
4299,14,fear,6|10|11|12|17|22,confusion|disapproval|disgust|embarrassment|joy|realization
4300,5,caring,1|2|3|5|7|15|18|20,amusement|anger|annoyance|caring|curiosity|gratitude|love|optimism
4301,0,admiration,1|4|7|11|14|15|22|27,amusement|approval|curiosity|disgust|fear|gratitude|realization|neutral
4302,0,admiration,2|4|6|7|10|11|20|23|25,anger|approval|confusion|curiosity|disapproval|disgust|optimism|relief|sadness
4303,15,gratitude,1|2|8|11|17|20|22|24|26|27,amusement|anger|desire|disgust|joy|optimism|realization|remorse|surprise|neutral
4304,18,love,1|3|6|7|9|10|13|22|25,amusement|annoyance|confusion|curiosity|disappointment|disapproval|excitement|realization|sadness
4305,27,neutral,0|1|11|13|15|18,admiration|amusement|disgust|excitement|gratitude|love
4306,4,approval,7|9|10|11|13|17|18|20|25|26,curiosity|disappointment|disapproval|disgust|excitement|joy|love|optimism|sadness|surprise
4307,27,neutral,0|3|5|6|10|15|26,admiration|annoyance|caring|confusion|disapproval|gratitude|surprise
4308,4,approval,0|1|7|8|9|11|15,admiration|amusement|curiosity|desire|disappointment|disgust|gratitude
4309,10,disapproval,3|4|13|15|18|20|22,annoyance|approval|excitement|gratitude|love|optimism|realization
4310,27,neutral,4|9|10|15|18|20|22|25,approval|disappointment|disapproval|gratitude|love|optimism|realization|sadness
4311,27,neutral,1|25|27,amusement|sadness|neutral
4312,27,neutral,17|25|27,joy|sadness|neutral
4313,18,love,0|4|11|15|20|27,admiration|approval|disgust|gratitude|optimism|neutral
4314,27,neutral,3|5|10|20|26|27,annoyance|caring|disapproval|optimism|surprise|neutral
4315,25,sadness,7|11|12|22|25|26|27,curiosity|disgust|embarrassment|realization|sadness|surprise|neutral
4316,4,approval,3|4|7|22|27,annoyance|approval|curiosity|realization|neutral
4317,4,approval,1|2|3|10|15|20,amusement|anger|annoyance|disapproval|gratitude|optimism
4318,27,neutral,3|4|5|15|18|22,annoyance|approval|caring|gratitude|love|realization
4319,0,admiration,0|3|4|7|8|9|12|22,admiration|annoyance|approval|curiosity|desire|disappointment|embarrassment|realization
4320,4,approval,2|3|10|13|17|20|22|27,anger|annoyance|disapproval|excitement|joy|optimism|realization|neutral
4321,9|22,disappointment|realization,0|1|4|7|13|18|26|27,admiration|amusement|approval|curiosity|excitement|love|surprise|neutral
4322,8,desire,0|1|2|3|10|13|17,admiration|amusement|anger|annoyance|disapproval|excitement|joy
4323,16,grief,2|4|6|9|13|24|27,anger|approval|confusion|disappointment|excitement|remorse|neutral
4324,3,annoyance,3|7|14|15|22|27,annoyance|curiosity|fear|gratitude|realization|neutral
4325,9,disappointment,3|11|14|18|25|27,annoyance|disgust|fear|love|sadness|neutral
4326,3,annoyance,1|3|6|15|26,amusement|annoyance|confusion|gratitude|surprise
4327,10,disapproval,1|3|4|15|24|25|26|27,amusement|annoyance|approval|gratitude|remorse|sadness|surprise|neutral
4328,27,neutral,2|5|8|13|17|26|27,anger|caring|desire|excitement|joy|surprise|neutral
4329,1|13,amusement|excitement,0|25|27,admiration|sadness|neutral
4330,10|18,disapproval|love,3|5|7|12|15|17|18|25,annoyance|caring|curiosity|embarrassment|gratitude|joy|love|sadness
4331,7|17,curiosity|joy,4|5|10|14|15|17|23|26,approval|caring|disapproval|fear|gratitude|joy|relief|surprise
4332,12|25|27,embarrassment|sadness|neutral,2|6|9|20,anger|confusion|disappointment|optimism
4333,0|8,admiration|desire,1|9|17|18|27,amusement|disappointment|joy|love|neutral
4334,27,neutral,3|7|13|15|20,annoyance|curiosity|excitement|gratitude|optimism
4335,9|10,disappointment|disapproval,2|27,anger|neutral
4336,9|27,disappointment|neutral,3|4|6|7|10|26|27,annoyance|approval|confusion|curiosity|disapproval|surprise|neutral
4337,27,neutral,3|6|9|15|17|27,annoyance|confusion|disappointment|gratitude|joy|neutral
4338,27,neutral,1|4|10|22|24|26|27,amusement|approval|disapproval|realization|remorse|surprise|neutral
4339,15,gratitude,4|9|20,approval|disappointment|optimism
4340,3|6,annoyance|confusion,2|4|8|10|13|18|26|27,anger|approval|desire|disapproval|excitement|love|surprise|neutral
4341,0,admiration,2|3|4|26|27,anger|annoyance|approval|surprise|neutral
4342,10|27,disapproval|neutral,0|2|3|5|10|11|20|26,admiration|anger|annoyance|caring|disapproval|disgust|optimism|surprise
4343,2|3,anger|annoyance,1|14|17|25|26|27,amusement|fear|joy|sadness|surprise|neutral
4344,8,desire,1|4|7|13|22|27,amusement|approval|curiosity|excitement|realization|neutral
4345,27,neutral,0|2|3|5|7|9|10|13|25|27,admiration|anger|annoyance|caring|curiosity|disappointment|disapproval|excitement|sadness|neutral
4346,27,neutral,2|7|9|13|17|18|22,anger|curiosity|disappointment|excitement|joy|love|realization
4347,27,neutral,0|5|7|17|27,admiration|caring|curiosity|joy|neutral
4348,4,approval,2|3|8|10|13|20|25|27,anger|annoyance|desire|disapproval|excitement|optimism|sadness|neutral
4349,2,anger,0|6|7|9|13|18|20|26,admiration|confusion|curiosity|disappointment|excitement|love|optimism|surprise
4350,3,annoyance,0|3|5|15|17|18|20|27,admiration|annoyance|caring|gratitude|joy|love|optimism|neutral
4351,18,love,4|10|17|20|25|27,approval|disapproval|joy|optimism|sadness|neutral
4352,27,neutral,22|24|25|26|27,realization|remorse|sadness|surprise|neutral
4353,4,approval,4|13|15|17|18|27,approval|excitement|gratitude|joy|love|neutral
4354,12,embarrassment,2|10|15,anger|disapproval|gratitude
4355,0,admiration,1|3|6|7|8|10|14|20|22,amusement|annoyance|confusion|curiosity|desire|disapproval|fear|optimism|realization
4356,13|17|18|20,excitement|joy|love|optimism,1|3|4|10|20|25,amusement|annoyance|approval|disapproval|optimism|sadness
4357,27,neutral,1|3|17|20|24|25|27,amusement|annoyance|joy|optimism|remorse|sadness|neutral
4358,13,excitement,0|2|3|6|10|13|27,admiration|anger|annoyance|confusion|disapproval|excitement|neutral
4359,20,optimism,3|5|7|9|10|17|24|26|27,annoyance|caring|curiosity|disappointment|disapproval|joy|remorse|surprise|neutral
4360,24,remorse,0|3|5|7|14|15,admiration|annoyance|caring|curiosity|fear|gratitude
4361,15,gratitude,1|2|3|4|9|10|11|15|22,amusement|anger|annoyance|approval|disappointment|disapproval|disgust|gratitude|realization
4362,27,neutral,4|7|15|18|27,approval|curiosity|gratitude|love|neutral
4363,27,neutral,1|15|20|26|27,amusement|gratitude|optimism|surprise|neutral
4364,27,neutral,0|1|10|11|13|27,admiration|amusement|disapproval|disgust|excitement|neutral
4365,10,disapproval,0|10|11|15|17|27,admiration|disapproval|disgust|gratitude|joy|neutral
4366,25,sadness,0|7|9|15|20|25|27,admiration|curiosity|disappointment|gratitude|optimism|sadness|neutral
4367,3|10,annoyance|disapproval,9|15|17|26|27,disappointment|gratitude|joy|surprise|neutral
4368,4,approval,3|6|7|25,annoyance|confusion|curiosity|sadness
4369,25,sadness,1|4|7|8|9|22,amusement|approval|curiosity|desire|disappointment|realization
4370,4,approval,6|7|8|9|13|20|24|25|27,confusion|curiosity|desire|disappointment|excitement|optimism|remorse|sadness|neutral
4371,1,amusement,1|3|5|12|18|27,amusement|annoyance|caring|embarrassment|love|neutral
4372,5,caring,0|1|4|10|17|25|27,admiration|amusement|approval|disapproval|joy|sadness|neutral
4373,0,admiration,0|3|10|15|18|20|23,admiration|annoyance|disapproval|gratitude|love|optimism|relief
4374,20,optimism,0|1|2|8|10|11|25|26,admiration|amusement|anger|desire|disapproval|disgust|sadness|surprise
4375,27,neutral,0|6|9|11|20,admiration|confusion|disappointment|disgust|optimism
4376,0,admiration,0|1|9|13|18|22|25|26|27,admiration|amusement|disappointment|excitement|love|realization|sadness|surprise|neutral
4377,27,neutral,0|10|15|27,admiration|disapproval|gratitude|neutral
4378,27,neutral,0|3|4|9|11|14|25,admiration|annoyance|approval|disappointment|disgust|fear|sadness
4379,22|27,realization|neutral,5|10|18|27,caring|disapproval|love|neutral
4380,4,approval,2|3|8|9|22|27,anger|annoyance|desire|disappointment|realization|neutral
4381,17,joy,0|3|15|17,admiration|annoyance|gratitude|joy
4382,24,remorse,6|9|13|18|24|25|26|27,confusion|disappointment|excitement|love|remorse|sadness|surprise|neutral
4383,26,surprise,0|9|10|15|25|27,admiration|disappointment|disapproval|gratitude|sadness|neutral
4384,27,neutral,6|24|25|27,confusion|remorse|sadness|neutral
4385,9|27,disappointment|neutral,0|7|11|18|26,admiration|curiosity|disgust|love|surprise
4386,27,neutral,0|2|7|26|27,admiration|anger|curiosity|surprise|neutral
4387,5|27,caring|neutral,3|5|6|8|25|27,annoyance|caring|confusion|desire|sadness|neutral
4388,1,amusement,0|2|4|13|15|18|27,admiration|anger|approval|excitement|gratitude|love|neutral
4389,15,gratitude,1|10|14|24,amusement|disapproval|fear|remorse
4390,15,gratitude,5|15|17|20|24|25,caring|gratitude|joy|optimism|remorse|sadness
4391,27,neutral,1|3|4|7|9|26,amusement|annoyance|approval|curiosity|disappointment|surprise
4392,27,neutral,7|18|27,curiosity|love|neutral
4393,27,neutral,0|3|7|12|17|22,admiration|annoyance|curiosity|embarrassment|joy|realization
4394,18,love,17|22|24|25,joy|realization|remorse|sadness
4395,27,neutral,0|2|3|4|9|10|13|17|25,admiration|anger|annoyance|approval|disappointment|disapproval|excitement|joy|sadness
4396,3|27,annoyance|neutral,4|10|14|15|22|27,approval|disapproval|fear|gratitude|realization|neutral
4397,27,neutral,0|15|22,admiration|gratitude|realization
4398,0,admiration,8|25|27,desire|sadness|neutral
4399,4,approval,4|6|7|18|20|26|27,approval|confusion|curiosity|love|optimism|surprise|neutral
4400,11,disgust,1|7|10,amusement|curiosity|disapproval
4401,27,neutral,3|7|13|15|20,annoyance|curiosity|excitement|gratitude|optimism
4402,7,curiosity,1|2|9|10|17|18|20|25,amusement|anger|disappointment|disapproval|joy|love|optimism|sadness
4403,13|17,excitement|joy,1|3|7|13|25,amusement|annoyance|curiosity|excitement|sadness
4404,6,confusion,3|5|6,annoyance|caring|confusion
4405,22,realization,2|10|20|25|27,anger|disapproval|optimism|sadness|neutral
4406,27,neutral,0|1|3|4|6|7|10|18|22,admiration|amusement|annoyance|approval|confusion|curiosity|disapproval|love|realization
4407,4,approval,2|5|6|9|10|15|24|27,anger|caring|confusion|disappointment|disapproval|gratitude|remorse|neutral
4408,7|13,curiosity|excitement,2|20|27,anger|optimism|neutral
4409,9|12,disappointment|embarrassment,1|2|6|13|17|27,amusement|anger|confusion|excitement|joy|neutral
4410,15,gratitude,0|1|3|6|7|10|15|22|26|27,admiration|amusement|annoyance|confusion|curiosity|disapproval|gratitude|realization|surprise|neutral
4411,10,disapproval,14|18|27,fear|love|neutral
4412,0|5,admiration|caring,3|4|10|15|27,annoyance|approval|disapproval|gratitude|neutral
4413,7,curiosity,0|7|9|11|20|25|27,admiration|curiosity|disappointment|disgust|optimism|sadness|neutral
4414,0|6,admiration|confusion,0|14|17|20|25|27,admiration|fear|joy|optimism|sadness|neutral
4415,0,admiration,0|5|6|10|11|18|24|25,admiration|caring|confusion|disapproval|disgust|love|remorse|sadness
4416,4,approval,7|9|10|11|18|25,curiosity|disappointment|disapproval|disgust|love|sadness
4417,7,curiosity,0|3|9|15|20|27,admiration|annoyance|disappointment|gratitude|optimism|neutral
4418,0,admiration,0|1|2|3|4|7|8|20|21,admiration|amusement|anger|annoyance|approval|curiosity|desire|optimism|pride
4419,10,disapproval,0|7|15|17|18|26|27,admiration|curiosity|gratitude|joy|love|surprise|neutral
4420,7,curiosity,0|3|5|6|9|11|15|18|22,admiration|annoyance|caring|confusion|disappointment|disgust|gratitude|love|realization
4421,27,neutral,2|4|7|10|13|17,anger|approval|curiosity|disapproval|excitement|joy
4422,9,disappointment,7|8|9|14|15|22,curiosity|desire|disappointment|fear|gratitude|realization
4423,27,neutral,2|3|4|9,anger|annoyance|approval|disappointment
4424,2|4,anger|approval,1|6|10|14|17,amusement|confusion|disapproval|fear|joy
4425,9|27,disappointment|neutral,1|3|4|5|7|10|18,amusement|annoyance|approval|caring|curiosity|disapproval|love
4426,24,remorse,0|2|3|10|27,admiration|anger|annoyance|disapproval|neutral
4427,2,anger,1|2|4|6|7|8|12|15,amusement|anger|approval|confusion|curiosity|desire|embarrassment|gratitude
4428,27,neutral,1|3|6|11|14|24|25|27,amusement|annoyance|confusion|disgust|fear|remorse|sadness|neutral
4429,3|10,annoyance|disapproval,8|13|18|24|25|26|27,desire|excitement|love|remorse|sadness|surprise|neutral
4430,4,approval,0|1|2|7|13|17|22|24|25|26,admiration|amusement|anger|curiosity|excitement|joy|realization|remorse|sadness|surprise
4431,1,amusement,0|2|4|5|9|13|20|25,admiration|anger|approval|caring|disappointment|excitement|optimism|sadness
4432,10,disapproval,6|7|22|27,confusion|curiosity|realization|neutral
4433,0|4|20,admiration|approval|optimism,2|3|7|10|13|24,anger|annoyance|curiosity|disapproval|excitement|remorse
4434,17,joy,3|11|15|22|25|26,annoyance|disgust|gratitude|realization|sadness|surprise
4435,27,neutral,3|9|13|24|26,annoyance|disappointment|excitement|remorse|surprise
4436,27,neutral,3|7|9|15|18|20|22|25,annoyance|curiosity|disappointment|gratitude|love|optimism|realization|sadness
4437,3|10,annoyance|disapproval,0|3|5|6|24,admiration|annoyance|caring|confusion|remorse
4438,7,curiosity,0|1|5|6|8|15|20,admiration|amusement|caring|confusion|desire|gratitude|optimism
4439,27,neutral,0|3|6|7|9|11|18,admiration|annoyance|confusion|curiosity|disappointment|disgust|love
4440,4,approval,2|17|20|24,anger|joy|optimism|remorse
4441,15,gratitude,4|6|7|10|14|20|25|26,approval|confusion|curiosity|disapproval|fear|optimism|sadness|surprise
4442,15,gratitude,0|1|7|10|18|20|22,admiration|amusement|curiosity|disapproval|love|optimism|realization
4443,7,curiosity,2|9|10|15|18|20|25,anger|disappointment|disapproval|gratitude|love|optimism|sadness
4444,27,neutral,0|1|2|3|4|7|9|22|26|27,admiration|amusement|anger|annoyance|approval|curiosity|disappointment|realization|surprise|neutral
4445,27,neutral,0|14|15|26|27,admiration|fear|gratitude|surprise|neutral
4446,0,admiration,0|1|3|8|11|14|17|24,admiration|amusement|annoyance|desire|disgust|fear|joy|remorse
4447,27,neutral,0|1|3|4|15|18,admiration|amusement|annoyance|approval|gratitude|love
4448,27,neutral,0|1|3|5|7|12|22|25,admiration|amusement|annoyance|caring|curiosity|embarrassment|realization|sadness
4449,15|17,gratitude|joy,0|5|7|11|22|25,admiration|caring|curiosity|disgust|realization|sadness
4450,18,love,2|5|10|14|15|17|18|26,anger|caring|disapproval|fear|gratitude|joy|love|surprise
4451,2,anger,0|2|3|4|6|11|20|25,admiration|anger|annoyance|approval|confusion|disgust|optimism|sadness
4452,0,admiration,0|10|15|20|25,admiration|disapproval|gratitude|optimism|sadness
4453,3,annoyance,6|13|27,confusion|excitement|neutral
4454,27,neutral,2|3|4|8|20|25|27,anger|annoyance|approval|desire|optimism|sadness|neutral
4455,4,approval,1|4|8|9|15|20,amusement|approval|desire|disappointment|gratitude|optimism
4456,15,gratitude,1|4|5|11|17|18|26,amusement|approval|caring|disgust|joy|love|surprise
4457,18,love,2|3|4|15|17,anger|annoyance|approval|gratitude|joy
4458,27,neutral,3|4|6|15|18,annoyance|approval|confusion|gratitude|love
4459,27,neutral,1|4|5|10|25|27,amusement|approval|caring|disapproval|sadness|neutral
4460,8,desire,2|3|6|11|14|15|17|22,anger|annoyance|confusion|disgust|fear|gratitude|joy|realization
4461,15,gratitude,1|2|5|11|13|17|26,amusement|anger|caring|disgust|excitement|joy|surprise
4462,27,neutral,0|1|3|6|12,admiration|amusement|annoyance|confusion|embarrassment
4463,15,gratitude,2|11|15|18|24,anger|disgust|gratitude|love|remorse
4464,17,joy,0|2|6|17|27,admiration|anger|confusion|joy|neutral
4465,7,curiosity,0|8|11|25,admiration|desire|disgust|sadness
4466,5,caring,10|13|14|15|22|27,disapproval|excitement|fear|gratitude|realization|neutral
4467,27,neutral,0|3|9|13|15|20,admiration|annoyance|disappointment|excitement|gratitude|optimism
4468,0,admiration,1|2|4|7|15|17|18,amusement|anger|approval|curiosity|gratitude|joy|love
4469,0,admiration,7|15|27,curiosity|gratitude|neutral
4470,7,curiosity,1|2|3|9|10|14|25,amusement|anger|annoyance|disappointment|disapproval|fear|sadness
4471,7,curiosity,2|9|17|22|26|27,anger|disappointment|joy|realization|surprise|neutral
4472,9,disappointment,0|1|6|7|8|15|17|22|27,admiration|amusement|confusion|curiosity|desire|gratitude|joy|realization|neutral
4473,27,neutral,0|1|5|10|14|25|27,admiration|amusement|caring|disapproval|fear|sadness|neutral
4474,3,annoyance,3|4|5|7|8|10|14|25,annoyance|approval|caring|curiosity|desire|disapproval|fear|sadness
4475,27,neutral,0|2|4|8|11|17|18|27,admiration|anger|approval|desire|disgust|joy|love|neutral
4476,1,amusement,1|2|5|15|27,amusement|anger|caring|gratitude|neutral
4477,1,amusement,0|2|3|11|15|26|27,admiration|anger|annoyance|disgust|gratitude|surprise|neutral
4478,27,neutral,2|3|6|9|10|20|27,anger|annoyance|confusion|disappointment|disapproval|optimism|neutral
4479,16|25,grief|sadness,2|4|5|27,anger|approval|caring|neutral
4480,8,desire,0|2|6|10|17|18|20|26,admiration|anger|confusion|disapproval|joy|love|optimism|surprise
4481,0,admiration,2|4|5|6|8|22|27,anger|approval|caring|confusion|desire|realization|neutral
4482,1,amusement,0|3|10|14|15|20|22|26,admiration|annoyance|disapproval|fear|gratitude|optimism|realization|surprise
4483,15,gratitude,3|5|6|8|10|13|17|22|25|27,annoyance|caring|confusion|desire|disapproval|excitement|joy|realization|sadness|neutral
4484,4,approval,1|6|13|27,amusement|confusion|excitement|neutral
4485,27,neutral,0|7|13|15|20|27,admiration|curiosity|excitement|gratitude|optimism|neutral
4486,0,admiration,0|4|14|15,admiration|approval|fear|gratitude
4487,14,fear,2|4|9|10|15|20|27,anger|approval|disappointment|disapproval|gratitude|optimism|neutral
4488,15|26,gratitude|surprise,3|4|5|6|8|9|15|18|20|22|26,annoyance|approval|caring|confusion|desire|disappointment|gratitude|love|optimism|realization|surprise
4489,0,admiration,3|6|13|18|24|27,annoyance|confusion|excitement|love|remorse|neutral
4490,27,neutral,1|3|5|9|20|24|25,amusement|annoyance|caring|disappointment|optimism|remorse|sadness
4491,27,neutral,5|7|9|18|20|22,caring|curiosity|disappointment|love|optimism|realization
4492,12,embarrassment,1|3|7|15|27,amusement|annoyance|curiosity|gratitude|neutral
4493,4,approval,0|3|7|10|22|26,admiration|annoyance|curiosity|disapproval|realization|surprise
4494,15,gratitude,3|9|10|15|18|20,annoyance|disappointment|disapproval|gratitude|love|optimism
4495,5,caring,0|7|10|15|20|27,admiration|curiosity|disapproval|gratitude|optimism|neutral
4496,25,sadness,1|2|3|9|11|13|18|22|26,amusement|anger|annoyance|disappointment|disgust|excitement|love|realization|surprise
4497,0|15,admiration|gratitude,0|1|5|6|18|20|25,admiration|amusement|caring|confusion|love|optimism|sadness
4498,26,surprise,0|8|15|18|22|27,admiration|desire|gratitude|love|realization|neutral
4499,27,neutral,0|3|4|8|15|20|26,admiration|annoyance|approval|desire|gratitude|optimism|surprise
4500,27,neutral,1|3|4|7|27,amusement|annoyance|approval|curiosity|neutral
4501,10,disapproval,2|3|4|5|9|13|14|15|20|22|25,anger|annoyance|approval|caring|disappointment|excitement|fear|gratitude|optimism|realization|sadness
4502,2,anger,2|3|6|8|9|17|18|25|26|27,anger|annoyance|confusion|desire|disappointment|joy|love|sadness|surprise|neutral
4503,10,disapproval,2|11|17|18|27,anger|disgust|joy|love|neutral
4504,27,neutral,1|4|6|7|9|15|25|26,amusement|approval|confusion|curiosity|disappointment|gratitude|sadness|surprise
4505,0,admiration,2|5|14|15|20,anger|caring|fear|gratitude|optimism
4506,27,neutral,0|1|7|9|15|18|27,admiration|amusement|curiosity|disappointment|gratitude|love|neutral
4507,0|15,admiration|gratitude,6|10|17|20|22|27,confusion|disapproval|joy|optimism|realization|neutral
4508,27,neutral,1|6|11|14|17|18|20|25,amusement|confusion|disgust|fear|joy|love|optimism|sadness
4509,7|11,curiosity|disgust,4|9|15|26|27,approval|disappointment|gratitude|surprise|neutral
4510,3,annoyance,0|4|9|14|25|26|27,admiration|approval|disappointment|fear|sadness|surprise|neutral
4511,26,surprise,4|6|8|14|15|20|25|26,approval|confusion|desire|fear|gratitude|optimism|sadness|surprise
4512,27,neutral,3|5|9|14|17|20|27,annoyance|caring|disappointment|fear|joy|optimism|neutral
4513,27,neutral,0|1|4|6|7|15|27,admiration|amusement|approval|confusion|curiosity|gratitude|neutral
4514,27,neutral,3|4|9|10|18,annoyance|approval|disappointment|disapproval|love
4515,4|23,approval|relief,1|4|15|22,amusement|approval|gratitude|realization
4516,27,neutral,2|4|13|22|26,anger|approval|excitement|realization|surprise
4517,15,gratitude,0|4|6|8|9|10|18|20|27,admiration|approval|confusion|desire|disappointment|disapproval|love|optimism|neutral
4518,1,amusement,0|1|4|7|10|11|13|14|22|27,admiration|amusement|approval|curiosity|disapproval|disgust|excitement|fear|realization|neutral
4519,18,love,1|3|7|9|10|15|18|20|25|27,amusement|annoyance|curiosity|disappointment|disapproval|gratitude|love|optimism|sadness|neutral
4520,27,neutral,0|1|2|3|7|9|10|14|15,admiration|amusement|anger|annoyance|curiosity|disappointment|disapproval|fear|gratitude
4521,0,admiration,3|4|7|9|22|27,annoyance|approval|curiosity|disappointment|realization|neutral
4522,3,annoyance,0|1|2|6|8|9|10|11|17|24|25|26,admiration|amusement|anger|confusion|desire|disappointment|disapproval|disgust|joy|remorse|sadness|surprise
4523,18,love,0|13|14|15|21|22|23|27,admiration|excitement|fear|gratitude|pride|realization|relief|neutral
4524,0|18,admiration|love,2|3|4|6|8|9|10|13|14|17,anger|annoyance|approval|confusion|desire|disappointment|disapproval|excitement|fear|joy
4525,5|8,caring|desire,1|4|7|15|17|22|26,amusement|approval|curiosity|gratitude|joy|realization|surprise
4526,27,neutral,0|2|22|27,admiration|anger|realization|neutral
4527,18|22,love|realization,0|2|3|4|12|15|17|18,admiration|anger|annoyance|approval|embarrassment|gratitude|joy|love
4528,10,disapproval,2|10|27,anger|disapproval|neutral
4529,5,caring,3|4|5|6|18|19|26|27,annoyance|approval|caring|confusion|love|nervousness|surprise|neutral
4530,11,disgust,1|2|6|7|10|26|27,amusement|anger|confusion|curiosity|disapproval|surprise|neutral
4531,15,gratitude,6|8|11|13|18|19|20|25|26,confusion|desire|disgust|excitement|love|nervousness|optimism|sadness|surprise
4532,14|19,fear|nervousness,2|3|15|18|22|26|27,anger|annoyance|gratitude|love|realization|surprise|neutral
4533,17,joy,1|4|8|9|10|12|15|18|24|26|27,amusement|approval|desire|disappointment|disapproval|embarrassment|gratitude|love|remorse|surprise|neutral
4534,27,neutral,0|2|6|13|25,admiration|anger|confusion|excitement|sadness
4535,9,disappointment,0|8|12,admiration|desire|embarrassment
4536,13,excitement,7|10|13|17|27,curiosity|disapproval|excitement|joy|neutral
4537,0,admiration,1|3|4|5|9|10|13|15|24,amusement|annoyance|approval|caring|disappointment|disapproval|excitement|gratitude|remorse
4538,5|20,caring|optimism,0|4|9|11|13|18|22,admiration|approval|disappointment|disgust|excitement|love|realization
4539,10,disapproval,2|3|5|6|8|10|11|14|17|20|25,anger|annoyance|caring|confusion|desire|disapproval|disgust|fear|joy|optimism|sadness
4540,0,admiration,3|9|10|15|20|22,annoyance|disappointment|disapproval|gratitude|optimism|realization
4541,0,admiration,0|1|3|7|9|11|15|18|19,admiration|amusement|annoyance|curiosity|disappointment|disgust|gratitude|love|nervousness
4542,0|4,admiration|approval,0|2|3|6|15|18|22|26,admiration|anger|annoyance|confusion|gratitude|love|realization|surprise
4543,7,curiosity,0|3|4|5|10|18|25|27,admiration|annoyance|approval|caring|disapproval|love|sadness|neutral
4544,5,caring,3|9|10|14|18|20,annoyance|disappointment|disapproval|fear|love|optimism
4545,27,neutral,1|2|7|11|15|25|26|27,amusement|anger|curiosity|disgust|gratitude|sadness|surprise|neutral
4546,4|9,approval|disappointment,0|2|4|6|7|9|22|25,admiration|anger|approval|confusion|curiosity|disappointment|realization|sadness
4547,7,curiosity,0|4|9|14|15|25|27,admiration|approval|disappointment|fear|gratitude|sadness|neutral
4548,3,annoyance,0|6|7|9|13|18|20|26|27,admiration|confusion|curiosity|disappointment|excitement|love|optimism|surprise|neutral
4549,24,remorse,0|6|20|27,admiration|confusion|optimism|neutral
4550,27,neutral,1|2|5|6|18|22|25|26,amusement|anger|caring|confusion|love|realization|sadness|surprise
4551,27,neutral,0|6|7|10|22,admiration|confusion|curiosity|disapproval|realization
4552,27,neutral,1|2|3|7|9|11|27,amusement|anger|annoyance|curiosity|disappointment|disgust|neutral
4553,27,neutral,1|9|20|26|27,amusement|disappointment|optimism|surprise|neutral
4554,0,admiration,0|1|3|4|10|15|18|25|27,admiration|amusement|annoyance|approval|disapproval|gratitude|love|sadness|neutral
4555,8|15,desire|gratitude,3|10|11|15|17|22|27,annoyance|disapproval|disgust|gratitude|joy|realization|neutral
4556,27,neutral,1|2|4|5|6|7|17|18|20,amusement|anger|approval|caring|confusion|curiosity|joy|love|optimism
4557,7,curiosity,2|4|9|11|17|27,anger|approval|disappointment|disgust|joy|neutral
4558,15,gratitude,0|1|6|7|15|26,admiration|amusement|confusion|curiosity|gratitude|surprise
4559,18,love,5|6|9|10|12|22,caring|confusion|disappointment|disapproval|embarrassment|realization
4560,25,sadness,1|3|7|10|11|15|20,amusement|annoyance|curiosity|disapproval|disgust|gratitude|optimism
4561,4,approval,0|3|5|7|15|18|20|22,admiration|annoyance|caring|curiosity|gratitude|love|optimism|realization
4562,27,neutral,1|9|13|15|18|22,amusement|disappointment|excitement|gratitude|love|realization
4563,20|25,optimism|sadness,0|2|4|7|15|17,admiration|anger|approval|curiosity|gratitude|joy
4564,3,annoyance,0|5|7|11|25|26,admiration|caring|curiosity|disgust|sadness|surprise
4565,5,caring,4|14|15|18|20|25,approval|fear|gratitude|love|optimism|sadness
4566,27,neutral,9|15|18|22|27,disappointment|gratitude|love|realization|neutral
4567,4,approval,0|1|4|24|25|26|27,admiration|amusement|approval|remorse|sadness|surprise|neutral
4568,0,admiration,0|3|7|15|18|22|26,admiration|annoyance|curiosity|gratitude|love|realization|surprise
4569,15,gratitude,1|2|3|9|14|15|26,amusement|anger|annoyance|disappointment|fear|gratitude|surprise
4570,26,surprise,1|5|8|9|11|15|17|25,amusement|caring|desire|disappointment|disgust|gratitude|joy|sadness
4571,3|10,annoyance|disapproval,0|11|26|27,admiration|disgust|surprise|neutral
4572,0,admiration,0|1|2|7|8|27,admiration|amusement|anger|curiosity|desire|neutral
4573,16|27,grief|neutral,11|22|25,disgust|realization|sadness
4574,27,neutral,0|13|15|17|18|26,admiration|excitement|gratitude|joy|love|surprise
4575,4,approval,4|10|25|27,approval|disapproval|sadness|neutral
4576,3|10,annoyance|disapproval,0|1|3|4|6|7|15|17|24,admiration|amusement|annoyance|approval|confusion|curiosity|gratitude|joy|remorse
4577,18,love,3|7|10|17|22|23|26,annoyance|curiosity|disapproval|joy|realization|relief|surprise
4578,4,approval,1|14|27,amusement|fear|neutral
4579,15,gratitude,3|4|6|7|9|10|15|25,annoyance|approval|confusion|curiosity|disappointment|disapproval|gratitude|sadness
4580,20,optimism,1|4|6|7,amusement|approval|confusion|curiosity
4581,26,surprise,0|2|15|17|22,admiration|anger|gratitude|joy|realization
4582,27,neutral,13|26|27,excitement|surprise|neutral
4583,3|22,annoyance|realization,0|6|7|9|14|15|17,admiration|confusion|curiosity|disappointment|fear|gratitude|joy
4584,27,neutral,5|17,caring|joy
4585,2|3,anger|annoyance,2|4|5|6|9|18|22,anger|approval|caring|confusion|disappointment|love|realization
4586,27,neutral,0|3|9|10|15|17|20|22,admiration|annoyance|disappointment|disapproval|gratitude|joy|optimism|realization
4587,22,realization,0|7|13|20,admiration|curiosity|excitement|optimism
4588,20,optimism,0|3|9|10|13|15|20,admiration|annoyance|disappointment|disapproval|excitement|gratitude|optimism
4589,27,neutral,0|1|2|7|13|15|18|24|26|27,admiration|amusement|anger|curiosity|excitement|gratitude|love|remorse|surprise|neutral
4590,27,neutral,3|7|27,annoyance|curiosity|neutral
4591,27,neutral,1|3|13|14|18|20|27,amusement|annoyance|excitement|fear|love|optimism|neutral
4592,1|20,amusement|optimism,2|3|5|7|15|17|18|26,anger|annoyance|caring|curiosity|gratitude|joy|love|surprise
4593,27,neutral,3|20|25|27,annoyance|optimism|sadness|neutral
4594,27,neutral,0|1|2|3|5|9|27,admiration|amusement|anger|annoyance|caring|disappointment|neutral
4595,1,amusement,3|4|5|9|12|13|18|26|27,annoyance|approval|caring|disappointment|embarrassment|excitement|love|surprise|neutral
4596,11,disgust,1|7|13|22,amusement|curiosity|excitement|realization
4597,27,neutral,0|1|2|3|7|10|19|22,admiration|amusement|anger|annoyance|curiosity|disapproval|nervousness|realization
4598,20,optimism,0|4|8|20|26|27,admiration|approval|desire|optimism|surprise|neutral
4599,27,neutral,0|4|10|18|22,admiration|approval|disapproval|love|realization
4600,0,admiration,5|9|15|25,caring|disappointment|gratitude|sadness
4601,13|26,excitement|surprise,2|3|4|11,anger|annoyance|approval|disgust
4602,15,gratitude,1|2|3|4|5|11|15|22|26,amusement|anger|annoyance|approval|caring|disgust|gratitude|realization|surprise
4603,0,admiration,3|9|15|18|22,annoyance|disappointment|gratitude|love|realization
4604,4,approval,5|6|9|13|15|17|27,caring|confusion|disappointment|excitement|gratitude|joy|neutral
4605,18,love,2|4|5|27,anger|approval|caring|neutral
4606,15,gratitude,2|3|7|10|13|14|15|27,anger|annoyance|curiosity|disapproval|excitement|fear|gratitude|neutral
4607,4,approval,5|14|15|18|22|26,caring|fear|gratitude|love|realization|surprise
4608,11,disgust,3|4|7|10|11|13|25|27,annoyance|approval|curiosity|disapproval|disgust|excitement|sadness|neutral
4609,27,neutral,2|6,anger|confusion
4610,7|18,curiosity|love,0|6|20|27,admiration|confusion|optimism|neutral
4611,27,neutral,0|4|7|8|9|10|14|18|22|24|25|26,admiration|approval|curiosity|desire|disappointment|disapproval|fear|love|realization|remorse|sadness|surprise
4612,15,gratitude,6|7|9|10|11|15,confusion|curiosity|disappointment|disapproval|disgust|gratitude
4613,14,fear,0|1|2|6|14|27,admiration|amusement|anger|confusion|fear|neutral
4614,6|7,confusion|curiosity,2|3|4|7|15|18,anger|annoyance|approval|curiosity|gratitude|love
4615,6|20,confusion|optimism,1|4|5|7|15|22|27,amusement|approval|caring|curiosity|gratitude|realization|neutral
4616,18,love,1|3|5|6|7|14|18|20|25,amusement|annoyance|caring|confusion|curiosity|fear|love|optimism|sadness
4617,19|27,nervousness|neutral,0|1|2|20|25,admiration|amusement|anger|optimism|sadness
4618,26,surprise,0|3|6|7,admiration|annoyance|confusion|curiosity
4619,5,caring,2|7|10|13|25|27,anger|curiosity|disapproval|excitement|sadness|neutral
4620,27,neutral,0|13|17|18|21,admiration|excitement|joy|love|pride
4621,1,amusement,3|4|5|6|10|12|14|17,annoyance|approval|caring|confusion|disapproval|embarrassment|fear|joy
4622,3,annoyance,0|1|3|5|6|18|20|22,admiration|amusement|annoyance|caring|confusion|love|optimism|realization
4623,1,amusement,2|3|7|15|20|27,anger|annoyance|curiosity|gratitude|optimism|neutral
4624,27,neutral,1|7|25|26|27,amusement|curiosity|sadness|surprise|neutral
4625,0|8|20,admiration|desire|optimism,1|3|7|15|27,amusement|annoyance|curiosity|gratitude|neutral
4626,15,gratitude,7|10|13|15|22|27,curiosity|disapproval|excitement|gratitude|realization|neutral
4627,27,neutral,0|4|7|18|25,admiration|approval|curiosity|love|sadness
4628,27,neutral,2|3|6|24|25|27,anger|annoyance|confusion|remorse|sadness|neutral
4629,2|10,anger|disapproval,1|2|3|9|10|11|13|15|18|25,amusement|anger|annoyance|disappointment|disapproval|disgust|excitement|gratitude|love|sadness
4630,27,neutral,0|2|7|10|17|27,admiration|anger|curiosity|disapproval|joy|neutral
4631,27,neutral,1|4|9|10|11|22,amusement|approval|disappointment|disapproval|disgust|realization
4632,27,neutral,3|6|7|9|22|26,annoyance|confusion|curiosity|disappointment|realization|surprise
4633,3,annoyance,0|4|6|15|18|20,admiration|approval|confusion|gratitude|love|optimism
4634,0,admiration,2|4|17,anger|approval|joy
4635,1,amusement,1|4|12|17|18|27,amusement|approval|embarrassment|joy|love|neutral
4636,27,neutral,5|11|18|20|22|25|26,caring|disgust|love|optimism|realization|sadness|surprise
4637,15,gratitude,5|7|9|20|25|27,caring|curiosity|disappointment|optimism|sadness|neutral
4638,27,neutral,0|3|7|8|18,admiration|annoyance|curiosity|desire|love
4639,5|24,caring|remorse,5|7|27,caring|curiosity|neutral
4640,27,neutral,2|6|9|13|15|20|27,anger|confusion|disappointment|excitement|gratitude|optimism|neutral
4641,27,neutral,3|9|12|15|18|25,annoyance|disappointment|embarrassment|gratitude|love|sadness
4642,4,approval,4|7|11|14|24,approval|curiosity|disgust|fear|remorse
4643,27,neutral,2|4|5|7|17|20|23|24|26,anger|approval|caring|curiosity|joy|optimism|relief|remorse|surprise
4644,27,neutral,0,admiration
4645,18,love,1|22|26|27,amusement|realization|surprise|neutral
4646,27,neutral,6|7|8|10|17|20|25|26,confusion|curiosity|desire|disapproval|joy|optimism|sadness|surprise
4647,8,desire,2|6|9|11|13|15|17|22|25|27,anger|confusion|disappointment|disgust|excitement|gratitude|joy|realization|sadness|neutral
4648,2,anger,4|5|7|8|11|17|18|26,approval|caring|curiosity|desire|disgust|joy|love|surprise
4649,4,approval,1|4|6|14|22|26|27,amusement|approval|confusion|fear|realization|surprise|neutral
4650,27,neutral,1|2|5|20|25,amusement|anger|caring|optimism|sadness
4651,27,neutral,0|3|4|7|15|18,admiration|annoyance|approval|curiosity|gratitude|love
4652,27,neutral,3|7|8|12|15|20|25|27,annoyance|curiosity|desire|embarrassment|gratitude|optimism|sadness|neutral
4653,8,desire,1|3|6|10|13|26|27,amusement|annoyance|confusion|disapproval|excitement|surprise|neutral
4654,27,neutral,1|3|9|10|25|26,amusement|annoyance|disappointment|disapproval|sadness|surprise
4655,27,neutral,0|4|7|9|14|15,admiration|approval|curiosity|disappointment|fear|gratitude
4656,14,fear,5|6|7|10|11|12|17|24,caring|confusion|curiosity|disapproval|disgust|embarrassment|joy|remorse
4657,6,confusion,3|4|6|9|15|22|27,annoyance|approval|confusion|disappointment|gratitude|realization|neutral
4658,27,neutral,1|3|10|17|22|27,amusement|annoyance|disapproval|joy|realization|neutral
4659,0|15,admiration|gratitude,0|2|22|25|27,admiration|anger|realization|sadness|neutral
4660,27,neutral,3|4|17|24|26|27,annoyance|approval|joy|remorse|surprise|neutral
4661,2,anger,2|3|7|10|20,anger|annoyance|curiosity|disapproval|optimism
4662,27,neutral,3|5|9|27,annoyance|caring|disappointment|neutral
4663,4,approval,1|2|4|9|15|27,amusement|anger|approval|disappointment|gratitude|neutral
4664,15,gratitude,0|4|8|15|18|22|25,admiration|approval|desire|gratitude|love|realization|sadness
4665,2,anger,0|8|9|15|18|26|27,admiration|desire|disappointment|gratitude|love|surprise|neutral
4666,10,disapproval,11|15|25|26|27,disgust|gratitude|sadness|surprise|neutral
4667,27,neutral,7|10|15|25,curiosity|disapproval|gratitude|sadness
4668,20,optimism,0|4|5|27,admiration|approval|caring|neutral
4669,4|20,approval|optimism,9|13|20|24|25|27,disappointment|excitement|optimism|remorse|sadness|neutral
4670,2,anger,0|3|4|7|12|18|19,admiration|annoyance|approval|curiosity|embarrassment|love|nervousness
4671,12,embarrassment,7|11|25|27,curiosity|disgust|sadness|neutral
4672,15,gratitude,0|10|14|15|18|22|25,admiration|disapproval|fear|gratitude|love|realization|sadness
4673,9,disappointment,0|5|7|9|17|18|22|27,admiration|caring|curiosity|disappointment|joy|love|realization|neutral
4674,0|15,admiration|gratitude,3|4|5|7|8|20|26|27,annoyance|approval|caring|curiosity|desire|optimism|surprise|neutral
4675,27,neutral,0|11|12|13|15|17,admiration|disgust|embarrassment|excitement|gratitude|joy
4676,1,amusement,0|4|10|13|17|20|22|25,admiration|approval|disapproval|excitement|joy|optimism|realization|sadness
4677,27,neutral,1|3|5|7|15|22|27,amusement|annoyance|caring|curiosity|gratitude|realization|neutral
4678,24,remorse,1|4|5|10|11|14|15|18|20,amusement|approval|caring|disapproval|disgust|fear|gratitude|love|optimism
4679,15,gratitude,6|9|20|22|25,confusion|disappointment|optimism|realization|sadness
4680,22,realization,0|1|3|6|7|17|18|25,admiration|amusement|annoyance|confusion|curiosity|joy|love|sadness
4681,27,neutral,3|15|22,annoyance|gratitude|realization
4682,10|11,disapproval|disgust,3|6|8|9|15|18|22|27,annoyance|confusion|desire|disappointment|gratitude|love|realization|neutral
4683,0,admiration,1|3|4|11|17|20|27,amusement|annoyance|approval|disgust|joy|optimism|neutral
4684,5,caring,0|1|4|5|7|8|9|14|20,admiration|amusement|approval|caring|curiosity|desire|disappointment|fear|optimism
4685,27,neutral,3|6|7|20|27,annoyance|confusion|curiosity|optimism|neutral
4686,27,neutral,5|6|9|13|27,caring|confusion|disappointment|excitement|neutral
4687,11,disgust,7|9|10|13|15|25|27,curiosity|disappointment|disapproval|excitement|gratitude|sadness|neutral
4688,6|27,confusion|neutral,6|8|9|20|26,confusion|desire|disappointment|optimism|surprise
4689,27,neutral,0|5|6|15|17,admiration|caring|confusion|gratitude|joy
4690,27,neutral,0|2|4|24,admiration|anger|approval|remorse
4691,5,caring,7|10|11|17|27,curiosity|disapproval|disgust|joy|neutral
4692,15|20,gratitude|optimism,0|4|8|10|11|17|20|22|24,admiration|approval|desire|disapproval|disgust|joy|optimism|realization|remorse
4693,18,love,0|1|10|18|22|27,admiration|amusement|disapproval|love|realization|neutral
4694,15,gratitude,5|7|10|14|20|22|25,caring|curiosity|disapproval|fear|optimism|realization|sadness
4695,27,neutral,1|2|6|7|17|23|27,amusement|anger|confusion|curiosity|joy|relief|neutral
4696,4|27,approval|neutral,0|1|2|3|7|8|14|20,admiration|amusement|anger|annoyance|curiosity|desire|fear|optimism
4697,20,optimism,3|4|5|8|13|15|27,annoyance|approval|caring|desire|excitement|gratitude|neutral
4698,1,amusement,2|3|5|7|13|18|25,anger|annoyance|caring|curiosity|excitement|love|sadness
4699,4|23,approval|relief,4|6|22|26|27,approval|confusion|realization|surprise|neutral
4700,15|21,gratitude|pride,0|18|20|26,admiration|love|optimism|surprise
4701,10,disapproval,1|6|7|18|25,amusement|confusion|curiosity|love|sadness
4702,0|4,admiration|approval,0|2|5|9|11|13|15|17|26,admiration|anger|caring|disappointment|disgust|excitement|gratitude|joy|surprise
4703,9,disappointment,0|1|3|9|14|20,admiration|amusement|annoyance|disappointment|fear|optimism
4704,0|15,admiration|gratitude,1|2|4|14|15|20|25,amusement|anger|approval|fear|gratitude|optimism|sadness
4705,27,neutral,3|9|11,annoyance|disappointment|disgust
4706,1,amusement,2|4|9|11|14|15|17|20|25|27,anger|approval|disappointment|disgust|fear|gratitude|joy|optimism|sadness|neutral
4707,6|7,confusion|curiosity,0|3|4|8|15|18,admiration|annoyance|approval|desire|gratitude|love
4708,15,gratitude,0|8|10|15|20|24|25|27,admiration|desire|disapproval|gratitude|optimism|remorse|sadness|neutral
4709,27,neutral,0|7|9|11|26|27,admiration|curiosity|disappointment|disgust|surprise|neutral
4710,27,neutral,0|1|5|8|9|22|24|25|27,admiration|amusement|caring|desire|disappointment|realization|remorse|sadness|neutral
4711,10,disapproval,0|1|4|5|11|18|26,admiration|amusement|approval|caring|disgust|love|surprise
4712,7|22,curiosity|realization,0|1|3|6|7|27,admiration|amusement|annoyance|confusion|curiosity|neutral
4713,15,gratitude,3|4|5|9|20|27,annoyance|approval|caring|disappointment|optimism|neutral
4714,15,gratitude,0|5|7|9|10|11,admiration|caring|curiosity|disappointment|disapproval|disgust
4715,2,anger,1|2|12|18|27,amusement|anger|embarrassment|love|neutral
4716,27,neutral,5|9|10|14|15|18,caring|disappointment|disapproval|fear|gratitude|love
4717,18,love,0|3|6|7|11|15|18|27,admiration|annoyance|confusion|curiosity|disgust|gratitude|love|neutral
4718,27,neutral,7|9|20|25|27,curiosity|disappointment|optimism|sadness|neutral
4719,6,confusion,0|3|7|15|18|22|25,admiration|annoyance|curiosity|gratitude|love|realization|sadness
4720,0,admiration,1|2|3|4|9|18|24|27,amusement|anger|annoyance|approval|disappointment|love|remorse|neutral
4721,0|15,admiration|gratitude,0|3|5|6|7|15|22,admiration|annoyance|caring|confusion|curiosity|gratitude|realization
4722,10,disapproval,4|22|25|27,approval|realization|sadness|neutral
4723,20,optimism,4|9|10|11|13|21|27,approval|disappointment|disapproval|disgust|excitement|pride|neutral
4724,4,approval,1|2|4|5|13|22|27,amusement|anger|approval|caring|excitement|realization|neutral
4725,6,confusion,0|4|6|7|15|22|27,admiration|approval|confusion|curiosity|gratitude|realization|neutral
4726,15|20,gratitude|optimism,3|5|6|15|18|20,annoyance|caring|confusion|gratitude|love|optimism
4727,27,neutral,0|2|4|10|13|14|18|24|27,admiration|anger|approval|disapproval|excitement|fear|love|remorse|neutral
4728,6,confusion,0|2|3|8|10|15|24|26,admiration|anger|annoyance|desire|disapproval|gratitude|remorse|surprise
4729,27,neutral,2|4|8|13|17|18|26,anger|approval|desire|excitement|joy|love|surprise
4730,27,neutral,0|1|4|11|13|20|22|25|26,admiration|amusement|approval|disgust|excitement|optimism|realization|sadness|surprise
4731,27,neutral,1|4|17|20|22|24|26,amusement|approval|joy|optimism|realization|remorse|surprise
4732,4,approval,4|9|18|27,approval|disappointment|love|neutral
4733,18,love,2|4|5|6|9|13|18|20|25,anger|approval|caring|confusion|disappointment|excitement|love|optimism|sadness
4734,27,neutral,1|3|10|13|15,amusement|annoyance|disapproval|excitement|gratitude
4735,5,caring,0|1|3|7|10|13|17|25,admiration|amusement|annoyance|curiosity|disapproval|excitement|joy|sadness
4736,27,neutral,4|12|18|27,approval|embarrassment|love|neutral
4737,6,confusion,2|4|5|7|11|18|20|27,anger|approval|caring|curiosity|disgust|love|optimism|neutral
4738,15,gratitude,0|1|5|6|7|9|10|27,admiration|amusement|caring|confusion|curiosity|disappointment|disapproval|neutral
4739,13|17,excitement|joy,1|2|20|26|27,amusement|anger|optimism|surprise|neutral
4740,27,neutral,2|4|5|13|15|26,anger|approval|caring|excitement|gratitude|surprise
4741,6,confusion,0|2|3|4|8|10|15|22|26,admiration|anger|annoyance|approval|desire|disapproval|gratitude|realization|surprise
4742,4,approval,0|4|5|10|15|26|27,admiration|approval|caring|disapproval|gratitude|surprise|neutral
4743,27,neutral,0|9|10|14|22|25|27,admiration|disappointment|disapproval|fear|realization|sadness|neutral
4744,17,joy,6|13|18|24|27,confusion|excitement|love|remorse|neutral
4745,27,neutral,11|15|17|20|26,disgust|gratitude|joy|optimism|surprise
4746,26,surprise,4|5|6|7|12|15|26,approval|caring|confusion|curiosity|embarrassment|gratitude|surprise
4747,0,admiration,0|1|18|27,admiration|amusement|love|neutral
4748,22,realization,1|3|10|11|14|20|26|27,amusement|annoyance|disapproval|disgust|fear|optimism|surprise|neutral
4749,6,confusion,1|2|3|6|7|10|18|22,amusement|anger|annoyance|confusion|curiosity|disapproval|love|realization
4750,5,caring,4|6|7|22|27,approval|confusion|curiosity|realization|neutral
4751,7,curiosity,3|4|5|9|10|11|13|18,annoyance|approval|caring|disappointment|disapproval|disgust|excitement|love
4752,27,neutral,1|7|14|22|25,amusement|curiosity|fear|realization|sadness
4753,17,joy,1|9|10|14|17|18,amusement|disappointment|disapproval|fear|joy|love
4754,18,love,5|9|13|27,caring|disappointment|excitement|neutral
4755,4,approval,3|4|11|18|20|22|27,annoyance|approval|disgust|love|optimism|realization|neutral
4756,0,admiration,3|17|18|25|27,annoyance|joy|love|sadness|neutral
4757,27,neutral,1|3|4|10|17|22|24|26,amusement|annoyance|approval|disapproval|joy|realization|remorse|surprise
4758,11,disgust,2|5|15,anger|caring|gratitude
4759,27,neutral,1|4|5|8|9|15|17|22|24,amusement|approval|caring|desire|disappointment|gratitude|joy|realization|remorse
4760,27,neutral,1|5|7|11|15|17|22,amusement|caring|curiosity|disgust|gratitude|joy|realization
4761,6,confusion,2|5|8|18|27,anger|caring|desire|love|neutral
4762,27,neutral,15|17|18|20|27,gratitude|joy|love|optimism|neutral
4763,12,embarrassment,0|4|5|8|9|11|13|14|15|22|26,admiration|approval|caring|desire|disappointment|disgust|excitement|fear|gratitude|realization|surprise
4764,27,neutral,2|4|9|10|27,anger|approval|disappointment|disapproval|neutral
4765,27,neutral,0|1|3|13|26,admiration|amusement|annoyance|excitement|surprise
4766,27,neutral,3|6|7|11|20|27,annoyance|confusion|curiosity|disgust|optimism|neutral
4767,27,neutral,0|3|4|6|7|9,admiration|annoyance|approval|confusion|curiosity|disappointment
4768,27,neutral,0|2|4|6|7|17,admiration|anger|approval|confusion|curiosity|joy
4769,7,curiosity,4|6|7|8|9|12|15|20|27,approval|confusion|curiosity|desire|disappointment|embarrassment|gratitude|optimism|neutral
4770,27,neutral,5|6|15|20|27,caring|confusion|gratitude|optimism|neutral
4771,27,neutral,4|10|11|13|18|19|24|25,approval|disapproval|disgust|excitement|love|nervousness|remorse|sadness
4772,27,neutral,5|9|14|22|25|27,caring|disappointment|fear|realization|sadness|neutral
4773,27,neutral,4|19,approval|nervousness
4774,10,disapproval,4|8|11|25,approval|desire|disgust|sadness
4775,25,sadness,2|6|7|13|15|20|22|24,anger|confusion|curiosity|excitement|gratitude|optimism|realization|remorse
4776,14,fear,0|3|6|11|13|15|20|26,admiration|annoyance|confusion|disgust|excitement|gratitude|optimism|surprise
4777,15,gratitude,1|2|4|5|11|17|18|20|25|26,amusement|anger|approval|caring|disgust|joy|love|optimism|sadness|surprise
4778,18,love,0|2|17|18|22,admiration|anger|joy|love|realization
4779,15,gratitude,7|9|15|25|27,curiosity|disappointment|gratitude|sadness|neutral
4780,27,neutral,7|11|12|15|25,curiosity|disgust|embarrassment|gratitude|sadness
4781,0,admiration,0|1|2|3|13|26,admiration|amusement|anger|annoyance|excitement|surprise
4782,27,neutral,0|4|5|15|18|27,admiration|approval|caring|gratitude|love|neutral
4783,27,neutral,3|5|11|15|18,annoyance|caring|disgust|gratitude|love
4784,27,neutral,0|1|2|3|6|9,admiration|amusement|anger|annoyance|confusion|disappointment
4785,0,admiration,0|1|2|3|9|13|23|25,admiration|amusement|anger|annoyance|disappointment|excitement|relief|sadness
4786,18,love,0|1|2|4|11|25|27,admiration|amusement|anger|approval|disgust|sadness|neutral
4787,17,joy,2|4|6|7|10|11|13|17|25,anger|approval|confusion|curiosity|disapproval|disgust|excitement|joy|sadness
4788,15,gratitude,4|6|10|15|18|20|24|25,approval|confusion|disapproval|gratitude|love|optimism|remorse|sadness
4789,4,approval,1|3|6|7|25|26|27,amusement|annoyance|confusion|curiosity|sadness|surprise|neutral
4790,27,neutral,0|1|4|5|14|26,admiration|amusement|approval|caring|fear|surprise
4791,2,anger,2|3|4|6|13|15|17|27,anger|annoyance|approval|confusion|excitement|gratitude|joy|neutral
4792,20,optimism,2|3|8|9|10|20|27,anger|annoyance|desire|disappointment|disapproval|optimism|neutral
4793,0,admiration,2|4|7|9|10|15|17|20|26|27,anger|approval|curiosity|disappointment|disapproval|gratitude|joy|optimism|surprise|neutral
4794,27,neutral,0|5|13|20|25|27,admiration|caring|excitement|optimism|sadness|neutral
4795,27,neutral,0|3|6|10|17|18|25|26,admiration|annoyance|confusion|disapproval|joy|love|sadness|surprise
4796,27,neutral,1|2|4|8|10|13|15|17|27,amusement|anger|approval|desire|disapproval|excitement|gratitude|joy|neutral
4797,27,neutral,2|6|7|10|13|18|22|25,anger|confusion|curiosity|disapproval|excitement|love|realization|sadness
4798,6,confusion,4|7|22|24|27,approval|curiosity|realization|remorse|neutral
4799,27,neutral,0|3|7|10|18|26|27,admiration|annoyance|curiosity|disapproval|love|surprise|neutral
4800,18,love,0|1|3|10|13|14|26|27,admiration|amusement|annoyance|disapproval|excitement|fear|surprise|neutral
4801,27,neutral,3|4|13|22|24|27,annoyance|approval|excitement|realization|remorse|neutral
4802,27,neutral,0|2|7|17|20|22|25,admiration|anger|curiosity|joy|optimism|realization|sadness
4803,3,annoyance,5|6|9|15|27,caring|confusion|disappointment|gratitude|neutral
4804,27,neutral,0|4|10|15|22,admiration|approval|disapproval|gratitude|realization
4805,26,surprise,0|2|3|5|6|10|15|22,admiration|anger|annoyance|caring|confusion|disapproval|gratitude|realization
4806,27,neutral,0|1|5|6|8|26,admiration|amusement|caring|confusion|desire|surprise
4807,0,admiration,0|1|3|27,admiration|amusement|annoyance|neutral
4808,27,neutral,0|3|6|10|12|20|27,admiration|annoyance|confusion|disapproval|embarrassment|optimism|neutral
4809,27,neutral,6|7|15|18|22|24|26|27,confusion|curiosity|gratitude|love|realization|remorse|surprise|neutral
4810,20,optimism,2|15|17|20,anger|gratitude|joy|optimism
4811,4,approval,0|1|2|3|4|6|18|26,admiration|amusement|anger|annoyance|approval|confusion|love|surprise
4812,27,neutral,0|1|5|15|25,admiration|amusement|caring|gratitude|sadness
4813,26,surprise,17|27,joy|neutral
4814,1,amusement,0|1|2|3|9|11|18|25,admiration|amusement|anger|annoyance|disappointment|disgust|love|sadness
4815,10,disapproval,0|9|13|15|24|27,admiration|disappointment|excitement|gratitude|remorse|neutral
4816,1,amusement,2|3|4|11|15|18|20,anger|annoyance|approval|disgust|gratitude|love|optimism
4817,10,disapproval,3|7|10|11|13|20|27,annoyance|curiosity|disapproval|disgust|excitement|optimism|neutral
4818,26,surprise,1|8|15|22,amusement|desire|gratitude|realization
4819,13,excitement,0|2|4|20|26|27,admiration|anger|approval|optimism|surprise|neutral
4820,3,annoyance,10|14|15|24|25|27,disapproval|fear|gratitude|remorse|sadness|neutral
4821,1|9,amusement|disappointment,0|4|6|7|15|17|18,admiration|approval|confusion|curiosity|gratitude|joy|love
4822,27,neutral,1|2|3|18|22,amusement|anger|annoyance|love|realization
4823,20,optimism,2|7|15|27,anger|curiosity|gratitude|neutral
4824,27,neutral,2|6|7|27,anger|confusion|curiosity|neutral
4825,18,love,0|4|18|20|27,admiration|approval|love|optimism|neutral
4826,27,neutral,0|1|2|3|7|8|11,admiration|amusement|anger|annoyance|curiosity|desire|disgust
4827,7,curiosity,0|4|13|20|27,admiration|approval|excitement|optimism|neutral
4828,10,disapproval,0|2|5|18|20|25|27,admiration|anger|caring|love|optimism|sadness|neutral
4829,27,neutral,1|9|11|18,amusement|disappointment|disgust|love
4830,27,neutral,3|6|10|11|13|15|25,annoyance|confusion|disapproval|disgust|excitement|gratitude|sadness
4831,27,neutral,1|2|5|7|8|9|13|25|27,amusement|anger|caring|curiosity|desire|disappointment|excitement|sadness|neutral
4832,27,neutral,2|4|5|8|10|27,anger|approval|caring|desire|disapproval|neutral
4833,27,neutral,1|3|6|10|19,amusement|annoyance|confusion|disapproval|nervousness
4834,0,admiration,0|6|13|20|26,admiration|confusion|excitement|optimism|surprise
4835,3,annoyance,0|3|4|15|20|26|27,admiration|annoyance|approval|gratitude|optimism|surprise|neutral
4836,4,approval,1|5|9|20|25,amusement|caring|disappointment|optimism|sadness
4837,27,neutral,0|3|6|7|10|15|17,admiration|annoyance|confusion|curiosity|disapproval|gratitude|joy
4838,4|17,approval|joy,4|6|7|8|10|20|26|27,approval|confusion|curiosity|desire|disapproval|optimism|surprise|neutral
4839,27,neutral,2|4|17|26|27,anger|approval|joy|surprise|neutral
4840,27,neutral,2|3|4|7|20|26|27,anger|annoyance|approval|curiosity|optimism|surprise|neutral
4841,10,disapproval,0|4|5|18|20,admiration|approval|caring|love|optimism
4842,13,excitement,2|6|7|13|17|27,anger|confusion|curiosity|excitement|joy|neutral
4843,27,neutral,1|4|7|9|11|13,amusement|approval|curiosity|disappointment|disgust|excitement
4844,2|3,anger|annoyance,6|7|15|16|18|25|26,confusion|curiosity|gratitude|grief|love|sadness|surprise
4845,27,neutral,1|7|9|13|15|27,amusement|curiosity|disappointment|excitement|gratitude|neutral
4846,27,neutral,0|8|10|22|26|27,admiration|desire|disapproval|realization|surprise|neutral
4847,0|15,admiration|gratitude,0|1|6|26|27,admiration|amusement|confusion|surprise|neutral
4848,27,neutral,2|6|14|18|26|27,anger|confusion|fear|love|surprise|neutral
4849,27,neutral,3|6|10|25|27,annoyance|confusion|disapproval|sadness|neutral
4850,5,caring,7|13|14|15|25|27,curiosity|excitement|fear|gratitude|sadness|neutral
4851,10,disapproval,0|20,admiration|optimism
4852,0,admiration,0|2|4|5|6|10|15|17|18|20|25,admiration|anger|approval|caring|confusion|disapproval|gratitude|joy|love|optimism|sadness
4853,22,realization,5|6|7|8|10|15|17|20|22,caring|confusion|curiosity|desire|disapproval|gratitude|joy|optimism|realization
4854,27,neutral,3|5|14|15|20|25|27,annoyance|caring|fear|gratitude|optimism|sadness|neutral
4855,18|27,love|neutral,0|3|4|5|10|15|18|25,admiration|annoyance|approval|caring|disapproval|gratitude|love|sadness
4856,27,neutral,3|7|20|27,annoyance|curiosity|optimism|neutral
4857,18,love,0|4|7|11|25|27,admiration|approval|curiosity|disgust|sadness|neutral
4858,6|22,confusion|realization,2|3|5|9|11|25,anger|annoyance|caring|disappointment|disgust|sadness
4859,4,approval,1|4|6|27,amusement|approval|confusion|neutral
4860,0,admiration,2|3|6|8|13|22,anger|annoyance|confusion|desire|excitement|realization
4861,1,amusement,3|6|8|12|20|24|27,annoyance|confusion|desire|embarrassment|optimism|remorse|neutral
4862,25,sadness,1|3|6|10|15|20|25,amusement|annoyance|confusion|disapproval|gratitude|optimism|sadness
4863,23,relief,1|2|6|9|25|26|27,amusement|anger|confusion|disappointment|sadness|surprise|neutral
4864,9|22,disappointment|realization,0|3|4|5|6|7|9|15|17|20,admiration|annoyance|approval|caring|confusion|curiosity|disappointment|gratitude|joy|optimism
4865,0,admiration,0|2|5|6|9|15|18|25,admiration|anger|caring|confusion|disappointment|gratitude|love|sadness
4866,1,amusement,0|2|4|8|11|17|20|25|27,admiration|anger|approval|desire|disgust|joy|optimism|sadness|neutral
4867,14,fear,6|10|20|27,confusion|disapproval|optimism|neutral
4868,3,annoyance,10|27,disapproval|neutral
4869,4,approval,1|4|7|14|25|27,amusement|approval|curiosity|fear|sadness|neutral
4870,3,annoyance,4|8|15|18|26,approval|desire|gratitude|love|surprise
4871,7,curiosity,7|9|17|25,curiosity|disappointment|joy|sadness
4872,26,surprise,3|8|9|10|15|22,annoyance|desire|disappointment|disapproval|gratitude|realization
4873,10,disapproval,2|3|10|11|22|23|26|27,anger|annoyance|disapproval|disgust|realization|relief|surprise|neutral
4874,0|14,admiration|fear,0|3|4|7,admiration|annoyance|approval|curiosity
4875,27,neutral,0|4|5|7|8|9|20,admiration|approval|caring|curiosity|desire|disappointment|optimism
4876,2,anger,0|1|4|13|17|20|27,admiration|amusement|approval|excitement|joy|optimism|neutral
4877,11,disgust,0|4|5|15|25,admiration|approval|caring|gratitude|sadness
4878,22,realization,0|2|3|4|6|7|13|15,admiration|anger|annoyance|approval|confusion|curiosity|excitement|gratitude
4879,0,admiration,5|15|27,caring|gratitude|neutral
4880,27,neutral,0|4|9|11|15|22|27,admiration|approval|disappointment|disgust|gratitude|realization|neutral
4881,5|18,caring|love,5|26|27,caring|surprise|neutral
4882,2|7,anger|curiosity,0|5|7|8|13|15|17|18|22|25|26,admiration|caring|curiosity|desire|excitement|gratitude|joy|love|realization|sadness|surprise
4883,27,neutral,0|1|2|13|23|27,admiration|amusement|anger|excitement|relief|neutral
4884,27,neutral,1|2|3|4|5|9|13|18|26,amusement|anger|annoyance|approval|caring|disappointment|excitement|love|surprise
4885,27,neutral,0|1|2|3|4|6|20,admiration|amusement|anger|annoyance|approval|confusion|optimism
4886,18,love,6|7|14|15|20|25,confusion|curiosity|fear|gratitude|optimism|sadness
4887,1,amusement,0|5|10|15|17,admiration|caring|disapproval|gratitude|joy
4888,0,admiration,0|2|4|22|27,admiration|anger|approval|realization|neutral
4889,10,disapproval,15|20,gratitude|optimism
4890,3,annoyance,0|4|8|10|13|20|22|25,admiration|approval|desire|disapproval|excitement|optimism|realization|sadness
4891,1,amusement,1|3|4|15|17|18|27,amusement|annoyance|approval|gratitude|joy|love|neutral
4892,20,optimism,0|10|15|25|27,admiration|disapproval|gratitude|sadness|neutral
4893,27,neutral,2|3|6|9|10|27,anger|annoyance|confusion|disappointment|disapproval|neutral
4894,27,neutral,4|6|15|17|20|22|23|27,approval|confusion|gratitude|joy|optimism|realization|relief|neutral
4895,27,neutral,0|2|10|11|15|25|27,admiration|anger|disapproval|disgust|gratitude|sadness|neutral
4896,27,neutral,4|5|12|18|22|25|27,approval|caring|embarrassment|love|realization|sadness|neutral
4897,27,neutral,2|3|4|17|18,anger|annoyance|approval|joy|love
4898,27,neutral,1|4|20|26|27,amusement|approval|optimism|surprise|neutral
4899,4,approval,4|8|9|14|25|27,approval|desire|disappointment|fear|sadness|neutral
4900,27,neutral,0|1|3|9|13|25|26|27,admiration|amusement|annoyance|disappointment|excitement|sadness|surprise|neutral
4901,27,neutral,0|1|3|9|15|17|24,admiration|amusement|annoyance|disappointment|gratitude|joy|remorse
4902,10,disapproval,0|7|18|27,admiration|curiosity|love|neutral
4903,27,neutral,6|7|9|13|17|21|27,confusion|curiosity|disappointment|excitement|joy|pride|neutral
4904,1|6,amusement|confusion,0|3|4|7|8|9|17,admiration|annoyance|approval|curiosity|desire|disappointment|joy
4905,27,neutral,0|3|9|10|11|13|25,admiration|annoyance|disappointment|disapproval|disgust|excitement|sadness
4906,0,admiration,4|6|7|20|26,approval|confusion|curiosity|optimism|surprise
4907,4,approval,1|2|4|7|11|20|22|26,amusement|anger|approval|curiosity|disgust|optimism|realization|surprise
4908,9,disappointment,2|18|20|24|27,anger|love|optimism|remorse|neutral
4909,27,neutral,5|6|7|11|12|20|27,caring|confusion|curiosity|disgust|embarrassment|optimism|neutral
4910,27,neutral,1|2|5|7|9|11|13|17|20|25,amusement|anger|caring|curiosity|disappointment|disgust|excitement|joy|optimism|sadness
4911,1|15,amusement|gratitude,0|1|3|6|7|22,admiration|amusement|annoyance|confusion|curiosity|realization
4912,3|9,annoyance|disappointment,1|2|4|5|15|25|26|27,amusement|anger|approval|caring|gratitude|sadness|surprise|neutral
4913,2|3,anger|annoyance,0|2|5|15|17|18|20|26,admiration|anger|caring|gratitude|joy|love|optimism|surprise
4914,27,neutral,1|4|15|27,amusement|approval|gratitude|neutral
4915,2,anger,2|6|7|15|19|20|27,anger|confusion|curiosity|gratitude|nervousness|optimism|neutral
4916,0|15,admiration|gratitude,1|2|7|8|9|23,amusement|anger|curiosity|desire|disappointment|relief
4917,11|18,disgust|love,2|3|4|7|24|26,anger|annoyance|approval|curiosity|remorse|surprise
4918,18,love,2|9|11|15|18|22|24,anger|disappointment|disgust|gratitude|love|realization|remorse
4919,7,curiosity,1|3|4|9|20|22|27,amusement|annoyance|approval|disappointment|optimism|realization|neutral
4920,9,disappointment,2|4|6|9|18|26|27,anger|approval|confusion|disappointment|love|surprise|neutral
4921,27,neutral,1|7|25|27,amusement|curiosity|sadness|neutral
4922,0,admiration,0|1|3|6|9|13|18|20|26|27,admiration|amusement|annoyance|confusion|disappointment|excitement|love|optimism|surprise|neutral
4923,27,neutral,1|4|14|15,amusement|approval|fear|gratitude
4924,4|27,approval|neutral,0|5|7|27,admiration|caring|curiosity|neutral
4925,9|27,disappointment|neutral,7|14|17|22|24|27,curiosity|fear|joy|realization|remorse|neutral
4926,14|19,fear|nervousness,0|2|3|4|15|22,admiration|anger|annoyance|approval|gratitude|realization
4927,4,approval,6|7|9|11|12|13|15|22|25|26,confusion|curiosity|disappointment|disgust|embarrassment|excitement|gratitude|realization|sadness|surprise
4928,20,optimism,4|5|8|9|10|15|17|18|22|25|26,approval|caring|desire|disappointment|disapproval|gratitude|joy|love|realization|sadness|surprise
4929,3|9,annoyance|disappointment,0|2|3|4|6|7|9|20|21|27,admiration|anger|annoyance|approval|confusion|curiosity|disappointment|optimism|pride|neutral
4930,27,neutral,1|3|4|5|6|10|20,amusement|annoyance|approval|caring|confusion|disapproval|optimism
4931,27,neutral,0|2|3|5|7|8|9|10|17|20|24|26,admiration|anger|annoyance|caring|curiosity|desire|disappointment|disapproval|joy|optimism|remorse|surprise
4932,1|4,amusement|approval,3|7|11|13|18|22|27,annoyance|curiosity|disgust|excitement|love|realization|neutral
4933,22,realization,6|7|14|15|18|27,confusion|curiosity|fear|gratitude|love|neutral
4934,10,disapproval,1|3|8|9|12|18|25|27,amusement|annoyance|desire|disappointment|embarrassment|love|sadness|neutral
4935,10,disapproval,3|4|7,annoyance|approval|curiosity
4936,0|18,admiration|love,0|1|4|5|7|13|15|22|25|26,admiration|amusement|approval|caring|curiosity|excitement|gratitude|realization|sadness|surprise
4937,0,admiration,1|3|13|14,amusement|annoyance|excitement|fear
4938,18,love,0|3|7|20|27,admiration|annoyance|curiosity|optimism|neutral
4939,4,approval,2|3|6|10|17|25,anger|annoyance|confusion|disapproval|joy|sadness
4940,27,neutral,4|6|8|20,approval|confusion|desire|optimism
4941,0,admiration,2|6|8|9|15|25,anger|confusion|desire|disappointment|gratitude|sadness
4942,0,admiration,6|10|11|14|15|20|25|27,confusion|disapproval|disgust|fear|gratitude|optimism|sadness|neutral
4943,1,amusement,0|4|5|6|8|9|18|25,admiration|approval|caring|confusion|desire|disappointment|love|sadness
4944,15,gratitude,3|5|7|14|17|26,annoyance|caring|curiosity|fear|joy|surprise
4945,27,neutral,2|8|10|18|22|25|27,anger|desire|disapproval|love|realization|sadness|neutral
4946,1|6,amusement|confusion,1|2|6|15|24|27,amusement|anger|confusion|gratitude|remorse|neutral
4947,20,optimism,1|10|18|20|24|27,amusement|disapproval|love|optimism|remorse|neutral
4948,7,curiosity,0|1|2|4|5|7|10|11|27,admiration|amusement|anger|approval|caring|curiosity|disapproval|disgust|neutral
4949,15,gratitude,1|7|17|18|27,amusement|curiosity|joy|love|neutral
4950,27,neutral,2|4|14|25|27,anger|approval|fear|sadness|neutral
4951,4,approval,0|1|2|3|4|10|11|20|25|27,admiration|amusement|anger|annoyance|approval|disapproval|disgust|optimism|sadness|neutral
4952,13|20,excitement|optimism,0|2|9|12|15|20|21|26|27,admiration|anger|disappointment|embarrassment|gratitude|optimism|pride|surprise|neutral
4953,22,realization,1|26|27,amusement|surprise|neutral
4954,27,neutral,0|1|14|17|18|25,admiration|amusement|fear|joy|love|sadness
4955,8,desire,3|5|7|8|9|10|15|20|25|27,annoyance|caring|curiosity|desire|disappointment|disapproval|gratitude|optimism|sadness|neutral
4956,2,anger,0|2|7|9|11,admiration|anger|curiosity|disappointment|disgust
4957,5,caring,0|7|9|17|20|25|27,admiration|curiosity|disappointment|joy|optimism|sadness|neutral
4958,1|18,amusement|love,0|5|6|15|17|20,admiration|caring|confusion|gratitude|joy|optimism
4959,5|18,caring|love,1|7|27,amusement|curiosity|neutral
4960,27,neutral,1|2|4|9|10|17|26,amusement|anger|approval|disappointment|disapproval|joy|surprise
4961,5|18,caring|love,0|5|14|20|22,admiration|caring|fear|optimism|realization
4962,17,joy,4|9|24|27,approval|disappointment|remorse|neutral
4963,0,admiration,3|4|10|15|18|26|27,annoyance|approval|disapproval|gratitude|love|surprise|neutral
4964,0|25,admiration|sadness,0|3|5|6|7|8|20|25|26,admiration|annoyance|caring|confusion|curiosity|desire|optimism|sadness|surprise
4965,0|15,admiration|gratitude,2|5|6|14|22|27,anger|caring|confusion|fear|realization|neutral
4966,20,optimism,4|9|13|15|27,approval|disappointment|excitement|gratitude|neutral
4967,4,approval,2|8|14|15,anger|desire|fear|gratitude
4968,27,neutral,1|2|4|7|9|20,amusement|anger|approval|curiosity|disappointment|optimism
4969,27,neutral,0|6|7|10|27,admiration|confusion|curiosity|disapproval|neutral
4970,22,realization,2|3|7|10|20|27,anger|annoyance|curiosity|disapproval|optimism|neutral
4971,27,neutral,0|4|6,admiration|approval|confusion
4972,20,optimism,2|3|11|20|26|27,anger|annoyance|disgust|optimism|surprise|neutral
4973,0,admiration,0|2|4|14|27,admiration|anger|approval|fear|neutral
4974,1|17,amusement|joy,3|7|8|15|17|27,annoyance|curiosity|desire|gratitude|joy|neutral
4975,3,annoyance,4|15|27,approval|gratitude|neutral
4976,1|15,amusement|gratitude,1|2|4|14|15|18|24|25,amusement|anger|approval|fear|gratitude|love|remorse|sadness
4977,11,disgust,1|7|10|13|26,amusement|curiosity|disapproval|excitement|surprise
4978,0,admiration,7|11|13|17|20|23,curiosity|disgust|excitement|joy|optimism|relief
4979,27,neutral,0|4|7|17|27,admiration|approval|curiosity|joy|neutral
4980,2|11,anger|disgust,0|9|18|26|27,admiration|disappointment|love|surprise|neutral
4981,13,excitement,0|1|27,admiration|amusement|neutral
4982,11,disgust,1|7|14|25|27,amusement|curiosity|fear|sadness|neutral
4983,4,approval,4|8|9|10|18|20|22|24,approval|desire|disappointment|disapproval|love|optimism|realization|remorse
4984,6,confusion,3|15|27,annoyance|gratitude|neutral
4985,4,approval,3|5|10|17|18|27,annoyance|caring|disapproval|joy|love|neutral
4986,15,gratitude,0|1|15,admiration|amusement|gratitude
4987,7,curiosity,3|7|14|22|25,annoyance|curiosity|fear|realization|sadness
4988,20,optimism,3|27,annoyance|neutral
4989,27,neutral,3|25|27,annoyance|sadness|neutral
4990,13|18,excitement|love,4|10|17|18|27,approval|disapproval|joy|love|neutral
4991,17,joy,3|4|5|6|9|10|27,annoyance|approval|caring|confusion|disappointment|disapproval|neutral
4992,1|10,amusement|disapproval,2|10|14|26|27,anger|disapproval|fear|surprise|neutral
4993,10,disapproval,0|2|4|5|13|17|20,admiration|anger|approval|caring|excitement|joy|optimism
4994,18,love,1|3|4|6|13|17|20|25,amusement|annoyance|approval|confusion|excitement|joy|optimism|sadness
4995,27,neutral,5|8|10|20|22,caring|desire|disapproval|optimism|realization
4996,9|10,disappointment|disapproval,3|10|13|18|22|25|27,annoyance|disapproval|excitement|love|realization|sadness|neutral
4997,27,neutral,0|2|3|10|15|18|19|24,admiration|anger|annoyance|disapproval|gratitude|love|nervousness|remorse
4998,27,neutral,1|2|10|11|20|25|27,amusement|anger|disapproval|disgust|optimism|sadness|neutral
4999,7,curiosity,4|8|10|15|20|27,approval|desire|disapproval|gratitude|optimism|neutral
5000,10,disapproval,4|10|12|13|18|20|25,approval|disapproval|embarrassment|excitement|love|optimism|sadness
5001,4,approval,3|4|10,annoyance|approval|disapproval
5002,27,neutral,1|2|7|10|15|20,amusement|anger|curiosity|disapproval|gratitude|optimism
5003,25,sadness,3|6|10|15|25,annoyance|confusion|disapproval|gratitude|sadness
5004,1,amusement,0|1|5|7|15|18|25|27,admiration|amusement|caring|curiosity|gratitude|love|sadness|neutral
5005,10,disapproval,1|3|4|10|17|25|27,amusement|annoyance|approval|disapproval|joy|sadness|neutral
5006,27,neutral,1|3|4|13|15|17|18|22|25|26,amusement|annoyance|approval|excitement|gratitude|joy|love|realization|sadness|surprise
5007,27,neutral,4|6|10,approval|confusion|disapproval
5008,13,excitement,6|8|10|22|26|27,confusion|desire|disapproval|realization|surprise|neutral
5009,27,neutral,0|1|2|6|8|14|27,admiration|amusement|anger|confusion|desire|fear|neutral
5010,18,love,0|2|4|12|13|15|20|25,admiration|anger|approval|embarrassment|excitement|gratitude|optimism|sadness
5011,1,amusement,0|1|2|3|5|20|27,admiration|amusement|anger|annoyance|caring|optimism|neutral
5012,27,neutral,0|3|10|12|25,admiration|annoyance|disapproval|embarrassment|sadness
5013,20,optimism,1|2|3|6|7|15|18|20|25|26,amusement|anger|annoyance|confusion|curiosity|gratitude|love|optimism|sadness|surprise
5014,27,neutral,6|9|10|18|27,confusion|disappointment|disapproval|love|neutral
5015,2|3,anger|annoyance,0|1|3|5|7|13|18|20|26,admiration|amusement|annoyance|caring|curiosity|excitement|love|optimism|surprise
5016,27,neutral,0|3|4|7|17|18|22|25|27,admiration|annoyance|approval|curiosity|joy|love|realization|sadness|neutral
5017,10,disapproval,3|4|6|7|20|22|25,annoyance|approval|confusion|curiosity|optimism|realization|sadness
5018,4|5,approval|caring,0|3|9|10|18|27,admiration|annoyance|disappointment|disapproval|love|neutral
5019,27,neutral,2|3|9|15|27,anger|annoyance|disappointment|gratitude|neutral
5020,20,optimism,0|2|4|5|6|14|20|25|26,admiration|anger|approval|caring|confusion|fear|optimism|sadness|surprise
5021,0,admiration,0|3|4|7|8|9|17|18|20,admiration|annoyance|approval|curiosity|desire|disappointment|joy|love|optimism
5022,0|4,admiration|approval,3|13|24|26|27,annoyance|excitement|remorse|surprise|neutral
5023,10,disapproval,0|1|2|22|26|27,admiration|amusement|anger|realization|surprise|neutral
5024,0,admiration,1|14|18,amusement|fear|love
5025,27,neutral,1|3|6|10|13|27,amusement|annoyance|confusion|disapproval|excitement|neutral
5026,27,neutral,1|2|7|25|27,amusement|anger|curiosity|sadness|neutral
5027,27,neutral,0|1|3|4|9|10|11|12|13,admiration|amusement|annoyance|approval|disappointment|disapproval|disgust|embarrassment|excitement
5028,2,anger,0|1|3|4|8|9|17|18|20,admiration|amusement|annoyance|approval|desire|disappointment|joy|love|optimism
5029,17,joy,1|17|18|20|25|27,amusement|joy|love|optimism|sadness|neutral
5030,27,neutral,2|7|10|18|26,anger|curiosity|disapproval|love|surprise
5031,27,neutral,1|2|3|11|25,amusement|anger|annoyance|disgust|sadness
5032,15,gratitude,6|9|11|13|15|17|22|25,confusion|disappointment|disgust|excitement|gratitude|joy|realization|sadness
5033,6|27,confusion|neutral,2|6|9|27,anger|confusion|disappointment|neutral
5034,2|3,anger|annoyance,0|1|2|6|18|27,admiration|amusement|anger|confusion|love|neutral
5035,6,confusion,0|6|7|8|9|13|27,admiration|confusion|curiosity|desire|disappointment|excitement|neutral
5036,2|27,anger|neutral,3|11|18,annoyance|disgust|love
5037,11,disgust,2|5|10|13|27,anger|caring|disapproval|excitement|neutral
5038,5,caring,4|7|18|27,approval|curiosity|love|neutral
5039,27,neutral,0|5|7|15|22,admiration|caring|curiosity|gratitude|realization
5040,15,gratitude,2|4|11|20|27,anger|approval|disgust|optimism|neutral
5041,4,approval,2|4|11|14|17|19|25|27,anger|approval|disgust|fear|joy|nervousness|sadness|neutral
5042,27,neutral,4|12|15|22|25|27,approval|embarrassment|gratitude|realization|sadness|neutral
5043,0,admiration,0|7|10|15|17|20|25|27,admiration|curiosity|disapproval|gratitude|joy|optimism|sadness|neutral
5044,7,curiosity,0|1|2|3|5|8|14|18|20|25,admiration|amusement|anger|annoyance|caring|desire|fear|love|optimism|sadness
5045,0,admiration,3|4|6|7|20|26,annoyance|approval|confusion|curiosity|optimism|surprise
5046,2,anger,5|7|8|10|11|17,caring|curiosity|desire|disapproval|disgust|joy
5047,27,neutral,0|1|4|15|17|20|25|27,admiration|amusement|approval|gratitude|joy|optimism|sadness|neutral
5048,1,amusement,1|2|13|15|17|22,amusement|anger|excitement|gratitude|joy|realization
5049,27,neutral,1|2|4|5|10|14|15|18|26,amusement|anger|approval|caring|disapproval|fear|gratitude|love|surprise
5050,10,disapproval,1|6|7|8|9|13|27,amusement|confusion|curiosity|desire|disappointment|excitement|neutral
5051,18,love,0|1|3|5|10|15|25|27,admiration|amusement|annoyance|caring|disapproval|gratitude|sadness|neutral
5052,27,neutral,4|7|10|18|22|25,approval|curiosity|disapproval|love|realization|sadness
5053,15,gratitude,0|4|18|26|27,admiration|approval|love|surprise|neutral
5054,27,neutral,3|13|18|25,annoyance|excitement|love|sadness
5055,9,disappointment,2|6|10|11|17|26|27,anger|confusion|disapproval|disgust|joy|surprise|neutral
5056,15,gratitude,1|2|5|9|10|15|17|25|26,amusement|anger|caring|disappointment|disapproval|gratitude|joy|sadness|surprise
5057,27,neutral,1|4|6|7|9|10|17|24|25|27,amusement|approval|confusion|curiosity|disappointment|disapproval|joy|remorse|sadness|neutral
5058,18,love,5|7|8|12|17|25,caring|curiosity|desire|embarrassment|joy|sadness
5059,26,surprise,0|3|6|7|17,admiration|annoyance|confusion|curiosity|joy
5060,20,optimism,0|3|4|15|17|18|20|25|26,admiration|annoyance|approval|gratitude|joy|love|optimism|sadness|surprise
5061,27,neutral,0|1|2|26|27,admiration|amusement|anger|surprise|neutral
5062,27,neutral,2|3|4|8|9|14|17|22,anger|annoyance|approval|desire|disappointment|fear|joy|realization
5063,15,gratitude,1|2|3|5|10|13|17|19,amusement|anger|annoyance|caring|disapproval|excitement|joy|nervousness
5064,27,neutral,3|9|15|17|18|27,annoyance|disappointment|gratitude|joy|love|neutral
5065,11,disgust,7|14|25|27,curiosity|fear|sadness|neutral
5066,27,neutral,1|2|5|12|15|17|19|22,amusement|anger|caring|embarrassment|gratitude|joy|nervousness|realization
5067,26,surprise,0|2|15|18|21|27,admiration|anger|gratitude|love|pride|neutral
5068,18,love,0|4|17|27,admiration|approval|joy|neutral
5069,7,curiosity,5|7|15|25|27,caring|curiosity|gratitude|sadness|neutral
5070,4|27,approval|neutral,2|3|7|17|26|27,anger|annoyance|curiosity|joy|surprise|neutral
5071,27,neutral,4|8|11|15|17,approval|desire|disgust|gratitude|joy
5072,17,joy,1|3|5|11|17|20|24,amusement|annoyance|caring|disgust|joy|optimism|remorse
5073,15,gratitude,0|2|3|4|7|11|15|18|24|26,admiration|anger|annoyance|approval|curiosity|disgust|gratitude|love|remorse|surprise
5074,4,approval,0|2|3|7|17|20,admiration|anger|annoyance|curiosity|joy|optimism
5075,20,optimism,0|2|3|4|9|15,admiration|anger|annoyance|approval|disappointment|gratitude
5076,25,sadness,1|4|7|10|20|23,amusement|approval|curiosity|disapproval|optimism|relief
5077,3|10,annoyance|disapproval,3|4|9|10|11|17|27,annoyance|approval|disappointment|disapproval|disgust|joy|neutral
5078,10,disapproval,4|5|7|11|18|27,approval|caring|curiosity|disgust|love|neutral
5079,6,confusion,3|5|8|9|13|15|17|18,annoyance|caring|desire|disappointment|excitement|gratitude|joy|love
5080,27,neutral,3|7|10|14|22|25|26,annoyance|curiosity|disapproval|fear|realization|sadness|surprise
5081,27,neutral,1|3|10|15|20|25|27,amusement|annoyance|disapproval|gratitude|optimism|sadness|neutral
5082,13,excitement,0|2|15|27,admiration|anger|gratitude|neutral
5083,18,love,3|15|17|18|20|27,annoyance|gratitude|joy|love|optimism|neutral
5084,10,disapproval,2|4|24|27,anger|approval|remorse|neutral
5085,7|27,curiosity|neutral,0|2|4|5|10|15|18|20|22|23|24,admiration|anger|approval|caring|disapproval|gratitude|love|optimism|realization|relief|remorse
5086,15,gratitude,0|6|9|15|20|25|26,admiration|confusion|disappointment|gratitude|optimism|sadness|surprise
5087,3|27,annoyance|neutral,0|4|10|13|17|27,admiration|approval|disapproval|excitement|joy|neutral
5088,27,neutral,2|5|8|9|17|20|22|24,anger|caring|desire|disappointment|joy|optimism|realization|remorse
5089,15,gratitude,1|5|17|18|25|26,amusement|caring|joy|love|sadness|surprise
5090,27,neutral,4|6|15,approval|confusion|gratitude
5091,27,neutral,0|2|5|10|14|17|18|25|26,admiration|anger|caring|disapproval|fear|joy|love|sadness|surprise
5092,3,annoyance,4|5|9|10|27,approval|caring|disappointment|disapproval|neutral
5093,10,disapproval,0|3|4|7|10|15|26|27,admiration|annoyance|approval|curiosity|disapproval|gratitude|surprise|neutral
5094,6,confusion,2|6|15|17|18|20|22|25|27,anger|confusion|gratitude|joy|love|optimism|realization|sadness|neutral
5095,27,neutral,1|11|26,amusement|disgust|surprise
5096,2|9,anger|disappointment,0|1|3|4|6|8|13|15|20|26,admiration|amusement|annoyance|approval|confusion|desire|excitement|gratitude|optimism|surprise
5097,17,joy,2|6|7|18|20|25,anger|confusion|curiosity|love|optimism|sadness
5098,27,neutral,8|11|27,desire|disgust|neutral
5099,18,love,1|4|7|9|15|25,amusement|approval|curiosity|disappointment|gratitude|sadness
5100,4,approval,4|5|6|7|17|26|27,approval|caring|confusion|curiosity|joy|surprise|neutral
5101,1,amusement,1|4|10|18|27,amusement|approval|disapproval|love|neutral
5102,27,neutral,14|27,fear|neutral
5103,27,neutral,1|4|6|7|8|13|15|24|26,amusement|approval|confusion|curiosity|desire|excitement|gratitude|remorse|surprise
5104,0,admiration,3|11|18|20|22|27,annoyance|disgust|love|optimism|realization|neutral
5105,7,curiosity,4|7|9|10|13|18|22,approval|curiosity|disappointment|disapproval|excitement|love|realization
5106,27,neutral,1|5|6|15|20,amusement|caring|confusion|gratitude|optimism
5107,3,annoyance,2|4|10|11|17|22|27,anger|approval|disapproval|disgust|joy|realization|neutral
5108,27,neutral,0|10|17|24,admiration|disapproval|joy|remorse
5109,1,amusement,1|3|18|26|27,amusement|annoyance|love|surprise|neutral
5110,15,gratitude,0|6|9|11|27,admiration|confusion|disappointment|disgust|neutral
5111,0,admiration,4|9|15|22|25,approval|disappointment|gratitude|realization|sadness
5112,27,neutral,0|9|15|18|20|25|27,admiration|disappointment|gratitude|love|optimism|sadness|neutral
5113,11|14,disgust|fear,2|3|4|13|27,anger|annoyance|approval|excitement|neutral
5114,6,confusion,0|6|10|20|27,admiration|confusion|disapproval|optimism|neutral
5115,14,fear,1|4|6|7|10|14|15|25,amusement|approval|confusion|curiosity|disapproval|fear|gratitude|sadness
5116,2,anger,2|3|4|5|8|18|20|25,anger|annoyance|approval|caring|desire|love|optimism|sadness
5117,4,approval,0|5|6|7|9|10|20|25|27,admiration|caring|confusion|curiosity|disappointment|disapproval|optimism|sadness|neutral
5118,17,joy,2|5|7|10|17|18,anger|caring|curiosity|disapproval|joy|love
5119,27,neutral,1|3|4|6|18|20|22,amusement|annoyance|approval|confusion|love|optimism|realization
5120,9,disappointment,1|15|17|18|20|25|27,amusement|gratitude|joy|love|optimism|sadness|neutral
5121,10,disapproval,4|5|7|13|20|22|25,approval|caring|curiosity|excitement|optimism|realization|sadness
5122,27,neutral,0|2|3|7|22|25|26|27,admiration|anger|annoyance|curiosity|realization|sadness|surprise|neutral
5123,0|15,admiration|gratitude,0|3|6|17|25|27,admiration|annoyance|confusion|joy|sadness|neutral
5124,0|1,admiration|amusement,2|3|4|9|15|17|20,anger|annoyance|approval|disappointment|gratitude|joy|optimism
5125,9,disappointment,1|2|3|4|6|10|11|25|27,amusement|anger|annoyance|approval|confusion|disapproval|disgust|sadness|neutral
5126,0,admiration,0|7|15|20,admiration|curiosity|gratitude|optimism
5127,8,desire,0|2|10|11|13|20|25,admiration|anger|disapproval|disgust|excitement|optimism|sadness
5128,2,anger,7|8|10|11|18|20|25|26,curiosity|desire|disapproval|disgust|love|optimism|sadness|surprise
5129,0,admiration,0|2|5|9|18|26,admiration|anger|caring|disappointment|love|surprise
5130,27,neutral,0|10|13|14|18|20|22|25|26,admiration|disapproval|excitement|fear|love|optimism|realization|sadness|surprise
5131,27,neutral,0|1|6|8|20|22|26,admiration|amusement|confusion|desire|optimism|realization|surprise
5132,27,neutral,0|3|4|6|17|26,admiration|annoyance|approval|confusion|joy|surprise
5133,27,neutral,0|2|6,admiration|anger|confusion
5134,22,realization,0|2|4|6|15|20|26,admiration|anger|approval|confusion|gratitude|optimism|surprise
5135,10,disapproval,0|1|4|8|9|18|20|22|24|27,admiration|amusement|approval|desire|disappointment|love|optimism|realization|remorse|neutral
5136,27,neutral,1|6|7|15|17|18|22,amusement|confusion|curiosity|gratitude|joy|love|realization
5137,27,neutral,1|3|7|11|15|17|18|25,amusement|annoyance|curiosity|disgust|gratitude|joy|love|sadness
5138,27,neutral,0|5|6|9|15|17|18|22,admiration|caring|confusion|disappointment|gratitude|joy|love|realization
5139,27,neutral,0|1|5|7|11|15|20|25|27,admiration|amusement|caring|curiosity|disgust|gratitude|optimism|sadness|neutral
5140,2,anger,0|3|8|18|26,admiration|annoyance|desire|love|surprise
5141,0,admiration,1|3|10|12|13|17|27,amusement|annoyance|disapproval|embarrassment|excitement|joy|neutral
5142,22,realization,2|10|15|17|20|24,anger|disapproval|gratitude|joy|optimism|remorse
5143,17,joy,0|2|4|14,admiration|anger|approval|fear
5144,14|27,fear|neutral,0|2|3|4|6|7|8|9|13|22|26,admiration|anger|annoyance|approval|confusion|curiosity|desire|disappointment|excitement|realization|surprise
5145,3,annoyance,1|7|12|18|27,amusement|curiosity|embarrassment|love|neutral
5146,27,neutral,4|5|9|10|11|13|18|20,approval|caring|disappointment|disapproval|disgust|excitement|love|optimism
5147,15,gratitude,0|3|4|5|9|15|19,admiration|annoyance|approval|caring|disappointment|gratitude|nervousness
5148,8,desire,0|3|9|15|17|18|22|26,admiration|annoyance|disappointment|gratitude|joy|love|realization|surprise
5149,27,neutral,2|5|13|18|22|25,anger|caring|excitement|love|realization|sadness
5150,27,neutral,0|1|9|13|17|22,admiration|amusement|disappointment|excitement|joy|realization
5151,0,admiration,1|10|11|14|20|25,amusement|disapproval|disgust|fear|optimism|sadness
5152,1|15,amusement|gratitude,0|1|3|7|9|17|18|20|24,admiration|amusement|annoyance|curiosity|disappointment|joy|love|optimism|remorse
5153,7,curiosity,3|11|27,annoyance|disgust|neutral
5154,11,disgust,1|2|3|4|9|10|13|15|25|27,amusement|anger|annoyance|approval|disappointment|disapproval|excitement|gratitude|sadness|neutral
5155,22,realization,3|7|9|17|18,annoyance|curiosity|disappointment|joy|love
5156,27,neutral,6|7|10|11|13|17|18|22,confusion|curiosity|disapproval|disgust|excitement|joy|love|realization
5157,12,embarrassment,2|3|7|17|26|27,anger|annoyance|curiosity|joy|surprise|neutral
5158,7,curiosity,1|7|17|26|27,amusement|curiosity|joy|surprise|neutral
5159,21,pride,1|2|10|18|25,amusement|anger|disapproval|love|sadness
5160,20,optimism,9|15|17|22|25|27,disappointment|gratitude|joy|realization|sadness|neutral
5161,3|10,annoyance|disapproval,1|7|15|17|27,amusement|curiosity|gratitude|joy|neutral
5162,3,annoyance,0|1|2|3|9|10|15|17|20|27,admiration|amusement|anger|annoyance|disappointment|disapproval|gratitude|joy|optimism|neutral
5163,4,approval,3|6|15|17|18|20|27,annoyance|confusion|gratitude|joy|love|optimism|neutral
5164,7,curiosity,0|3|4|17|27,admiration|annoyance|approval|joy|neutral
5165,4,approval,1|7|11|20,amusement|curiosity|disgust|optimism
5166,0,admiration,2|3|5|7|10|17|18|26|27,anger|annoyance|caring|curiosity|disapproval|joy|love|surprise|neutral
5167,27,neutral,2|5|9,anger|caring|disappointment
5168,10,disapproval,0|4|6|10|13|24|25,admiration|approval|confusion|disapproval|excitement|remorse|sadness
5169,1|18,amusement|love,2|3|5|10|11|14|18|25|27,anger|annoyance|caring|disapproval|disgust|fear|love|sadness|neutral
5170,27,neutral,0|4|13|18|20|25|27,admiration|approval|excitement|love|optimism|sadness|neutral
5171,15,gratitude,0|3|7|8|15|20,admiration|annoyance|curiosity|desire|gratitude|optimism
5172,26,surprise,0|2|17|20|27,admiration|anger|joy|optimism|neutral
5173,27,neutral,1|10|13|15|22|26|27,amusement|disapproval|excitement|gratitude|realization|surprise|neutral
5174,7,curiosity,3|4|6|7|9|10|20|27,annoyance|approval|confusion|curiosity|disappointment|disapproval|optimism|neutral
5175,26,surprise,0|3|4|6|9|10|11|18|25,admiration|annoyance|approval|confusion|disappointment|disapproval|disgust|love|sadness
5176,8,desire,2|3|7|9|13|24|27,anger|annoyance|curiosity|disappointment|excitement|remorse|neutral
5177,14,fear,6|7|10|12|15|18|27,confusion|curiosity|disapproval|embarrassment|gratitude|love|neutral
5178,27,neutral,1|3|5|18,amusement|annoyance|caring|love
5179,0,admiration,7|9|10|17|18,curiosity|disappointment|disapproval|joy|love
5180,1|17,amusement|joy,5|10|17|22,caring|disapproval|joy|realization
5181,17|23,joy|relief,3|6|15,annoyance|confusion|gratitude
5182,27,neutral,5|9|10|20|27,caring|disappointment|disapproval|optimism|neutral
5183,27,neutral,0|3|4|7|9|11|26,admiration|annoyance|approval|curiosity|disappointment|disgust|surprise
5184,7|27,curiosity|neutral,5|6|20|27,caring|confusion|optimism|neutral
5185,25,sadness,0|2|4|15,admiration|anger|approval|gratitude
5186,27,neutral,0|13,admiration|excitement
5187,15,gratitude,0|1|4|5|7|17|18,admiration|amusement|approval|caring|curiosity|joy|love
5188,27,neutral,1|2|4|10|13|27,amusement|anger|approval|disapproval|excitement|neutral
5189,27,neutral,0|3|4|6|7|10|15|18|22|26,admiration|annoyance|approval|confusion|curiosity|disapproval|gratitude|love|realization|surprise
5190,26,surprise,5|10|18|25|27,caring|disapproval|love|sadness|neutral
5191,27,neutral,0|7|8|10|15|17|18,admiration|curiosity|desire|disapproval|gratitude|joy|love
5192,9|27,disappointment|neutral,2|11|14|20|27,anger|disgust|fear|optimism|neutral
5193,10,disapproval,3|4|10|11|17|20|22|25|27,annoyance|approval|disapproval|disgust|joy|optimism|realization|sadness|neutral
5194,22,realization,0|4|9|22|27,admiration|approval|disappointment|realization|neutral
5195,5,caring,0|1|2|3|5|7|10|12|15|17|22|26,admiration|amusement|anger|annoyance|caring|curiosity|disapproval|embarrassment|gratitude|joy|realization|surprise
5196,27,neutral,6|11|18|20|22|25|27,confusion|disgust|love|optimism|realization|sadness|neutral
5197,0,admiration,1|2|3|4|7|14|15|18|27,amusement|anger|annoyance|approval|curiosity|fear|gratitude|love|neutral
5198,27,neutral,1|4|5|13|18|22|27,amusement|approval|caring|excitement|love|realization|neutral
5199,13|20,excitement|optimism,4|6|7|8|22|25|27,approval|confusion|curiosity|desire|realization|sadness|neutral
5200,27,neutral,3|4|14|15|20,annoyance|approval|fear|gratitude|optimism
5201,20,optimism,0|1|6|7|18|20|27,admiration|amusement|confusion|curiosity|love|optimism|neutral
5202,17,joy,0|1|7|15|27,admiration|amusement|curiosity|gratitude|neutral
5203,0,admiration,0|1|15|22,admiration|amusement|gratitude|realization
5204,27,neutral,0|2|8|10|18|20,admiration|anger|desire|disapproval|love|optimism
5205,27,neutral,4|6|9|10|17|18|22|26|27,approval|confusion|disappointment|disapproval|joy|love|realization|surprise|neutral
5206,27,neutral,7|10|11|13|15|22|26|27,curiosity|disapproval|disgust|excitement|gratitude|realization|surprise|neutral
5207,27,neutral,0|1|2|5|6|7|15|26,admiration|amusement|anger|caring|confusion|curiosity|gratitude|surprise
5208,27,neutral,0|3|4|6|22|27,admiration|annoyance|approval|confusion|realization|neutral
5209,1,amusement,1|2|7|9|10|11|17|26|27,amusement|anger|curiosity|disappointment|disapproval|disgust|joy|surprise|neutral
5210,27,neutral,1|3|4|6|7|10|15|25,amusement|annoyance|approval|confusion|curiosity|disapproval|gratitude|sadness
5211,15,gratitude,1|3|4|7|11|15|22|25|26,amusement|annoyance|approval|curiosity|disgust|gratitude|realization|sadness|surprise
5212,0|4,admiration|approval,5|6|7|15|17|20|22,caring|confusion|curiosity|gratitude|joy|optimism|realization
5213,1,amusement,10|14|15,disapproval|fear|gratitude
5214,1|22,amusement|realization,0|2|3|4|9|17|20|22,admiration|anger|annoyance|approval|disappointment|joy|optimism|realization
5215,10|27,disapproval|neutral,0|2|4|7|10|18|20|22|27,admiration|anger|approval|curiosity|disapproval|love|optimism|realization|neutral
5216,27,neutral,4|5|13|14|19|22|27,approval|caring|excitement|fear|nervousness|realization|neutral
5217,9|25,disappointment|sadness,2|6|7|8|26,anger|confusion|curiosity|desire|surprise
5218,15,gratitude,0|1|7|15|17|20,admiration|amusement|curiosity|gratitude|joy|optimism
5219,1,amusement,1|3|4|11|25|27,amusement|annoyance|approval|disgust|sadness|neutral
5220,0|17,admiration|joy,0|1|2|10|20|25|27,admiration|amusement|anger|disapproval|optimism|sadness|neutral
5221,7,curiosity,7|18|27,curiosity|love|neutral
5222,15|20,gratitude|optimism,0|5|7|20,admiration|caring|curiosity|optimism
5223,5,caring,3|4|5|7|14|15|18|20|22,annoyance|approval|caring|curiosity|fear|gratitude|love|optimism|realization
5224,24,remorse,1|2|10|17|27,amusement|anger|disapproval|joy|neutral
5225,27,neutral,2|3|25|27,anger|annoyance|sadness|neutral
5226,0|15,admiration|gratitude,3|4|5|6|15|17|25,annoyance|approval|caring|confusion|gratitude|joy|sadness
5227,15,gratitude,2|4|7|18|22|27,anger|approval|curiosity|love|realization|neutral
5228,3,annoyance,0|1|3|5|6|9|10|18|22|24|26,admiration|amusement|annoyance|caring|confusion|disappointment|disapproval|love|realization|remorse|surprise
5229,5,caring,7|17|24|27,curiosity|joy|remorse|neutral
5230,9,disappointment,1|7|10|13|20|22|24,amusement|curiosity|disapproval|excitement|optimism|realization|remorse
5231,13,excitement,10|15|17|25|27,disapproval|gratitude|joy|sadness|neutral
5232,27,neutral,1|3|6|9|20|22|27,amusement|annoyance|confusion|disappointment|optimism|realization|neutral
5233,1,amusement,0|2|3|4|7|9|17|22|27,admiration|anger|annoyance|approval|curiosity|disappointment|joy|realization|neutral
5234,5|9|24,caring|disappointment|remorse,0|1|10|11|13|15|17|22|25,admiration|amusement|disapproval|disgust|excitement|gratitude|joy|realization|sadness
5235,0|4,admiration|approval,0|1|3|9|10|15|20|25|27,admiration|amusement|annoyance|disappointment|disapproval|gratitude|optimism|sadness|neutral
5236,22,realization,18|20|22,love|optimism|realization
5237,18,love,3|13|14|15|20,annoyance|excitement|fear|gratitude|optimism
5238,27,neutral,4|7|14|17|22,approval|curiosity|fear|joy|realization
5239,0,admiration,0|2|4|5|6|10|11|13|17|18|25,admiration|anger|approval|caring|confusion|disapproval|disgust|excitement|joy|love|sadness
5240,0|18,admiration|love,3|6|9|15|18|25,annoyance|confusion|disappointment|gratitude|love|sadness
5241,15,gratitude,0|2|3|9|18,admiration|anger|annoyance|disappointment|love
5242,9,disappointment,1|2|4|5|10|22,amusement|anger|approval|caring|disapproval|realization
5243,27,neutral,1|2|3|9|14|15|18|26,amusement|anger|annoyance|disappointment|fear|gratitude|love|surprise
5244,4|12,approval|embarrassment,0|2|11|13|15|18|22,admiration|anger|disgust|excitement|gratitude|love|realization
5245,27,neutral,1|6|7|20|26,amusement|confusion|curiosity|optimism|surprise
5246,27,neutral,5|6|8|9|11|13|15|17|21,caring|confusion|desire|disappointment|disgust|excitement|gratitude|joy|pride
5247,27,neutral,1|4|5|10|14|15|25|27,amusement|approval|caring|disapproval|fear|gratitude|sadness|neutral
5248,27,neutral,3|15|17|18|20|25|26,annoyance|gratitude|joy|love|optimism|sadness|surprise
5249,1,amusement,0|1|3|10|15,admiration|amusement|annoyance|disapproval|gratitude
5250,0|18,admiration|love,1|2|3|4|7|11|15|18|25,amusement|anger|annoyance|approval|curiosity|disgust|gratitude|love|sadness
5251,10,disapproval,1|8|10|15|17|24|26|27,amusement|desire|disapproval|gratitude|joy|remorse|surprise|neutral
5252,27,neutral,0|1|4|7|13|22|27,admiration|amusement|approval|curiosity|excitement|realization|neutral
5253,11,disgust,1|2|3|9|25,amusement|anger|annoyance|disappointment|sadness
5254,27,neutral,2|3|8|9|10|11|15|17|25|26,anger|annoyance|desire|disappointment|disapproval|disgust|gratitude|joy|sadness|surprise
5255,11,disgust,0|6|7|8|22|26,admiration|confusion|curiosity|desire|realization|surprise
5256,27,neutral,17|20|24|27,joy|optimism|remorse|neutral
5257,4|7,approval|curiosity,2|4|5|15|20,anger|approval|caring|gratitude|optimism
5258,1,amusement,3|18|27,annoyance|love|neutral
5259,20,optimism,0|7|17|27,admiration|curiosity|joy|neutral
5260,9|25,disappointment|sadness,1|3|5|10|15,amusement|annoyance|caring|disapproval|gratitude
5261,10,disapproval,9|10|17|25|26|27,disappointment|disapproval|joy|sadness|surprise|neutral
5262,27,neutral,1|4|15|25,amusement|approval|gratitude|sadness
5263,8,desire,0|4|5|6|13|18|20|24|25,admiration|approval|caring|confusion|excitement|love|optimism|remorse|sadness
5264,0,admiration,2|5|6|8|11|14|18|25|27,anger|caring|confusion|desire|disgust|fear|love|sadness|neutral
5265,27,neutral,0|7|11|18|27,admiration|curiosity|disgust|love|neutral
5266,27,neutral,0|3|10|17,admiration|annoyance|disapproval|joy
5267,4|5,approval|caring,0|1|6|8|15|17|26|27,admiration|amusement|confusion|desire|gratitude|joy|surprise|neutral
5268,20,optimism,0|1|7|17|18|25|26|27,admiration|amusement|curiosity|joy|love|sadness|surprise|neutral
5269,0,admiration,4|13|24|27,approval|excitement|remorse|neutral
5270,7,curiosity,2|3|11|15|17|18|20|25,anger|annoyance|disgust|gratitude|joy|love|optimism|sadness
5271,2,anger,1|7|27,amusement|curiosity|neutral
5272,0,admiration,1|3|9|27,amusement|annoyance|disappointment|neutral
5273,0,admiration,1|4|5|15|26,amusement|approval|caring|gratitude|surprise
5274,14,fear,0|2|7|15|20|25|26|27,admiration|anger|curiosity|gratitude|optimism|sadness|surprise|neutral
5275,27,neutral,0|11|15,admiration|disgust|gratitude
5276,0,admiration,4|6|17|18|24|25,approval|confusion|joy|love|remorse|sadness
5277,4,approval,5|6|10|13|14|17,caring|confusion|disapproval|excitement|fear|joy
5278,15,gratitude,4|5|10|14|15|20,approval|caring|disapproval|fear|gratitude|optimism
5279,0|4|9,admiration|approval|disappointment,2|3|4|7|8|10|17|26,anger|annoyance|approval|curiosity|desire|disapproval|joy|surprise
5280,4,approval,0|5|9|13|14|17|18|22,admiration|caring|disappointment|excitement|fear|joy|love|realization
5281,27,neutral,1|2|3|4|8|10|22|26|27,amusement|anger|annoyance|approval|desire|disapproval|realization|surprise|neutral
5282,4,approval,3|7|14|17|18|20,annoyance|curiosity|fear|joy|love|optimism
5283,25,sadness,1|2|3|10|14|22|24,amusement|anger|annoyance|disapproval|fear|realization|remorse
5284,4,approval,0|1|6|27,admiration|amusement|confusion|neutral
5285,25,sadness,0|1|7|17|18|20|26,admiration|amusement|curiosity|joy|love|optimism|surprise
5286,20,optimism,0|3|6|10|20|22,admiration|annoyance|confusion|disapproval|optimism|realization
5287,16,grief,3|5|6|7|10|22|27,annoyance|caring|confusion|curiosity|disapproval|realization|neutral
5288,2|3|27,anger|annoyance|neutral,0|1|2|7|10|11|13|24,admiration|amusement|anger|curiosity|disapproval|disgust|excitement|remorse
5289,6|27,confusion|neutral,0|1|2|14|15|22|25|27,admiration|amusement|anger|fear|gratitude|realization|sadness|neutral
5290,4|27,approval|neutral,2|3|4|5|9|14|15|18|26,anger|annoyance|approval|caring|disappointment|fear|gratitude|love|surprise
5291,0,admiration,0|1|3|15|17|18|20,admiration|amusement|annoyance|gratitude|joy|love|optimism
5292,1|27,amusement|neutral,1|2|10|17|26|27,amusement|anger|disapproval|joy|surprise|neutral
5293,27,neutral,7|18|20|25|27,curiosity|love|optimism|sadness|neutral
5294,27,neutral,0|2|4|7|9|22|26,admiration|anger|approval|curiosity|disappointment|realization|surprise
5295,25,sadness,0|5|22|25|27,admiration|caring|realization|sadness|neutral
5296,10,disapproval,1|6|7|10|11|15|27,amusement|confusion|curiosity|disapproval|disgust|gratitude|neutral
5297,5|27,caring|neutral,2|7|13|15|24,anger|curiosity|excitement|gratitude|remorse
5298,22,realization,0|2|3|6|10|22|26|27,admiration|anger|annoyance|confusion|disapproval|realization|surprise|neutral
5299,20|27,optimism|neutral,1|7|15|18|20,amusement|curiosity|gratitude|love|optimism
5300,3|7,annoyance|curiosity,0|1|2|11|13|15|17,admiration|amusement|anger|disgust|excitement|gratitude|joy
5301,26,surprise,0|4|6|7|10|11|15|18|20|22|27,admiration|approval|confusion|curiosity|disapproval|disgust|gratitude|love|optimism|realization|neutral
5302,0|13|15|26,admiration|excitement|gratitude|surprise,3|5|7|8|9|14|15|27,annoyance|caring|curiosity|desire|disappointment|fear|gratitude|neutral
5303,27,neutral,0|6|7|9|15|22|26|27,admiration|confusion|curiosity|disappointment|gratitude|realization|surprise|neutral
5304,27,neutral,0|1|2|5|6|10|17|20,admiration|amusement|anger|caring|confusion|disapproval|joy|optimism
5305,3,annoyance,1|6|7|10|17|20,amusement|confusion|curiosity|disapproval|joy|optimism
5306,27,neutral,1|5|6|14|18|20|22|26,amusement|caring|confusion|fear|love|optimism|realization|surprise
5307,27,neutral,3|10|11|22|25,annoyance|disapproval|disgust|realization|sadness
5308,4,approval,1|6|10|18,amusement|confusion|disapproval|love
5309,15,gratitude,0|4|5|7|15|18,admiration|approval|caring|curiosity|gratitude|love
5310,27,neutral,2|4|10|17|18|20,anger|approval|disapproval|joy|love|optimism
5311,15,gratitude,2|4|5|6|10|27,anger|approval|caring|confusion|disapproval|neutral
5312,6|27,confusion|neutral,2|6|11|17|22|25|27,anger|confusion|disgust|joy|realization|sadness|neutral
5313,0,admiration,0|15|18|20|27,admiration|gratitude|love|optimism|neutral
5314,6|7,confusion|curiosity,0|3|4|10,admiration|annoyance|approval|disapproval
5315,2,anger,3|6|14|18|25|26|27,annoyance|confusion|fear|love|sadness|surprise|neutral
5316,1,amusement,1|2|9|15|17|18|25,amusement|anger|disappointment|gratitude|joy|love|sadness
5317,15|17,gratitude|joy,0|3|5|9|10|22,admiration|annoyance|caring|disappointment|disapproval|realization
5318,6,confusion,6|9|15|27,confusion|disappointment|gratitude|neutral
5319,27,neutral,0|9|10|15,admiration|disappointment|disapproval|gratitude
5320,2,anger,1|2|7|9|11|13|17|25|26,amusement|anger|curiosity|disappointment|disgust|excitement|joy|sadness|surprise
5321,25,sadness,0|1|6|11|14|15|22|24|26|27,admiration|amusement|confusion|disgust|fear|gratitude|realization|remorse|surprise|neutral
5322,2,anger,4|6|7|9|10|22,approval|confusion|curiosity|disappointment|disapproval|realization
5323,27,neutral,0|3|4|5|8|20,admiration|annoyance|approval|caring|desire|optimism
5324,0,admiration,4|11|22|27,approval|disgust|realization|neutral
5325,2,anger,0|2|3|27,admiration|anger|annoyance|neutral
5326,5,caring,1|4|6|9|20|25|27,amusement|approval|confusion|disappointment|optimism|sadness|neutral
5327,27,neutral,0|1|2|3|5|9|18|20|22|26,admiration|amusement|anger|annoyance|caring|disappointment|love|optimism|realization|surprise
5328,27,neutral,1|2|5|10|14|27,amusement|anger|caring|disapproval|fear|neutral
5329,27,neutral,0|18|27,admiration|love|neutral
5330,26,surprise,3|9|11|18,annoyance|disappointment|disgust|love
5331,0|27,admiration|neutral,0|1|6|18|20,admiration|amusement|confusion|love|optimism
5332,13,excitement,3|7|17|22|26,annoyance|curiosity|joy|realization|surprise
5333,20,optimism,1|10|22|27,amusement|disapproval|realization|neutral
5334,18,love,0|9|18|20|27,admiration|disappointment|love|optimism|neutral
5335,10,disapproval,1|2|4|9|18|20|24|25|27,amusement|anger|approval|disappointment|love|optimism|remorse|sadness|neutral
5336,10,disapproval,0|1|2|3|15|26,admiration|amusement|anger|annoyance|gratitude|surprise
5337,1|22,amusement|realization,0|7|15|18|20,admiration|curiosity|gratitude|love|optimism
5338,27,neutral,4|6|11|17|18|27,approval|confusion|disgust|joy|love|neutral
5339,27,neutral,0|3|15|20|27,admiration|annoyance|gratitude|optimism|neutral
5340,0,admiration,5|7|8|15|18|20|22,caring|curiosity|desire|gratitude|love|optimism|realization
5341,27,neutral,9|15|22|24|27,disappointment|gratitude|realization|remorse|neutral
5342,27,neutral,2|3|4|11|15|18|19|25,anger|annoyance|approval|disgust|gratitude|love|nervousness|sadness
5343,7|15,curiosity|gratitude,3|6|7|9|11|22,annoyance|confusion|curiosity|disappointment|disgust|realization
5344,26,surprise,0|1|4|14|15|17|20|26|27,admiration|amusement|approval|fear|gratitude|joy|optimism|surprise|neutral
5345,26,surprise,1|10|24|26|27,amusement|disapproval|remorse|surprise|neutral
5346,0,admiration,0|8|10|11|15|27,admiration|desire|disapproval|disgust|gratitude|neutral
5347,13,excitement,0|1|3|9|22,admiration|amusement|annoyance|disappointment|realization
5348,26,surprise,1|4|5|7|15|17|18,amusement|approval|caring|curiosity|gratitude|joy|love
5349,1,amusement,4|6|8|15|27,approval|confusion|desire|gratitude|neutral
5350,22,realization,0|3|4|6|13|15|17|18|22|25,admiration|annoyance|approval|confusion|excitement|gratitude|joy|love|realization|sadness
5351,10,disapproval,3|4|6|13|14|15|20|25,annoyance|approval|confusion|excitement|fear|gratitude|optimism|sadness
5352,18,love,6|7|22|25|26,confusion|curiosity|realization|sadness|surprise
5353,0|17|22,admiration|joy|realization,2|3|4|5|11|15|18|26,anger|annoyance|approval|caring|disgust|gratitude|love|surprise
5354,27,neutral,1|2|5|20|26,amusement|anger|caring|optimism|surprise
5355,2|3,anger|annoyance,4|10|18|20|24|26|27,approval|disapproval|love|optimism|remorse|surprise|neutral
5356,6,confusion,0|2|4|10|20,admiration|anger|approval|disapproval|optimism
5357,15,gratitude,2|4|5|13|17|25,anger|approval|caring|excitement|joy|sadness
5358,27,neutral,4|5|10|14|25|27,approval|caring|disapproval|fear|sadness|neutral
5359,12|22,embarrassment|realization,1|3|10|15|17|18|22,amusement|annoyance|disapproval|gratitude|joy|love|realization
5360,27,neutral,0|1|2|17|20|22|24|25,admiration|amusement|anger|joy|optimism|realization|remorse|sadness
5361,27,neutral,0|10|14|15|18|20|26,admiration|disapproval|fear|gratitude|love|optimism|surprise
5362,27,neutral,0|2|3|6|7|8|14|17|18|26|27,admiration|anger|annoyance|confusion|curiosity|desire|fear|joy|love|surprise|neutral
5363,2|27,anger|neutral,0|5|7|11|18|24|26|27,admiration|caring|curiosity|disgust|love|remorse|surprise|neutral
5364,9,disappointment,1|3|4|7|10|11|27,amusement|annoyance|approval|curiosity|disapproval|disgust|neutral
5365,27,neutral,4|20|27,approval|optimism|neutral
5366,4,approval,0|1|3|5|6|7|11|15|20|22|26,admiration|amusement|annoyance|caring|confusion|curiosity|disgust|gratitude|optimism|realization|surprise
5367,27,neutral,0|2|3|18|25|26,admiration|anger|annoyance|love|sadness|surprise
5368,11,disgust,6|7|15|18|26|27,confusion|curiosity|gratitude|love|surprise|neutral
5369,26,surprise,5|9|15|20,caring|disappointment|gratitude|optimism
5370,27,neutral,0|1|4|5|9|24|27,admiration|amusement|approval|caring|disappointment|remorse|neutral
5371,1,amusement,4|5|27,approval|caring|neutral
5372,3,annoyance,2|4|5|7|9|13|14|20,anger|approval|caring|curiosity|disappointment|excitement|fear|optimism
5373,9|27,disappointment|neutral,1|5|6|9|17|20|22|25|26,amusement|caring|confusion|disappointment|joy|optimism|realization|sadness|surprise
5374,1|10,amusement|disapproval,4|10|12|13|17|20|27,approval|disapproval|embarrassment|excitement|joy|optimism|neutral
5375,0|26,admiration|surprise,0|5|6|12|15|18|22|27,admiration|caring|confusion|embarrassment|gratitude|love|realization|neutral
5376,6|27,confusion|neutral,1|3|9|15|18|22,amusement|annoyance|disappointment|gratitude|love|realization
5377,1,amusement,0|2|4,admiration|anger|approval
5378,15,gratitude,0|4|5|18|20|22|25|26|27,admiration|approval|caring|love|optimism|realization|sadness|surprise|neutral
5379,27,neutral,2|26|27,anger|surprise|neutral
5380,10,disapproval,1|4|6|10|20|27,amusement|approval|confusion|disapproval|optimism|neutral
5381,18,love,2|4|5|6|7|8|10|14|17|22|25,anger|approval|caring|confusion|curiosity|desire|disapproval|fear|joy|realization|sadness
5382,15,gratitude,5|7|9|17,caring|curiosity|disappointment|joy
5383,27,neutral,0|16|24|26|27,admiration|grief|remorse|surprise|neutral
5384,26,surprise,1|2|3|10|13|20|25|27,amusement|anger|annoyance|disapproval|excitement|optimism|sadness|neutral
5385,27,neutral,1|18|27,amusement|love|neutral
5386,15,gratitude,7|9|17|22|26|27,curiosity|disappointment|joy|realization|surprise|neutral
5387,15,gratitude,1|9|17|20|22|27,amusement|disappointment|joy|optimism|realization|neutral
5388,14,fear,1|3|4|7|10,amusement|annoyance|approval|curiosity|disapproval
5389,9,disappointment,3|4|5|7|11|13|17|20,annoyance|approval|caring|curiosity|disgust|excitement|joy|optimism
5390,27,neutral,2|3|4|7|10|15|22,anger|annoyance|approval|curiosity|disapproval|gratitude|realization
5391,27,neutral,1|7|9|10|18|22|27,amusement|curiosity|disappointment|disapproval|love|realization|neutral
5392,9,disappointment,2|3|6|7|9|22|27,anger|annoyance|confusion|curiosity|disappointment|realization|neutral
5393,15,gratitude,0|4|11|22|27,admiration|approval|disgust|realization|neutral
5394,1,amusement,0|1|9|13|25|26,admiration|amusement|disappointment|excitement|sadness|surprise
5395,10,disapproval,0|11|15|22,admiration|disgust|gratitude|realization
5396,0|18,admiration|love,4|8|10|11|13|15,approval|desire|disapproval|disgust|excitement|gratitude
5397,18,love,4|10|27,approval|disapproval|neutral
5398,27,neutral,0|3|4|9|18|22,admiration|annoyance|approval|disappointment|love|realization
5399,27,neutral,0|4|6|18|27,admiration|approval|confusion|love|neutral
5400,3|27,annoyance|neutral,3|7|9|20,annoyance|curiosity|disappointment|optimism
5401,0,admiration,13|15|26,excitement|gratitude|surprise
5402,24|25,remorse|sadness,0|3|13|14|18|20|27,admiration|annoyance|excitement|fear|love|optimism|neutral
5403,27,neutral,7|9|22|25,curiosity|disappointment|realization|sadness
5404,7,curiosity,2|3|11|12|18|22|27,anger|annoyance|disgust|embarrassment|love|realization|neutral
5405,27,neutral,1|3|13|18|27,amusement|annoyance|excitement|love|neutral
5406,0|4,admiration|approval,0|13|27,admiration|excitement|neutral
5407,10,disapproval,0|4|9|12|27,admiration|approval|disappointment|embarrassment|neutral
5408,27,neutral,4|9|15|20|27,approval|disappointment|gratitude|optimism|neutral
5409,14,fear,0|4|9|15|17|25|27,admiration|approval|disappointment|gratitude|joy|sadness|neutral
5410,4,approval,9|15|25,disappointment|gratitude|sadness
5411,14,fear,1|3|4|5|10|18,amusement|annoyance|approval|caring|disapproval|love
5412,18,love,0|1|3|4|15|18,admiration|amusement|annoyance|approval|gratitude|love
5413,22,realization,1|2|4|6|7|9|10|17|22,amusement|anger|approval|confusion|curiosity|disappointment|disapproval|joy|realization
5414,4|7,approval|curiosity,1|2|3|9|14|15|17|18|27,amusement|anger|annoyance|disappointment|fear|gratitude|joy|love|neutral
5415,4,approval,2|4|6|8|11|13|15|20|23,anger|approval|confusion|desire|disgust|excitement|gratitude|optimism|relief
5416,7,curiosity,1|4|5|8|10|11|18|26,amusement|approval|caring|desire|disapproval|disgust|love|surprise
5417,22,realization,9|17|18|25|26,disappointment|joy|love|sadness|surprise
5418,27,neutral,1|11|18|27,amusement|disgust|love|neutral
5419,27,neutral,7|17|27,curiosity|joy|neutral
5420,15,gratitude,1|7|9|15|18|24|25|27,amusement|curiosity|disappointment|gratitude|love|remorse|sadness|neutral
5421,0,admiration,1|2|4|11|15|18|20|22|26|27,amusement|anger|approval|disgust|gratitude|love|optimism|realization|surprise|neutral
5422,14,fear,0|2|6|8|10|15|17|20|22,admiration|anger|confusion|desire|disapproval|gratitude|joy|optimism|realization
5423,20,optimism,1|6|7|9|17|25|26|27,amusement|confusion|curiosity|disappointment|joy|sadness|surprise|neutral
5424,10,disapproval,11|27,disgust|neutral
5425,3,annoyance,8|10|13|25|27,desire|disapproval|excitement|sadness|neutral
5426,18,love,1|3|6|7|9|15|17|22,amusement|annoyance|confusion|curiosity|disappointment|gratitude|joy|realization
