row_number,gold_label_ids,gold_labels,predicted_label_ids,predicted_labels
1,27,neutral,4|5|10|19|20|26,approval|caring|disapproval|nervousness|optimism|surprise
2,4|27,approval|neutral,1|2|3|5|6|9|12|13|18|20|22|27,amusement|anger|annoyance|caring|confusion|disappointment|embarrassment|excitement|love|optimism|realization|neutral
3,25,sadness,0|4|7|9|11|25|27,admiration|approval|curiosity|disappointment|disgust|sadness|neutral
4,4|27,approval|neutral,1|7|10|12|13|15,amusement|curiosity|disapproval|embarrassment|excitement|gratitude
5,20,optimism,2|10|11|15|25|27,anger|disapproval|disgust|gratitude|sadness|neutral
6,15,gratitude,5|17|27,caring|joy|neutral
7,2,anger,1|3|7|12|13|15|18|22|27,amusement|annoyance|curiosity|embarrassment|excitement|gratitude|love|realization|neutral
8,27,neutral,1|4|5|6|7|13|17|22|25,amusement|approval|caring|confusion|curiosity|excitement|joy|realization|sadness
9,20,optimism,0|1|4|9|13|15,admiration|amusement|approval|disappointment|excitement|gratitude
10,10,disapproval,1|4|10|15|17|18|27,amusement|approval|disapproval|gratitude|joy|love|neutral
11,18,love,1|27,amusement|neutral
12,12|22,embarrassment|realization,0|1|2|4|6|7|9|10|14|20|25,admiration|amusement|anger|approval|confusion|curiosity|disappointment|disapproval|fear|optimism|sadness
13,16,grief,18|27,love|neutral
14,27,neutral,0|1|2|4|10|18|19|20|22|25|27,admiration|amusement|anger|approval|disapproval|love|nervousness|optimism|realization|sadness|neutral
15,1|3|25,amusement|annoyance|sadness,1|4|5|10|13|17|20|22|24,amusement|approval|caring|disapproval|excitement|joy|optimism|realization|remorse
16,2|3,anger|annoyance,1|7|14|17|25,amusement|curiosity|fear|joy|sadness
17,25,sadness,0|4|11|15|22,admiration|approval|disgust|gratitude|realization
18,27,neutral,2|3|6|7|9|13|15|17|24,anger|annoyance|confusion|curiosity|disappointment|excitement|gratitude|joy|remorse
19,27,neutral,0|2|4|20|25,admiration|anger|approval|optimism|sadness
20,3|10,annoyance|disapproval,1|3|8|17|20|25|27,amusement|annoyance|desire|joy|optimism|sadness|neutral
21,9,disappointment,0|4|10|17|20|27,admiration|approval|disapproval|joy|optimism|neutral
22,0,admiration,0|2|3|4|10|11|15|20|25|27,admiration|anger|annoyance|approval|disapproval|disgust|gratitude|optimism|sadness|neutral
23,10,disapproval,1|3|4|6|10|11|15|17|20|25,amusement|annoyance|approval|confusion|disapproval|disgust|gratitude|joy|optimism|sadness
24,5|27,caring|neutral,0|3|10|13|14|21|22|25|26|27,admiration|annoyance|disapproval|excitement|fear|pride|realization|sadness|surprise|neutral
25,27,neutral,3|13|15|17|20|24|27,annoyance|excitement|gratitude|joy|optimism|remorse|neutral
26,7|24,curiosity|remorse,3|6|10|11|17,annoyance|confusion|disapproval|disgust|joy
27,3,annoyance,2|3|4|5|6|7|17|20|22|25|26,anger|annoyance|approval|caring|confusion|curiosity|joy|optimism|realization|sadness|surprise
28,27,neutral,4|7|9|17|18|27,approval|curiosity|disappointment|joy|love|neutral
29,0|15,admiration|gratitude,2|4|7|9|11|24|27,anger|approval|curiosity|disappointment|disgust|remorse|neutral
30,27,neutral,10|15|18|22|27,disapproval|gratitude|love|realization|neutral
31,17,joy,6|14|17|22|25,confusion|fear|joy|realization|sadness
32,14,fear,0|2|3|4|17|27,admiration|anger|annoyance|approval|joy|neutral
33,27,neutral,1|2|3|4|5|6|7|13|14|15|27,amusement|anger|annoyance|approval|caring|confusion|curiosity|excitement|fear|gratitude|neutral
34,27,neutral,3|13|18|22|24|26,annoyance|excitement|love|realization|remorse|surprise
35,24,remorse,0|4|7|18|20|27,admiration|approval|curiosity|love|optimism|neutral
36,25,sadness,1|5|6|7|9|13|27,amusement|caring|confusion|curiosity|disappointment|excitement|neutral
37,27,neutral,0|5|7|18|24|27,admiration|caring|curiosity|love|remorse|neutral
38,10,disapproval,2|3|7|13|14|18|25|26,anger|annoyance|curiosity|excitement|fear|love|sadness|surprise
39,1,amusement,0|2|4|7|10|14|17|20|24,admiration|anger|approval|curiosity|disapproval|fear|joy|optimism|remorse
40,15,gratitude,2|4|5|6|7|13|14|15|17|20,anger|approval|caring|confusion|curiosity|excitement|fear|gratitude|joy|optimism
41,18,love,6|10|14|20|27,confusion|disapproval|fear|optimism|neutral
42,15,gratitude,6|7|8|9|10|17|18|25,confusion|curiosity|desire|disappointment|disapproval|joy|love|sadness
43,24,remorse,4|5|10|13|17|18|20|22|25,approval|caring|disapproval|excitement|joy|love|optimism|realization|sadness
44,7,curiosity,4|5|17|18|24|25,approval|caring|joy|love|remorse|sadness
45,27,neutral,3|4|11|18|20,annoyance|approval|disgust|love|optimism
46,3|4,annoyance|approval,2|11|12|25|27,anger|disgust|embarrassment|sadness|neutral
47,14,fear,0|6|15|20|25,admiration|confusion|gratitude|optimism|sadness
48,27,neutral,0|1|2|3|6|8|15|22|24,admiration|amusement|anger|annoyance|confusion|desire|gratitude|realization|remorse
49,8,desire,5|6|7|9|14|20|22|27,caring|confusion|curiosity|disappointment|fear|optimism|realization|neutral
50,7,curiosity,0|1|2|3|4|5|6|10|17|18|20|22,admiration|amusement|anger|annoyance|approval|caring|confusion|disapproval|joy|love|optimism|realization
51,27,neutral,3|5|6|15|20,annoyance|caring|confusion|gratitude|optimism
52,24,remorse,6|7|9|15|17,confusion|curiosity|disappointment|gratitude|joy
53,4,approval,3|9|15|18|27,annoyance|disappointment|gratitude|love|neutral
54,7,curiosity,1|3|10|15|22,amusement|annoyance|disapproval|gratitude|realization
55,27,neutral,0|7|9|17|27,admiration|curiosity|disappointment|joy|neutral
56,13,excitement,4|7|13|15|18|21|27,approval|curiosity|excitement|gratitude|love|pride|neutral
57,1|6|7|24,amusement|confusion|curiosity|remorse,0|1|2|3|5|13|20|25,admiration|amusement|anger|annoyance|caring|excitement|optimism|sadness
58,14,fear,2|3|9|11|13|15|17|18|27,anger|annoyance|disappointment|disgust|excitement|gratitude|joy|love|neutral
59,6,confusion,0|7|18|25,admiration|curiosity|love|sadness
60,4,approval,0|1|7|9|10|13|22,admiration|amusement|curiosity|disappointment|disapproval|excitement|realization
61,7,curiosity,1|3|10|15|17|18|25,amusement|annoyance|disapproval|gratitude|joy|love|sadness
62,27,neutral,5|7|10|11|14|15|20|24,caring|curiosity|disapproval|disgust|fear|gratitude|optimism|remorse
63,22,realization,1|6|13|15|17|22|27,amusement|confusion|excitement|gratitude|joy|realization|neutral
64,27,neutral,6|10|17|20|22|25,confusion|disapproval|joy|optimism|realization|sadness
65,10,disapproval,0|10|11|14|17|18,admiration|disapproval|disgust|fear|joy|love
66,1,amusement,0|1|2|3|4|6|7|15|20,admiration|amusement|anger|annoyance|approval|confusion|curiosity|gratitude|optimism
67,27,neutral,6|7|9|15|18,confusion|curiosity|disappointment|gratitude|love
68,0|17,admiration|joy,1|10|17|25,amusement|disapproval|joy|sadness
69,27,neutral,1|5|9|10|17|18|27,amusement|caring|disappointment|disapproval|joy|love|neutral
70,10,disapproval,2|3|4|8|10|15|17|18|20,anger|annoyance|approval|desire|disapproval|gratitude|joy|love|optimism
71,0,admiration,6|7|15|25|26,confusion|curiosity|gratitude|sadness|surprise
72,3|27,annoyance|neutral,0|5|6|11|18|25|27,admiration|caring|confusion|disgust|love|sadness|neutral
73,2,anger,0|6|8|9|15|25,admiration|confusion|desire|disappointment|gratitude|sadness
74,4,approval,0|7|9|10|15|20|22|24|26,admiration|curiosity|disappointment|disapproval|gratitude|optimism|realization|remorse|surprise
75,27,neutral,4|6|7|10|17|20|22|24|25,approval|confusion|curiosity|disapproval|joy|optimism|realization|remorse|sadness
76,27,neutral,3|6|7|15|18|24|27,annoyance|confusion|curiosity|gratitude|love|remorse|neutral
77,15,gratitude,4|9|13|17|24|27,approval|disappointment|excitement|joy|remorse|neutral
78,6,confusion,3|4|6|24|25|26,annoyance|approval|confusion|remorse|sadness|surprise
79,20,optimism,10|15|18|20|25|27,disapproval|gratitude|love|optimism|sadness|neutral
80,3,annoyance,3|4|5|8|9|12|14|17,annoyance|approval|caring|desire|disappointment|embarrassment|fear|joy
81,27,neutral,9|25|27,disappointment|sadness|neutral
82,27,neutral,1|3|7|9|10|18|27,amusement|annoyance|curiosity|disappointment|disapproval|love|neutral
83,0,admiration,3|8|14|15|25|27,annoyance|desire|fear|gratitude|sadness|neutral
84,9,disappointment,0|10|25|27,admiration|disapproval|sadness|neutral
85,10|27,disapproval|neutral,0|4|5|9|10|13|25|27,admiration|approval|caring|disappointment|disapproval|excitement|sadness|neutral
86,1|10|15,amusement|disapproval|gratitude,3|12|18|27,annoyance|embarrassment|love|neutral
87,0,admiration,4|8|9|20|25,approval|desire|disappointment|optimism|sadness
88,7|27,curiosity|neutral,1|4|5|10|17,amusement|approval|caring|disapproval|joy
89,10,disapproval,1|3|6|7|9|18|26|27,amusement|annoyance|confusion|curiosity|disappointment|love|surprise|neutral
90,7,curiosity,1|4|11|22,amusement|approval|disgust|realization
91,11|26,disgust|surprise,0|5|6|10|18|23|27,admiration|caring|confusion|disapproval|love|relief|neutral
92,2|10,anger|disapproval,0|2|7|10|13|15|18,admiration|anger|curiosity|disapproval|excitement|gratitude|love
93,1,amusement,1|2|7|11|14,amusement|anger|curiosity|disgust|fear
94,15,gratitude,1|2|6|9|11|13|15|17|18,amusement|anger|confusion|disappointment|disgust|excitement|gratitude|joy|love
95,0,admiration,4|10|25|26,approval|disapproval|sadness|surprise
96,6,confusion,5|6|14|17|27,caring|confusion|fear|joy|neutral
97,5|24,caring|remorse,2|3|5|8|14|18|25|27,anger|annoyance|caring|desire|fear|love|sadness|neutral
98,27,neutral,1|6|9|13|15,amusement|confusion|disappointment|excitement|gratitude
99,27,neutral,5|11|15|17|20|25,caring|disgust|gratitude|joy|optimism|sadness
100,5|27,caring|neutral,2|4|5|13|18|26,anger|approval|caring|excitement|love|surprise
101,27,neutral,7|9|13|15|20,curiosity|disappointment|excitement|gratitude|optimism
102,0|18,admiration|love,0|4|8|10|11|18|20|22|26|27,admiration|approval|desire|disapproval|disgust|love|optimism|realization|surprise|neutral
103,27,neutral,4|6|15|20|25,approval|confusion|gratitude|optimism|sadness
104,14,fear,0|6|7|10|15|17|18,admiration|confusion|curiosity|disapproval|gratitude|joy|love
105,0|17,admiration|joy,0|2|13|15|22|27,admiration|anger|excitement|gratitude|realization|neutral
106,17,joy,0|1|3|7|8|9|22|27,admiration|amusement|annoyance|curiosity|desire|disappointment|realization|neutral
107,4,approval,2|7|10|18|25|26|27,anger|curiosity|disapproval|love|sadness|surprise|neutral
108,1|4,amusement|approval,0|3|6|8|10|13|26,admiration|annoyance|confusion|desire|disapproval|excitement|surprise
109,7,curiosity,1|2|3|18|20|22|25,amusement|anger|annoyance|love|optimism|realization|sadness
110,15|27,gratitude|neutral,3|10|15|27,annoyance|disapproval|gratitude|neutral
111,27,neutral,0|5|6|7|14|27,admiration|caring|confusion|curiosity|fear|neutral
112,20,optimism,0|1|3|9|11|12|27,admiration|amusement|annoyance|disappointment|disgust|embarrassment|neutral
113,23,relief,3|4|9|14|15|18|20|21|22|24|25,annoyance|approval|disappointment|fear|gratitude|love|optimism|pride|realization|remorse|sadness
114,27,neutral,4|6|8|24|26|27,approval|confusion|desire|remorse|surprise|neutral
115,27,neutral,2|15|25,anger|gratitude|sadness
116,27,neutral,4|9|20|26,approval|disappointment|optimism|surprise
117,15,gratitude,0|1|3|7|9|13|14|15|17|18|20|22|26|27,admiration|amusement|annoyance|curiosity|disappointment|excitement|fear|gratitude|joy|love|optimism|realization|surprise|neutral
118,4,approval,0|4|5|10|14|18|25,admiration|approval|caring|disapproval|fear|love|sadness
119,1|27,amusement|neutral,1|22|24|27,amusement|realization|remorse|neutral
120,18,love,10|15|18|20|27,disapproval|gratitude|love|optimism|neutral
121,11|12,disgust|embarrassment,1|2|3|22|27,amusement|anger|annoyance|realization|neutral
122,7,curiosity,6|7|8|11|18|22|25|27,confusion|curiosity|desire|disgust|love|realization|sadness|neutral
123,13|17,excitement|joy,5|6|8|10|13|15|17|25|26,caring|confusion|desire|disapproval|excitement|gratitude|joy|sadness|surprise
124,3|27,annoyance|neutral,1|3|10|15|18,amusement|annoyance|disapproval|gratitude|love
125,25,sadness,4|5|7|9|18|20|26,approval|caring|curiosity|disappointment|love|optimism|surprise
126,27,neutral,2|3|9|11|27,anger|annoyance|disappointment|disgust|neutral
127,2,anger,0|2|3|10|18|25,admiration|anger|annoyance|disapproval|love|sadness
128,27,neutral,7|9|10|22|25|27,curiosity|disappointment|disapproval|realization|sadness|neutral
129,0,admiration,3|4|6|8|13|15|18,annoyance|approval|confusion|desire|excitement|gratitude|love
130,17,joy,5|6|11|26,caring|confusion|disgust|surprise
131,5,caring,2|3|10|17|18,anger|annoyance|disapproval|joy|love
132,6|27,confusion|neutral,0|1|3|8|9|10|13|15|20|26,admiration|amusement|annoyance|desire|disappointment|disapproval|excitement|gratitude|optimism|surprise
133,11,disgust,11|17|27,disgust|joy|neutral
134,4,approval,1|2|6|10|11|18|22,amusement|anger|confusion|disapproval|disgust|love|realization
135,27,neutral,0|2|6|15|18|27,admiration|anger|confusion|gratitude|love|neutral
136,15,gratitude,1|2|3|5|6|7|15|19|20,amusement|anger|annoyance|caring|confusion|curiosity|gratitude|nervousness|optimism
137,4,approval,1|2|4|6|9|14|27,amusement|anger|approval|confusion|disappointment|fear|neutral
138,7,curiosity,3|4|14|27,annoyance|approval|fear|neutral
139,5,caring,0|2|3|10|11|15|17|25,admiration|anger|annoyance|disapproval|disgust|gratitude|joy|sadness
140,27,neutral,0|2|5|17|18|27,admiration|anger|caring|joy|love|neutral
141,0,admiration,0|4|7|9|10|13|22|25,admiration|approval|curiosity|disappointment|disapproval|excitement|realization|sadness
142,27,neutral,2|3|6|9|10|11|12|25,anger|annoyance|confusion|disappointment|disapproval|disgust|embarrassment|sadness
143,27,neutral,0|10|11|20,admiration|disapproval|disgust|optimism
144,10,disapproval,0|5|9|25,admiration|caring|disappointment|sadness
145,27,neutral,0|2|3|4|13|15|17|20|27,admiration|anger|annoyance|approval|excitement|gratitude|joy|optimism|neutral
146,4|20,approval|optimism,0|4|11|15|18|21|22|26|27,admiration|approval|disgust|gratitude|love|pride|realization|surprise|neutral
147,7,curiosity,1|3|7|9|15|24|27,amusement|annoyance|curiosity|disappointment|gratitude|remorse|neutral
148,26,surprise,2|5|6|9|13|20|22|26|27,anger|caring|confusion|disappointment|excitement|optimism|realization|surprise|neutral
149,27,neutral,0|1|3|4|15|25,admiration|amusement|annoyance|approval|gratitude|sadness
150,27,neutral,1|2|4|5|6|9|15|18|22|26|27,amusement|anger|approval|caring|confusion|disappointment|gratitude|love|realization|surprise|neutral
151,27,neutral,6|7|9|27,confusion|curiosity|disappointment|neutral
152,17,joy,0|1|14|17|27,admiration|amusement|fear|joy|neutral
153,15,gratitude,1|3|6|7|9|10|25|26|27,amusement|annoyance|confusion|curiosity|disappointment|disapproval|sadness|surprise|neutral
154,13,excitement,0|3|9|10|14|17|18|22,admiration|annoyance|disappointment|disapproval|fear|joy|love|realization
155,26,surprise,0|2|3|7|20|27,admiration|anger|annoyance|curiosity|optimism|neutral
156,2,anger,0|6|7|9|10|11|22|27,admiration|confusion|curiosity|disappointment|disapproval|disgust|realization|neutral
157,27,neutral,0|6|10|11|25,admiration|confusion|disapproval|disgust|sadness
158,4,approval,6|8|15|22|24|26|27,confusion|desire|gratitude|realization|remorse|surprise|neutral
159,0,admiration,1|2|9|15|20|22|26,amusement|anger|disappointment|gratitude|optimism|realization|surprise
160,17,joy,0|1|15,admiration|amusement|gratitude
161,4,approval,1|3|18|22|26|27,amusement|annoyance|love|realization|surprise|neutral
162,4|5,approval|caring,0|6|7|25|26,admiration|confusion|curiosity|sadness|surprise
163,27,neutral,7|13|14|27,curiosity|excitement|fear|neutral
164,7,curiosity,1|2|3|7|9|10|20|24,amusement|anger|annoyance|curiosity|disappointment|disapproval|optimism|remorse
165,24,remorse,3|7|9|11|15|20,annoyance|curiosity|disappointment|disgust|gratitude|optimism
166,12|26,embarrassment|surprise,8|10|11|17|20|26|27,desire|disapproval|disgust|joy|optimism|surprise|neutral
167,27,neutral,2|7|9|11|18,anger|curiosity|disappointment|disgust|love
168,0|25,admiration|sadness,3|4|15|22|27,annoyance|approval|gratitude|realization|neutral
169,4,approval,1|6|15|18|22,amusement|confusion|gratitude|love|realization
170,17,joy,1|4|7|14|20|26|27,amusement|approval|curiosity|fear|optimism|surprise|neutral
171,27,neutral,0|1|3|4|8|17|22,admiration|amusement|annoyance|approval|desire|joy|realization
172,27,neutral,3|7|11|13|15|17|22|25|26,annoyance|curiosity|disgust|excitement|gratitude|joy|realization|sadness|surprise
173,5,caring,1|3|4|6|8|20,amusement|annoyance|approval|confusion|desire|optimism
174,15,gratitude,0|2|3|4|5|9|10|13|20|22|26,admiration|anger|annoyance|approval|caring|disappointment|disapproval|excitement|optimism|realization|surprise
175,27,neutral,2|5|7|9|10|22|24|25,anger|caring|curiosity|disappointment|disapproval|realization|remorse|sadness
176,10,disapproval,1|3|5|7|15|17|18|22,amusement|annoyance|caring|curiosity|gratitude|joy|love|realization
177,17,joy,2|4|9|10|11|22|27,anger|approval|disappointment|disapproval|disgust|realization|neutral
178,27,neutral,0|1|3|4|17|18,admiration|amusement|annoyance|approval|joy|love
179,10,disapproval,1|8|11|13|15|20|25,amusement|desire|disgust|excitement|gratitude|optimism|sadness
180,15,gratitude,9|11|13|15|17|20|26|27,disappointment|disgust|excitement|gratitude|joy|optimism|surprise|neutral
181,4,approval,0|1|2|5|9|15|17|22|25,admiration|amusement|anger|caring|disappointment|gratitude|joy|realization|sadness
182,27,neutral,1|2|5|7|13|27,amusement|anger|caring|curiosity|excitement|neutral
183,27,neutral,7|15|22|27,curiosity|gratitude|realization|neutral
184,2,anger,3|5|9|10|11|27,annoyance|caring|disappointment|disapproval|disgust|neutral
185,18,love,0|2|8|9|15|27,admiration|anger|desire|disappointment|gratitude|neutral
186,5,caring,1|3|4|7|8|11|18|26,amusement|annoyance|approval|curiosity|desire|disgust|love|surprise
187,7,curiosity,2|6|9|15|17|18|20,anger|confusion|disappointment|gratitude|joy|love|optimism
188,1|5,amusement|caring,5|6|17|20|27,caring|confusion|joy|optimism|neutral
189,10,disapproval,0|4|9|13|17|18|22|24|27,admiration|approval|disappointment|excitement|joy|love|realization|remorse|neutral
190,27,neutral,3|7|17|20|22,annoyance|curiosity|joy|optimism|realization
191,27,neutral,0|4|5|6|7|11,admiration|approval|caring|confusion|curiosity|disgust
192,7,curiosity,0|4|6|9|15|18|20|27,admiration|approval|confusion|disappointment|gratitude|love|optimism|neutral
193,9,disappointment,3|4|7|11|13|18,annoyance|approval|curiosity|disgust|excitement|love
194,15,gratitude,0|2|3|4|5|8|11|15|17|20|22|26,admiration|anger|annoyance|approval|caring|desire|disgust|gratitude|joy|optimism|realization|surprise
195,27,neutral,8|10|15|25|27,desire|disapproval|gratitude|sadness|neutral
196,27,neutral,4|6|9|22|27,approval|confusion|disappointment|realization|neutral
197,4|5,approval|caring,5|9|10|18|24|25,caring|disappointment|disapproval|love|remorse|sadness
198,3,annoyance,6|7|14|15|17|26|27,confusion|curiosity|fear|gratitude|joy|surprise|neutral
199,1,amusement,1|4|9|15|24|25|27,amusement|approval|disappointment|gratitude|remorse|sadness|neutral
200,15,gratitude,0|1|3|6|7|9|11|14|17|22,admiration|amusement|annoyance|confusion|curiosity|disappointment|disgust|fear|joy|realization
201,27,neutral,4|5|10|18,approval|caring|disapproval|love
202,27,neutral,1|5|11|15|22|27,amusement|caring|disgust|gratitude|realization|neutral
203,27,neutral,1|2|4|6|11|24|27,amusement|anger|approval|confusion|disgust|remorse|neutral
204,7,curiosity,4|7|10,approval|curiosity|disapproval
205,0|9,admiration|disappointment,0|2|3|7|9|10|15|25|26|27,admiration|anger|annoyance|curiosity|disappointment|disapproval|gratitude|sadness|surprise|neutral
206,0,admiration,2|5|10|11|18|19|27,anger|caring|disapproval|disgust|love|nervousness|neutral
207,0,admiration,0|1|4|15|18,admiration|amusement|approval|gratitude|love
208,27,neutral,0|1|5|6|9|14|24,admiration|amusement|caring|confusion|disappointment|fear|remorse
209,18,love,0|1|10|27,admiration|amusement|disapproval|neutral
210,5,caring,0|3|7|14|15|20|26,admiration|annoyance|curiosity|fear|gratitude|optimism|surprise
211,9,disappointment,9|15|20|24|26|27,disappointment|gratitude|optimism|remorse|surprise|neutral
212,2,anger,0|2|4|8|9|10|13|15|17|22|25,admiration|anger|approval|desire|disappointment|disapproval|excitement|gratitude|joy|realization|sadness
213,27,neutral,3|5|7|18|25,annoyance|caring|curiosity|love|sadness
214,10,disapproval,4|15|27,approval|gratitude|neutral
215,15,gratitude,0|4|7|9|15|27,admiration|approval|curiosity|disappointment|gratitude|neutral
216,18,love,6|8|15|26|27,confusion|desire|gratitude|surprise|neutral
217,27,neutral,0|8|17|18|25|26,admiration|desire|joy|love|sadness|surprise
218,1|20,amusement|optimism,1|10|14|24|27,amusement|disapproval|fear|remorse|neutral
219,27,neutral,0|1|2|4|6|9|26,admiration|amusement|anger|approval|confusion|disappointment|surprise
220,24,remorse,0|2|3|4|6|10|17|18|25,admiration|anger|annoyance|approval|confusion|disapproval|joy|love|sadness
221,5,caring,2|4|6|7|8|9|14|15|17|24|27,anger|approval|confusion|curiosity|desire|disappointment|fear|gratitude|joy|remorse|neutral
222,13,excitement,0|3|6|15|17|18|20|25,admiration|annoyance|confusion|gratitude|joy|love|optimism|sadness
223,27,neutral,0|5|6|10|17|20|22|25,admiration|caring|confusion|disapproval|joy|optimism|realization|sadness
224,4,approval,1|3|4|7,amusement|annoyance|approval|curiosity
225,6|27,confusion|neutral,0|4|7|12|22|25,admiration|approval|curiosity|embarrassment|realization|sadness
226,8,desire,2|5|6|7|20,anger|caring|confusion|curiosity|optimism
227,25,sadness,0|3|4|10|15|27,admiration|annoyance|approval|disapproval|gratitude|neutral
228,27,neutral,3|4|8|11|20|22|26,annoyance|approval|desire|disgust|optimism|realization|surprise
229,7|15,curiosity|gratitude,2|7|8|10|27,anger|curiosity|desire|disapproval|neutral
230,0,admiration,2|3|6|8|10|13|20|22|26,anger|annoyance|confusion|desire|disapproval|excitement|optimism|realization|surprise
231,18|20,love|optimism,0|1|4|9|17|27,admiration|amusement|approval|disappointment|joy|neutral
232,7,curiosity,2|6|15|20|25|27,anger|confusion|gratitude|optimism|sadness|neutral
233,21,pride,3|4|5|9|10|11|17|20|25,annoyance|approval|caring|disappointment|disapproval|disgust|joy|optimism|sadness
234,3,annoyance,0|20|22|25|26|27,admiration|optimism|realization|sadness|surprise|neutral
235,18|20,love|optimism,1|6|7|9|11|13|17|20|22|25|26|27,amusement|confusion|curiosity|disappointment|disgust|excitement|joy|optimism|realization|sadness|surprise|neutral
236,15,gratitude,2|6|7|13|15,anger|confusion|curiosity|excitement|gratitude
237,18,love,11|15|17|18|22|27,disgust|gratitude|joy|love|realization|neutral
238,4,approval,3|6|7|8|10|11|12|25,annoyance|confusion|curiosity|desire|disapproval|disgust|embarrassment|sadness
239,27,neutral,4|10|25,approval|disapproval|sadness
240,15,gratitude,2|5|7|15|27,anger|caring|curiosity|gratitude|neutral
241,27,neutral,2|3|22|27,anger|annoyance|realization|neutral
242,0,admiration,0|1|3|6|9|18|22|25|27,admiration|amusement|annoyance|confusion|disappointment|love|realization|sadness|neutral
243,15,gratitude,3|5|8|17|18|20,annoyance|caring|desire|joy|love|optimism
244,4,approval,2|3|4|17|18|20|27,anger|annoyance|approval|joy|love|optimism|neutral
245,20,optimism,1|2|5|6|7|11|12|17|25|26,amusement|anger|caring|confusion|curiosity|disgust|embarrassment|joy|sadness|surprise
246,13,excitement,1|5|9|18|20|22|26,amusement|caring|disappointment|love|optimism|realization|surprise
247,27,neutral,0|7|10|15|17,admiration|curiosity|disapproval|gratitude|joy
248,27,neutral,2|3|7|10|15|20,anger|annoyance|curiosity|disapproval|gratitude|optimism
249,3,annoyance,18|20|27,love|optimism|neutral
250,27,neutral,3|8|13|15|17|20,annoyance|desire|excitement|gratitude|joy|optimism
251,1,amusement,3|5|6|10|14|15|17|26|27,annoyance|caring|confusion|disapproval|fear|gratitude|joy|surprise|neutral
252,27,neutral,0|1|3|10|15|25|27,admiration|amusement|annoyance|disapproval|gratitude|sadness|neutral
253,27,neutral,1|3|27,amusement|annoyance|neutral
254,4|17|27,approval|joy|neutral,10|20|22|24,disapproval|optimism|realization|remorse
255,27,neutral,0|1|3|4|6|10|15,admiration|amusement|annoyance|approval|confusion|disapproval|gratitude
256,27,neutral,0|1|5|6|11|14|17|18|20|24,admiration|amusement|caring|confusion|disgust|fear|joy|love|optimism|remorse
257,9|22,disappointment|realization,1|4|13|15|17|24|25|27,amusement|approval|excitement|gratitude|joy|remorse|sadness|neutral
258,6,confusion,0|4|7|15|20|22,admiration|approval|curiosity|gratitude|optimism|realization
259,4,approval,0|11|22|27,admiration|disgust|realization|neutral
260,3|10,annoyance|disapproval,2|4|5|7,anger|approval|caring|curiosity
261,5,caring,1|4|7,amusement|approval|curiosity
262,1|20,amusement|optimism,0|3|5|8|10|12|13|15|26,admiration|annoyance|caring|desire|disapproval|embarrassment|excitement|gratitude|surprise
263,10,disapproval,6|15|22|27,confusion|gratitude|realization|neutral
264,27,neutral,4|7|15|22|25|27,approval|curiosity|gratitude|realization|sadness|neutral
265,18|20,love|optimism,1|2|4|9|13|17|22|27,amusement|anger|approval|disappointment|excitement|joy|realization|neutral
266,2,anger,1|4|7|9|17,amusement|approval|curiosity|disappointment|joy
267,7,curiosity,6|8|10|18|27,confusion|desire|disapproval|love|neutral
268,26,surprise,3|7|10|11|14|15|17|18|20|26,annoyance|curiosity|disapproval|disgust|fear|gratitude|joy|love|optimism|surprise
269,2|9,anger|disappointment,11|17|18|24|27,disgust|joy|love|remorse|neutral
270,17,joy,2|3|6|8|20,anger|annoyance|confusion|desire|optimism
271,27,neutral,2|3|10|13|14|18|27,anger|annoyance|disapproval|excitement|fear|love|neutral
272,20,optimism,3|17|27,annoyance|joy|neutral
273,13|17|21,excitement|joy|pride,1|2|3|6|7|13|15|18|24,amusement|anger|annoyance|confusion|curiosity|excitement|gratitude|love|remorse
274,10,disapproval,3|4|7|25|27,annoyance|approval|curiosity|sadness|neutral
275,8,desire,3|10|14|25|27,annoyance|disapproval|fear|sadness|neutral
276,7,curiosity,0|4|22,admiration|approval|realization
277,22,realization,1|3|4|7|13|14|15|18,amusement|annoyance|approval|curiosity|excitement|fear|gratitude|love
278,0|8,admiration|desire,1|3|6|7|8|9|11|17|27,amusement|annoyance|confusion|curiosity|desire|disappointment|disgust|joy|neutral
279,4,approval,1|3|5|6|7|15|18|20|27,amusement|annoyance|caring|confusion|curiosity|gratitude|love|optimism|neutral
280,27,neutral,1|2|3|9,amusement|anger|annoyance|disappointment
281,27,neutral,8|11|15|26|27,desire|disgust|gratitude|surprise|neutral
282,1,amusement,6|7|8|9|15|18|22|25|26,confusion|curiosity|desire|disappointment|gratitude|love|realization|sadness|surprise
283,1|26,amusement|surprise,0|1|3|4|7|10|11|13|17,admiration|amusement|annoyance|approval|curiosity|disapproval|disgust|excitement|joy
284,15,gratitude,1|3|4|8|9|25|27,amusement|annoyance|approval|desire|disappointment|sadness|neutral
285,15,gratitude,2|3|4|7|14|17|25|27,anger|annoyance|approval|curiosity|fear|joy|sadness|neutral
286,8,desire,1|4|10|11|15|25|27,amusement|approval|disapproval|disgust|gratitude|sadness|neutral
287,15,gratitude,3|4|5|7|9|15|20|26,annoyance|approval|caring|curiosity|disappointment|gratitude|optimism|surprise
288,0,admiration,1|4|5|6|15|17|26,amusement|approval|caring|confusion|gratitude|joy|surprise
289,27,neutral,0|1|4|10|13|17|18|20,admiration|amusement|approval|disapproval|excitement|joy|love|optimism
290,25,sadness,3|5|10|20|24|26,annoyance|caring|disapproval|optimism|remorse|surprise
291,27,neutral,1|2|10|18|25|26,amusement|anger|disapproval|love|sadness|surprise
292,19,nervousness,10|11|20|25|27,disapproval|disgust|optimism|sadness|neutral
293,7|8,curiosity|desire,0|10|27,admiration|disapproval|neutral
294,5|10,caring|disapproval,2|4|9|13|15,anger|approval|disappointment|excitement|gratitude
295,4|13,approval|excitement,2|7|9|11|13|14|15|17|20|25|26|27,anger|curiosity|disappointment|disgust|excitement|fear|gratitude|joy|optimism|sadness|surprise|neutral
296,1|17,amusement|joy,5|8|10|12|20|25|27,caring|desire|disapproval|embarrassment|optimism|sadness|neutral
297,8,desire,1|2|6|7|15|27,amusement|anger|confusion|curiosity|gratitude|neutral
298,11|12,disgust|embarrassment,10|14|18|24|27,disapproval|fear|love|remorse|neutral
299,2,anger,2|4|8|14|26,anger|approval|desire|fear|surprise
300,7,curiosity,0|4|5|7|13|22|25|27,admiration|approval|caring|curiosity|excitement|realization|sadness|neutral
301,1,amusement,3|9|17|22,annoyance|disappointment|joy|realization
302,18,love,1|3|7|9|14|20,amusement|annoyance|curiosity|disappointment|fear|optimism
303,9,disappointment,1|2|13|18|26|27,amusement|anger|excitement|love|surprise|neutral
304,27,neutral,0|3|7|14|18|27,admiration|annoyance|curiosity|fear|love|neutral
305,27,neutral,15|17|25|27,gratitude|joy|sadness|neutral
306,27,neutral,0|2|6|7|10|20|25|27,admiration|anger|confusion|curiosity|disapproval|optimism|sadness|neutral
307,0|27,admiration|neutral,2|3|9|13|24|27,anger|annoyance|disappointment|excitement|remorse|neutral
308,27,neutral,3|5|7|9|15|17,annoyance|caring|curiosity|disappointment|gratitude|joy
309,20,optimism,0|1|7|15|18|22,admiration|amusement|curiosity|gratitude|love|realization
310,20,optimism,0|5|10|17|20|27,admiration|caring|disapproval|joy|optimism|neutral
311,10,disapproval,0|4|9|10|13|17|27,admiration|approval|disappointment|disapproval|excitement|joy|neutral
312,7|19,curiosity|nervousness,0|13|23|24|27,admiration|excitement|relief|remorse|neutral
313,27,neutral,0|1|15|17|20|21|26,admiration|amusement|gratitude|joy|optimism|pride|surprise
314,2,anger,0|1|2|4|10|14|15|18|20|24|27,admiration|amusement|anger|approval|disapproval|fear|gratitude|love|optimism|remorse|neutral
315,10,disapproval,0|5|10|13|15|17|18|22|27,admiration|caring|disapproval|excitement|gratitude|joy|love|realization|neutral
316,27,neutral,0|2|3|4|10|13|15|26,admiration|anger|annoyance|approval|disapproval|excitement|gratitude|surprise
317,2,anger,0|1|2|8|9|11|13|15|27,admiration|amusement|anger|desire|disappointment|disgust|excitement|gratitude|neutral
318,27,neutral,3|5|7|8|15|22|26|27,annoyance|caring|curiosity|desire|gratitude|realization|surprise|neutral
319,27,neutral,1|3|5|9|11|15|22|25,amusement|annoyance|caring|disappointment|disgust|gratitude|realization|sadness
320,4,approval,0|3|4|7|11|13|15|18,admiration|annoyance|approval|curiosity|disgust|excitement|gratitude|love
321,3,annoyance,2|3|11|18|22|25,anger|annoyance|disgust|love|realization|sadness
322,27,neutral,1|2|4|11,amusement|anger|approval|disgust
323,10|15,disapproval|gratitude,1|6|9|10|15|17|18|20|22|25|27,amusement|confusion|disappointment|disapproval|gratitude|joy|love|optimism|realization|sadness|neutral
324,1|17,amusement|joy,0|2|4|5|6|7|11|15|20|22|25,admiration|anger|approval|caring|confusion|curiosity|disgust|gratitude|optimism|realization|sadness
325,2|3,anger|annoyance,1|2|5|6|7|26,amusement|anger|caring|confusion|curiosity|surprise
326,27,neutral,1|3|5|8|13|22,amusement|annoyance|caring|desire|excitement|realization
327,27,neutral,0|5|7|9|10|15|22,admiration|caring|curiosity|disappointment|disapproval|gratitude|realization
328,17,joy,1|2|5|7|10|13|15|18|20,amusement|anger|caring|curiosity|disapproval|excitement|gratitude|love|optimism
329,15,gratitude,0|4|5|10|14|20|26,admiration|approval|caring|disapproval|fear|optimism|surprise
330,27,neutral,7|26|27,curiosity|surprise|neutral
331,27,neutral,0|3|10|11|17|25,admiration|annoyance|disapproval|disgust|joy|sadness
332,27,neutral,2|3|7|18|20|25|27,anger|annoyance|curiosity|love|optimism|sadness|neutral
333,27,neutral,1|2|22,amusement|anger|realization
334,20,optimism,3|4|6|7|9|15|18|20|22|26,annoyance|approval|confusion|curiosity|disappointment|gratitude|love|optimism|realization|surprise
335,3,annoyance,0|2|15|17|27,admiration|anger|gratitude|joy|neutral
336,5|24,caring|remorse,1|4|15|22|24|26,amusement|approval|gratitude|realization|remorse|surprise
337,0|15,admiration|gratitude,4|7|10|11|25,approval|curiosity|disapproval|disgust|sadness
338,25,sadness,0|5|7|11|15|17|18|20,admiration|caring|curiosity|disgust|gratitude|joy|love|optimism
339,3,annoyance,1|3|8|10|20|27,amusement|annoyance|desire|disapproval|optimism|neutral
340,13,excitement,0|1|6|9|22|25,admiration|amusement|confusion|disappointment|realization|sadness
341,0,admiration,2|6|8|10|11|15|27,anger|confusion|desire|disapproval|disgust|gratitude|neutral
342,1,amusement,0|1|2|3|5|13,admiration|amusement|anger|annoyance|caring|excitement
343,27,neutral,0|1|8|10|26|27,admiration|amusement|desire|disapproval|surprise|neutral
344,7,curiosity,0|2|13|18|26,admiration|anger|excitement|love|surprise
345,14,fear,7|11|13|17|20|26|27,curiosity|disgust|excitement|joy|optimism|surprise|neutral
346,27,neutral,0|5|6|7|24|25|27,admiration|caring|confusion|curiosity|remorse|sadness|neutral
347,3,annoyance,0|3|4|9|10|18,admiration|annoyance|approval|disappointment|disapproval|love
348,13,excitement,1|2|3|6|7|9|15|25,amusement|anger|annoyance|confusion|curiosity|disappointment|gratitude|sadness
349,0|5|20,admiration|caring|optimism,2|3|7|10|11|15|17,anger|annoyance|curiosity|disapproval|disgust|gratitude|joy
350,26,surprise,1|2|3|5|9|15|20|25,amusement|anger|annoyance|caring|disappointment|gratitude|optimism|sadness
351,27,neutral,2|15|22,anger|gratitude|realization
352,27,neutral,14|22|25|27,fear|realization|sadness|neutral
353,5,caring,0|4|5|8|11|22|25|27,admiration|approval|caring|desire|disgust|realization|sadness|neutral
354,6|27,confusion|neutral,3|5|9|10|17|20|27,annoyance|caring|disappointment|disapproval|joy|optimism|neutral
355,7,curiosity,5|10|25|27,caring|disapproval|sadness|neutral
356,26,surprise,1|2|4|7|27,amusement|anger|approval|curiosity|neutral
357,0,admiration,0|2|3|4|9|17|20|25|27,admiration|anger|annoyance|approval|disappointment|joy|optimism|sadness|neutral
358,27,neutral,1|2|3|4|15,amusement|anger|annoyance|approval|gratitude
359,10|20,disapproval|optimism,0|7|9|15|25,admiration|curiosity|disappointment|gratitude|sadness
360,27,neutral,2|4|5|24,anger|approval|caring|remorse
361,1,amusement,4|18|22|24|27,approval|love|realization|remorse|neutral
362,0,admiration,0|4|7|9|12|13|17,admiration|approval|curiosity|disappointment|embarrassment|excitement|joy
363,3|9,annoyance|disappointment,7|10|17|20|27,curiosity|disapproval|joy|optimism|neutral
364,4,approval,0|3|9|10|13|17|18|20|26,admiration|annoyance|disappointment|disapproval|excitement|joy|love|optimism|surprise
365,0|27,admiration|neutral,0|1|2|15|18|26|27,admiration|amusement|anger|gratitude|love|surprise|neutral
366,0,admiration,4|9|15|17|22|25|27,approval|disappointment|gratitude|joy|realization|sadness|neutral
367,27,neutral,7|9|11|15|17|20|22,curiosity|disappointment|disgust|gratitude|joy|optimism|realization
368,3|9,annoyance|disappointment,0|4|8|12|17|18|27,admiration|approval|desire|embarrassment|joy|love|neutral
369,27,neutral,0|1|4|6|11|15|17|18,admiration|amusement|approval|confusion|disgust|gratitude|joy|love
370,8,desire,3|4|11|13|15|17|26|27,annoyance|approval|disgust|excitement|gratitude|joy|surprise|neutral
371,27,neutral,8|18|22|26|27,desire|love|realization|surprise|neutral
372,6,confusion,0|4|27,admiration|approval|neutral
373,0|18,admiration|love,6|7|20|23|26|27,confusion|curiosity|optimism|relief|surprise|neutral
374,4|6|7,approval|confusion|curiosity,4|10|12|13|15|22|24,approval|disapproval|embarrassment|excitement|gratitude|realization|remorse
375,27,neutral,1|2|9|10|25|27,amusement|anger|disappointment|disapproval|sadness|neutral
376,27,neutral,0|2|7|18|25,admiration|anger|curiosity|love|sadness
377,13,excitement,1|2|10|15|25|26,amusement|anger|disapproval|gratitude|sadness|surprise
378,24,remorse,3|4|6|7|10|15|17|20,annoyance|approval|confusion|curiosity|disapproval|gratitude|joy|optimism
379,20,optimism,1|4|17|25|27,amusement|approval|joy|sadness|neutral
380,18,love,3|5|10|14|22|27,annoyance|caring|disapproval|fear|realization|neutral
381,1|27,amusement|neutral,0|3|5|13|15|17|25,admiration|annoyance|caring|excitement|gratitude|joy|sadness
382,6,confusion,6|7|8|10|18|22|27,confusion|curiosity|desire|disapproval|love|realization|neutral
383,4|27,approval|neutral,3|5|8|10|27,annoyance|caring|desire|disapproval|neutral
384,27,neutral,1|6|10|14|15|18|26|27,amusement|confusion|disapproval|fear|gratitude|love|surprise|neutral
385,6,confusion,0|10|11|14|20|27,admiration|disapproval|disgust|fear|optimism|neutral
386,1,amusement,0|2|3|8|9|25,admiration|anger|annoyance|desire|disappointment|sadness
387,4|27,approval|neutral,1|7|10|17,amusement|curiosity|disapproval|joy
388,10,disapproval,2|11|15|17|22|27,anger|disgust|gratitude|joy|realization|neutral
389,3|9|25,annoyance|disappointment|sadness,0|5|7|15,admiration|caring|curiosity|gratitude
390,4,approval,0|2|3|4|5|11|15|17,admiration|anger|annoyance|approval|caring|disgust|gratitude|joy
391,7,curiosity,4|6|26|27,approval|confusion|surprise|neutral
392,7,curiosity,1|4|5|13|26,amusement|approval|caring|excitement|surprise
393,27,neutral,4|10|25|26,approval|disapproval|sadness|surprise
394,0|9,admiration|disappointment,1|3|4|7|18|26|27,amusement|annoyance|approval|curiosity|love|surprise|neutral
395,27,neutral,3|6|15|17|20,annoyance|confusion|gratitude|joy|optimism
396,0|3,admiration|annoyance,25,sadness
397,25,sadness,4|10|17|20,approval|disapproval|joy|optimism
398,1|11,amusement|disgust,0|2|4|6|7|15|20|27,admiration|anger|approval|confusion|curiosity|gratitude|optimism|neutral
399,2|3,anger|annoyance,0|2|4|8|9|13|15|17|20|22,admiration|anger|approval|desire|disappointment|excitement|gratitude|joy|optimism|realization
400,3,annoyance,1|2|3|4|20|22|27,amusement|anger|annoyance|approval|optimism|realization|neutral
401,27,neutral,1|6|8|12|17|20|22|26,amusement|confusion|desire|embarrassment|joy|optimism|realization|surprise
402,17,joy,3|4|6|9|10|15|24|26,annoyance|approval|confusion|disappointment|disapproval|gratitude|remorse|surprise
403,3,annoyance,0|3|4|7|10|18,admiration|annoyance|approval|curiosity|disapproval|love
404,0,admiration,1|8|10|15|26|27,amusement|desire|disapproval|gratitude|surprise|neutral
405,6,confusion,2|15|27,anger|gratitude|neutral
406,11,disgust,3|5|6|8|9|11|13|15|17|22|24|25|26,annoyance|caring|confusion|desire|disappointment|disgust|excitement|gratitude|joy|realization|remorse|sadness|surprise
407,0,admiration,0|1|4|6|10|11|15|17|22,admiration|amusement|approval|confusion|disapproval|disgust|gratitude|joy|realization
408,27,neutral,4|5|6|8|15|18,approval|caring|confusion|desire|gratitude|love
409,9,disappointment,1|4|6|11|13|17|27,amusement|approval|confusion|disgust|excitement|joy|neutral
410,15,gratitude,1|15|20|22|27,amusement|gratitude|optimism|realization|neutral
411,0,admiration,1|4|17|18|22|27,amusement|approval|joy|love|realization|neutral
412,27,neutral,1|5|7|10|20,amusement|caring|curiosity|disapproval|optimism
413,0|27,admiration|neutral,5|7|9|15|24|25|27,caring|curiosity|disappointment|gratitude|remorse|sadness|neutral
414,10,disapproval,1|3|18|25,amusement|annoyance|love|sadness
415,27,neutral,0|2|3|9|13|17|18|24|26,admiration|anger|annoyance|disappointment|excitement|joy|love|remorse|surprise
416,2|3,anger|annoyance,0|2|6|7|15|17|20|22|26,admiration|anger|confusion|curiosity|gratitude|joy|optimism|realization|surprise
417,27,neutral,4|6|7|14|17|22|26,approval|confusion|curiosity|fear|joy|realization|surprise
418,0|1,admiration|amusement,0|1|6|7|8|9|14|18|25|27,admiration|amusement|confusion|curiosity|desire|disappointment|fear|love|sadness|neutral
419,15,gratitude,5|11|15|18|22|25|26,caring|disgust|gratitude|love|realization|sadness|surprise
420,14,fear,0|5|6|22|23|24|27,admiration|caring|confusion|realization|relief|remorse|neutral
421,11,disgust,4|6|11|15|17|18|27,approval|confusion|disgust|gratitude|joy|love|neutral
422,10,disapproval,0|4|10|20|22|27,admiration|approval|disapproval|optimism|realization|neutral
423,4|14,approval|fear,2|3|5|6|7|10|20|27,anger|annoyance|caring|confusion|curiosity|disapproval|optimism|neutral
424,0,admiration,0|4|7|15|17|18|20|24|27,admiration|approval|curiosity|gratitude|joy|love|optimism|remorse|neutral
425,3|27,annoyance|neutral,0|4|20|25|26|27,admiration|approval|optimism|sadness|surprise|neutral
426,12,embarrassment,1|2|3|7|10|19|27,amusement|anger|annoyance|curiosity|disapproval|nervousness|neutral
427,26,surprise,0|1|3|9|11|17,admiration|amusement|annoyance|disappointment|disgust|joy
428,0|18,admiration|love,0|4|10|11|17|20|21,admiration|approval|disapproval|disgust|joy|optimism|pride
429,22,realization,3|5|6|7|8|15|18|27,annoyance|caring|confusion|curiosity|desire|gratitude|love|neutral
430,11,disgust,0|6|20|27,admiration|confusion|optimism|neutral
431,24,remorse,1|5|7|9|11|14|17|25|27,amusement|caring|curiosity|disappointment|disgust|fear|joy|sadness|neutral
432,7,curiosity,4|7|10|17|25,approval|curiosity|disapproval|joy|sadness
433,27,neutral,1|2|3|17|22,amusement|anger|annoyance|joy|realization
434,0,admiration,1|3|18|20|22|27,amusement|annoyance|love|optimism|realization|neutral
435,3,annoyance,0|3|4|5|8,admiration|annoyance|approval|caring|desire
436,27,neutral,7|15|17|18|20,curiosity|gratitude|joy|love|optimism
437,27,neutral,0|1|4|6|10|11|17,admiration|amusement|approval|confusion|disapproval|disgust|joy
438,7|26,curiosity|surprise,3|4|6|18|20|27,annoyance|approval|confusion|love|optimism|neutral
439,27,neutral,0|2|7|11|14|22,admiration|anger|curiosity|disgust|fear|realization
440,0,admiration,1|5|6|7|9|13|17|18|22|27,amusement|caring|confusion|curiosity|disappointment|excitement|joy|love|realization|neutral
441,27,neutral,3|4|9|11|27,annoyance|approval|disappointment|disgust|neutral
442,7,curiosity,4|27,approval|neutral
443,10,disapproval,3|4|7|9|10|26,annoyance|approval|curiosity|disappointment|disapproval|surprise
444,25,sadness,0|1|4|6|10|13|18|26,admiration|amusement|approval|confusion|disapproval|excitement|love|surprise
445,24|25,remorse|sadness,0|3|4|7|8|9|10|17|20|22,admiration|annoyance|approval|curiosity|desire|disappointment|disapproval|joy|optimism|realization
446,1|27,amusement|neutral,0|8|10|15|25,admiration|desire|disapproval|gratitude|sadness
447,25,sadness,0|2|3|4|7|10,admiration|anger|annoyance|approval|curiosity|disapproval
448,24,remorse,3|5|6|7|15|20|22,annoyance|caring|confusion|curiosity|gratitude|optimism|realization
449,13,excitement,3|9|11|17|20|27,annoyance|disappointment|disgust|joy|optimism|neutral
450,0|4,admiration|approval,1|5|6|7|15|17,amusement|caring|confusion|curiosity|gratitude|joy
451,4|21,approval|pride,4|7|8|10|14|15|18|25|26,approval|curiosity|desire|disapproval|fear|gratitude|love|sadness|surprise
452,4,approval,5|7|10|26|27,caring|curiosity|disapproval|surprise|neutral
453,18,love,0|8|27,admiration|desire|neutral
454,27,neutral,10|13|25,disapproval|excitement|sadness
455,25,sadness,0|4|6|7|13|15|17,admiration|approval|confusion|curiosity|excitement|gratitude|joy
456,27,neutral,2|5|11|15|18|27,anger|caring|disgust|gratitude|love|neutral
457,4,approval,0|1|2|6|20|22|26|27,admiration|amusement|anger|confusion|optimism|realization|surprise|neutral
458,26,surprise,6|7|15|25|26|27,confusion|curiosity|gratitude|sadness|surprise|neutral
459,27,neutral,0|4|10|15|20|27,admiration|approval|disapproval|gratitude|optimism|neutral
460,27,neutral,0|4|5|6|8|9|27,admiration|approval|caring|confusion|desire|disappointment|neutral
461,6,confusion,3|5|20|25|26,annoyance|caring|optimism|sadness|surprise
462,27,neutral,1|2|3|4|6|9|10,amusement|anger|annoyance|approval|confusion|disappointment|disapproval
463,7,curiosity,0|3|4|5|6|7|22,admiration|annoyance|approval|caring|confusion|curiosity|realization
464,0|20,admiration|optimism,6|24,confusion|remorse
465,27,neutral,2|3|5|6|13|14,anger|annoyance|caring|confusion|excitement|fear
466,9,disappointment,0|1|4|5|13|15|25|27,admiration|amusement|approval|caring|excitement|gratitude|sadness|neutral
467,27,neutral,2|3|7|15|18|25,anger|annoyance|curiosity|gratitude|love|sadness
468,27,neutral,0|10|20|26,admiration|disapproval|optimism|surprise
469,21,pride,4|5|7|18|27,approval|caring|curiosity|love|neutral
470,27,neutral,0|3|5|8|12|13|17|20|22,admiration|annoyance|caring|desire|embarrassment|excitement|joy|optimism|realization
471,0,admiration,0|1|2|15|27,admiration|amusement|anger|gratitude|neutral
472,14,fear,1|3|14|17,amusement|annoyance|fear|joy
473,27,neutral,1|4|9|10|13|15|20|25|27,amusement|approval|disappointment|disapproval|excitement|gratitude|optimism|sadness|neutral
474,27,neutral,1|2|9|12|14|17|18,amusement|anger|disappointment|embarrassment|fear|joy|love
475,27,neutral,0|9|26|27,admiration|disappointment|surprise|neutral
476,17,joy,1|2|7|13|18|20|27,amusement|anger|curiosity|excitement|love|optimism|neutral
477,2|11,anger|disgust,0|1|4|6|8|14|15,admiration|amusement|approval|confusion|desire|fear|gratitude
478,27,neutral,2|7|10|13|15|25,anger|curiosity|disapproval|excitement|gratitude|sadness
479,0,admiration,1|9|11|15|20|22|25|27,amusement|disappointment|disgust|gratitude|optimism|realization|sadness|neutral
480,26,surprise,4|7|9|18|22,approval|curiosity|disappointment|love|realization
481,4|20,approval|optimism,6|7|20|26|27,confusion|curiosity|optimism|surprise|neutral
482,0,admiration,0|9|11|18|25|27,admiration|disappointment|disgust|love|sadness|neutral
483,10,disapproval,0|4|7|27,admiration|approval|curiosity|neutral
484,2,anger,0|1|4|7|17|24,admiration|amusement|approval|curiosity|joy|remorse
485,11,disgust,3|8|10|25|27,annoyance|desire|disapproval|sadness|neutral
486,15,gratitude,0|3|4|14|17|18|24,admiration|annoyance|approval|fear|joy|love|remorse
487,6|7,confusion|curiosity,0|2|4|18|22,admiration|anger|approval|love|realization
488,1,amusement,0|2|5|8|9|10|17|18,admiration|anger|caring|desire|disappointment|disapproval|joy|love
489,27,neutral,2|3|5|15|17|18|20,anger|annoyance|caring|gratitude|joy|love|optimism
490,10,disapproval,0|2|3|6|10|18|27,admiration|anger|annoyance|confusion|disapproval|love|neutral
491,27,neutral,3|7|8|9|10|17|18|26,annoyance|curiosity|desire|disappointment|disapproval|joy|love|surprise
492,27,neutral,0|1|3|5|9,admiration|amusement|annoyance|caring|disappointment
493,0,admiration,0|2|6|10|11|13|22|27,admiration|anger|confusion|disapproval|disgust|excitement|realization|neutral
494,27,neutral,0|2|5|7|10|13|15|25,admiration|anger|caring|curiosity|disapproval|excitement|gratitude|sadness
495,27,neutral,4|7|15|25,approval|curiosity|gratitude|sadness
496,15|26,gratitude|surprise,0|3|6|8|9|10|13|15|20,admiration|annoyance|confusion|desire|disappointment|disapproval|excitement|gratitude|optimism
497,6,confusion,2|3|27,anger|annoyance|neutral
498,17|20,joy|optimism,4|7|11|13|14|17|18|24,approval|curiosity|disgust|excitement|fear|joy|love|remorse
499,5,caring,1|6|7|22|26|27,amusement|confusion|curiosity|realization|surprise|neutral
500,7,curiosity,4|13|15|18|25,approval|excitement|gratitude|love|sadness
501,0,admiration,0|1|3|4|11|20|22|27,admiration|amusement|annoyance|approval|disgust|optimism|realization|neutral
502,14|22,fear|realization,1|2|5|9|11|13|17|20|22|27,amusement|anger|caring|disappointment|disgust|excitement|joy|optimism|realization|neutral
503,26,surprise,3|5|6|7|20|22|24|25|26,annoyance|caring|confusion|curiosity|optimism|realization|remorse|sadness|surprise
504,4,approval,10|15|22|26|27,disapproval|gratitude|realization|surprise|neutral
505,18,love,0|3|4|7|11|13|17|18|20,admiration|annoyance|approval|curiosity|disgust|excitement|joy|love|optimism
506,18,love,0|2|4|9|14|15|17|26,admiration|anger|approval|disappointment|fear|gratitude|joy|surprise
507,11,disgust,0|1|2|9|10|18|24|27,admiration|amusement|anger|disappointment|disapproval|love|remorse|neutral
508,4,approval,0|4|7|27,admiration|approval|curiosity|neutral
509,20|27,optimism|neutral,0|1|3|4|8|15,admiration|amusement|annoyance|approval|desire|gratitude
510,17|23,joy|relief,5|7|15|25,caring|curiosity|gratitude|sadness
511,10,disapproval,0|1|14|27,admiration|amusement|fear|neutral
512,27,neutral,0|3|6|7|9|11|20|25|26,admiration|annoyance|confusion|curiosity|disappointment|disgust|optimism|sadness|surprise
513,0,admiration,0|1|3|17|25,admiration|amusement|annoyance|joy|sadness
514,12,embarrassment,2|17|27,anger|joy|neutral
515,27,neutral,0|4|22|26|27,admiration|approval|realization|surprise|neutral
516,0,admiration,1|2|4|7|13|27,amusement|anger|approval|curiosity|excitement|neutral
517,2,anger,1|3|7|9|20|27,amusement|annoyance|curiosity|disappointment|optimism|neutral
518,17,joy,0|2|3|7|10|19|27,admiration|anger|annoyance|curiosity|disapproval|nervousness|neutral
519,16|18,grief|love,0|3|10|11|18|24|27,admiration|annoyance|disapproval|disgust|love|remorse|neutral
520,10,disapproval,4|5|7|9|10|13|17|18|27,approval|caring|curiosity|disappointment|disapproval|excitement|joy|love|neutral
521,27,neutral,1|6|7|13,amusement|confusion|curiosity|excitement
522,1|4,amusement|approval,0|4|7|13|15|17|22|26,admiration|approval|curiosity|excitement|gratitude|joy|realization|surprise
523,6,confusion,3|8|9|10|18|20|27,annoyance|desire|disappointment|disapproval|love|optimism|neutral
524,14,fear,4|6|10|15|25|26|27,approval|confusion|disapproval|gratitude|sadness|surprise|neutral
525,26,surprise,1|2|4|5|9|13|20|22,amusement|anger|approval|caring|disappointment|excitement|optimism|realization
526,0|4|17,admiration|approval|joy,0|1|2|5|6|9|10|13|20|25,admiration|amusement|anger|caring|confusion|disappointment|disapproval|excitement|optimism|sadness
527,20,optimism,4|10|14|17|26,approval|disapproval|fear|joy|surprise
528,25,sadness,8|10|15|18|22|27,desire|disapproval|gratitude|love|realization|neutral
529,27,neutral,0|3|4|17|18|24|26,admiration|annoyance|approval|joy|love|remorse|surprise
530,9,disappointment,3|18|27,annoyance|love|neutral
531,1,amusement,0|3|4|9|14|20|27,admiration|annoyance|approval|disappointment|fear|optimism|neutral
532,3,annoyance,3|4|5|15|22,annoyance|approval|caring|gratitude|realization
533,22,realization,1|3|10|15|17|26,amusement|annoyance|disapproval|gratitude|joy|surprise
534,27,neutral,0|1|3|4|8|13|17|18,admiration|amusement|annoyance|approval|desire|excitement|joy|love
535,27,neutral,0|6|7|15|17|18,admiration|confusion|curiosity|gratitude|joy|love
536,18,love,0|1|3|4|7|10|19|20|25,admiration|amusement|annoyance|approval|curiosity|disapproval|nervousness|optimism|sadness
537,27,neutral,2|3|5|10|13|19|20|22|27,anger|annoyance|caring|disapproval|excitement|nervousness|optimism|realization|neutral
538,27,neutral,0|1|7|9|15|27,admiration|amusement|curiosity|disappointment|gratitude|neutral
539,2|26,anger|surprise,3|6|7|9|11|13|17,annoyance|confusion|curiosity|disappointment|disgust|excitement|joy
540,7,curiosity,5|7|9|10|14|15|25|26,caring|curiosity|disappointment|disapproval|fear|gratitude|sadness|surprise
541,5,caring,4|7|10,approval|curiosity|disapproval
542,10,disapproval,5|8|17|27,caring|desire|joy|neutral
543,16|24|25,grief|remorse|sadness,0|3|6|7|10|11|17,admiration|annoyance|confusion|curiosity|disapproval|disgust|joy
544,27,neutral,3|6|17|18|22|27,annoyance|confusion|joy|love|realization|neutral
545,13,excitement,2|4|14,anger|approval|fear
546,0,admiration,0|2|5|9|10|11|15|17|20,admiration|anger|caring|disappointment|disapproval|disgust|gratitude|joy|optimism
547,27,neutral,1|3|5|6|7|10|11|17|22,amusement|annoyance|caring|confusion|curiosity|disapproval|disgust|joy|realization
548,0,admiration,0|1|3|4|6|10|11|18|20|27,admiration|amusement|annoyance|approval|confusion|disapproval|disgust|love|optimism|neutral
549,7,curiosity,1|3|4|11|27,amusement|annoyance|approval|disgust|neutral
550,0,admiration,0|10|25,admiration|disapproval|sadness
551,27,neutral,0|1|9|27,admiration|amusement|disappointment|neutral
552,3,annoyance,0|1|2|3|4|9|13|18|20|22,admiration|amusement|anger|annoyance|approval|disappointment|excitement|love|optimism|realization
553,27,neutral,1|5|7|15|17|25,amusement|caring|curiosity|gratitude|joy|sadness
554,17|24,joy|remorse,0|7|8|22|25,admiration|curiosity|desire|realization|sadness
555,0,admiration,0|1|2|4|5|6|15|20|25,admiration|amusement|anger|approval|caring|confusion|gratitude|optimism|sadness
556,20|22,optimism|realization,3|9|15|17|22|25,annoyance|disappointment|gratitude|joy|realization|sadness
557,27,neutral,0|1|2|15|22|25|27,admiration|amusement|anger|gratitude|realization|sadness|neutral
558,5,caring,1|4|5|6|15|26,amusement|approval|caring|confusion|gratitude|surprise
559,11,disgust,0|5|7|14|22|25,admiration|caring|curiosity|fear|realization|sadness
560,9|12,disappointment|embarrassment,3|10|15|20|27,annoyance|disapproval|gratitude|optimism|neutral
561,20,optimism,1|2|10|13|17|18|25,amusement|anger|disapproval|excitement|joy|love|sadness
562,17|27,joy|neutral,2|4|9|25|27,anger|approval|disappointment|sadness|neutral
563,27,neutral,0|7|10|24,admiration|curiosity|disapproval|remorse
564,7,curiosity,0|4|6|10|15|18|22|26,admiration|approval|confusion|disapproval|gratitude|love|realization|surprise
565,0|18,admiration|love,1|3|4|7|8|9|10|11|12|18,amusement|annoyance|approval|curiosity|desire|disappointment|disapproval|disgust|embarrassment|love
566,27,neutral,0|2|3|5|15|17|20|22,admiration|anger|annoyance|caring|gratitude|joy|optimism|realization
567,9,disappointment,0|1|3|7|9|13|14|17|18|20,admiration|amusement|annoyance|curiosity|disappointment|excitement|fear|joy|love|optimism
568,0,admiration,0|1|12|18|25|26,admiration|amusement|embarrassment|love|sadness|surprise
569,7,curiosity,2|7|11|18|20|26,anger|curiosity|disgust|love|optimism|surprise
570,22,realization,6|7|9|13|18,confusion|curiosity|disappointment|excitement|love
571,27,neutral,1|5|7|9|10|14|17,amusement|caring|curiosity|disappointment|disapproval|fear|joy
572,27,neutral,0|1|4|5|7|11|14|15|18|25,admiration|amusement|approval|caring|curiosity|disgust|fear|gratitude|love|sadness
573,1,amusement,2|6|11|22|25,anger|confusion|disgust|realization|sadness
574,15,gratitude,1|3|11|15|18|20|22|27,amusement|annoyance|disgust|gratitude|love|optimism|realization|neutral
575,27,neutral,1|2|7,amusement|anger|curiosity
576,20,optimism,0|1|2|12|13|18,admiration|amusement|anger|embarrassment|excitement|love
577,1|17,amusement|joy,0|1|3|15|20|25|27,admiration|amusement|annoyance|gratitude|optimism|sadness|neutral
578,0,admiration,2|4|8|9|10|20,anger|approval|desire|disappointment|disapproval|optimism
579,10|20,disapproval|optimism,3|15|18|20|22,annoyance|gratitude|love|optimism|realization
580,14,fear,3|6|9|13|17|25|27,annoyance|confusion|disappointment|excitement|joy|sadness|neutral
581,4|21,approval|pride,2|3|7|10|15,anger|annoyance|curiosity|disapproval|gratitude
582,15|20,gratitude|optimism,2|3|7|9|11|20|27,anger|annoyance|curiosity|disappointment|disgust|optimism|neutral
583,7,curiosity,2|4|22|25|26,anger|approval|realization|sadness|surprise
584,3,annoyance,1|5|7|8|10|15|17|26,amusement|caring|curiosity|desire|disapproval|gratitude|joy|surprise
585,27,neutral,5|11|18|22|27,caring|disgust|love|realization|neutral
586,27,neutral,1|2|6|13|18|22|27,amusement|anger|confusion|excitement|love|realization|neutral
587,13|15|26,excitement|gratitude|surprise,0|5|6|7|27,admiration|caring|confusion|curiosity|neutral
588,27,neutral,0|1|4|7|15|20,admiration|amusement|approval|curiosity|gratitude|optimism
589,27,neutral,0|2|3|15|17|26,admiration|anger|annoyance|gratitude|joy|surprise
590,6,confusion,0|9|15|20|27,admiration|disappointment|gratitude|optimism|neutral
591,27,neutral,1|3|5|9|10|12|15|20,amusement|annoyance|caring|disappointment|disapproval|embarrassment|gratitude|optimism
592,1,amusement,2|3|4|25|27,anger|annoyance|approval|sadness|neutral
593,0,admiration,5|15|18|20,caring|gratitude|love|optimism
594,9|26,disappointment|surprise,1|3|6|11|15|22|25|26|27,amusement|annoyance|confusion|disgust|gratitude|realization|sadness|surprise|neutral
595,7,curiosity,4|6|7|9|11|13|14|17|22|25,approval|confusion|curiosity|disappointment|disgust|excitement|fear|joy|realization|sadness
596,20,optimism,5|7|9|10|11|13|18|22|24|25,caring|curiosity|disappointment|disapproval|disgust|excitement|love|realization|remorse|sadness
597,0,admiration,4|6|9|10|13|15|27,approval|confusion|disappointment|disapproval|excitement|gratitude|neutral
598,1,amusement,1|3|4|8|10|11|15|18|20,amusement|annoyance|approval|desire|disapproval|disgust|gratitude|love|optimism
599,18,love,1|2|3|4|6|10|11|17|18,amusement|anger|annoyance|approval|confusion|disapproval|disgust|joy|love
600,10|27,disapproval|neutral,5|6|7|8|9|15|20,caring|confusion|curiosity|desire|disappointment|gratitude|optimism
601,27,neutral,1|4|6|7|17|27,amusement|approval|confusion|curiosity|joy|neutral
602,3|5|22,annoyance|caring|realization,2|3|5|6|22|27,anger|annoyance|caring|confusion|realization|neutral
603,27,neutral,1|2|6|8|9|14|17|20|25,amusement|anger|confusion|desire|disappointment|fear|joy|optimism|sadness
604,20,optimism,2|10|18,anger|disapproval|love
605,4|10|27,approval|disapproval|neutral,3|4|8|9|11|18|20|22|25,annoyance|approval|desire|disappointment|disgust|love|optimism|realization|sadness
606,25,sadness,0|2|4|7|9|27,admiration|anger|approval|curiosity|disappointment|neutral
607,2|18,anger|love,0|1|9|10|15|23|26|27,admiration|amusement|disappointment|disapproval|gratitude|relief|surprise|neutral
608,4,approval,0|2|3|4|7|25,admiration|anger|annoyance|approval|curiosity|sadness
609,7|27,curiosity|neutral,0|2|15|17|24,admiration|anger|gratitude|joy|remorse
610,4|27,approval|neutral,1|4|5|22|26|27,amusement|approval|caring|realization|surprise|neutral
611,0|17,admiration|joy,1|10|13|15|17|18|27,amusement|disapproval|excitement|gratitude|joy|love|neutral
612,27,neutral,2|5|7,anger|caring|curiosity
613,6,confusion,0|10|14|17|26|27,admiration|disapproval|fear|joy|surprise|neutral
614,0,admiration,4|8|9|17|18|22|26,approval|desire|disappointment|joy|love|realization|surprise
615,3,annoyance,6|7|9|18|20|24|25|27,confusion|curiosity|disappointment|love|optimism|remorse|sadness|neutral
616,0,admiration,0|1|9|13|17|18,admiration|amusement|disappointment|excitement|joy|love
617,14,fear,1|2|4|8|10|15|20|27,amusement|anger|approval|desire|disapproval|gratitude|optimism|neutral
618,2|25,anger|sadness,1|2|4|11,amusement|anger|approval|disgust
619,1,amusement,2|3|4|7|20,anger|annoyance|approval|curiosity|optimism
620,7,curiosity,2|3|7|10|11|27,anger|annoyance|curiosity|disapproval|disgust|neutral
621,9|10,disappointment|disapproval,1|27,amusement|neutral
622,18,love,0|3|4|5|11|15,admiration|annoyance|approval|caring|disgust|gratitude
623,1|10,amusement|disapproval,2|4|9|10|17|27,anger|approval|disappointment|disapproval|joy|neutral
624,6,confusion,1|2|10|14|18|22,amusement|anger|disapproval|fear|love|realization
625,18,love,5|9|13|18|25|27,caring|disappointment|excitement|love|sadness|neutral
626,3,annoyance,2|6|9|10|27,anger|confusion|disappointment|disapproval|neutral
627,0|15,admiration|gratitude,0|1|2|3|4|9|27,admiration|amusement|anger|annoyance|approval|disappointment|neutral
628,18,love,0|2|3|7|8|15|20,admiration|anger|annoyance|curiosity|desire|gratitude|optimism
629,19,nervousness,0|2|5|6|9|10|27,admiration|anger|caring|confusion|disappointment|disapproval|neutral
630,7|27,curiosity|neutral,5|11|14|15|22|27,caring|disgust|fear|gratitude|realization|neutral
631,0|7,admiration|curiosity,0|4|20|22,admiration|approval|optimism|realization
632,10,disapproval,0|1|2|10|11|20|27,admiration|amusement|anger|disapproval|disgust|optimism|neutral
633,7,curiosity,0|2|3|4|7|27,admiration|anger|annoyance|approval|curiosity|neutral
634,20|27,optimism|neutral,1|18|25|26|27,amusement|love|sadness|surprise|neutral
635,17,joy,1|6|18|25|27,amusement|confusion|love|sadness|neutral
636,25,sadness,0|1|10|13|15|20|25,admiration|amusement|disapproval|excitement|gratitude|optimism|sadness
637,10|20,disapproval|optimism,1|2,amusement|anger
638,8,desire,3|11|17|18|20|26,annoyance|disgust|joy|love|optimism|surprise
639,27,neutral,4|5|6|17|25|27,approval|caring|confusion|joy|sadness|neutral
640,5,caring,4|6|11|17|18|25|27,approval|confusion|disgust|joy|love|sadness|neutral
641,27,neutral,0|1|4|7|10|14|15|20,admiration|amusement|approval|curiosity|disapproval|fear|gratitude|optimism
642,5,caring,0|1|4|9|12|13|15|18|20,admiration|amusement|approval|disappointment|embarrassment|excitement|gratitude|love|optimism
643,1,amusement,2|4|9|22|27,anger|approval|disappointment|realization|neutral
644,18,love,3|10|15|17|27,annoyance|disapproval|gratitude|joy|neutral
645,13|17,excitement|joy,3|4|6|8|9|13|18|22,annoyance|approval|confusion|desire|disappointment|excitement|love|realization
646,0|20|24,admiration|optimism|remorse,1|4|8|9|10|13|22|25,amusement|approval|desire|disappointment|disapproval|excitement|realization|sadness
647,15|20,gratitude|optimism,0|1|3|5|13|20|22,admiration|amusement|annoyance|caring|excitement|optimism|realization
648,0|15,admiration|gratitude,2|3|4|8|17|18|22,anger|annoyance|approval|desire|joy|love|realization
649,10,disapproval,0|4|5|10|15,admiration|approval|caring|disapproval|gratitude
650,11,disgust,1|6|8|9|13|15|18,amusement|confusion|desire|disappointment|excitement|gratitude|love
651,2,anger,1|3|4|6|7|10|22,amusement|annoyance|approval|confusion|curiosity|disapproval|realization
652,27,neutral,2|3|4|5|20|22,anger|annoyance|approval|caring|optimism|realization
653,1,amusement,13|17,excitement|joy
654,0,admiration,6|7|10|11|14|15|17|20|26,confusion|curiosity|disapproval|disgust|fear|gratitude|joy|optimism|surprise
655,27,neutral,0|4|5|6|18|27,admiration|approval|caring|confusion|love|neutral
656,5,caring,2|3|5|20|22|27,anger|annoyance|caring|optimism|realization|neutral
657,2,anger,0|1|5|7|10|20,admiration|amusement|caring|curiosity|disapproval|optimism
658,11,disgust,2|6|9|13|14|17|27,anger|confusion|disappointment|excitement|fear|joy|neutral
659,6,confusion,0|1|4|5|9|13|17|24|25,admiration|amusement|approval|caring|disappointment|excitement|joy|remorse|sadness
660,26,surprise,2|4|7|10|11|15|20|24|27,anger|approval|curiosity|disapproval|disgust|gratitude|optimism|remorse|neutral
661,22,realization,3|5|7|13|20|27,annoyance|caring|curiosity|excitement|optimism|neutral
662,27,neutral,9|15|18,disappointment|gratitude|love
663,1,amusement,1|2|3|4|7|10|13|26,amusement|anger|annoyance|approval|curiosity|disapproval|excitement|surprise
664,27,neutral,2|5|15|27,anger|caring|gratitude|neutral
665,22,realization,1|4|5|7|8|9|27,amusement|approval|caring|curiosity|desire|disappointment|neutral
666,6,confusion,4|22|24|25|27,approval|realization|remorse|sadness|neutral
667,10,disapproval,6|15|27,confusion|gratitude|neutral
668,4,approval,2|9|13|17|18,anger|disappointment|excitement|joy|love
669,27,neutral,0|3|7|17|18|26|27,admiration|annoyance|curiosity|joy|love|surprise|neutral
670,27,neutral,0|2|3|6|9|10|15|17|22,admiration|anger|annoyance|confusion|disappointment|disapproval|gratitude|joy|realization
671,3,annoyance,7|10|18|25|27,curiosity|disapproval|love|sadness|neutral
672,15,gratitude,1|3|6|9|18,amusement|annoyance|confusion|disappointment|love
673,27,neutral,0|2|3|5|10|17|21|22|25|27,admiration|anger|annoyance|caring|disapproval|joy|pride|realization|sadness|neutral
674,0,admiration,1|4|7|17|27,amusement|approval|curiosity|joy|neutral
675,27,neutral,3|4|6|7|10|13|14|18|27,annoyance|approval|confusion|curiosity|disapproval|excitement|fear|love|neutral
676,1,amusement,0|20|26,admiration|optimism|surprise
677,6,confusion,4|7|17|26,approval|curiosity|joy|surprise
678,20,optimism,0|1|8|10|20|25|27,admiration|amusement|desire|disapproval|optimism|sadness|neutral
679,3,annoyance,0|3|13|17|18|22|27,admiration|annoyance|excitement|joy|love|realization|neutral
680,1,amusement,1|3|10|11|17|18|25,amusement|annoyance|disapproval|disgust|joy|love|sadness
681,5,caring,4|5|14|22|24|27,approval|caring|fear|realization|remorse|neutral
682,14,fear,0|1|10|15|22,admiration|amusement|disapproval|gratitude|realization
683,6|26,confusion|surprise,0|1|3|4|6|27,admiration|amusement|annoyance|approval|confusion|neutral
684,17,joy,0|3|4|10|27,admiration|annoyance|approval|disapproval|neutral
685,24,remorse,1|3|4|7|11|15|18,amusement|annoyance|approval|curiosity|disgust|gratitude|love
686,2,anger,0|2|3|9|10|11|13,admiration|anger|annoyance|disappointment|disapproval|disgust|excitement
687,27,neutral,1|6|7|9|17|22|27,amusement|confusion|curiosity|disappointment|joy|realization|neutral
688,27,neutral,3|6|10|15|18|22|25|27,annoyance|confusion|disapproval|gratitude|love|realization|sadness|neutral
689,0|22,admiration|realization,0|4|5|8|17|18|26|27,admiration|approval|caring|desire|joy|love|surprise|neutral
690,0|4,admiration|approval,3|4|6|9|10|15|26,annoyance|approval|confusion|disappointment|disapproval|gratitude|surprise
691,8,desire,2|4|6|7|10|11|22|25,anger|approval|confusion|curiosity|disapproval|disgust|realization|sadness
692,4|5,approval|caring,0|1|3|6|8|10|11|17|20|26,admiration|amusement|annoyance|confusion|desire|disapproval|disgust|joy|optimism|surprise
693,4,approval,3|9|10|14|25|26,annoyance|disappointment|disapproval|fear|sadness|surprise
694,7|11|25,curiosity|disgust|sadness,0|10|13|25|27,admiration|disapproval|excitement|sadness|neutral
695,20,optimism,0|1|2|6|9|10|11|15|18|20,admiration|amusement|anger|confusion|disappointment|disapproval|disgust|gratitude|love|optimism
696,27,neutral,0|2|4|5|10|15|19|20|27,admiration|anger|approval|caring|disapproval|gratitude|nervousness|optimism|neutral
697,6|7,confusion|curiosity,0|2|5|7|9|10|17,admiration|anger|caring|curiosity|disappointment|disapproval|joy
698,27,neutral,5|12|15|24|25,caring|embarrassment|gratitude|remorse|sadness
699,22,realization,2|7,anger|curiosity
700,7,curiosity,3|5|9|10|12|15|18|22|23|27,annoyance|caring|disappointment|disapproval|embarrassment|gratitude|love|realization|relief|neutral
701,0|13,admiration|excitement,0|3|6|8|22|26|27,admiration|annoyance|confusion|desire|realization|surprise|neutral
702,27,neutral,0|1|4|12|18,admiration|amusement|approval|embarrassment|love
703,0,admiration,3|4|7|18|25,annoyance|approval|curiosity|love|sadness
704,11|18,disgust|love,0|4|7|15|18|22,admiration|approval|curiosity|gratitude|love|realization
705,7,curiosity,3|5|13|22|25|26,annoyance|caring|excitement|realization|sadness|surprise
706,20,optimism,1|2|6|7|9|17|20|22|25|26,amusement|anger|confusion|curiosity|disappointment|joy|optimism|realization|sadness|surprise
707,1,amusement,0|21|22|27,admiration|pride|realization|neutral
708,27,neutral,7|18|20|25|26|27,curiosity|love|optimism|sadness|surprise|neutral
709,18,love,0|11|17|25|27,admiration|disgust|joy|sadness|neutral
710,2,anger,4|5|6|18,approval|caring|confusion|love
711,3,annoyance,0|3|4|5|11|18|22|27,admiration|annoyance|approval|caring|disgust|love|realization|neutral
712,10,disapproval,2|3|4|11|18|20|27,anger|annoyance|approval|disgust|love|optimism|neutral
713,20,optimism,0|7|12|17|24|26,admiration|curiosity|embarrassment|joy|remorse|surprise
714,27,neutral,1|2|4|6|9|19|20|25,amusement|anger|approval|confusion|disappointment|nervousness|optimism|sadness
715,8|18,desire|love,1|7|25|27,amusement|curiosity|sadness|neutral
716,15,gratitude,4|13|15|18|22|26|27,approval|excitement|gratitude|love|realization|surprise|neutral
717,15,gratitude,0|1|2|3|8|10|14|15|18|20|22,admiration|amusement|anger|annoyance|desire|disapproval|fear|gratitude|love|optimism|realization
718,27,neutral,2|3|4|6|7|9|10|20|27,anger|annoyance|approval|confusion|curiosity|disappointment|disapproval|optimism|neutral
719,9|25,disappointment|sadness,0|7|9|15|17|26,admiration|curiosity|disappointment|gratitude|joy|surprise
720,1,amusement,0|1|4|6|8|9|13|15,admiration|amusement|approval|confusion|desire|disappointment|excitement|gratitude
721,27,neutral,0|5|18,admiration|caring|love
722,27,neutral,0|7|9|11|25,admiration|curiosity|disappointment|disgust|sadness
723,4,approval,1|2|3|4|15|20|25|26,amusement|anger|annoyance|approval|gratitude|optimism|sadness|surprise
724,27,neutral,2|10|13|18|20|25,anger|disapproval|excitement|love|optimism|sadness
725,4,approval,0|1|9|15|17|26,admiration|amusement|disappointment|gratitude|joy|surprise
726,27,neutral,2|5|10|20|24|27,anger|caring|disapproval|optimism|remorse|neutral
727,15,gratitude,1|6|7|10|11|13|18|20|27,amusement|confusion|curiosity|disapproval|disgust|excitement|love|optimism|neutral
728,1,amusement,6|7|13|17|18|22|25|27,confusion|curiosity|excitement|joy|love|realization|sadness|neutral
729,5,caring,11|14|20|25|27,disgust|fear|optimism|sadness|neutral
730,17,joy,0|6|7|9|11|13|14|18,admiration|confusion|curiosity|disappointment|disgust|excitement|fear|love
731,6,confusion,1|2|3|4|17|18|20,amusement|anger|annoyance|approval|joy|love|optimism
732,7,curiosity,3|4|7|8|10|14|15|18|20|24,annoyance|approval|curiosity|desire|disapproval|fear|gratitude|love|optimism|remorse
733,27,neutral,0|5|6|8|18|24|27,admiration|caring|confusion|desire|love|remorse|neutral
734,15,gratitude,4|6|7|14|17|24|26,approval|confusion|curiosity|fear|joy|remorse|surprise
735,17,joy,0|1|6|9|10|11|13|18,admiration|amusement|confusion|disappointment|disapproval|disgust|excitement|love
736,27,neutral,2|13|27,anger|excitement|neutral
737,11,disgust,1|5|6|10|15|18|20|27,amusement|caring|confusion|disapproval|gratitude|love|optimism|neutral
738,27,neutral,1|2|5|9|13|14|15|18|25,amusement|anger|caring|disappointment|excitement|fear|gratitude|love|sadness
739,0|4,admiration|approval,0|1|4|10|13|14|27,admiration|amusement|approval|disapproval|excitement|fear|neutral
740,27,neutral,4|6|7|14|17|18|25|26|27,approval|confusion|curiosity|fear|joy|love|sadness|surprise|neutral
741,10,disapproval,0|3|4|9|10|11|18|22,admiration|annoyance|approval|disappointment|disapproval|disgust|love|realization
742,27,neutral,9|10|15|22|25|27,disappointment|disapproval|gratitude|realization|sadness|neutral
743,6,confusion,1|3|13|14|18|20|25|26,amusement|annoyance|excitement|fear|love|optimism|sadness|surprise
744,27,neutral,0|4|6|14|20|22,admiration|approval|confusion|fear|optimism|realization
745,18,love,0|27,admiration|neutral
746,0,admiration,3|4|6|11|26,annoyance|approval|confusion|disgust|surprise
747,27,neutral,10|15|22|25|27,disapproval|gratitude|realization|sadness|neutral
748,27,neutral,8|17|18|20|25|27,desire|joy|love|optimism|sadness|neutral
749,27,neutral,0|7|17|22|27,admiration|curiosity|joy|realization|neutral
750,1,amusement,0|6|9|13|14|15|17|22,admiration|confusion|disappointment|excitement|fear|gratitude|joy|realization
751,27,neutral,0|1|3|11|15|17|18|20|25,admiration|amusement|annoyance|disgust|gratitude|joy|love|optimism|sadness
752,5,caring,2|3|5|7|9|11|20|22,anger|annoyance|caring|curiosity|disappointment|disgust|optimism|realization
753,14,fear,6|7|18|25|27,confusion|curiosity|love|sadness|neutral
754,27,neutral,2|6|8|15|19,anger|confusion|desire|gratitude|nervousness
755,4|8,approval|desire,1|2|4|5|9|10|20|25|27,amusement|anger|approval|caring|disappointment|disapproval|optimism|sadness|neutral
756,27,neutral,0|3|5|13|15|18|24|25|27,admiration|annoyance|caring|excitement|gratitude|love|remorse|sadness|neutral
757,27,neutral,4|9|18|20|25|27,approval|disappointment|love|optimism|sadness|neutral
758,27,neutral,6|20|27,confusion|optimism|neutral
759,17,joy,4|13|17|20|26,approval|excitement|joy|optimism|surprise
760,27,neutral,0|6|10|18|20|26,admiration|confusion|disapproval|love|optimism|surprise
761,25,sadness,3|7|8|10|11|20|25|26,annoyance|curiosity|desire|disapproval|disgust|optimism|sadness|surprise
762,3|27,annoyance|neutral,0|4|5|15|17|18|27,admiration|approval|caring|gratitude|joy|love|neutral
763,27,neutral,0|2|3|4|10|14|24|25|27,admiration|anger|annoyance|approval|disapproval|fear|remorse|sadness|neutral
764,9,disappointment,3|5|6|7|14|15,annoyance|caring|confusion|curiosity|fear|gratitude
765,27,neutral,0|4|18|27,admiration|approval|love|neutral
766,19|20,nervousness|optimism,0|6|11|15|20|25,admiration|confusion|disgust|gratitude|optimism|sadness
767,27,neutral,1|4|8|15|18|22|25,amusement|approval|desire|gratitude|love|realization|sadness
768,22,realization,1|2|5|6|10|19|20|25|27,amusement|anger|caring|confusion|disapproval|nervousness|optimism|sadness|neutral
769,27,neutral,0|1|9|10|11|18|22|23,admiration|amusement|disappointment|disapproval|disgust|love|realization|relief
770,0,admiration,3|6|7|14|15|20|25,annoyance|confusion|curiosity|fear|gratitude|optimism|sadness
771,10|27,disapproval|neutral,1|13|18,amusement|excitement|love
772,27,neutral,0|2|3|9|11,admiration|anger|annoyance|disappointment|disgust
773,27,neutral,2|3|4|15|25,anger|annoyance|approval|gratitude|sadness
774,0,admiration,0|3|4|5|14|15,admiration|annoyance|approval|caring|fear|gratitude
775,10,disapproval,15|17|20,gratitude|joy|optimism
776,27,neutral,0|11|15|27,admiration|disgust|gratitude|neutral
777,0,admiration,1|2|3|6|7|9|15|25,amusement|anger|annoyance|confusion|curiosity|disappointment|gratitude|sadness
778,0,admiration,0|3|4|6|7|11|20|22,admiration|annoyance|approval|confusion|curiosity|disgust|optimism|realization
779,11,disgust,3|5|9|14|15|18|27,annoyance|caring|disappointment|fear|gratitude|love|neutral
780,4,approval,0|7|8|11|15|20|25|27,admiration|curiosity|desire|disgust|gratitude|optimism|sadness|neutral
781,22,realization,1|9|11|15|18|20|21|22|26|27,amusement|disappointment|disgust|gratitude|love|optimism|pride|realization|surprise|neutral
782,2,anger,1|4|5|6|7|10|11|15|18|27,amusement|approval|caring|confusion|curiosity|disapproval|disgust|gratitude|love|neutral
783,18|20,love|optimism,0|1|2|3|4|6|8|9|15|18|25|26,admiration|amusement|anger|annoyance|approval|confusion|desire|disappointment|gratitude|love|sadness|surprise
784,0,admiration,3|6|7|9|11|15|22|25|26,annoyance|confusion|curiosity|disappointment|disgust|gratitude|realization|sadness|surprise
785,4,approval,3|6|11|18|20|27,annoyance|confusion|disgust|love|optimism|neutral
786,7,curiosity,1|2|3|8|9|11|13|15|17|20|22|25,amusement|anger|annoyance|desire|disappointment|disgust|excitement|gratitude|joy|optimism|realization|sadness
787,27,neutral,0|5|7|10|14|15|18|24,admiration|caring|curiosity|disapproval|fear|gratitude|love|remorse
788,15,gratitude,2|3|4|10|11|15|18|20|22|25|27,anger|annoyance|approval|disapproval|disgust|gratitude|love|optimism|realization|sadness|neutral
789,27,neutral,1|8|17|18,amusement|desire|joy|love
790,4|24,approval|remorse,2|4|6|20|24|26,anger|approval|confusion|optimism|remorse|surprise
791,0|18,admiration|love,1|6|8|22|27,amusement|confusion|desire|realization|neutral
792,11,disgust,0|1|3|6|7|8|11|18,admiration|amusement|annoyance|confusion|curiosity|desire|disgust|love
793,27,neutral,0|1|2|5|6|11|14|15|17|26,admiration|amusement|anger|caring|confusion|disgust|fear|gratitude|joy|surprise
794,27,neutral,3|4|5|7|15|20|26|27,annoyance|approval|caring|curiosity|gratitude|optimism|surprise|neutral
795,27,neutral,0|1|2|4|10|11|25,admiration|amusement|anger|approval|disapproval|disgust|sadness
796,18,love,2|5|11|15|27,anger|caring|disgust|gratitude|neutral
797,1,amusement,0|1|9|15|22,admiration|amusement|disappointment|gratitude|realization
798,17,joy,3|5|12|20|23|26,annoyance|caring|embarrassment|optimism|relief|surprise
799,1,amusement,0|10|27,admiration|disapproval|neutral
800,2,anger,3|10|17|18|24|25|26,annoyance|disapproval|joy|love|remorse|sadness|surprise
801,27,neutral,2|7|11|17|26,anger|curiosity|disgust|joy|surprise
802,17,joy,0|1|7|8|9|10|18,admiration|amusement|curiosity|desire|disappointment|disapproval|love
803,27,neutral,1|2|7|11|26,amusement|anger|curiosity|disgust|surprise
804,17,joy,0|2|3|5|8|13|18|20|22|27,admiration|anger|annoyance|caring|desire|excitement|love|optimism|realization|neutral
805,2,anger,3|4|17|22|27,annoyance|approval|joy|realization|neutral
806,14,fear,1|4|6|11|15|27,amusement|approval|confusion|disgust|gratitude|neutral
807,26,surprise,4|5|9|15|18|22|24,approval|caring|disappointment|gratitude|love|realization|remorse
808,15,gratitude,0|3|4|9|11|13|17|20|27,admiration|annoyance|approval|disappointment|disgust|excitement|joy|optimism|neutral
809,15|20,gratitude|optimism,0|5|7|9|13|15|17|20|22|25,admiration|caring|curiosity|disappointment|excitement|gratitude|joy|optimism|realization|sadness
810,3,annoyance,2|4|7|8|9|11|15|26,anger|approval|curiosity|desire|disappointment|disgust|gratitude|surprise
811,13,excitement,0|13|18|27,admiration|excitement|love|neutral
812,3,annoyance,3|4|5|6|17|20,annoyance|approval|caring|confusion|joy|optimism
813,27,neutral,0|2|7|22|25|26|27,admiration|anger|curiosity|realization|sadness|surprise|neutral
814,8,desire,3|4|6|7|10|13|20|25|27,annoyance|approval|confusion|curiosity|disapproval|excitement|optimism|sadness|neutral
815,3|6,annoyance|confusion,0|1|3|4|12,admiration|amusement|annoyance|approval|embarrassment
816,0,admiration,1|27,amusement|neutral
817,4,approval,0|2|5|18,admiration|anger|caring|love
818,3|9|16,annoyance|disappointment|grief,1|2|3|6|24,amusement|anger|annoyance|confusion|remorse
819,20,optimism,0|1|4|5|10|14|17|27,admiration|amusement|approval|caring|disapproval|fear|joy|neutral
820,20,optimism,0|7|9|11|17|25|26,admiration|curiosity|disappointment|disgust|joy|sadness|surprise
821,27,neutral,2|4|7|8|10|20|26|27,anger|approval|curiosity|desire|disapproval|optimism|surprise|neutral
822,5|24|25,caring|remorse|sadness,0|4|7|11|22|25|26|27,admiration|approval|curiosity|disgust|realization|sadness|surprise|neutral
823,0|8,admiration|desire,0|6|10|15|22|27,admiration|confusion|disapproval|gratitude|realization|neutral
824,27,neutral,13|15|18|25,excitement|gratitude|love|sadness
825,26,surprise,3|4|6|8|10|14|20|22,annoyance|approval|confusion|desire|disapproval|fear|optimism|realization
826,4,approval,3|11|25|27,annoyance|disgust|sadness|neutral
827,27,neutral,7|8|10|26,curiosity|desire|disapproval|surprise
828,3,annoyance,1|2|6|10|15|18,amusement|anger|confusion|disapproval|gratitude|love
829,27,neutral,0|1|2|4|11|27,admiration|amusement|anger|approval|disgust|neutral
830,17,joy,1|6|10|14|18|26|27,amusement|confusion|disapproval|fear|love|surprise|neutral
831,25,sadness,1|2|3|7,amusement|anger|annoyance|curiosity
832,4|7,approval|curiosity,4|5|10|13|18,approval|caring|disapproval|excitement|love
833,5|20,caring|optimism,0|1|3|6|14|18|20|22,admiration|amusement|annoyance|confusion|fear|love|optimism|realization
834,4,approval,1|7|10|11|15|17|18|20|22,amusement|curiosity|disapproval|disgust|gratitude|joy|love|optimism|realization
835,20,optimism,0|9|10|20|22|25,admiration|disappointment|disapproval|optimism|realization|sadness
836,18,love,0|2|4|15|17|18|25|26|27,admiration|anger|approval|gratitude|joy|love|sadness|surprise|neutral
837,17,joy,0|1|3|5|6|11|13|18|24|26,admiration|amusement|annoyance|caring|confusion|disgust|excitement|love|remorse|surprise
838,27,neutral,7|13|14|15|26|27,curiosity|excitement|fear|gratitude|surprise|neutral
839,27,neutral,0|10|18|20,admiration|disapproval|love|optimism
840,27,neutral,1|2|3|4|7|8|15|20|26,amusement|anger|annoyance|approval|curiosity|desire|gratitude|optimism|surprise
841,27,neutral,0|9|14|17|20|22|25,admiration|disappointment|fear|joy|optimism|realization|sadness
842,1|6,amusement|confusion,0|1|2|3|4|6|9|15|18|22,admiration|amusement|anger|annoyance|approval|confusion|disappointment|gratitude|love|realization
843,25,sadness,0|7|10|15|18|25|27,admiration|curiosity|disapproval|gratitude|love|sadness|neutral
844,11,disgust,1|2|10|13|18|26|27,amusement|anger|disapproval|excitement|love|surprise|neutral
845,0,admiration,0|10|11|17|24,admiration|disapproval|disgust|joy|remorse
846,27,neutral,4|6|7|8|17|20,approval|confusion|curiosity|desire|joy|optimism
847,27,neutral,1|2|6|7|11|18|26,amusement|anger|confusion|curiosity|disgust|love|surprise
848,14|26,fear|surprise,15|17|20|24|26,gratitude|joy|optimism|remorse|surprise
849,17,joy,3|5|17|20|27,annoyance|caring|joy|optimism|neutral
850,10,disapproval,0|1|2|5|9|20,admiration|amusement|anger|caring|disappointment|optimism
851,27,neutral,3|4|8|14|15|17|18,annoyance|approval|desire|fear|gratitude|joy|love
852,27,neutral,0|1|4|10|13|27,admiration|amusement|approval|disapproval|excitement|neutral
853,10,disapproval,0|4|5|9|13|15|19|20,admiration|approval|caring|disappointment|excitement|gratitude|nervousness|optimism
854,20|22,optimism|realization,1|2|4|6|9|15|19|20,amusement|anger|approval|confusion|disappointment|gratitude|nervousness|optimism
855,3,annoyance,5|13|15|18|21|26|27,caring|excitement|gratitude|love|pride|surprise|neutral
856,3,annoyance,2|5|6|7|13|15|18,anger|caring|confusion|curiosity|excitement|gratitude|love
857,6,confusion,0|7|9|11,admiration|curiosity|disappointment|disgust
858,27,neutral,0|4|9|10|12|13|17,admiration|approval|disappointment|disapproval|embarrassment|excitement|joy
859,22|26,realization|surprise,1|3|5|7|8|10|20|26,amusement|annoyance|caring|curiosity|desire|disapproval|optimism|surprise
860,3|7,annoyance|curiosity,0|1|6|10|20|25,admiration|amusement|confusion|disapproval|optimism|sadness
861,10|25,disapproval|sadness,2|4|9|11|14|15|18|25,anger|approval|disappointment|disgust|fear|gratitude|love|sadness
862,27,neutral,2|9|10|18,anger|disappointment|disapproval|love
863,4,approval,0|4|7|17|22|27,admiration|approval|curiosity|joy|realization|neutral
864,27,neutral,4|7|10|17|20|22|25|27,approval|curiosity|disapproval|joy|optimism|realization|sadness|neutral
865,0|18,admiration|love,1|5|14|15|20|22,amusement|caring|fear|gratitude|optimism|realization
866,14,fear,4|7|8|10|11|15|18|27,approval|curiosity|desire|disapproval|disgust|gratitude|love|neutral
867,18,love,0|4|10|13|20|26,admiration|approval|disapproval|excitement|optimism|surprise
868,15,gratitude,0|4|6|7|9|13|20|27,admiration|approval|confusion|curiosity|disappointment|excitement|optimism|neutral
869,27,neutral,4|6|10|13|22|25|26,approval|confusion|disapproval|excitement|realization|sadness|surprise
870,1|3,amusement|annoyance,0|6|7|11|14|26|27,admiration|confusion|curiosity|disgust|fear|surprise|neutral
871,27,neutral,0|4|10|14|15|17,admiration|approval|disapproval|fear|gratitude|joy
872,0,admiration,0|2|24|25,admiration|anger|remorse|sadness
873,13,excitement,0|1|2|11|13|15|18|27,admiration|amusement|anger|disgust|excitement|gratitude|love|neutral
874,27,neutral,0|4|6|13|27,admiration|approval|confusion|excitement|neutral
875,27,neutral,0|1|2|4|7|9|12|15|17|18,admiration|amusement|anger|approval|curiosity|disappointment|embarrassment|gratitude|joy|love
876,7,curiosity,0|6|26,admiration|confusion|surprise
877,4,approval,0|3|7|18|26,admiration|annoyance|curiosity|love|surprise
878,1|15,amusement|gratitude,1|3|11|18|25|26|27,amusement|annoyance|disgust|love|sadness|surprise|neutral
879,15|26,gratitude|surprise,2|3|4|6|7|25|27,anger|annoyance|approval|confusion|curiosity|sadness|neutral
880,0,admiration,1|3|4|13|14|17|25|27,amusement|annoyance|approval|excitement|fear|joy|sadness|neutral
881,14,fear,0|1|13|17|26|27,admiration|amusement|excitement|joy|surprise|neutral
882,7|26,curiosity|surprise,0|3|5|6|8|13|22|24|26,admiration|annoyance|caring|confusion|desire|excitement|realization|remorse|surprise
883,1,amusement,1|3|10,amusement|annoyance|disapproval
884,17,joy,3|4|10|14|18|20|25,annoyance|approval|disapproval|fear|love|optimism|sadness
885,27,neutral,15|27,gratitude|neutral
886,0|4,admiration|approval,0|15|17|20|25,admiration|gratitude|joy|optimism|sadness
887,1,amusement,2|3|4|7|9|10|14,anger|annoyance|approval|curiosity|disappointment|disapproval|fear
888,7,curiosity,1|4|6|13|17,amusement|approval|confusion|excitement|joy
889,15|18,gratitude|love,0|2|3|13|17|27,admiration|anger|annoyance|excitement|joy|neutral
890,22,realization,0|4|7|8|9|10|22|27,admiration|approval|curiosity|desire|disappointment|disapproval|realization|neutral
891,9,disappointment,0|15|17|22|26|27,admiration|gratitude|joy|realization|surprise|neutral
892,1,amusement,11|20|22|26|27,disgust|optimism|realization|surprise|neutral
893,27,neutral,0|3|4|9|15|22,admiration|annoyance|approval|disappointment|gratitude|realization
894,25,sadness,4|7|13|15|18|20|24|26,approval|curiosity|excitement|gratitude|love|optimism|remorse|surprise
895,27,neutral,0|5|10|17|27,admiration|caring|disapproval|joy|neutral
896,27,neutral,0|1|2|3|4|8|20|25,admiration|amusement|anger|annoyance|approval|desire|optimism|sadness
897,1,amusement,0|2|4|6|7|11|15|17|25,admiration|anger|approval|confusion|curiosity|disgust|gratitude|joy|sadness
898,4,approval,1|4|6|7|11|21|22,amusement|approval|confusion|curiosity|disgust|pride|realization
899,27,neutral,0|3|7|10|27,admiration|annoyance|curiosity|disapproval|neutral
900,11,disgust,0|14|17|25|27,admiration|fear|joy|sadness|neutral
901,18,love,0|3|10|17,admiration|annoyance|disapproval|joy
902,1,amusement,0|1|8|10|18|27,admiration|amusement|desire|disapproval|love|neutral
903,18,love,1|2|3|5|6|7|11|22|26,amusement|anger|annoyance|caring|confusion|curiosity|disgust|realization|surprise
904,22,realization,2|3|17|22|26,anger|annoyance|joy|realization|surprise
905,18,love,5|9|13|25|27,caring|disappointment|excitement|sadness|neutral
906,9,disappointment,1|4|7|17|25,amusement|approval|curiosity|joy|sadness
907,6,confusion,0|1|2|7|10|25,admiration|amusement|anger|curiosity|disapproval|sadness
908,26,surprise,3|4|10|13|20|27,annoyance|approval|disapproval|excitement|optimism|neutral
909,15,gratitude,3|11|13|17|20|26,annoyance|disgust|excitement|joy|optimism|surprise
910,25,sadness,2|6|7|14|15,anger|confusion|curiosity|fear|gratitude
911,4,approval,2|18|25|27,anger|love|sadness|neutral
912,17|27,joy|neutral,0|17|20|27,admiration|joy|optimism|neutral
913,2,anger,2|5|7|10|14|15|22|25,anger|caring|curiosity|disapproval|fear|gratitude|realization|sadness
914,1,amusement,0|1|2|4|9|14|18|25,admiration|amusement|anger|approval|disappointment|fear|love|sadness
915,1,amusement,6|9|10|13|15|25|27,confusion|disappointment|disapproval|excitement|gratitude|sadness|neutral
916,1,amusement,0|4|6|10|13|14|17,admiration|approval|confusion|disapproval|excitement|fear|joy
917,0,admiration,0|1|9|15|18|27,admiration|amusement|disappointment|gratitude|love|neutral
918,27,neutral,2|3|4|6|11|15|27,anger|annoyance|approval|confusion|disgust|gratitude|neutral
919,4|27,approval|neutral,0|1|5|14,admiration|amusement|caring|fear
920,27,neutral,1|4|5|6|8|10|18|22|27,amusement|approval|caring|confusion|desire|disapproval|love|realization|neutral
921,15,gratitude,0|3|10|17|18|20|27,admiration|annoyance|disapproval|joy|love|optimism|neutral
922,10,disapproval,1|17|18|25|27,amusement|joy|love|sadness|neutral
923,7,curiosity,1|17|20|25|27,amusement|joy|optimism|sadness|neutral
924,25,sadness,0|1|2|4|8|11|13|18,admiration|amusement|anger|approval|desire|disgust|excitement|love
925,3,annoyance,0|3|4|5|7|10|20,admiration|annoyance|approval|caring|curiosity|disapproval|optimism
926,10,disapproval,4|20|26|27,approval|optimism|surprise|neutral
927,2|3,anger|annoyance,3|22|25|26,annoyance|realization|sadness|surprise
928,7|13,curiosity|excitement,0|4|7|8|18|26|27,admiration|approval|curiosity|desire|love|surprise|neutral
929,27,neutral,0|4|5|6|24,admiration|approval|caring|confusion|remorse
930,9,disappointment,0|1|2|7|9|13|14|17|18|26,admiration|amusement|anger|curiosity|disappointment|excitement|fear|joy|love|surprise
931,1,amusement,1|2|3|4|9|13|17|18|22,amusement|anger|annoyance|approval|disappointment|excitement|joy|love|realization
932,0|5,admiration|caring,1|6|13|18,amusement|confusion|excitement|love
933,9|25,disappointment|sadness,2|6|7|10|11|14|18|20|26,anger|confusion|curiosity|disapproval|disgust|fear|love|optimism|surprise
934,27,neutral,15|24|27,gratitude|remorse|neutral
935,27,neutral,1|3|4|6|11|27,amusement|annoyance|approval|confusion|disgust|neutral
936,27,neutral,1|7|8|11|13|17,amusement|curiosity|desire|disgust|excitement|joy
937,2,anger,0|1|2|4|15,admiration|amusement|anger|approval|gratitude
938,0,admiration,0|10|15|16|18|25,admiration|disapproval|gratitude|grief|love|sadness
939,3,annoyance,4|7|9|10|20,approval|curiosity|disappointment|disapproval|optimism
940,27,neutral,3|10,annoyance|disapproval
941,27,neutral,1|3|4|7|15|25|26,amusement|annoyance|approval|curiosity|gratitude|sadness|surprise
942,5,caring,3|6|10|18|23|25,annoyance|confusion|disapproval|love|relief|sadness
943,27,neutral,6|10|15|18|20|24|27,confusion|disapproval|gratitude|love|optimism|remorse|neutral
944,5,caring,1|4|7|10|17|18|20|25,amusement|approval|curiosity|disapproval|joy|love|optimism|sadness
945,27,neutral,4|6|18|26,approval|confusion|love|surprise
946,2,anger,0|5|7|8|18,admiration|caring|curiosity|desire|love
947,4,approval,0|10|20|26|27,admiration|disapproval|optimism|surprise|neutral
948,20,optimism,0|2|3|14|15|22|24|25,admiration|anger|annoyance|fear|gratitude|realization|remorse|sadness
949,15,gratitude,0|1|2|4|6|7|10|18,admiration|amusement|anger|approval|confusion|curiosity|disapproval|love
950,10,disapproval,6|7|8|11|15|18|27,confusion|curiosity|desire|disgust|gratitude|love|neutral
951,9,disappointment,3|4|15|18|25|27,annoyance|approval|gratitude|love|sadness|neutral
952,7,curiosity,4|8|27,approval|desire|neutral
953,1|13,amusement|excitement,0|2|5|15|17|27,admiration|anger|caring|gratitude|joy|neutral
954,4,approval,1|5|6|7|11|14|18,amusement|caring|confusion|curiosity|disgust|fear|love
955,10,disapproval,1|3|5|9|17|20|22|27,amusement|annoyance|caring|disappointment|joy|optimism|realization|neutral
956,27,neutral,2|3|4|11|18|22|27,anger|annoyance|approval|disgust|love|realization|neutral
957,27,neutral,1|2|15|17|20|25,amusement|anger|gratitude|joy|optimism|sadness
958,3|4,annoyance|approval,4|6|10|15|17|25|27,approval|confusion|disapproval|gratitude|joy|sadness|neutral
959,2,anger,0|18|26|27,admiration|love|surprise|neutral
960,27,neutral,3|4|5|10|15|18|27,annoyance|approval|caring|disapproval|gratitude|love|neutral
961,3,annoyance,0|7|8|11|19|20|22|26|27,admiration|curiosity|desire|disgust|nervousness|optimism|realization|surprise|neutral
962,27,neutral,3|14|18|26,annoyance|fear|love|surprise
963,4,approval,4|6|7|10|17|18|26|27,approval|confusion|curiosity|disapproval|joy|love|surprise|neutral
964,17,joy,2|4|6|20|27,anger|approval|confusion|optimism|neutral
965,10,disapproval,1|3|4|5|6|10|17|24|26,amusement|annoyance|approval|caring|confusion|disapproval|joy|remorse|surprise
966,27,neutral,0|6|7|9|13|14|17|18|26,admiration|confusion|curiosity|disappointment|excitement|fear|joy|love|surprise
967,18,love,0|2|4|7|9|10|18,admiration|anger|approval|curiosity|disappointment|disapproval|love
968,27,neutral,13|20|27,excitement|optimism|neutral
969,15|23,gratitude|relief,1|2|4|11|17,amusement|anger|approval|disgust|joy
970,15,gratitude,3|6|9|10|14|27,annoyance|confusion|disappointment|disapproval|fear|neutral
971,10,disapproval,0|1|4|6|20,admiration|amusement|approval|confusion|optimism
972,27,neutral,2|7|18|25|27,anger|curiosity|love|sadness|neutral
973,27,neutral,4|10|13|15|18|20|22,approval|disapproval|excitement|gratitude|love|optimism|realization
974,4,approval,3|4|13|22|25|26,annoyance|approval|excitement|realization|sadness|surprise
975,3|27,annoyance|neutral,1|3|6|7|18|25|26,amusement|annoyance|confusion|curiosity|love|sadness|surprise
976,24,remorse,1|3|6|11|15|17|25,amusement|annoyance|confusion|disgust|gratitude|joy|sadness
977,27,neutral,1|3|4|13|25,amusement|annoyance|approval|excitement|sadness
978,4|22,approval|realization,2|4|6|7|15|25,anger|approval|confusion|curiosity|gratitude|sadness
979,0|17,admiration|joy,2|7|10|11|13|20|22,anger|curiosity|disapproval|disgust|excitement|optimism|realization
980,0|9|10,admiration|disappointment|disapproval,3|4|6|9|15|17|25,annoyance|approval|confusion|disappointment|gratitude|joy|sadness
981,5,caring,0|9|14|27,admiration|disappointment|fear|neutral
982,25,sadness,0|1|7|13|20|24,admiration|amusement|curiosity|excitement|optimism|remorse
983,27,neutral,0|1|4|10|11|15|18|20,admiration|amusement|approval|disapproval|disgust|gratitude|love|optimism
984,15,gratitude,4|6|7|11|13|18|22|26,approval|confusion|curiosity|disgust|excitement|love|realization|surprise
985,0|9|15,admiration|disappointment|gratitude,4|6|7|11|15|22|25,approval|confusion|curiosity|disgust|gratitude|realization|sadness
986,9,disappointment,0|3|4|8|11|15|25|27,admiration|annoyance|approval|desire|disgust|gratitude|sadness|neutral
987,24,remorse,7|8|15|22|25,curiosity|desire|gratitude|realization|sadness
988,11,disgust,3|5|22|27,annoyance|caring|realization|neutral
989,27,neutral,3|7|10|15|20|22|26,annoyance|curiosity|disapproval|gratitude|optimism|realization|surprise
990,0,admiration,2|9|11|13|17|20|26,anger|disappointment|disgust|excitement|joy|optimism|surprise
991,27,neutral,2|4|7|15|17|25,anger|approval|curiosity|gratitude|joy|sadness
992,15,gratitude,0|2|3|4|9|11|22|27,admiration|anger|annoyance|approval|disappointment|disgust|realization|neutral
993,27,neutral,3|7|9|11|14|15|22|26,annoyance|curiosity|disappointment|disgust|fear|gratitude|realization|surprise
994,27,neutral,1|6|10|27,amusement|confusion|disapproval|neutral
995,27,neutral,0|1|2|4|7|9|10|20,admiration|amusement|anger|approval|curiosity|disappointment|disapproval|optimism
996,27,neutral,3|5|7|9|10|13|15|18|20|25|26,annoyance|caring|curiosity|disappointment|disapproval|excitement|gratitude|love|optimism|sadness|surprise
997,27,neutral,0|6|7|11|12|17|22|25,admiration|confusion|curiosity|disgust|embarrassment|joy|realization|sadness
998,15,gratitude,3|4|10|18|20|27,annoyance|approval|disapproval|love|optimism|neutral
999,2|15,anger|gratitude,0|3|4|5|17|18,admiration|annoyance|approval|caring|joy|love
1000,1|7,amusement|curiosity,5|9|17|18|26,caring|disappointment|joy|love|surprise
1001,18,love,4|10|13|26|27,approval|disapproval|excitement|surprise|neutral
1002,2,anger,0|7|8|9|11|18,admiration|curiosity|desire|disappointment|disgust|love
1003,3|6|18,annoyance|confusion|love,0|1|2|5|15|20,admiration|amusement|anger|caring|gratitude|optimism
1004,27,neutral,1|4|10|14|15|20|22|24|27,amusement|approval|disapproval|fear|gratitude|optimism|realization|remorse|neutral
1005,9|10,disappointment|disapproval,2|3|5|11|14|15|17|20|27,anger|annoyance|caring|disgust|fear|gratitude|joy|optimism|neutral
1006,26,surprise,3|5|6|9|11|17|18|20,annoyance|caring|confusion|disappointment|disgust|joy|love|optimism
1007,27,neutral,5|6|15|18|26|27,caring|confusion|gratitude|love|surprise|neutral
1008,17,joy,3|4|9,annoyance|approval|disappointment
1009,27,neutral,1|2|3|4|18,amusement|anger|annoyance|approval|love
1010,7,curiosity,0|4|10|17|25|27,admiration|approval|disapproval|joy|sadness|neutral
1011,27,neutral,0|3|5|9|10|11|17|18|22|26|27,admiration|annoyance|caring|disappointment|disapproval|disgust|joy|love|realization|surprise|neutral
1012,17,joy,2|5|6|11|25,anger|caring|confusion|disgust|sadness
1013,0,admiration,4|6|9|10|20|26|27,approval|confusion|disappointment|disapproval|optimism|surprise|neutral
1014,27,neutral,1|3|4|7|18|20|27,amusement|annoyance|approval|curiosity|love|optimism|neutral
1015,27,neutral,0|1|3|13|27,admiration|amusement|annoyance|excitement|neutral
1016,27,neutral,1|2|3|4|5|6|7,amusement|anger|annoyance|approval|caring|confusion|curiosity
1017,27,neutral,1|25,amusement|sadness
1018,27,neutral,0|2|6|14|15|18|20|22,admiration|anger|confusion|fear|gratitude|love|optimism|realization
1019,2|3,anger|annoyance,0|1|2|15|18|26|27,admiration|amusement|anger|gratitude|love|surprise|neutral
1020,12,embarrassment,0|2|6|7|10|11|15|20|25|26,admiration|anger|confusion|curiosity|disapproval|disgust|gratitude|optimism|sadness|surprise
1021,2|11,anger|disgust,0|1|10|15,admiration|amusement|disapproval|gratitude
1022,7,curiosity,1|4|6|10|17|26,amusement|approval|confusion|disapproval|joy|surprise
1023,7,curiosity,0|1|5|7|24|27,admiration|amusement|caring|curiosity|remorse|neutral
1024,18,love,2|10|13|20|24|27,anger|disapproval|excitement|optimism|remorse|neutral
1025,27,neutral,1|13|14|17|26,amusement|excitement|fear|joy|surprise
1026,25,sadness,0|11|13|17|18|20|26,admiration|disgust|excitement|joy|love|optimism|surprise
1027,9,disappointment,4|5|8|10|15|27,approval|caring|desire|disapproval|gratitude|neutral
1028,1|4|13|17,amusement|approval|excitement|joy,13|15|17|25|26,excitement|gratitude|joy|sadness|surprise
1029,9,disappointment,7|15|18|22|24,curiosity|gratitude|love|realization|remorse
1030,27,neutral,1|3|4|13|15|18|27,amusement|annoyance|approval|excitement|gratitude|love|neutral
1031,9,disappointment,1|3|4|5|7|10|13|15|25|26,amusement|annoyance|approval|caring|curiosity|disapproval|excitement|gratitude|sadness|surprise
1032,20,optimism,0|2|4|20|25|27,admiration|anger|approval|optimism|sadness|neutral
1033,10,disapproval,1|3|6|8|13|18|22|26|27,amusement|annoyance|confusion|desire|excitement|love|realization|surprise|neutral
1034,3,annoyance,3|5|15|20|27,annoyance|caring|gratitude|optimism|neutral
1035,0,admiration,1|4|5|7|8|9|17|18|24|25,amusement|approval|caring|curiosity|desire|disappointment|joy|love|remorse|sadness
1036,0,admiration,4|15|22|27,approval|gratitude|realization|neutral
1037,0|4,admiration|approval,2|4|6|7|8|9|18,anger|approval|confusion|curiosity|desire|disappointment|love
1038,20|27,optimism|neutral,0|2|3|6|9|15|17|18|23|25,admiration|anger|annoyance|confusion|disappointment|gratitude|joy|love|relief|sadness
1039,4,approval,9|20|25|26|27,disappointment|optimism|sadness|surprise|neutral
1040,7,curiosity,0|6|7|9|11|14|15|25|26,admiration|confusion|curiosity|disappointment|disgust|fear|gratitude|sadness|surprise
1041,26,surprise,2|4|5|10|18|22,anger|approval|caring|disapproval|love|realization
1042,3,annoyance,1|3|6|9|15|18|26,amusement|annoyance|confusion|disappointment|gratitude|love|surprise
1043,1,amusement,4|14|17,approval|fear|joy
1044,27,neutral,0|1|2|3|9|12|15|18|24|26,admiration|amusement|anger|annoyance|disappointment|embarrassment|gratitude|love|remorse|surprise
1045,27,neutral,3|5|10|13|20,annoyance|caring|disapproval|excitement|optimism
1046,10,disapproval,1|4|6|7|8|27,amusement|approval|confusion|curiosity|desire|neutral
1047,27,neutral,3|4|9|24|27,annoyance|approval|disappointment|remorse|neutral
1048,27,neutral,2|3|4|5|10|20|22|26|27,anger|annoyance|approval|caring|disapproval|optimism|realization|surprise|neutral
1049,10|18,disapproval|love,4|5|9|10|15|17|25|27,approval|caring|disappointment|disapproval|gratitude|joy|sadness|neutral
1050,27,neutral,0|1|3|6|10|17,admiration|amusement|annoyance|confusion|disapproval|joy
1051,6,confusion,0|1|2|9|25|27,admiration|amusement|anger|disappointment|sadness|neutral
1052,27,neutral,1|3|6|9|10|13|14|18|25|26,amusement|annoyance|confusion|disappointment|disapproval|excitement|fear|love|sadness|surprise
1053,1,amusement,0|1|10|18|26|27,admiration|amusement|disapproval|love|surprise|neutral
1054,27,neutral,7|11|15|27,curiosity|disgust|gratitude|neutral
1055,27,neutral,1|5|6|7|8|9|10|13|20|26,amusement|caring|confusion|curiosity|desire|disappointment|disapproval|excitement|optimism|surprise
1056,10,disapproval,0|7|10|15|17|22|26,admiration|curiosity|disapproval|gratitude|joy|realization|surprise
1057,0,admiration,7|18|22|27,curiosity|love|realization|neutral
1058,17,joy,0|1|2|4|11|17|20|26,admiration|amusement|anger|approval|disgust|joy|optimism|surprise
1059,9,disappointment,1|3|9|10|15|17|20,amusement|annoyance|disappointment|disapproval|gratitude|joy|optimism
1060,5,caring,0|1|3|4|11|15|20|27,admiration|amusement|annoyance|approval|disgust|gratitude|optimism|neutral
1061,3,annoyance,0|4|5|6|7|10|25|27,admiration|approval|caring|confusion|curiosity|disapproval|sadness|neutral
1062,2|3,anger|annoyance,0|1|6|7|10|13|14|17|18,admiration|amusement|confusion|curiosity|disapproval|excitement|fear|joy|love
1063,2|3,anger|annoyance,2|15|27,anger|gratitude|neutral
1064,3,annoyance,0|4|9|10|13|17|18|20|25|26,admiration|approval|disappointment|disapproval|excitement|joy|love|optimism|sadness|surprise
1065,18,love,1|3|9|10|17|19|20,amusement|annoyance|disappointment|disapproval|joy|nervousness|optimism
1066,2,anger,6|11|13|17|18|26|27,confusion|disgust|excitement|joy|love|surprise|neutral
1067,10|18,disapproval|love,4|5|6|7|13|15|24|25,approval|caring|confusion|curiosity|excitement|gratitude|remorse|sadness
1068,10,disapproval,3|5|6|7|11|18|26|27,annoyance|caring|confusion|curiosity|disgust|love|surprise|neutral
1069,9,disappointment,0|1|2|4|6|18,admiration|amusement|anger|approval|confusion|love
1070,27,neutral,2|4|7|8|11|13|18|25|26,anger|approval|curiosity|desire|disgust|excitement|love|sadness|surprise
1071,0,admiration,3|4|6|7|9|10|12|13|14|15|18,annoyance|approval|confusion|curiosity|disappointment|disapproval|embarrassment|excitement|fear|gratitude|love
1072,1,amusement,3|4|10|15|22|25,annoyance|approval|disapproval|gratitude|realization|sadness
1073,4,approval,10|15|18|27,disapproval|gratitude|love|neutral
1074,27,neutral,1|2|9|11|15|17|20|27,amusement|anger|disappointment|disgust|gratitude|joy|optimism|neutral
1075,27,neutral,0|2|10|13|17|18|20,admiration|anger|disapproval|excitement|joy|love|optimism
1076,0,admiration,9|11|20|22|26,disappointment|disgust|optimism|realization|surprise
1077,27,neutral,2|3|7|9|11|15|17|22|25|26,anger|annoyance|curiosity|disappointment|disgust|gratitude|joy|realization|sadness|surprise
1078,27,neutral,2|3|5|6|7|10|15,anger|annoyance|caring|confusion|curiosity|disapproval|gratitude
1079,27,neutral,2|20|27,anger|optimism|neutral
1080,2,anger,0|1|10|13|15|17|18|25,admiration|amusement|disapproval|excitement|gratitude|joy|love|sadness
1081,27,neutral,0|2|4|10,admiration|anger|approval|disapproval
1082,15,gratitude,0|4|7|17|24,admiration|approval|curiosity|joy|remorse
1083,27,neutral,2|4|6|15|26,anger|approval|confusion|gratitude|surprise
1084,18,love,4|7|17|20|25|27,approval|curiosity|joy|optimism|sadness|neutral
1085,20,optimism,1|3|20|26|27,amusement|annoyance|optimism|surprise|neutral
1086,1,amusement,1|9|18,amusement|disappointment|love
1087,22,realization,1|3|10|14|17|18|22|27,amusement|annoyance|disapproval|fear|joy|love|realization|neutral
1088,27,neutral,1|3|7|13|20|26,amusement|annoyance|curiosity|excitement|optimism|surprise
1089,27,neutral,0|2|3|4|14|18|22,admiration|anger|annoyance|approval|fear|love|realization
1090,12,embarrassment,3|5|8|10|14|20,annoyance|caring|desire|disapproval|fear|optimism
1091,1,amusement,1|2|3|6|8|10|18|24|25|27,amusement|anger|annoyance|confusion|desire|disapproval|love|remorse|sadness|neutral
1092,26,surprise,5|6|9|15|18|22|26,caring|confusion|disappointment|gratitude|love|realization|surprise
1093,27,neutral,1|3|4|10|14|24|27,amusement|annoyance|approval|disapproval|fear|remorse|neutral
1094,0|2|18,admiration|anger|love,4|7|8|10|11|18|25,approval|curiosity|desire|disapproval|disgust|love|sadness
1095,24,remorse,2|6|7|11|14|18|22,anger|confusion|curiosity|disgust|fear|love|realization
1096,15,gratitude,0|4|7|8|9|10|20,admiration|approval|curiosity|desire|disappointment|disapproval|optimism
1097,27,neutral,0|1|4|6|7|10|15|22|26,admiration|amusement|approval|confusion|curiosity|disapproval|gratitude|realization|surprise
1098,15|18,gratitude|love,6|7|10|18|27,confusion|curiosity|disapproval|love|neutral
1099,15,gratitude,0|4|8|11|20|24|25,admiration|approval|desire|disgust|optimism|remorse|sadness
1100,0|18,admiration|love,7|11|17|18|27,curiosity|disgust|joy|love|neutral
1101,27,neutral,0|1|6|9|18|20,admiration|amusement|confusion|disappointment|love|optimism
1102,20,optimism,1|4|5|6|7|8|11|13|18|27,amusement|approval|caring|confusion|curiosity|desire|disgust|excitement|love|neutral
1103,27,neutral,3|4|6|8|10|11|26,annoyance|approval|confusion|desire|disapproval|disgust|surprise
1104,0,admiration,2|3|4|9|10|27,anger|annoyance|approval|disappointment|disapproval|neutral
1105,0,admiration,0|10|15,admiration|disapproval|gratitude
1106,14,fear,4|6|9|12|20,approval|confusion|disappointment|embarrassment|optimism
1107,27,neutral,0|1|4|6|7|13|15|17|26,admiration|amusement|approval|confusion|curiosity|excitement|gratitude|joy|surprise
1108,15,gratitude,3|7|14|15|17|20|22,annoyance|curiosity|fear|gratitude|joy|optimism|realization
1109,2,anger,1|5|6|7|18,amusement|caring|confusion|curiosity|love
1110,3|27,annoyance|neutral,2|11|13|27,anger|disgust|excitement|neutral
1111,2,anger,1|3|6|7|8|17|18|20|22,amusement|annoyance|confusion|curiosity|desire|joy|love|optimism|realization
1112,3,annoyance,0|1|5|13|14|20|27,admiration|amusement|caring|excitement|fear|optimism|neutral
1113,4|17|22|23,approval|joy|realization|relief,1|4|6|9|20|22|25|27,amusement|approval|confusion|disappointment|optimism|realization|sadness|neutral
1114,0|11,admiration|disgust,1|7|20|22,amusement|curiosity|optimism|realization
1115,27,neutral,0|1|2|7|13|17|18|27,admiration|amusement|anger|curiosity|excitement|joy|love|neutral
1116,9,disappointment,1|3|4|7|8|17|22|27,amusement|annoyance|approval|curiosity|desire|joy|realization|neutral
1117,22,realization,3|5|6|10|11|17|20,annoyance|caring|confusion|disapproval|disgust|joy|optimism
1118,0,admiration,5|7|11|15|17|27,caring|curiosity|disgust|gratitude|joy|neutral
1119,27,neutral,13|15|27,excitement|gratitude|neutral
1120,27,neutral,0|1|5|7|8|20,admiration|amusement|caring|curiosity|desire|optimism
1121,9,disappointment,1|2|9|10|20|27,amusement|anger|disappointment|disapproval|optimism|neutral
1122,6,confusion,5|13|17|25|26,caring|excitement|joy|sadness|surprise
1123,7,curiosity,3|5|6|7|10|11|15|22|26,annoyance|caring|confusion|curiosity|disapproval|disgust|gratitude|realization|surprise
1124,27,neutral,0|4,admiration|approval
1125,11,disgust,0|1|2|9|20|27,admiration|amusement|anger|disappointment|optimism|neutral
1126,11,disgust,0|3|5|7|9|14,admiration|annoyance|caring|curiosity|disappointment|fear
1127,11,disgust,0|3|9|17|27,admiration|annoyance|disappointment|joy|neutral
1128,18|20,love|optimism,0|2|15|18|25,admiration|anger|gratitude|love|sadness
1129,4|27,approval|neutral,0|3|4|5|17|20|24|27,admiration|annoyance|approval|caring|joy|optimism|remorse|neutral
1130,26,surprise,0|2|7|12|26|27,admiration|anger|curiosity|embarrassment|surprise|neutral
1131,1,amusement,1|3|5|13|14|22|26|27,amusement|annoyance|caring|excitement|fear|realization|surprise|neutral
1132,27,neutral,2|3|11|17|18|27,anger|annoyance|disgust|joy|love|neutral
1133,0,admiration,0|1|4|6|9|14|22,admiration|amusement|approval|confusion|disappointment|fear|realization
1134,1,amusement,2|3|15|20|27,anger|annoyance|gratitude|optimism|neutral
1135,20,optimism,0|2|3|4|5|7|18|26,admiration|anger|annoyance|approval|caring|curiosity|love|surprise
1136,2|3,anger|annoyance,0|5|10|15|18|20|26,admiration|caring|disapproval|gratitude|love|optimism|surprise
1137,3,annoyance,0|1|2|5,admiration|amusement|anger|caring
1138,1,amusement,0|3|9|22|27,admiration|annoyance|disappointment|realization|neutral
1139,15,gratitude,2|3|20|27,anger|annoyance|optimism|neutral
1140,27,neutral,2|5|13|18|20|27,anger|caring|excitement|love|optimism|neutral
1141,15,gratitude,0|3|7|13|18|22|27,admiration|annoyance|curiosity|excitement|love|realization|neutral
1142,20,optimism,0|4|26|27,admiration|approval|surprise|neutral
1143,27,neutral,0|3|6|20|27,admiration|annoyance|confusion|optimism|neutral
1144,8,desire,4|7|10|11|18|27,approval|curiosity|disapproval|disgust|love|neutral
1145,18,love,0|5|7|9|10|18|20|25|27,admiration|caring|curiosity|disappointment|disapproval|love|optimism|sadness|neutral
1146,26,surprise,0|1|4|5|8|9|10|18|19|24|25,admiration|amusement|approval|caring|desire|disappointment|disapproval|love|nervousness|remorse|sadness
1147,11,disgust,5|17|18|22|26|27,caring|joy|love|realization|surprise|neutral
1148,27,neutral,0|4|5|10|14|15|17|18|20,admiration|approval|caring|disapproval|fear|gratitude|joy|love|optimism
1149,13|27,excitement|neutral,0|1|3|4|5|6|11|27,admiration|amusement|annoyance|approval|caring|confusion|disgust|neutral
1150,27,neutral,0|4|6|7|20|27,admiration|approval|confusion|curiosity|optimism|neutral
1151,27,neutral,0|1|4|15|18|22,admiration|amusement|approval|gratitude|love|realization
1152,15,gratitude,3|10|11|17|24|25|26|27,annoyance|disapproval|disgust|joy|remorse|sadness|surprise|neutral
1153,9|18,disappointment|love,4|27,approval|neutral
1154,27,neutral,3|5|9|11|12|18|20|26,annoyance|caring|disappointment|disgust|embarrassment|love|optimism|surprise
1155,10,disapproval,0|3|6|7|8|20|22|24,admiration|annoyance|confusion|curiosity|desire|optimism|realization|remorse
1156,4,approval,0|1|4|8|10|11|13|17|18|22,admiration|amusement|approval|desire|disapproval|disgust|excitement|joy|love|realization
1157,27,neutral,0|6|7|19|21|26,admiration|confusion|curiosity|nervousness|pride|surprise
1158,27,neutral,3|7|11|12|20|22|25,annoyance|curiosity|disgust|embarrassment|optimism|realization|sadness
1159,2|18,anger|love,0|5|17|18|21|24|27,admiration|caring|joy|love|pride|remorse|neutral
1160,0,admiration,1|2|3|4|6|8|18|22|26,amusement|anger|annoyance|approval|confusion|desire|love|realization|surprise
1161,27,neutral,0|1|7|27,admiration|amusement|curiosity|neutral
1162,15,gratitude,1|4|6|9|10|14|15|20,amusement|approval|confusion|disappointment|disapproval|fear|gratitude|optimism
1163,10,disapproval,0|1|4|7|13|15|27,admiration|amusement|approval|curiosity|excitement|gratitude|neutral
1164,27,neutral,0|1|10|20,admiration|amusement|disapproval|optimism
1165,1,amusement,2|3|7|11|17|25|27,anger|annoyance|curiosity|disgust|joy|sadness|neutral
1166,27,neutral,3|4|5|14|20,annoyance|approval|caring|fear|optimism
1167,0,admiration,6|7|11|22|24|27,confusion|curiosity|disgust|realization|remorse|neutral
1168,6,confusion,1|2|4|5|10|11,amusement|anger|approval|caring|disapproval|disgust
1169,2,anger,0|4|18|22|27,admiration|approval|love|realization|neutral
1170,3,annoyance,0|1|7|14|26,admiration|amusement|curiosity|fear|surprise
1171,27,neutral,0|3|9|19|27,admiration|annoyance|disappointment|nervousness|neutral
1172,15,gratitude,1|4|9|18|24|27,amusement|approval|disappointment|love|remorse|neutral
1173,0,admiration,2|18|27,anger|love|neutral
1174,4,approval,0|1|2|3|7|11|12|18|22,admiration|amusement|anger|annoyance|curiosity|disgust|embarrassment|love|realization
1175,18,love,2|3|5|9|10|15|18|20,anger|annoyance|caring|disappointment|disapproval|gratitude|love|optimism
1176,1,amusement,4|7|9|27,approval|curiosity|disappointment|neutral
1177,4|22,approval|realization,1|2|3|20|27,amusement|anger|annoyance|optimism|neutral
1178,0,admiration,1|6|9|15|18|22|27,amusement|confusion|disappointment|gratitude|love|realization|neutral
1179,27,neutral,0|2|3|5|10|18|22,admiration|anger|annoyance|caring|disapproval|love|realization
1180,1,amusement,0|2|4|5|7|27,admiration|anger|approval|caring|curiosity|neutral
1181,2|3,anger|annoyance,0|4|18|27,admiration|approval|love|neutral
1182,27,neutral,0|3|22,admiration|annoyance|realization
1183,13,excitement,5|7|10|15|18|22,caring|curiosity|disapproval|gratitude|love|realization
1184,0,admiration,10|17|18|22|25|26|27,disapproval|joy|love|realization|sadness|surprise|neutral
1185,27,neutral,1|3|4|17|20|21|22|27,amusement|annoyance|approval|joy|optimism|pride|realization|neutral
1186,27,neutral,1|2|3|4|9|10|18,amusement|anger|annoyance|approval|disappointment|disapproval|love
1187,10,disapproval,0|2|3|10|25,admiration|anger|annoyance|disapproval|sadness
1188,27,neutral,0|1|10|19|25,admiration|amusement|disapproval|nervousness|sadness
1189,22,realization,4|17|20|27,approval|joy|optimism|neutral
1190,26,surprise,3|7|13|14|17|18|22|27,annoyance|curiosity|excitement|fear|joy|love|realization|neutral
1191,3,annoyance,7|20|25|27,curiosity|optimism|sadness|neutral
1192,27,neutral,1|3|4|5|7|13|17|25,amusement|annoyance|approval|caring|curiosity|excitement|joy|sadness
1193,27,neutral,2|3|4|27,anger|annoyance|approval|neutral
1194,27,neutral,3|5|8|17|18|20|22,annoyance|caring|desire|joy|love|optimism|realization
1195,20,optimism,1|4|6|11|18|25,amusement|approval|confusion|disgust|love|sadness
1196,13,excitement,0|1|4|7|10|18,admiration|amusement|approval|curiosity|disapproval|love
1197,5,caring,2|4|6|7|8|20|25,anger|approval|confusion|curiosity|desire|optimism|sadness
1198,22,realization,5|10|15|22,caring|disapproval|gratitude|realization
1199,6|27,confusion|neutral,2|9|15|27,anger|disappointment|gratitude|neutral
1200,25,sadness,3|7|13|15|17|26,annoyance|curiosity|excitement|gratitude|joy|surprise
1201,0,admiration,1|3|4|5|7|8|9|10|17|25,amusement|annoyance|approval|caring|curiosity|desire|disappointment|disapproval|joy|sadness
1202,9,disappointment,1|2|3|8|18|26,amusement|anger|annoyance|desire|love|surprise
1203,21,pride,0|3|5|14|15|18|25,admiration|annoyance|caring|fear|gratitude|love|sadness
1204,1,amusement,2|3|4|5|7|8|11|13|18,anger|annoyance|approval|caring|curiosity|desire|disgust|excitement|love
1205,0,admiration,0|2|3|10|13|20|22|27,admiration|anger|annoyance|disapproval|excitement|optimism|realization|neutral
1206,15,gratitude,5|6|7|12|15|17|18|25|27,caring|confusion|curiosity|embarrassment|gratitude|joy|love|sadness|neutral
1207,10,disapproval,1|3|4|5|9|12|17|22|24|25,amusement|annoyance|approval|caring|disappointment|embarrassment|joy|realization|remorse|sadness
1208,27,neutral,0|9|10|15|17|27,admiration|disappointment|disapproval|gratitude|joy|neutral
1209,18,love,0|2|3|10|17|22,admiration|anger|annoyance|disapproval|joy|realization
1210,15,gratitude,1|2|7|8|12|17|20|22|25|27,amusement|anger|curiosity|desire|embarrassment|joy|optimism|realization|sadness|neutral
1211,7|27,curiosity|neutral,5|7|10|24|27,caring|curiosity|disapproval|remorse|neutral
1212,17,joy,0|3|22|25|26,admiration|annoyance|realization|sadness|surprise
1213,17,joy,1|2|7|10|13,amusement|anger|curiosity|disapproval|excitement
1214,2,anger,5|11|15|22|25|26|27,caring|disgust|gratitude|realization|sadness|surprise|neutral
1215,0,admiration,3|5|9|13|15|17|18|25,annoyance|caring|disappointment|excitement|gratitude|joy|love|sadness
1216,27,neutral,0|2|3|4|5|9|13,admiration|anger|annoyance|approval|caring|disappointment|excitement
1217,1,amusement,5|7|9|15|18|26,caring|curiosity|disappointment|gratitude|love|surprise
1218,25,sadness,2|3|9|10|15|18|20|22,anger|annoyance|disappointment|disapproval|gratitude|love|optimism|realization
1219,1,amusement,6|7|8|9|27,confusion|curiosity|desire|disappointment|neutral
1220,18,love,1|2|3|4|6|7|13|15|17|18|25|26,amusement|anger|annoyance|approval|confusion|curiosity|excitement|gratitude|joy|love|sadness|surprise
1221,15,gratitude,5|26|27,caring|surprise|neutral
1222,26,surprise,1|3|4|6|10|15|17|18|20,amusement|annoyance|approval|confusion|disapproval|gratitude|joy|love|optimism
1223,18,love,4|8|10|13|22|26,approval|desire|disapproval|excitement|realization|surprise
1224,18,love,1|2|15|16|25|27,amusement|anger|gratitude|grief|sadness|neutral
1225,27,neutral,1|2|9|14,amusement|anger|disappointment|fear
1226,0,admiration,1|5|7|27,amusement|caring|curiosity|neutral
1227,17,joy,3|9|18|20|27,annoyance|disappointment|love|optimism|neutral
1228,27,neutral,1|2|3|4|5|6|7|9|10|20|25,amusement|anger|annoyance|approval|caring|confusion|curiosity|disappointment|disapproval|optimism|sadness
1229,24,remorse,1|2|3|6|10|15|17|18|25,amusement|anger|annoyance|confusion|disapproval|gratitude|joy|love|sadness
1230,27,neutral,2|7|8|18|20|22,anger|curiosity|desire|love|optimism|realization
1231,27,neutral,2|3|4|9|11|22|25,anger|annoyance|approval|disappointment|disgust|realization|sadness
1232,27,neutral,0|9|10|15|17|18|20|25,admiration|disappointment|disapproval|gratitude|joy|love|optimism|sadness
1233,10,disapproval,4|26|27,approval|surprise|neutral
1234,27,neutral,3|4|8|14|15|27,annoyance|approval|desire|fear|gratitude|neutral
1235,0,admiration,1|4|9|15|18,amusement|approval|disappointment|gratitude|love
1236,15,gratitude,2|5|6|9|17|18,anger|caring|confusion|disappointment|joy|love
1237,3,annoyance,1|3|4|10|11|14|24,amusement|annoyance|approval|disapproval|disgust|fear|remorse
1238,1,amusement,3|4|9|10|11|14|22|27,annoyance|approval|disappointment|disapproval|disgust|fear|realization|neutral
1239,27,neutral,7|10|13|20|22|26|27,curiosity|disapproval|excitement|optimism|realization|surprise|neutral
1240,27,neutral,0|1|3|4|10|17|20|26,admiration|amusement|annoyance|approval|disapproval|joy|optimism|surprise
1241,27,neutral,3|5|7|11|18|27,annoyance|caring|curiosity|disgust|love|neutral
1242,27,neutral,0|4|15|16|18|22,admiration|approval|gratitude|grief|love|realization
1243,27,neutral,6|7|10|15|17|22|27,confusion|curiosity|disapproval|gratitude|joy|realization|neutral
1244,15,gratitude,1|2|3|7|13|15|20|24|25,amusement|anger|annoyance|curiosity|excitement|gratitude|optimism|remorse|sadness
1245,1|20,amusement|optimism,0|2|9|10|13|17|18|25|26,admiration|anger|disappointment|disapproval|excitement|joy|love|sadness|surprise
1246,1|22,amusement|realization,7|10|20|25|27,curiosity|disapproval|optimism|sadness|neutral
1247,15,gratitude,4|6|7|9|20,approval|confusion|curiosity|disappointment|optimism
1248,0|16|25,admiration|grief|sadness,2|4|6|7|15|20|22|27,anger|approval|confusion|curiosity|gratitude|optimism|realization|neutral
1249,18,love,2|6|7|15|18|20|27,anger|confusion|curiosity|gratitude|love|optimism|neutral
1250,27,neutral,3|4|8|11|27,annoyance|approval|desire|disgust|neutral
1251,27,neutral,1|6|7|10|14|22|24|27,amusement|confusion|curiosity|disapproval|fear|realization|remorse|neutral
1252,3,annoyance,10|15|18|20|23|25,disapproval|gratitude|love|optimism|relief|sadness
1253,27,neutral,0|10|15|16|17|22,admiration|disapproval|gratitude|grief|joy|realization
1254,0,admiration,3|25|27,annoyance|sadness|neutral
1255,27,neutral,3|4|9|18|27,annoyance|approval|disappointment|love|neutral
1256,27,neutral,1|2|4|5|9|11|13|14|15|17|18|20,amusement|anger|approval|caring|disappointment|disgust|excitement|fear|gratitude|joy|love|optimism
1257,1,amusement,0|1|7|18|20,admiration|amusement|curiosity|love|optimism
1258,7,curiosity,0|4|6|10|11|25|27,admiration|approval|confusion|disapproval|disgust|sadness|neutral
1259,5,caring,0|1|3|6|7|9|10|15,admiration|amusement|annoyance|confusion|curiosity|disappointment|disapproval|gratitude
1260,15|18,gratitude|love,5|7|20|26|27,caring|curiosity|optimism|surprise|neutral
1261,6,confusion,2|4|10|15|22|25|26|27,anger|approval|disapproval|gratitude|realization|sadness|surprise|neutral
1262,4,approval,14|17|18,fear|joy|love
1263,27,neutral,3|7|8|13|18|27,annoyance|curiosity|desire|excitement|love|neutral
1264,27,neutral,0|9|13|15|17|18|22|27,admiration|disappointment|excitement|gratitude|joy|love|realization|neutral
1265,0|4,admiration|approval,0|2|3|6|7|13|15|20,admiration|anger|annoyance|confusion|curiosity|excitement|gratitude|optimism
1266,27,neutral,1|2|3|15|18|24|27,amusement|anger|annoyance|gratitude|love|remorse|neutral
1267,27,neutral,4|6|11|25|27,approval|confusion|disgust|sadness|neutral
1268,27,neutral,2|6|11|15|18|20|25|26,anger|confusion|disgust|gratitude|love|optimism|sadness|surprise
1269,27,neutral,3|5|18|27,annoyance|caring|love|neutral
1270,0,admiration,0|3|5|13|17|23|26|27,admiration|annoyance|caring|excitement|joy|relief|surprise|neutral
1271,27,neutral,3|6|7|10|14|18|25,annoyance|confusion|curiosity|disapproval|fear|love|sadness
1272,1|20,amusement|optimism,1|3|6|7|10|15|25|27,amusement|annoyance|confusion|curiosity|disapproval|gratitude|sadness|neutral
1273,27,neutral,1|18|25|27,amusement|love|sadness|neutral
1274,11,disgust,1|4|25|27,amusement|approval|sadness|neutral
1275,27,neutral,2|3|17,anger|annoyance|joy
1276,4,approval,1|4|10|11|18|24,amusement|approval|disapproval|disgust|love|remorse
1277,6,confusion,1|15|22,amusement|gratitude|realization
1278,27,neutral,3|7|8|9|10|17|26,annoyance|curiosity|desire|disappointment|disapproval|joy|surprise
1279,0,admiration,0|4|6|15|18|24|27,admiration|approval|confusion|gratitude|love|remorse|neutral
1280,27,neutral,1|3|6|7|15|20,amusement|annoyance|confusion|curiosity|gratitude|optimism
1281,4|14,approval|fear,0|2|3|4|6|15,admiration|anger|annoyance|approval|confusion|gratitude
1282,0,admiration,0|2|7|13|14|22|27,admiration|anger|curiosity|excitement|fear|realization|neutral
1283,4,approval,1|5|6|11|13|14|25|26|27,amusement|caring|confusion|disgust|excitement|fear|sadness|surprise|neutral
1284,10,disapproval,2|4|7|8|10|13|18|25|27,anger|approval|curiosity|desire|disapproval|excitement|love|sadness|neutral
1285,3,annoyance,1|2|4|15|18|22|25|27,amusement|anger|approval|gratitude|love|realization|sadness|neutral
1286,27,neutral,5|6|13|19|27,caring|confusion|excitement|nervousness|neutral
1287,27,neutral,2|6|15|18|27,anger|confusion|gratitude|love|neutral
1288,13|27,excitement|neutral,0|1|14|17|18|25,admiration|amusement|fear|joy|love|sadness
1289,27,neutral,0|3|4|6|7|11|12|14|15,admiration|annoyance|approval|confusion|curiosity|disgust|embarrassment|fear|gratitude
1290,15,gratitude,5|7|9|13|14|17|22,caring|curiosity|disappointment|excitement|fear|joy|realization
1291,27,neutral,0|1|20,admiration|amusement|optimism
1292,27,neutral,0|15|18|26,admiration|gratitude|love|surprise
1293,20,optimism,1|15|27,amusement|gratitude|neutral
1294,9,disappointment,0|1|6|20,admiration|amusement|confusion|optimism
1295,11|27,disgust|neutral,0|3|4|5|8|9|14,admiration|annoyance|approval|caring|desire|disappointment|fear
1296,7,curiosity,4|6|7|8|9|25|27,approval|confusion|curiosity|desire|disappointment|sadness|neutral
1297,17,joy,4|5|9|13|22,approval|caring|disappointment|excitement|realization
1298,20,optimism,2|4|6|7|10|11|25,anger|approval|confusion|curiosity|disapproval|disgust|sadness
1299,10,disapproval,1|2|15|18|20,amusement|anger|gratitude|love|optimism
1300,10|27,disapproval|neutral,0|4|20|22|25|26,admiration|approval|optimism|realization|sadness|surprise
1301,20,optimism,1|5|15|17,amusement|caring|gratitude|joy
1302,27,neutral,0|3|5|7|22|25|27,admiration|annoyance|caring|curiosity|realization|sadness|neutral
1303,22,realization,1|3|4|5|20|26,amusement|annoyance|approval|caring|optimism|surprise
1304,1,amusement,0|4|11|15|20|22,admiration|approval|disgust|gratitude|optimism|realization
1305,27,neutral,0|3|4|5|7|17|18|20|26,admiration|annoyance|approval|caring|curiosity|joy|love|optimism|surprise
1306,27,neutral,0|6|10|25|26|27,admiration|confusion|disapproval|sadness|surprise|neutral
1307,15|18,gratitude|love,2|7|15|18|22|25,anger|curiosity|gratitude|love|realization|sadness
1308,4,approval,0|3|4|11|17|20|25,admiration|annoyance|approval|disgust|joy|optimism|sadness
1309,20,optimism,2|3|4|8|10|15|20|24|25,anger|annoyance|approval|desire|disapproval|gratitude|optimism|remorse|sadness
1310,4|20,approval|optimism,3|4|5|10|11|25|27,annoyance|approval|caring|disapproval|disgust|sadness|neutral
1311,5,caring,0|5|8|10|13|14|15|27,admiration|caring|desire|disapproval|excitement|fear|gratitude|neutral
1312,2|3,anger|annoyance,9|17|18|20|25,disappointment|joy|love|optimism|sadness
1313,8,desire,0|2|3|6|20|27,admiration|anger|annoyance|confusion|optimism|neutral
1314,20,optimism,0|1|9|10|18|22|25|27,admiration|amusement|disappointment|disapproval|love|realization|sadness|neutral
1315,6,confusion,1|2|9|10|26|27,amusement|anger|disappointment|disapproval|surprise|neutral
1316,0,admiration,9|13|20|22|26|27,disappointment|excitement|optimism|realization|surprise|neutral
1317,0|17,admiration|joy,3|6|11|22|27,annoyance|confusion|disgust|realization|neutral
1318,27,neutral,2|5|7|25|27,anger|caring|curiosity|sadness|neutral
1319,27,neutral,1|2|8|9|11|18|27,amusement|anger|desire|disappointment|disgust|love|neutral
1320,7,curiosity,4|9|11|12|14|15|20|25|26,approval|disappointment|disgust|embarrassment|fear|gratitude|optimism|sadness|surprise
1321,27,neutral,1|3|4|7|13|15|16|17|22,amusement|annoyance|approval|curiosity|excitement|gratitude|grief|joy|realization
1322,15,gratitude,0|7|13|15|22|26|27,admiration|curiosity|excitement|gratitude|realization|surprise|neutral
1323,4,approval,1|5|7|8|18|27,amusement|caring|curiosity|desire|love|neutral
1324,27,neutral,4|10|18|22|27,approval|disapproval|love|realization|neutral
1325,0|4,admiration|approval,1|7|9|15|20|22|23|25,amusement|curiosity|disappointment|gratitude|optimism|realization|relief|sadness
1326,27,neutral,1|2|4|5|25|27,amusement|anger|approval|caring|sadness|neutral
1327,15|18,gratitude|love,1|8|11|15|18|19|25|27,amusement|desire|disgust|gratitude|love|nervousness|sadness|neutral
1328,6,confusion,3|5|7|11|15|17|24,annoyance|caring|curiosity|disgust|gratitude|joy|remorse
1329,27,neutral,1|2|7|10|15|20|24|27,amusement|anger|curiosity|disapproval|gratitude|optimism|remorse|neutral
1330,27,neutral,3|4|5|15|20|22|27,annoyance|approval|caring|gratitude|optimism|realization|neutral
1331,8,desire,1|3|5|9|15|26|27,amusement|annoyance|caring|disappointment|gratitude|surprise|neutral
1332,3,annoyance,0|1|4|6|7|18|27,admiration|amusement|approval|confusion|curiosity|love|neutral
1333,20,optimism,0|2|3|6|7|10|11|17|20|27,admiration|anger|annoyance|confusion|curiosity|disapproval|disgust|joy|optimism|neutral
1334,0,admiration,0|1|2|9|10|11|17,admiration|amusement|anger|disappointment|disapproval|disgust|joy
1335,1|27,amusement|neutral,0|4|10|14|18|26|27,admiration|approval|disapproval|fear|love|surprise|neutral
1336,0,admiration,0|2|3|6|9|27,admiration|anger|annoyance|confusion|disappointment|neutral
1337,0,admiration,4|9|10|26|27,approval|disappointment|disapproval|surprise|neutral
1338,7,curiosity,7|11|17|18|20|27,curiosity|disgust|joy|love|optimism|neutral
1339,9,disappointment,3|15|17|18|22,annoyance|gratitude|joy|love|realization
1340,4,approval,4|6|9|15|18|22|25|27,approval|confusion|disappointment|gratitude|love|realization|sadness|neutral
1341,1,amusement,1|7|10|17|18|22|26|27,amusement|curiosity|disapproval|joy|love|realization|surprise|neutral
1342,22,realization,0|4|6|8|15|17|19|21|24|27,admiration|approval|confusion|desire|gratitude|joy|nervousness|pride|remorse|neutral
1343,27,neutral,1|3|4|7|8|17|18|22|23|26,amusement|annoyance|approval|curiosity|desire|joy|love|realization|relief|surprise
1344,20,optimism,0|14|17|18,admiration|fear|joy|love
1345,0,admiration,0|2|15|20|24|27,admiration|anger|gratitude|optimism|remorse|neutral
1346,27,neutral,11|15|18,disgust|gratitude|love
1347,27,neutral,1|2|3|7|17|27,amusement|anger|annoyance|curiosity|joy|neutral
1348,27,neutral,0|6|7|15|18|25|27,admiration|confusion|curiosity|gratitude|love|sadness|neutral
1349,1,amusement,2|5|6|10|11|15|17|20,anger|caring|confusion|disapproval|disgust|gratitude|joy|optimism
1350,15|20,gratitude|optimism,7|22|24|25,curiosity|realization|remorse|sadness
1351,13,excitement,5|11|13|18|20|26,caring|disgust|excitement|love|optimism|surprise
1352,27,neutral,0|15,admiration|gratitude
1353,2|3,anger|annoyance,0|4|6|18|24,admiration|approval|confusion|love|remorse
1354,10,disapproval,0|3|7|15|16|18|26|27,admiration|annoyance|curiosity|gratitude|grief|love|surprise|neutral
1355,3,annoyance,1|3|17|18|26,amusement|annoyance|joy|love|surprise
1356,1,amusement,1|5|13|14|15|17|18|27,amusement|caring|excitement|fear|gratitude|joy|love|neutral
1357,0,admiration,4|5|8|10|12|17|18|20|22,approval|caring|desire|disapproval|embarrassment|joy|love|optimism|realization
1358,10,disapproval,1|2|4|6|9|11|13|15|25,amusement|anger|approval|confusion|disappointment|disgust|excitement|gratitude|sadness
1359,22,realization,0|4|6|8|14|18|20|26|27,admiration|approval|confusion|desire|fear|love|optimism|surprise|neutral
1360,10,disapproval,0|1|3|7|20|22|24|26,admiration|amusement|annoyance|curiosity|optimism|realization|remorse|surprise
1361,15,gratitude,1|3|5|6|15|17|20|27,amusement|annoyance|caring|confusion|gratitude|joy|optimism|neutral
1362,27,neutral,3|20|22,annoyance|optimism|realization
1363,2,anger,5|13|15,caring|excitement|gratitude
1364,10,disapproval,5|11|14|17|27,caring|disgust|fear|joy|neutral
1365,1|27,amusement|neutral,1|15|17|22,amusement|gratitude|joy|realization
1366,9,disappointment,0|2|9|14|15|17|18|20,admiration|anger|disappointment|fear|gratitude|joy|love|optimism
1367,27,neutral,0|2|4|13|15|18|27,admiration|anger|approval|excitement|gratitude|love|neutral
1368,27,neutral,4|6|17|20|27,approval|confusion|joy|optimism|neutral
1369,1|17,amusement|joy,0|1|10|26,admiration|amusement|disapproval|surprise
1370,3|27,annoyance|neutral,0|1|3|4|12|17|18,admiration|amusement|annoyance|approval|embarrassment|joy|love
1371,3|27,annoyance|neutral,4|5|10|11|13|15|20|26,approval|caring|disapproval|disgust|excitement|gratitude|optimism|surprise
1372,26,surprise,0|1|6|13|15|17|22|27,admiration|amusement|confusion|excitement|gratitude|joy|realization|neutral
1373,16,grief,3|4|7|18|22,annoyance|approval|curiosity|love|realization
1374,6,confusion,4|5|10|15|20|27,approval|caring|disapproval|gratitude|optimism|neutral
1375,0,admiration,0|11|13|15|17|18|27,admiration|disgust|excitement|gratitude|joy|love|neutral
1376,15|22,gratitude|realization,1|2|4|6|7|10|11|17|26,amusement|anger|approval|confusion|curiosity|disapproval|disgust|joy|surprise
1377,27,neutral,2|4|6|18|25,anger|approval|confusion|love|sadness
1378,27,neutral,0|3|7|14|15|17|18|23|26|27,admiration|annoyance|curiosity|fear|gratitude|joy|love|relief|surprise|neutral
1379,24|25,remorse|sadness,13|15|20|25|27,excitement|gratitude|optimism|sadness|neutral
1380,10,disapproval,2|3|14|17|20|24|26,anger|annoyance|fear|joy|optimism|remorse|surprise
1381,6,confusion,0|2|3|10|20,admiration|anger|annoyance|disapproval|optimism
1382,3,annoyance,0|3|4|6|25|27,admiration|annoyance|approval|confusion|sadness|neutral
1383,4,approval,2|7|12|15|22|25|27,anger|curiosity|embarrassment|gratitude|realization|sadness|neutral
1384,8|16,desire|grief,0|4|5|10|13|25,admiration|approval|caring|disapproval|excitement|sadness
1385,15,gratitude,0|15|17|24|25|27,admiration|gratitude|joy|remorse|sadness|neutral
1386,22,realization,3|12|25|27,annoyance|embarrassment|sadness|neutral
1387,27,neutral,0|1|2|7|10|18|20,admiration|amusement|anger|curiosity|disapproval|love|optimism
1388,4,approval,3|4|9|17|20|26,annoyance|approval|disappointment|joy|optimism|surprise
1389,27,neutral,1|6|7|11|26|27,amusement|confusion|curiosity|disgust|surprise|neutral
1390,27,neutral,0|2|3|5|7|20|27,admiration|anger|annoyance|caring|curiosity|optimism|neutral
1391,9|14,disappointment|fear,6|13|17|18,confusion|excitement|joy|love
1392,2,anger,0|1|5|9|11|25,admiration|amusement|caring|disappointment|disgust|sadness
1393,0,admiration,2|3|4|6|9|10|11|18|22,anger|annoyance|approval|confusion|disappointment|disapproval|disgust|love|realization
1394,15,gratitude,0|1|2|3|9|20|22|24,admiration|amusement|anger|annoyance|disappointment|optimism|realization|remorse
1395,17|22,joy|realization,1|3|9|15|25|27,amusement|annoyance|disappointment|gratitude|sadness|neutral
1396,2,anger,4|10|13|15|27,approval|disapproval|excitement|gratitude|neutral
1397,20,optimism,2|10|17|20|27,anger|disapproval|joy|optimism|neutral
1398,27,neutral,1|2|4|5|6|10|17|20,amusement|anger|approval|caring|confusion|disapproval|joy|optimism
1399,1,amusement,2|3|10|18|20|27,anger|annoyance|disapproval|love|optimism|neutral
1400,11|14,disgust|fear,0|2|3|4|7|9|20|27,admiration|anger|annoyance|approval|curiosity|disappointment|optimism|neutral
1401,9,disappointment,0|1|3|4|8|10|17|18|20|25,admiration|amusement|annoyance|approval|desire|disapproval|joy|love|optimism|sadness
1402,0,admiration,0|5|7|8|11|15|17|22|25|27,admiration|caring|curiosity|desire|disgust|gratitude|joy|realization|sadness|neutral
1403,0,admiration,0|18|19|24,admiration|love|nervousness|remorse
1404,18,love,7|9|10|11|19|22,curiosity|disappointment|disapproval|disgust|nervousness|realization
1405,5|6,caring|confusion,0|1|2|9|12|13|15|17|22,admiration|amusement|anger|disappointment|embarrassment|excitement|gratitude|joy|realization
1406,27,neutral,2|3|4|10|22,anger|annoyance|approval|disapproval|realization
1407,2,anger,1|3|4|7|13|17|20|27,amusement|annoyance|approval|curiosity|excitement|joy|optimism|neutral
1408,0,admiration,6|27,confusion|neutral
1409,27,neutral,6|7|10|11|15|27,confusion|curiosity|disapproval|disgust|gratitude|neutral
1410,4,approval,0|3|4|5|8|9|14|17|18|22|24,admiration|annoyance|approval|caring|desire|disappointment|fear|joy|love|realization|remorse
1411,18,love,1|4|20|26|27,amusement|approval|optimism|surprise|neutral
1412,27,neutral,0|1|3|6|7|17|22|25,admiration|amusement|annoyance|confusion|curiosity|joy|realization|sadness
1413,27,neutral,2|3|5|6|9|18,anger|annoyance|caring|confusion|disappointment|love
1414,17,joy,0|2|4|9|10|11|15|18|20,admiration|anger|approval|disappointment|disapproval|disgust|gratitude|love|optimism
1415,20,optimism,1|2|6|9|11|26|27,amusement|anger|confusion|disappointment|disgust|surprise|neutral
1416,27,neutral,1|10|15|18|20,amusement|disapproval|gratitude|love|optimism
1417,27,neutral,0|1|5|10|14|17|18|22|26,admiration|amusement|caring|disapproval|fear|joy|love|realization|surprise
1418,27,neutral,0|1|4|7|27,admiration|amusement|approval|curiosity|neutral
1419,26,surprise,0|2|3|27,admiration|anger|annoyance|neutral
1420,27,neutral,15,gratitude
1421,0,admiration,1|2|4|9|17|18,amusement|anger|approval|disappointment|joy|love
1422,20,optimism,0|2|4|14|18|20|22,admiration|anger|approval|fear|love|optimism|realization
1423,27,neutral,7|9|15|22|25,curiosity|disappointment|gratitude|realization|sadness
1424,4|8,approval|desire,0|1|3|4|6|22|25,admiration|amusement|annoyance|approval|confusion|realization|sadness
1425,12,embarrassment,0|8|18|27,admiration|desire|love|neutral
1426,0,admiration,0|1|3|9|11|12|18,admiration|amusement|annoyance|disappointment|disgust|embarrassment|love
1427,4,approval,0|3|6|10|15|18|24,admiration|annoyance|confusion|disapproval|gratitude|love|remorse
1428,15,gratitude,2|11|17|18|27,anger|disgust|joy|love|neutral
1429,16,grief,0|6|15|20|27,admiration|confusion|gratitude|optimism|neutral
1430,0|15,admiration|gratitude,1|3|6|8|10|18|27,amusement|annoyance|confusion|desire|disapproval|love|neutral
1431,3,annoyance,0|17|18|20|26,admiration|joy|love|optimism|surprise
1432,27,neutral,1|2|11|18|27,amusement|anger|disgust|love|neutral
1433,20|21,optimism|pride,1|2|7|11|15|17|22|25,amusement|anger|curiosity|disgust|gratitude|joy|realization|sadness
1434,2|9|22,anger|disappointment|realization,0|5|8|11|13|18|20|22|27,admiration|caring|desire|disgust|excitement|love|optimism|realization|neutral
1435,0,admiration,1|3|13|15|20|24,amusement|annoyance|excitement|gratitude|optimism|remorse
1436,1,amusement,0|3|7|10|11|17,admiration|annoyance|curiosity|disapproval|disgust|joy
1437,27,neutral,2|11|14|18,anger|disgust|fear|love
1438,11,disgust,1|6|7|20|22|26|27,amusement|confusion|curiosity|optimism|realization|surprise|neutral
1439,1,amusement,2|4|5|10|15|20|27,anger|approval|caring|disapproval|gratitude|optimism|neutral
1440,27,neutral,4|6|15|22|27,approval|confusion|gratitude|realization|neutral
1441,9|25,disappointment|sadness,4|15|22,approval|gratitude|realization
1442,27,neutral,0|3|4|24|27,admiration|annoyance|approval|remorse|neutral
1443,15,gratitude,0|7|8|15|17|18|24,admiration|curiosity|desire|gratitude|joy|love|remorse
1444,14,fear,1|7|27,amusement|curiosity|neutral
1445,27,neutral,0|10|23|24|27,admiration|disapproval|relief|remorse|neutral
1446,27,neutral,1|7|9|17|18|20,amusement|curiosity|disappointment|joy|love|optimism
1447,7,curiosity,3|15|17|27,annoyance|gratitude|joy|neutral
1448,0|27,admiration|neutral,1|3|4|6|10|12|13|14|20|26|27,amusement|annoyance|approval|confusion|disapproval|embarrassment|excitement|fear|optimism|surprise|neutral
1449,27,neutral,0|1|13|24|27,admiration|amusement|excitement|remorse|neutral
1450,11,disgust,0|3|5|13|14|15|17|18|20,admiration|annoyance|caring|excitement|fear|gratitude|joy|love|optimism
1451,15,gratitude,4|15|18|20|25|27,approval|gratitude|love|optimism|sadness|neutral
1452,27,neutral,0|2|6|14|17|22|26,admiration|anger|confusion|fear|joy|realization|surprise
1453,27,neutral,0|6|7|13|27,admiration|confusion|curiosity|excitement|neutral
1454,7,curiosity,1|7|10|15|17|18|26|27,amusement|curiosity|disapproval|gratitude|joy|love|surprise|neutral
1455,27,neutral,0|1|4|9|13|20|27,admiration|amusement|approval|disappointment|excitement|optimism|neutral
1456,27,neutral,1|4|6|13|25,amusement|approval|confusion|excitement|sadness
1457,27,neutral,0|4|9|15|17|26,admiration|approval|disappointment|gratitude|joy|surprise
1458,27,neutral,4|10|12|27,approval|disapproval|embarrassment|neutral
1459,27,neutral,0|1|3|4|6|8|10|15|17|24,admiration|amusement|annoyance|approval|confusion|desire|disapproval|gratitude|joy|remorse
1460,1,amusement,1|3|7|15|18|20|24,amusement|annoyance|curiosity|gratitude|love|optimism|remorse
1461,27,neutral,4|6|10|15|17|20,approval|confusion|disapproval|gratitude|joy|optimism
1462,3,annoyance,11|13|15|17|18|20,disgust|excitement|gratitude|joy|love|optimism
1463,2,anger,3|9|12|13|15|20|27,annoyance|disappointment|embarrassment|excitement|gratitude|optimism|neutral
1464,1,amusement,0|4|5|11|15|18|27,admiration|approval|caring|disgust|gratitude|love|neutral
1465,0,admiration,3|5|13|15|17,annoyance|caring|excitement|gratitude|joy
1466,27,neutral,4|25|26,approval|sadness|surprise
1467,15|17,gratitude|joy,2|20|22|24|27,anger|optimism|realization|remorse|neutral
1468,3,annoyance,0|2|3|11,admiration|anger|annoyance|disgust
1469,18,love,0|6|10|27,admiration|confusion|disapproval|neutral
1470,15,gratitude,1|2|3|8|9|11|13|17|20|25|26,amusement|anger|annoyance|desire|disappointment|disgust|excitement|joy|optimism|sadness|surprise
1471,22,realization,1|4|6|11|20|22|24,amusement|approval|confusion|disgust|optimism|realization|remorse
1472,9,disappointment,0|2|3|6|9|13|14|15,admiration|anger|annoyance|confusion|disappointment|excitement|fear|gratitude
1473,2,anger,0|1|2|27,admiration|amusement|anger|neutral
1474,0,admiration,5|9|18|20|27,caring|disappointment|love|optimism|neutral
1475,27,neutral,4|5|7|15|17|27,approval|caring|curiosity|gratitude|joy|neutral
1476,15,gratitude,4|13|14|17|25|26,approval|excitement|fear|joy|sadness|surprise
1477,27,neutral,6|10|11|18|21|27,confusion|disapproval|disgust|love|pride|neutral
1478,6,confusion,0|2|4|6|7|10|11|20|22|23|26,admiration|anger|approval|confusion|curiosity|disapproval|disgust|optimism|realization|relief|surprise
1479,15,gratitude,4|10|20|25,approval|disapproval|optimism|sadness
1480,19,nervousness,0|7,admiration|curiosity
1481,27,neutral,0|14|22|25|27,admiration|fear|realization|sadness|neutral
1482,9,disappointment,7|9|11|13|27,curiosity|disappointment|disgust|excitement|neutral
1483,4,approval,4|5|7|10|11|20,approval|caring|curiosity|disapproval|disgust|optimism
1484,18,love,0|4|5|9|17|20|25|27,admiration|approval|caring|disappointment|joy|optimism|sadness|neutral
1485,26,surprise,1|2|6|7|10|14|15,amusement|anger|confusion|curiosity|disapproval|fear|gratitude
1486,4,approval,3|7|17|27,annoyance|curiosity|joy|neutral
1487,27,neutral,0|4|17|18|27,admiration|approval|joy|love|neutral
1488,3|10,annoyance|disapproval,4|6|11|13|17|25|27,approval|confusion|disgust|excitement|joy|sadness|neutral
1489,17,joy,4|5|15|27,approval|caring|gratitude|neutral
1490,27,neutral,0|10|13|25|26,admiration|disapproval|excitement|sadness|surprise
1491,27,neutral,0|2|15|18|26,admiration|anger|gratitude|love|surprise
1492,27,neutral,3|6|7|13|15|16|17|22,annoyance|confusion|curiosity|excitement|gratitude|grief|joy|realization
1493,14,fear,1|9|17|18|20|27,amusement|disappointment|joy|love|optimism|neutral
1494,27,neutral,4|9|13|22|24|25|27,approval|disappointment|excitement|realization|remorse|sadness|neutral
1495,27,neutral,2|5|7|8|10|18|25,anger|caring|curiosity|desire|disapproval|love|sadness
1496,26,surprise,0|4|6|9|17|18|25,admiration|approval|confusion|disappointment|joy|love|sadness
1497,22|24,realization|remorse,2|7|11|22|27,anger|curiosity|disgust|realization|neutral
1498,0,admiration,0|4|5|7|11|17|20|25,admiration|approval|caring|curiosity|disgust|joy|optimism|sadness
1499,9,disappointment,1|3|5|8|9|15|25|27,amusement|annoyance|caring|desire|disappointment|gratitude|sadness|neutral
1500,4,approval,1|7|14|17|18|23|24,amusement|curiosity|fear|joy|love|relief|remorse
1501,15,gratitude,0|1|4|8|15|18|20|24|25,admiration|amusement|approval|desire|gratitude|love|optimism|remorse|sadness
1502,27,neutral,3|15|18|27,annoyance|gratitude|love|neutral
1503,6,confusion,10|11|14|20|25,disapproval|disgust|fear|optimism|sadness
1504,0,admiration,4|5|6|12|17|19,approval|caring|confusion|embarrassment|joy|nervousness
1505,27,neutral,0|1|6|7|9|10|14|15|18|25|27,admiration|amusement|confusion|curiosity|disappointment|disapproval|fear|gratitude|love|sadness|neutral
1506,27,neutral,0|10|15|27,admiration|disapproval|gratitude|neutral
1507,3,annoyance,1|4|6|10|12|14|17|22,amusement|approval|confusion|disapproval|embarrassment|fear|joy|realization
1508,10,disapproval,1|3|5|8|11|17|27,amusement|annoyance|caring|desire|disgust|joy|neutral
1509,15,gratitude,0|5|9|10|15|17|22,admiration|caring|disappointment|disapproval|gratitude|joy|realization
1510,20|25,optimism|sadness,0|2|6|10|20|22|25,admiration|anger|confusion|disapproval|optimism|realization|sadness
1511,26,surprise,0|1|7|10|13|22,admiration|amusement|curiosity|disapproval|excitement|realization
1512,27,neutral,0|1|2|5|6|7|8|18|22,admiration|amusement|anger|caring|confusion|curiosity|desire|love|realization
1513,15,gratitude,0|4|13|26,admiration|approval|excitement|surprise
1514,15,gratitude,0|1|2|4|7|10|11|17|23|26,admiration|amusement|anger|approval|curiosity|disapproval|disgust|joy|relief|surprise
1515,5,caring,4|6|7|10|11|13|18|20|22,approval|confusion|curiosity|disapproval|disgust|excitement|love|optimism|realization
1516,10,disapproval,7|8|17,curiosity|desire|joy
1517,27,neutral,0|4|9|18|25|27,admiration|approval|disappointment|love|sadness|neutral
1518,18,love,0|6|15|22|25,admiration|confusion|gratitude|realization|sadness
1519,10,disapproval,0|4|9|14|18|22|26,admiration|approval|disappointment|fear|love|realization|surprise
1520,7,curiosity,1|2|3|6|15|17|20|25|27,amusement|anger|annoyance|confusion|gratitude|joy|optimism|sadness|neutral
1521,27,neutral,0|4|5|6|7|11|13|22|25,admiration|approval|caring|confusion|curiosity|disgust|excitement|realization|sadness
1522,27,neutral,1|15|18|27,amusement|gratitude|love|neutral
1523,27,neutral,0|2|3|7|9|11|20|26,admiration|anger|annoyance|curiosity|disappointment|disgust|optimism|surprise
1524,11|20,disgust|optimism,0|4|7|13|15,admiration|approval|curiosity|excitement|gratitude
1525,27,neutral,0|7|10|14|18,admiration|curiosity|disapproval|fear|love
1526,5,caring,8|13|18|25|27,desire|excitement|love|sadness|neutral
1527,0,admiration,1|7|17|20|22|24|25,amusement|curiosity|joy|optimism|realization|remorse|sadness
1528,27,neutral,1|2|5|6|10|17|20|22|25,amusement|anger|caring|confusion|disapproval|joy|optimism|realization|sadness
1529,15,gratitude,3|7|9|10|17|18|22|24|25,annoyance|curiosity|disappointment|disapproval|joy|love|realization|remorse|sadness
1530,17,joy,3|4|6|9|17|24|25,annoyance|approval|confusion|disappointment|joy|remorse|sadness
1531,3,annoyance,10|11|17|25|26|27,disapproval|disgust|joy|sadness|surprise|neutral
1532,4,approval,4|5|10|11|15|18|20|25|27,approval|caring|disapproval|disgust|gratitude|love|optimism|sadness|neutral
1533,27,neutral,0|2|4|7|27,admiration|anger|approval|curiosity|neutral
1534,20,optimism,1|2|6|7|11|15|25|26,amusement|anger|confusion|curiosity|disgust|gratitude|sadness|surprise
1535,4,approval,3|4|9|10|15|25,annoyance|approval|disappointment|disapproval|gratitude|sadness
1536,27,neutral,2|3|18|19|20|22|27,anger|annoyance|love|nervousness|optimism|realization|neutral
1537,1,amusement,0|4|13|14|15|20|27,admiration|approval|excitement|fear|gratitude|optimism|neutral
1538,24,remorse,1|8|10|11|15|17|22|27,amusement|desire|disapproval|disgust|gratitude|joy|realization|neutral
1539,20,optimism,0|3|5|10|11|24|25|26,admiration|annoyance|caring|disapproval|disgust|remorse|sadness|surprise
1540,18,love,0|1|3|7|8|11|17|18|22|24|25,admiration|amusement|annoyance|curiosity|desire|disgust|joy|love|realization|remorse|sadness
1541,27,neutral,0|6|8|18|20,admiration|confusion|desire|love|optimism
1542,5,caring,2|4|8|11|13|15|26|27,anger|approval|desire|disgust|excitement|gratitude|surprise|neutral
1543,27,neutral,4|5|7|10|14|15|22|25,approval|caring|curiosity|disapproval|fear|gratitude|realization|sadness
1544,18,love,0|2|18|20|22|27,admiration|anger|love|optimism|realization|neutral
1545,17,joy,1|2|9|10|18|22|23,amusement|anger|disappointment|disapproval|love|realization|relief
1546,15,gratitude,0|5|10|17|24|26|27,admiration|caring|disapproval|joy|remorse|surprise|neutral
1547,2|9,anger|disappointment,0|3|4|7|10|13|24,admiration|annoyance|approval|curiosity|disapproval|excitement|remorse
1548,5,caring,0|8|13|20|27,admiration|desire|excitement|optimism|neutral
1549,27,neutral,2|8|15|18|22|25,anger|desire|gratitude|love|realization|sadness
1550,0,admiration,1|3|6|7|17,amusement|annoyance|confusion|curiosity|joy
1551,19,nervousness,2|3|4|9|17|26,anger|annoyance|approval|disappointment|joy|surprise
1552,1,amusement,0|6|9|18|27,admiration|confusion|disappointment|love|neutral
1553,17,joy,1|6|7|15|17|27,amusement|confusion|curiosity|gratitude|joy|neutral
1554,13,excitement,3|6|9|10|11|20|22|27,annoyance|confusion|disappointment|disapproval|disgust|optimism|realization|neutral
1555,4,approval,10|18|27,disapproval|love|neutral
1556,26,surprise,15|18|22|24|27,gratitude|love|realization|remorse|neutral
1557,17|20,joy|optimism,2|5|7|9|17|18|20,anger|caring|curiosity|disappointment|joy|love|optimism
1558,3|11,annoyance|disgust,1|5|14|17|20|27,amusement|caring|fear|joy|optimism|neutral
1559,4,approval,2|8|10|22|27,anger|desire|disapproval|realization|neutral
1560,17,joy,0|4|8|15|17|18|20|22|25|27,admiration|approval|desire|gratitude|joy|love|optimism|realization|sadness|neutral
1561,10,disapproval,0|2|5|6|20,admiration|anger|caring|confusion|optimism
1562,1,amusement,6|9|11|17|20,confusion|disappointment|disgust|joy|optimism
1563,8,desire,1|22|27,amusement|realization|neutral
1564,15,gratitude,2|3|10|11|15|17|18,anger|annoyance|disapproval|disgust|gratitude|joy|love
1565,1,amusement,6|9|11|14|22|27,confusion|disappointment|disgust|fear|realization|neutral
1566,10|11,disapproval|disgust,1|2|3|7|13|14|17|18|20|25,amusement|anger|annoyance|curiosity|excitement|fear|joy|love|optimism|sadness
1567,0,admiration,0|4|6|12|15|17|18|22|27,admiration|approval|confusion|embarrassment|gratitude|joy|love|realization|neutral
1568,27,neutral,0|4|5|7|15|25,admiration|approval|caring|curiosity|gratitude|sadness
1569,20|25,optimism|sadness,1|2|3|6|9|10|11|15|17|18|20|26,amusement|anger|annoyance|confusion|disappointment|disapproval|disgust|gratitude|joy|love|optimism|surprise
1570,27,neutral,2|10|15|18|25,anger|disapproval|gratitude|love|sadness
1571,27,neutral,0|3|5|7|8|14|18,admiration|annoyance|caring|curiosity|desire|fear|love
1572,0,admiration,1|2|7|8|17|27,amusement|anger|curiosity|desire|joy|neutral
1573,5,caring,2|3|5|9|12|17|18|25,anger|annoyance|caring|disappointment|embarrassment|joy|love|sadness
1574,6,confusion,9|20|22,disappointment|optimism|realization
1575,6,confusion,1|4|11|20|22|25|27,amusement|approval|disgust|optimism|realization|sadness|neutral
1576,1|4,amusement|approval,1|2|4|7|8|10|20|24|25|27,amusement|anger|approval|curiosity|desire|disapproval|optimism|remorse|sadness|neutral
1577,0|18,admiration|love,0|1|4|6|15,admiration|amusement|approval|confusion|gratitude
1578,27,neutral,0|1|2|4|17|18|24,admiration|amusement|anger|approval|joy|love|remorse
1579,9,disappointment,0|1|9|10|11|15|18|20,admiration|amusement|disappointment|disapproval|disgust|gratitude|love|optimism
1580,27,neutral,0|6|14|24|25|27,admiration|confusion|fear|remorse|sadness|neutral
1581,10,disapproval,1|2|14|17|18|25|26,amusement|anger|fear|joy|love|sadness|surprise
1582,15,gratitude,1|6|7|10|14|15,amusement|confusion|curiosity|disapproval|fear|gratitude
1583,21,pride,1|2|3|6|11|18|22|26,amusement|anger|annoyance|confusion|disgust|love|realization|surprise
1584,6,confusion,0|1|4|8|11|25|27,admiration|amusement|approval|desire|disgust|sadness|neutral
1585,27,neutral,0|3|7|9|10|12|15|20|22|25,admiration|annoyance|curiosity|disappointment|disapproval|embarrassment|gratitude|optimism|realization|sadness
1586,15,gratitude,2|4|11|17|25,anger|approval|disgust|joy|sadness
1587,3|10,annoyance|disapproval,0|1|2|8|9|15|25,admiration|amusement|anger|desire|disappointment|gratitude|sadness
1588,4|27,approval|neutral,3|7|8|17|25,annoyance|curiosity|desire|joy|sadness
1589,11,disgust,0|4|7|8|9|15|25,admiration|approval|curiosity|desire|disappointment|gratitude|sadness
1590,26,surprise,9|10|15|25|27,disappointment|disapproval|gratitude|sadness|neutral
1591,4,approval,0|1|2|6|7|11|18|27,admiration|amusement|anger|confusion|curiosity|disgust|love|neutral
1592,17,joy,2|4|5|7|8|12,anger|approval|caring|curiosity|desire|embarrassment
1593,10,disapproval,1|3|9|10|11|13|15|22|26,amusement|annoyance|disappointment|disapproval|disgust|excitement|gratitude|realization|surprise
1594,14|19,fear|nervousness,1|5|18|20|22|25|26|27,amusement|caring|love|optimism|realization|sadness|surprise|neutral
1595,27,neutral,4|5|6|8|9|14|15|27,approval|caring|confusion|desire|disappointment|fear|gratitude|neutral
1596,27,neutral,3|4|14|18|20|22|24|26,annoyance|approval|fear|love|optimism|realization|remorse|surprise
1597,3|26,annoyance|surprise,0|4|5|6|8|14|17|27,admiration|approval|caring|confusion|desire|fear|joy|neutral
1598,27,neutral,3|10|11|13|26,annoyance|disapproval|disgust|excitement|surprise
1599,0,admiration,0|3|4|6|8|13|17|26,admiration|annoyance|approval|confusion|desire|excitement|joy|surprise
1600,7,curiosity,1|2|8|9|15|25|26|27,amusement|anger|desire|disappointment|gratitude|sadness|surprise|neutral
1601,18,love,2|3|4|6|8|11|15|18,anger|annoyance|approval|confusion|desire|disgust|gratitude|love
1602,10,disapproval,1|7|27,amusement|curiosity|neutral
1603,0,admiration,0|1|4|15|20|27,admiration|amusement|approval|gratitude|optimism|neutral
1604,27,neutral,4|5|9|25|27,approval|caring|disappointment|sadness|neutral
1605,27,neutral,4|13|14|27,approval|excitement|fear|neutral
1606,18,love,1|9|15|18|27,amusement|disappointment|gratitude|love|neutral
1607,27,neutral,2|3|4|6|7|9|13,anger|annoyance|approval|confusion|curiosity|disappointment|excitement
1608,3|25,annoyance|sadness,4|6|7|15|17|20|25|27,approval|confusion|curiosity|gratitude|joy|optimism|sadness|neutral
1609,27,neutral,3|10|15|20|26|27,annoyance|disapproval|gratitude|optimism|surprise|neutral
1610,1|10,amusement|disapproval,2|3|9|10|15|18|20|22|25,anger|annoyance|disappointment|disapproval|gratitude|love|optimism|realization|sadness
1611,1,amusement,2|3|4|5|13|17|25|27,anger|annoyance|approval|caring|excitement|joy|sadness|neutral
1612,2,anger,1|2|5|10|20|22|25|26,amusement|anger|caring|disapproval|optimism|realization|sadness|surprise
1613,27,neutral,1|4|7|11|15|17,amusement|approval|curiosity|disgust|gratitude|joy
1614,7|13,curiosity|excitement,4|10|25|27,approval|disapproval|sadness|neutral
1615,27,neutral,3|4|6|16|18|27,annoyance|approval|confusion|grief|love|neutral
1616,27,neutral,5|9|12|13|20|25|27,caring|disappointment|embarrassment|excitement|optimism|sadness|neutral
1617,27,neutral,0|1|5|18|22|25|26,admiration|amusement|caring|love|realization|sadness|surprise
1618,17,joy,2|8|9|17|27,anger|desire|disappointment|joy|neutral
1619,0|15,admiration|gratitude,1|2|3|7|10|27,amusement|anger|annoyance|curiosity|disapproval|neutral
1620,0|7,admiration|curiosity,0|5|10|15,admiration|caring|disapproval|gratitude
1621,27,neutral,1|3|15|17|22|27,amusement|annoyance|gratitude|joy|realization|neutral
1622,1|27,amusement|neutral,3|4|5|18|20,annoyance|approval|caring|love|optimism
1623,1,amusement,3|4|7|9|17|18|20|27,annoyance|approval|curiosity|disappointment|joy|love|optimism|neutral
1624,10,disapproval,0|7|10|27,admiration|curiosity|disapproval|neutral
1625,27,neutral,3|7|10|11|20|26|27,annoyance|curiosity|disapproval|disgust|optimism|surprise|neutral
1626,27,neutral,0|6|7|18|20|26,admiration|confusion|curiosity|love|optimism|surprise
1627,27,neutral,2|7|13|17|20|22|26|27,anger|curiosity|excitement|joy|optimism|realization|surprise|neutral
1628,1,amusement,1|4|10|15|18|25|26|27,amusement|approval|disapproval|gratitude|love|sadness|surprise|neutral
1629,3|9,annoyance|disappointment,1|5|7|9|15|27,amusement|caring|curiosity|disappointment|gratitude|neutral
1630,5,caring,0|2|5|6|9|10|18|20|27,admiration|anger|caring|confusion|disappointment|disapproval|love|optimism|neutral
1631,22,realization,3|10|12|18|27,annoyance|disapproval|embarrassment|love|neutral
1632,0,admiration,0|6|11|20|24|25,admiration|confusion|disgust|optimism|remorse|sadness
1633,17,joy,3|7|9|13|27,annoyance|curiosity|disappointment|excitement|neutral
1634,27,neutral,1|7|8|15|26|27,amusement|curiosity|desire|gratitude|surprise|neutral
1635,0,admiration,7|8|10|15|17|18|20|27,curiosity|desire|disapproval|gratitude|joy|love|optimism|neutral
1636,10,disapproval,0|3|9|10|14|15|17|18|20,admiration|annoyance|disappointment|disapproval|fear|gratitude|joy|love|optimism
1637,6|7,confusion|curiosity,3|10|13|17|21|22|25|26|27,annoyance|disapproval|excitement|joy|pride|realization|sadness|surprise|neutral
1638,27,neutral,0|2|5|9|13|15|18|20|25,admiration|anger|caring|disappointment|excitement|gratitude|love|optimism|sadness
1639,6|7,confusion|curiosity,1|11|13|22|27,amusement|disgust|excitement|realization|neutral
1640,19,nervousness,0|2|7|10|25|27,admiration|anger|curiosity|disapproval|sadness|neutral
1641,27,neutral,0|4|5|7|8|17|20,admiration|approval|caring|curiosity|desire|joy|optimism
1642,27,neutral,1|2|7|15|20|27,amusement|anger|curiosity|gratitude|optimism|neutral
1643,27,neutral,3|6|7|10|13|14|17|22,annoyance|confusion|curiosity|disapproval|excitement|fear|joy|realization
1644,22,realization,3|6|10|11|26|27,annoyance|confusion|disapproval|disgust|surprise|neutral
1645,27,neutral,0|2|7|8|9|13|17|18|24|25,admiration|anger|curiosity|desire|disappointment|excitement|joy|love|remorse|sadness
1646,10,disapproval,1|2|4|13|27,amusement|anger|approval|excitement|neutral
1647,27,neutral,1|10|11|22|27,amusement|disapproval|disgust|realization|neutral
1648,1,amusement,0|1|4|5|11|13|17|20,admiration|amusement|approval|caring|disgust|excitement|joy|optimism
1649,15,gratitude,2|5|15|18|22|27,anger|caring|gratitude|love|realization|neutral
1650,27,neutral,1|3|7|12|15|17|18|20|22|27,amusement|annoyance|curiosity|embarrassment|gratitude|joy|love|optimism|realization|neutral
1651,27,neutral,14|17|20|22|27,fear|joy|optimism|realization|neutral
1652,15,gratitude,0|2|14|15|27,admiration|anger|fear|gratitude|neutral
1653,27,neutral,2|3|10|15|17|18,anger|annoyance|disapproval|gratitude|joy|love
1654,4,approval,2|3|7|9|10|11|13|18|25|27,anger|annoyance|curiosity|disappointment|disapproval|disgust|excitement|love|sadness|neutral
1655,15,gratitude,0|4|20|25|27,admiration|approval|optimism|sadness|neutral
1656,22,realization,0|10|13|17|20|22|27,admiration|disapproval|excitement|joy|optimism|realization|neutral
1657,2,anger,0|8|9|10|18|22|24,admiration|desire|disappointment|disapproval|love|realization|remorse
1658,0,admiration,4|6|20|22|26|27,approval|confusion|optimism|realization|surprise|neutral
1659,0,admiration,3|6|7|17|18|25|27,annoyance|confusion|curiosity|joy|love|sadness|neutral
1660,22,realization,0|1|3|6|11|15|17|18|27,admiration|amusement|annoyance|confusion|disgust|gratitude|joy|love|neutral
1661,26,surprise,0|5|8|9|10|11|13|27,admiration|caring|desire|disappointment|disapproval|disgust|excitement|neutral
1662,27,neutral,1|6|13|27,amusement|confusion|excitement|neutral
1663,4|7,approval|curiosity,4|6|10|14|18|20|22|26|27,approval|confusion|disapproval|fear|love|optimism|realization|surprise|neutral
1664,20,optimism,4|7|10|20|22|25|26,approval|curiosity|disapproval|optimism|realization|sadness|surprise
1665,0|7,admiration|curiosity,2|6|10|15|20|22|23|26|27,anger|confusion|disapproval|gratitude|optimism|realization|relief|surprise|neutral
1666,2,anger,6|18|20|25|26,confusion|love|optimism|sadness|surprise
1667,10|26,disapproval|surprise,0|1|2|8|15|17|18|27,admiration|amusement|anger|desire|gratitude|joy|love|neutral
1668,25,sadness,2|27,anger|neutral
1669,3|10,annoyance|disapproval,1|5|7|11|15|18|27,amusement|caring|curiosity|disgust|gratitude|love|neutral
1670,27,neutral,1|6|9|18|22|25|26,amusement|confusion|disappointment|love|realization|sadness|surprise
1671,1,amusement,0|10|15|22|24|27,admiration|disapproval|gratitude|realization|remorse|neutral
1672,6,confusion,0|3|6|9|22|26,admiration|annoyance|confusion|disappointment|realization|surprise
1673,4,approval,5|7|9|10|20|22|25,caring|curiosity|disappointment|disapproval|optimism|realization|sadness
1674,0|4|18,admiration|approval|love,0|7|13|17|27,admiration|curiosity|excitement|joy|neutral
1675,20,optimism,1|4|5|10|11|13|14|20|26,amusement|approval|caring|disapproval|disgust|excitement|fear|optimism|surprise
1676,15|18,gratitude|love,5|6|7|11|17|20|22|25,caring|confusion|curiosity|disgust|joy|optimism|realization|sadness
1677,10,disapproval,3|4|10|15|17|20|22|25|26|27,annoyance|approval|disapproval|gratitude|joy|optimism|realization|sadness|surprise|neutral
1678,27,neutral,0|20|26,admiration|optimism|surprise
1679,22,realization,0|1|3|4|10|13|14|15|18|25|26,admiration|amusement|annoyance|approval|disapproval|excitement|fear|gratitude|love|sadness|surprise
1680,27,neutral,3|7|9|11|17|18,annoyance|curiosity|disappointment|disgust|joy|love
1681,10,disapproval,1|2|5|20|25|26|27,amusement|anger|caring|optimism|sadness|surprise|neutral
1682,7,curiosity,0|2|3|15|18|22|26,admiration|anger|annoyance|gratitude|love|realization|surprise
1683,27,neutral,2|6|9|10|17|23|27,anger|confusion|disappointment|disapproval|joy|relief|neutral
1684,0,admiration,0|1|2|4|5|26,admiration|amusement|anger|approval|caring|surprise
1685,17,joy,5|6|7|9|11|27,caring|confusion|curiosity|disappointment|disgust|neutral
1686,20,optimism,1|5|18|27,amusement|caring|love|neutral
1687,5,caring,2|15|17|22|26,anger|gratitude|joy|realization|surprise
1688,4,approval,3|4|5|10|17|20|27,annoyance|approval|caring|disapproval|joy|optimism|neutral
1689,27,neutral,2|10|13|18|27,anger|disapproval|excitement|love|neutral
1690,27,neutral,0|6|9|14|15|18|20|26|27,admiration|confusion|disappointment|fear|gratitude|love|optimism|surprise|neutral
1691,27,neutral,0|1|4|17,admiration|amusement|approval|joy
1692,18,love,1|3|6|7|9|24|27,amusement|annoyance|confusion|curiosity|disappointment|remorse|neutral
1693,0,admiration,1|2|6|10|15|22|24|27,amusement|anger|confusion|disapproval|gratitude|realization|remorse|neutral
1694,4,approval,0|4|7|17|25|27,admiration|approval|curiosity|joy|sadness|neutral
1695,17,joy,0|1|4|5,admiration|amusement|approval|caring
1696,7|27,curiosity|neutral,0|2|3|13|18|20,admiration|anger|annoyance|excitement|love|optimism
1697,0,admiration,0|2|7|17|18|22|25,admiration|anger|curiosity|joy|love|realization|sadness
1698,3,annoyance,0|1|2|5|7|10|11|26,admiration|amusement|anger|caring|curiosity|disapproval|disgust|surprise
1699,0,admiration,6|8|17|20|26|27,confusion|desire|joy|optimism|surprise|neutral
1700,27,neutral,1|3|14|27,amusement|annoyance|fear|neutral
1701,7,curiosity,1|2|3|4|6|7|8|20|22,amusement|anger|annoyance|approval|confusion|curiosity|desire|optimism|realization
1702,0,admiration,0|10|25|26|27,admiration|disapproval|sadness|surprise|neutral
1703,5|11,caring|disgust,0|5|7|8|10|13|22|25,admiration|caring|curiosity|desire|disapproval|excitement|realization|sadness
1704,2,anger,3|7|11|15|22|25|26,annoyance|curiosity|disgust|gratitude|realization|sadness|surprise
1705,27,neutral,0|2|4|6|8|15|17,admiration|anger|approval|confusion|desire|gratitude|joy
1706,27,neutral,0|2|3|9|10|18|22|24|27,admiration|anger|annoyance|disappointment|disapproval|love|realization|remorse|neutral
1707,27,neutral,0|1|10|15,admiration|amusement|disapproval|gratitude
1708,2,anger,5|10|15|17|18|27,caring|disapproval|gratitude|joy|love|neutral
1709,1|3|18,amusement|annoyance|love,1|5|8|9|10|15|20|22,amusement|caring|desire|disappointment|disapproval|gratitude|optimism|realization
1710,4,approval,4|5|6|27,approval|caring|confusion|neutral
1711,5,caring,7|8|9|10|14|15|22|23|26,curiosity|desire|disappointment|disapproval|fear|gratitude|realization|relief|surprise
1712,4|5,approval|caring,0|2|3|4|5|9|10|25|27,admiration|anger|annoyance|approval|caring|disappointment|disapproval|sadness|neutral
1713,10,disapproval,0|2|6|7|9|17|22|24,admiration|anger|confusion|curiosity|disappointment|joy|realization|remorse
1714,18,love,0|1|4|5|10|25|26|27,admiration|amusement|approval|caring|disapproval|sadness|surprise|neutral
1715,9,disappointment,0|9|17|27,admiration|disappointment|joy|neutral
1716,3,annoyance,5|6|10|18|20|26|27,caring|confusion|disapproval|love|optimism|surprise|neutral
1717,15,gratitude,9|10|11|13|15|27,disappointment|disapproval|disgust|excitement|gratitude|neutral
1718,22,realization,6|7|9|17|22|27,confusion|curiosity|disappointment|joy|realization|neutral
1719,13,excitement,4|11|27,approval|disgust|neutral
1720,0,admiration,1|2|5|6|20|27,amusement|anger|caring|confusion|optimism|neutral
1721,15,gratitude,3|7|10|11|20|22|27,annoyance|curiosity|disapproval|disgust|optimism|realization|neutral
1722,3|11,annoyance|disgust,0|3|8|11|18|22|23|25|26,admiration|annoyance|desire|disgust|love|realization|relief|sadness|surprise
1723,27,neutral,0|4|7|9|18|20|22|27,admiration|approval|curiosity|disappointment|love|optimism|realization|neutral
1724,22|24,realization|remorse,0|1|6|7|10|11|14|18|22,admiration|amusement|confusion|curiosity|disapproval|disgust|fear|love|realization
1725,10|27,disapproval|neutral,1|2|4|14|20,amusement|anger|approval|fear|optimism
1726,1,amusement,0|3|5|7|14|20|22|25|27,admiration|annoyance|caring|curiosity|fear|optimism|realization|sadness|neutral
1727,3,annoyance,1|3|7|9|20|27,amusement|annoyance|curiosity|disappointment|optimism|neutral
1728,1,amusement,1|6|7|13|17|20|27,amusement|confusion|curiosity|excitement|joy|optimism|neutral
1729,25,sadness,4|6|9|13|15|22,approval|confusion|disappointment|excitement|gratitude|realization
1730,27,neutral,0|1|5|18|22,admiration|amusement|caring|love|realization
1731,6,confusion,1|2|5|13|15|18|24|26,amusement|anger|caring|excitement|gratitude|love|remorse|surprise
1732,4|15|17,approval|gratitude|joy,0|2|3|4|7|14|17|22,admiration|anger|annoyance|approval|curiosity|fear|joy|realization
1733,2,anger,0|1|4|7|9|26,admiration|amusement|approval|curiosity|disappointment|surprise
1734,3|10,annoyance|disapproval,0|1|3|11|13|15|17,admiration|amusement|annoyance|disgust|excitement|gratitude|joy
1735,26,surprise,0|3|6|13|17|20|25|26|27,admiration|annoyance|confusion|excitement|joy|optimism|sadness|surprise|neutral
1736,27,neutral,1|2|3|4|11|17,amusement|anger|annoyance|approval|disgust|joy
1737,26,surprise,0|1|2,admiration|amusement|anger
1738,7,curiosity,0|2|3|6|8|11|27,admiration|anger|annoyance|confusion|desire|disgust|neutral
1739,4,approval,2|6|7|27,anger|confusion|curiosity|neutral
1740,27,neutral,1|2|11|17|27,amusement|anger|disgust|joy|neutral
1741,27,neutral,0|1|6|7|9|15|18|22|24,admiration|amusement|confusion|curiosity|disappointment|gratitude|love|realization|remorse
1742,27,neutral,0|4|13|14|15,admiration|approval|excitement|fear|gratitude
1743,7,curiosity,0|5|17|18|25|27,admiration|caring|joy|love|sadness|neutral
1744,3,annoyance,3|9|17|18|22,annoyance|disappointment|joy|love|realization
1745,15,gratitude,3|4|6|9|11|18|22|25,annoyance|approval|confusion|disappointment|disgust|love|realization|sadness
1746,2,anger,0|1|2|8|26,admiration|amusement|anger|desire|surprise
1747,4|20,approval|optimism,1|20|27,amusement|optimism|neutral
1748,2,anger,0|1|2|17|18|25|26|27,admiration|amusement|anger|joy|love|sadness|surprise|neutral
1749,25,sadness,1|4|7|15|17|26,amusement|approval|curiosity|gratitude|joy|surprise
1750,1|27,amusement|neutral,3|4|5|6|10|17|18,annoyance|approval|caring|confusion|disapproval|joy|love
1751,4,approval,1|3|5|6|10|25|27,amusement|annoyance|caring|confusion|disapproval|sadness|neutral
1752,7|27,curiosity|neutral,2|3|4|5|10|18|20,anger|annoyance|approval|caring|disapproval|love|optimism
1753,11,disgust,1|4|6|13|17,amusement|approval|confusion|excitement|joy
1754,11,disgust,3|4|7|10|11|25,annoyance|approval|curiosity|disapproval|disgust|sadness
1755,27,neutral,0|15|22,admiration|gratitude|realization
1756,27,neutral,4|15,approval|gratitude
1757,25,sadness,6|7|10|11|22|25|27,confusion|curiosity|disapproval|disgust|realization|sadness|neutral
1758,3,annoyance,1|3|6|7|10|17|20|27,amusement|annoyance|confusion|curiosity|disapproval|joy|optimism|neutral
1759,17,joy,0|11|17|18|20|26,admiration|disgust|joy|love|optimism|surprise
1760,0|4,admiration|approval,1|4|5|8|17|27,amusement|approval|caring|desire|joy|neutral
1761,1,amusement,1|2|5|15|27,amusement|anger|caring|gratitude|neutral
1762,6,confusion,0|1|2|4|9|10|13|15,admiration|amusement|anger|approval|disappointment|disapproval|excitement|gratitude
1763,27,neutral,4|20|22|25|26|27,approval|optimism|realization|sadness|surprise|neutral
1764,27,neutral,3|6|9|15|17|25,annoyance|confusion|disappointment|gratitude|joy|sadness
1765,10|27,disapproval|neutral,0|4|5|9|13|22|27,admiration|approval|caring|disappointment|excitement|realization|neutral
1766,4|18,approval|love,0|2|4|10|20|27,admiration|anger|approval|disapproval|optimism|neutral
1767,14,fear,1|3|5|6|7|14|17|18|20|22,amusement|annoyance|caring|confusion|curiosity|fear|joy|love|optimism|realization
1768,15,gratitude,3|4|6|8|10|11|13,annoyance|approval|confusion|desire|disapproval|disgust|excitement
1769,3,annoyance,3|8|13|18|26|27,annoyance|desire|excitement|love|surprise|neutral
1770,1|7,amusement|curiosity,0|10|13|15|20,admiration|disapproval|excitement|gratitude|optimism
1771,27,neutral,0|1|2|5|6|9|15|17|20,admiration|amusement|anger|caring|confusion|disappointment|gratitude|joy|optimism
1772,26,surprise,1|4|5|10|11|20|27,amusement|approval|caring|disapproval|disgust|optimism|neutral
1773,15,gratitude,6|22|26|27,confusion|realization|surprise|neutral
1774,12,embarrassment,1|5|9|13|17|27,amusement|caring|disappointment|excitement|joy|neutral
1775,15|19,gratitude|nervousness,0|5|6|7|10|20|22|25|26,admiration|caring|confusion|curiosity|disapproval|optimism|realization|sadness|surprise
1776,27,neutral,0|1|9|15|19|22|25,admiration|amusement|disappointment|gratitude|nervousness|realization|sadness
1777,0,admiration,0|4|8|10|14|25|27,admiration|approval|desire|disapproval|fear|sadness|neutral
1778,7,curiosity,1|6|9|14|22|27,amusement|confusion|disappointment|fear|realization|neutral
1779,1|18,amusement|love,0|3|15|22|27,admiration|annoyance|gratitude|realization|neutral
1780,27,neutral,1|2|3|6|10|17|18|27,amusement|anger|annoyance|confusion|disapproval|joy|love|neutral
1781,0|26,admiration|surprise,4|6|7|9|11|15|17|18|25,approval|confusion|curiosity|disappointment|disgust|gratitude|joy|love|sadness
1782,27,neutral,6|7|9|13|17|20|27,confusion|curiosity|disappointment|excitement|joy|optimism|neutral
1783,27,neutral,0|3|5|7|14|22,admiration|annoyance|caring|curiosity|fear|realization
1784,4,approval,0|2,admiration|anger
1785,27,neutral,10|18|20|25,disapproval|love|optimism|sadness
1786,27,neutral,1|2|4|7|8|20|25|26,amusement|anger|approval|curiosity|desire|optimism|sadness|surprise
1787,0|1,admiration|amusement,2|3|4|8|10|11|15|17|25|26,anger|annoyance|approval|desire|disapproval|disgust|gratitude|joy|sadness|surprise
1788,4|17,approval|joy,0|3|5|8|9|10|18|25|27,admiration|annoyance|caring|desire|disappointment|disapproval|love|sadness|neutral
1789,20,optimism,1|4|6|11|18|26,amusement|approval|confusion|disgust|love|surprise
1790,27,neutral,5|7|8|11|15|22|27,caring|curiosity|desire|disgust|gratitude|realization|neutral
1791,27,neutral,1|7|14|15|17|18|20|25|26,amusement|curiosity|fear|gratitude|joy|love|optimism|sadness|surprise
1792,10,disapproval,0|3|4|5|18|22|27,admiration|annoyance|approval|caring|love|realization|neutral
1793,1,amusement,4|6|7|9|15|20|24|25,approval|confusion|curiosity|disappointment|gratitude|optimism|remorse|sadness
1794,4,approval,0|3|4|5|9|14|17|18|20|24|27,admiration|annoyance|approval|caring|disappointment|fear|joy|love|optimism|remorse|neutral
1795,0,admiration,4|6|7|8|10|13|15|27,approval|confusion|curiosity|desire|disapproval|excitement|gratitude|neutral
1796,6,confusion,0|10|18|22|25|27,admiration|disapproval|love|realization|sadness|neutral
1797,14,fear,0|3|4|10|13|20,admiration|annoyance|approval|disapproval|excitement|optimism
1798,0,admiration,1|2|6|7|18|22|25|26|27,amusement|anger|confusion|curiosity|love|realization|sadness|surprise|neutral
1799,15,gratitude,3|9|10|11|15|25,annoyance|disappointment|disapproval|disgust|gratitude|sadness
1800,2,anger,0|3|7|15|17|27,admiration|annoyance|curiosity|gratitude|joy|neutral
1801,27,neutral,1|3|5|9|18|27,amusement|annoyance|caring|disappointment|love|neutral
1802,27,neutral,2|3|5|15|25,anger|annoyance|caring|gratitude|sadness
1803,15,gratitude,1|2|3|4|18,amusement|anger|annoyance|approval|love
1804,0|20,admiration|optimism,1|10|15|18|22|25|27,amusement|disapproval|gratitude|love|realization|sadness|neutral
1805,9,disappointment,6|10|24|25|27,confusion|disapproval|remorse|sadness|neutral
1806,27,neutral,1|9|14|15|17,amusement|disappointment|fear|gratitude|joy
1807,17|25,joy|sadness,1|5|7|9,amusement|caring|curiosity|disappointment
1808,1,amusement,3|6|7|10|14|25|26,annoyance|confusion|curiosity|disapproval|fear|sadness|surprise
1809,15,gratitude,1|6|9|11|14|22|25,amusement|confusion|disappointment|disgust|fear|realization|sadness
1810,27,neutral,0|1|2|4|7|9|17|27,admiration|amusement|anger|approval|curiosity|disappointment|joy|neutral
1811,27,neutral,1|3|4|5|9|13|22,amusement|annoyance|approval|caring|disappointment|excitement|realization
1812,20,optimism,6|9|25|27,confusion|disappointment|sadness|neutral
1813,3,annoyance,0|2|7|18|20|25,admiration|anger|curiosity|love|optimism|sadness
1814,1,amusement,17|22|27,joy|realization|neutral
1815,24,remorse,2|3|6|10|15|17,anger|annoyance|confusion|disapproval|gratitude|joy
1816,15,gratitude,0|1|2|4|6|8|9|11,admiration|amusement|anger|approval|confusion|desire|disappointment|disgust
1817,4,approval,0|1|2|15|25,admiration|amusement|anger|gratitude|sadness
1818,17,joy,7|10|15|25,curiosity|disapproval|gratitude|sadness
1819,0,admiration,5|18|26|27,caring|love|surprise|neutral
1820,27,neutral,1|2|3|15|18|22|27,amusement|anger|annoyance|gratitude|love|realization|neutral
1821,27,neutral,1|2|3|4|8|9|15|24|27,amusement|anger|annoyance|approval|desire|disappointment|gratitude|remorse|neutral
1822,27,neutral,1|3|9|11|18|22|26,amusement|annoyance|disappointment|disgust|love|realization|surprise
1823,0|15,admiration|gratitude,0|4|7|9|13|22|27,admiration|approval|curiosity|disappointment|excitement|realization|neutral
1824,5,caring,1|10|15|17|22,amusement|disapproval|gratitude|joy|realization
1825,11,disgust,9|21|24,disappointment|pride|remorse
1826,0|10,admiration|disapproval,4|13|15|18|26|27,approval|excitement|gratitude|love|surprise|neutral
1827,27,neutral,1|4|5|6|11|18|19|20|25,amusement|approval|caring|confusion|disgust|love|nervousness|optimism|sadness
1828,3,annoyance,2|4|5|6|8|9|25|26|27,anger|approval|caring|confusion|desire|disappointment|sadness|surprise|neutral
1829,27,neutral,0|11|15|17|22,admiration|disgust|gratitude|joy|realization
1830,27,neutral,1|2|4|5|8|11|17|22|25,amusement|anger|approval|caring|desire|disgust|joy|realization|sadness
1831,18,love,3|5|10|11|15|17|23|27,annoyance|caring|disapproval|disgust|gratitude|joy|relief|neutral
1832,0,admiration,2|4|7|15|20|24|25,anger|approval|curiosity|gratitude|optimism|remorse|sadness
1833,25,sadness,0|4|7|14|17|25|27,admiration|approval|curiosity|fear|joy|sadness|neutral
1834,14,fear,1|2|6|7|9|20|22|26,amusement|anger|confusion|curiosity|disappointment|optimism|realization|surprise
1835,0,admiration,3|4|6|7|9|17|25|27,annoyance|approval|confusion|curiosity|disappointment|joy|sadness|neutral
1836,20,optimism,0|3|6|22|25|26|27,admiration|annoyance|confusion|realization|sadness|surprise|neutral
1837,27,neutral,4|5|9|10|13|20|22|27,approval|caring|disappointment|disapproval|excitement|optimism|realization|neutral
1838,27,neutral,2|3|4|8|10|15|17|18,anger|annoyance|approval|desire|disapproval|gratitude|joy|love
1839,22,realization,3|6|9|15|17|20|27,annoyance|confusion|disappointment|gratitude|joy|optimism|neutral
1840,27,neutral,1|6|7|13|27,amusement|confusion|curiosity|excitement|neutral
1841,27,neutral,3|4|8|10|15|27,annoyance|approval|desire|disapproval|gratitude|neutral
1842,0,admiration,1|5|13|15|17|18|24|27,amusement|caring|excitement|gratitude|joy|love|remorse|neutral
1843,27,neutral,1|3|7|17|27,amusement|annoyance|curiosity|joy|neutral
1844,7,curiosity,6|8|10|15|17|25|27,confusion|desire|disapproval|gratitude|joy|sadness|neutral
1845,6,confusion,0|6|15|17|18,admiration|confusion|gratitude|joy|love
1846,8|20,desire|optimism,4|5|10|14|27,approval|caring|disapproval|fear|neutral
1847,3,annoyance,0|3|4|27,admiration|annoyance|approval|neutral
1848,0,admiration,1|3|7|11|15|18|25|27,amusement|annoyance|curiosity|disgust|gratitude|love|sadness|neutral
1849,27,neutral,2|7|26|27,anger|curiosity|surprise|neutral
1850,9,disappointment,0|7|15|17|23,admiration|curiosity|gratitude|joy|relief
1851,27,neutral,0|5|6|20|22|25,admiration|caring|confusion|optimism|realization|sadness
1852,27,neutral,2|5|7|22|26|27,anger|caring|curiosity|realization|surprise|neutral
1853,10,disapproval,1|3|5|7|8|9|12|18|20|27,amusement|annoyance|caring|curiosity|desire|disappointment|embarrassment|love|optimism|neutral
1854,20,optimism,1|2|5|6|7|18|22,amusement|anger|caring|confusion|curiosity|love|realization
1855,27,neutral,1|2|6|7|10|15|20,amusement|anger|confusion|curiosity|disapproval|gratitude|optimism
1856,14,fear,0|5|6|7|9|11|20|22|25,admiration|caring|confusion|curiosity|disappointment|disgust|optimism|realization|sadness
1857,5|25,caring|sadness,1|14|15|18|27,amusement|fear|gratitude|love|neutral
1858,27,neutral,3|15|17|27,annoyance|gratitude|joy|neutral
1859,0,admiration,0|1|6|7|18|26|27,admiration|amusement|confusion|curiosity|love|surprise|neutral
1860,25,sadness,2|4|5|9|11|14|27,anger|approval|caring|disappointment|disgust|fear|neutral
1861,15,gratitude,4|7|9|22|26|27,approval|curiosity|disappointment|realization|surprise|neutral
1862,14|18,fear|love,0|5|6|8|9|14|15|17|18|20,admiration|caring|confusion|desire|disappointment|fear|gratitude|joy|love|optimism
1863,14,fear,0|1|2|3|4|7|13|15|21,admiration|amusement|anger|annoyance|approval|curiosity|excitement|gratitude|pride
1864,27,neutral,3|4|5|9|13|16|23|26,annoyance|approval|caring|disappointment|excitement|grief|relief|surprise
1865,0|20,admiration|optimism,1|3|9|13|14|22|24|25,amusement|annoyance|disappointment|excitement|fear|realization|remorse|sadness
1866,27,neutral,0|3|4|7|17|26,admiration|annoyance|approval|curiosity|joy|surprise
1867,27,neutral,2|3|11|13|14|18|25,anger|annoyance|disgust|excitement|fear|love|sadness
1868,0,admiration,0|1|4|15|20|27,admiration|amusement|approval|gratitude|optimism|neutral
1869,13,excitement,0|1|6|7|11|17|22|25|26,admiration|amusement|confusion|curiosity|disgust|joy|realization|sadness|surprise
1870,4,approval,0|9|13|15|20|22,admiration|disappointment|excitement|gratitude|optimism|realization
1871,15,gratitude,7|9|10|11|15|20|25|26,curiosity|disappointment|disapproval|disgust|gratitude|optimism|sadness|surprise
1872,9,disappointment,0|14|15|17|20,admiration|fear|gratitude|joy|optimism
1873,15,gratitude,0|2|9|13|18|20|22,admiration|anger|disappointment|excitement|love|optimism|realization
1874,4,approval,0|1|5|6|7|18|24,admiration|amusement|caring|confusion|curiosity|love|remorse
1875,7,curiosity,4|15|27,approval|gratitude|neutral
1876,15,gratitude,0|4|17|20|25|27,admiration|approval|joy|optimism|sadness|neutral
1877,4,approval,0|9|18|25|27,admiration|disappointment|love|sadness|neutral
1878,7|27,curiosity|neutral,0|4|8|9|10|11|13|15|17|18|20|22|25,admiration|approval|desire|disappointment|disapproval|disgust|excitement|gratitude|joy|love|optimism|realization|sadness
1879,4|27,approval|neutral,8|10,desire|disapproval
1880,27,neutral,4|11|27,approval|disgust|neutral
1881,11,disgust,9|13|15|18,disappointment|excitement|gratitude|love
1882,15,gratitude,4|20|25,approval|optimism|sadness
1883,26,surprise,12|17|18|27,embarrassment|joy|love|neutral
1884,27,neutral,1|2|10|11|17|25|27,amusement|anger|disapproval|disgust|joy|sadness|neutral
1885,18,love,0|5|7|9|10|18|20|25|27,admiration|caring|curiosity|disappointment|disapproval|love|optimism|sadness|neutral
1886,10,disapproval,1|2|7|11|20|25|27,amusement|anger|curiosity|disgust|optimism|sadness|neutral
1887,10,disapproval,1|4|6|7|11|18,amusement|approval|confusion|curiosity|disgust|love
1888,2|11,anger|disgust,0|4|5|7|20|22|25|27,admiration|approval|caring|curiosity|optimism|realization|sadness|neutral
1889,10,disapproval,2|3|11|17|27,anger|annoyance|disgust|joy|neutral
1890,14|20,fear|optimism,1|2|3|4|10|14|22,amusement|anger|annoyance|approval|disapproval|fear|realization
1891,6,confusion,0|3|5|10|13|20|22|26,admiration|annoyance|caring|disapproval|excitement|optimism|realization|surprise
1892,18,love,2|5|14|15|18,anger|caring|fear|gratitude|love
1893,4,approval,7|16|20|25|26|27,curiosity|grief|optimism|sadness|surprise|neutral
1894,27,neutral,0|5|10|15|18,admiration|caring|disapproval|gratitude|love
1895,9,disappointment,0|1|2|3|4|8|9|27,admiration|amusement|anger|annoyance|approval|desire|disappointment|neutral
1896,0,admiration,3|9|10|11|18|26,annoyance|disappointment|disapproval|disgust|love|surprise
1897,27,neutral,0|3|14|17,admiration|annoyance|fear|joy
1898,27,neutral,3|5|10|20,annoyance|caring|disapproval|optimism
1899,27,neutral,3|4|10|20|22|24|27,annoyance|approval|disapproval|optimism|realization|remorse|neutral
1900,4,approval,2|3|5|10|25,anger|annoyance|caring|disapproval|sadness
1901,0|4|27,admiration|approval|neutral,0|4|18|20|24|27,admiration|approval|love|optimism|remorse|neutral
1902,1|2,amusement|anger,5|18|24|25|27,caring|love|remorse|sadness|neutral
1903,27,neutral,0|6|7|18|20|24,admiration|confusion|curiosity|love|optimism|remorse
1904,2|3,anger|annoyance,4|7|9|10|17|18|25|27,approval|curiosity|disappointment|disapproval|joy|love|sadness|neutral
1905,2,anger,1|6|8|22|27,amusement|confusion|desire|realization|neutral
1906,0|15,admiration|gratitude,1|6|7|9|18|26|27,amusement|confusion|curiosity|disappointment|love|surprise|neutral
1907,3|10,annoyance|disapproval,0|3|6|13,admiration|annoyance|confusion|excitement
1908,27,neutral,2|4|7|10|11|13|15|24|27,anger|approval|curiosity|disapproval|disgust|excitement|gratitude|remorse|neutral
1909,8,desire,0|1|2|7|10|13|15|17|18|25,admiration|amusement|anger|curiosity|disapproval|excitement|gratitude|joy|love|sadness
1910,27,neutral,0|2|18|20|27,admiration|anger|love|optimism|neutral
1911,8,desire,0|15|17|24|27,admiration|gratitude|joy|remorse|neutral
1912,4,approval,4|8|13|22|25,approval|desire|excitement|realization|sadness
1913,4,approval,0|1|4|7|9|18|22,admiration|amusement|approval|curiosity|disappointment|love|realization
1914,10|27,disapproval|neutral,0|4|7|9|13|14|18,admiration|approval|curiosity|disappointment|excitement|fear|love
1915,27,neutral,4|5|9|20|22|26,approval|caring|disappointment|optimism|realization|surprise
1916,4,approval,1|5|7|11|15|17|20|25,amusement|caring|curiosity|disgust|gratitude|joy|optimism|sadness
1917,17,joy,0|2|10|18|24,admiration|anger|disapproval|love|remorse
1918,27,neutral,0|2|25|27,admiration|anger|sadness|neutral
1919,7,curiosity,0|3|4|8|9|12|18|19,admiration|annoyance|approval|desire|disappointment|embarrassment|love|nervousness
1920,2,anger,1|2|6|7|10|17|20|22,amusement|anger|confusion|curiosity|disapproval|joy|optimism|realization
1921,2|26,anger|surprise,3|4|5|20,annoyance|approval|caring|optimism
1922,27,neutral,2|4|6|17|24,anger|approval|confusion|joy|remorse
1923,27,neutral,5|6|7|11|20|25,caring|confusion|curiosity|disgust|optimism|sadness
1924,27,neutral,4|20|23|27,approval|optimism|relief|neutral
1925,15,gratitude,5|13|22|27,caring|excitement|realization|neutral
1926,10,disapproval,0|3|4|14|17|18,admiration|annoyance|approval|fear|joy|love
1927,21,pride,4|6|15|17|25|27,approval|confusion|gratitude|joy|sadness|neutral
1928,3,annoyance,7|8|9|10|13|15|17|22|25,curiosity|desire|disappointment|disapproval|excitement|gratitude|joy|realization|sadness
1929,7|18,curiosity|love,1|2|6|8|9|25,amusement|anger|confusion|desire|disappointment|sadness
1930,18,love,0|15|18|22,admiration|gratitude|love|realization
1931,0,admiration,0|6|9|10|12|13|14|17|18,admiration|confusion|disappointment|disapproval|embarrassment|excitement|fear|joy|love
1932,27,neutral,3|5|7|22|27,annoyance|caring|curiosity|realization|neutral
1933,27,neutral,0|3|7|10|27,admiration|annoyance|curiosity|disapproval|neutral
1934,24,remorse,1|2|3|5|9|13|15|18|25,amusement|anger|annoyance|caring|disappointment|excitement|gratitude|love|sadness
1935,0|15,admiration|gratitude,0|2|4|6|7|8|9|10,admiration|anger|approval|confusion|curiosity|desire|disappointment|disapproval
1936,15,gratitude,0|2|3|6|10|13|18|19|20,admiration|anger|annoyance|confusion|disapproval|excitement|love|nervousness|optimism
1937,3,annoyance,0|3|18,admiration|annoyance|love
1938,7,curiosity,3|5|6|10|17|20|25,annoyance|caring|confusion|disapproval|joy|optimism|sadness
1939,10,disapproval,0|4|6|7|17|18|20|24,admiration|approval|confusion|curiosity|joy|love|optimism|remorse
1940,27,neutral,3|5|9|10|17|26|27,annoyance|caring|disappointment|disapproval|joy|surprise|neutral
1941,27,neutral,1|3|4|15,amusement|annoyance|approval|gratitude
1942,27,neutral,3|4|7|8|25|27,annoyance|approval|curiosity|desire|sadness|neutral
1943,2|6|22,anger|confusion|realization,1|3|6|11|17|22,amusement|annoyance|confusion|disgust|joy|realization
1944,10,disapproval,0|1|22,admiration|amusement|realization
1945,27,neutral,2|4|5|9|25,anger|approval|caring|disappointment|sadness
1946,27,neutral,0|1|2|10,admiration|amusement|anger|disapproval
1947,27,neutral,1|3|10|15,amusement|annoyance|disapproval|gratitude
1948,4,approval,0|4|10|25|27,admiration|approval|disapproval|sadness|neutral
1949,27,neutral,2|4|5|6|10|13|14|15|17|22|25,anger|approval|caring|confusion|disapproval|excitement|fear|gratitude|joy|realization|sadness
1950,27,neutral,9|15|18|27,disappointment|gratitude|love|neutral
1951,3|10,annoyance|disapproval,0|2|7|9|11|20|26,admiration|anger|curiosity|disappointment|disgust|optimism|surprise
1952,17,joy,3|4|6|7|10|17,annoyance|approval|confusion|curiosity|disapproval|joy
1953,27,neutral,0|1|2|3|5|12|25,admiration|amusement|anger|annoyance|caring|embarrassment|sadness
1954,14,fear,5|6|7|10|24|27,caring|confusion|curiosity|disapproval|remorse|neutral
1955,27,neutral,0|10,admiration|disapproval
1956,27,neutral,0|1|6|7|9|18,admiration|amusement|confusion|curiosity|disappointment|love
1957,26,surprise,3|10|11|27,annoyance|disapproval|disgust|neutral
1958,27,neutral,4|5|6|7|9|11|15|22|27,approval|caring|confusion|curiosity|disappointment|disgust|gratitude|realization|neutral
1959,27,neutral,0|2|6|7|10|15|24|27,admiration|anger|confusion|curiosity|disapproval|gratitude|remorse|neutral
1960,27,neutral,0|2|4|5|7|9|10|11|15|18,admiration|anger|approval|caring|curiosity|disappointment|disapproval|disgust|gratitude|love
1961,3,annoyance,1|2|7|9|11|15|24|26,amusement|anger|curiosity|disappointment|disgust|gratitude|remorse|surprise
1962,2|3,anger|annoyance,1|2|4|5|10|17|18|20|25,amusement|anger|approval|caring|disapproval|joy|love|optimism|sadness
1963,15,gratitude,4|6|9|10|14|18|20|24|25|26,approval|confusion|disappointment|disapproval|fear|love|optimism|remorse|sadness|surprise
1964,15,gratitude,2|8|9|10|12|25|27,anger|desire|disappointment|disapproval|embarrassment|sadness|neutral
1965,0,admiration,1|6|26|27,amusement|confusion|surprise|neutral
1966,1,amusement,3|4|9|14|15|20|24|25,annoyance|approval|disappointment|fear|gratitude|optimism|remorse|sadness
1967,25,sadness,7|9|10|15|25|27,curiosity|disappointment|disapproval|gratitude|sadness|neutral
1968,27,neutral,2|3|4|7|8|9|17|27,anger|annoyance|approval|curiosity|desire|disappointment|joy|neutral
1969,15|22|26,gratitude|realization|surprise,1|3|17|18|22|26,amusement|annoyance|joy|love|realization|surprise
1970,1,amusement,3|7|11|15|17|25|26|27,annoyance|curiosity|disgust|gratitude|joy|sadness|surprise|neutral
1971,27,neutral,1|2|3|8|9|10|11|14|18,amusement|anger|annoyance|desire|disappointment|disapproval|disgust|fear|love
1972,1|15,amusement|gratitude,3|4|6|7|9|11|13|15|18|22,annoyance|approval|confusion|curiosity|disappointment|disgust|excitement|gratitude|love|realization
1973,0,admiration,0|3|4|8|10|17|27,admiration|annoyance|approval|desire|disapproval|joy|neutral
1974,27,neutral,0|2|9|10|11|20|25|27,admiration|anger|disappointment|disapproval|disgust|optimism|sadness|neutral
1975,27,neutral,0|3|18|27,admiration|annoyance|love|neutral
1976,14,fear,3|4|7|15|18,annoyance|approval|curiosity|gratitude|love
1977,8,desire,2|7|13|20|26|27,anger|curiosity|excitement|optimism|surprise|neutral
1978,0,admiration,0|3|10|15|17|25,admiration|annoyance|disapproval|gratitude|joy|sadness
1979,22|27,realization|neutral,0|1|2|3|5|8|9|13|18|20|26,admiration|amusement|anger|annoyance|caring|desire|disappointment|excitement|love|optimism|surprise
1980,27,neutral,0|1|4|15|22|25,admiration|amusement|approval|gratitude|realization|sadness
1981,1|10,amusement|disapproval,8|18|27,desire|love|neutral
1982,27,neutral,0|6|7|14|15,admiration|confusion|curiosity|fear|gratitude
1983,4|27,approval|neutral,0|4|7|15|22|27,admiration|approval|curiosity|gratitude|realization|neutral
1984,22|27,realization|neutral,0|4|7|15|17|23|25,admiration|approval|curiosity|gratitude|joy|relief|sadness
1985,15,gratitude,1|2|3|4|6|17|20,amusement|anger|annoyance|approval|confusion|joy|optimism
1986,18,love,5|7|8|9|15|18|20|27,caring|curiosity|desire|disappointment|gratitude|love|optimism|neutral
1987,27,neutral,1|3|27,amusement|annoyance|neutral
1988,5,caring,0|2|3|11,admiration|anger|annoyance|disgust
1989,14|27,fear|neutral,7|14|27,curiosity|fear|neutral
1990,27,neutral,2|3|4|11|14|24|26,anger|annoyance|approval|disgust|fear|remorse|surprise
1991,0|13,admiration|excitement,0|6|10|13|17|22|24|27,admiration|confusion|disapproval|excitement|joy|realization|remorse|neutral
1992,24,remorse,1|2|3|4|9|10|15|25,amusement|anger|annoyance|approval|disappointment|disapproval|gratitude|sadness
1993,27,neutral,1|2|6|9|11|20|27,amusement|anger|confusion|disappointment|disgust|optimism|neutral
1994,27,neutral,2|3|4|6|13|15|17,anger|annoyance|approval|confusion|excitement|gratitude|joy
1995,27,neutral,11|18|27,disgust|love|neutral
1996,18,love,1|4|11|18|20|25|27,amusement|approval|disgust|love|optimism|sadness|neutral
1997,9,disappointment,0|2|7|15|18|22|27,admiration|anger|curiosity|gratitude|love|realization|neutral
1998,27,neutral,2|5|20|25,anger|caring|optimism|sadness
1999,27,neutral,1|3|8|14|27,amusement|annoyance|desire|fear|neutral
2000,27,neutral,0|20|27,admiration|optimism|neutral
2001,27,neutral,1|2|7|17|18,amusement|anger|curiosity|joy|love
2002,10,disapproval,0|1|3|7|18|22|24|25,admiration|amusement|annoyance|curiosity|love|realization|remorse|sadness
2003,27,neutral,0|3|15|18|27,admiration|annoyance|gratitude|love|neutral
2004,15,gratitude,9|10|11|13|17|20|27,disappointment|disapproval|disgust|excitement|joy|optimism|neutral
2005,6|7,confusion|curiosity,0|2|3|15|18|27,admiration|anger|annoyance|gratitude|love|neutral
2006,11,disgust,0|2|5|9|11|17|19|26|27,admiration|anger|caring|disappointment|disgust|joy|nervousness|surprise|neutral
2007,15,gratitude,3|4|6|20|22|26|27,annoyance|approval|confusion|optimism|realization|surprise|neutral
2008,1,amusement,0|1|11|20,admiration|amusement|disgust|optimism
2009,27,neutral,0|2|7|15|18|21|26,admiration|anger|curiosity|gratitude|love|pride|surprise
2010,27,neutral,2|3|5|6|7|8|13|15,anger|annoyance|caring|confusion|curiosity|desire|excitement|gratitude
2011,7,curiosity,0|1|2|3|4|10|17|18,admiration|amusement|anger|annoyance|approval|disapproval|joy|love
2012,27,neutral,0|4|9|27,admiration|approval|disappointment|neutral
2013,7,curiosity,1|5|10|15|18|20|27,amusement|caring|disapproval|gratitude|love|optimism|neutral
2014,0|17,admiration|joy,1|3|8|10|18|27,amusement|annoyance|desire|disapproval|love|neutral
2015,27,neutral,3|5|7|9|10|13|14|22|25,annoyance|caring|curiosity|disappointment|disapproval|excitement|fear|realization|sadness
2016,17,joy,1|10|25|27,amusement|disapproval|sadness|neutral
2017,27,neutral,2|3|5|10|12|13|17|18|26,anger|annoyance|caring|disapproval|embarrassment|excitement|joy|love|surprise
2018,3,annoyance,5|6|7|9|10|15|18|24|27,caring|confusion|curiosity|disappointment|disapproval|gratitude|love|remorse|neutral
2019,13,excitement,2|3|5|27,anger|annoyance|caring|neutral
2020,27,neutral,4|5|27,approval|caring|neutral
2021,22,realization,2|4|14|27,anger|approval|fear|neutral
2022,7,curiosity,0|3|4|13|21|27,admiration|annoyance|approval|excitement|pride|neutral
2023,27,neutral,2|7|11|13|18|22|27,anger|curiosity|disgust|excitement|love|realization|neutral
2024,4,approval,0|5|9|11|22|25,admiration|caring|disappointment|disgust|realization|sadness
2025,4,approval,5|6|7|10|11|13|24|27,caring|confusion|curiosity|disapproval|disgust|excitement|remorse|neutral
2026,6|26,confusion|surprise,2|4|7|24|26,anger|approval|curiosity|remorse|surprise
2027,0|17,admiration|joy,7|10|11|15|26|27,curiosity|disapproval|disgust|gratitude|surprise|neutral
2028,27,neutral,0|2|10|15|17|20|26,admiration|anger|disapproval|gratitude|joy|optimism|surprise
2029,0,admiration,10,disapproval
2030,0,admiration,2|7|8|26|27,anger|curiosity|desire|surprise|neutral
2031,8,desire,1|10|11,amusement|disapproval|disgust
2032,27,neutral,0|2|4|17|22|25,admiration|anger|approval|joy|realization|sadness
2033,27,neutral,1|2|3|24|25|26,amusement|anger|annoyance|remorse|sadness|surprise
2034,27,neutral,3|9|27,annoyance|disappointment|neutral
2035,20,optimism,0|1|2|5|13|15|20|25,admiration|amusement|anger|caring|excitement|gratitude|optimism|sadness
2036,25,sadness,2|3|6|7|10|27,anger|annoyance|confusion|curiosity|disapproval|neutral
2037,25,sadness,1|4|10|22|27,amusement|approval|disapproval|realization|neutral
2038,27,neutral,0|10|11|21|22|23,admiration|disapproval|disgust|pride|realization|relief
2039,27,neutral,2|4|5|12|17|18|19|22,anger|approval|caring|embarrassment|joy|love|nervousness|realization
2040,5,caring,0|4|8|10|18|20,admiration|approval|desire|disapproval|love|optimism
2041,3,annoyance,1|9|11|25|27,amusement|disappointment|disgust|sadness|neutral
2042,6|26,confusion|surprise,9|10|26|27,disappointment|disapproval|surprise|neutral
2043,27,neutral,10|17|25,disapproval|joy|sadness
2044,18,love,2|4|5|6|15|20|26,anger|approval|caring|confusion|gratitude|optimism|surprise
2045,27,neutral,1|5|7|17|20|25,amusement|caring|curiosity|joy|optimism|sadness
2046,0,admiration,2|22|26|27,anger|realization|surprise|neutral
2047,22,realization,2|9|10|11|15|22|26,anger|disappointment|disapproval|disgust|gratitude|realization|surprise
2048,27,neutral,11|27,disgust|neutral
2049,15|24,gratitude|remorse,0|3|8|11|13|14|15|25|27,admiration|annoyance|desire|disgust|excitement|fear|gratitude|sadness|neutral
2050,9,disappointment,0|1|5|8|14|17|25|27,admiration|amusement|caring|desire|fear|joy|sadness|neutral
2051,9|27,disappointment|neutral,4|10|11|15|27,approval|disapproval|disgust|gratitude|neutral
2052,4,approval,0|3|5|9|18|20|27,admiration|annoyance|caring|disappointment|love|optimism|neutral
2053,14|27,fear|neutral,0|6|8|13|18|24|27,admiration|confusion|desire|excitement|love|remorse|neutral
2054,23,relief,1|3|4|9|10|14|27,amusement|annoyance|approval|disappointment|disapproval|fear|neutral
2055,15,gratitude,0|2|3|5|6|9,admiration|anger|annoyance|caring|confusion|disappointment
2056,10,disapproval,6|9|10|15|17|18|22,confusion|disappointment|disapproval|gratitude|joy|love|realization
2057,4|27,approval|neutral,0|2|3|5|6|9|15|25,admiration|anger|annoyance|caring|confusion|disappointment|gratitude|sadness
2058,27,neutral,10|17|27,disapproval|joy|neutral
2059,15,gratitude,4|5|15,approval|caring|gratitude
2060,15,gratitude,1|3|7|9|10|15|18|24|26,amusement|annoyance|curiosity|disappointment|disapproval|gratitude|love|remorse|surprise
2061,4,approval,0|2|18|26|27,admiration|anger|love|surprise|neutral
2062,4,approval,3|4|7|9|10|14|17|24,annoyance|approval|curiosity|disappointment|disapproval|fear|joy|remorse
2063,22,realization,2|3|9|11|14,anger|annoyance|disappointment|disgust|fear
2064,15|20|22,gratitude|optimism|realization,2|3|10|27,anger|annoyance|disapproval|neutral
2065,0|9,admiration|disappointment,3|8|15|25|26|27,annoyance|desire|gratitude|sadness|surprise|neutral
2066,7,curiosity,2|4|6|7|10|11|17|18,anger|approval|confusion|curiosity|disapproval|disgust|joy|love
2067,27,neutral,1|4|6|9|15|17|22|27,amusement|approval|confusion|disappointment|gratitude|joy|realization|neutral
2068,26,surprise,2|3|6|8|13|22,anger|annoyance|confusion|desire|excitement|realization
2069,22,realization,2|3|18|26|27,anger|annoyance|love|surprise|neutral
2070,27,neutral,2|4|6|7|9,anger|approval|confusion|curiosity|disappointment
2071,15,gratitude,2|3|5|7|11|14|25,anger|annoyance|caring|curiosity|disgust|fear|sadness
2072,9,disappointment,0|2|4|5|13|14|25|27,admiration|anger|approval|caring|excitement|fear|sadness|neutral
2073,27,neutral,2|3|4|5|6|7|11|18|25,anger|annoyance|approval|caring|confusion|curiosity|disgust|love|sadness
2074,17,joy,0|5|6|9|18|20|27,admiration|caring|confusion|disappointment|love|optimism|neutral
2075,10,disapproval,1|2|5|6|15|17,amusement|anger|caring|confusion|gratitude|joy
2076,27,neutral,9|10|14|15|17|22|25|26,disappointment|disapproval|fear|gratitude|joy|realization|sadness|surprise
2077,7,curiosity,3|10,annoyance|disapproval
2078,14|25,fear|sadness,0|1|9|10|15,admiration|amusement|disappointment|disapproval|gratitude
2079,25,sadness,1|3|5|15|17|18|24|26|27,amusement|annoyance|caring|gratitude|joy|love|remorse|surprise|neutral
2080,15,gratitude,3|4|6|9|10|20|26|27,annoyance|approval|confusion|disappointment|disapproval|optimism|surprise|neutral
2081,18,love,0|1|2|15|18|20|22|24,admiration|amusement|anger|gratitude|love|optimism|realization|remorse
2082,13|17,excitement|joy,3|4|9|11|20|25,annoyance|approval|disappointment|disgust|optimism|sadness
2083,27,neutral,0|1|2|3|7|15|18|20|22,admiration|amusement|anger|annoyance|curiosity|gratitude|love|optimism|realization
2084,2,anger,2|6|7|9|15|26|27,anger|confusion|curiosity|disappointment|gratitude|surprise|neutral
2085,27,neutral,3|4|7|11,annoyance|approval|curiosity|disgust
2086,27,neutral,3|8|15|20|27,annoyance|desire|gratitude|optimism|neutral
2087,22,realization,3|6|14|18|27,annoyance|confusion|fear|love|neutral
2088,27,neutral,2|3|11|17|22|24|26,anger|annoyance|disgust|joy|realization|remorse|surprise
2089,27,neutral,1|3|4|5|13|15|22|25|26,amusement|annoyance|approval|caring|excitement|gratitude|realization|sadness|surprise
2090,3,annoyance,7|9|15|17|26|27,curiosity|disappointment|gratitude|joy|surprise|neutral
2091,7,curiosity,1|4|5|7|8|14|27,amusement|approval|caring|curiosity|desire|fear|neutral
2092,27,neutral,4|7|27,approval|curiosity|neutral
2093,1,amusement,0|1|2|5|11|22|25|27,admiration|amusement|anger|caring|disgust|realization|sadness|neutral
2094,15,gratitude,3|4|6|8|11|20,annoyance|approval|confusion|desire|disgust|optimism
2095,10,disapproval,1|4|6|7|18,amusement|approval|confusion|curiosity|love
2096,3,annoyance,0|1|2|6|14|18|20|22|27,admiration|amusement|anger|confusion|fear|love|optimism|realization|neutral
2097,18,love,0|3|4|5|10|11|23,admiration|annoyance|approval|caring|disapproval|disgust|relief
2098,12|24,embarrassment|remorse,0|1|2|3|5|11|25|27,admiration|amusement|anger|annoyance|caring|disgust|sadness|neutral
2099,27,neutral,18|25|27,love|sadness|neutral
2100,27,neutral,6|8|10|13|15|20|25,confusion|desire|disapproval|excitement|gratitude|optimism|sadness
2101,3,annoyance,1|3|8|10|24|27,amusement|annoyance|desire|disapproval|remorse|neutral
2102,9|25,disappointment|sadness,0|1|11|12|13|17|27,admiration|amusement|disgust|embarrassment|excitement|joy|neutral
2103,11,disgust,0|5|17|18,admiration|caring|joy|love
2104,27,neutral,0|2|4|6|18|26,admiration|anger|approval|confusion|love|surprise
2105,26,surprise,0|3|7|22,admiration|annoyance|curiosity|realization
2106,1,amusement,1|8|9|13|17|18|27,amusement|desire|disappointment|excitement|joy|love|neutral
2107,27,neutral,5|6|7|18|22|27,caring|confusion|curiosity|love|realization|neutral
2108,27,neutral,1|3|7|8|9|10|20|24|27,amusement|annoyance|curiosity|desire|disappointment|disapproval|optimism|remorse|neutral
2109,6,confusion,4|5|6|10|22|24|27,approval|caring|confusion|disapproval|realization|remorse|neutral
2110,27,neutral,0|10|17|18|25,admiration|disapproval|joy|love|sadness
2111,27,neutral,0|1|5|7|9|13|18|25,admiration|amusement|caring|curiosity|disappointment|excitement|love|sadness
2112,15,gratitude,1|6|9|17|18|25|27,amusement|confusion|disappointment|joy|love|sadness|neutral
2113,2,anger,3|6|10|14|18|20|22|24,annoyance|confusion|disapproval|fear|love|optimism|realization|remorse
2114,1,amusement,8|11|14|20|22|27,desire|disgust|fear|optimism|realization|neutral
2115,3|10,annoyance|disapproval,0|4|5|6|9|14|15|20,admiration|approval|caring|confusion|disappointment|fear|gratitude|optimism
2116,27,neutral,2|4|7|15|18|25|26|27,anger|approval|curiosity|gratitude|love|sadness|surprise|neutral
2117,27,neutral,0|7|18|20|27,admiration|curiosity|love|optimism|neutral
2118,27,neutral,0|1|5|9|11|15|22|25|26,admiration|amusement|caring|disappointment|disgust|gratitude|realization|sadness|surprise
2119,27,neutral,2|3|9|10|15|25,anger|annoyance|disappointment|disapproval|gratitude|sadness
2120,7|27,curiosity|neutral,7|13|15|18|22|26,curiosity|excitement|gratitude|love|realization|surprise
2121,27,neutral,3|5|11|22|27,annoyance|caring|disgust|realization|neutral
2122,4,approval,9|25|26|27,disappointment|sadness|surprise|neutral
2123,27,neutral,7|22|25|26|27,curiosity|realization|sadness|surprise|neutral
2124,27,neutral,0|9|15|18|25,admiration|disappointment|gratitude|love|sadness
2125,0,admiration,3|4|9|10|22|27,annoyance|approval|disappointment|disapproval|realization|neutral
2126,27,neutral,0|4|6|9|11|15|17|22|26,admiration|approval|confusion|disappointment|disgust|gratitude|joy|realization|surprise
2127,27,neutral,2|5|10|11|13|20|22|24|25|26,anger|caring|disapproval|disgust|excitement|optimism|realization|remorse|sadness|surprise
2128,18,love,4|5|7|8|9|15|22|24|25,approval|caring|curiosity|desire|disappointment|gratitude|realization|remorse|sadness
2129,27,neutral,0|3|7|9|20|26,admiration|annoyance|curiosity|disappointment|optimism|surprise
2130,3,annoyance,0|1|9|17|18,admiration|amusement|disappointment|joy|love
2131,15,gratitude,1|2|15|17|26,amusement|anger|gratitude|joy|surprise
2132,9,disappointment,0|2|4|13|17|20|25|26,admiration|anger|approval|excitement|joy|optimism|sadness|surprise
2133,27,neutral,0|2|5|6|11|22|26|27,admiration|anger|caring|confusion|disgust|realization|surprise|neutral
2134,2,anger,3|6|7|9|14|20|26|27,annoyance|confusion|curiosity|disappointment|fear|optimism|surprise|neutral
2135,27,neutral,0|4|9|10|15|16|26,admiration|approval|disappointment|disapproval|gratitude|grief|surprise
2136,13|20|27,excitement|optimism|neutral,0|18|27,admiration|love|neutral
2137,27,neutral,1|2|3|9|13|27,amusement|anger|annoyance|disappointment|excitement|neutral
2138,17,joy,0|7|10|15|18|27,admiration|curiosity|disapproval|gratitude|love|neutral
2139,7|27,curiosity|neutral,2|3|13|17|22|25,anger|annoyance|excitement|joy|realization|sadness
2140,22,realization,4|14|25|26|27,approval|fear|sadness|surprise|neutral
2141,20,optimism,2|4|6|18|20,anger|approval|confusion|love|optimism
2142,15,gratitude,1|3|7|10|11|17|18|25|26|27,amusement|annoyance|curiosity|disapproval|disgust|joy|love|sadness|surprise|neutral
2143,20|25,optimism|sadness,5|6|20|25|27,caring|confusion|optimism|sadness|neutral
2144,1|3,amusement|annoyance,1|3|4|10|26,amusement|annoyance|approval|disapproval|surprise
2145,4,approval,4|5|15,approval|caring|gratitude
2146,17|25,joy|sadness,1|2|5|6|9|10|13|15|22|26|27,amusement|anger|caring|confusion|disappointment|disapproval|excitement|gratitude|realization|surprise|neutral
2147,27,neutral,0|3|20,admiration|annoyance|optimism
2148,4,approval,0|4|6|8|9|17|20|22|27,admiration|approval|confusion|desire|disappointment|joy|optimism|realization|neutral
2149,27,neutral,1|2|3|7|22|27,amusement|anger|annoyance|curiosity|realization|neutral
2150,3,annoyance,0|6|10|14|25|26,admiration|confusion|disapproval|fear|sadness|surprise
2151,7,curiosity,0|2|4|18|20|27,admiration|anger|approval|love|optimism|neutral
2152,8,desire,0|4|5|10|11|27,admiration|approval|caring|disapproval|disgust|neutral
2153,27,neutral,2|3|4|5|15|25|27,anger|annoyance|approval|caring|gratitude|sadness|neutral
2154,18,love,0|4|7|9|11|13|15|20,admiration|approval|curiosity|disappointment|disgust|excitement|gratitude|optimism
2155,27,neutral,0|1|6|7|9|10|11|17|20|27,admiration|amusement|confusion|curiosity|disappointment|disapproval|disgust|joy|optimism|neutral
2156,15,gratitude,0|1|5|9|22|25,admiration|amusement|caring|disappointment|realization|sadness
2157,27,neutral,0|4|5|6|17|20|26|27,admiration|approval|caring|confusion|joy|optimism|surprise|neutral
2158,27,neutral,5|6|7|25|27,caring|confusion|curiosity|sadness|neutral
2159,24,remorse,3|4|9|13|15,annoyance|approval|disappointment|excitement|gratitude
2160,27,neutral,18,love
2161,15,gratitude,0|1|4|5|6|11|13|17,admiration|amusement|approval|caring|confusion|disgust|excitement|joy
2162,27,neutral,0|1|4|7|10|15|20,admiration|amusement|approval|curiosity|disapproval|gratitude|optimism
2163,0|1,admiration|amusement,0|8|18|27,admiration|desire|love|neutral
2164,25,sadness,3|15|18,annoyance|gratitude|love
2165,20,optimism,2|6|9|14|18|20|25|26,anger|confusion|disappointment|fear|love|optimism|sadness|surprise
2166,7,curiosity,0|1|4|5|6|20|22|25,admiration|amusement|approval|caring|confusion|optimism|realization|sadness
2167,27,neutral,17|22|25|27,joy|realization|sadness|neutral
2168,15,gratitude,3|5|10|18|20|22,annoyance|caring|disapproval|love|optimism|realization
2169,2|9,anger|disappointment,3|4|7|9|12|13|15|18|26,annoyance|approval|curiosity|disappointment|embarrassment|excitement|gratitude|love|surprise
2170,4,approval,15|20|27,gratitude|optimism|neutral
2171,27,neutral,0|2|7|11|15|17,admiration|anger|curiosity|disgust|gratitude|joy
2172,27,neutral,2|9|10|13|15,anger|disappointment|disapproval|excitement|gratitude
2173,27,neutral,0|4|7|15|20|27,admiration|approval|curiosity|gratitude|optimism|neutral
2174,20,optimism,1|2|6|9|12|22|26,amusement|anger|confusion|disappointment|embarrassment|realization|surprise
2175,27,neutral,7|15,curiosity|gratitude
2176,20,optimism,3|10|13|14|15|17|18|20|25,annoyance|disapproval|excitement|fear|gratitude|joy|love|optimism|sadness
2177,9,disappointment,1|3|6|14|15|17|18|20,amusement|annoyance|confusion|fear|gratitude|joy|love|optimism
2178,13,excitement,0|4|7|13|15,admiration|approval|curiosity|excitement|gratitude
2179,18,love,2|5|7|9|10|13|25|26|27,anger|caring|curiosity|disappointment|disapproval|excitement|sadness|surprise|neutral
2180,0|1|9,admiration|amusement|disappointment,14|15|17|18|25|27,fear|gratitude|joy|love|sadness|neutral
2181,16,grief,1|4|6|10|27,amusement|approval|confusion|disapproval|neutral
2182,27,neutral,0|2|3|14|18|22|27,admiration|anger|annoyance|fear|love|realization|neutral
2183,3,annoyance,5|14|15|18|22|27,caring|fear|gratitude|love|realization|neutral
2184,7,curiosity,0|4|9|18|25,admiration|approval|disappointment|love|sadness
2185,27,neutral,0|4|10|15|20|22,admiration|approval|disapproval|gratitude|optimism|realization
2186,0,admiration,0|1|10|13|20|24|26|27,admiration|amusement|disapproval|excitement|optimism|remorse|surprise|neutral
2187,0,admiration,0|11|18|24|26|27,admiration|disgust|love|remorse|surprise|neutral
2188,3,annoyance,1|4|6|11|22,amusement|approval|confusion|disgust|realization
2189,27,neutral,1|3|4|6|15|22,amusement|annoyance|approval|confusion|gratitude|realization
2190,27,neutral,3|6|7|10,annoyance|confusion|curiosity|disapproval
2191,27,neutral,0|1|6|9|12|17|27,admiration|amusement|confusion|disappointment|embarrassment|joy|neutral
2192,27,neutral,0|4|6|15|20|22|27,admiration|approval|confusion|gratitude|optimism|realization|neutral
2193,27,neutral,2|3|5|7|15|17|22,anger|annoyance|caring|curiosity|gratitude|joy|realization
2194,5,caring,1|2|3|15|20|27,amusement|anger|annoyance|gratitude|optimism|neutral
2195,27,neutral,5|17|18|22|25,caring|joy|love|realization|sadness
2196,0|20,admiration|optimism,3|8|11|14|25|26|27,annoyance|desire|disgust|fear|sadness|surprise|neutral
2197,27,neutral,2|8|14|15|17|25|27,anger|desire|fear|gratitude|joy|sadness|neutral
2198,27,neutral,2|6|7|8|27,anger|confusion|curiosity|desire|neutral
2199,27,neutral,0|3|10|20|27,admiration|annoyance|disapproval|optimism|neutral
2200,18,love,2|15|27,anger|gratitude|neutral
2201,1,amusement,2|6|11|13|20|25|26|27,anger|confusion|disgust|excitement|optimism|sadness|surprise|neutral
2202,6,confusion,0|3|7|11|15|23|27,admiration|annoyance|curiosity|disgust|gratitude|relief|neutral
2203,17,joy,2|4|8|9|15|26|27,anger|approval|desire|disappointment|gratitude|surprise|neutral
2204,10,disapproval,0|7|15|17|20|23|27,admiration|curiosity|gratitude|joy|optimism|relief|neutral
2205,15,gratitude,3|6|15|23|24|27,annoyance|confusion|gratitude|relief|remorse|neutral
2206,0|7,admiration|curiosity,10|15|17|18|25|27,disapproval|gratitude|joy|love|sadness|neutral
2207,0|25,admiration|sadness,0|1|6|17|22|26|27,admiration|amusement|confusion|joy|realization|surprise|neutral
2208,27,neutral,3|8|15|18|20|27,annoyance|desire|gratitude|love|optimism|neutral
2209,1|7,amusement|curiosity,1|4|8|17|25|26,amusement|approval|desire|joy|sadness|surprise
2210,10|11,disapproval|disgust,8|11|15|17|25|27,desire|disgust|gratitude|joy|sadness|neutral
2211,2,anger,7|10|11|13|15|18|23|26|27,curiosity|disapproval|disgust|excitement|gratitude|love|relief|surprise|neutral
2212,14,fear,1|4|5|9|17|20|26,amusement|approval|caring|disappointment|joy|optimism|surprise
2213,4,approval,3|17|23|27,annoyance|joy|relief|neutral
2214,13,excitement,2|3|7|9|15|22|27,anger|annoyance|curiosity|disappointment|gratitude|realization|neutral
2215,5,caring,1|3|5|6|17|20|27,amusement|annoyance|caring|confusion|joy|optimism|neutral
2216,27,neutral,0|1|6|17|18,admiration|amusement|confusion|joy|love
2217,10|27,disapproval|neutral,3|10|17|27,annoyance|disapproval|joy|neutral
2218,10,disapproval,3|4|9|15|17|20|22,annoyance|approval|disappointment|gratitude|joy|optimism|realization
2219,1,amusement,0|3|10|15|18|20|24|27,admiration|annoyance|disapproval|gratitude|love|optimism|remorse|neutral
2220,4,approval,2|3|4|6|7|9|18,anger|annoyance|approval|confusion|curiosity|disappointment|love
2221,15,gratitude,1|2|4|5|7|10|11|15|20|22|25|27,amusement|anger|approval|caring|curiosity|disapproval|disgust|gratitude|optimism|realization|sadness|neutral
2222,27,neutral,1|4|6|8|10|17|20|24|27,amusement|approval|confusion|desire|disapproval|joy|optimism|remorse|neutral
2223,6,confusion,1|2|4|15|20|27,amusement|anger|approval|gratitude|optimism|neutral
2224,4,approval,3|14|15|25|27,annoyance|fear|gratitude|sadness|neutral
2225,24,remorse,0|6|13|17|18,admiration|confusion|excitement|joy|love
2226,27,neutral,5|9|11|17|27,caring|disappointment|disgust|joy|neutral
2227,1|3,amusement|annoyance,0|3|5|10|11|22|25,admiration|annoyance|caring|disapproval|disgust|realization|sadness
2228,1,amusement,0|1|3|7|8|9|13|15|18|27,admiration|amusement|annoyance|curiosity|desire|disappointment|excitement|gratitude|love|neutral
2229,3,annoyance,0|1|2|3|6|26|27,admiration|amusement|anger|annoyance|confusion|surprise|neutral
2230,5,caring,4|5|6|13|14|18|20,approval|caring|confusion|excitement|fear|love|optimism
2231,2,anger,3|4|10|11|12|26|27,annoyance|approval|disapproval|disgust|embarrassment|surprise|neutral
2232,25,sadness,0|6|7|13|18|22|27,admiration|confusion|curiosity|excitement|love|realization|neutral
2233,0,admiration,1|7|8|9|15|17|18|21|25,amusement|curiosity|desire|disappointment|gratitude|joy|love|pride|sadness
2234,22,realization,0|1|3|6|7|10|20|24|25,admiration|amusement|annoyance|confusion|curiosity|disapproval|optimism|remorse|sadness
2235,27,neutral,0|1|2|4|9|15|22,admiration|amusement|anger|approval|disappointment|gratitude|realization
2236,10,disapproval,2|6|9|15|26|27,anger|confusion|disappointment|gratitude|surprise|neutral
2237,3|27,annoyance|neutral,5|15|17|18,caring|gratitude|joy|love
2238,27,neutral,1|3|7|11|15|18|22|27,amusement|annoyance|curiosity|disgust|gratitude|love|realization|neutral
2239,9,disappointment,2|27,anger|neutral
2240,22,realization,0|4|15|17|18|20|22,admiration|approval|gratitude|joy|love|optimism|realization
2241,17,joy,4|7|11|18|22|25|27,approval|curiosity|disgust|love|realization|sadness|neutral
2242,6,confusion,0|8|9|22|25,admiration|desire|disappointment|realization|sadness
2243,18,love,0|1|4|5|6|9|10|15|27,admiration|amusement|approval|caring|confusion|disappointment|disapproval|gratitude|neutral
2244,0,admiration,1|2|4|5|10|11|20|22|25|27,amusement|anger|approval|caring|disapproval|disgust|optimism|realization|sadness|neutral
2245,17|18,joy|love,0|7|10|17|27,admiration|curiosity|disapproval|joy|neutral
2246,27,neutral,0|3|5|13|14|17,admiration|annoyance|caring|excitement|fear|joy
2247,8|15,desire|gratitude,3|7|9|25|26,annoyance|curiosity|disappointment|sadness|surprise
2248,18,love,4|7|9|17|27,approval|curiosity|disappointment|joy|neutral
2249,0,admiration,2|8|17|22,anger|desire|joy|realization
2250,27,neutral,0|7|13|15|17|18|22,admiration|curiosity|excitement|gratitude|joy|love|realization
2251,2,anger,1|7|15|18|20|25,amusement|curiosity|gratitude|love|optimism|sadness
2252,12|15,embarrassment|gratitude,0|1|2|3|4|5|10|13|14|15|20|25,admiration|amusement|anger|annoyance|approval|caring|disapproval|excitement|fear|gratitude|optimism|sadness
2253,1,amusement,4|15|25|26,approval|gratitude|sadness|surprise
2254,27,neutral,4|8|10|17|27,approval|desire|disapproval|joy|neutral
2255,27,neutral,10|20|27,disapproval|optimism|neutral
2256,2|3,anger|annoyance,0|6|10|18|22,admiration|confusion|disapproval|love|realization
2257,0,admiration,0|2|4|6|7|8|13|17|18,admiration|anger|approval|confusion|curiosity|desire|excitement|joy|love
2258,1,amusement,0|1|13|16|17|18,admiration|amusement|excitement|grief|joy|love
2259,15,gratitude,0|2|5|7|10|26,admiration|anger|caring|curiosity|disapproval|surprise
2260,1|15|18,amusement|gratitude|love,0|15|17|18|25|27,admiration|gratitude|joy|love|sadness|neutral
2261,27,neutral,1|3|5|26,amusement|annoyance|caring|surprise
2262,0,admiration,2|4|15|17|18|26|27,anger|approval|gratitude|joy|love|surprise|neutral
2263,4,approval,0|1|5|7|15|20|25,admiration|amusement|caring|curiosity|gratitude|optimism|sadness
2264,5|10,caring|disapproval,2|5|8|9|13|15|18|22,anger|caring|desire|disappointment|excitement|gratitude|love|realization
2265,10,disapproval,3|4|6|7|9|15|18|25|27,annoyance|approval|confusion|curiosity|disappointment|gratitude|love|sadness|neutral
2266,6|27,confusion|neutral,1|4|7|10|19,amusement|approval|curiosity|disapproval|nervousness
2267,27,neutral,0|4|17|20|22,admiration|approval|joy|optimism|realization
2268,0,admiration,1|9|14|17,amusement|disappointment|fear|joy
2269,10|20,disapproval|optimism,0|2|3|4|7|22,admiration|anger|annoyance|approval|curiosity|realization
2270,15,gratitude,4|10|11|14|17|27,approval|disapproval|disgust|fear|joy|neutral
2271,27,neutral,0|1|6|7|8|10|13|17|20|22,admiration|amusement|confusion|curiosity|desire|disapproval|excitement|joy|optimism|realization
2272,8,desire,5|7|10|13|20|26,caring|curiosity|disapproval|excitement|optimism|surprise
2273,27,neutral,0|7|27,admiration|curiosity|neutral
2274,27,neutral,15|25|27,gratitude|sadness|neutral
2275,11,disgust,0|9|15|18|20|27,admiration|disappointment|gratitude|love|optimism|neutral
2276,0,admiration,0|1|4|18|20|24|25|26,admiration|amusement|approval|love|optimism|remorse|sadness|surprise
2277,5,caring,4|7|10|11|15|27,approval|curiosity|disapproval|disgust|gratitude|neutral
2278,4,approval,4|5|6|7|8|11|15|17|25,approval|caring|confusion|curiosity|desire|disgust|gratitude|joy|sadness
2279,27,neutral,0|4|8|14|17|20|22|24|27,admiration|approval|desire|fear|joy|optimism|realization|remorse|neutral
2280,9|11|14,disappointment|disgust|fear,0|1|5|9|15|20|27,admiration|amusement|caring|disappointment|gratitude|optimism|neutral
2281,0|17,admiration|joy,0|4|6|15|17|27,admiration|approval|confusion|gratitude|joy|neutral
2282,3,annoyance,0|3|6|17|27,admiration|annoyance|confusion|joy|neutral
2283,7|27,curiosity|neutral,2|3|4|9|13,anger|annoyance|approval|disappointment|excitement
2284,18,love,0|3|4|7|11|15|17|20|22|25,admiration|annoyance|approval|curiosity|disgust|gratitude|joy|optimism|realization|sadness
2285,2,anger,0|8|18|22|27,admiration|desire|love|realization|neutral
2286,24,remorse,0|4|5|18|26,admiration|approval|caring|love|surprise
2287,27,neutral,0|3|5|7|25,admiration|annoyance|caring|curiosity|sadness
2288,22,realization,0|3|15|18|27,admiration|annoyance|gratitude|love|neutral
2289,6,confusion,0|2|5|9|18|22|26|27,admiration|anger|caring|disappointment|love|realization|surprise|neutral
2290,27,neutral,11|13|15|18|22|24,disgust|excitement|gratitude|love|realization|remorse
2291,1,amusement,0|3|8|10|17|18|20|22|25|27,admiration|annoyance|desire|disapproval|joy|love|optimism|realization|sadness|neutral
2292,10|23,disapproval|relief,0|1|10|15|17,admiration|amusement|disapproval|gratitude|joy
2293,4,approval,1|2|4|5|7|10|15|18|26,amusement|anger|approval|caring|curiosity|disapproval|gratitude|love|surprise
2294,27,neutral,0|4|7|14|15|20,admiration|approval|curiosity|fear|gratitude|optimism
2295,15,gratitude,7|9|10|11|15|17|20|25,curiosity|disappointment|disapproval|disgust|gratitude|joy|optimism|sadness
2296,3,annoyance,2|4|10|17|18|26|27,anger|approval|disapproval|joy|love|surprise|neutral
2297,0,admiration,9|15|18|27,disappointment|gratitude|love|neutral
2298,24,remorse,2|3|6|7|11|17|18|20,anger|annoyance|confusion|curiosity|disgust|joy|love|optimism
2299,27,neutral,1|3|6|27,amusement|annoyance|confusion|neutral
2300,18,love,0|2|3|4|9|18|27,admiration|anger|annoyance|approval|disappointment|love|neutral
2301,3|9,annoyance|disappointment,13|15|20|27,excitement|gratitude|optimism|neutral
2302,27,neutral,1|5|13|20|26|27,amusement|caring|excitement|optimism|surprise|neutral
2303,0,admiration,6|15|17|22|25|26|27,confusion|gratitude|joy|realization|sadness|surprise|neutral
2304,4,approval,2|4|8|17|18|20|22,anger|approval|desire|joy|love|optimism|realization
2305,27,neutral,0|4|7|11|13|17|18|26|27,admiration|approval|curiosity|disgust|excitement|joy|love|surprise|neutral
2306,27,neutral,5|6|7|18|20,caring|confusion|curiosity|love|optimism
2307,27,neutral,0|5|7|12|17|18|20,admiration|caring|curiosity|embarrassment|joy|love|optimism
2308,14,fear,1|2|3|5|6|7|18|24|27,amusement|anger|annoyance|caring|confusion|curiosity|love|remorse|neutral
2309,2|4,anger|approval,0|1|6|7,admiration|amusement|confusion|curiosity
2310,27,neutral,0|10|20|27,admiration|disapproval|optimism|neutral
2311,3|9,annoyance|disappointment,3|7|9|11|12|15|17|22,annoyance|curiosity|disappointment|disgust|embarrassment|gratitude|joy|realization
2312,10,disapproval,10|11|15|17|18|27,disapproval|disgust|gratitude|joy|love|neutral
2313,14,fear,1|4|7|8|13|20|26|27,amusement|approval|curiosity|desire|excitement|optimism|surprise|neutral
2314,10,disapproval,1|2|9|17|18|24,amusement|anger|disappointment|joy|love|remorse
2315,27,neutral,0|7|9|10|27,admiration|curiosity|disappointment|disapproval|neutral
2316,15,gratitude,0|1|4|6|7|9|14|15|20|26,admiration|amusement|approval|confusion|curiosity|disappointment|fear|gratitude|optimism|surprise
2317,2,anger,0|4|6|7|19,admiration|approval|confusion|curiosity|nervousness
2318,10,disapproval,1|13|15|18|27,amusement|excitement|gratitude|love|neutral
2319,11,disgust,0|3|8|10|22|26,admiration|annoyance|desire|disapproval|realization|surprise
2320,3|9,annoyance|disappointment,3|6|7|15|17|20|22|24|26|27,annoyance|confusion|curiosity|gratitude|joy|optimism|realization|remorse|surprise|neutral
2321,27,neutral,1|2|4|18|27,amusement|anger|approval|love|neutral
2322,9|22,disappointment|realization,1|4|6|15,amusement|approval|confusion|gratitude
2323,10,disapproval,0|3|4|10|20,admiration|annoyance|approval|disapproval|optimism
2324,13|18,excitement|love,10|13|17|20,disapproval|excitement|joy|optimism
2325,26,surprise,1|3|4|5|6|7|11|15|17|20,amusement|annoyance|approval|caring|confusion|curiosity|disgust|gratitude|joy|optimism
2326,15,gratitude,0|1|2|4|8|9|10|13|17|20,admiration|amusement|anger|approval|desire|disappointment|disapproval|excitement|joy|optimism
2327,1,amusement,1|4|5|18|20|25|27,amusement|approval|caring|love|optimism|sadness|neutral
2328,27,neutral,1|2|6|20|25|27,amusement|anger|confusion|optimism|sadness|neutral
2329,26,surprise,1|6|9|13|15|17,amusement|confusion|disappointment|excitement|gratitude|joy
2330,22|27,realization|neutral,0|2|3|5|18|20|24|27,admiration|anger|annoyance|caring|love|optimism|remorse|neutral
2331,8,desire,1|3|6|9|10|11|17|18|25,amusement|annoyance|confusion|disappointment|disapproval|disgust|joy|love|sadness
2332,27,neutral,4|6|20|27,approval|confusion|optimism|neutral
2333,22,realization,0|2|3|4|7|18|20,admiration|anger|annoyance|approval|curiosity|love|optimism
2334,14|25,fear|sadness,0|3|4|6|13|26|27,admiration|annoyance|approval|confusion|excitement|surprise|neutral
2335,25,sadness,0|1|5|10|17|25|27,admiration|amusement|caring|disapproval|joy|sadness|neutral
2336,5|20,caring|optimism,4|5|6|17|20|27,approval|caring|confusion|joy|optimism|neutral
2337,10,disapproval,0|5|10|18|25|27,admiration|caring|disapproval|love|sadness|neutral
2338,8,desire,3|4|13|27,annoyance|approval|excitement|neutral
2339,10,disapproval,1|15|17|20|22|26,amusement|gratitude|joy|optimism|realization|surprise
2340,27,neutral,2|4|8|9|14|18|26,anger|approval|desire|disappointment|fear|love|surprise
2341,3,annoyance,1|4|7|9|10|11|27,amusement|approval|curiosity|disappointment|disapproval|disgust|neutral
2342,27,neutral,0|1|4|10|15|20|25,admiration|amusement|approval|disapproval|gratitude|optimism|sadness
2343,27,neutral,0|7|10|11|18|26|27,admiration|curiosity|disapproval|disgust|love|surprise|neutral
2344,27,neutral,2|7|15|20,anger|curiosity|gratitude|optimism
2345,10,disapproval,1|2|9|14|22,amusement|anger|disappointment|fear|realization
2346,27,neutral,1|3|8|9|10|13|22,amusement|annoyance|desire|disappointment|disapproval|excitement|realization
2347,7,curiosity,3|22|27,annoyance|realization|neutral
2348,27,neutral,1|2|4|5|6|7|10|11|25,amusement|anger|approval|caring|confusion|curiosity|disapproval|disgust|sadness
2349,4|27,approval|neutral,0|1|3|4|7|8|18,admiration|amusement|annoyance|approval|curiosity|desire|love
2350,3,annoyance,1|2|4|7|10|11|25|27,amusement|anger|approval|curiosity|disapproval|disgust|sadness|neutral
2351,5|19,caring|nervousness,0|1|6|9|10|11|18|20|26|27,admiration|amusement|confusion|disappointment|disapproval|disgust|love|optimism|surprise|neutral
2352,7,curiosity,1|10|11|13|27,amusement|disapproval|disgust|excitement|neutral
2353,27,neutral,1|3|4|6|17,amusement|annoyance|approval|confusion|joy
2354,4,approval,3|4|10|13|20|26|27,annoyance|approval|disapproval|excitement|optimism|surprise|neutral
2355,19,nervousness,1|5|10|15|18,amusement|caring|disapproval|gratitude|love
2356,4,approval,2|9|10|11|17|20|27,anger|disappointment|disapproval|disgust|joy|optimism|neutral
2357,27,neutral,0|4|8|15|25|27,admiration|approval|desire|gratitude|sadness|neutral
2358,10|24,disapproval|remorse,0|2|7|10|25|27,admiration|anger|curiosity|disapproval|sadness|neutral
2359,5,caring,0|4|5,admiration|approval|caring
2360,1,amusement,0|1|3|10|18|27,admiration|amusement|annoyance|disapproval|love|neutral
2361,4,approval,5|7|15|20|27,caring|curiosity|gratitude|optimism|neutral
2362,1,amusement,4|7|17|24|25|27,approval|curiosity|joy|remorse|sadness|neutral
2363,2,anger,3|4|8|13|18|27,annoyance|approval|desire|excitement|love|neutral
2364,4|27,approval|neutral,1|5|7|10|12|15|17|24,amusement|caring|curiosity|disapproval|embarrassment|gratitude|joy|remorse
2365,7,curiosity,2|4|6|7|9|14|15|25,anger|approval|confusion|curiosity|disappointment|fear|gratitude|sadness
2366,0,admiration,0|1|15|18|20,admiration|amusement|gratitude|love|optimism
2367,2|3,anger|annoyance,4|14|18|20|27,approval|fear|love|optimism|neutral
2368,9,disappointment,10|13|17|27,disapproval|excitement|joy|neutral
2369,7,curiosity,1|3|4|6|9|15|18|22|27,amusement|annoyance|approval|confusion|disappointment|gratitude|love|realization|neutral
2370,3,annoyance,0|3|7|11|15|18|25,admiration|annoyance|curiosity|disgust|gratitude|love|sadness
2371,17,joy,1|5|9|20|26|27,amusement|caring|disappointment|optimism|surprise|neutral
2372,3|15,annoyance|gratitude,6|13|18|27,confusion|excitement|love|neutral
2373,3,annoyance,0|4|6|7|9,admiration|approval|confusion|curiosity|disappointment
2374,4,approval,0|1|3|7|9|11|27,admiration|amusement|annoyance|curiosity|disappointment|disgust|neutral
2375,27,neutral,17|18|22|26|27,joy|love|realization|surprise|neutral
2376,5,caring,2|13|15|27,anger|excitement|gratitude|neutral
2377,0|20,admiration|optimism,15,gratitude
2378,18,love,0|3|6|16|20,admiration|annoyance|confusion|grief|optimism
2379,13|17,excitement|joy,0|5|7|10|17|18|26,admiration|caring|curiosity|disapproval|joy|love|surprise
2380,27,neutral,0|9|10|11|14|15|18|20,admiration|disappointment|disapproval|disgust|fear|gratitude|love|optimism
2381,4,approval,2|5|11|18|20|22,anger|caring|disgust|love|optimism|realization
2382,8,desire,1|2|3|4|7|9|15|18|22|25|27,amusement|anger|annoyance|approval|curiosity|disappointment|gratitude|love|realization|sadness|neutral
2383,1|9,amusement|disappointment,1|6|13|15|22|24,amusement|confusion|excitement|gratitude|realization|remorse
2384,4,approval,0|1|3|4|17|20|25,admiration|amusement|annoyance|approval|joy|optimism|sadness
2385,20,optimism,0|4|18|22|27,admiration|approval|love|realization|neutral
2386,27,neutral,0|2|3|10|11|17|18|20,admiration|anger|annoyance|disapproval|disgust|joy|love|optimism
2387,0,admiration,0|7|14|18|27,admiration|curiosity|fear|love|neutral
2388,1,amusement,2|3|9|10|11|15|18|25,anger|annoyance|disappointment|disapproval|disgust|gratitude|love|sadness
2389,27,neutral,1|2|3|6|17|22|27,amusement|anger|annoyance|confusion|joy|realization|neutral
2390,27,neutral,1|4|6|7|18|25,amusement|approval|confusion|curiosity|love|sadness
2391,1,amusement,0|1|7|9|10|15|17|18|22|25|27,admiration|amusement|curiosity|disappointment|disapproval|gratitude|joy|love|realization|sadness|neutral
2392,10|11,disapproval|disgust,2|3|5|7|8|14|17|18|20|22|24|25,anger|annoyance|caring|curiosity|desire|fear|joy|love|optimism|realization|remorse|sadness
2393,0,admiration,2|3|9|10|18|26,anger|annoyance|disappointment|disapproval|love|surprise
2394,27,neutral,3|5|7|9|14|26,annoyance|caring|curiosity|disappointment|fear|surprise
2395,5,caring,1|11|19|22|24|27,amusement|disgust|nervousness|realization|remorse|neutral
2396,10,disapproval,0|1|2|3|5|6|9|10|15,admiration|amusement|anger|annoyance|caring|confusion|disappointment|disapproval|gratitude
2397,27,neutral,2|4|6|7|8|9|18|27,anger|approval|confusion|curiosity|desire|disappointment|love|neutral
2398,1|27,amusement|neutral,4|5|11|13|22|26|27,approval|caring|disgust|excitement|realization|surprise|neutral
2399,27,neutral,10|17|20|27,disapproval|joy|optimism|neutral
2400,15,gratitude,3|5|6|22|26|27,annoyance|caring|confusion|realization|surprise|neutral
2401,4,approval,0|4|10|18|22,admiration|approval|disapproval|love|realization
2402,3,annoyance,4|6|9|10|17|18|24|27,approval|confusion|disappointment|disapproval|joy|love|remorse|neutral
2403,25,sadness,7|18|27,curiosity|love|neutral
2404,26,surprise,2|5|6|17|20|22|27,anger|caring|confusion|joy|optimism|realization|neutral
2405,10,disapproval,0|2|4|13|20|25,admiration|anger|approval|excitement|optimism|sadness
2406,10|27,disapproval|neutral,6|10|13|25|27,confusion|disapproval|excitement|sadness|neutral
2407,3,annoyance,3|6|8|14|15|22|26,annoyance|confusion|desire|fear|gratitude|realization|surprise
2408,1|7,amusement|curiosity,0|1|2|9|17|25|27,admiration|amusement|anger|disappointment|joy|sadness|neutral
2409,26,surprise,1|3|10|15|17|22,amusement|annoyance|disapproval|gratitude|joy|realization
2410,3,annoyance,2|8|14|24|25|27,anger|desire|fear|remorse|sadness|neutral
2411,27,neutral,0|3|4|5|6|15,admiration|annoyance|approval|caring|confusion|gratitude
2412,4|27,approval|neutral,1|3|4|5|9|17,amusement|annoyance|approval|caring|disappointment|joy
2413,0,admiration,1|3|4|5|13|15|17|20|26|27,amusement|annoyance|approval|caring|excitement|gratitude|joy|optimism|surprise|neutral
2414,27,neutral,1|4|6|7|8|22|27,amusement|approval|confusion|curiosity|desire|realization|neutral
2415,0,admiration,0|4|5|6|11|13|15|18|20|22|25,admiration|approval|caring|confusion|disgust|excitement|gratitude|love|optimism|realization|sadness
2416,27,neutral,1|2|3|10|13|15|17|25,amusement|anger|annoyance|disapproval|excitement|gratitude|joy|sadness
2417,7,curiosity,0|4|13|20,admiration|approval|excitement|optimism
2418,27,neutral,3|5|7|11|15|22|27,annoyance|caring|curiosity|disgust|gratitude|realization|neutral
2419,27,neutral,0|1|5|13|18|20,admiration|amusement|caring|excitement|love|optimism
2420,18,love,5|9|15|18|27,caring|disappointment|gratitude|love|neutral
2421,27,neutral,0|4|11|13|15|18|20|22|26,admiration|approval|disgust|excitement|gratitude|love|optimism|realization|surprise
2422,17,joy,1|3|6|20|22|27,amusement|annoyance|confusion|optimism|realization|neutral
2423,4,approval,4|9|10|15|17,approval|disappointment|disapproval|gratitude|joy
2424,27,neutral,4|5|7|10|18|22,approval|caring|curiosity|disapproval|love|realization
2425,12,embarrassment,1|2|4|7|11|13|17|20|22|25|26,amusement|anger|approval|curiosity|disgust|excitement|joy|optimism|realization|sadness|surprise
2426,6,confusion,3|7|9|15|18,annoyance|curiosity|disappointment|gratitude|love
2427,17|20,joy|optimism,0|2|3|5|7|9|15|20|26|27,admiration|anger|annoyance|caring|curiosity|disappointment|gratitude|optimism|surprise|neutral
2428,14,fear,1|6|11|15|17|22|27,amusement|confusion|disgust|gratitude|joy|realization|neutral
2429,1|10,amusement|disapproval,0|1|2|6|10|25,admiration|amusement|anger|confusion|disapproval|sadness
2430,27,neutral,0|1|3|9|13|14|27,admiration|amusement|annoyance|disappointment|excitement|fear|neutral
2431,27,neutral,5|7|20|22|25,caring|curiosity|optimism|realization|sadness
2432,4,approval,0|7|9|10|13|18|22|27,admiration|curiosity|disappointment|disapproval|excitement|love|realization|neutral
2433,22,realization,7|8|15|17|22,curiosity|desire|gratitude|joy|realization
2434,27,neutral,1|3|7|10|17|18|20|25|26,amusement|annoyance|curiosity|disapproval|joy|love|optimism|sadness|surprise
2435,27,neutral,1|4|5|18|25,amusement|approval|caring|love|sadness
2436,4|13,approval|excitement,0|3|6|9|11|15|17,admiration|annoyance|confusion|disappointment|disgust|gratitude|joy
2437,13,excitement,1|3|10|11|13|27,amusement|annoyance|disapproval|disgust|excitement|neutral
2438,8,desire,0|2|10|15|17|18|22|27,admiration|anger|disapproval|gratitude|joy|love|realization|neutral
2439,4,approval,4|13|22|26|27,approval|excitement|realization|surprise|neutral
2440,21,pride,1|4|5|6|13|26|27,amusement|approval|caring|confusion|excitement|surprise|neutral
2441,15,gratitude,4|5|7|13|17|18|20|22|24,approval|caring|curiosity|excitement|joy|love|optimism|realization|remorse
2442,4|27,approval|neutral,0|2|3|5|15|22|26,admiration|anger|annoyance|caring|gratitude|realization|surprise
2443,18,love,0|3|10|17|22|27,admiration|annoyance|disapproval|joy|realization|neutral
2444,10,disapproval,2|3|4|5|7|18|20|22,anger|annoyance|approval|caring|curiosity|love|optimism|realization
2445,27,neutral,4|10|13|15|20|22|26|27,approval|disapproval|excitement|gratitude|optimism|realization|surprise|neutral
2446,27,neutral,1|7|20|22|26,amusement|curiosity|optimism|realization|surprise
2447,27,neutral,0|6|7|13|14|20|22|25|27,admiration|confusion|curiosity|excitement|fear|optimism|realization|sadness|neutral
2448,17,joy,1|2|4|6|7|8|13|15|25|26,amusement|anger|approval|confusion|curiosity|desire|excitement|gratitude|sadness|surprise
2449,0|15,admiration|gratitude,3|7|9|15,annoyance|curiosity|disappointment|gratitude
2450,27,neutral,1|2|3|5|7|15|17|22|25,amusement|anger|annoyance|caring|curiosity|gratitude|joy|realization|sadness
2451,15,gratitude,0|3|4|9|10|13|17|20|27,admiration|annoyance|approval|disappointment|disapproval|excitement|joy|optimism|neutral
2452,27,neutral,1|10|18|20,amusement|disapproval|love|optimism
2453,27,neutral,0|6|8|10|15|17|18,admiration|confusion|desire|disapproval|gratitude|joy|love
2454,1,amusement,7|10|17|27,curiosity|disapproval|joy|neutral
2455,27,neutral,1|2|3|4,amusement|anger|annoyance|approval
2456,9|25,disappointment|sadness,0|3|4|18|26|27,admiration|annoyance|approval|love|surprise|neutral
2457,13|17,excitement|joy,0|2|4|6|9|18|20|22|25|26,admiration|anger|approval|confusion|disappointment|love|optimism|realization|sadness|surprise
2458,1,amusement,0|1|3|4|17|18|22|27,admiration|amusement|annoyance|approval|joy|love|realization|neutral
2459,6,confusion,0|7|10,admiration|curiosity|disapproval
2460,0,admiration,0|1|2|6|7|9|10|18|25,admiration|amusement|anger|confusion|curiosity|disappointment|disapproval|love|sadness
2461,9,disappointment,0|4|5|11|17|22|27,admiration|approval|caring|disgust|joy|realization|neutral
2462,27,neutral,1|17|20,amusement|joy|optimism
2463,5,caring,0|4|7|8|13|20|27,admiration|approval|curiosity|desire|excitement|optimism|neutral
2464,10|27,disapproval|neutral,0|1|15|25,admiration|amusement|gratitude|sadness
2465,13,excitement,10|18|25|27,disapproval|love|sadness|neutral
2466,4|27,approval|neutral,1|2|3|6|10|26,amusement|anger|annoyance|confusion|disapproval|surprise
2467,27,neutral,3|5|14|15|20|26,annoyance|caring|fear|gratitude|optimism|surprise
2468,5,caring,3|5|9|10|20,annoyance|caring|disappointment|disapproval|optimism
2469,4,approval,3|7|8|11|14|27,annoyance|curiosity|desire|disgust|fear|neutral
2470,4,approval,3|27,annoyance|neutral
2471,1,amusement,0|3|4|5|18|26,admiration|annoyance|approval|caring|love|surprise
2472,27,neutral,4|6|7|22|24,approval|confusion|curiosity|realization|remorse
2473,4,approval,4|22|27,approval|realization|neutral
2474,27,neutral,1|10|25,amusement|disapproval|sadness
2475,23,relief,1|5|11|13|17|20|27,amusement|caring|disgust|excitement|joy|optimism|neutral
2476,27,neutral,0|1|9|11|15|27,admiration|amusement|disappointment|disgust|gratitude|neutral
2477,27,neutral,1|2|6|7|11|13|15|17|18,amusement|anger|confusion|curiosity|disgust|excitement|gratitude|joy|love
2478,18,love,1|4|11|18|24|27,amusement|approval|disgust|love|remorse|neutral
2479,24,remorse,2|4|5|9|17|20|25|27,anger|approval|caring|disappointment|joy|optimism|sadness|neutral
2480,27,neutral,0|2|5|7|9|15|17|20|22|25,admiration|anger|caring|curiosity|disappointment|gratitude|joy|optimism|realization|sadness
2481,27,neutral,5|22|27,caring|realization|neutral
2482,3,annoyance,1|6|7|10|18|22|24,amusement|confusion|curiosity|disapproval|love|realization|remorse
2483,1,amusement,1|4|6|7|15|17|25,amusement|approval|confusion|curiosity|gratitude|joy|sadness
2484,8|20,desire|optimism,0|2|3|4|8|13|15|18|24|26,admiration|anger|annoyance|approval|desire|excitement|gratitude|love|remorse|surprise
2485,9,disappointment,0|4|6|25|27,admiration|approval|confusion|sadness|neutral
2486,15,gratitude,5|7|24|26|27,caring|curiosity|remorse|surprise|neutral
2487,17,joy,4|13|17,approval|excitement|joy
2488,20,optimism,2|3|4|9|10|15|20|22|25|26,anger|annoyance|approval|disappointment|disapproval|gratitude|optimism|realization|sadness|surprise
2489,3|15,annoyance|gratitude,10|15|22|27,disapproval|gratitude|realization|neutral
2490,3|27,annoyance|neutral,1|3|4|6|10|11|17|18|22|27,amusement|annoyance|approval|confusion|disapproval|disgust|joy|love|realization|neutral
2491,25,sadness,1|3|4|10|11|13|27,amusement|annoyance|approval|disapproval|disgust|excitement|neutral
2492,26,surprise,0|5|8|10|15|17|26|27,admiration|caring|desire|disapproval|gratitude|joy|surprise|neutral
2493,17,joy,1|3|7|10|20|25,amusement|annoyance|curiosity|disapproval|optimism|sadness
2494,8|25,desire|sadness,1|2|3|7|22|25,amusement|anger|annoyance|curiosity|realization|sadness
2495,0,admiration,0|3|4|6|7|8|14|15|17|27,admiration|annoyance|approval|confusion|curiosity|desire|fear|gratitude|joy|neutral
2496,20,optimism,3|7|8|18|20|27,annoyance|curiosity|desire|love|optimism|neutral
2497,0|15,admiration|gratitude,0|3|6|7|18|27,admiration|annoyance|confusion|curiosity|love|neutral
2498,12,embarrassment,3|5|7|11|15|17|18|20,annoyance|caring|curiosity|disgust|gratitude|joy|love|optimism
2499,0,admiration,1|2|10|17|22,amusement|anger|disapproval|joy|realization
2500,22,realization,4|14|22|25|27,approval|fear|realization|sadness|neutral
2501,1,amusement,2|5|6|18|27,anger|caring|confusion|love|neutral
2502,6,confusion,4|6|13|15|22,approval|confusion|excitement|gratitude|realization
2503,10,disapproval,1|17,amusement|joy
2504,0,admiration,0|2|13|27,admiration|anger|excitement|neutral
2505,3|11,annoyance|disgust,1|2|7|10|14|27,amusement|anger|curiosity|disapproval|fear|neutral
2506,1,amusement,1|3|4|5|6|7|11|17|18,amusement|annoyance|approval|caring|confusion|curiosity|disgust|joy|love
2507,11,disgust,0|2|7|10|20|22,admiration|anger|curiosity|disapproval|optimism|realization
2508,27,neutral,0|7|27,admiration|curiosity|neutral
2509,3,annoyance,1|2|4|7|8|9|27,amusement|anger|approval|curiosity|desire|disappointment|neutral
2510,6,confusion,4|5|6|13|17|18|24|27,approval|caring|confusion|excitement|joy|love|remorse|neutral
2511,2|8,anger|desire,0|3|4|9|17|24|25,admiration|annoyance|approval|disappointment|joy|remorse|sadness
2512,4|17,approval|joy,4|5|6|14|22|25|27,approval|caring|confusion|fear|realization|sadness|neutral
2513,2|3,anger|annoyance,3|4|27,annoyance|approval|neutral
2514,15,gratitude,1|7|17|18,amusement|curiosity|joy|love
2515,27,neutral,0|4|5|10|15|18|20,admiration|approval|caring|disapproval|gratitude|love|optimism
2516,24,remorse,0|2|3|4|5|6|9|11|20|24|25|26,admiration|anger|annoyance|approval|caring|confusion|disappointment|disgust|optimism|remorse|sadness|surprise
2517,3,annoyance,0|1|2|3|17|27,admiration|amusement|anger|annoyance|joy|neutral
2518,14,fear,1|4|5|14|26|27,amusement|approval|caring|fear|surprise|neutral
2519,27,neutral,2|3|6|9|10|14|15|17|20|24|25,anger|annoyance|confusion|disappointment|disapproval|fear|gratitude|joy|optimism|remorse|sadness
2520,3,annoyance,5|7|9|10|11|15|18,caring|curiosity|disappointment|disapproval|disgust|gratitude|love
2521,17,joy,0|2|7|17|20|22,admiration|anger|curiosity|joy|optimism|realization
2522,7,curiosity,0|7|10|17|25|27,admiration|curiosity|disapproval|joy|sadness|neutral
2523,27,neutral,0|1|3|13|15,admiration|amusement|annoyance|excitement|gratitude
2524,7|27,curiosity|neutral,17|18|27,joy|love|neutral
2525,25,sadness,1|5|6|17|20,amusement|caring|confusion|joy|optimism
2526,10,disapproval,0|12|13|14|18|19|20|22|27,admiration|embarrassment|excitement|fear|love|nervousness|optimism|realization|neutral
2527,27,neutral,0|1|5|18|22|23|27,admiration|amusement|caring|love|realization|relief|neutral
2528,15,gratitude,2|7|8|10|25,anger|curiosity|desire|disapproval|sadness
2529,6,confusion,3|6|7|10|11|13|15,annoyance|confusion|curiosity|disapproval|disgust|excitement|gratitude
2530,18,love,1|2|8|10|17|20|24|25|26,amusement|anger|desire|disapproval|joy|optimism|remorse|sadness|surprise
2531,7,curiosity,0|1|4|5|8|11|18|20|25,admiration|amusement|approval|caring|desire|disgust|love|optimism|sadness
2532,0,admiration,0|3|5|9|11|18|26|27,admiration|annoyance|caring|disappointment|disgust|love|surprise|neutral
2533,22|25,realization|sadness,4|9|13|14|18|27,approval|disappointment|excitement|fear|love|neutral
2534,11,disgust,2|3|7|10|11|25,anger|annoyance|curiosity|disapproval|disgust|sadness
2535,27,neutral,3|27,annoyance|neutral
2536,4|27,approval|neutral,0|1|2|3|7|9|11|13|24|27,admiration|amusement|anger|annoyance|curiosity|disappointment|disgust|excitement|remorse|neutral
2537,27,neutral,0|5|9|13|15|17|18|20,admiration|caring|disappointment|excitement|gratitude|joy|love|optimism
2538,27,neutral,0|7|13|25,admiration|curiosity|excitement|sadness
2539,27,neutral,0|6|9|13|17|18|26,admiration|confusion|disappointment|excitement|joy|love|surprise
2540,27,neutral,6|11|15|20|25|27,confusion|disgust|gratitude|optimism|sadness|neutral
2541,14,fear,2|4|5|10|27,anger|approval|caring|disapproval|neutral
2542,27,neutral,1|5|8|25|27,amusement|caring|desire|sadness|neutral
2543,7,curiosity,3|8|14|27,annoyance|desire|fear|neutral
2544,27,neutral,0|4|9|13|15|18|24,admiration|approval|disappointment|excitement|gratitude|love|remorse
2545,27,neutral,4|9|13|18|22|25,approval|disappointment|excitement|love|realization|sadness
2546,6,confusion,4|7|9|17|18,approval|curiosity|disappointment|joy|love
2547,26,surprise,0|4|6|8|9|22|25,admiration|approval|confusion|desire|disappointment|realization|sadness
2548,27,neutral,1|6|10|26,amusement|confusion|disapproval|surprise
2549,27,neutral,10|13|15,disapproval|excitement|gratitude
2550,27,neutral,2|3|22|25|27,anger|annoyance|realization|sadness|neutral
2551,8,desire,0|5|17|18|20|27,admiration|caring|joy|love|optimism|neutral
2552,27,neutral,3|5|7|10|26,annoyance|caring|curiosity|disapproval|surprise
2553,0,admiration,1|2|10|11|13|22|26,amusement|anger|disapproval|disgust|excitement|realization|surprise
2554,27,neutral,4|5|13|15|26|27,approval|caring|excitement|gratitude|surprise|neutral
2555,27,neutral,1|6|8|11|15|17|20|25|26,amusement|confusion|desire|disgust|gratitude|joy|optimism|sadness|surprise
2556,15,gratitude,3|4,annoyance|approval
2557,27,neutral,4|5|7|15|20|27,approval|caring|curiosity|gratitude|optimism|neutral
2558,10|26,disapproval|surprise,0|1|17|25,admiration|amusement|joy|sadness
2559,20,optimism,3|5|9|10|20|22|24|25|26|27,annoyance|caring|disappointment|disapproval|optimism|realization|remorse|sadness|surprise|neutral
2560,2|3,anger|annoyance,2|13|17|20,anger|excitement|joy|optimism
2561,27,neutral,0|3|13|20|26|27,admiration|annoyance|excitement|optimism|surprise|neutral
2562,27,neutral,0|5|10|13|14|18|20|22,admiration|caring|disapproval|excitement|fear|love|optimism|realization
2563,4|23,approval|relief,10|20|22|25|26,disapproval|optimism|realization|sadness|surprise
2564,3,annoyance,3|6|13|15|18|26,annoyance|confusion|excitement|gratitude|love|surprise
2565,11|20,disgust|optimism,0|20|25,admiration|optimism|sadness
2566,27,neutral,0|4|15|17|20|24|25|27,admiration|approval|gratitude|joy|optimism|remorse|sadness|neutral
2567,0,admiration,1|17|18|22|25,amusement|joy|love|realization|sadness
2568,4|15,approval|gratitude,0|5|14|18|22|24|26,admiration|caring|fear|love|realization|remorse|surprise
2569,27,neutral,1|2|6|25|26|27,amusement|anger|confusion|sadness|surprise|neutral
2570,27,neutral,0|1|6|10|22|26|27,admiration|amusement|confusion|disapproval|realization|surprise|neutral
2571,4|5,approval|caring,0|1|2|3|7|11|14|17|26|27,admiration|amusement|anger|annoyance|curiosity|disgust|fear|joy|surprise|neutral
2572,20,optimism,0|2|10|13|19|27,admiration|anger|disapproval|excitement|nervousness|neutral
2573,2|18,anger|love,3|5|9|10|18|20|24,annoyance|caring|disappointment|disapproval|love|optimism|remorse
2574,9,disappointment,2|3|6|11|22,anger|annoyance|confusion|disgust|realization
2575,15,gratitude,0|2|7|10|13|18,admiration|anger|curiosity|disapproval|excitement|love
2576,0|1,admiration|amusement,4|9|18|26|27,approval|disappointment|love|surprise|neutral
2577,27,neutral,0|10|15|17|20|25|26,admiration|disapproval|gratitude|joy|optimism|sadness|surprise
2578,0,admiration,10|11|15|18|22|25|27,disapproval|disgust|gratitude|love|realization|sadness|neutral
2579,25,sadness,0|1|2|3|4|8|18|24|27,admiration|amusement|anger|annoyance|approval|desire|love|remorse|neutral
2580,17,joy,1|4|7|9|17|20|22,amusement|approval|curiosity|disappointment|joy|optimism|realization
2581,27,neutral,9|10|11|13|15|22,disappointment|disapproval|disgust|excitement|gratitude|realization
2582,10,disapproval,3|4|7|8|13|15|20|22,annoyance|approval|curiosity|desire|excitement|gratitude|optimism|realization
2583,10,disapproval,0|1|3|4|18|20|26|27,admiration|amusement|annoyance|approval|love|optimism|surprise|neutral
2584,0|15,admiration|gratitude,0|1|11|14|18|22|26|27,admiration|amusement|disgust|fear|love|realization|surprise|neutral
2585,0|15,admiration|gratitude,2|4|14|15|22|25|27,anger|approval|fear|gratitude|realization|sadness|neutral
2586,27,neutral,0|11|13|17,admiration|disgust|excitement|joy
2587,20,optimism,5|12|15|17|18|20|22|26|27,caring|embarrassment|gratitude|joy|love|optimism|realization|surprise|neutral
2588,27,neutral,0|1|6|11|15|17|18,admiration|amusement|confusion|disgust|gratitude|joy|love
2589,15,gratitude,1|6|7|9|10|15|20|25|26|27,amusement|confusion|curiosity|disappointment|disapproval|gratitude|optimism|sadness|surprise|neutral
2590,27,neutral,2|7|10|26|27,anger|curiosity|disapproval|surprise|neutral
2591,27,neutral,0|2|3|4|7|25|26|27,admiration|anger|annoyance|approval|curiosity|sadness|surprise|neutral
2592,4,approval,1|10|13|14|15|16|22|26|27,amusement|disapproval|excitement|fear|gratitude|grief|realization|surprise|neutral
2593,9|10,disappointment|disapproval,1|20|27,amusement|optimism|neutral
2594,15,gratitude,0|3|6|7|15|18|22|25,admiration|annoyance|confusion|curiosity|gratitude|love|realization|sadness
2595,10,disapproval,3|5|10|17|27,annoyance|caring|disapproval|joy|neutral
2596,27,neutral,0|15|17|18|22|27,admiration|gratitude|joy|love|realization|neutral
2597,1,amusement,0|4|9|13|17|22|27,admiration|approval|disappointment|excitement|joy|realization|neutral
2598,6,confusion,5|10|13|20|22|26,caring|disapproval|excitement|optimism|realization|surprise
2599,27,neutral,18|20|22|27,love|optimism|realization|neutral
2600,27,neutral,0|1|2|4|5|7|17|27,admiration|amusement|anger|approval|caring|curiosity|joy|neutral
2601,3|25,annoyance|sadness,2|3|5|11|17|20|21|22|24|27,anger|annoyance|caring|disgust|joy|optimism|pride|realization|remorse|neutral
2602,13|17,excitement|joy,0|7|25|27,admiration|curiosity|sadness|neutral
2603,27,neutral,1|7|18|22|25|26|27,amusement|curiosity|love|realization|sadness|surprise|neutral
2604,4|9|20,approval|disappointment|optimism,5|6|14|25|27,caring|confusion|fear|sadness|neutral
2605,5,caring,0|1|3|4|8|10|17|18,admiration|amusement|annoyance|approval|desire|disapproval|joy|love
2606,14,fear,1|10|15|20|27,amusement|disapproval|gratitude|optimism|neutral
2607,6,confusion,1|2|3|4|7|12|15|17|18|22,amusement|anger|annoyance|approval|curiosity|embarrassment|gratitude|joy|love|realization
2608,13,excitement,4|5|8|10|13|17|20,approval|caring|desire|disapproval|excitement|joy|optimism
2609,27,neutral,1|2|3|5|7|8|15|20|27,amusement|anger|annoyance|caring|curiosity|desire|gratitude|optimism|neutral
2610,9,disappointment,0|3|4|7|15|27,admiration|annoyance|approval|curiosity|gratitude|neutral
2611,8,desire,1|7|14|15|17|22|25,amusement|curiosity|fear|gratitude|joy|realization|sadness
2612,1,amusement,0|3|6|11|13|14|17|18,admiration|annoyance|confusion|disgust|excitement|fear|joy|love
2613,27,neutral,0|6|7|13|15|26,admiration|confusion|curiosity|excitement|gratitude|surprise
2614,17|18,joy|love,0|2|4|14|15|20|22,admiration|anger|approval|fear|gratitude|optimism|realization
2615,27,neutral,0|1|2|5|6|11|17|18|25,admiration|amusement|anger|caring|confusion|disgust|joy|love|sadness
2616,15,gratitude,2|3|5|6|9|10|17|18|22|26,anger|annoyance|caring|confusion|disappointment|disapproval|joy|love|realization|surprise
2617,1|15,amusement|gratitude,0|2|7|10|15|18|20|25|26|27,admiration|anger|curiosity|disapproval|gratitude|love|optimism|sadness|surprise|neutral
2618,4|17,approval|joy,8|10|17|22|25,desire|disapproval|joy|realization|sadness
2619,0|27,admiration|neutral,3|4|5|27,annoyance|approval|caring|neutral
2620,27,neutral,2|3|7|8|9|10|13,anger|annoyance|curiosity|desire|disappointment|disapproval|excitement
2621,10,disapproval,4|6|8|10|15|22|24|25|27,approval|confusion|desire|disapproval|gratitude|realization|remorse|sadness|neutral
2622,0,admiration,0|4|10|22|25,admiration|approval|disapproval|realization|sadness
2623,1|27,amusement|neutral,2|4|9|15|18|27,anger|approval|disappointment|gratitude|love|neutral
2624,15,gratitude,3|11|14|18|22,annoyance|disgust|fear|love|realization
2625,7,curiosity,1|3|11|15|22|26|27,amusement|annoyance|disgust|gratitude|realization|surprise|neutral
2626,17,joy,2|3|11|15|20|27,anger|annoyance|disgust|gratitude|optimism|neutral
2627,27,neutral,0|4|8|11|15|17|18|25|26,admiration|approval|desire|disgust|gratitude|joy|love|sadness|surprise
2628,0,admiration,1|3|7|8|9|15,amusement|annoyance|curiosity|desire|disappointment|gratitude
2629,1,amusement,3|4|9|11|18,annoyance|approval|disappointment|disgust|love
2630,27,neutral,3|13|20|22,annoyance|excitement|optimism|realization
2631,1|18,amusement|love,1|3|4|10|22|26,amusement|annoyance|approval|disapproval|realization|surprise
2632,27,neutral,0|1|6|10|15|18|22|24,admiration|amusement|confusion|disapproval|gratitude|love|realization|remorse
2633,0,admiration,3|4|15|17|18|27,annoyance|approval|gratitude|joy|love|neutral
2634,5|25,caring|sadness,2|3|14|15|17,anger|annoyance|fear|gratitude|joy
2635,2,anger,1|6|7|9|15|18|20|22,amusement|confusion|curiosity|disappointment|gratitude|love|optimism|realization
2636,7,curiosity,2|7|8|11|22|27,anger|curiosity|desire|disgust|realization|neutral
2637,20,optimism,0|1|6|7|13|20|27,admiration|amusement|confusion|curiosity|excitement|optimism|neutral
2638,2|8|18,anger|desire|love,0|2|3|4|6|20|22|25|27,admiration|anger|annoyance|approval|confusion|optimism|realization|sadness|neutral
2639,0|27,admiration|neutral,5|8|17|18|20|25|27,caring|desire|joy|love|optimism|sadness|neutral
2640,8|20,desire|optimism,1|4|7|11|15|17|25,amusement|approval|curiosity|disgust|gratitude|joy|sadness
2641,0,admiration,0|1|4|7|18|20|26,admiration|amusement|approval|curiosity|love|optimism|surprise
2642,11,disgust,1|4|16|18|25,amusement|approval|grief|love|sadness
2643,27,neutral,1|9|18|22,amusement|disappointment|love|realization
2644,27,neutral,2|4|6|10|18|22|27,anger|approval|confusion|disapproval|love|realization|neutral
2645,22,realization,0|2|3|13|17|18|22|25,admiration|anger|annoyance|excitement|joy|love|realization|sadness
2646,25,sadness,0|13|15|26|27,admiration|excitement|gratitude|surprise|neutral
2647,4|27,approval|neutral,4|11|12|13|22|27,approval|disgust|embarrassment|excitement|realization|neutral
2648,22,realization,2|3|6|18|27,anger|annoyance|confusion|love|neutral
2649,27,neutral,0|1|7|9|10|13|15|18|22,admiration|amusement|curiosity|disappointment|disapproval|excitement|gratitude|love|realization
2650,27,neutral,2|3|9|15|24|25|27,anger|annoyance|disappointment|gratitude|remorse|sadness|neutral
2651,27,neutral,0|1|2|7|17|27,admiration|amusement|anger|curiosity|joy|neutral
2652,23,relief,0|2|3|4|5|9|20,admiration|anger|annoyance|approval|caring|disappointment|optimism
2653,15|17,gratitude|joy,1|3|6|7|14|15|24,amusement|annoyance|confusion|curiosity|fear|gratitude|remorse
2654,1,amusement,1|3|7|8|10|14|17|27,amusement|annoyance|curiosity|desire|disapproval|fear|joy|neutral
2655,26,surprise,3|4|5|11|15|17|18,annoyance|approval|caring|disgust|gratitude|joy|love
2656,7|27,curiosity|neutral,0|5|18|26|27,admiration|caring|love|surprise|neutral
2657,0,admiration,4|22|25|26|27,approval|realization|sadness|surprise|neutral
2658,2,anger,3|7|10|14|15|25|27,annoyance|curiosity|disapproval|fear|gratitude|sadness|neutral
2659,15,gratitude,2|3|8|9|15|17|20,anger|annoyance|desire|disappointment|gratitude|joy|optimism
2660,1,amusement,0|4|6|13|15|20|22,admiration|approval|confusion|excitement|gratitude|optimism|realization
2661,20,optimism,2|3|4|5|8|9|10|11|25|26,anger|annoyance|approval|caring|desire|disappointment|disapproval|disgust|sadness|surprise
2662,27,neutral,3|4|15|22|24|25,annoyance|approval|gratitude|realization|remorse|sadness
2663,27,neutral,0|1|2|4|6|8|10|14|17|20,admiration|amusement|anger|approval|confusion|desire|disapproval|fear|joy|optimism
2664,27,neutral,15|17|18|20|22|25|27,gratitude|joy|love|optimism|realization|sadness|neutral
2665,27,neutral,1|2|7|11|22|27,amusement|anger|curiosity|disgust|realization|neutral
2666,6|7,confusion|curiosity,1|10|13|14|17|20|26|27,amusement|disapproval|excitement|fear|joy|optimism|surprise|neutral
2667,0,admiration,0|4|6|7|15,admiration|approval|confusion|curiosity|gratitude
2668,27,neutral,0|4|6|9|13|15|17,admiration|approval|confusion|disappointment|excitement|gratitude|joy
2669,27,neutral,1|4|6|7|11|18|25|27,amusement|approval|confusion|curiosity|disgust|love|sadness|neutral
2670,27,neutral,5|11|14|15|20|27,caring|disgust|fear|gratitude|optimism|neutral
2671,27,neutral,6|26|27,confusion|surprise|neutral
2672,1|17,amusement|joy,0|2|3|9|13|17|18|20|27,admiration|anger|annoyance|disappointment|excitement|joy|love|optimism|neutral
2673,27,neutral,0|7|10|15|17|18|20|22,admiration|curiosity|disapproval|gratitude|joy|love|optimism|realization
2674,7,curiosity,0|3|5|9|11|17|22|25|26|27,admiration|annoyance|caring|disappointment|disgust|joy|realization|sadness|surprise|neutral
2675,15,gratitude,2|10|18|20|22|27,anger|disapproval|love|optimism|realization|neutral
2676,27,neutral,4|9|13|14|15|22|25|26,approval|disappointment|excitement|fear|gratitude|realization|sadness|surprise
2677,20,optimism,2|3|4|26|27,anger|annoyance|approval|surprise|neutral
2678,0|20,admiration|optimism,2|3|5|6|14|15|20,anger|annoyance|caring|confusion|fear|gratitude|optimism
2679,0|13|20,admiration|excitement|optimism,2|3|4|12|13|17|26,anger|annoyance|approval|embarrassment|excitement|joy|surprise
2680,27,neutral,0|3|5|6|17,admiration|annoyance|caring|confusion|joy
2681,10|22,disapproval|realization,3|5|6|7|9|11|15|17,annoyance|caring|confusion|curiosity|disappointment|disgust|gratitude|joy
2682,13,excitement,0|2|27,admiration|anger|neutral
2683,3|11,annoyance|disgust,4|5|25,approval|caring|sadness
2684,15,gratitude,4|6|9|22|27,approval|confusion|disappointment|realization|neutral
2685,25,sadness,0|3|4|7|10|11|17|20|25,admiration|annoyance|approval|curiosity|disapproval|disgust|joy|optimism|sadness
2686,17,joy,0|1|2|4|6|15|27,admiration|amusement|anger|approval|confusion|gratitude|neutral
2687,2|3,anger|annoyance,2|3|5|8|17|27,anger|annoyance|caring|desire|joy|neutral
2688,0,admiration,0|2|10|26|27,admiration|anger|disapproval|surprise|neutral
2689,10,disapproval,4|10|15|20,approval|disapproval|gratitude|optimism
2690,6,confusion,0|1|3|4|8|10|17|18|20,admiration|amusement|annoyance|approval|desire|disapproval|joy|love|optimism
2691,18,love,0|7|10|13|18|26|27,admiration|curiosity|disapproval|excitement|love|surprise|neutral
2692,27,neutral,1|3|7|18,amusement|annoyance|curiosity|love
2693,3,annoyance,1|2|3|4|5|7|10|11|16|24,amusement|anger|annoyance|approval|caring|curiosity|disapproval|disgust|grief|remorse
2694,27,neutral,0|3|5|7|11|15|22,admiration|annoyance|caring|curiosity|disgust|gratitude|realization
2695,13,excitement,0|8|9|15|17|27,admiration|desire|disappointment|gratitude|joy|neutral
2696,13,excitement,0|2|10|11|12|13|15|18|23|26,admiration|anger|disapproval|disgust|embarrassment|excitement|gratitude|love|relief|surprise
2697,4,approval,7|9|10|12|20|27,curiosity|disappointment|disapproval|embarrassment|optimism|neutral
2698,3,annoyance,3|7|8|14|15|18|20,annoyance|curiosity|desire|fear|gratitude|love|optimism
2699,5,caring,2|4|20|22|25,anger|approval|optimism|realization|sadness
2700,15|18,gratitude|love,7|20|22|24|26,curiosity|optimism|realization|remorse|surprise
2701,27,neutral,2|3|5|6|7|15|24|25|27,anger|annoyance|caring|confusion|curiosity|gratitude|remorse|sadness|neutral
2702,0,admiration,0|2|4|8|17|18|20|27,admiration|anger|approval|desire|joy|love|optimism|neutral
2703,0,admiration,2|3|9|20|25,anger|annoyance|disappointment|optimism|sadness
2704,2|27,anger|neutral,0|1|10|25|27,admiration|amusement|disapproval|sadness|neutral
2705,20,optimism,1|2|10|20|24|25|27,amusement|anger|disapproval|optimism|remorse|sadness|neutral
2706,27,neutral,0|10|11|18|25|26,admiration|disapproval|disgust|love|sadness|surprise
2707,8,desire,1|4|7|8|13|15|17|27,amusement|approval|curiosity|desire|excitement|gratitude|joy|neutral
2708,11,disgust,0|2|4|10|15|21|27,admiration|anger|approval|disapproval|gratitude|pride|neutral
2709,15,gratitude,0|7|9|11|22|26,admiration|curiosity|disappointment|disgust|realization|surprise
2710,18,love,4|18|27,approval|love|neutral
2711,5,caring,0|5|11|20|26|27,admiration|caring|disgust|optimism|surprise|neutral
2712,15,gratitude,0|5|14|15|20,admiration|caring|fear|gratitude|optimism
2713,27,neutral,22|26|27,realization|surprise|neutral
2714,15,gratitude,3|5|22|26|27,annoyance|caring|realization|surprise|neutral
2715,27,neutral,2|4|6|7|10|11|17|20,anger|approval|confusion|curiosity|disapproval|disgust|joy|optimism
2716,0,admiration,3|5|9|20|23|24,annoyance|caring|disappointment|optimism|relief|remorse
2717,27,neutral,4|10|13|18|20,approval|disapproval|excitement|love|optimism
2718,1,amusement,0|2|3|6|7|8|10|27,admiration|anger|annoyance|confusion|curiosity|desire|disapproval|neutral
2719,5,caring,0|1|2|10|15|26|27,admiration|amusement|anger|disapproval|gratitude|surprise|neutral
2720,8,desire,0|3|7|22|25|26,admiration|annoyance|curiosity|realization|sadness|surprise
2721,6|26,confusion|surprise,1|3|4|8|9|14|17|24|27,amusement|annoyance|approval|desire|disappointment|fear|joy|remorse|neutral
2722,10,disapproval,0|10|13|14|18|20,admiration|disapproval|excitement|fear|love|optimism
2723,7,curiosity,0|5|7|8|10|11|18|20|25,admiration|caring|curiosity|desire|disapproval|disgust|love|optimism|sadness
2724,27,neutral,0|3|9|10|18|27,admiration|annoyance|disappointment|disapproval|love|neutral
2725,4,approval,3|4|7|9|10|15|26,annoyance|approval|curiosity|disappointment|disapproval|gratitude|surprise
2726,27,neutral,6|9|10|17|18,confusion|disappointment|disapproval|joy|love
2727,15,gratitude,0|2|7|11|17|20,admiration|anger|curiosity|disgust|joy|optimism
2728,13,excitement,0|3|6|7|8|14|17|18|25,admiration|annoyance|confusion|curiosity|desire|fear|joy|love|sadness
2729,25,sadness,0|2|7|10|22|26,admiration|anger|curiosity|disapproval|realization|surprise
2730,10,disapproval,3|13|17|22|25,annoyance|excitement|joy|realization|sadness
2731,26,surprise,4|27,approval|neutral
2732,27,neutral,0|6|9|12|13|17|22,admiration|confusion|disappointment|embarrassment|excitement|joy|realization
2733,27,neutral,1|3|4|8|13|17|22|27,amusement|annoyance|approval|desire|excitement|joy|realization|neutral
2734,0,admiration,3|5|7|14|18|26|27,annoyance|caring|curiosity|fear|love|surprise|neutral
2735,18,love,1|4|13|17|24|27,amusement|approval|excitement|joy|remorse|neutral
2736,20,optimism,0|3|6|7|9|11|13|17|24,admiration|annoyance|confusion|curiosity|disappointment|disgust|excitement|joy|remorse
2737,27,neutral,3|4|5|10|18|21|26,annoyance|approval|caring|disapproval|love|pride|surprise
2738,26,surprise,6|10|13|14|15|17|22|27,confusion|disapproval|excitement|fear|gratitude|joy|realization|neutral
2739,3,annoyance,5|6|26|27,caring|confusion|surprise|neutral
2740,15,gratitude,4|10|11|13|18|22|26,approval|disapproval|disgust|excitement|love|realization|surprise
2741,27,neutral,2|4|7|10|15|17|27,anger|approval|curiosity|disapproval|gratitude|joy|neutral
2742,15,gratitude,4|7|8|15|17|27,approval|curiosity|desire|gratitude|joy|neutral
2743,4|27,approval|neutral,4|5|6|7|8|9|11|15|18|22|24,approval|caring|confusion|curiosity|desire|disappointment|disgust|gratitude|love|realization|remorse
2744,27,neutral,11|25|27,disgust|sadness|neutral
2745,27,neutral,0|1|7|18|27,admiration|amusement|curiosity|love|neutral
2746,27,neutral,0|2|3|4|5|15|20|22|25,admiration|anger|annoyance|approval|caring|gratitude|optimism|realization|sadness
2747,27,neutral,2|7|25|26,anger|curiosity|sadness|surprise
2748,27,neutral,3|7|22|26,annoyance|curiosity|realization|surprise
2749,3,annoyance,1|4|5|7|8|9|14|17|18,amusement|approval|caring|curiosity|desire|disappointment|fear|joy|love
2750,9,disappointment,3|6|14|15|17,annoyance|confusion|fear|gratitude|joy
2751,15,gratitude,0|3|6|8|10|13,admiration|annoyance|confusion|desire|disapproval|excitement
2752,1,amusement,3|15|20|27,annoyance|gratitude|optimism|neutral
2753,7,curiosity,0|1|2|7|15|22,admiration|amusement|anger|curiosity|gratitude|realization
2754,27,neutral,0|5|13|22,admiration|caring|excitement|realization
2755,20,optimism,0|1|18|25|27,admiration|amusement|love|sadness|neutral
2756,1|17,amusement|joy,0|3|6|8|11|17|25|26|27,admiration|annoyance|confusion|desire|disgust|joy|sadness|surprise|neutral
2757,0,admiration,3|4|8|18|24,annoyance|approval|desire|love|remorse
2758,14,fear,0|2|4|5|6|15|27,admiration|anger|approval|caring|confusion|gratitude|neutral
2759,26,surprise,0|2|8|9|13|15|27,admiration|anger|desire|disappointment|excitement|gratitude|neutral
2760,10,disapproval,3|15|20|27,annoyance|gratitude|optimism|neutral
2761,4,approval,1|2|4|7|12|18|26,amusement|anger|approval|curiosity|embarrassment|love|surprise
2762,27,neutral,2|7|18|20|27,anger|curiosity|love|optimism|neutral
2763,4|23,approval|relief,1|2|5|7|11|20|22|27,amusement|anger|caring|curiosity|disgust|optimism|realization|neutral
2764,27,neutral,5|6|11|18|22|27,caring|confusion|disgust|love|realization|neutral
2765,20,optimism,7|10|17|22|25|26,curiosity|disapproval|joy|realization|sadness|surprise
2766,27,neutral,1|3|5|6|10|12|18|20,amusement|annoyance|caring|confusion|disapproval|embarrassment|love|optimism
2767,24,remorse,1|20|22|27,amusement|optimism|realization|neutral
2768,3|10,annoyance|disapproval,0|1|4|15|17|19|27,admiration|amusement|approval|gratitude|joy|nervousness|neutral
2769,6|9,confusion|disappointment,0|3|10|13|17|18|22|25|27,admiration|annoyance|disapproval|excitement|joy|love|realization|sadness|neutral
2770,1,amusement,0|2|3|7|10|15|18,admiration|anger|annoyance|curiosity|disapproval|gratitude|love
2771,27,neutral,2|10|18|20|26,anger|disapproval|love|optimism|surprise
2772,27,neutral,2|7|9|15|20|25|26,anger|curiosity|disappointment|gratitude|optimism|sadness|surprise
2773,0|15,admiration|gratitude,0|1|2|3|4|17|18|20|22,admiration|amusement|anger|annoyance|approval|joy|love|optimism|realization
2774,10,disapproval,0|1|2|14|18|22|26|27,admiration|amusement|anger|fear|love|realization|surprise|neutral
2775,18,love,0|1|3|7|10|27,admiration|amusement|annoyance|curiosity|disapproval|neutral
2776,3,annoyance,2|4|6|15|22|27,anger|approval|confusion|gratitude|realization|neutral
2777,10,disapproval,1|5|6|15,amusement|caring|confusion|gratitude
2778,27,neutral,8|9|10|18|22|27,desire|disappointment|disapproval|love|realization|neutral
2779,27,neutral,4|7|15|22|26|27,approval|curiosity|gratitude|realization|surprise|neutral
2780,27,neutral,0|1|9|13|27,admiration|amusement|disappointment|excitement|neutral
2781,20,optimism,0|2|6|7|9|11|15|25,admiration|anger|confusion|curiosity|disappointment|disgust|gratitude|sadness
2782,4,approval,1|2|3|14|15|20|27,amusement|anger|annoyance|fear|gratitude|optimism|neutral
2783,3,annoyance,0|1|4|9|10|13,admiration|amusement|approval|disappointment|disapproval|excitement
2784,6,confusion,2|15|18|27,anger|gratitude|love|neutral
2785,15,gratitude,1|4|9|13|26|27,amusement|approval|disappointment|excitement|surprise|neutral
2786,0|4,admiration|approval,0|6|11|13|15|18|27,admiration|confusion|disgust|excitement|gratitude|love|neutral
2787,2,anger,0|3|4|10|11|18|20|24|25|26,admiration|annoyance|approval|disapproval|disgust|love|optimism|remorse|sadness|surprise
2788,0|18|26,admiration|love|surprise,1|2|11|27,amusement|anger|disgust|neutral
2789,27,neutral,1|4|8|15|17|27,amusement|approval|desire|gratitude|joy|neutral
2790,4,approval,0|3|4|17|18|26,admiration|annoyance|approval|joy|love|surprise
2791,4,approval,3|6|7|8|13|15|25|26|27,annoyance|confusion|curiosity|desire|excitement|gratitude|sadness|surprise|neutral
2792,27,neutral,0|3|7|10|11|13|18|27,admiration|annoyance|curiosity|disapproval|disgust|excitement|love|neutral
2793,27,neutral,3|5|6|7|10|11|17|18|20|26,annoyance|caring|confusion|curiosity|disapproval|disgust|joy|love|optimism|surprise
2794,27,neutral,1|2|3|9|10|15|22|25,amusement|anger|annoyance|disappointment|disapproval|gratitude|realization|sadness
2795,15,gratitude,1|2|3|10|17|20|22|24,amusement|anger|annoyance|disapproval|joy|optimism|realization|remorse
2796,24,remorse,3|5|9|15|18,annoyance|caring|disappointment|gratitude|love
2797,3,annoyance,1|3|4|11|13|14|15|22|26,amusement|annoyance|approval|disgust|excitement|fear|gratitude|realization|surprise
2798,27,neutral,0|1|3|5|6|9|10|20,admiration|amusement|annoyance|caring|confusion|disappointment|disapproval|optimism
2799,1,amusement,1|2|3|6|7|20|22|26,amusement|anger|annoyance|confusion|curiosity|optimism|realization|surprise
2800,17,joy,0|2|4,admiration|anger|approval
2801,27,neutral,7|9|15|17|27,curiosity|disappointment|gratitude|joy|neutral
2802,3|27,annoyance|neutral,6|7|9|11|15|18|24|27,confusion|curiosity|disappointment|disgust|gratitude|love|remorse|neutral
2803,4,approval,4|6|13|14|18|20|22|24,approval|confusion|excitement|fear|love|optimism|realization|remorse
2804,6|7,confusion|curiosity,3|5|10|11|22|26,annoyance|caring|disapproval|disgust|realization|surprise
2805,6,confusion,10|13|14|15|17|25|27,disapproval|excitement|fear|gratitude|joy|sadness|neutral
2806,0|22,admiration|realization,2|15|21|22|27,anger|gratitude|pride|realization|neutral
2807,10,disapproval,1|3|5|20|22|27,amusement|annoyance|caring|optimism|realization|neutral
2808,4,approval,4|22|26|27,approval|realization|surprise|neutral
2809,2,anger,0|3|4|5|10|18|26,admiration|annoyance|approval|caring|disapproval|love|surprise
2810,1,amusement,0|3|4|6|9|10|27,admiration|annoyance|approval|confusion|disappointment|disapproval|neutral
2811,27,neutral,4|6|9|12|15|20|27,approval|confusion|disappointment|embarrassment|gratitude|optimism|neutral
2812,15|20,gratitude|optimism,2|10|17|26|27,anger|disapproval|joy|surprise|neutral
2813,3,annoyance,1|3|5|20|22|25|27,amusement|annoyance|caring|optimism|realization|sadness|neutral
2814,3,annoyance,4|5|9|14|15|24|25|27,approval|caring|disappointment|fear|gratitude|remorse|sadness|neutral
2815,23,relief,2|3|8|9|15,anger|annoyance|desire|disappointment|gratitude
2816,27,neutral,3|4|6|9|10,annoyance|approval|confusion|disappointment|disapproval
2817,27,neutral,2|5|7|11|20|24|25|27,anger|caring|curiosity|disgust|optimism|remorse|sadness|neutral
2818,9|25,disappointment|sadness,2|10|13|27,anger|disapproval|excitement|neutral
2819,4,approval,2|7|15|17|27,anger|curiosity|gratitude|joy|neutral
2820,1,amusement,0|4|6|7|10|25,admiration|approval|confusion|curiosity|disapproval|sadness
2821,2|3,anger|annoyance,0|3|5|9|11|14|15|26|27,admiration|annoyance|caring|disappointment|disgust|fear|gratitude|surprise|neutral
2822,0,admiration,0|4|5|10|18|22,admiration|approval|caring|disapproval|love|realization
2823,3|27,annoyance|neutral,1|15|18|27,amusement|gratitude|love|neutral
2824,10,disapproval,0|15|18|24|27,admiration|gratitude|love|remorse|neutral
2825,27,neutral,1|2|11|17|27,amusement|anger|disgust|joy|neutral
2826,17,joy,0|2|27,admiration|anger|neutral
2827,4|25,approval|sadness,1|7|26,amusement|curiosity|surprise
2828,13,excitement,0|1|2|9|15|20|25,admiration|amusement|anger|disappointment|gratitude|optimism|sadness
2829,4,approval,0|1|3|5|6|18|22,admiration|amusement|annoyance|caring|confusion|love|realization
2830,15,gratitude,0|5|7|9|14|15|17|20|22|27,admiration|caring|curiosity|disappointment|fear|gratitude|joy|optimism|realization|neutral
2831,22,realization,5|7|9|10|18|25,caring|curiosity|disappointment|disapproval|love|sadness
2832,4,approval,2|3|13|15|17|20|22,anger|annoyance|excitement|gratitude|joy|optimism|realization
2833,22,realization,0|4|6|8|13|17|27,admiration|approval|confusion|desire|excitement|joy|neutral
2834,4|15,approval|gratitude,4|9|10|11|13|18|24|25,approval|disappointment|disapproval|disgust|excitement|love|remorse|sadness
2835,27,neutral,0|1|2|3|6|7|8|9|10|20|22|25|26,admiration|amusement|anger|annoyance|confusion|curiosity|desire|disappointment|disapproval|optimism|realization|sadness|surprise
2836,27,neutral,4|6|9|10|11|26|27,approval|confusion|disappointment|disapproval|disgust|surprise|neutral
2837,27,neutral,3|4|13|22|25,annoyance|approval|excitement|realization|sadness
2838,18,love,5|9|13|14|15|26|27,caring|disappointment|excitement|fear|gratitude|surprise|neutral
2839,27,neutral,3|8|15|18|26,annoyance|desire|gratitude|love|surprise
2840,3|27,annoyance|neutral,4|7|15|17|18|22|27,approval|curiosity|gratitude|joy|love|realization|neutral
2841,27,neutral,1|2|10|13|20|22|25,amusement|anger|disapproval|excitement|optimism|realization|sadness
2842,11,disgust,0|1|3|5|10|11|13|20|25|26|27,admiration|amusement|annoyance|caring|disapproval|disgust|excitement|optimism|sadness|surprise|neutral
2843,9,disappointment,4|8|17|25|27,approval|desire|joy|sadness|neutral
2844,14,fear,0|1|18|20|23|27,admiration|amusement|love|optimism|relief|neutral
2845,20,optimism,0|1|3|6|9|10|13|18|27,admiration|amusement|annoyance|confusion|disappointment|disapproval|excitement|love|neutral
2846,27,neutral,0|4|5|7|8|18|20,admiration|approval|caring|curiosity|desire|love|optimism
2847,15,gratitude,0|6|7|9|13|15|20|22,admiration|confusion|curiosity|disappointment|excitement|gratitude|optimism|realization
2848,18,love,0|1|3|10|18|20|26,admiration|amusement|annoyance|disapproval|love|optimism|surprise
2849,10,disapproval,1|3|4|10|18|20|24|26,amusement|annoyance|approval|disapproval|love|optimism|remorse|surprise
2850,18,love,2|4|10|17|20|27,anger|approval|disapproval|joy|optimism|neutral
2851,27,neutral,5|7|9|10|17|27,caring|curiosity|disappointment|disapproval|joy|neutral
2852,4,approval,1|2|4|5|9|20,amusement|anger|approval|caring|disappointment|optimism
2853,27,neutral,2|4|6|15|17|22|25|27,anger|approval|confusion|gratitude|joy|realization|sadness|neutral
2854,7,curiosity,0|1|3|10,admiration|amusement|annoyance|disapproval
2855,15,gratitude,2|3|7|9|10|11|15|20|25,anger|annoyance|curiosity|disappointment|disapproval|disgust|gratitude|optimism|sadness
2856,0,admiration,1|2|3|6|9|13,amusement|anger|annoyance|confusion|disappointment|excitement
2857,14,fear,7|18|25,curiosity|love|sadness
2858,27,neutral,4|5|10|20|26|27,approval|caring|disapproval|optimism|surprise|neutral
2859,13,excitement,3|6|10|13,annoyance|confusion|disapproval|excitement
2860,14|19,fear|nervousness,1|3|8|9|13|26|27,amusement|annoyance|desire|disappointment|excitement|surprise|neutral
2861,4,approval,1|9|15|20|22|27,amusement|disappointment|gratitude|optimism|realization|neutral
2862,0,admiration,0|1|2|6|7|10|11|25|27,admiration|amusement|anger|confusion|curiosity|disapproval|disgust|sadness|neutral
2863,4,approval,3|4|8|10|18,annoyance|approval|desire|disapproval|love
2864,27,neutral,0|2|4|5|10|20,admiration|anger|approval|caring|disapproval|optimism
2865,14,fear,8|13|15|18|26|27,desire|excitement|gratitude|love|surprise|neutral
2866,1,amusement,0|3|4|6|7|9|13|18|22|25,admiration|annoyance|approval|confusion|curiosity|disappointment|excitement|love|realization|sadness
2867,27,neutral,3|4|5|7|9|10|11|15|17|22|25|27,annoyance|approval|caring|curiosity|disappointment|disapproval|disgust|gratitude|joy|realization|sadness|neutral
2868,4|20,approval|optimism,0|7|8|20|22,admiration|curiosity|desire|optimism|realization
2869,10,disapproval,1|4|9|13|14|15|17|22,amusement|approval|disappointment|excitement|fear|gratitude|joy|realization
2870,0,admiration,0|1|6|10|11|17|18,admiration|amusement|confusion|disapproval|disgust|joy|love
2871,17|18,joy|love,0|1|3|4|6|14|15|20,admiration|amusement|annoyance|approval|confusion|fear|gratitude|optimism
2872,27,neutral,3|4|7|8|10|17|20|26,annoyance|approval|curiosity|desire|disapproval|joy|optimism|surprise
2873,25,sadness,0|1|2|3|6|7|10|13|20,admiration|amusement|anger|annoyance|confusion|curiosity|disapproval|excitement|optimism
2874,14,fear,2|3|4|6|18|20|27,anger|annoyance|approval|confusion|love|optimism|neutral
2875,26,surprise,0|4|5|8|11|25|27,admiration|approval|caring|desire|disgust|sadness|neutral
2876,27,neutral,6|7|18|27,confusion|curiosity|love|neutral
2877,25,sadness,2|3|4|10|15|18|25|27,anger|annoyance|approval|disapproval|gratitude|love|sadness|neutral
2878,27,neutral,4|17|27,approval|joy|neutral
2879,17,joy,1|3|7|10|17,amusement|annoyance|curiosity|disapproval|joy
2880,3|7,annoyance|curiosity,0|3|4|6|16|18|20|25|27,admiration|annoyance|approval|confusion|grief|love|optimism|sadness|neutral
2881,27,neutral,0|3|7|8|11|12|13|25|26|27,admiration|annoyance|curiosity|desire|disgust|embarrassment|excitement|sadness|surprise|neutral
2882,3,annoyance,1|2|3|5|7|18|26,amusement|anger|annoyance|caring|curiosity|love|surprise
2883,27,neutral,15|18|25|27,gratitude|love|sadness|neutral
2884,2|3,anger|annoyance,1|2|3|4|7|8|11|17|24|25,amusement|anger|annoyance|approval|curiosity|desire|disgust|joy|remorse|sadness
2885,27,neutral,2|7|18|20|22|25|26,anger|curiosity|love|optimism|realization|sadness|surprise
2886,3,annoyance,4|11|13|21|25|27,approval|disgust|excitement|pride|sadness|neutral
2887,27,neutral,5|6|7|10|20|25,caring|confusion|curiosity|disapproval|optimism|sadness
2888,0,admiration,2|7|10|22,anger|curiosity|disapproval|realization
2889,9|26,disappointment|surprise,3|6|8|13|27,annoyance|confusion|desire|excitement|neutral
2890,4|8|20,approval|desire|optimism,3|4|9|12|22|25,annoyance|approval|disappointment|embarrassment|realization|sadness
2891,27,neutral,3|4|13|18|20|22|24,annoyance|approval|excitement|love|optimism|realization|remorse
2892,18,love,1|3|13|27,amusement|annoyance|excitement|neutral
2893,17,joy,1|2|3|6|13|15|22,amusement|anger|annoyance|confusion|excitement|gratitude|realization
2894,27,neutral,0|2|3|4|7|8|10|11|14|20|23|25|27,admiration|anger|annoyance|approval|curiosity|desire|disapproval|disgust|fear|optimism|relief|sadness|neutral
2895,5|27,caring|neutral,1|8|15|20,amusement|desire|gratitude|optimism
2896,4|21,approval|pride,3|4|8|10|15|20|22|26|27,annoyance|approval|desire|disapproval|gratitude|optimism|realization|surprise|neutral
2897,13|15,excitement|gratitude,1|2|7|27,amusement|anger|curiosity|neutral
2898,27,neutral,0|1|4|11|13|18|27,admiration|amusement|approval|disgust|excitement|love|neutral
2899,27,neutral,3|4|6|13|20,annoyance|approval|confusion|excitement|optimism
2900,18,love,1|3|4|6|10|15|18|24|27,amusement|annoyance|approval|confusion|disapproval|gratitude|love|remorse|neutral
2901,6,confusion,1|2|3|5|9|10|11|22,amusement|anger|annoyance|caring|disappointment|disapproval|disgust|realization
2902,25,sadness,3|7|10|18|26|27,annoyance|curiosity|disapproval|love|surprise|neutral
2903,27,neutral,0|4|5|22|24,admiration|approval|caring|realization|remorse
2904,1,amusement,3|6|9|17|27,annoyance|confusion|disappointment|joy|neutral
2905,4,approval,2|3|5|11|13|27,anger|annoyance|caring|disgust|excitement|neutral
2906,5|6,caring|confusion,1|3|7|11|14|17|18,amusement|annoyance|curiosity|disgust|fear|joy|love
2907,25,sadness,0|5|8|9|14|15|17|18|20|27,admiration|caring|desire|disappointment|fear|gratitude|joy|love|optimism|neutral
2908,0|17,admiration|joy,1|3|10|12|25,amusement|annoyance|disapproval|embarrassment|sadness
2909,27,neutral,3|5|6|8|9|10|15|20|25,annoyance|caring|confusion|desire|disappointment|disapproval|gratitude|optimism|sadness
2910,27,neutral,2|5|7|9|10|11|14|25|26,anger|caring|curiosity|disappointment|disapproval|disgust|fear|sadness|surprise
2911,7,curiosity,0|5|6|15|25,admiration|caring|confusion|gratitude|sadness
2912,26,surprise,2|15|20|25|27,anger|gratitude|optimism|sadness|neutral
2913,0,admiration,3|7|22|27,annoyance|curiosity|realization|neutral
2914,0,admiration,1|3|7|9|25|26|27,amusement|annoyance|curiosity|disappointment|sadness|surprise|neutral
2915,0,admiration,6|8|17|26|27,confusion|desire|joy|surprise|neutral
2916,27,neutral,0|1|2|27,admiration|amusement|anger|neutral
2917,27,neutral,2|4|5|8|13|14|18|25,anger|approval|caring|desire|excitement|fear|love|sadness
2918,27,neutral,0|3|5|10|11|20|25|27,admiration|annoyance|caring|disapproval|disgust|optimism|sadness|neutral
2919,10,disapproval,0|4|6|7|10|20|25|27,admiration|approval|confusion|curiosity|disapproval|optimism|sadness|neutral
2920,27,neutral,1|2|4|7|11|13|22|25|27,amusement|anger|approval|curiosity|disgust|excitement|realization|sadness|neutral
2921,15,gratitude,4|5|6|7|11|18|25|26,approval|caring|confusion|curiosity|disgust|love|sadness|surprise
2922,27,neutral,3|4|5|7|25|27,annoyance|approval|caring|curiosity|sadness|neutral
2923,0,admiration,2|5|7|9|25|26,anger|caring|curiosity|disappointment|sadness|surprise
2924,27,neutral,0|5|7|11|15|17|18|27,admiration|caring|curiosity|disgust|gratitude|joy|love|neutral
2925,2,anger,0|2|10|18|20|26|27,admiration|anger|disapproval|love|optimism|surprise|neutral
2926,2,anger,4|9|10|18|27,approval|disappointment|disapproval|love|neutral
2927,5|27,caring|neutral,6|7|12|13|15,confusion|curiosity|embarrassment|excitement|gratitude
2928,5,caring,0|5|7|13|15|18|22|25|27,admiration|caring|curiosity|excitement|gratitude|love|realization|sadness|neutral
2929,1,amusement,0|2|4|9|18|25,admiration|anger|approval|disappointment|love|sadness
2930,27,neutral,0|6|8|9|13|27,admiration|confusion|desire|disappointment|excitement|neutral
2931,4|13,approval|excitement,2|4|5|7|10|11|18|19|20,anger|approval|caring|curiosity|disapproval|disgust|love|nervousness|optimism
2932,7,curiosity,0|4|6|8|9|17|20,admiration|approval|confusion|desire|disappointment|joy|optimism
2933,4,approval,1|3|7|11|14|19|25|27,amusement|annoyance|curiosity|disgust|fear|nervousness|sadness|neutral
2934,27,neutral,0|4|5|9|27,admiration|approval|caring|disappointment|neutral
2935,1,amusement,1|4|5|6|7|9|18|27,amusement|approval|caring|confusion|curiosity|disappointment|love|neutral
2936,10,disapproval,0|3|7|10|15|18|25,admiration|annoyance|curiosity|disapproval|gratitude|love|sadness
2937,0|7,admiration|curiosity,0|1|2|7|15|17|27,admiration|amusement|anger|curiosity|gratitude|joy|neutral
2938,4,approval,3|4|7|15|20,annoyance|approval|curiosity|gratitude|optimism
2939,27,neutral,0|3|4|7|10|13|26,admiration|annoyance|approval|curiosity|disapproval|excitement|surprise
2940,1,amusement,0|1|4|8|9|15|22|25|26,admiration|amusement|approval|desire|disappointment|gratitude|realization|sadness|surprise
2941,22,realization,0|1|2|3|5|10|17|26|27,admiration|amusement|anger|annoyance|caring|disapproval|joy|surprise|neutral
2942,25,sadness,0|3|20|24|26|27,admiration|annoyance|optimism|remorse|surprise|neutral
2943,3,annoyance,0|5|6|13|17|26|27,admiration|caring|confusion|excitement|joy|surprise|neutral
2944,0,admiration,0|9|17|18|20,admiration|disappointment|joy|love|optimism
2945,27,neutral,0|1|2|4|7|9|12|27,admiration|amusement|anger|approval|curiosity|disappointment|embarrassment|neutral
2946,1|10,amusement|disapproval,0|1|5|8|10|17|25|27,admiration|amusement|caring|desire|disapproval|joy|sadness|neutral
2947,10,disapproval,3|4|6|7|13|14|27,annoyance|approval|confusion|curiosity|excitement|fear|neutral
2948,27,neutral,3|6|9|10|14|17|22|27,annoyance|confusion|disappointment|disapproval|fear|joy|realization|neutral
2949,27,neutral,1|2|8|13|18|20|27,amusement|anger|desire|excitement|love|optimism|neutral
2950,27,neutral,1|3|4|6|11|27,amusement|annoyance|approval|confusion|disgust|neutral
2951,27,neutral,0|1|4|11|17,admiration|amusement|approval|disgust|joy
2952,17,joy,0|2|5|8|20|22,admiration|anger|caring|desire|optimism|realization
2953,25,sadness,0|2|3|4|6|10|25|26,admiration|anger|annoyance|approval|confusion|disapproval|sadness|surprise
2954,0,admiration,0|2|10|11|18|24,admiration|anger|disapproval|disgust|love|remorse
2955,27,neutral,1|10|14|19,amusement|disapproval|fear|nervousness
2956,4,approval,7|9|17|18|25,curiosity|disappointment|joy|love|sadness
2957,7,curiosity,0|1|5|6|8|9|22|24,admiration|amusement|caring|confusion|desire|disappointment|realization|remorse
2958,8,desire,5|7|9|17|18|20|27,caring|curiosity|disappointment|joy|love|optimism|neutral
2959,5,caring,0|1|2|3|5|9|21|27,admiration|amusement|anger|annoyance|caring|disappointment|pride|neutral
2960,27,neutral,4|9|10|13|25|26,approval|disappointment|disapproval|excitement|sadness|surprise
2961,7,curiosity,3|6|7|8|9|18|26,annoyance|confusion|curiosity|desire|disappointment|love|surprise
2962,4,approval,2|20,anger|optimism
2963,5,caring,0|15|24|26,admiration|gratitude|remorse|surprise
2964,23,relief,0|3|4|10|18|22,admiration|annoyance|approval|disapproval|love|realization
2965,12,embarrassment,3|6|11|12|17|22|25,annoyance|confusion|disgust|embarrassment|joy|realization|sadness
2966,13,excitement,4|7|9,approval|curiosity|disappointment
2967,1,amusement,0|2|3|4|8|9|11|18|20|25|26,admiration|anger|annoyance|approval|desire|disappointment|disgust|love|optimism|sadness|surprise
2968,17,joy,0|9|11|15|22|27,admiration|disappointment|disgust|gratitude|realization|neutral
2969,2,anger,0|1|4|7|9|10|22,admiration|amusement|approval|curiosity|disappointment|disapproval|realization
2970,27,neutral,0|5|6|7|9|24|25,admiration|caring|confusion|curiosity|disappointment|remorse|sadness
2971,15,gratitude,1|2|6|18|22|25|26,amusement|anger|confusion|love|realization|sadness|surprise
2972,7,curiosity,0|3|9|17|18|26,admiration|annoyance|disappointment|joy|love|surprise
2973,3|11,annoyance|disgust,4|10|13|15|18|20,approval|disapproval|excitement|gratitude|love|optimism
2974,27,neutral,0|4|27,admiration|approval|neutral
2975,27,neutral,1|10|13|25|27,amusement|disapproval|excitement|sadness|neutral
2976,14,fear,10|26|27,disapproval|surprise|neutral
2977,1,amusement,3|4|5|15|17|25|26|27,annoyance|approval|caring|gratitude|joy|sadness|surprise|neutral
2978,27,neutral,0|2|8|14|18|25|27,admiration|anger|desire|fear|love|sadness|neutral
2979,9,disappointment,0|3|5|9|12|13|17|18|20|25,admiration|annoyance|caring|disappointment|embarrassment|excitement|joy|love|optimism|sadness
2980,15,gratitude,3|5|6|7|9|10|17|20|22|24,annoyance|caring|confusion|curiosity|disappointment|disapproval|joy|optimism|realization|remorse
2981,27,neutral,1|4|11|13|17|22|27,amusement|approval|disgust|excitement|joy|realization|neutral
2982,27,neutral,0|2|20|27,admiration|anger|optimism|neutral
2983,5|25,caring|sadness,0|2|11|13|15|17|27,admiration|anger|disgust|excitement|gratitude|joy|neutral
2984,4,approval,2|4|5|7|8|11|15|20|22|25,anger|approval|caring|curiosity|desire|disgust|gratitude|optimism|realization|sadness
2985,15,gratitude,0|2|3|4|13|27,admiration|anger|annoyance|approval|excitement|neutral
2986,0,admiration,2|9|10|15|17|18|24,anger|disappointment|disapproval|gratitude|joy|love|remorse
2987,0,admiration,0|2|7|9|15,admiration|anger|curiosity|disappointment|gratitude
2988,20,optimism,0|2|7|9|10|18|22|25,admiration|anger|curiosity|disappointment|disapproval|love|realization|sadness
2989,0|15,admiration|gratitude,2|6|7|10|11|15|18|26|27,anger|confusion|curiosity|disapproval|disgust|gratitude|love|surprise|neutral
2990,3,annoyance,2|5|9|13|15|17|22|25,anger|caring|disappointment|excitement|gratitude|joy|realization|sadness
2991,27,neutral,0|6|7|10|11|13|22|25,admiration|confusion|curiosity|disapproval|disgust|excitement|realization|sadness
2992,10,disapproval,0|5|10|15|17|19|20,admiration|caring|disapproval|gratitude|joy|nervousness|optimism
2993,0|18,admiration|love,1|3|4|15|20|27,amusement|annoyance|approval|gratitude|optimism|neutral
2994,4,approval,8|10|13|18|25,desire|disapproval|excitement|love|sadness
2995,25,sadness,3|4|6|7|10|15|18,annoyance|approval|confusion|curiosity|disapproval|gratitude|love
2996,3,annoyance,1|4|8|15|20|27,amusement|approval|desire|gratitude|optimism|neutral
2997,20,optimism,1|7|15|22|26|27,amusement|curiosity|gratitude|realization|surprise|neutral
2998,17,joy,3|6|9|10|11|15|18|25|27,annoyance|confusion|disappointment|disapproval|disgust|gratitude|love|sadness|neutral
2999,9,disappointment,6|15|22|25|26,confusion|gratitude|realization|sadness|surprise
3000,12|27,embarrassment|neutral,1|4|7|11|13|17|25,amusement|approval|curiosity|disgust|excitement|joy|sadness
3001,6,confusion,4|10|15,approval|disapproval|gratitude
3002,27,neutral,0|2|7|18|20|25,admiration|anger|curiosity|love|optimism|sadness
3003,0|15,admiration|gratitude,0|3|4|10|11|15|20|24|25,admiration|annoyance|approval|disapproval|disgust|gratitude|optimism|remorse|sadness
3004,4,approval,0|2|5|6|10|17|18|26|27,admiration|anger|caring|confusion|disapproval|joy|love|surprise|neutral
3005,27,neutral,0|3|4|7|11|15|18|27,admiration|annoyance|approval|curiosity|disgust|gratitude|love|neutral
3006,27,neutral,1|2|6|7|12|14|20,amusement|anger|confusion|curiosity|embarrassment|fear|optimism
3007,0,admiration,3|15|18|24|26|27,annoyance|gratitude|love|remorse|surprise|neutral
3008,5,caring,3|4|10|11|13|14|17|27,annoyance|approval|disapproval|disgust|excitement|fear|joy|neutral
3009,27,neutral,0|2|3|4|6|7|9|16|17|20,admiration|anger|annoyance|approval|confusion|curiosity|disappointment|grief|joy|optimism
3010,6,confusion,4|5|10|13|15|17|22|25|26,approval|caring|disapproval|excitement|gratitude|joy|realization|sadness|surprise
3011,2,anger,7|8|9|13|15|18,curiosity|desire|disappointment|excitement|gratitude|love
3012,3|14,annoyance|fear,1|7|18|26,amusement|curiosity|love|surprise
3013,3,annoyance,4|6|7|9|10|15|22|25,approval|confusion|curiosity|disappointment|disapproval|gratitude|realization|sadness
3014,2,anger,2|9|25|27,anger|disappointment|sadness|neutral
3015,8,desire,0|1|3|5|7|14|27,admiration|amusement|annoyance|caring|curiosity|fear|neutral
3016,26,surprise,0|2|7|8|11|14|17,admiration|anger|curiosity|desire|disgust|fear|joy
3017,6|7|27,confusion|curiosity|neutral,4|5|6|7|10|15|18|22,approval|caring|confusion|curiosity|disapproval|gratitude|love|realization
3018,27,neutral,0|2|18|26,admiration|anger|love|surprise
3019,4,approval,0|9|10|15|27,admiration|disappointment|disapproval|gratitude|neutral
3020,13,excitement,0|5|6|7|9|15|17|18|25,admiration|caring|confusion|curiosity|disappointment|gratitude|joy|love|sadness
3021,18,love,0|1|2|4|10|11|14|15|18,admiration|amusement|anger|approval|disapproval|disgust|fear|gratitude|love
3022,4,approval,1|6|12,amusement|confusion|embarrassment
3023,0,admiration,5|7|9|15|25,caring|curiosity|disappointment|gratitude|sadness
3024,7,curiosity,3|4|10|18|25|27,annoyance|approval|disapproval|love|sadness|neutral
3025,6,confusion,0|2|17|18|20,admiration|anger|joy|love|optimism
3026,18,love,1|2|7|22|24|25|26|27,amusement|anger|curiosity|realization|remorse|sadness|surprise|neutral
3027,27,neutral,3|4|10|11|15|27,annoyance|approval|disapproval|disgust|gratitude|neutral
3028,27,neutral,7|11|13|17|18|26|27,curiosity|disgust|excitement|joy|love|surprise|neutral
3029,27,neutral,1|3|6|10|13|19|20|26,amusement|annoyance|confusion|disapproval|excitement|nervousness|optimism|surprise
3030,1,amusement,0|1|9|10|12|17|25,admiration|amusement|disappointment|disapproval|embarrassment|joy|sadness
3031,27,neutral,0|1|2|3|4|9|15,admiration|amusement|anger|annoyance|approval|disappointment|gratitude
3032,7,curiosity,2|4|5|9|10|24|25|26|27,anger|approval|caring|disappointment|disapproval|remorse|sadness|surprise|neutral
3033,27,neutral,6|13|14|20|25,confusion|excitement|fear|optimism|sadness
3034,10,disapproval,0|6|22|27,admiration|confusion|realization|neutral
3035,9|25,disappointment|sadness,0|3|5|6|13|14|27,admiration|annoyance|caring|confusion|excitement|fear|neutral
3036,3,annoyance,14|18|25|26,fear|love|sadness|surprise
3037,4|15,approval|gratitude,0|4|7|10|11|25,admiration|approval|curiosity|disapproval|disgust|sadness
3038,24|25,remorse|sadness,1|3|4|7|10|14|17|18|25,amusement|annoyance|approval|curiosity|disapproval|fear|joy|love|sadness
3039,4,approval,0|3|4|9|10|27,admiration|annoyance|approval|disappointment|disapproval|neutral
3040,14|27,fear|neutral,0|1|3|26|27,admiration|amusement|annoyance|surprise|neutral
3041,27,neutral,3|4|5|6|25|27,annoyance|approval|caring|confusion|sadness|neutral
3042,13,excitement,1|4|5|8|27,amusement|approval|caring|desire|neutral
3043,27,neutral,2|3|4|8|17|20|25|26|27,anger|annoyance|approval|desire|joy|optimism|sadness|surprise|neutral
3044,27,neutral,2|10|11|17|25,anger|disapproval|disgust|joy|sadness
3045,0,admiration,1|3|10|18|20|24,amusement|annoyance|disapproval|love|optimism|remorse
3046,0|7,admiration|curiosity,0|3|9|10|22|27,admiration|annoyance|disappointment|disapproval|realization|neutral
3047,27,neutral,1|3|6|8,amusement|annoyance|confusion|desire
3048,10|27,disapproval|neutral,0|3|9|17|24,admiration|annoyance|disappointment|joy|remorse
3049,18,love,0|1|6|10|27,admiration|amusement|confusion|disapproval|neutral
3050,27,neutral,4|15|20|25|27,approval|gratitude|optimism|sadness|neutral
3051,27,neutral,1|2|3|5|10|15|17|20|24|26,amusement|anger|annoyance|caring|disapproval|gratitude|joy|optimism|remorse|surprise
3052,15,gratitude,2|3|7|15|20,anger|annoyance|curiosity|gratitude|optimism
3053,3|27,annoyance|neutral,2|6|10|11|17|26|27,anger|confusion|disapproval|disgust|joy|surprise|neutral
3054,1,amusement,0|4|13|18|27,admiration|approval|excitement|love|neutral
3055,27,neutral,0|1|4|15|23|24,admiration|amusement|approval|gratitude|relief|remorse
3056,10,disapproval,2|4|5|15|18|20,anger|approval|caring|gratitude|love|optimism
3057,0,admiration,2|4|13|17|22|25|27,anger|approval|excitement|joy|realization|sadness|neutral
3058,27,neutral,3|5|6|7|9|18|25|27,annoyance|caring|confusion|curiosity|disappointment|love|sadness|neutral
3059,4,approval,0|2|3|9|10|22,admiration|anger|annoyance|disappointment|disapproval|realization
3060,0|11|14,admiration|disgust|fear,0|1|9|10|11|27,admiration|amusement|disappointment|disapproval|disgust|neutral
3061,15,gratitude,5|12|17|20|22|25|27,caring|embarrassment|joy|optimism|realization|sadness|neutral
3062,25,sadness,0|2|5|6|10|17|26,admiration|anger|caring|confusion|disapproval|joy|surprise
3063,25|27,sadness|neutral,2|6|7|10|14|15|22|26,anger|confusion|curiosity|disapproval|fear|gratitude|realization|surprise
3064,4|23,approval|relief,8|20|25,desire|optimism|sadness
3065,2|3|27,anger|annoyance|neutral,0|3|7|8|10|15|26|27,admiration|annoyance|curiosity|desire|disapproval|gratitude|surprise|neutral
3066,22,realization,1|6|27,amusement|confusion|neutral
3067,0|26,admiration|surprise,4|15|17|20|25,approval|gratitude|joy|optimism|sadness
3068,2,anger,2|3|9|18|22|27,anger|annoyance|disappointment|love|realization|neutral
3069,0,admiration,7|9|24|27,curiosity|disappointment|remorse|neutral
3070,18,love,0|4|5|6|7|10|15,admiration|approval|caring|confusion|curiosity|disapproval|gratitude
3071,27,neutral,4|5|6|10|14|15|18|20,approval|caring|confusion|disapproval|fear|gratitude|love|optimism
3072,27,neutral,0|1|2|9|10,admiration|amusement|anger|disappointment|disapproval
3073,27,neutral,0|6|20|24|25|27,admiration|confusion|optimism|remorse|sadness|neutral
3074,0,admiration,0|3|5|13|15|27,admiration|annoyance|caring|excitement|gratitude|neutral
3075,27,neutral,1|9|18|27,amusement|disappointment|love|neutral
3076,27,neutral,0|2|3|7|10|11|18|20|25|27,admiration|anger|annoyance|curiosity|disapproval|disgust|love|optimism|sadness|neutral
3077,18,love,0|4|5|7|18|25|27,admiration|approval|caring|curiosity|love|sadness|neutral
3078,2|3,anger|annoyance,1|2|5|6|18|26|27,amusement|anger|caring|confusion|love|surprise|neutral
3079,27,neutral,0|1|4|7|10|15|22|26,admiration|amusement|approval|curiosity|disapproval|gratitude|realization|surprise
3080,26,surprise,4|7|10|18|27,approval|curiosity|disapproval|love|neutral
3081,15,gratitude,5|11|15|17|22,caring|disgust|gratitude|joy|realization
3082,0|4,admiration|approval,4|6|20|27,approval|confusion|optimism|neutral
3083,17,joy,3|7|9|13|20,annoyance|curiosity|disappointment|excitement|optimism
3084,27,neutral,3|7|22|27,annoyance|curiosity|realization|neutral
3085,15,gratitude,2|8|9|10|12|13|14|15|22,anger|desire|disappointment|disapproval|embarrassment|excitement|fear|gratitude|realization
3086,27,neutral,0|8|10|13|18|22|26|27,admiration|desire|disapproval|excitement|love|realization|surprise|neutral
3087,3,annoyance,0|3|7|11|13|17|27,admiration|annoyance|curiosity|disgust|excitement|joy|neutral
3088,13|25,excitement|sadness,1|2|4|6|12|20|22|26|27,amusement|anger|approval|confusion|embarrassment|optimism|realization|surprise|neutral
3089,27,neutral,1|5|15,amusement|caring|gratitude
3090,10,disapproval,1|3|6|7|9|14|17|18|20,amusement|annoyance|confusion|curiosity|disappointment|fear|joy|love|optimism
3091,27,neutral,0|3|6|13|15|16|17|25,admiration|annoyance|confusion|excitement|gratitude|grief|joy|sadness
3092,17,joy,0|3|4|7|9|17|18,admiration|annoyance|approval|curiosity|disappointment|joy|love
3093,9,disappointment,0|1|3|4|7|8|15|26|27,admiration|amusement|annoyance|approval|curiosity|desire|gratitude|surprise|neutral
3094,15,gratitude,0|1|5|7|9|13|18,admiration|amusement|caring|curiosity|disappointment|excitement|love
3095,27,neutral,5|18|20|26|27,caring|love|optimism|surprise|neutral
3096,9,disappointment,1|4|5|7|9|11|15|18|24,amusement|approval|caring|curiosity|disappointment|disgust|gratitude|love|remorse
3097,27,neutral,4|5|18,approval|caring|love
3098,27,neutral,2|3|18|20|26,anger|annoyance|love|optimism|surprise
3099,27,neutral,1|2|3|4|9|10|18|25,amusement|anger|annoyance|approval|disappointment|disapproval|love|sadness
3100,4,approval,1|3|4|17|22|27,amusement|annoyance|approval|joy|realization|neutral
3101,27,neutral,0|3|6|13|14,admiration|annoyance|confusion|excitement|fear
3102,5,caring,4|6|7|10|14|17|20,approval|confusion|curiosity|disapproval|fear|joy|optimism
3103,7|13,curiosity|excitement,2|9|14|18|20|22|27,anger|disappointment|fear|love|optimism|realization|neutral
3104,10,disapproval,0|2|15|17|24|27,admiration|anger|gratitude|joy|remorse|neutral
3105,13,excitement,0|1|7|14|17|22|27,admiration|amusement|curiosity|fear|joy|realization|neutral
3106,17,joy,2|3|4|6|18,anger|annoyance|approval|confusion|love
3107,27,neutral,0|11|18|27,admiration|disgust|love|neutral
3108,27,neutral,1|2|4|5|10|11|17|25,amusement|anger|approval|caring|disapproval|disgust|joy|sadness
3109,27,neutral,0|3|4|8|15|20|25,admiration|annoyance|approval|desire|gratitude|optimism|sadness
3110,0|27,admiration|neutral,3|4|5|7|8|10|13|15|27,annoyance|approval|caring|curiosity|desire|disapproval|excitement|gratitude|neutral
3111,2|15,anger|gratitude,3|4|6|7|9|11|13|17|25,annoyance|approval|confusion|curiosity|disappointment|disgust|excitement|joy|sadness
3112,7,curiosity,1|10|17|18|20|22,amusement|disapproval|joy|love|optimism|realization
3113,15,gratitude,0|3|4|7|9|13|15|17|22|24,admiration|annoyance|approval|curiosity|disappointment|excitement|gratitude|joy|realization|remorse
3114,0,admiration,4|6|11|17|20|22|27,approval|confusion|disgust|joy|optimism|realization|neutral
3115,15,gratitude,2|4|8|17|20|27,anger|approval|desire|joy|optimism|neutral
3116,10,disapproval,0|1|2|3|14|15|20,admiration|amusement|anger|annoyance|fear|gratitude|optimism
3117,1,amusement,0|1|6|7|10|15|27,admiration|amusement|confusion|curiosity|disapproval|gratitude|neutral
3118,27,neutral,0|2|4|6|7|20,admiration|anger|approval|confusion|curiosity|optimism
3119,4,approval,0|4|6|7|9,admiration|approval|confusion|curiosity|disappointment
3120,27,neutral,3|7|8|17|22|25,annoyance|curiosity|desire|joy|realization|sadness
3121,27,neutral,3|15|18,annoyance|gratitude|love
3122,18,love,0|8|9|17|25|27,admiration|desire|disappointment|joy|sadness|neutral
3123,0|20,admiration|optimism,4|5|9|10|20|26|27,approval|caring|disappointment|disapproval|optimism|surprise|neutral
3124,1|13,amusement|excitement,4|13|15|18|20|27,approval|excitement|gratitude|love|optimism|neutral
3125,27,neutral,0|2|3|4|7|10|22|27,admiration|anger|annoyance|approval|curiosity|disapproval|realization|neutral
3126,27,neutral,2|4|9|10|11|17|20|26|27,anger|approval|disappointment|disapproval|disgust|joy|optimism|surprise|neutral
3127,27,neutral,7|15|17|25,curiosity|gratitude|joy|sadness
3128,27,neutral,0|1|8|9|15|20,admiration|amusement|desire|disappointment|gratitude|optimism
3129,2,anger,1|6|11|13|22|25|27,amusement|confusion|disgust|excitement|realization|sadness|neutral
3130,27,neutral,3|7|10|15|17|20,annoyance|curiosity|disapproval|gratitude|joy|optimism
3131,15,gratitude,3|4|7|13|17,annoyance|approval|curiosity|excitement|joy
3132,9,disappointment,0|1|4|17|20|22|24|25,admiration|amusement|approval|joy|optimism|realization|remorse|sadness
3133,20|27,optimism|neutral,4|6|9|13|14|17|18|22,approval|confusion|disappointment|excitement|fear|joy|love|realization
3134,27,neutral,1|3|4|13|15,amusement|annoyance|approval|excitement|gratitude
3135,12,embarrassment,2|10|11|18|23,anger|disapproval|disgust|love|relief
3136,24,remorse,1|5|6|11|22|27,amusement|caring|confusion|disgust|realization|neutral
3137,27,neutral,4|7|18,approval|curiosity|love
3138,25,sadness,0|1|2|3|4|6|7|9|22,admiration|amusement|anger|annoyance|approval|confusion|curiosity|disappointment|realization
3139,17,joy,1|3|6|10|13|20|27,amusement|annoyance|confusion|disapproval|excitement|optimism|neutral
3140,27,neutral,6|7|25|26,confusion|curiosity|sadness|surprise
3141,3,annoyance,0|11|13|14|27,admiration|disgust|excitement|fear|neutral
3142,0,admiration,3|6|9|25|26|27,annoyance|confusion|disappointment|sadness|surprise|neutral
3143,10,disapproval,0|3|6|9|15|19|25|27,admiration|annoyance|confusion|disappointment|gratitude|nervousness|sadness|neutral
3144,27,neutral,6|9|11|15|20|22|25,confusion|disappointment|disgust|gratitude|optimism|realization|sadness
3145,27,neutral,4|6|7|15|18|22,approval|confusion|curiosity|gratitude|love|realization
3146,7,curiosity,0|7|13|15|18|26,admiration|curiosity|excitement|gratitude|love|surprise
3147,5,caring,3|18|20|26,annoyance|love|optimism|surprise
3148,1,amusement,1|2|4|6|9|11|17|20|25|27,amusement|anger|approval|confusion|disappointment|disgust|joy|optimism|sadness|neutral
3149,27,neutral,0|5|27,admiration|caring|neutral
3150,7,curiosity,4|5|10|15|20|24|27,approval|caring|disapproval|gratitude|optimism|remorse|neutral
3151,1,amusement,1|4|17,amusement|approval|joy
3152,27,neutral,2|3|7|9|15|18|26,anger|annoyance|curiosity|disappointment|gratitude|love|surprise
3153,27,neutral,0|18|22|25|27,admiration|love|realization|sadness|neutral
3154,0|27,admiration|neutral,0|1|3|4|18|20|24|26,admiration|amusement|annoyance|approval|love|optimism|remorse|surprise
3155,6,confusion,1|15|17|26|27,amusement|gratitude|joy|surprise|neutral
3156,27,neutral,3|6|7|20,annoyance|confusion|curiosity|optimism
3157,0,admiration,4|6|8|9|14|20|25,approval|confusion|desire|disappointment|fear|optimism|sadness
3158,27,neutral,4|6|15|25|26|27,approval|confusion|gratitude|sadness|surprise|neutral
3159,9|25,disappointment|sadness,1|2|7|15|17|26|27,amusement|anger|curiosity|gratitude|joy|surprise|neutral
3160,5|9,caring|disappointment,0|1|2|7|18|25|26|27,admiration|amusement|anger|curiosity|love|sadness|surprise|neutral
3161,3|7,annoyance|curiosity,6|15|25,confusion|gratitude|sadness
3162,8|18|25,desire|love|sadness,1|6|7|9|17|27,amusement|confusion|curiosity|disappointment|joy|neutral
3163,20,optimism,1|2|6|26|27,amusement|anger|confusion|surprise|neutral
3164,27,neutral,0|10|12|18|26|27,admiration|disapproval|embarrassment|love|surprise|neutral
3165,5,caring,1|4|15|17|18,amusement|approval|gratitude|joy|love
3166,3|9,annoyance|disappointment,0|7|8|9|13|18,admiration|curiosity|desire|disappointment|excitement|love
3167,11,disgust,3|4|10|11|17|20,annoyance|approval|disapproval|disgust|joy|optimism
3168,27,neutral,11,disgust
3169,27,neutral,2|6|14|17|25|27,anger|confusion|fear|joy|sadness|neutral
3170,24,remorse,0|6|7|8|13|14|20|27,admiration|confusion|curiosity|desire|excitement|fear|optimism|neutral
3171,27,neutral,1|3|4|7|18|19,amusement|annoyance|approval|curiosity|love|nervousness
3172,0,admiration,0|4|6|9|10|18|20|26,admiration|approval|confusion|disappointment|disapproval|love|optimism|surprise
3173,5|27,caring|neutral,0|2|7|8|9|11|25,admiration|anger|curiosity|desire|disappointment|disgust|sadness
3174,15,gratitude,0|1|7|12|15|18|20|24|25,admiration|amusement|curiosity|embarrassment|gratitude|love|optimism|remorse|sadness
3175,13|27,excitement|neutral,14|18|27,fear|love|neutral
3176,0|13|18|20,admiration|excitement|love|optimism,2|6|11|22,anger|confusion|disgust|realization
3177,27,neutral,1|4|6|17|27,amusement|approval|confusion|joy|neutral
3178,27,neutral,0|6|11|18|22|25|26,admiration|confusion|disgust|love|realization|sadness|surprise
3179,10|27,disapproval|neutral,15|25|27,gratitude|sadness|neutral
3180,27,neutral,1|3|4|6|7|10|11|12,amusement|annoyance|approval|confusion|curiosity|disapproval|disgust|embarrassment
3181,27,neutral,0|2|5|6|10|18|20,admiration|anger|caring|confusion|disapproval|love|optimism
3182,10,disapproval,6|10|13|14|22,confusion|disapproval|excitement|fear|realization
3183,0,admiration,3|7|9|17|22|27,annoyance|curiosity|disappointment|joy|realization|neutral
3184,7|27,curiosity|neutral,0|1|2|8|15|18|26|27,admiration|amusement|anger|desire|gratitude|love|surprise|neutral
3185,4|5,approval|caring,4|6|11|20|27,approval|confusion|disgust|optimism|neutral
3186,0,admiration,0|1|3|4|17|20,admiration|amusement|annoyance|approval|joy|optimism
3187,8,desire,3|7|8|9|11|17|20|22|25,annoyance|curiosity|desire|disappointment|disgust|joy|optimism|realization|sadness
3188,27,neutral,1|6|7|11|25|27,amusement|confusion|curiosity|disgust|sadness|neutral
3189,27,neutral,1|2|3|4|6|14|15|22,amusement|anger|annoyance|approval|confusion|fear|gratitude|realization
3190,24|25,remorse|sadness,15|17|18|20|22|24,gratitude|joy|love|optimism|realization|remorse
3191,4|17,approval|joy,1|6|11|22|27,amusement|confusion|disgust|realization|neutral
3192,18,love,0|2|5|9|10|17|25|27,admiration|anger|caring|disappointment|disapproval|joy|sadness|neutral
3193,6|7,confusion|curiosity,0|1|3|6|9|10|18,admiration|amusement|annoyance|confusion|disappointment|disapproval|love
3194,27,neutral,0|3|4|7|10|11|13|17|20,admiration|annoyance|approval|curiosity|disapproval|disgust|excitement|joy|optimism
3195,15,gratitude,2|3|6|7|14|22|26|27,anger|annoyance|confusion|curiosity|fear|realization|surprise|neutral
3196,27,neutral,0|2|5|6|13|14|15|25,admiration|anger|caring|confusion|excitement|fear|gratitude|sadness
3197,10,disapproval,0|2|3|4|5|9|22|23|24|25|27,admiration|anger|annoyance|approval|caring|disappointment|realization|relief|remorse|sadness|neutral
3198,2|22,anger|realization,0|2|3|6|7|8|9|13|22|27,admiration|anger|annoyance|confusion|curiosity|desire|disappointment|excitement|realization|neutral
3199,27,neutral,2|6|7|10|12|22,anger|confusion|curiosity|disapproval|embarrassment|realization
3200,27,neutral,1|2|3|4|5|6|13|17|20|24|27,amusement|anger|annoyance|approval|caring|confusion|excitement|joy|optimism|remorse|neutral
3201,10,disapproval,0|1|5|10|18|26|27,admiration|amusement|caring|disapproval|love|surprise|neutral
3202,3|6|7,annoyance|confusion|curiosity,0|3|4|14|27,admiration|annoyance|approval|fear|neutral
3203,3,annoyance,6|7|12|27,confusion|curiosity|embarrassment|neutral
3204,27,neutral,0|3|9|10|13|17|20|25|27,admiration|annoyance|disappointment|disapproval|excitement|joy|optimism|sadness|neutral
3205,15|18,gratitude|love,6|7|13|20|26|27,confusion|curiosity|excitement|optimism|surprise|neutral
3206,15,gratitude,0|1|3|4|18|22,admiration|amusement|annoyance|approval|love|realization
3207,4,approval,0|1|6|9|13|17,admiration|amusement|confusion|disappointment|excitement|joy
3208,27,neutral,2|4|7|12|15|17|25|26,anger|approval|curiosity|embarrassment|gratitude|joy|sadness|surprise
3209,27,neutral,0|7|12|13|27,admiration|curiosity|embarrassment|excitement|neutral
3210,2|3,anger|annoyance,0|1|4|7|18,admiration|amusement|approval|curiosity|love
3211,27,neutral,1|4|5|6|7|9|10|22|27,amusement|approval|caring|confusion|curiosity|disappointment|disapproval|realization|neutral
3212,27,neutral,2|7|14|18|20|22|25,anger|curiosity|fear|love|optimism|realization|sadness
3213,25,sadness,0|2|5|8|11|14|27,admiration|anger|caring|desire|disgust|fear|neutral
3214,18,love,3|5|11|15|17|20,annoyance|caring|disgust|gratitude|joy|optimism
3215,27,neutral,3|10|24|27,annoyance|disapproval|remorse|neutral
3216,2,anger,2|3|4|5|9|15|18|26,anger|annoyance|approval|caring|disappointment|gratitude|love|surprise
3217,15,gratitude,1|2|7|8|9|18|20|26,amusement|anger|curiosity|desire|disappointment|love|optimism|surprise
3218,0,admiration,3|7|18|20|27,annoyance|curiosity|love|optimism|neutral
3219,2|3,anger|annoyance,0|3|7|9|13|15|20|22,admiration|annoyance|curiosity|disappointment|excitement|gratitude|optimism|realization
3220,27,neutral,0|1|9|10|22|24|27,admiration|amusement|disappointment|disapproval|realization|remorse|neutral
3221,25,sadness,2|3|5|6|10|11|12|17|25,anger|annoyance|caring|confusion|disapproval|disgust|embarrassment|joy|sadness
3222,27,neutral,3|7|11|17|24|25|27,annoyance|curiosity|disgust|joy|remorse|sadness|neutral
3223,13,excitement,0|2|13|27,admiration|anger|excitement|neutral
3224,27,neutral,1|3|4|6|7|9|10|14|17|22|25|26,amusement|annoyance|approval|confusion|curiosity|disappointment|disapproval|fear|joy|realization|sadness|surprise
3225,7,curiosity,1|2|9|15|27,amusement|anger|disappointment|gratitude|neutral
3226,27,neutral,0|2|10|15|22|27,admiration|anger|disapproval|gratitude|realization|neutral
3227,15,gratitude,1|2|3|4|6|9|18|20,amusement|anger|annoyance|approval|confusion|disappointment|love|optimism
3228,27,neutral,6|15|18|22|25|27,confusion|gratitude|love|realization|sadness|neutral
3229,15,gratitude,2|9|11|13|15|17|20|22|26|27,anger|disappointment|disgust|excitement|gratitude|joy|optimism|realization|surprise|neutral
3230,21,pride,0|4|11|13|15|17|25|27,admiration|approval|disgust|excitement|gratitude|joy|sadness|neutral
3231,4,approval,0|6|17|20|25|27,admiration|confusion|joy|optimism|sadness|neutral
3232,4,approval,0|4|13|17|18|26|27,admiration|approval|excitement|joy|love|surprise|neutral
3233,17,joy,3|13|15|17|27,annoyance|excitement|gratitude|joy|neutral
3234,17,joy,1|2|9|22|25|27,amusement|anger|disappointment|realization|sadness|neutral
3235,1,amusement,0|1|3|4|7|9|10|13|15|20,admiration|amusement|annoyance|approval|curiosity|disappointment|disapproval|excitement|gratitude|optimism
3236,21,pride,0|4|7|17|25,admiration|approval|curiosity|joy|sadness
3237,18,love,8|9|13|15|18|20|25,desire|disappointment|excitement|gratitude|love|optimism|sadness
3238,0,admiration,7|9|15|17|20|27,curiosity|disappointment|gratitude|joy|optimism|neutral
3239,1,amusement,2|8|10|14|17|27,anger|desire|disapproval|fear|joy|neutral
3240,5|27,caring|neutral,1|3|12|13|25,amusement|annoyance|embarrassment|excitement|sadness
3241,20,optimism,1|3|7|8|18|22|25|27,amusement|annoyance|curiosity|desire|love|realization|sadness|neutral
3242,2|15,anger|gratitude,1|2|3|7|9|13|18|20|24,amusement|anger|annoyance|curiosity|disappointment|excitement|love|optimism|remorse
3243,1,amusement,4|6|7|27,approval|confusion|curiosity|neutral
3244,1,amusement,5|11|15|17|22|27,caring|disgust|gratitude|joy|realization|neutral
3245,3,annoyance,7|25|26|27,curiosity|sadness|surprise|neutral
3246,0,admiration,0|3|4|5|18|20|27,admiration|annoyance|approval|caring|love|optimism|neutral
3247,0|18,admiration|love,0|1|27,admiration|amusement|neutral
3248,27,neutral,3|14|25,annoyance|fear|sadness
3249,0,admiration,1|2|6|10|20|22|27,amusement|anger|confusion|disapproval|optimism|realization|neutral
3250,4,approval,0|2|3|4|17|18|20,admiration|anger|annoyance|approval|joy|love|optimism
3251,7,curiosity,0|8|10|25,admiration|desire|disapproval|sadness
3252,27,neutral,3|4|5|14|17|25|27,annoyance|approval|caring|fear|joy|sadness|neutral
3253,4|13,approval|excitement,7|15|17|27,curiosity|gratitude|joy|neutral
3254,5,caring,4|5|9|10|15|25,approval|caring|disappointment|disapproval|gratitude|sadness
3255,27,neutral,6|15|18|20|27,confusion|gratitude|love|optimism|neutral
3256,2|3,anger|annoyance,0|7|9|10|24|27,admiration|curiosity|disappointment|disapproval|remorse|neutral
3257,10,disapproval,2|4|7|10|25,anger|approval|curiosity|disapproval|sadness
3258,13|18,excitement|love,0|2|3|6|7|10|17|19|20|23,admiration|anger|annoyance|confusion|curiosity|disapproval|joy|nervousness|optimism|relief
3259,27,neutral,0|4|14|18|20|22,admiration|approval|fear|love|optimism|realization
3260,27,neutral,0|3|9|11|13|14|15|22,admiration|annoyance|disappointment|disgust|excitement|fear|gratitude|realization
3261,15,gratitude,1|2|4|10|17|22,amusement|anger|approval|disapproval|joy|realization
3262,18,love,1|4|6|7|9|13|17|27,amusement|approval|confusion|curiosity|disappointment|excitement|joy|neutral
3263,6,confusion,2|3|4|9|20|26|27,anger|annoyance|approval|disappointment|optimism|surprise|neutral
3264,10,disapproval,0|1|2|5|8|10|13|17|20|26,admiration|amusement|anger|caring|desire|disapproval|excitement|joy|optimism|surprise
3265,27,neutral,3|8|10|18|25|27,annoyance|desire|disapproval|love|sadness|neutral
3266,27,neutral,0|1|6|17,admiration|amusement|confusion|joy
3267,27,neutral,0|2|9|10|15|27,admiration|anger|disappointment|disapproval|gratitude|neutral
3268,6|14|26,confusion|fear|surprise,0|2|5|6|11|15,admiration|anger|caring|confusion|disgust|gratitude
3269,27,neutral,1|3|5|6|7|13|15|17,amusement|annoyance|caring|confusion|curiosity|excitement|gratitude|joy
3270,20,optimism,11|15|25|27,disgust|gratitude|sadness|neutral
3271,18,love,1|5|11|27,amusement|caring|disgust|neutral
3272,27,neutral,1|5|25|26|27,amusement|caring|sadness|surprise|neutral
3273,5,caring,0|1|2|3|9|27,admiration|amusement|anger|annoyance|disappointment|neutral
3274,26,surprise,1|2|3|4|7|15|27,amusement|anger|annoyance|approval|curiosity|gratitude|neutral
3275,27,neutral,0|3|7|8|18|25|27,admiration|annoyance|curiosity|desire|love|sadness|neutral
3276,13,excitement,0|5|7|11|18|22|25|26,admiration|caring|curiosity|disgust|love|realization|sadness|surprise
3277,8,desire,0|15|19|27,admiration|gratitude|nervousness|neutral
3278,27,neutral,0|4|6|7|11|14|15|26,admiration|approval|confusion|curiosity|disgust|fear|gratitude|surprise
3279,27,neutral,0|4|7|10|15|20|27,admiration|approval|curiosity|disapproval|gratitude|optimism|neutral
3280,10,disapproval,4|7|12|18|27,approval|curiosity|embarrassment|love|neutral
3281,18,love,3|4|14|15|17,annoyance|approval|fear|gratitude|joy
3282,27,neutral,1|4|8|10|18|25,amusement|approval|desire|disapproval|love|sadness
3283,17,joy,0|1|4|9|13|22|27,admiration|amusement|approval|disappointment|excitement|realization|neutral
3284,27,neutral,0|1|10|17|20|26|27,admiration|amusement|disapproval|joy|optimism|surprise|neutral
3285,7,curiosity,3|20|23|24|25|26|27,annoyance|optimism|relief|remorse|sadness|surprise|neutral
3286,27,neutral,0|1|2|4|6|17|27,admiration|amusement|anger|approval|confusion|joy|neutral
3287,26,surprise,0|5|15|18|26|27,admiration|caring|gratitude|love|surprise|neutral
3288,2,anger,1|2|4|10|15|26,amusement|anger|approval|disapproval|gratitude|surprise
3289,3|18,annoyance|love,1|6|7|8|20|27,amusement|confusion|curiosity|desire|optimism|neutral
3290,15,gratitude,6|9|14|15,confusion|disappointment|fear|gratitude
3291,27,neutral,1|2|7|26,amusement|anger|curiosity|surprise
3292,15,gratitude,0|1|5|9|10|11|15|26|27,admiration|amusement|caring|disappointment|disapproval|disgust|gratitude|surprise|neutral
3293,20,optimism,3|4|6|9|18|20|23,annoyance|approval|confusion|disappointment|love|optimism|relief
3294,4,approval,0|2|10|11|17|22,admiration|anger|disapproval|disgust|joy|realization
3295,27,neutral,6|20,confusion|optimism
3296,0,admiration,0|7|9|10|12|13|15|18|25,admiration|curiosity|disappointment|disapproval|embarrassment|excitement|gratitude|love|sadness
3297,2,anger,0|3|14|15|18,admiration|annoyance|fear|gratitude|love
3298,27,neutral,2|4|5|14|15|18|20|26|27,anger|approval|caring|fear|gratitude|love|optimism|surprise|neutral
3299,1,amusement,0|3|6|10|12|17|18|25,admiration|annoyance|confusion|disapproval|embarrassment|joy|love|sadness
3300,6,confusion,0|2|3|4|5|6|10|15|20|22,admiration|anger|annoyance|approval|caring|confusion|disapproval|gratitude|optimism|realization
3301,18,love,0|2|4|11|15|17|26|27,admiration|anger|approval|disgust|gratitude|joy|surprise|neutral
3302,2|3,anger|annoyance,3|7|15,annoyance|curiosity|gratitude
3303,26,surprise,0|1|4|7|14|15|17|20,admiration|amusement|approval|curiosity|fear|gratitude|joy|optimism
3304,18,love,0|1|3|18|25,admiration|amusement|annoyance|love|sadness
3305,0|15,admiration|gratitude,4|7|17|27,approval|curiosity|joy|neutral
3306,3,annoyance,0|1|2|3|8|9|11|15|18|21,admiration|amusement|anger|annoyance|desire|disappointment|disgust|gratitude|love|pride
3307,0,admiration,3|4|8|11|14|21|27,annoyance|approval|desire|disgust|fear|pride|neutral
3308,3,annoyance,4|13|18|20|24|27,approval|excitement|love|optimism|remorse|neutral
3309,27,neutral,2|5|7|11|20|24,anger|caring|curiosity|disgust|optimism|remorse
3310,1,amusement,0|2|3|5|17|20|24|27,admiration|anger|annoyance|caring|joy|optimism|remorse|neutral
3311,27,neutral,0|2|3|9|10|13|25,admiration|anger|annoyance|disappointment|disapproval|excitement|sadness
3312,27,neutral,0|4|20|22|24|27,admiration|approval|optimism|realization|remorse|neutral
3313,5,caring,4|5|7|20|22,approval|caring|curiosity|optimism|realization
3314,10,disapproval,0|4|10|13|14|18|20|25|27,admiration|approval|disapproval|excitement|fear|love|optimism|sadness|neutral
3315,15,gratitude,9|10|15|22|25|27,disappointment|disapproval|gratitude|realization|sadness|neutral
3316,10,disapproval,3|11|15|18|20|25|26|27,annoyance|disgust|gratitude|love|optimism|sadness|surprise|neutral
3317,1,amusement,1|3|4|5|13|14|17|18|20|22,amusement|annoyance|approval|caring|excitement|fear|joy|love|optimism|realization
3318,27,neutral,1|4|15|27,amusement|approval|gratitude|neutral
3319,5,caring,4|10|11|15|18,approval|disapproval|disgust|gratitude|love
3320,8|20,desire|optimism,0|3|6|7|9|22|25|26,admiration|annoyance|confusion|curiosity|disappointment|realization|sadness|surprise
3321,27,neutral,2|8|17,anger|desire|joy
3322,7,curiosity,2|10|20|22|25|27,anger|disapproval|optimism|realization|sadness|neutral
3323,7,curiosity,1|4|7|8|10|20|25,amusement|approval|curiosity|desire|disapproval|optimism|sadness
3324,22,realization,4|10|13|17|18|24,approval|disapproval|excitement|joy|love|remorse
3325,27,neutral,0|3|4|15|20|27,admiration|annoyance|approval|gratitude|optimism|neutral
3326,0,admiration,1|8|20|22|26|27,amusement|desire|optimism|realization|surprise|neutral
3327,10,disapproval,2|9|10|15|20,anger|disappointment|disapproval|gratitude|optimism
3328,18,love,4|5|9|11|24|25,approval|caring|disappointment|disgust|remorse|sadness
3329,6,confusion,0|4|7|11|12|18|20|22,admiration|approval|curiosity|disgust|embarrassment|love|optimism|realization
3330,10,disapproval,0|4|5|6|13|22|26|27,admiration|approval|caring|confusion|excitement|realization|surprise|neutral
3331,0|4,admiration|approval,1|3|7|13|27,amusement|annoyance|curiosity|excitement|neutral
3332,1,amusement,0|10|11|12|13|18|20,admiration|disapproval|disgust|embarrassment|excitement|love|optimism
3333,0,admiration,3|7|10|15|20,annoyance|curiosity|disapproval|gratitude|optimism
3334,4,approval,1|8|10|13,amusement|desire|disapproval|excitement
3335,27,neutral,0|1|2|10|15|20|26,admiration|amusement|anger|disapproval|gratitude|optimism|surprise
3336,10,disapproval,0|1|10|17|22,admiration|amusement|disapproval|joy|realization
3337,27,neutral,0|1|17|22|24|27,admiration|amusement|joy|realization|remorse|neutral
3338,1,amusement,0|1|4|5|6|7|11|14|18|20|25,admiration|amusement|approval|caring|confusion|curiosity|disgust|fear|love|optimism|sadness
3339,0|4,admiration|approval,0|3|5|9|11|15|22,admiration|annoyance|caring|disappointment|disgust|gratitude|realization
3340,13,excitement,1|5|6|11|20|22,amusement|caring|confusion|disgust|optimism|realization
3341,4|20,approval|optimism,1|5|12|20|23|27,amusement|caring|embarrassment|optimism|relief|neutral
3342,15,gratitude,0|1|10|20|22,admiration|amusement|disapproval|optimism|realization
3343,27,neutral,0|7|10|15|22|27,admiration|curiosity|disapproval|gratitude|realization|neutral
3344,2,anger,0|13|15|22,admiration|excitement|gratitude|realization
3345,15,gratitude,0|3|6|8|17|20|22|27,admiration|annoyance|confusion|desire|joy|optimism|realization|neutral
3346,2|27,anger|neutral,3|5|9|13|17|18|20|25,annoyance|caring|disappointment|excitement|joy|love|optimism|sadness
3347,15,gratitude,1|11|14|17|22,amusement|disgust|fear|joy|realization
3348,4,approval,0|1|4|6|14|15|17,admiration|amusement|approval|confusion|fear|gratitude|joy
3349,6,confusion,0|2|4|10|13|22|24|27,admiration|anger|approval|disapproval|excitement|realization|remorse|neutral
3350,20,optimism,0|7|18|22|25|27,admiration|curiosity|love|realization|sadness|neutral
3351,27,neutral,0|2|4|7|14|15|18|27,admiration|anger|approval|curiosity|fear|gratitude|love|neutral
3352,27,neutral,2|10|11|18|27,anger|disapproval|disgust|love|neutral
3353,27,neutral,1|2|20|26,amusement|anger|optimism|surprise
3354,0|17|18,admiration|joy|love,0|2|3|11|17|18|25,admiration|anger|annoyance|disgust|joy|love|sadness
3355,27,neutral,4|5|10|27,approval|caring|disapproval|neutral
3356,7|27,curiosity|neutral,0|5|8|15|22|26|27,admiration|caring|desire|gratitude|realization|surprise|neutral
3357,15,gratitude,0|2|10|13|15|20,admiration|anger|disapproval|excitement|gratitude|optimism
3358,27,neutral,2|4|10|18|25,anger|approval|disapproval|love|sadness
3359,18,love,3|11|15|18|20|24,annoyance|disgust|gratitude|love|optimism|remorse
3360,27,neutral,0|3|7|10|15,admiration|annoyance|curiosity|disapproval|gratitude
3361,27,neutral,3|6|7|15|22|25,annoyance|confusion|curiosity|gratitude|realization|sadness
3362,18,love,7|8|9|13|14|26,curiosity|desire|disappointment|excitement|fear|surprise
3363,17,joy,0|2|9|20|24|27,admiration|anger|disappointment|optimism|remorse|neutral
3364,27,neutral,6|8|15,confusion|desire|gratitude
3365,1|22,amusement|realization,0|3|4|17|18|20|22|27,admiration|annoyance|approval|joy|love|optimism|realization|neutral
3366,3|27,annoyance|neutral,1|7|10|12|15|25|26|27,amusement|curiosity|disapproval|embarrassment|gratitude|sadness|surprise|neutral
3367,27,neutral,10|17|25|27,disapproval|joy|sadness|neutral
3368,5,caring,3|4|6|7|8|14|27,annoyance|approval|confusion|curiosity|desire|fear|neutral
3369,7|27,curiosity|neutral,2|4|11|26,anger|approval|disgust|surprise
3370,27,neutral,0|1|3|4|5|17,admiration|amusement|annoyance|approval|caring|joy
3371,20,optimism,1|7|11|13,amusement|curiosity|disgust|excitement
3372,0,admiration,0|2|7|25|26,admiration|anger|curiosity|sadness|surprise
3373,18,love,2|3|15|25|27,anger|annoyance|gratitude|sadness|neutral
3374,14,fear,0|2|3|18|23,admiration|anger|annoyance|love|relief
3375,3,annoyance,6|9|10|15|17|24,confusion|disappointment|disapproval|gratitude|joy|remorse
3376,7,curiosity,2|11|15|18,anger|disgust|gratitude|love
3377,4,approval,0|1|3|5|6|10|17,admiration|amusement|annoyance|caring|confusion|disapproval|joy
3378,2|3|10,anger|annoyance|disapproval,4|5|6|7|17|18,approval|caring|confusion|curiosity|joy|love
3379,27,neutral,0|4|5|17|18|20|27,admiration|approval|caring|joy|love|optimism|neutral
3380,27,neutral,0|5|7|8|13|26|27,admiration|caring|curiosity|desire|excitement|surprise|neutral
3381,22,realization,0|2|7|10,admiration|anger|curiosity|disapproval
3382,1,amusement,2|9|11|15|17|20|22,anger|disappointment|disgust|gratitude|joy|optimism|realization
3383,27,neutral,7|14|17|26|27,curiosity|fear|joy|surprise|neutral
3384,7,curiosity,0|8|11|17|20|25,admiration|desire|disgust|joy|optimism|sadness
3385,10,disapproval,2|4|5|7|11|15|18,anger|approval|caring|curiosity|disgust|gratitude|love
3386,3,annoyance,2|4|5|8|17|20,anger|approval|caring|desire|joy|optimism
3387,2,anger,0|2|6|10|17|18|27,admiration|anger|confusion|disapproval|joy|love|neutral
3388,27,neutral,1|3|12|20,amusement|annoyance|embarrassment|optimism
3389,7|10,curiosity|disapproval,2|3|17|18|25|27,anger|annoyance|joy|love|sadness|neutral
3390,27,neutral,1|2|3|7|8|10|20|25|27,amusement|anger|annoyance|curiosity|desire|disapproval|optimism|sadness|neutral
3391,27,neutral,0|3|4|17|27,admiration|annoyance|approval|joy|neutral
3392,1|6,amusement|confusion,1|4|11|15|18|24,amusement|approval|disgust|gratitude|love|remorse
3393,27,neutral,0|1|4|10,admiration|amusement|approval|disapproval
3394,27,neutral,1|10|11|17|20,amusement|disapproval|disgust|joy|optimism
3395,4,approval,1|4|10|13|25|27,amusement|approval|disapproval|excitement|sadness|neutral
3396,27,neutral,5|7|10|15|18|25|26|27,caring|curiosity|disapproval|gratitude|love|sadness|surprise|neutral
3397,27,neutral,1|2|7|15|25,amusement|anger|curiosity|gratitude|sadness
3398,27,neutral,2|4|9|15|20|25|26,anger|approval|disappointment|gratitude|optimism|sadness|surprise
3399,15,gratitude,1|6|10|18|20|27,amusement|confusion|disapproval|love|optimism|neutral
3400,27,neutral,0|5|6|8|11|14|22|26,admiration|caring|confusion|desire|disgust|fear|realization|surprise
3401,1,amusement,0|6|7|9|13|18|22|26|27,admiration|confusion|curiosity|disappointment|excitement|love|realization|surprise|neutral
3402,4,approval,1|3|6|8|9|10|11|22|25,amusement|annoyance|confusion|desire|disappointment|disapproval|disgust|realization|sadness
3403,0,admiration,7|8|11|22|24|25,curiosity|desire|disgust|realization|remorse|sadness
3404,27,neutral,5|9|10|14|27,caring|disappointment|disapproval|fear|neutral
3405,27,neutral,0|6|14|15|26,admiration|confusion|fear|gratitude|surprise
3406,20,optimism,0|1|25|27,admiration|amusement|sadness|neutral
3407,27,neutral,0|3|7|8|11|17|18,admiration|annoyance|curiosity|desire|disgust|joy|love
3408,4,approval,0|1|6|8|15|17|18,admiration|amusement|confusion|desire|gratitude|joy|love
3409,27,neutral,8|24,desire|remorse
3410,1,amusement,1|6|10|13|14|15|18|19|20|25|26,amusement|confusion|disapproval|excitement|fear|gratitude|love|nervousness|optimism|sadness|surprise
3411,27,neutral,0|5|6|10,admiration|caring|confusion|disapproval
3412,6,confusion,1|3|18|27,amusement|annoyance|love|neutral
3413,12,embarrassment,0|1|5|6|11|14|15|17,admiration|amusement|caring|confusion|disgust|fear|gratitude|joy
3414,10,disapproval,2|3|4|6|10|11|12|14|25,anger|annoyance|approval|confusion|disapproval|disgust|embarrassment|fear|sadness
3415,27,neutral,0|1,admiration|amusement
3416,24,remorse,1|15|17|20|22|27,amusement|gratitude|joy|optimism|realization|neutral
3417,7,curiosity,1|5|6|15|18|26|27,amusement|caring|confusion|gratitude|love|surprise|neutral
3418,27,neutral,2|4|18|27,anger|approval|love|neutral
3419,4,approval,2|6|15|20|25|27,anger|confusion|gratitude|optimism|sadness|neutral
3420,1,amusement,0|3|10|18|20|22|25,admiration|annoyance|disapproval|love|optimism|realization|sadness
3421,13,excitement,0|2|3|15|22|25,admiration|anger|annoyance|gratitude|realization|sadness
3422,18,love,0|2|5|10|11|18|26,admiration|anger|caring|disapproval|disgust|love|surprise
3423,27,neutral,0|4|5|7|11|13|15|20,admiration|approval|caring|curiosity|disgust|excitement|gratitude|optimism
3424,9|25,disappointment|sadness,3|18|19|22|27,annoyance|love|nervousness|realization|neutral
3425,27,neutral,0|1|18|22|26|27,admiration|amusement|love|realization|surprise|neutral
3426,3,annoyance,2|3|9|13|15|17|25,anger|annoyance|disappointment|excitement|gratitude|joy|sadness
3427,4,approval,2|5|8|15|18|20|24|25,anger|caring|desire|gratitude|love|optimism|remorse|sadness
3428,3,annoyance,3|15|18|25|26|27,annoyance|gratitude|love|sadness|surprise|neutral
3429,27,neutral,0|5|10|13|18|20|25|27,admiration|caring|disapproval|excitement|love|optimism|sadness|neutral
3430,15|18,gratitude|love,0|1|2|3|9|10|21,admiration|amusement|anger|annoyance|disappointment|disapproval|pride
3431,10,disapproval,18|25|27,love|sadness|neutral
3432,2|3,anger|annoyance,0|3|7|18|20,admiration|annoyance|curiosity|love|optimism
3433,27,neutral,1|4|7|9|17|22,amusement|approval|curiosity|disappointment|joy|realization
3434,27,neutral,0|5|8|17|18|20|25|26,admiration|caring|desire|joy|love|optimism|sadness|surprise
3435,27,neutral,6|10|15|27,confusion|disapproval|gratitude|neutral
3436,8,desire,5|6|7|8|9|14|17|18|25,caring|confusion|curiosity|desire|disappointment|fear|joy|love|sadness
3437,27,neutral,1|2|3|4|9|13|18|21|27,amusement|anger|annoyance|approval|disappointment|excitement|love|pride|neutral
3438,27,neutral,0|7|18|27,admiration|curiosity|love|neutral
3439,3|9,annoyance|disappointment,2|3|4|8|9|18|25,anger|annoyance|approval|desire|disappointment|love|sadness
3440,15,gratitude,5|9|15|20|26|27,caring|disappointment|gratitude|optimism|surprise|neutral
3441,25,sadness,0|1|2|4|7|8|10|15|22|24,admiration|amusement|anger|approval|curiosity|desire|disapproval|gratitude|realization|remorse
3442,2|3,anger|annoyance,0|2|15|27,admiration|anger|gratitude|neutral
3443,6,confusion,1|4|7|14|20|27,amusement|approval|curiosity|fear|optimism|neutral
3444,4|15,approval|gratitude,0|2|4|5|6|7|10|13|20,admiration|anger|approval|caring|confusion|curiosity|disapproval|excitement|optimism
3445,7,curiosity,5|18|20|25|26|27,caring|love|optimism|sadness|surprise|neutral
3446,0,admiration,26|27,surprise|neutral
3447,27,neutral,4|7|9|11|17|22,approval|curiosity|disappointment|disgust|joy|realization
3448,1,amusement,1|6|7|15|20|22|25|27,amusement|confusion|curiosity|gratitude|optimism|realization|sadness|neutral
3449,0|10,admiration|disapproval,0|2|3|5|8|10|14|26,admiration|anger|annoyance|caring|desire|disapproval|fear|surprise
3450,1,amusement,0|3|6|10|15|18|25|26,admiration|annoyance|confusion|disapproval|gratitude|love|sadness|surprise
3451,26,surprise,1|4|13|18|20|27,amusement|approval|excitement|love|optimism|neutral
3452,4|27,approval|neutral,4|6|8|10,approval|confusion|desire|disapproval
3453,3,annoyance,11|18|20,disgust|love|optimism
3454,18,love,0|6|8|13|15|24,admiration|confusion|desire|excitement|gratitude|remorse
3455,17,joy,0|5|6|7|10|11|17|20|25,admiration|caring|confusion|curiosity|disapproval|disgust|joy|optimism|sadness
3456,27,neutral,0|1|2|3|15|20|25,admiration|amusement|anger|annoyance|gratitude|optimism|sadness
3457,27,neutral,1|2|4|13|15|17|18,amusement|anger|approval|excitement|gratitude|joy|love
3458,4,approval,0|1|2|3|14|17|24|25,admiration|amusement|anger|annoyance|fear|joy|remorse|sadness
3459,27,neutral,1|3|6|9|13|15|18,amusement|annoyance|confusion|disappointment|excitement|gratitude|love
3460,27,neutral,8|10|24|26|27,desire|disapproval|remorse|surprise|neutral
3461,1,amusement,0|1|4|5|18|26,admiration|amusement|approval|caring|love|surprise
3462,1|13,amusement|excitement,0|4|5,admiration|approval|caring
3463,9,disappointment,3|10|18|20|27,annoyance|disapproval|love|optimism|neutral
3464,27,neutral,0|1|3|4|22,admiration|amusement|annoyance|approval|realization
3465,27,neutral,0|2|13|23,admiration|anger|excitement|relief
3466,17,joy,0|2|3|9|10|15|18|27,admiration|anger|annoyance|disappointment|disapproval|gratitude|love|neutral
3467,15,gratitude,0|6|7|9|11|13|14|20|26,admiration|confusion|curiosity|disappointment|disgust|excitement|fear|optimism|surprise
3468,1,amusement,2|3|9|14|22|24|25|26,anger|annoyance|disappointment|fear|realization|remorse|sadness|surprise
3469,3|9,annoyance|disappointment,0|4|10|13|15,admiration|approval|disapproval|excitement|gratitude
3470,27,neutral,0|1|7|9|13|15,admiration|amusement|curiosity|disappointment|excitement|gratitude
3471,12|27,embarrassment|neutral,1|6|10|17|25|26,amusement|confusion|disapproval|joy|sadness|surprise
3472,27,neutral,4|7|15|18|26,approval|curiosity|gratitude|love|surprise
3473,27,neutral,0|2|7|10|25|26|27,admiration|anger|curiosity|disapproval|sadness|surprise|neutral
3474,1|4,amusement|approval,3|5|7|18|27,annoyance|caring|curiosity|love|neutral
3475,17,joy,9|13|22,disappointment|excitement|realization
3476,5,caring,2|4|9|22|25|26|27,anger|approval|disappointment|realization|sadness|surprise|neutral
3477,27,neutral,0|3|4|15|20|22|26,admiration|annoyance|approval|gratitude|optimism|realization|surprise
3478,13,excitement,2|5|15|18,anger|caring|gratitude|love
3479,25,sadness,2|3|10|11|13|20|26|27,anger|annoyance|disapproval|disgust|excitement|optimism|surprise|neutral
3480,10,disapproval,7|10|27,curiosity|disapproval|neutral
3481,27,neutral,0|4|8|17|18|26|27,admiration|approval|desire|joy|love|surprise|neutral
3482,20,optimism,4|6|7|15|17|20,approval|confusion|curiosity|gratitude|joy|optimism
3483,5|6,caring|confusion,0|1|4|6|7|10|17|25,admiration|amusement|approval|confusion|curiosity|disapproval|joy|sadness
3484,18,love,0|1|2|7|8|9|11|13|18|20,admiration|amusement|anger|curiosity|desire|disappointment|disgust|excitement|love|optimism
3485,26,surprise,0|2|6|9|18|20|24,admiration|anger|confusion|disappointment|love|optimism|remorse
3486,1,amusement,0|1|2|3|7|15|18|20|22|25,admiration|amusement|anger|annoyance|curiosity|gratitude|love|optimism|realization|sadness
3487,14,fear,3|6|9|13,annoyance|confusion|disappointment|excitement
3488,7,curiosity,2|3|4|8,anger|annoyance|approval|desire
3489,15,gratitude,11|17|18|25,disgust|joy|love|sadness
3490,27,neutral,4|10|11|15|20|22|26,approval|disapproval|disgust|gratitude|optimism|realization|surprise
3491,24,remorse,0|2|7|15|18|22|25,admiration|anger|curiosity|gratitude|love|realization|sadness
3492,27,neutral,0|4|5|6|11|14|18|25,admiration|approval|caring|confusion|disgust|fear|love|sadness
3493,27,neutral,2|3|6|7|10|15|18|20|22|26,anger|annoyance|confusion|curiosity|disapproval|gratitude|love|optimism|realization|surprise
3494,15,gratitude,0|2|3|20|25,admiration|anger|annoyance|optimism|sadness
3495,17,joy,0|4|5|15|17|20|25|27,admiration|approval|caring|gratitude|joy|optimism|sadness|neutral
3496,3,annoyance,0|1|4|14|15|17|22,admiration|amusement|approval|fear|gratitude|joy|realization
3497,3,annoyance,0|7|10|11|26|27,admiration|curiosity|disapproval|disgust|surprise|neutral
3498,6,confusion,0|1|3|14|15|20,admiration|amusement|annoyance|fear|gratitude|optimism
3499,6,confusion,0|1|2|7|13|22,admiration|amusement|anger|curiosity|excitement|realization
3500,4|7,approval|curiosity,0|1|4|6|22|27,admiration|amusement|approval|confusion|realization|neutral
3501,6,confusion,2|4|14|22|26|27,anger|approval|fear|realization|surprise|neutral
3502,0|22,admiration|realization,2|3|15|26,anger|annoyance|gratitude|surprise
3503,27,neutral,1|4|7|8|14|20|27,amusement|approval|curiosity|desire|fear|optimism|neutral
3504,4,approval,2|7|25|27,anger|curiosity|sadness|neutral
3505,27,neutral,0|3|6|7|18,admiration|annoyance|confusion|curiosity|love
3506,9,disappointment,3|4|10|11|18|20,annoyance|approval|disapproval|disgust|love|optimism
3507,27,neutral,1|4|6|7|13|15|17|18|25,amusement|approval|confusion|curiosity|excitement|gratitude|joy|love|sadness
3508,27,neutral,2|4|7|9|15|22,anger|approval|curiosity|disappointment|gratitude|realization
3509,27,neutral,0|3|25|27,admiration|annoyance|sadness|neutral
3510,3,annoyance,15|17|25|27,gratitude|joy|sadness|neutral
3511,0|4,admiration|approval,5|6|7|9|11|14|15|17|18,caring|confusion|curiosity|disappointment|disgust|fear|gratitude|joy|love
3512,4,approval,0|3|6|10|27,admiration|annoyance|confusion|disapproval|neutral
3513,27,neutral,0|2|3|6|8|9|17|18|22|24|26,admiration|anger|annoyance|confusion|desire|disappointment|joy|love|realization|remorse|surprise
3514,4|22,approval|realization,0|5|6|13|15|18|20,admiration|caring|confusion|excitement|gratitude|love|optimism
3515,4,approval,1|9|22|24|25|26,amusement|disappointment|realization|remorse|sadness|surprise
3516,4,approval,0|2|5|9|18|22,admiration|anger|caring|disappointment|love|realization
3517,25,sadness,4|7|10|20|27,approval|curiosity|disapproval|optimism|neutral
3518,27,neutral,5|10|13|14|22,caring|disapproval|excitement|fear|realization
3519,27,neutral,0|2|6|7|12|18|20|22|24|26|27,admiration|anger|confusion|curiosity|embarrassment|love|optimism|realization|remorse|surprise|neutral
3520,5|27,caring|neutral,0|1|3|5|11|18|27,admiration|amusement|annoyance|caring|disgust|love|neutral
3521,26,surprise,0|18|25|27,admiration|love|sadness|neutral
3522,0,admiration,1|3|9|17,amusement|annoyance|disappointment|joy
3523,7|24,curiosity|remorse,2|3|6|7|17,anger|annoyance|confusion|curiosity|joy
3524,2,anger,0|5|7|9|10|13|15|17|20|27,admiration|caring|curiosity|disappointment|disapproval|excitement|gratitude|joy|optimism|neutral
3525,1,amusement,3|9|27,annoyance|disappointment|neutral
3526,4,approval,0|1|2|7|11|25,admiration|amusement|anger|curiosity|disgust|sadness
3527,27,neutral,4|5|9|10|13|14|17|18,approval|caring|disappointment|disapproval|excitement|fear|joy|love
3528,14|19,fear|nervousness,0|1|10|22|27,admiration|amusement|disapproval|realization|neutral
3529,13|25,excitement|sadness,2|7|8|26|27,anger|curiosity|desire|surprise|neutral
3530,27,neutral,1|2|4|9|10|12|20|26,amusement|anger|approval|disappointment|disapproval|embarrassment|optimism|surprise
3531,4,approval,0|4|5|10|18|20|25,admiration|approval|caring|disapproval|love|optimism|sadness
3532,27,neutral,0|1|3|13|20|26|27,admiration|amusement|annoyance|excitement|optimism|surprise|neutral
3533,27,neutral,0|6|7|10|17|27,admiration|confusion|curiosity|disapproval|joy|neutral
3534,11,disgust,2|3|5|15|17|18,anger|annoyance|caring|gratitude|joy|love
3535,11|25,disgust|sadness,6|7|10|18|27,confusion|curiosity|disapproval|love|neutral
3536,1,amusement,0|3|4|9|10|26|27,admiration|annoyance|approval|disappointment|disapproval|surprise|neutral
3537,2,anger,1|6|13|15|17|20|24|25|26,amusement|confusion|excitement|gratitude|joy|optimism|remorse|sadness|surprise
3538,3,annoyance,2|10|27,anger|disapproval|neutral
3539,1,amusement,3|4|6|7|13|18|25|27,annoyance|approval|confusion|curiosity|excitement|love|sadness|neutral
3540,0,admiration,0|4|17|27,admiration|approval|joy|neutral
3541,6|7,confusion|curiosity,1|2|12|15,amusement|anger|embarrassment|gratitude
3542,20,optimism,4|8|10|17|22|25|27,approval|desire|disapproval|joy|realization|sadness|neutral
3543,1,amusement,1|9|14|27,amusement|disappointment|fear|neutral
3544,4,approval,1|2|14|25,amusement|anger|fear|sadness
3545,10,disapproval,0|3|7|8|17|18|26|27,admiration|annoyance|curiosity|desire|joy|love|surprise|neutral
3546,15,gratitude,0|1|10|14|27,admiration|amusement|disapproval|fear|neutral
3547,3|10,annoyance|disapproval,0|1|6|14|15|22|27,admiration|amusement|confusion|fear|gratitude|realization|neutral
3548,24,remorse,0|3|4|6|9|13|17|24|25,admiration|annoyance|approval|confusion|disappointment|excitement|joy|remorse|sadness
3549,27,neutral,1|9|14|20|24|26,amusement|disappointment|fear|optimism|remorse|surprise
3550,0,admiration,0|10|24,admiration|disapproval|remorse
3551,18,love,3|9|17|18|20,annoyance|disappointment|joy|love|optimism
3552,27,neutral,0|6|13|18|20|27,admiration|confusion|excitement|love|optimism|neutral
3553,1,amusement,5|6|8|11|15|20|24|27,caring|confusion|desire|disgust|gratitude|optimism|remorse|neutral
3554,2,anger,0|4|11|13|24|27,admiration|approval|disgust|excitement|remorse|neutral
3555,15,gratitude,0|7|18|24|25|27,admiration|curiosity|love|remorse|sadness|neutral
3556,27,neutral,0|7|13|22|27,admiration|curiosity|excitement|realization|neutral
3557,27,neutral,0|2|10|20|27,admiration|anger|disapproval|optimism|neutral
3558,27,neutral,0|9|15|17|18|20|22|26,admiration|disappointment|gratitude|joy|love|optimism|realization|surprise
3559,27,neutral,2|6|18|25,anger|confusion|love|sadness
3560,27,neutral,2|4|5|6|9|15|20,anger|approval|caring|confusion|disappointment|gratitude|optimism
3561,2|3,anger|annoyance,2|4|7|15|22|26|27,anger|approval|curiosity|gratitude|realization|surprise|neutral
3562,20,optimism,0|2|6|7|9|22|25|26|27,admiration|anger|confusion|curiosity|disappointment|realization|sadness|surprise|neutral
3563,4,approval,4|10|15|17|27,approval|disapproval|gratitude|joy|neutral
3564,2,anger,0|4|5|15|18|27,admiration|approval|caring|gratitude|love|neutral
3565,0,admiration,0|1|5|6|15|22,admiration|amusement|caring|confusion|gratitude|realization
3566,27,neutral,4|7|10|13|15,approval|curiosity|disapproval|excitement|gratitude
3567,18,love,1|2|3|4|7|9|15|20,amusement|anger|annoyance|approval|curiosity|disappointment|gratitude|optimism
3568,13,excitement,0|1|3|17|18|27,admiration|amusement|annoyance|joy|love|neutral
3569,27,neutral,0|1|2|22|26|27,admiration|amusement|anger|realization|surprise|neutral
3570,0,admiration,0|3|6|7|14|15|17,admiration|annoyance|confusion|curiosity|fear|gratitude|joy
3571,11,disgust,4|10|17|22|27,approval|disapproval|joy|realization|neutral
3572,26,surprise,2|3|5|6|9|13|15|26,anger|annoyance|caring|confusion|disappointment|excitement|gratitude|surprise
3573,5|10,caring|disapproval,5|6|7|8|13|15|18|22|25,caring|confusion|curiosity|desire|excitement|gratitude|love|realization|sadness
3574,1,amusement,0|1|3|4|10|17|18|26,admiration|amusement|annoyance|approval|disapproval|joy|love|surprise
3575,11,disgust,2|3|8|9|18|20|27,anger|annoyance|desire|disappointment|love|optimism|neutral
3576,27,neutral,3|5|7|9|10|11|15|20|27,annoyance|caring|curiosity|disappointment|disapproval|disgust|gratitude|optimism|neutral
3577,0,admiration,4|6|7|9|15|20|22|26,approval|confusion|curiosity|disappointment|gratitude|optimism|realization|surprise
3578,27,neutral,2|3|10|15|17|25|27,anger|annoyance|disapproval|gratitude|joy|sadness|neutral
3579,9,disappointment,2|3|5|7|10|18|20|26|27,anger|annoyance|caring|curiosity|disapproval|love|optimism|surprise|neutral
3580,20,optimism,0|1|5|10|17|18|24|25,admiration|amusement|caring|disapproval|joy|love|remorse|sadness
3581,9|26,disappointment|surprise,2|9|25|27,anger|disappointment|sadness|neutral
3582,7|20,curiosity|optimism,4|7|10|13|15|22,approval|curiosity|disapproval|excitement|gratitude|realization
3583,27,neutral,9|17|18|27,disappointment|joy|love|neutral
3584,5,caring,2|7|8|11|15|18|25,anger|curiosity|desire|disgust|gratitude|love|sadness
3585,1,amusement,0|10|17|18|20|25|27,admiration|disapproval|joy|love|optimism|sadness|neutral
3586,27,neutral,0|4|7|8|18|20|22|27,admiration|approval|curiosity|desire|love|optimism|realization|neutral
3587,27,neutral,1|4|6|24|25,amusement|approval|confusion|remorse|sadness
3588,9,disappointment,2|5|7|8|10|15,anger|caring|curiosity|desire|disapproval|gratitude
3589,4,approval,1|3|4|6|7|10|11|15|21|27,amusement|annoyance|approval|confusion|curiosity|disapproval|disgust|gratitude|pride|neutral
3590,18|22,love|realization,0|3|4|5|10|12|14|18|22,admiration|annoyance|approval|caring|disapproval|embarrassment|fear|love|realization
3591,10,disapproval,1|3|4|7|8|10|27,amusement|annoyance|approval|curiosity|desire|disapproval|neutral
3592,18,love,0|3|7|8|9|10,admiration|annoyance|curiosity|desire|disappointment|disapproval
3593,7|27,curiosity|neutral,1|3|4|5|6|11|18|20|23|27,amusement|annoyance|approval|caring|confusion|disgust|love|optimism|relief|neutral
3594,10,disapproval,9|10|13|17|18|22,disappointment|disapproval|excitement|joy|love|realization
3595,17,joy,1|4|15|27,amusement|approval|gratitude|neutral
3596,4,approval,0|1|2|3|7|10|11|14|18|20,admiration|amusement|anger|annoyance|curiosity|disapproval|disgust|fear|love|optimism
3597,3,annoyance,1|10|15|22|27,amusement|disapproval|gratitude|realization|neutral
3598,27,neutral,0|2|3|6|22,admiration|anger|annoyance|confusion|realization
3599,27,neutral,1|10|18|20|22|27,amusement|disapproval|love|optimism|realization|neutral
3600,27,neutral,5|6|7|11|12|13|18|22|26|27,caring|confusion|curiosity|disgust|embarrassment|excitement|love|realization|surprise|neutral
3601,0,admiration,3|4|5|10|18|25|27,annoyance|approval|caring|disapproval|love|sadness|neutral
3602,1,amusement,3|8|11|15|20|27,annoyance|desire|disgust|gratitude|optimism|neutral
3603,1|18,amusement|love,4|5|9|18|22|27,approval|caring|disappointment|love|realization|neutral
3604,15,gratitude,4|17|20|22,approval|joy|optimism|realization
3605,27,neutral,6|18|27,confusion|love|neutral
3606,4,approval,1|10|17|18|24|26,amusement|disapproval|joy|love|remorse|surprise
3607,18,love,1|5|6|9|11|27,amusement|caring|confusion|disappointment|disgust|neutral
3608,27,neutral,6|7|11|25|27,confusion|curiosity|disgust|sadness|neutral
3609,6,confusion,0|1|4|5|8|9|17,admiration|amusement|approval|caring|desire|disappointment|joy
3610,10,disapproval,3|10|15|17|22|27,annoyance|disapproval|gratitude|joy|realization|neutral
3611,4,approval,0|5|6|9|10|18|22|26|27,admiration|caring|confusion|disappointment|disapproval|love|realization|surprise|neutral
3612,27,neutral,4|6|9|10|18|20|22,approval|confusion|disappointment|disapproval|love|optimism|realization
3613,7,curiosity,1|8|10|18|20|22|27,amusement|desire|disapproval|love|optimism|realization|neutral
3614,14,fear,7|9|13|22|24,curiosity|disappointment|excitement|realization|remorse
3615,27,neutral,0|1|2|4|15|17|18,admiration|amusement|anger|approval|gratitude|joy|love
3616,3|9,annoyance|disappointment,1|10|22,amusement|disapproval|realization
3617,15,gratitude,3|4|6|9|10|13|18|22|25,annoyance|approval|confusion|disappointment|disapproval|excitement|love|realization|sadness
3618,5,caring,0|6|7|10|15|18|22|26,admiration|confusion|curiosity|disapproval|gratitude|love|realization|surprise
3619,27,neutral,2|7|17|20|22|27,anger|curiosity|joy|optimism|realization|neutral
3620,0,admiration,1|2|10|11|17|22,amusement|anger|disapproval|disgust|joy|realization
3621,27,neutral,3|6|7|17,annoyance|confusion|curiosity|joy
3622,27,neutral,6|7|9|15|22|26|27,confusion|curiosity|disappointment|gratitude|realization|surprise|neutral
3623,15,gratitude,4|10|15|24|27,approval|disapproval|gratitude|remorse|neutral
3624,4|5|7,approval|caring|curiosity,5|6|7|13|15|17|22|25|26,caring|confusion|curiosity|excitement|gratitude|joy|realization|sadness|surprise
3625,7,curiosity,2|4|10|11|22,anger|approval|disapproval|disgust|realization
3626,27,neutral,0|2|9|10|15|27,admiration|anger|disappointment|disapproval|gratitude|neutral
3627,12,embarrassment,1|5|7|11|15|22|25,amusement|caring|curiosity|disgust|gratitude|realization|sadness
3628,0,admiration,4|6|19|20|25,approval|confusion|nervousness|optimism|sadness
3629,0,admiration,0|10|15|20|25|27,admiration|disapproval|gratitude|optimism|sadness|neutral
3630,27,neutral,2|6|7|10|17|26|27,anger|confusion|curiosity|disapproval|joy|surprise|neutral
3631,5,caring,1|4|6|7|17,amusement|approval|confusion|curiosity|joy
3632,0|3,admiration|annoyance,1|3|4|5|7|8|15,amusement|annoyance|approval|caring|curiosity|desire|gratitude
3633,27,neutral,18|22|25|27,love|realization|sadness|neutral
3634,0|4,admiration|approval,0|1|2|3|6|7|18|24,admiration|amusement|anger|annoyance|confusion|curiosity|love|remorse
3635,11|24,disgust|remorse,0|1|4|14|17|20|25,admiration|amusement|approval|fear|joy|optimism|sadness
3636,4,approval,0|4|5|7|8|11|13|15|17|18,admiration|approval|caring|curiosity|desire|disgust|excitement|gratitude|joy|love
3637,20|27,optimism|neutral,2|3|4|14|15|17,anger|annoyance|approval|fear|gratitude|joy
3638,27,neutral,1|5|13|14|15|17|25,amusement|caring|excitement|fear|gratitude|joy|sadness
3639,5|20,caring|optimism,1|4|6|7|9|15|20|25,amusement|approval|confusion|curiosity|disappointment|gratitude|optimism|sadness
3640,10,disapproval,0|1|5|8|9|15|20|22|25|26,admiration|amusement|caring|desire|disappointment|gratitude|optimism|realization|sadness|surprise
3641,27,neutral,5|17|18|27,caring|joy|love|neutral
3642,27,neutral,2|4|6|7|10|22,anger|approval|confusion|curiosity|disapproval|realization
3643,7,curiosity,1|6|15|18|22,amusement|confusion|gratitude|love|realization
3644,8,desire,0|4|6|18|20,admiration|approval|confusion|love|optimism
3645,9,disappointment,0|3|5|10|17|22,admiration|annoyance|caring|disapproval|joy|realization
3646,20,optimism,0|4|9|18|22,admiration|approval|disappointment|love|realization
3647,4,approval,3|7|11|14|15|18|25,annoyance|curiosity|disgust|fear|gratitude|love|sadness
3648,8,desire,1|3|13|27,amusement|annoyance|excitement|neutral
3649,10,disapproval,0|4|15|18|27,admiration|approval|gratitude|love|neutral
3650,4|14|18,approval|fear|love,0|1|3|6|7|8|9|10|11|25|26,admiration|amusement|annoyance|confusion|curiosity|desire|disappointment|disapproval|disgust|sadness|surprise
3651,25,sadness,0|3|4|15|17|18,admiration|annoyance|approval|gratitude|joy|love
3652,15|24,gratitude|remorse,0|2|7|15|20|25,admiration|anger|curiosity|gratitude|optimism|sadness
3653,10,disapproval,2|8|9|15|22|27,anger|desire|disappointment|gratitude|realization|neutral
3654,27,neutral,1|3|4|6|10|25,amusement|annoyance|approval|confusion|disapproval|sadness
3655,3,annoyance,0|4|5|18|20,admiration|approval|caring|love|optimism
3656,10,disapproval,11|18|24|25|26,disgust|love|remorse|sadness|surprise
3657,27,neutral,2|3|6|7|10|17,anger|annoyance|confusion|curiosity|disapproval|joy
3658,17,joy,6|7|10|20|27,confusion|curiosity|disapproval|optimism|neutral
3659,26,surprise,1|4|22,amusement|approval|realization
3660,1,amusement,0|3|10|11|18|22|26|27,admiration|annoyance|disapproval|disgust|love|realization|surprise|neutral
3661,10,disapproval,0|1|5|7|10|17|27,admiration|amusement|caring|curiosity|disapproval|joy|neutral
3662,10,disapproval,6|10|20|27,confusion|disapproval|optimism|neutral
3663,5,caring,1|4|5|9|26,amusement|approval|caring|disappointment|surprise
3664,12,embarrassment,0|6|7|8|12|18|20,admiration|confusion|curiosity|desire|embarrassment|love|optimism
3665,27,neutral,1|4|7|11|15|20|24|26,amusement|approval|curiosity|disgust|gratitude|optimism|remorse|surprise
3666,2|3,anger|annoyance,2|17|18|20|27,anger|joy|love|optimism|neutral
3667,24|25,remorse|sadness,0|7|15|25,admiration|curiosity|gratitude|sadness
3668,18,love,1|6|8|24|25,amusement|confusion|desire|remorse|sadness
3669,26,surprise,5|6|9|22,caring|confusion|disappointment|realization
3670,0,admiration,1|4|6|8|26|27,amusement|approval|confusion|desire|surprise|neutral
3671,10,disapproval,3|7|18|25,annoyance|curiosity|love|sadness
3672,10,disapproval,0|6|7|18|25|27,admiration|confusion|curiosity|love|sadness|neutral
3673,6,confusion,2|3|4|8|10|27,anger|annoyance|approval|desire|disapproval|neutral
3674,27,neutral,6|11|13|18|26,confusion|disgust|excitement|love|surprise
3675,27,neutral,4|7|15|20|27,approval|curiosity|gratitude|optimism|neutral
3676,27,neutral,0|3|4|7|17|18|25|26,admiration|annoyance|approval|curiosity|joy|love|sadness|surprise
3677,9,disappointment,0|3|4|7|10|18,admiration|annoyance|approval|curiosity|disapproval|love
3678,5,caring,0|1|3|5|7|8|10|15|20|25,admiration|amusement|annoyance|caring|curiosity|desire|disapproval|gratitude|optimism|sadness
3679,7,curiosity,2|6|12|27,anger|confusion|embarrassment|neutral
3680,27,neutral,0|2|4|11|14|22|27,admiration|anger|approval|disgust|fear|realization|neutral
3681,27,neutral,1|3|10|17|20|26|27,amusement|annoyance|disapproval|joy|optimism|surprise|neutral
3682,0,admiration,0|1|3|12|14|18|22|27,admiration|amusement|annoyance|embarrassment|fear|love|realization|neutral
3683,4,approval,1|5|8|10|18|20|27,amusement|caring|desire|disapproval|love|optimism|neutral
3684,19|25,nervousness|sadness,0|1|25,admiration|amusement|sadness
3685,11|14|20,disgust|fear|optimism,1|6|9|11|17|26,amusement|confusion|disappointment|disgust|joy|surprise
3686,4|15,approval|gratitude,3|4|9|10|13|15|22|26,annoyance|approval|disappointment|disapproval|excitement|gratitude|realization|surprise
3687,3|14,annoyance|fear,0|2|4|10|13|22|26,admiration|anger|approval|disapproval|excitement|realization|surprise
3688,18,love,0|5|8|9|18|20|25|26,admiration|caring|desire|disappointment|love|optimism|sadness|surprise
3689,4,approval,0|2|11|17|27,admiration|anger|disgust|joy|neutral
3690,25,sadness,0|5|6|7|13|15|18|20,admiration|caring|confusion|curiosity|excitement|gratitude|love|optimism
3691,22,realization,0|4|7|8|10|11|13|17|22|27,admiration|approval|curiosity|desire|disapproval|disgust|excitement|joy|realization|neutral
3692,4|27,approval|neutral,0|3|7|20|24,admiration|annoyance|curiosity|optimism|remorse
3693,1,amusement,2|11|14|18,anger|disgust|fear|love
3694,27,neutral,3|9|10|17|18|20|25|27,annoyance|disappointment|disapproval|joy|love|optimism|sadness|neutral
3695,6,confusion,6|13|14|15|18|25|27,confusion|excitement|fear|gratitude|love|sadness|neutral
3696,27,neutral,2|3|8|10|15|24,anger|annoyance|desire|disapproval|gratitude|remorse
3697,27,neutral,0|1|2|3|4|7|9|10|12|17|22,admiration|amusement|anger|annoyance|approval|curiosity|disappointment|disapproval|embarrassment|joy|realization
3698,20,optimism,1|5|6|10|25|27,amusement|caring|confusion|disapproval|sadness|neutral
3699,15,gratitude,0|2|4|7|11|20|24|25|26|27,admiration|anger|approval|curiosity|disgust|optimism|remorse|sadness|surprise|neutral
3700,3,annoyance,0|2|15|20|27,admiration|anger|gratitude|optimism|neutral
3701,27,neutral,11|13|18|27,disgust|excitement|love|neutral
3702,27,neutral,10|15|18|27,disapproval|gratitude|love|neutral
3703,11,disgust,1|2|4|6|15|20|24|26,amusement|anger|approval|confusion|gratitude|optimism|remorse|surprise
3704,27,neutral,1|7|17|20|24,amusement|curiosity|joy|optimism|remorse
3705,26,surprise,3|4|5|9|11|15|17|27,annoyance|approval|caring|disappointment|disgust|gratitude|joy|neutral
3706,3,annoyance,1|4|6|10|11|18|25|26,amusement|approval|confusion|disapproval|disgust|love|sadness|surprise
3707,5,caring,0|5|6|7|13|17|22,admiration|caring|confusion|curiosity|excitement|joy|realization
3708,27,neutral,3|5|15|18|26,annoyance|caring|gratitude|love|surprise
3709,4,approval,0|1|2|3|9|22,admiration|amusement|anger|annoyance|disappointment|realization
3710,27,neutral,0|2|5|9|27,admiration|anger|caring|disappointment|neutral
3711,27,neutral,1|2|6|17|22|25|27,amusement|anger|confusion|joy|realization|sadness|neutral
3712,3|10,annoyance|disapproval,0|7|11|20|22|27,admiration|curiosity|disgust|optimism|realization|neutral
3713,27,neutral,1|2|5|25|26|27,amusement|anger|caring|sadness|surprise|neutral
3714,23,relief,2|4|27,anger|approval|neutral
3715,0|4,admiration|approval,1|8|10|27,amusement|desire|disapproval|neutral
3716,11,disgust,4|13|15|20|22|23|27,approval|excitement|gratitude|optimism|realization|relief|neutral
3717,0,admiration,2|9|12|17|22|23|25|26,anger|disappointment|embarrassment|joy|realization|relief|sadness|surprise
3718,27,neutral,6|9|13|18,confusion|disappointment|excitement|love
3719,7,curiosity,6|7|15|25|26|27,confusion|curiosity|gratitude|sadness|surprise|neutral
3720,27,neutral,3|4|6|10|27,annoyance|approval|confusion|disapproval|neutral
3721,27,neutral,0|10|13|18|19|25|26,admiration|disapproval|excitement|love|nervousness|sadness|surprise
3722,7,curiosity,0|2|4|9|17|18|20,admiration|anger|approval|disappointment|joy|love|optimism
3723,18,love,6|7|15,confusion|curiosity|gratitude
3724,17,joy,5|7|10|13|14|15|18|26,caring|curiosity|disapproval|excitement|fear|gratitude|love|surprise
3725,4|22,approval|realization,1|6|7|9|11|17|22|24,amusement|confusion|curiosity|disappointment|disgust|joy|realization|remorse
3726,9,disappointment,1|7|15|18|20|27,amusement|curiosity|gratitude|love|optimism|neutral
3727,0,admiration,0|1|7|9|22,admiration|amusement|curiosity|disappointment|realization
3728,0,admiration,3|15|22,annoyance|gratitude|realization
3729,27,neutral,0|11|13|17|18|26,admiration|disgust|excitement|joy|love|surprise
3730,9,disappointment,0|8|17|20|22|27,admiration|desire|joy|optimism|realization|neutral
3731,27,neutral,0|11|17|25,admiration|disgust|joy|sadness
3732,26,surprise,0|4|15|26|27,admiration|approval|gratitude|surprise|neutral
3733,17,joy,0|4|6|10,admiration|approval|confusion|disapproval
3734,7,curiosity,2|3|10|17|26|27,anger|annoyance|disapproval|joy|surprise|neutral
3735,1|17,amusement|joy,4|5|7|8|14|17|22|24|27,approval|caring|curiosity|desire|fear|joy|realization|remorse|neutral
3736,8,desire,5|10|17|19|20|25,caring|disapproval|joy|nervousness|optimism|sadness
3737,27,neutral,0|1|7|9|13|17,admiration|amusement|curiosity|disappointment|excitement|joy
3738,27,neutral,8|9|13|20|22|25|26|27,desire|disappointment|excitement|optimism|realization|sadness|surprise|neutral
3739,7,curiosity,22|25|27,realization|sadness|neutral
3740,19,nervousness,25|27,sadness|neutral
3741,24|25,remorse|sadness,0|10|13|27,admiration|disapproval|excitement|neutral
3742,22|25,realization|sadness,0|1|2|6|7|15|17|22|26,admiration|amusement|anger|confusion|curiosity|gratitude|joy|realization|surprise
3743,27,neutral,0|1|13|15|27,admiration|amusement|excitement|gratitude|neutral
3744,5|27,caring|neutral,0|1|4|5|15|17|20|27,admiration|amusement|approval|caring|gratitude|joy|optimism|neutral
3745,27,neutral,1|4|6|8|14|15|16|17|27,amusement|approval|confusion|desire|fear|gratitude|grief|joy|neutral
3746,2|27,anger|neutral,14|15|18|20|26|27,fear|gratitude|love|optimism|surprise|neutral
3747,7,curiosity,0|2|9|13|17|22|26|27,admiration|anger|disappointment|excitement|joy|realization|surprise|neutral
3748,18,love,1|4|8|10|15,amusement|approval|desire|disapproval|gratitude
3749,18,love,3|7|14|15|20,annoyance|curiosity|fear|gratitude|optimism
3750,18,love,0|1|10|15|17|18|20|24|27,admiration|amusement|disapproval|gratitude|joy|love|optimism|remorse|neutral
3751,27,neutral,2|3|15|18|25,anger|annoyance|gratitude|love|sadness
3752,25,sadness,0|1|3|4|10|13|18|26,admiration|amusement|annoyance|approval|disapproval|excitement|love|surprise
3753,27,neutral,0|4|5|9|14|15|17|18|22|27,admiration|approval|caring|disappointment|fear|gratitude|joy|love|realization|neutral
3754,27,neutral,1|13|22,amusement|excitement|realization
3755,22,realization,7|8|13|15|18|20|23|27,curiosity|desire|excitement|gratitude|love|optimism|relief|neutral
3756,0,admiration,0|3|6|7|9|10|15|20,admiration|annoyance|confusion|curiosity|disappointment|disapproval|gratitude|optimism
3757,20,optimism,0|4|5|10|13|15|18,admiration|approval|caring|disapproval|excitement|gratitude|love
3758,7|25,curiosity|sadness,0|1|4|10|15|24|25|27,admiration|amusement|approval|disapproval|gratitude|remorse|sadness|neutral
3759,0,admiration,0|1|6|7|9|17|27,admiration|amusement|confusion|curiosity|disappointment|joy|neutral
3760,4,approval,0|2|3|10|13|20,admiration|anger|annoyance|disapproval|excitement|optimism
3761,18,love,0|5|10|17|24|25,admiration|caring|disapproval|joy|remorse|sadness
3762,27,neutral,0|5|10|17|18|20|22|25|26,admiration|caring|disapproval|joy|love|optimism|realization|sadness|surprise
3763,22|27,realization|neutral,3|7|15|17|27,annoyance|curiosity|gratitude|joy|neutral
3764,2|3,anger|annoyance,0|2|9|13|15|17|27,admiration|anger|disappointment|excitement|gratitude|joy|neutral
3765,18,love,0|4|7|13|15|17|18|20|25,admiration|approval|curiosity|excitement|gratitude|joy|love|optimism|sadness
3766,13,excitement,4|6|18|27,approval|confusion|love|neutral
3767,5,caring,1|5|6|20,amusement|caring|confusion|optimism
3768,27,neutral,3|6|27,annoyance|confusion|neutral
3769,18,love,1|6|7|15|25|27,amusement|confusion|curiosity|gratitude|sadness|neutral
3770,27,neutral,2|3|6|7|9|13|15|20|22,anger|annoyance|confusion|curiosity|disappointment|excitement|gratitude|optimism|realization
3771,27,neutral,0|1|6|8|12|14|15|17,admiration|amusement|confusion|desire|embarrassment|fear|gratitude|joy
3772,5|14,caring|fear,3|13|15|17|20|25|27,annoyance|excitement|gratitude|joy|optimism|sadness|neutral
3773,25,sadness,0|3|6|7|9|10|13|14|15|17|22|25,admiration|annoyance|confusion|curiosity|disappointment|disapproval|excitement|fear|gratitude|joy|realization|sadness
3774,27,neutral,1|7|15|18,amusement|curiosity|gratitude|love
3775,4,approval,0|4|17|18|20|27,admiration|approval|joy|love|optimism|neutral
3776,5|8|20|25,caring|desire|optimism|sadness,0|1|2|5|7|20,admiration|amusement|anger|caring|curiosity|optimism
3777,27,neutral,0|7|15|17|22,admiration|curiosity|gratitude|joy|realization
3778,9,disappointment,1|3|10|11|15|20|22|26,amusement|annoyance|disapproval|disgust|gratitude|optimism|realization|surprise
3779,0,admiration,1|2|3|6|7|9|13|22,amusement|anger|annoyance|confusion|curiosity|disappointment|excitement|realization
3780,13,excitement,1|5|8|10|11|15|18|27,amusement|caring|desire|disapproval|disgust|gratitude|love|neutral
3781,27,neutral,3|4|8|12|27,annoyance|approval|desire|embarrassment|neutral
3782,0,admiration,4|7|20|22|25|26,approval|curiosity|optimism|realization|sadness|surprise
3783,7,curiosity,1|3|4|7|22|27,amusement|annoyance|approval|curiosity|realization|neutral
3784,18,love,0|1|4|6|10|22,admiration|amusement|approval|confusion|disapproval|realization
3785,13|26,excitement|surprise,17|25|27,joy|sadness|neutral
3786,15,gratitude,0|9|20|25|27,admiration|disappointment|optimism|sadness|neutral
3787,27,neutral,2|3|7|15|18|25,anger|annoyance|curiosity|gratitude|love|sadness
3788,0,admiration,1|3|4|5|9|10,amusement|annoyance|approval|caring|disappointment|disapproval
3789,27,neutral,0|2|7|8|9|20,admiration|anger|curiosity|desire|disappointment|optimism
3790,3|27,annoyance|neutral,0|3|6|7|12|13|14|18,admiration|annoyance|confusion|curiosity|embarrassment|excitement|fear|love
3791,4,approval,0|2|4|13|15|18,admiration|anger|approval|excitement|gratitude|love
3792,4,approval,1|2|3|6|7|8|10|12|14,amusement|anger|annoyance|confusion|curiosity|desire|disapproval|embarrassment|fear
3793,27,neutral,4|7|8|9|15|18|24|27,approval|curiosity|desire|disappointment|gratitude|love|remorse|neutral
3794,27,neutral,3|6|7|20,annoyance|confusion|curiosity|optimism
3795,4,approval,4|6|8|17|22|25,approval|confusion|desire|joy|realization|sadness
3796,11,disgust,0|4|5|6|9|10,admiration|approval|caring|confusion|disappointment|disapproval
3797,10,disapproval,1|4|7|9|15|22|25|26,amusement|approval|curiosity|disappointment|gratitude|realization|sadness|surprise
3798,27,neutral,0|3|6|7|10|11|13|20,admiration|annoyance|confusion|curiosity|disapproval|disgust|excitement|optimism
3799,20,optimism,0|1|6|8|17|27,admiration|amusement|confusion|desire|joy|neutral
3800,27,neutral,1|10|27,amusement|disapproval|neutral
3801,5,caring,1|10|14|20|27,amusement|disapproval|fear|optimism|neutral
3802,7,curiosity,3|4|7|10|18|24|27,annoyance|approval|curiosity|disapproval|love|remorse|neutral
3803,27,neutral,0|3|6|9|22,admiration|annoyance|confusion|disappointment|realization
3804,2|3,anger|annoyance,1|3|4|6|11|15|18|27,amusement|annoyance|approval|confusion|disgust|gratitude|love|neutral
3805,1,amusement,7|9|10|11|17|20|27,curiosity|disappointment|disapproval|disgust|joy|optimism|neutral
3806,27,neutral,0|1|3|9|18|20|24|25,admiration|amusement|annoyance|disappointment|love|optimism|remorse|sadness
3807,27,neutral,1|15|22|27,amusement|gratitude|realization|neutral
3808,1|4,amusement|approval,2|3|4|7|10|20|26,anger|annoyance|approval|curiosity|disapproval|optimism|surprise
3809,0|14,admiration|fear,9|18|25,disappointment|love|sadness
3810,18,love,1|11|17|18|26|27,amusement|disgust|joy|love|surprise|neutral
3811,27,neutral,3|5|9|10|11|13|15|18|25|26,annoyance|caring|disappointment|disapproval|disgust|excitement|gratitude|love|sadness|surprise
3812,5,caring,0|1|8|13|15,admiration|amusement|desire|excitement|gratitude
3813,18,love,4|6|18|20|22|27,approval|confusion|love|optimism|realization|neutral
3814,3,annoyance,2|3|10|11|22|27,anger|annoyance|disapproval|disgust|realization|neutral
3815,18,love,2|3|18|27,anger|annoyance|love|neutral
3816,22|27,realization|neutral,5|10|17|20|25,caring|disapproval|joy|optimism|sadness
3817,27,neutral,2|3|5|15|17|18|27,anger|annoyance|caring|gratitude|joy|love|neutral
3818,27,neutral,3|8|10|14|25|27,annoyance|desire|disapproval|fear|sadness|neutral
3819,3,annoyance,0|1|5|10|17|18|20|22|27,admiration|amusement|caring|disapproval|joy|love|optimism|realization|neutral
3820,1,amusement,0|1|4|8|10|11|15|18|25,admiration|amusement|approval|desire|disapproval|disgust|gratitude|love|sadness
3821,26,surprise,0|3|4|8|9|20|25,admiration|annoyance|approval|desire|disappointment|optimism|sadness
3822,14,fear,0|3|5|9|15|26,admiration|annoyance|caring|disappointment|gratitude|surprise
3823,10,disapproval,2|3|27,anger|annoyance|neutral
3824,27,neutral,0|1|2|4|15|18|25,admiration|amusement|anger|approval|gratitude|love|sadness
3825,0,admiration,3|5|6|13|17|27,annoyance|caring|confusion|excitement|joy|neutral
3826,15,gratitude,1|2|3|7|25|27,amusement|anger|annoyance|curiosity|sadness|neutral
3827,27,neutral,0|6|7|9|17|25|27,admiration|confusion|curiosity|disappointment|joy|sadness|neutral
3828,27,neutral,1|2|26,amusement|anger|surprise
3829,6|7,confusion|curiosity,4|6|7|25,approval|confusion|curiosity|sadness
3830,3,annoyance,0|1|6|7|17|25|26|27,admiration|amusement|confusion|curiosity|joy|sadness|surprise|neutral
3831,1,amusement,0|3|4|9|17|20,admiration|annoyance|approval|disappointment|joy|optimism
3832,10,disapproval,0|2|15|20|24|27,admiration|anger|gratitude|optimism|remorse|neutral
3833,1,amusement,0|4|6|7|11|17|18|22|25,admiration|approval|confusion|curiosity|disgust|joy|love|realization|sadness
3834,27,neutral,3|4|7|15|27,annoyance|approval|curiosity|gratitude|neutral
3835,3,annoyance,3|15|22|26|27,annoyance|gratitude|realization|surprise|neutral
3836,27,neutral,3|4|9|13|15|26|27,annoyance|approval|disappointment|excitement|gratitude|surprise|neutral
3837,27,neutral,0|1|2|3|5|6|8|20|26|27,admiration|amusement|anger|annoyance|caring|confusion|desire|optimism|surprise|neutral
3838,1,amusement,4|6|7|9|10|13|22|27,approval|confusion|curiosity|disappointment|disapproval|excitement|realization|neutral
3839,27,neutral,0|4|5|17,admiration|approval|caring|joy
3840,5|15,caring|gratitude,0|8|9|17|26|27,admiration|desire|disappointment|joy|surprise|neutral
3841,27,neutral,3|6|7|10|14|15|22|26,annoyance|confusion|curiosity|disapproval|fear|gratitude|realization|surprise
3842,27,neutral,0|2|5|10|20|25,admiration|anger|caring|disapproval|optimism|sadness
3843,4,approval,2|3|4|6|9|25|27,anger|annoyance|approval|confusion|disappointment|sadness|neutral
3844,8,desire,0|1|2|3|9|18,admiration|amusement|anger|annoyance|disappointment|love
3845,7,curiosity,4|11|15|27,approval|disgust|gratitude|neutral
3846,15|22,gratitude|realization,1|3|5|8|9|11|14|20|25|26,amusement|annoyance|caring|desire|disappointment|disgust|fear|optimism|sadness|surprise
3847,8,desire,0|1|22|25|27,admiration|amusement|realization|sadness|neutral
3848,20,optimism,3|4|10|26,annoyance|approval|disapproval|surprise
3849,1,amusement,6|10|15|17|22|27,confusion|disapproval|gratitude|joy|realization|neutral
3850,25,sadness,0|3|4|6|7|9|18,admiration|annoyance|approval|confusion|curiosity|disappointment|love
3851,7,curiosity,1|2|4|22|25|27,amusement|anger|approval|realization|sadness|neutral
3852,17,joy,0|1|4|14|15|17|20|22,admiration|amusement|approval|fear|gratitude|joy|optimism|realization
3853,4,approval,4|9|13|22|25|27,approval|disappointment|excitement|realization|sadness|neutral
3854,27,neutral,3|7|10|13,annoyance|curiosity|disapproval|excitement
3855,3|12,annoyance|embarrassment,2|8|17|20|22|27,anger|desire|joy|optimism|realization|neutral
3856,2,anger,0|1|4|5,admiration|amusement|approval|caring
3857,0|20,admiration|optimism,3|4|7|10|11|18|20|27,annoyance|approval|curiosity|disapproval|disgust|love|optimism|neutral
3858,27,neutral,1|4|5|6|8|14|25|26,amusement|approval|caring|confusion|desire|fear|sadness|surprise
3859,27,neutral,4|5|7|10|27,approval|caring|curiosity|disapproval|neutral
3860,3,annoyance,10|14|17|26,disapproval|fear|joy|surprise
3861,15|20,gratitude|optimism,2|7|10|17|27,anger|curiosity|disapproval|joy|neutral
3862,15,gratitude,4|6|15|22|23,approval|confusion|gratitude|realization|relief
3863,27,neutral,0|1|5|10|22|27,admiration|amusement|caring|disapproval|realization|neutral
3864,27,neutral,1|5|7|18|27,amusement|caring|curiosity|love|neutral
3865,27,neutral,2|4|5|14|15|17|25|27,anger|approval|caring|fear|gratitude|joy|sadness|neutral
3866,2,anger,1|4|7|13|15|18|20|27,amusement|approval|curiosity|excitement|gratitude|love|optimism|neutral
3867,27,neutral,0|1|2|5|6|13|18|20,admiration|amusement|anger|caring|confusion|excitement|love|optimism
3868,2,anger,6|10|11|14|25|26|27,confusion|disapproval|disgust|fear|sadness|surprise|neutral
3869,2,anger,3|5|7|9|17|18,annoyance|caring|curiosity|disappointment|joy|love
3870,27,neutral,1|2|4|6|8|9|10|11|15|20|24|25,amusement|anger|approval|confusion|desire|disappointment|disapproval|disgust|gratitude|optimism|remorse|sadness
3871,18,love,2|4|6|9|15|24|27,anger|approval|confusion|disappointment|gratitude|remorse|neutral
3872,15,gratitude,3|4|6|7|11|14|22|26|27,annoyance|approval|confusion|curiosity|disgust|fear|realization|surprise|neutral
3873,27,neutral,0|4|6|7|8|10|22,admiration|approval|confusion|curiosity|desire|disapproval|realization
3874,27,neutral,0|7|13|18|20|22,admiration|curiosity|excitement|love|optimism|realization
3875,27,neutral,0|8|10|14|17|18|20|22|24|27,admiration|desire|disapproval|fear|joy|love|optimism|realization|remorse|neutral
3876,27,neutral,0|5|18|20|22,admiration|caring|love|optimism|realization
3877,6,confusion,1|3|10|22|27,amusement|annoyance|disapproval|realization|neutral
3878,6,confusion,1|2|3|7|9|10|14|20|22|27,amusement|anger|annoyance|curiosity|disappointment|disapproval|fear|optimism|realization|neutral
3879,7,curiosity,0|1|3|4|10|20|25|27,admiration|amusement|annoyance|approval|disapproval|optimism|sadness|neutral
3880,2|20,anger|optimism,0|3|4|10|15|26,admiration|annoyance|approval|disapproval|gratitude|surprise
3881,6|22,confusion|realization,0|2|8|13|15|22,admiration|anger|desire|excitement|gratitude|realization
3882,10,disapproval,0|2|4|6|13|20|25,admiration|anger|approval|confusion|excitement|optimism|sadness
3883,27,neutral,0|3|5|9|13|17|27,admiration|annoyance|caring|disappointment|excitement|joy|neutral
3884,6,confusion,2|5|9|22|25|26|27,anger|caring|disappointment|realization|sadness|surprise|neutral
3885,27,neutral,3|4|6|17|18|22,annoyance|approval|confusion|joy|love|realization
3886,27,neutral,4|25|27,approval|sadness|neutral
3887,12,embarrassment,3|4|9|12|18|22|25|26,annoyance|approval|disappointment|embarrassment|love|realization|sadness|surprise
3888,7,curiosity,1|2|3|7|10|13|27,amusement|anger|annoyance|curiosity|disapproval|excitement|neutral
3889,27,neutral,0|1|3|11|20|26,admiration|amusement|annoyance|disgust|optimism|surprise
3890,9,disappointment,0|1|6|10|13|14|15|26|27,admiration|amusement|confusion|disapproval|excitement|fear|gratitude|surprise|neutral
3891,10,disapproval,15|20|22|27,gratitude|optimism|realization|neutral
3892,27,neutral,6|7|10|20|22,confusion|curiosity|disapproval|optimism|realization
3893,4|6|7,approval|confusion|curiosity,0|2|3|10|13|18|22|26|27,admiration|anger|annoyance|disapproval|excitement|love|realization|surprise|neutral
3894,4,approval,5|8|13|15|27,caring|desire|excitement|gratitude|neutral
3895,27,neutral,1|7|8|9|27,amusement|curiosity|desire|disappointment|neutral
3896,15,gratitude,0|3|5|9|11|25,admiration|annoyance|caring|disappointment|disgust|sadness
3897,7,curiosity,0|1|2|10|13|18|20|27,admiration|amusement|anger|disapproval|excitement|love|optimism|neutral
3898,4,approval,3|7|15|25,annoyance|curiosity|gratitude|sadness
3899,1,amusement,1|2|3|4|5|7|9|26,amusement|anger|annoyance|approval|caring|curiosity|disappointment|surprise
3900,4,approval,0|3|13|15|17|18|24|25,admiration|annoyance|excitement|gratitude|joy|love|remorse|sadness
3901,6,confusion,2|8|10|15|18|20|24|25|26|27,anger|desire|disapproval|gratitude|love|optimism|remorse|sadness|surprise|neutral
3902,27,neutral,1|2|3|5|14|25|26,amusement|anger|annoyance|caring|fear|sadness|surprise
3903,3|10,annoyance|disapproval,1|3|4|5|8|9|13|15|18|25,amusement|annoyance|approval|caring|desire|disappointment|excitement|gratitude|love|sadness
3904,0|15,admiration|gratitude,0|5|7|27,admiration|caring|curiosity|neutral
3905,27,neutral,1|3|4|14|20|24|26,amusement|annoyance|approval|fear|optimism|remorse|surprise
3906,1|18,amusement|love,8|9|10|15,desire|disappointment|disapproval|gratitude
3907,27,neutral,0|3|11|17|26|27,admiration|annoyance|disgust|joy|surprise|neutral
3908,7,curiosity,4|5|7|13|18|27,approval|caring|curiosity|excitement|love|neutral
3909,17,joy,2|6|7|9|10|17|27,anger|confusion|curiosity|disappointment|disapproval|joy|neutral
3910,5|27,caring|neutral,0|5|7|8,admiration|caring|curiosity|desire
3911,22,realization,0|1|2|8|9|10|18|24,admiration|amusement|anger|desire|disappointment|disapproval|love|remorse
3912,27,neutral,4|5|11|17|25|27,approval|caring|disgust|joy|sadness|neutral
3913,18,love,0|4|15|24|27,admiration|approval|gratitude|remorse|neutral
3914,15,gratitude,3|4|6|8|14|17|27,annoyance|approval|confusion|desire|fear|joy|neutral
3915,2|3,anger|annoyance,3|5|9|15|18,annoyance|caring|disappointment|gratitude|love
3916,2,anger,0|4|9|13|15|20|22,admiration|approval|disappointment|excitement|gratitude|optimism|realization
3917,7,curiosity,4|5|10|15|18|20|22|25,approval|caring|disapproval|gratitude|love|optimism|realization|sadness
3918,27,neutral,1|11|13|18|22,amusement|disgust|excitement|love|realization
3919,27,neutral,2|5|6|10|14|15|25|27,anger|caring|confusion|disapproval|fear|gratitude|sadness|neutral
3920,7,curiosity,3|4|7|10|25|27,annoyance|approval|curiosity|disapproval|sadness|neutral
3921,0,admiration,1|10|15|17|20|27,amusement|disapproval|gratitude|joy|optimism|neutral
3922,4,approval,2|4|5|15,anger|approval|caring|gratitude
3923,4,approval,1|6|10|11|14|15|17|20|26,amusement|confusion|disapproval|disgust|fear|gratitude|joy|optimism|surprise
3924,27,neutral,2|7|11|13|18|20|26|27,anger|curiosity|disgust|excitement|love|optimism|surprise|neutral
3925,27,neutral,1|2|4|5|7|26,amusement|anger|approval|caring|curiosity|surprise
3926,15|26,gratitude|surprise,1|2|3|7|10|20|22,amusement|anger|annoyance|curiosity|disapproval|optimism|realization
3927,2|3,anger|annoyance,0|1|4|5|18|20|24,admiration|amusement|approval|caring|love|optimism|remorse
3928,27,neutral,0|4|7|11|18|20,admiration|approval|curiosity|disgust|love|optimism
3929,15,gratitude,1|2|3|4|5|7|9|11|15|20|22|25|26,amusement|anger|annoyance|approval|caring|curiosity|disappointment|disgust|gratitude|optimism|realization|sadness|surprise
3930,10,disapproval,2|3|10|11|15|18,anger|annoyance|disapproval|disgust|gratitude|love
3931,2|3,anger|annoyance,2|5|6|7|9|10|17|20|25|27,anger|caring|confusion|curiosity|disappointment|disapproval|joy|optimism|sadness|neutral
3932,27,neutral,4|6|7|8|17|18|25|27,approval|confusion|curiosity|desire|joy|love|sadness|neutral
3933,0,admiration,1|2|3|8|20|26|27,amusement|anger|annoyance|desire|optimism|surprise|neutral
3934,5|24,caring|remorse,0|3|4|6|18|27,admiration|annoyance|approval|confusion|love|neutral
3935,27,neutral,0|20,admiration|optimism
3936,22|27,realization|neutral,1|9|15|22|25|26,amusement|disappointment|gratitude|realization|sadness|surprise
3937,27,neutral,1|11|15|17|22|27,amusement|disgust|gratitude|joy|realization|neutral
3938,22,realization,1|2|4|8|17|18,amusement|anger|approval|desire|joy|love
3939,26,surprise,0|3|7|15|22|25|27,admiration|annoyance|curiosity|gratitude|realization|sadness|neutral
3940,1,amusement,3|6|7|8|10|25|27,annoyance|confusion|curiosity|desire|disapproval|sadness|neutral
3941,3,annoyance,0|6|8|27,admiration|confusion|desire|neutral
3942,15,gratitude,3|5|17|26,annoyance|caring|joy|surprise
3943,3|10,annoyance|disapproval,4|5|10|15|20|24|25,approval|caring|disapproval|gratitude|optimism|remorse|sadness
3944,1|15,amusement|gratitude,4|10|11|20|25,approval|disapproval|disgust|optimism|sadness
3945,24,remorse,1|2|5|7|17|22|25,amusement|anger|caring|curiosity|joy|realization|sadness
3946,27,neutral,0|2|3|10|15|25,admiration|anger|annoyance|disapproval|gratitude|sadness
3947,27,neutral,0|4|5|7|17|24,admiration|approval|caring|curiosity|joy|remorse
3948,27,neutral,13|17|27,excitement|joy|neutral
3949,27,neutral,8|13|17|18|27,desire|excitement|joy|love|neutral
3950,4,approval,7|10|27,curiosity|disapproval|neutral
3951,27,neutral,5|6|15|27,caring|confusion|gratitude|neutral
3952,20,optimism,15|20|22|27,gratitude|optimism|realization|neutral
3953,27,neutral,0|2|4|15|25|26|27,admiration|anger|approval|gratitude|sadness|surprise|neutral
3954,18,love,2|5|13|15|24|26|27,anger|caring|excitement|gratitude|remorse|surprise|neutral
3955,25,sadness,2|20|26,anger|optimism|surprise
3956,25,sadness,3|6|9|10|11|14|18|20|26,annoyance|confusion|disappointment|disapproval|disgust|fear|love|optimism|surprise
3957,25,sadness,0|7|13|17|18|22,admiration|curiosity|excitement|joy|love|realization
3958,27,neutral,2|7|8|10|25|27,anger|curiosity|desire|disapproval|sadness|neutral
3959,4,approval,10|13|25,disapproval|excitement|sadness
3960,27,neutral,0|1|5|9|15|20|22,admiration|amusement|caring|disappointment|gratitude|optimism|realization
3961,1,amusement,0|4|10|18|27,admiration|approval|disapproval|love|neutral
3962,0,admiration,0|2|10|11|14|15|25,admiration|anger|disapproval|disgust|fear|gratitude|sadness
3963,15,gratitude,0|1|4|7|9|15|25,admiration|amusement|approval|curiosity|disappointment|gratitude|sadness
3964,18,love,0|4|15|17|27,admiration|approval|gratitude|joy|neutral
3965,27,neutral,5|15|18|26|27,caring|gratitude|love|surprise|neutral
3966,1,amusement,0|3|4|8|13|17|18|27,admiration|annoyance|approval|desire|excitement|joy|love|neutral
3967,1|2,amusement|anger,0|4|10|13|24,admiration|approval|disapproval|excitement|remorse
3968,3,annoyance,2|4|7|15|22,anger|approval|curiosity|gratitude|realization
3969,18,love,3|5|6|7|15|20|24|27,annoyance|caring|confusion|curiosity|gratitude|optimism|remorse|neutral
3970,27,neutral,4|18|22|27,approval|love|realization|neutral
3971,0,admiration,0|5|10|14|15|18|25,admiration|caring|disapproval|fear|gratitude|love|sadness
3972,0,admiration,4|27,approval|neutral
3973,27,neutral,1|4|18|20|22|26,amusement|approval|love|optimism|realization|surprise
3974,27,neutral,0|1|3|4|9|13|26,admiration|amusement|annoyance|approval|disappointment|excitement|surprise
3975,27,neutral,3|4|5|9|10|13|15,annoyance|approval|caring|disappointment|disapproval|excitement|gratitude
3976,8,desire,0|3|5|7|9|15|17|18|22|26,admiration|annoyance|caring|curiosity|disappointment|gratitude|joy|love|realization|surprise
3977,0,admiration,2|3|5|18|25,anger|annoyance|caring|love|sadness
3978,11,disgust,0|1|3|7|9|18|25|27,admiration|amusement|annoyance|curiosity|disappointment|love|sadness|neutral
3979,4,approval,1|4|6|13|14,amusement|approval|confusion|excitement|fear
3980,27,neutral,0|1|9|10|11|17|18|22|27,admiration|amusement|disappointment|disapproval|disgust|joy|love|realization|neutral
3981,3|25,annoyance|sadness,0|1|13|17|18,admiration|amusement|excitement|joy|love
3982,9,disappointment,2|3|6|15|20|22|26,anger|annoyance|confusion|gratitude|optimism|realization|surprise
3983,18,love,0|2|4|15,admiration|anger|approval|gratitude
3984,27,neutral,5|6|7|18|27,caring|confusion|curiosity|love|neutral
3985,27,neutral,4|6|15|26,approval|confusion|gratitude|surprise
3986,27,neutral,0|2|3|4|26|27,admiration|anger|annoyance|approval|surprise|neutral
3987,27,neutral,1|4|6|10|24,amusement|approval|confusion|disapproval|remorse
3988,26,surprise,4|10|11|17|25|27,approval|disapproval|disgust|joy|sadness|neutral
3989,27,neutral,0|5|6|9|10|12|15|22|27,admiration|caring|confusion|disappointment|disapproval|embarrassment|gratitude|realization|neutral
3990,27,neutral,1|4|17|26,amusement|approval|joy|surprise
3991,18,love,0|1|3|5|9|10|11|13|15|18,admiration|amusement|annoyance|caring|disappointment|disapproval|disgust|excitement|gratitude|love
3992,3|9|14,annoyance|disappointment|fear,0|2|7|9|10|11|15|27,admiration|anger|curiosity|disappointment|disapproval|disgust|gratitude|neutral
3993,7,curiosity,5|17|18|26|27,caring|joy|love|surprise|neutral
3994,3|22,annoyance|realization,0|3|4|9|18|20|22,admiration|annoyance|approval|disappointment|love|optimism|realization
3995,27,neutral,0|6|7|9|10|11|14|18|25,admiration|confusion|curiosity|disappointment|disapproval|disgust|fear|love|sadness
3996,1,amusement,3|4|5|20|22|24|26|27,annoyance|approval|caring|optimism|realization|remorse|surprise|neutral
3997,5,caring,1|2|5|6|7|22|27,amusement|anger|caring|confusion|curiosity|realization|neutral
3998,2|3,anger|annoyance,0|7|10|14|18|20|25,admiration|curiosity|disapproval|fear|love|optimism|sadness
3999,1|27,amusement|neutral,3|8|25|27,annoyance|desire|sadness|neutral
4000,5,caring,4|6|13|18|20|24|25,approval|confusion|excitement|love|optimism|remorse|sadness
4001,26,surprise,9|10|13|15|18|27,disappointment|disapproval|excitement|gratitude|love|neutral
4002,27,neutral,0|10|17|20|22|27,admiration|disapproval|joy|optimism|realization|neutral
4003,1,amusement,5|6|15|18|26|27,caring|confusion|gratitude|love|surprise|neutral
4004,27,neutral,0|4|10|11|20|22,admiration|approval|disapproval|disgust|optimism|realization
4005,27,neutral,0|4|6|15|20|27,admiration|approval|confusion|gratitude|optimism|neutral
4006,1,amusement,0|3|12|14|17|20|27,admiration|annoyance|embarrassment|fear|joy|optimism|neutral
4007,27,neutral,2|5|9|14|20,anger|caring|disappointment|fear|optimism
4008,27,neutral,2|4|7|9|17,anger|approval|curiosity|disappointment|joy
4009,27,neutral,4|6|20|27,approval|confusion|optimism|neutral
4010,20|25,optimism|sadness,0|3|7|20|26|27,admiration|annoyance|curiosity|optimism|surprise|neutral
4011,4|20,approval|optimism,3|25|27,annoyance|sadness|neutral
4012,10,disapproval,1|2|6|7|11|15|24|27,amusement|anger|confusion|curiosity|disgust|gratitude|remorse|neutral
4013,10,disapproval,2|6|10|11|18|20,anger|confusion|disapproval|disgust|love|optimism
4014,6,confusion,3|4|14|20|22|26|27,annoyance|approval|fear|optimism|realization|surprise|neutral
4015,10,disapproval,6|11|18|20|24|27,confusion|disgust|love|optimism|remorse|neutral
4016,10|11,disapproval|disgust,3|10|15|20|22|26,annoyance|disapproval|gratitude|optimism|realization|surprise
4017,26,surprise,2|4|10|11|24,anger|approval|disapproval|disgust|remorse
4018,4,approval,0|2|13|17|20|22|27,admiration|anger|excitement|joy|optimism|realization|neutral
4019,27,neutral,0|15|26|27,admiration|gratitude|surprise|neutral
4020,0,admiration,1|2|6|8|17|20|27,amusement|anger|confusion|desire|joy|optimism|neutral
4021,24,remorse,4|7|10|12|20|25,approval|curiosity|disapproval|embarrassment|optimism|sadness
4022,5|19,caring|nervousness,1|2|7|15|25|27,amusement|anger|curiosity|gratitude|sadness|neutral
4023,0|18,admiration|love,4|7|13|24,approval|curiosity|excitement|remorse
4024,10,disapproval,1|7|8|15|18|26|27,amusement|curiosity|desire|gratitude|love|surprise|neutral
4025,7,curiosity,0|1|2|4|8|9|11|17|26,admiration|amusement|anger|approval|desire|disappointment|disgust|joy|surprise
4026,27,neutral,1|2|4|5|7|18|26|27,amusement|anger|approval|caring|curiosity|love|surprise|neutral
4027,27,neutral,4|15,approval|gratitude
4028,11,disgust,7|10|11|18|22|25|27,curiosity|disapproval|disgust|love|realization|sadness|neutral
4029,22,realization,3|6|7|8|17|18|22|25|27,annoyance|confusion|curiosity|desire|joy|love|realization|sadness|neutral
4030,8,desire,2|9|10|11|15|17|18,anger|disappointment|disapproval|disgust|gratitude|joy|love
4031,18,love,9|17|18|24|27,disappointment|joy|love|remorse|neutral
4032,11,disgust,1|14|25|27,amusement|fear|sadness|neutral
4033,14,fear,1|2|5|6|18|20,amusement|anger|caring|confusion|love|optimism
4034,1|17,amusement|joy,1|3|4|7|8|17|18,amusement|annoyance|approval|curiosity|desire|joy|love
4035,15,gratitude,2|7|10|18|26|27,anger|curiosity|disapproval|love|surprise|neutral
4036,27,neutral,8|11|15|17|21|27,desire|disgust|gratitude|joy|pride|neutral
4037,27,neutral,2|5|13|24|27,anger|caring|excitement|remorse|neutral
4038,10,disapproval,0|1|6|7|8|18|22|26,admiration|amusement|confusion|curiosity|desire|love|realization|surprise
4039,27,neutral,1|4|13|15|17,amusement|approval|excitement|gratitude|joy
4040,25,sadness,1|7|10|20|25,amusement|curiosity|disapproval|optimism|sadness
4041,27,neutral,1|4|10|11|17|18|22|27,amusement|approval|disapproval|disgust|joy|love|realization|neutral
4042,10,disapproval,1|2|5|6|7|27,amusement|anger|caring|confusion|curiosity|neutral
4043,27,neutral,0|4|8|9|10|18|25,admiration|approval|desire|disappointment|disapproval|love|sadness
4044,9,disappointment,1|3|6|7|13|14|15,amusement|annoyance|confusion|curiosity|excitement|fear|gratitude
4045,9,disappointment,4|6|22|25|27,approval|confusion|realization|sadness|neutral
4046,18,love,2|5|6|7|25|27,anger|caring|confusion|curiosity|sadness|neutral
4047,27,neutral,1|9|10|22|26,amusement|disappointment|disapproval|realization|surprise
4048,6,confusion,1|6|7|10|17,amusement|confusion|curiosity|disapproval|joy
4049,27,neutral,0|1|3|6|20,admiration|amusement|annoyance|confusion|optimism
4050,5,caring,1|5|9|24,amusement|caring|disappointment|remorse
4051,2|3,anger|annoyance,4|7|9|13|18|19|26,approval|curiosity|disappointment|excitement|love|nervousness|surprise
4052,27,neutral,1|2|3|4|6|7|8|9|13|15|17|18|22,amusement|anger|annoyance|approval|confusion|curiosity|desire|disappointment|excitement|gratitude|joy|love|realization
4053,27,neutral,0|5|8|12|20|22|25|26,admiration|caring|desire|embarrassment|optimism|realization|sadness|surprise
4054,7,curiosity,0|1|3|6|9|20|22,admiration|amusement|annoyance|confusion|disappointment|optimism|realization
4055,27,neutral,0|4|5|6|15|17,admiration|approval|caring|confusion|gratitude|joy
4056,27,neutral,0|1|18|22|26|27,admiration|amusement|love|realization|surprise|neutral
4057,27,neutral,2|7|8|9|11|25|26,anger|curiosity|desire|disappointment|disgust|sadness|surprise
4058,14|19,fear|nervousness,4|6|15|20|25,approval|confusion|gratitude|optimism|sadness
4059,27,neutral,1|6|10|11|15|17|18|27,amusement|confusion|disapproval|disgust|gratitude|joy|love|neutral
4060,4|22,approval|realization,0|1|2|7|10|13|26|27,admiration|amusement|anger|curiosity|disapproval|excitement|surprise|neutral
4061,3,annoyance,2|3|6|8|10|24|25,anger|annoyance|confusion|desire|disapproval|remorse|sadness
4062,18,love,2|3|7|17|18|20,anger|annoyance|curiosity|joy|love|optimism
4063,10,disapproval,0|2|4|14|20|24,admiration|anger|approval|fear|optimism|remorse
4064,18,love,0|3|6|13|17|27,admiration|annoyance|confusion|excitement|joy|neutral
4065,27,neutral,0|2|4|9|18|20|22,admiration|anger|approval|disappointment|love|optimism|realization
4066,27,neutral,1|4|9|18|25|27,amusement|approval|disappointment|love|sadness|neutral
4067,9,disappointment,3|4|6|15|18|22|25,annoyance|approval|confusion|gratitude|love|realization|sadness
4068,27,neutral,5|6|7|9|11|15,caring|confusion|curiosity|disappointment|disgust|gratitude
4069,4,approval,3|5|6|7|20,annoyance|caring|confusion|curiosity|optimism
4070,4,approval,3|10|26|27,annoyance|disapproval|surprise|neutral
4071,4|27,approval|neutral,0|1|2|5|7|10|17|18|22,admiration|amusement|anger|caring|curiosity|disapproval|joy|love|realization
4072,26,surprise,0|1|2|9|10|13|27,admiration|amusement|anger|disappointment|disapproval|excitement|neutral
4073,27,neutral,2|13|27,anger|excitement|neutral
4074,27,neutral,1|2|3|6|14|26|27,amusement|anger|annoyance|confusion|fear|surprise|neutral
4075,27,neutral,15|18|19|25|27,gratitude|love|nervousness|sadness|neutral
4076,27,neutral,0|3|9|15,admiration|annoyance|disappointment|gratitude
4077,0,admiration,0|3|4|7|9|10|17|18|27,admiration|annoyance|approval|curiosity|disappointment|disapproval|joy|love|neutral
4078,4,approval,3|5|9|11|15|19|27,annoyance|caring|disappointment|disgust|gratitude|nervousness|neutral
4079,3,annoyance,2|4|15|17|26|27,anger|approval|gratitude|joy|surprise|neutral
4080,27,neutral,0|3|18|20|24|27,admiration|annoyance|love|optimism|remorse|neutral
4081,1,amusement,0|2|4|9|13|15|17|20,admiration|anger|approval|disappointment|excitement|gratitude|joy|optimism
4082,27,neutral,6|25,confusion|sadness
4083,10,disapproval,1|2|3|9|18|26,amusement|anger|annoyance|disappointment|love|surprise
4084,27,neutral,2|10|27,anger|disapproval|neutral
4085,22,realization,3|4|7|10|11|20|26,annoyance|approval|curiosity|disapproval|disgust|optimism|surprise
4086,27,neutral,3|6|7|9|10|15|18|20,annoyance|confusion|curiosity|disappointment|disapproval|gratitude|love|optimism
4087,7,curiosity,0|4|8|17|18,admiration|approval|desire|joy|love
4088,9,disappointment,0|2|7|11|13|15|22|25,admiration|anger|curiosity|disgust|excitement|gratitude|realization|sadness
4089,24,remorse,1|5|11|15|27,amusement|caring|disgust|gratitude|neutral
4090,0,admiration,1|4|15|25|26|27,amusement|approval|gratitude|sadness|surprise|neutral
4091,9,disappointment,0|1|3|22|27,admiration|amusement|annoyance|realization|neutral
4092,4|8,approval|desire,1|20|27,amusement|optimism|neutral
4093,27,neutral,0|1|2|3|4|13|25,admiration|amusement|anger|annoyance|approval|excitement|sadness
4094,27,neutral,3|4|17|20|25,annoyance|approval|joy|optimism|sadness
4095,9|10,disappointment|disapproval,0|1|6|7|10|22|25,admiration|amusement|confusion|curiosity|disapproval|realization|sadness
4096,2|3,anger|annoyance,3|6|18|25|27,annoyance|confusion|love|sadness|neutral
4097,3,annoyance,4|6|7|13|15|25,approval|confusion|curiosity|excitement|gratitude|sadness
4098,5,caring,4|6|7|9|18|26,approval|confusion|curiosity|disappointment|love|surprise
4099,27,neutral,0|2|4|8|9|15|25,admiration|anger|approval|desire|disappointment|gratitude|sadness
4100,3,annoyance,0|2|4|6|9|10|11|24|25|26,admiration|anger|approval|confusion|disappointment|disapproval|disgust|remorse|sadness|surprise
4101,6,confusion,4|7|8|15|17|19|27,approval|curiosity|desire|gratitude|joy|nervousness|neutral
4102,2,anger,5|9|10|11|13|22|24,caring|disappointment|disapproval|disgust|excitement|realization|remorse
4103,27,neutral,3|4|7|9|10|15|20|22,annoyance|approval|curiosity|disappointment|disapproval|gratitude|optimism|realization
4104,3,annoyance,0|2|3|5|9|10|11|18|22,admiration|anger|annoyance|caring|disappointment|disapproval|disgust|love|realization
4105,8|20,desire|optimism,1|4|7|8|11|12|15|24|27,amusement|approval|curiosity|desire|disgust|embarrassment|gratitude|remorse|neutral
4106,14,fear,2|3|4|6|11|25|26,anger|annoyance|approval|confusion|disgust|sadness|surprise
4107,26,surprise,2|6|7|10|11|14|18|27,anger|confusion|curiosity|disapproval|disgust|fear|love|neutral
4108,27,neutral,0|1|3|6|11|18|20,admiration|amusement|annoyance|confusion|disgust|love|optimism
4109,10,disapproval,1|5|6|9|15|20|27,amusement|caring|confusion|disappointment|gratitude|optimism|neutral
4110,9,disappointment,0|6|7|10|15|18|22|26,admiration|confusion|curiosity|disapproval|gratitude|love|realization|surprise
4111,27,neutral,0|11|20|26|27,admiration|disgust|optimism|surprise|neutral
4112,27,neutral,0|1|2|15|20|25|27,admiration|amusement|anger|gratitude|optimism|sadness|neutral
4113,1,amusement,1|3|4|6|13|27,amusement|annoyance|approval|confusion|excitement|neutral
4114,18,love,0|3|4|8|10|14|20|22,admiration|annoyance|approval|desire|disapproval|fear|optimism|realization
4115,5,caring,1|2|3|6|8|9|13|15|18|22,amusement|anger|annoyance|confusion|desire|disappointment|excitement|gratitude|love|realization
4116,27,neutral,2|3|6|9|10|15|22,anger|annoyance|confusion|disappointment|disapproval|gratitude|realization
4117,27,neutral,0|5|7|10|17|18|22,admiration|caring|curiosity|disapproval|joy|love|realization
4118,17,joy,0|1|4|6|7|11|15|25|26,admiration|amusement|approval|confusion|curiosity|disgust|gratitude|sadness|surprise
4119,8|22,desire|realization,0|2|3|4|8|10|27,admiration|anger|annoyance|approval|desire|disapproval|neutral
4120,0,admiration,0|2|15|18|24,admiration|anger|gratitude|love|remorse
4121,9,disappointment,2|4|6|8|13|20|27,anger|approval|confusion|desire|excitement|optimism|neutral
4122,10,disapproval,3|4|5|10|11|22|26,annoyance|approval|caring|disapproval|disgust|realization|surprise
4123,1,amusement,2|6|7|9|15|17|18|20|25|27,anger|confusion|curiosity|disappointment|gratitude|joy|love|optimism|sadness|neutral
4124,27,neutral,3|9|11|13|25,annoyance|disappointment|disgust|excitement|sadness
4125,2|11,anger|disgust,3|15|26,annoyance|gratitude|surprise
4126,4|7,approval|curiosity,0|1|4|9|18|20|22,admiration|amusement|approval|disappointment|love|optimism|realization
4127,1|27,amusement|neutral,4|5|7|14|17|20|27,approval|caring|curiosity|fear|joy|optimism|neutral
4128,27,neutral,0|5|18|27,admiration|caring|love|neutral
4129,27,neutral,0|1|4|20|22|27,admiration|amusement|approval|optimism|realization|neutral
4130,20,optimism,0|2|4|8|15|20|27,admiration|anger|approval|desire|gratitude|optimism|neutral
4131,0|18,admiration|love,0|1|10|22|25|27,admiration|amusement|disapproval|realization|sadness|neutral
4132,4,approval,11|13|15|18|23|25|26|27,disgust|excitement|gratitude|love|relief|sadness|surprise|neutral
4133,7,curiosity,0|1|4|6|13|18|27,admiration|amusement|approval|confusion|excitement|love|neutral
4134,0,admiration,0|1|7|25|27,admiration|amusement|curiosity|sadness|neutral
4135,1|7,amusement|curiosity,1|3|5|10|17|18|25,amusement|annoyance|caring|disapproval|joy|love|sadness
4136,15,gratitude,0|2|5|9|15|17|20|22|26|27,admiration|anger|caring|disappointment|gratitude|joy|optimism|realization|surprise|neutral
4137,0,admiration,1|4|5|6|7|10|14|17|26,amusement|approval|caring|confusion|curiosity|disapproval|fear|joy|surprise
4138,0|17,admiration|joy,1|2|3|7|13|14|18|22|27,amusement|anger|annoyance|curiosity|excitement|fear|love|realization|neutral
4139,9,disappointment,4|5|13|14|18|20|21|26,approval|caring|excitement|fear|love|optimism|pride|surprise
4140,27,neutral,3|4|7|11|12|15|24,annoyance|approval|curiosity|disgust|embarrassment|gratitude|remorse
4141,0|20,admiration|optimism,2|6|8|11|17|18|20|27,anger|confusion|desire|disgust|joy|love|optimism|neutral
4142,27,neutral,3|4|17|25|26|27,annoyance|approval|joy|sadness|surprise|neutral
4143,2,anger,9|10|13|27,disappointment|disapproval|excitement|neutral
4144,18,love,1|4|5|7|8|9|15|17|18|20|22,amusement|approval|caring|curiosity|desire|disappointment|gratitude|joy|love|optimism|realization
4145,27,neutral,1|2|8|15|17|20|25|26,amusement|anger|desire|gratitude|joy|optimism|sadness|surprise
4146,17|27,joy|neutral,0|2|7|10|12|15|25,admiration|anger|curiosity|disapproval|embarrassment|gratitude|sadness
4147,1|11,amusement|disgust,5|6|9|20|22|25|27,caring|confusion|disappointment|optimism|realization|sadness|neutral
4148,15,gratitude,0|6|8|10|25,admiration|confusion|desire|disapproval|sadness
4149,27,neutral,0|2|3|4|5|7|11,admiration|anger|annoyance|approval|caring|curiosity|disgust
4150,27,neutral,0|8|15|17|20,admiration|desire|gratitude|joy|optimism
4151,17,joy,3|6|9|13|20|24,annoyance|confusion|disappointment|excitement|optimism|remorse
4152,27,neutral,0|1|22|25|27,admiration|amusement|realization|sadness|neutral
4153,27,neutral,3|4|5|7|10|11|14|22|25|27,annoyance|approval|caring|curiosity|disapproval|disgust|fear|realization|sadness|neutral
4154,17,joy,1|5|6|8|9|17|20,amusement|caring|confusion|desire|disappointment|joy|optimism
4155,15,gratitude,1|2|3|7|10|15|22|26,amusement|anger|annoyance|curiosity|disapproval|gratitude|realization|surprise
4156,4|20,approval|optimism,0|2|3|5|8|10|15|17,admiration|anger|annoyance|caring|desire|disapproval|gratitude|joy
4157,4,approval,4|5|6|7|10|11|22|24,approval|caring|confusion|curiosity|disapproval|disgust|realization|remorse
4158,27,neutral,1|4|6|7|10|13|14|18|20|22,amusement|approval|confusion|curiosity|disapproval|excitement|fear|love|optimism|realization
4159,6,confusion,0|5|8|20|25,admiration|caring|desire|optimism|sadness
4160,3,annoyance,0|3|9|27,admiration|annoyance|disappointment|neutral
4161,25,sadness,4|10|25,approval|disapproval|sadness
4162,26,surprise,4|7|13|18|26,approval|curiosity|excitement|love|surprise
4163,20,optimism,2|4|8|10|17|18|27,anger|approval|desire|disapproval|joy|love|neutral
4164,27,neutral,1|3|4|15|27,amusement|annoyance|approval|gratitude|neutral
4165,5|20|24,caring|optimism|remorse,1|2|7|9|10|18|20|25|26,amusement|anger|curiosity|disappointment|disapproval|love|optimism|sadness|surprise
4166,2,anger,0|3|5|6|7|9|14,admiration|annoyance|caring|confusion|curiosity|disappointment|fear
4167,2|3,anger|annoyance,5|7|25,caring|curiosity|sadness
4168,22,realization,5|9|15|20|22|25|27,caring|disappointment|gratitude|optimism|realization|sadness|neutral
4169,4,approval,0|1|2|7|10|11|12|15|22|27,admiration|amusement|anger|curiosity|disapproval|disgust|embarrassment|gratitude|realization|neutral
4170,1,amusement,2|4|27,anger|approval|neutral
4171,0|4|17,admiration|approval|joy,1|3|4|13|20|22|27,amusement|annoyance|approval|excitement|optimism|realization|neutral
4172,0,admiration,0|5|10|18|22|27,admiration|caring|disapproval|love|realization|neutral
4173,1,amusement,1|4|7|9|13|17|18|20|27,amusement|approval|curiosity|disappointment|excitement|joy|love|optimism|neutral
4174,27,neutral,6|7|11|14|15|26,confusion|curiosity|disgust|fear|gratitude|surprise
4175,27,neutral,17|22|24|27,joy|realization|remorse|neutral
4176,2,anger,1|5|7|27,amusement|caring|curiosity|neutral
4177,26,surprise,2|4|6|13|15|17|24|27,anger|approval|confusion|excitement|gratitude|joy|remorse|neutral
4178,0|7,admiration|curiosity,0|3|11|17|18|25|27,admiration|annoyance|disgust|joy|love|sadness|neutral
4179,1|5|18,amusement|caring|love,0|3|6|10|17|20|26|27,admiration|annoyance|confusion|disapproval|joy|optimism|surprise|neutral
4180,3,annoyance,0|1|2|9|15|17|22|25|27,admiration|amusement|anger|disappointment|gratitude|joy|realization|sadness|neutral
4181,27,neutral,0|1|10|11|13|27,admiration|amusement|disapproval|disgust|excitement|neutral
4182,27,neutral,0|5|7|8|9|13|14|18|20|26|27,admiration|caring|curiosity|desire|disappointment|excitement|fear|love|optimism|surprise|neutral
4183,27,neutral,0|7|10|11|15|20,admiration|curiosity|disapproval|disgust|gratitude|optimism
4184,22,realization,7|8|13|18|20,curiosity|desire|excitement|love|optimism
4185,6,confusion,3|4|10|17|27,annoyance|approval|disapproval|joy|neutral
4186,24,remorse,1|2|5|6|7|9|11|12|17|26|27,amusement|anger|caring|confusion|curiosity|disappointment|disgust|embarrassment|joy|surprise|neutral
4187,9|25,disappointment|sadness,1|3|4|11|14|22|27,amusement|annoyance|approval|disgust|fear|realization|neutral
4188,27,neutral,0|1|2|17|18|20|27,admiration|amusement|anger|joy|love|optimism|neutral
4189,27,neutral,10|12|18|22|27,disapproval|embarrassment|love|realization|neutral
4190,18,love,0|5|7|8|9|10|15|22|24|27,admiration|caring|curiosity|desire|disappointment|disapproval|gratitude|realization|remorse|neutral
4191,10,disapproval,2|4|15|17|27,anger|approval|gratitude|joy|neutral
4192,25,sadness,10|11|15|17|26|27,disapproval|disgust|gratitude|joy|surprise|neutral
4193,6,confusion,3|6|22|27,annoyance|confusion|realization|neutral
4194,27,neutral,2|4|5|6|7|9|13|20|26,anger|approval|caring|confusion|curiosity|disappointment|excitement|optimism|surprise
4195,27,neutral,3|7|10|14|18|25|27,annoyance|curiosity|disapproval|fear|love|sadness|neutral
4196,4,approval,0|6|9|15|27,admiration|confusion|disappointment|gratitude|neutral
4197,5,caring,1|6|27,amusement|confusion|neutral
4198,6|7,confusion|curiosity,0|1|2|27,admiration|amusement|anger|neutral
4199,27,neutral,0|9|13|15|17|27,admiration|disappointment|excitement|gratitude|joy|neutral
4200,0,admiration,1|3|4|8|10|25,amusement|annoyance|approval|desire|disapproval|sadness
4201,0,admiration,0|7|9|10|20|21,admiration|curiosity|disappointment|disapproval|optimism|pride
4202,13|17,excitement|joy,0|1|3|4|13,admiration|amusement|annoyance|approval|excitement
4203,7,curiosity,4|17|24|25|26|27,approval|joy|remorse|sadness|surprise|neutral
4204,8,desire,1|4|5|17,amusement|approval|caring|joy
4205,10|27,disapproval|neutral,1|3|6|17|18|27,amusement|annoyance|confusion|joy|love|neutral
4206,4|26,approval|surprise,2|5|9|14|17|20|27,anger|caring|disappointment|fear|joy|optimism|neutral
4207,1,amusement,0|3|8|12|17|20,admiration|annoyance|desire|embarrassment|joy|optimism
4208,27,neutral,0|1|4|14|17|18|27,admiration|amusement|approval|fear|joy|love|neutral
4209,0,admiration,1|7|10|18|27,amusement|curiosity|disapproval|love|neutral
4210,20,optimism,0|1|4|6|7|11|20|26|27,admiration|amusement|approval|confusion|curiosity|disgust|optimism|surprise|neutral
4211,0,admiration,4|8|9|24|26|27,approval|desire|disappointment|remorse|surprise|neutral
4212,0,admiration,3|4|7|8|27,annoyance|approval|curiosity|desire|neutral
4213,27,neutral,0|7|11|15|18|22|27,admiration|curiosity|disgust|gratitude|love|realization|neutral
4214,10,disapproval,3|8|11|18|27,annoyance|desire|disgust|love|neutral
4215,15,gratitude,2|3|4|9|10|20,anger|annoyance|approval|disappointment|disapproval|optimism
4216,27,neutral,0|4|7|17,admiration|approval|curiosity|joy
4217,3,annoyance,0|5|6|9|14|17|24,admiration|caring|confusion|disappointment|fear|joy|remorse
4218,3,annoyance,0|2|5|9|10|14|18|22|26,admiration|anger|caring|disappointment|disapproval|fear|love|realization|surprise
4219,26,surprise,0|2|7|24|27,admiration|anger|curiosity|remorse|neutral
4220,27,neutral,0|1|6|9|10|27,admiration|amusement|confusion|disappointment|disapproval|neutral
4221,26,surprise,1|3|4|5|6|8|9|13|20|22|26,amusement|annoyance|approval|caring|confusion|desire|disappointment|excitement|optimism|realization|surprise
4222,27,neutral,4|5|25|27,approval|caring|sadness|neutral
4223,27,neutral,0|9|18|22|25|26|27,admiration|disappointment|love|realization|sadness|surprise|neutral
4224,27,neutral,0|2|11|15|17|18|27,admiration|anger|disgust|gratitude|joy|love|neutral
4225,27,neutral,0|1|3|15|27,admiration|amusement|annoyance|gratitude|neutral
4226,17,joy,1|6|7|9|10|14|25|26,amusement|confusion|curiosity|disappointment|disapproval|fear|sadness|surprise
4227,0|4,admiration|approval,0|3|9|17|23,admiration|annoyance|disappointment|joy|relief
4228,1,amusement,4|7|27,approval|curiosity|neutral
4229,27,neutral,0|3|8|11|18|22|24,admiration|annoyance|desire|disgust|love|realization|remorse
4230,27,neutral,3|4|10|18,annoyance|approval|disapproval|love
4231,7,curiosity,0|4|7|15|17|18|25,admiration|approval|curiosity|gratitude|joy|love|sadness
4232,27,neutral,3|4|7|17|18,annoyance|approval|curiosity|joy|love
4233,15,gratitude,1|6|7|14|22|26|27,amusement|confusion|curiosity|fear|realization|surprise|neutral
4234,18,love,0|1|7|10|15|27,admiration|amusement|curiosity|disapproval|gratitude|neutral
4235,0,admiration,4|5|10|13|20|22|23,approval|caring|disapproval|excitement|optimism|realization|relief
4236,27,neutral,0|10|15|17|20|27,admiration|disapproval|gratitude|joy|optimism|neutral
4237,4,approval,1|3|7|10|13|17|18|22|26,amusement|annoyance|curiosity|disapproval|excitement|joy|love|realization|surprise
4238,27,neutral,0|1|4|10|13|17,admiration|amusement|approval|disapproval|excitement|joy
4239,0|4|18,admiration|approval|love,0|4|5|9|13|24|26,admiration|approval|caring|disappointment|excitement|remorse|surprise
4240,3,annoyance,1|2|5|8|10|25|27,amusement|anger|caring|desire|disapproval|sadness|neutral
4241,25,sadness,0|1|2|3|4|10|17,admiration|amusement|anger|annoyance|approval|disapproval|joy
4242,0|27,admiration|neutral,0|7|10|27,admiration|curiosity|disapproval|neutral
4243,27,neutral,0|1|4|6|15|17|18|24|25|27,admiration|amusement|approval|confusion|gratitude|joy|love|remorse|sadness|neutral
4244,27,neutral,0|2|6|7|9|14|18,admiration|anger|confusion|curiosity|disappointment|fear|love
4245,27,neutral,1|3|10|15|18|22|24|25|27,amusement|annoyance|disapproval|gratitude|love|realization|remorse|sadness|neutral
4246,9,disappointment,0|6|7|14|27,admiration|confusion|curiosity|fear|neutral
4247,12,embarrassment,0|1|4|7|9|10|13|17|24|25,admiration|amusement|approval|curiosity|disappointment|disapproval|excitement|joy|remorse|sadness
4248,27,neutral,2|3|5|11|14|15|18|22|24,anger|annoyance|caring|disgust|fear|gratitude|love|realization|remorse
4249,8,desire,4|5|10|11|18,approval|caring|disapproval|disgust|love
4250,5,caring,4|13|15|18,approval|excitement|gratitude|love
4251,14,fear,0|1|2|4|7|9|11|24,admiration|amusement|anger|approval|curiosity|disappointment|disgust|remorse
4252,27,neutral,0|4|5|6|10|22,admiration|approval|caring|confusion|disapproval|realization
4253,0,admiration,2|4|5|8|11|24|25|26|27,anger|approval|caring|desire|disgust|remorse|sadness|surprise|neutral
4254,0,admiration,3|4|10|18|25|27,annoyance|approval|disapproval|love|sadness|neutral
4255,27,neutral,0|1|10|15|26,admiration|amusement|disapproval|gratitude|surprise
4256,27,neutral,0|1|5|7|8|25,admiration|amusement|caring|curiosity|desire|sadness
4257,1|17,amusement|joy,4|15|18|20,approval|gratitude|love|optimism
4258,27,neutral,0|1|2|3|5|8|9|18|20|25,admiration|amusement|anger|annoyance|caring|desire|disappointment|love|optimism|sadness
4259,20,optimism,0|1|2|3|6|7|10|11|22,admiration|amusement|anger|annoyance|confusion|curiosity|disapproval|disgust|realization
4260,27,neutral,3|5|10|15|26,annoyance|caring|disapproval|gratitude|surprise
4261,19,nervousness,0|1|3|15|18|22|25,admiration|amusement|annoyance|gratitude|love|realization|sadness
4262,4,approval,4|10|17|20|26|27,approval|disapproval|joy|optimism|surprise|neutral
4263,27,neutral,5|6|7|8|10|11|14|25,caring|confusion|curiosity|desire|disapproval|disgust|fear|sadness
4264,4,approval,2|6|7|10|12|27,anger|confusion|curiosity|disapproval|embarrassment|neutral
4265,27,neutral,2|7|10|11|18|20|27,anger|curiosity|disapproval|disgust|love|optimism|neutral
4266,27,neutral,1|3|7|11|20|26,amusement|annoyance|curiosity|disgust|optimism|surprise
4267,0,admiration,4|6|7|18|27,approval|confusion|curiosity|love|neutral
4268,3,annoyance,1|4|5|6|10|20|22|27,amusement|approval|caring|confusion|disapproval|optimism|realization|neutral
4269,9,disappointment,0|1|3|17|18|25,admiration|amusement|annoyance|joy|love|sadness
4270,27,neutral,5|20|27,caring|optimism|neutral
4271,7|27,curiosity|neutral,0|3|6|7|10|26|27,admiration|annoyance|confusion|curiosity|disapproval|surprise|neutral
4272,15,gratitude,4|10|11|13|18|22|26,approval|disapproval|disgust|excitement|love|realization|surprise
4273,4,approval,1|2|4|11|14|18,amusement|anger|approval|disgust|fear|love
4274,27,neutral,2|8|9|17|20,anger|desire|disappointment|joy|optimism
4275,27,neutral,7|22|25|27,curiosity|realization|sadness|neutral
4276,7|27,curiosity|neutral,0|3|7|11|18,admiration|annoyance|curiosity|disgust|love
4277,15,gratitude,4|6|7|20,approval|confusion|curiosity|optimism
4278,0|15,admiration|gratitude,1|6|13|14|20|25|27,amusement|confusion|excitement|fear|optimism|sadness|neutral
4279,27,neutral,5|6|7|14|17|20|25,caring|confusion|curiosity|fear|joy|optimism|sadness
4280,27,neutral,2|3|10|17|26,anger|annoyance|disapproval|joy|surprise
4281,27,neutral,1|3|9|17|25|27,amusement|annoyance|disappointment|joy|sadness|neutral
4282,1,amusement,2|3|4|6|13|26|27,anger|annoyance|approval|confusion|excitement|surprise|neutral
4283,4,approval,4|7|8|10|11|15|20|26,approval|curiosity|desire|disapproval|disgust|gratitude|optimism|surprise
4284,17,joy,1|3|7|10|11|12|15|26,amusement|annoyance|curiosity|disapproval|disgust|embarrassment|gratitude|surprise
4285,6,confusion,1|3|4|13|20|26,amusement|annoyance|approval|excitement|optimism|surprise
4286,2,anger,1|3|4|10|14|18|27,amusement|annoyance|approval|disapproval|fear|love|neutral
4287,0|4,admiration|approval,4|13|18|22|23|27,approval|excitement|love|realization|relief|neutral
4288,7,curiosity,4|18|27,approval|love|neutral
4289,0|4,admiration|approval,1|2|5|6|7|10|20|27,amusement|anger|caring|confusion|curiosity|disapproval|optimism|neutral
4290,13,excitement,2|4|6|20|26|27,anger|approval|confusion|optimism|surprise|neutral
4291,27,neutral,1|3|10|15|20,amusement|annoyance|disapproval|gratitude|optimism
4292,3,annoyance,0|7|9|17|25|27,admiration|curiosity|disappointment|joy|sadness|neutral
4293,0,admiration,2|8|9|27,anger|desire|disappointment|neutral
4294,27,neutral,0|6|7|8|18|25|27,admiration|confusion|curiosity|desire|love|sadness|neutral
4295,18,love,0|2|7|17|20,admiration|anger|curiosity|joy|optimism
4296,27,neutral,2|3|5|9|10|14|17|25|27,anger|annoyance|caring|disappointment|disapproval|fear|joy|sadness|neutral
4297,9|12,disappointment|embarrassment,1|3|6|7|9|11|15,amusement|annoyance|confusion|curiosity|disappointment|disgust|gratitude
4298,3,annoyance,0|2|3|5|7|11|16|20|22|25,admiration|anger|annoyance|caring|curiosity|disgust|grief|optimism|realization|sadness
4299,14,fear,0|2|3|4|8|27,admiration|anger|annoyance|approval|desire|neutral
4300,5,caring,1|4|10|18|20|24|27,amusement|approval|disapproval|love|optimism|remorse|neutral
4301,0,admiration,1|4|6|15|18|25|26|27,amusement|approval|confusion|gratitude|love|sadness|surprise|neutral
4302,0,admiration,0|3|5|14|18,admiration|annoyance|caring|fear|love
4303,15,gratitude,1|3|10|15|18|20,amusement|annoyance|disapproval|gratitude|love|optimism
4304,18,love,0|5|8|10|15|20|22,admiration|caring|desire|disapproval|gratitude|optimism|realization
4305,27,neutral,2|3|22|27,anger|annoyance|realization|neutral
4306,4,approval,1|4|17|27,amusement|approval|joy|neutral
4307,27,neutral,0|1|2|8|9|22|24|26|27,admiration|amusement|anger|desire|disappointment|realization|remorse|surprise|neutral
4308,4,approval,0|15|18|20|25|27,admiration|gratitude|love|optimism|sadness|neutral
4309,10,disapproval,9|26|27,disappointment|surprise|neutral
4310,27,neutral,0|2|3|7|13|15|20|22|23|25|26,admiration|anger|annoyance|curiosity|excitement|gratitude|optimism|realization|relief|sadness|surprise
4311,27,neutral,2|4|7|17|26|27,anger|approval|curiosity|joy|surprise|neutral
4312,27,neutral,0|3|4|11|17|20,admiration|annoyance|approval|disgust|joy|optimism
4313,18,love,3|7|8|15|20|26|27,annoyance|curiosity|desire|gratitude|optimism|surprise|neutral
4314,27,neutral,0|4|6,admiration|approval|confusion
4315,25,sadness,6|8|10|14|20|27,confusion|desire|disapproval|fear|optimism|neutral
4316,4,approval,0|1|3|7|10|13|14|18|25,admiration|amusement|annoyance|curiosity|disapproval|excitement|fear|love|sadness
4317,4,approval,1|6|7|10|15|17,amusement|confusion|curiosity|disapproval|gratitude|joy
4318,27,neutral,1|3|7|17|18|22|26,amusement|annoyance|curiosity|joy|love|realization|surprise
4319,0,admiration,0|2|12|15|26|27,admiration|anger|embarrassment|gratitude|surprise|neutral
4320,4,approval,0|3|4|13|22|26|27,admiration|annoyance|approval|excitement|realization|surprise|neutral
4321,9|22,disappointment|realization,0|2|3|9|10|14|15|18|25,admiration|anger|annoyance|disappointment|disapproval|fear|gratitude|love|sadness
4322,8,desire,0|1|4|10|22,admiration|amusement|approval|disapproval|realization
4323,16,grief,2|3|6|10|22|26|27,anger|annoyance|confusion|disapproval|realization|surprise|neutral
4324,3,annoyance,0|1|5|9|10,admiration|amusement|caring|disappointment|disapproval
4325,9,disappointment,0|1|4|8|15|18|25,admiration|amusement|approval|desire|gratitude|love|sadness
4326,3,annoyance,10|11|15|20|27,disapproval|disgust|gratitude|optimism|neutral
4327,10,disapproval,2|3|4|6|8|15|18|20|26,anger|annoyance|approval|confusion|desire|gratitude|love|optimism|surprise
4328,27,neutral,3|6|7|8|10|12|13|17|20|25,annoyance|confusion|curiosity|desire|disapproval|embarrassment|excitement|joy|optimism|sadness
4329,1|13,amusement|excitement,0|2|6|15|25,admiration|anger|confusion|gratitude|sadness
4330,10|18,disapproval|love,0|7|13|18|20,admiration|curiosity|excitement|love|optimism
4331,7|17,curiosity|joy,7|10|15|17,curiosity|disapproval|gratitude|joy
4332,12|25|27,embarrassment|sadness|neutral,0|8|9|17,admiration|desire|disappointment|joy
4333,0|8,admiration|desire,1|3|9|10|11|18|25|26,amusement|annoyance|disappointment|disapproval|disgust|love|sadness|surprise
4334,27,neutral,0|6|9|13|17|20|24,admiration|confusion|disappointment|excitement|joy|optimism|remorse
4335,9|10,disappointment|disapproval,1|2|3|11|13|14|26,amusement|anger|annoyance|disgust|excitement|fear|surprise
4336,9|27,disappointment|neutral,4|5|8|14|17|20|27,approval|caring|desire|fear|joy|optimism|neutral
4337,27,neutral,3|10|11|22|27,annoyance|disapproval|disgust|realization|neutral
4338,27,neutral,1|2|10,amusement|anger|disapproval
4339,15,gratitude,4|6|13|23|27,approval|confusion|excitement|relief|neutral
4340,3|6,annoyance|confusion,0|2|3|7|8|11|15|20|22,admiration|anger|annoyance|curiosity|desire|disgust|gratitude|optimism|realization
4341,0,admiration,3|4,annoyance|approval
4342,10|27,disapproval|neutral,3|22|25|26,annoyance|realization|sadness|surprise
4343,2|3,anger|annoyance,6|7|10|11|17|27,confusion|curiosity|disapproval|disgust|joy|neutral
4344,8,desire,1|20|22|27,amusement|optimism|realization|neutral
4345,27,neutral,0|1|2|6|7|20|22|27,admiration|amusement|anger|confusion|curiosity|optimism|realization|neutral
4346,27,neutral,0|2|8|13|15|17|27,admiration|anger|desire|excitement|gratitude|joy|neutral
4347,27,neutral,1|2|4|10|13|15|27,amusement|anger|approval|disapproval|excitement|gratitude|neutral
4348,4,approval,0|4|10|15|27,admiration|approval|disapproval|gratitude|neutral
4349,2,anger,0|1|2|4|18|25|26,admiration|amusement|anger|approval|love|sadness|surprise
4350,3,annoyance,0|1|2|3|18|26|27,admiration|amusement|anger|annoyance|love|surprise|neutral
4351,18,love,0|1|5|17|22|26|27,admiration|amusement|caring|joy|realization|surprise|neutral
4352,27,neutral,0|4|7|10|13|18|22|25,admiration|approval|curiosity|disapproval|excitement|love|realization|sadness
4353,4,approval,0|1|3|8|9|18|22,admiration|amusement|annoyance|desire|disappointment|love|realization
4354,12,embarrassment,1|4|5|9|10|13|17|25|27,amusement|approval|caring|disappointment|disapproval|excitement|joy|sadness|neutral
4355,0,admiration,0|1|7|15|27,admiration|amusement|curiosity|gratitude|neutral
4356,13|17|18|20,excitement|joy|love|optimism,0|1|3|7,admiration|amusement|annoyance|curiosity
4357,27,neutral,1|4|5|7|9|15|18|27,amusement|approval|caring|curiosity|disappointment|gratitude|love|neutral
4358,13,excitement,0|1|4|6|10|11|15|20|22,admiration|amusement|approval|confusion|disapproval|disgust|gratitude|optimism|realization
4359,20,optimism,4|26,approval|surprise
4360,24,remorse,3|4|7|17|20|22,annoyance|approval|curiosity|joy|optimism|realization
4361,15,gratitude,0|3|9|10|11|15|17|18|26,admiration|annoyance|disappointment|disapproval|disgust|gratitude|joy|love|surprise
4362,27,neutral,0|10|13|17|22|25,admiration|disapproval|excitement|joy|realization|sadness
4363,27,neutral,0|1|6|9|10|15,admiration|amusement|confusion|disappointment|disapproval|gratitude
4364,27,neutral,5|7|9|18|24|27,caring|curiosity|disappointment|love|remorse|neutral
4365,10,disapproval,0|4|10|12|17|27,admiration|approval|disapproval|embarrassment|joy|neutral
4366,25,sadness,0|3|7|10|13|17,admiration|annoyance|curiosity|disapproval|excitement|joy
4367,3|10,annoyance|disapproval,3|4|5|6|9|18|22|25|27,annoyance|approval|caring|confusion|disappointment|love|realization|sadness|neutral
4368,4,approval,0|3|8|9|11|15|20,admiration|annoyance|desire|disappointment|disgust|gratitude|optimism
4369,25,sadness,0|6|8|10|15|27,admiration|confusion|desire|disapproval|gratitude|neutral
4370,4,approval,0|1|2|4|10|13|22|25|26,admiration|amusement|anger|approval|disapproval|excitement|realization|sadness|surprise
4371,1,amusement,0|3|4|13|15|25,admiration|annoyance|approval|excitement|gratitude|sadness
4372,5,caring,3|4|6|7|9|20|27,annoyance|approval|confusion|curiosity|disappointment|optimism|neutral
4373,0,admiration,1|9|27,amusement|disappointment|neutral
4374,20,optimism,0|3|11|13|15|17|20|25,admiration|annoyance|disgust|excitement|gratitude|joy|optimism|sadness
4375,27,neutral,0|4|5|10,admiration|approval|caring|disapproval
4376,0,admiration,2|4|7|10|25|26,anger|approval|curiosity|disapproval|sadness|surprise
4377,27,neutral,5|7|8|15|22,caring|curiosity|desire|gratitude|realization
4378,27,neutral,2|6|10|11|15|17,anger|confusion|disapproval|disgust|gratitude|joy
4379,22|27,realization|neutral,6|17|20|27,confusion|joy|optimism|neutral
4380,4,approval,1|3|9|14|15|17|20|26|27,amusement|annoyance|disappointment|fear|gratitude|joy|optimism|surprise|neutral
4381,17,joy,0|5|6|7|8|9|10|25,admiration|caring|confusion|curiosity|desire|disappointment|disapproval|sadness
4382,24,remorse,0|2|3|15|26|27,admiration|anger|annoyance|gratitude|surprise|neutral
4383,26,surprise,2|3|5|6|7|9|11|22|26|27,anger|annoyance|caring|confusion|curiosity|disappointment|disgust|realization|surprise|neutral
4384,27,neutral,2|4|25|27,anger|approval|sadness|neutral
4385,9|27,disappointment|neutral,1|11|15|18|20|25|26|27,amusement|disgust|gratitude|love|optimism|sadness|surprise|neutral
4386,27,neutral,1|4|6|10|12|13|17,amusement|approval|confusion|disapproval|embarrassment|excitement|joy
4387,5|27,caring|neutral,0|1|3|8|17|18,admiration|amusement|annoyance|desire|joy|love
4388,1,amusement,11|15|27,disgust|gratitude|neutral
4389,15,gratitude,0|1|15|17|18,admiration|amusement|gratitude|joy|love
4390,15,gratitude,0|3|10|18,admiration|annoyance|disapproval|love
4391,27,neutral,0|1|2|4|11|17|18|22|27,admiration|amusement|anger|approval|disgust|joy|love|realization|neutral
4392,27,neutral,1|6|10|18|27,amusement|confusion|disapproval|love|neutral
4393,27,neutral,0|1|2|6|7|9|11|15|18,admiration|amusement|anger|confusion|curiosity|disappointment|disgust|gratitude|love
4394,18,love,2|3|10|15|17|25,anger|annoyance|disapproval|gratitude|joy|sadness
4395,27,neutral,0|3|4|7|10|15,admiration|annoyance|approval|curiosity|disapproval|gratitude
4396,3|27,annoyance|neutral,2|3|4|6|8|18|20,anger|annoyance|approval|confusion|desire|love|optimism
4397,27,neutral,0|1|2|3|5|6|26,admiration|amusement|anger|annoyance|caring|confusion|surprise
4398,0,admiration,2|4|10|14|15|17,anger|approval|disapproval|fear|gratitude|joy
4399,4,approval,1|2|3|11|12|13|15|17,amusement|anger|annoyance|disgust|embarrassment|excitement|gratitude|joy
4400,11,disgust,4|6|7|17|25|27,approval|confusion|curiosity|joy|sadness|neutral
4401,27,neutral,0|3|5|13|17|25|27,admiration|annoyance|caring|excitement|joy|sadness|neutral
4402,7,curiosity,0|2|5|6|7|13|17|18|24|27,admiration|anger|caring|confusion|curiosity|excitement|joy|love|remorse|neutral
4403,13|17,excitement|joy,0|1|3|6|7|11|15|18,admiration|amusement|annoyance|confusion|curiosity|disgust|gratitude|love
4404,6,confusion,2|3|9|10|15|27,anger|annoyance|disappointment|disapproval|gratitude|neutral
4405,22,realization,5|7|10|15|25|26|27,caring|curiosity|disapproval|gratitude|sadness|surprise|neutral
4406,27,neutral,1|9|13|24|25|26|27,amusement|disappointment|excitement|remorse|sadness|surprise|neutral
4407,4,approval,6|15|18|20|27,confusion|gratitude|love|optimism|neutral
4408,7|13,curiosity|excitement,4|9|11|15|17|18,approval|disappointment|disgust|gratitude|joy|love
4409,9|12,disappointment|embarrassment,2|4|20|25|27,anger|approval|optimism|sadness|neutral
4410,15,gratitude,2|6|9|15|19|20|27,anger|confusion|disappointment|gratitude|nervousness|optimism|neutral
4411,10,disapproval,0|1|5|18,admiration|amusement|caring|love
4412,0|5,admiration|caring,1|3|4|27,amusement|annoyance|approval|neutral
4413,7,curiosity,4|11|20|22|25|27,approval|disgust|optimism|realization|sadness|neutral
4414,0|6,admiration|confusion,0|1|2|3|7|9|10|15|17|18|22|27,admiration|amusement|anger|annoyance|curiosity|disappointment|disapproval|gratitude|joy|love|realization|neutral
4415,0,admiration,1|2|3|10|15|26,amusement|anger|annoyance|disapproval|gratitude|surprise
4416,4,approval,18|27,love|neutral
4417,7,curiosity,5|9|10|15|18|24|25,caring|disappointment|disapproval|gratitude|love|remorse|sadness
4418,0,admiration,0|4|5|8|22|27,admiration|approval|caring|desire|realization|neutral
4419,10,disapproval,1|3|10|11|15|18|25,amusement|annoyance|disapproval|disgust|gratitude|love|sadness
4420,7,curiosity,2|7|8|10|11,anger|curiosity|desire|disapproval|disgust
4421,27,neutral,1|2|5|13|17|22|24|26,amusement|anger|caring|excitement|joy|realization|remorse|surprise
4422,9,disappointment,1|3|7|8|15,amusement|annoyance|curiosity|desire|gratitude
4423,27,neutral,1|2|17,amusement|anger|joy
4424,2|4,anger|approval,0|4|9|17|24|27,admiration|approval|disappointment|joy|remorse|neutral
4425,9|27,disappointment|neutral,6|7|8|27,confusion|curiosity|desire|neutral
4426,24,remorse,1|2|7|9|10|15|20,amusement|anger|curiosity|disappointment|disapproval|gratitude|optimism
4427,2,anger,4|5|8|14|18|20|22|27,approval|caring|desire|fear|love|optimism|realization|neutral
4428,27,neutral,0|1|2|13|25,admiration|amusement|anger|excitement|sadness
4429,3|10,annoyance|disapproval,2|3|5|7|11|15|18,anger|annoyance|caring|curiosity|disgust|gratitude|love
4430,4,approval,3|6|7|27,annoyance|confusion|curiosity|neutral
4431,1,amusement,0|1|2|3|4|5|6|10|15|26,admiration|amusement|anger|annoyance|approval|caring|confusion|disapproval|gratitude|surprise
4432,10,disapproval,0|6|7|10|15|18|20|22|25,admiration|confusion|curiosity|disapproval|gratitude|love|optimism|realization|sadness
4433,0|4|20,admiration|approval|optimism,1|3|9|10|13,amusement|annoyance|disappointment|disapproval|excitement
4434,17,joy,0|1|2|9|10|13|15|26,admiration|amusement|anger|disappointment|disapproval|excitement|gratitude|surprise
4435,27,neutral,3|4|6|7|9|10|14|24,annoyance|approval|confusion|curiosity|disappointment|disapproval|fear|remorse
4436,27,neutral,3|7|17|27,annoyance|curiosity|joy|neutral
4437,3|10,annoyance|disapproval,1|3|17|20|25|27,amusement|annoyance|joy|optimism|sadness|neutral
4438,7,curiosity,4|6|7|13|15|20|25|26,approval|confusion|curiosity|excitement|gratitude|optimism|sadness|surprise
4439,27,neutral,1|4|14|15|20|22|25,amusement|approval|fear|gratitude|optimism|realization|sadness
4440,4,approval,0|1|2|5|7|8|9|26,admiration|amusement|anger|caring|curiosity|desire|disappointment|surprise
4441,15,gratitude,3|7|8|9|14|18|26|27,annoyance|curiosity|desire|disappointment|fear|love|surprise|neutral
4442,15,gratitude,9|13|14|15|20|24|25,disappointment|excitement|fear|gratitude|optimism|remorse|sadness
4443,7,curiosity,2|7|11|18,anger|curiosity|disgust|love
4444,27,neutral,3|5|6|9|10|13|22|26,annoyance|caring|confusion|disappointment|disapproval|excitement|realization|surprise
4445,27,neutral,2|4|5|8,anger|approval|caring|desire
4446,0,admiration,1|4|8|9|10|18|22|25|27,amusement|approval|desire|disappointment|disapproval|love|realization|sadness|neutral
4447,27,neutral,0|1|4|7|8|9|14|17|26,admiration|amusement|approval|curiosity|desire|disappointment|fear|joy|surprise
4448,27,neutral,0|3|9|10|15,admiration|annoyance|disappointment|disapproval|gratitude
4449,15|17,gratitude|joy,2|3|4|5|6|15|17|20|24|25,anger|annoyance|approval|caring|confusion|gratitude|joy|optimism|remorse|sadness
4450,18,love,2|10|18|26|27,anger|disapproval|love|surprise|neutral
4451,2,anger,1|2|4|7|15|17|22|26,amusement|anger|approval|curiosity|gratitude|joy|realization|surprise
4452,0,admiration,0|4|7|17|25,admiration|approval|curiosity|joy|sadness
4453,3,annoyance,5|6|7|10|14|15,caring|confusion|curiosity|disapproval|fear|gratitude
4454,27,neutral,0|2|9|17|18|19|21,admiration|anger|disappointment|joy|love|nervousness|pride
4455,4,approval,15|27,gratitude|neutral
4456,15,gratitude,6|12|17|18|22|26|27,confusion|embarrassment|joy|love|realization|surprise|neutral
4457,18,love,1|2|6|7,amusement|anger|confusion|curiosity
4458,27,neutral,0|1|3|6|15|18,admiration|amusement|annoyance|confusion|gratitude|love
4459,27,neutral,0|3|10|12|17|18|27,admiration|annoyance|disapproval|embarrassment|joy|love|neutral
4460,8,desire,3|4|7|10|14|22|27,annoyance|approval|curiosity|disapproval|fear|realization|neutral
4461,15,gratitude,4|5|7|13|18|24|27,approval|caring|curiosity|excitement|love|remorse|neutral
4462,27,neutral,0|2|4|27,admiration|anger|approval|neutral
4463,15,gratitude,1|2|4|20|26|27,amusement|anger|approval|optimism|surprise|neutral
4464,17,joy,0|1|5|6|15|27,admiration|amusement|caring|confusion|gratitude|neutral
4465,7,curiosity,14|18|25,fear|love|sadness
4466,5,caring,0|1|5|10|15|20|22|25,admiration|amusement|caring|disapproval|gratitude|optimism|realization|sadness
4467,27,neutral,1|3|4|9|15|18,amusement|annoyance|approval|disappointment|gratitude|love
4468,0,admiration,5|9|17|18|25,caring|disappointment|joy|love|sadness
4469,0,admiration,2|3|4|6|13|22|25|26,anger|annoyance|approval|confusion|excitement|realization|sadness|surprise
4470,7,curiosity,6|7|18,confusion|curiosity|love
4471,7,curiosity,0|5|9|15|20|26,admiration|caring|disappointment|gratitude|optimism|surprise
4472,9,disappointment,1|3|10|15|24,amusement|annoyance|disapproval|gratitude|remorse
4473,27,neutral,0|6|7|10|25,admiration|confusion|curiosity|disapproval|sadness
4474,3,annoyance,0|4|10|24|25|27,admiration|approval|disapproval|remorse|sadness|neutral
4475,27,neutral,1|4|14|15,amusement|approval|fear|gratitude
4476,1,amusement,6|10|13|15|20,confusion|disapproval|excitement|gratitude|optimism
4477,1,amusement,1|7|18|25|27,amusement|curiosity|love|sadness|neutral
4478,27,neutral,1|3|4|9|13|27,amusement|annoyance|approval|disappointment|excitement|neutral
4479,16|25,grief|sadness,6|9|11|12|14|20,confusion|disappointment|disgust|embarrassment|fear|optimism
4480,8,desire,4|5|6|15|22|24|27,approval|caring|confusion|gratitude|realization|remorse|neutral
4481,0,admiration,0|1|3|4|18|27,admiration|amusement|annoyance|approval|love|neutral
4482,1,amusement,1|5|6|13|18|20|27,amusement|caring|confusion|excitement|love|optimism|neutral
4483,15,gratitude,7|17|27,curiosity|joy|neutral
4484,4,approval,0|2|3|7|14|17,admiration|anger|annoyance|curiosity|fear|joy
4485,27,neutral,1|3|4|6|7|8,amusement|annoyance|approval|confusion|curiosity|desire
4486,0,admiration,4|7|9|17|20|25,approval|curiosity|disappointment|joy|optimism|sadness
4487,14,fear,0|2|10|15|20|27,admiration|anger|disapproval|gratitude|optimism|neutral
4488,15|26,gratitude|surprise,3|4|7|9|14|15|17|18|20|22|24|26,annoyance|approval|curiosity|disappointment|fear|gratitude|joy|love|optimism|realization|remorse|surprise
4489,0,admiration,3|15|18|20|27,annoyance|gratitude|love|optimism|neutral
4490,27,neutral,2|17|27,anger|joy|neutral
4491,27,neutral,1|2|5|15|17|18|20|24|26,amusement|anger|caring|gratitude|joy|love|optimism|remorse|surprise
4492,12,embarrassment,2|7,anger|curiosity
4493,4,approval,3|10|14|17|18|26,annoyance|disapproval|fear|joy|love|surprise
4494,15,gratitude,2|3|27,anger|annoyance|neutral
4495,5,caring,0|1|9|10|13|15|18|22,admiration|amusement|disappointment|disapproval|excitement|gratitude|love|realization
4496,25,sadness,0|1|3|5|9|11|14|15|18|26,admiration|amusement|annoyance|caring|disappointment|disgust|fear|gratitude|love|surprise
4497,0|15,admiration|gratitude,0|9|10|15|18|20,admiration|disappointment|disapproval|gratitude|love|optimism
4498,26,surprise,3|5|6|7|25|26,annoyance|caring|confusion|curiosity|sadness|surprise
4499,27,neutral,0|1|4|6|10|11|17|27,admiration|amusement|approval|confusion|disapproval|disgust|joy|neutral
4500,27,neutral,0|3|4|6|7|15|20,admiration|annoyance|approval|confusion|curiosity|gratitude|optimism
4501,10,disapproval,0|1|5|15|17|18|20|22|27,admiration|amusement|caring|gratitude|joy|love|optimism|realization|neutral
4502,2,anger,7|9|11|15|17|18|24|27,curiosity|disappointment|disgust|gratitude|joy|love|remorse|neutral
4503,10,disapproval,0|5|11|20|27,admiration|caring|disgust|optimism|neutral
4504,27,neutral,3|13|17|27,annoyance|excitement|joy|neutral
4505,0,admiration,1|2|4|7|11|18|22|27,amusement|anger|approval|curiosity|disgust|love|realization|neutral
4506,27,neutral,3|15|18|27,annoyance|gratitude|love|neutral
4507,0|15,admiration|gratitude,5|6|7|18|22|26,caring|confusion|curiosity|love|realization|surprise
4508,27,neutral,0|1|7|9|10|15|17|22,admiration|amusement|curiosity|disappointment|disapproval|gratitude|joy|realization
4509,7|11,curiosity|disgust,2|3|7|24|25,anger|annoyance|curiosity|remorse|sadness
4510,3,annoyance,1|6|17|18|20|22|27,amusement|confusion|joy|love|optimism|realization|neutral
4511,26,surprise,1|3|4|8|13|26|27,amusement|annoyance|approval|desire|excitement|surprise|neutral
4512,27,neutral,1|20|25|27,amusement|optimism|sadness|neutral
4513,27,neutral,3|13|15|17|18|25,annoyance|excitement|gratitude|joy|love|sadness
4514,27,neutral,1|2|3|18|26,amusement|anger|annoyance|love|surprise
4515,4|23,approval|relief,0|1|4|6|7|10|12|17|18|20,admiration|amusement|approval|confusion|curiosity|disapproval|embarrassment|joy|love|optimism
4516,27,neutral,0|1|2|7|24|27,admiration|amusement|anger|curiosity|remorse|neutral
4517,15,gratitude,3|6|7|9|18|24|25,annoyance|confusion|curiosity|disappointment|love|remorse|sadness
4518,1,amusement,0|3|5|7|18|20,admiration|annoyance|caring|curiosity|love|optimism
4519,18,love,0|3|4|7|8|12|20,admiration|annoyance|approval|curiosity|desire|embarrassment|optimism
4520,27,neutral,2|3|7|22|25|27,anger|annoyance|curiosity|realization|sadness|neutral
4521,0,admiration,6|7|9|15|18|27,confusion|curiosity|disappointment|gratitude|love|neutral
4522,3,annoyance,0|1|4|5|6|18|20,admiration|amusement|approval|caring|confusion|love|optimism
4523,18,love,1|18|24|27,amusement|love|remorse|neutral
4524,0|18,admiration|love,2|3|4|10|17|20|27,anger|annoyance|approval|disapproval|joy|optimism|neutral
4525,5|8,caring|desire,1|13|15|27,amusement|excitement|gratitude|neutral
4526,27,neutral,9|10|13|20|27,disappointment|disapproval|excitement|optimism|neutral
4527,18|22,love|realization,5|17|27,caring|joy|neutral
4528,10,disapproval,1|8|9|15|20|22,amusement|desire|disappointment|gratitude|optimism|realization
4529,5,caring,3|6|8|10|18|20|22|27,annoyance|confusion|desire|disapproval|love|optimism|realization|neutral
4530,11,disgust,2|3|4|15|18,anger|annoyance|approval|gratitude|love
4531,15,gratitude,2|8|11|18|22|26,anger|desire|disgust|love|realization|surprise
4532,14|19,fear|nervousness,1|6|7|10|12|14|25|26,amusement|confusion|curiosity|disapproval|embarrassment|fear|sadness|surprise
4533,17,joy,0|2|4|6|10|13|17|22|26,admiration|anger|approval|confusion|disapproval|excitement|joy|realization|surprise
4534,27,neutral,1|13|18|20|25|26|27,amusement|excitement|love|optimism|sadness|surprise|neutral
4535,9,disappointment,1|5|14|15|20|24|27,amusement|caring|fear|gratitude|optimism|remorse|neutral
4536,13,excitement,3|5|6|9|10|17|18|20|27,annoyance|caring|confusion|disappointment|disapproval|joy|love|optimism|neutral
4537,0,admiration,1|3|10|11|18|27,amusement|annoyance|disapproval|disgust|love|neutral
4538,5|20,caring|optimism,0|1|9|20|23|27,admiration|amusement|disappointment|optimism|relief|neutral
4539,10,disapproval,0|1|3|8|10|15|17|20|25,admiration|amusement|annoyance|desire|disapproval|gratitude|joy|optimism|sadness
4540,0,admiration,0|27,admiration|neutral
4541,0,admiration,3|6|7|9|10|22|27,annoyance|confusion|curiosity|disappointment|disapproval|realization|neutral
4542,0|4,admiration|approval,2|3|6|11|15|26,anger|annoyance|confusion|disgust|gratitude|surprise
4543,7,curiosity,1|2|5|14|22|27,amusement|anger|caring|fear|realization|neutral
4544,5,caring,0|6|13|20,admiration|confusion|excitement|optimism
4545,27,neutral,0|2|4|18|22|24,admiration|anger|approval|love|realization|remorse
4546,4|9,approval|disappointment,0|4|5|6|9|12|15|22|25,admiration|approval|caring|confusion|disappointment|embarrassment|gratitude|realization|sadness
4547,7,curiosity,0|2|3|10|11|15|22|25|26,admiration|anger|annoyance|disapproval|disgust|gratitude|realization|sadness|surprise
4548,3,annoyance,4|5|13|22|27,approval|caring|excitement|realization|neutral
4549,24,remorse,0|2|6|7|15|18|22,admiration|anger|confusion|curiosity|gratitude|love|realization
4550,27,neutral,1|2|3|4|8|14|15|17,amusement|anger|annoyance|approval|desire|fear|gratitude|joy
4551,27,neutral,1|2|7|14|27,amusement|anger|curiosity|fear|neutral
4552,27,neutral,4|5|6|9|11|14|17|26,approval|caring|confusion|disappointment|disgust|fear|joy|surprise
4553,27,neutral,0|1|2|4|7|13|17|18|19|20|24|25,admiration|amusement|anger|approval|curiosity|excitement|joy|love|nervousness|optimism|remorse|sadness
4554,0,admiration,1|2|3|8|14|27,amusement|anger|annoyance|desire|fear|neutral
4555,8|15,desire|gratitude,1|4|5|7|15|20|27,amusement|approval|caring|curiosity|gratitude|optimism|neutral
4556,27,neutral,1|3|4|7|11|17|18,amusement|annoyance|approval|curiosity|disgust|joy|love
4557,7,curiosity,4|10|18|27,approval|disapproval|love|neutral
4558,15,gratitude,1|4|6|15|17|18|20|22,amusement|approval|confusion|gratitude|joy|love|optimism|realization
4559,18,love,0|3|5|7|13|21|23|27,admiration|annoyance|caring|curiosity|excitement|pride|relief|neutral
4560,25,sadness,0|1|4|12|15|20|26,admiration|amusement|approval|embarrassment|gratitude|optimism|surprise
4561,4,approval,0|2|7|17|18|22|26,admiration|anger|curiosity|joy|love|realization|surprise
4562,27,neutral,0|2|3|4|15|18,admiration|anger|annoyance|approval|gratitude|love
4563,20|25,optimism|sadness,0|2|3|7|10|11|15|20|25,admiration|anger|annoyance|curiosity|disapproval|disgust|gratitude|optimism|sadness
4564,3,annoyance,2|3|10|11|17|26,anger|annoyance|disapproval|disgust|joy|surprise
4565,5,caring,1|3|4|7|13|14|22,amusement|annoyance|approval|curiosity|excitement|fear|realization
4566,27,neutral,0|1|4|6|10,admiration|amusement|approval|confusion|disapproval
4567,4,approval,0|1|3|4|15|18,admiration|amusement|annoyance|approval|gratitude|love
4568,0,admiration,18|27,love|neutral
4569,15,gratitude,1|3|7|9|11|18,amusement|annoyance|curiosity|disappointment|disgust|love
4570,26,surprise,0|2|3|5|9|10|15|20,admiration|anger|annoyance|caring|disappointment|disapproval|gratitude|optimism
4571,3|10,annoyance|disapproval,0|4|9|22|25|27,admiration|approval|disappointment|realization|sadness|neutral
4572,0,admiration,2|3|7|8|13|25|26,anger|annoyance|curiosity|desire|excitement|sadness|surprise
4573,16|27,grief|neutral,1|7|10|25,amusement|curiosity|disapproval|sadness
4574,27,neutral,0|1|5|7|10|15|18|20,admiration|amusement|caring|curiosity|disapproval|gratitude|love|optimism
4575,4,approval,0|6|17,admiration|confusion|joy
4576,3|10,annoyance|disapproval,5|7|11|23|25,caring|curiosity|disgust|relief|sadness
4577,18,love,0|1|4|10|24|25|26,admiration|amusement|approval|disapproval|remorse|sadness|surprise
4578,4,approval,1|8|10|18,amusement|desire|disapproval|love
4579,15,gratitude,2|3|4|5|6|11|17|20|26|27,anger|annoyance|approval|caring|confusion|disgust|joy|optimism|surprise|neutral
4580,20,optimism,1|6|15|17|24|27,amusement|confusion|gratitude|joy|remorse|neutral
4581,26,surprise,0|10|11|18|22|26,admiration|disapproval|disgust|love|realization|surprise
4582,27,neutral,0|1|6|7|13|25,admiration|amusement|confusion|curiosity|excitement|sadness
4583,3|22,annoyance|realization,3|9|13|15|18|20,annoyance|disappointment|excitement|gratitude|love|optimism
4584,27,neutral,0|3|10|11|18|25,admiration|annoyance|disapproval|disgust|love|sadness
4585,2|3,anger|annoyance,6|11|18|22|27,confusion|disgust|love|realization|neutral
4586,27,neutral,5|14|17|18|20|26,caring|fear|joy|love|optimism|surprise
4587,22,realization,0|2|7|10|20|27,admiration|anger|curiosity|disapproval|optimism|neutral
4588,20,optimism,1|2|13|15|17,amusement|anger|excitement|gratitude|joy
4589,27,neutral,4|5|7|10|11|15|17|25,approval|caring|curiosity|disapproval|disgust|gratitude|joy|sadness
4590,27,neutral,1|8|20|25|27,amusement|desire|optimism|sadness|neutral
4591,27,neutral,0|1|6|7|11|27,admiration|amusement|confusion|curiosity|disgust|neutral
4592,1|20,amusement|optimism,4|11|15|20,approval|disgust|gratitude|optimism
4593,27,neutral,8|10|27,desire|disapproval|neutral
4594,27,neutral,1|3|10|17|22,amusement|annoyance|disapproval|joy|realization
4595,1,amusement,0|3|4|11|17|26|27,admiration|annoyance|approval|disgust|joy|surprise|neutral
4596,11,disgust,0|1|7|8|22,admiration|amusement|curiosity|desire|realization
4597,27,neutral,0|1|10|14,admiration|amusement|disapproval|fear
4598,20,optimism,3|4|6|17|18|19|24|25,annoyance|approval|confusion|joy|love|nervousness|remorse|sadness
4599,27,neutral,0|3|5|6|7|15,admiration|annoyance|caring|confusion|curiosity|gratitude
4600,0,admiration,1|3|9|10|18|27,amusement|annoyance|disappointment|disapproval|love|neutral
4601,13|26,excitement|surprise,3|4|15|26,annoyance|approval|gratitude|surprise
4602,15,gratitude,0|8|17|27,admiration|desire|joy|neutral
4603,0,admiration,0|3|17|18|20|27,admiration|annoyance|joy|love|optimism|neutral
4604,4,approval,2|4|5|7|17|20|23|27,anger|approval|caring|curiosity|joy|optimism|relief|neutral
4605,18,love,3|8|15,annoyance|desire|gratitude
4606,15,gratitude,5|7|17|26|27,caring|curiosity|joy|surprise|neutral
4607,4,approval,0|1|2|4|6|7|15,admiration|amusement|anger|approval|confusion|curiosity|gratitude
4608,11,disgust,0|1|10|15|18|27,admiration|amusement|disapproval|gratitude|love|neutral
4609,27,neutral,2|3|5|9|10|12|18|27,anger|annoyance|caring|disappointment|disapproval|embarrassment|love|neutral
4610,7|18,curiosity|love,0|3|8|10|18|24|27,admiration|annoyance|desire|disapproval|love|remorse|neutral
4611,27,neutral,0|2|6|9|27,admiration|anger|confusion|disappointment|neutral
4612,15,gratitude,4|17|22|27,approval|joy|realization|neutral
4613,14,fear,0|1|13|15|17|18|20|22,admiration|amusement|excitement|gratitude|joy|love|optimism|realization
4614,6|7,confusion|curiosity,1|3|4|13|17|27,amusement|annoyance|approval|excitement|joy|neutral
4615,6|20,confusion|optimism,0|1|4|6|10|11|24|25,admiration|amusement|approval|confusion|disapproval|disgust|remorse|sadness
4616,18,love,0|3|20,admiration|annoyance|optimism
4617,19|27,nervousness|neutral,6|15|26|27,confusion|gratitude|surprise|neutral
4618,26,surprise,0|1|4|25|27,admiration|amusement|approval|sadness|neutral
4619,5,caring,0|1|5|7|8|9|11|18,admiration|amusement|caring|curiosity|desire|disappointment|disgust|love
4620,27,neutral,0|1|2|3|4|5|10|15|18|22|25,admiration|amusement|anger|annoyance|approval|caring|disapproval|gratitude|love|realization|sadness
4621,1,amusement,3|6|7|10|15|18|27,annoyance|confusion|curiosity|disapproval|gratitude|love|neutral
4622,3,annoyance,1|2|3|5|6|18|24,amusement|anger|annoyance|caring|confusion|love|remorse
4623,1,amusement,3|6|8|15|17|20|22|26,annoyance|confusion|desire|gratitude|joy|optimism|realization|surprise
4624,27,neutral,3|4|17|20|23|27,annoyance|approval|joy|optimism|relief|neutral
4625,0|8|20,admiration|desire|optimism,15|17|18|20|27,gratitude|joy|love|optimism|neutral
4626,15,gratitude,1|2|4|7|10|12|20|22|27,amusement|anger|approval|curiosity|disapproval|embarrassment|optimism|realization|neutral
4627,27,neutral,7|9|15|24|27,curiosity|disappointment|gratitude|remorse|neutral
4628,27,neutral,1|2|3|5|6|11|20|22|25|27,amusement|anger|annoyance|caring|confusion|disgust|optimism|realization|sadness|neutral
4629,2|10,anger|disapproval,0|1|4|6|10|17|18|20|25,admiration|amusement|approval|confusion|disapproval|joy|love|optimism|sadness
4630,27,neutral,1|4|5|7|8|17|22|25,amusement|approval|caring|curiosity|desire|joy|realization|sadness
4631,27,neutral,0|26|27,admiration|surprise|neutral
4632,27,neutral,7|10|12|17|27,curiosity|disapproval|embarrassment|joy|neutral
4633,3,annoyance,0|14|17|20|26|27,admiration|fear|joy|optimism|surprise|neutral
4634,0,admiration,0|2|4|6|15|22,admiration|anger|approval|confusion|gratitude|realization
4635,1,amusement,0|1|4|10|13|20,admiration|amusement|approval|disapproval|excitement|optimism
4636,27,neutral,3|5|7|17|18|22|27,annoyance|caring|curiosity|joy|love|realization|neutral
4637,15,gratitude,1|2|6|7|22,amusement|anger|confusion|curiosity|realization
4638,27,neutral,1|5|7|10|14|15|18,amusement|caring|curiosity|disapproval|fear|gratitude|love
4639,5|24,caring|remorse,1|5|7|10|18|22|26,amusement|caring|curiosity|disapproval|love|realization|surprise
4640,27,neutral,0|2|3|4|5|10|17|23,admiration|anger|annoyance|approval|caring|disapproval|joy|relief
4641,27,neutral,2|3|6|15|18|25|26,anger|annoyance|confusion|gratitude|love|sadness|surprise
4642,4,approval,1|12|14|17|18|22|27,amusement|embarrassment|fear|joy|love|realization|neutral
4643,27,neutral,3|6|9|11|15|27,annoyance|confusion|disappointment|disgust|gratitude|neutral
4644,27,neutral,4|9|14|18|20,approval|disappointment|fear|love|optimism
4645,18,love,1|3|6|10|13|19|27,amusement|annoyance|confusion|disapproval|excitement|nervousness|neutral
4646,27,neutral,5|9|15|25|27,caring|disappointment|gratitude|sadness|neutral
4647,8,desire,0|1|5|6|9|10|11|13|14|20|25,admiration|amusement|caring|confusion|disappointment|disapproval|disgust|excitement|fear|optimism|sadness
4648,2,anger,0|3|7|8|13|18|24|25,admiration|annoyance|curiosity|desire|excitement|love|remorse|sadness
4649,4,approval,1|2|4|5|14|15|20|25,amusement|anger|approval|caring|fear|gratitude|optimism|sadness
4650,27,neutral,1|2|10|11|18|20|27,amusement|anger|disapproval|disgust|love|optimism|neutral
4651,27,neutral,1|4|9|25,amusement|approval|disappointment|sadness
4652,27,neutral,0|13|18|22|25,admiration|excitement|love|realization|sadness
4653,8,desire,0|1|7|8|10|13|15|18|22,admiration|amusement|curiosity|desire|disapproval|excitement|gratitude|love|realization
4654,27,neutral,1|2|6|13|25|27,amusement|anger|confusion|excitement|sadness|neutral
4655,27,neutral,9|27,disappointment|neutral
4656,14,fear,0|3|13|18|24|27,admiration|annoyance|excitement|love|remorse|neutral
4657,6,confusion,0|15|17|24,admiration|gratitude|joy|remorse
4658,27,neutral,11|12|14|15|18|20|27,disgust|embarrassment|fear|gratitude|love|optimism|neutral
4659,0|15,admiration|gratitude,2|3|10|24|25,anger|annoyance|disapproval|remorse|sadness
4660,27,neutral,3|7|15|22|25|26,annoyance|curiosity|gratitude|realization|sadness|surprise
4661,2,anger,1|10|17|21|27,amusement|disapproval|joy|pride|neutral
4662,27,neutral,1|4|6|9|10|19|22,amusement|approval|confusion|disappointment|disapproval|nervousness|realization
4663,4,approval,1|11|15|17|27,amusement|disgust|gratitude|joy|neutral
4664,15,gratitude,2|3|6|10|13|18|22|26,anger|annoyance|confusion|disapproval|excitement|love|realization|surprise
4665,2,anger,2|7|9|10|11|15|25|27,anger|curiosity|disappointment|disapproval|disgust|gratitude|sadness|neutral
4666,10,disapproval,0|3|7|14|18|25|26|27,admiration|annoyance|curiosity|fear|love|sadness|surprise|neutral
4667,27,neutral,0|4|18|20,admiration|approval|love|optimism
4668,20,optimism,2|4|10|11|17|18|20|25,anger|approval|disapproval|disgust|joy|love|optimism|sadness
4669,4|20,approval|optimism,2|4|5|7|9|18|20|22|25|27,anger|approval|caring|curiosity|disappointment|love|optimism|realization|sadness|neutral
4670,2,anger,1|2|3|9|15|22,amusement|anger|annoyance|disappointment|gratitude|realization
4671,12,embarrassment,1|4|8|9|10|20|27,amusement|approval|desire|disappointment|disapproval|optimism|neutral
4672,15,gratitude,0|4|5|6|7|18,admiration|approval|caring|confusion|curiosity|love
4673,9,disappointment,0|4|7|10|11|17|20|25,admiration|approval|curiosity|disapproval|disgust|joy|optimism|sadness
4674,0|15,admiration|gratitude,5|9|10|18|20|25|26|27,caring|disappointment|disapproval|love|optimism|sadness|surprise|neutral
4675,27,neutral,0|2|5|7|10|14|15|18|19,admiration|anger|caring|curiosity|disapproval|fear|gratitude|love|nervousness
4676,1,amusement,0|1|3|7|11|14|20|22,admiration|amusement|annoyance|curiosity|disgust|fear|optimism|realization
4677,27,neutral,0|4|6|17|27,admiration|approval|confusion|joy|neutral
4678,24,remorse,0|2|5|7|11|14|15,admiration|anger|caring|curiosity|disgust|fear|gratitude
4679,15,gratitude,0|10|11|15|22,admiration|disapproval|disgust|gratitude|realization
4680,22,realization,0|1|4|9|25,admiration|amusement|approval|disappointment|sadness
4681,27,neutral,0|7|15,admiration|curiosity|gratitude
4682,10|11,disapproval|disgust,18|27,love|neutral
4683,0,admiration,5|6|17|20|25|27,caring|confusion|joy|optimism|sadness|neutral
4684,5,caring,2|20|22|27,anger|optimism|realization|neutral
4685,27,neutral,3|4|6|7|9|13|15|24,annoyance|approval|confusion|curiosity|disappointment|excitement|gratitude|remorse
4686,27,neutral,0|2|5|6|7|11|27,admiration|anger|caring|confusion|curiosity|disgust|neutral
4687,11,disgust,1|4|7|10|13|14|27,amusement|approval|curiosity|disapproval|excitement|fear|neutral
4688,6|27,confusion|neutral,0|13|14|25|26,admiration|excitement|fear|sadness|surprise
4689,27,neutral,1|3|27,amusement|annoyance|neutral
4690,27,neutral,1|3|5|18|22|24|27,amusement|annoyance|caring|love|realization|remorse|neutral
4691,5,caring,3|5|9|10|13|22|25|27,annoyance|caring|disappointment|disapproval|excitement|realization|sadness|neutral
4692,15|20,gratitude|optimism,2|4|8|13|17|18|22|25|27,anger|approval|desire|excitement|joy|love|realization|sadness|neutral
4693,18,love,3|10|17|18|27,annoyance|disapproval|joy|love|neutral
4694,15,gratitude,0|1|2|5|6|10|14|20|25,admiration|amusement|anger|caring|confusion|disapproval|fear|optimism|sadness
4695,27,neutral,0|4|7|10|14|17|20|25|26,admiration|approval|curiosity|disapproval|fear|joy|optimism|sadness|surprise
4696,4|27,approval|neutral,0|2|4|5|9|10|18|20,admiration|anger|approval|caring|disappointment|disapproval|love|optimism
4697,20,optimism,0|2|7|10|11|15|17|20|25|26|27,admiration|anger|curiosity|disapproval|disgust|gratitude|joy|optimism|sadness|surprise|neutral
4698,1,amusement,1|9|10|13|17,amusement|disappointment|disapproval|excitement|joy
4699,4|23,approval|relief,2|4|18,anger|approval|love
4700,15|21,gratitude|pride,0|2|3|6|9|18|24|27,admiration|anger|annoyance|confusion|disappointment|love|remorse|neutral
4701,10,disapproval,0|10|27,admiration|disapproval|neutral
4702,0|4,admiration|approval,0|2|13|20|27,admiration|anger|excitement|optimism|neutral
4703,9,disappointment,1|7|25|26|27,amusement|curiosity|sadness|surprise|neutral
4704,0|15,admiration|gratitude,0|2|7|11|17|26|27,admiration|anger|curiosity|disgust|joy|surprise|neutral
4705,27,neutral,6|17|22|26|27,confusion|joy|realization|surprise|neutral
4706,1,amusement,1|7|9|11|17|18|25|27,amusement|curiosity|disappointment|disgust|joy|love|sadness|neutral
4707,6|7,confusion|curiosity,1|6|9|17|18|20|25,amusement|confusion|disappointment|joy|love|optimism|sadness
4708,15,gratitude,1|7|10|13|17|20,amusement|curiosity|disapproval|excitement|joy|optimism
4709,27,neutral,0|1|3|6|7|15|18|20|26,admiration|amusement|annoyance|confusion|curiosity|gratitude|love|optimism|surprise
4710,27,neutral,0|4|13|17|20,admiration|approval|excitement|joy|optimism
4711,10,disapproval,0|1|3|4|10|14|20|25,admiration|amusement|annoyance|approval|disapproval|fear|optimism|sadness
4712,7|22,curiosity|realization,1|2|3|6|27,amusement|anger|annoyance|confusion|neutral
4713,15,gratitude,0|9|13|18,admiration|disappointment|excitement|love
4714,15,gratitude,5|9|10|15|17,caring|disappointment|disapproval|gratitude|joy
4715,2,anger,1|3|4|8|17|27,amusement|annoyance|approval|desire|joy|neutral
4716,27,neutral,0|3|9|14|18|20|27,admiration|annoyance|disappointment|fear|love|optimism|neutral
4717,18,love,1|2|4|13|14|27,amusement|anger|approval|excitement|fear|neutral
4718,27,neutral,4|15|20|25|26|27,approval|gratitude|optimism|sadness|surprise|neutral
4719,6,confusion,0|1|10|13|15|20|25|27,admiration|amusement|disapproval|excitement|gratitude|optimism|sadness|neutral
4720,0,admiration,0|1|2|3|4|13|15|17|27,admiration|amusement|anger|annoyance|approval|excitement|gratitude|joy|neutral
4721,0|15,admiration|gratitude,2|3|5|7|9|20|22|23|26,anger|annoyance|caring|curiosity|disappointment|optimism|realization|relief|surprise
4722,10,disapproval,1|7|10|24|27,amusement|curiosity|disapproval|remorse|neutral
4723,20,optimism,1|3|4|11|14|20|26,amusement|annoyance|approval|disgust|fear|optimism|surprise
4724,4,approval,3|10|13|15|22|26,annoyance|disapproval|excitement|gratitude|realization|surprise
4725,6,confusion,1|3|5|6|7|10|13|18|26,amusement|annoyance|caring|confusion|curiosity|disapproval|excitement|love|surprise
4726,15|20,gratitude|optimism,0|1|4|8|15|18|20|27,admiration|amusement|approval|desire|gratitude|love|optimism|neutral
4727,27,neutral,0|1|2|8|10|15|25|26,admiration|amusement|anger|desire|disapproval|gratitude|sadness|surprise
4728,6,confusion,0|7|10|15|18|27,admiration|curiosity|disapproval|gratitude|love|neutral
4729,27,neutral,11|13|14|15|17|18|27,disgust|excitement|fear|gratitude|joy|love|neutral
4730,27,neutral,5|11|18|27,caring|disgust|love|neutral
4731,27,neutral,0|1|5|7|13|17|18|20|27,admiration|amusement|caring|curiosity|excitement|joy|love|optimism|neutral
4732,4,approval,1|2|3|4|6|27,amusement|anger|annoyance|approval|confusion|neutral
4733,18,love,2|4|9|15|17|27,anger|approval|disappointment|gratitude|joy|neutral
4734,27,neutral,4|13|15|20|22|25,approval|excitement|gratitude|optimism|realization|sadness
4735,5,caring,3|11|17|27,annoyance|disgust|joy|neutral
4736,27,neutral,2|4|5|6|10|15|25,anger|approval|caring|confusion|disapproval|gratitude|sadness
4737,6,confusion,0|5|6|11|12|14|15|18|20|25,admiration|caring|confusion|disgust|embarrassment|fear|gratitude|love|optimism|sadness
4738,15,gratitude,3|10|15|17|20|22|25,annoyance|disapproval|gratitude|joy|optimism|realization|sadness
4739,13|17,excitement|joy,2|3|7|9|11|17|26|27,anger|annoyance|curiosity|disappointment|disgust|joy|surprise|neutral
4740,27,neutral,7|20,curiosity|optimism
4741,6,confusion,4|9|10|17|18|19|20|25,approval|disappointment|disapproval|joy|love|nervousness|optimism|sadness
4742,4,approval,1|2|9|18|27,amusement|anger|disappointment|love|neutral
4743,27,neutral,0|1|5|12|13|14|22,admiration|amusement|caring|embarrassment|excitement|fear|realization
4744,17,joy,0|1|3|5|6|9|10|11,admiration|amusement|annoyance|caring|confusion|disappointment|disapproval|disgust
4745,27,neutral,1|6|25|27,amusement|confusion|sadness|neutral
4746,26,surprise,1|2|8|10|17|27,amusement|anger|desire|disapproval|joy|neutral
4747,0,admiration,0|1|4|10|12|18|25,admiration|amusement|approval|disapproval|embarrassment|love|sadness
4748,22,realization,1|5|17|18|22|25|26|27,amusement|caring|joy|love|realization|sadness|surprise|neutral
4749,6,confusion,0|3|7|9|13|15|24,admiration|annoyance|curiosity|disappointment|excitement|gratitude|remorse
4750,5,caring,4|6|13|18,approval|confusion|excitement|love
4751,7,curiosity,2|4|5|9|18|26|27,anger|approval|caring|disappointment|love|surprise|neutral
4752,27,neutral,0|3|4|5|6|17|18|20|22,admiration|annoyance|approval|caring|confusion|joy|love|optimism|realization
4753,17,joy,4|5|13|20|22|25|27,approval|caring|excitement|optimism|realization|sadness|neutral
4754,18,love,1|2|3|4|20,amusement|anger|annoyance|approval|optimism
4755,4,approval,1|3|20|27,amusement|annoyance|optimism|neutral
4756,0,admiration,0|2|7|8|13|15|18,admiration|anger|curiosity|desire|excitement|gratitude|love
4757,27,neutral,0|1|3|7|17|26,admiration|amusement|annoyance|curiosity|joy|surprise
4758,11,disgust,0|5|7|11|17|20,admiration|caring|curiosity|disgust|joy|optimism
4759,27,neutral,0|10|26,admiration|disapproval|surprise
4760,27,neutral,3|4|15|24|27,annoyance|approval|gratitude|remorse|neutral
4761,6,confusion,1|2|3|6|8|13|14|17|18|24|25,amusement|anger|annoyance|confusion|desire|excitement|fear|joy|love|remorse|sadness
4762,27,neutral,9|10|17|18|22|25,disappointment|disapproval|joy|love|realization|sadness
4763,12,embarrassment,1|2|3|4|6|11|15|27,amusement|anger|annoyance|approval|confusion|disgust|gratitude|neutral
4764,27,neutral,1|3|4|10|27,amusement|annoyance|approval|disapproval|neutral
4765,27,neutral,0|2|4|27,admiration|anger|approval|neutral
4766,27,neutral,1|3|7|9|11|13|17,amusement|annoyance|curiosity|disappointment|disgust|excitement|joy
4767,27,neutral,0|1|14|15|27,admiration|amusement|fear|gratitude|neutral
4768,27,neutral,9|14|26|27,disappointment|fear|surprise|neutral
4769,7,curiosity,0|3|6|8|10|27,admiration|annoyance|confusion|desire|disapproval|neutral
4770,27,neutral,4|10|18|22|25,approval|disapproval|love|realization|sadness
4771,27,neutral,1|8|14|17|20,amusement|desire|fear|joy|optimism
4772,27,neutral,0|1|2|3|7|11|18|27,admiration|amusement|anger|annoyance|curiosity|disgust|love|neutral
4773,27,neutral,3|4|10|13|25,annoyance|approval|disapproval|excitement|sadness
4774,10,disapproval,0|4|10|13|14|20|24|27,admiration|approval|disapproval|excitement|fear|optimism|remorse|neutral
4775,25,sadness,5|6|15|17|18|20|22|25|27,caring|confusion|gratitude|joy|love|optimism|realization|sadness|neutral
4776,14,fear,1|3|5|6|7|10|15|22,amusement|annoyance|caring|confusion|curiosity|disapproval|gratitude|realization
4777,15,gratitude,3|5|9|10|17|18|20|24,annoyance|caring|disappointment|disapproval|joy|love|optimism|remorse
4778,18,love,11|22|25|27,disgust|realization|sadness|neutral
4779,15,gratitude,1|4|5|7|9|10|15|19|25,amusement|approval|caring|curiosity|disappointment|disapproval|gratitude|nervousness|sadness
4780,27,neutral,0|4|5|7|9|15|17|18|24|27,admiration|approval|caring|curiosity|disappointment|gratitude|joy|love|remorse|neutral
4781,0,admiration,0|1|4|10|17|26|27,admiration|amusement|approval|disapproval|joy|surprise|neutral
4782,27,neutral,3|6|8|17|20,annoyance|confusion|desire|joy|optimism
4783,27,neutral,2|4|5|8|17|18|20,anger|approval|caring|desire|joy|love|optimism
4784,27,neutral,0|7|9|10|15|22|24|26,admiration|curiosity|disappointment|disapproval|gratitude|realization|remorse|surprise
4785,0,admiration,0|1|6|8|13|18|20,admiration|amusement|confusion|desire|excitement|love|optimism
4786,18,love,0|2|7|9|17|20,admiration|anger|curiosity|disappointment|joy|optimism
4787,17,joy,0|2|5|7|9|10|11|20|27,admiration|anger|caring|curiosity|disappointment|disapproval|disgust|optimism|neutral
4788,15,gratitude,0|1|3|9|10|13|15|17|22|24,admiration|amusement|annoyance|disappointment|disapproval|excitement|gratitude|joy|realization|remorse
4789,4,approval,1|2|3|6|11|13|22|27,amusement|anger|annoyance|confusion|disgust|excitement|realization|neutral
4790,27,neutral,2|3|4|11|18|22|27,anger|annoyance|approval|disgust|love|realization|neutral
4791,2,anger,0|4|5|8|14|15|17|25,admiration|approval|caring|desire|fear|gratitude|joy|sadness
4792,20,optimism,1|3|4|5|6|11|12|13|20|27,amusement|annoyance|approval|caring|confusion|disgust|embarrassment|excitement|optimism|neutral
4793,0,admiration,0|4|13|15|22|27,admiration|approval|excitement|gratitude|realization|neutral
4794,27,neutral,1|10|17|18|27,amusement|disapproval|joy|love|neutral
4795,27,neutral,3|4|9|15|17,annoyance|approval|disappointment|gratitude|joy
4796,27,neutral,0|10|13|14|18,admiration|disapproval|excitement|fear|love
4797,27,neutral,5|7|10|15|25|26|27,caring|curiosity|disapproval|gratitude|sadness|surprise|neutral
4798,6,confusion,0|1|2|3|4|10|14|20,admiration|amusement|anger|annoyance|approval|disapproval|fear|optimism
4799,27,neutral,2|5|8|20|26,anger|caring|desire|optimism|surprise
4800,18,love,0|1|18|24|26|27,admiration|amusement|love|remorse|surprise|neutral
4801,27,neutral,0|4|10|17|20|22,admiration|approval|disapproval|joy|optimism|realization
4802,27,neutral,0|4,admiration|approval
4803,3,annoyance,1|15|17|18|22|26|27,amusement|gratitude|joy|love|realization|surprise|neutral
4804,27,neutral,0|3|9|10|15,admiration|annoyance|disappointment|disapproval|gratitude
4805,26,surprise,7|10|12|13|15|18|20|26|27,curiosity|disapproval|embarrassment|excitement|gratitude|love|optimism|surprise|neutral
4806,27,neutral,0|3|4|7,admiration|annoyance|approval|curiosity
4807,0,admiration,1|4|5|9|15|18|20|27,amusement|approval|caring|disappointment|gratitude|love|optimism|neutral
4808,27,neutral,2|4|9|27,anger|approval|disappointment|neutral
4809,27,neutral,1|3|10|15|18|22|25|27,amusement|annoyance|disapproval|gratitude|love|realization|sadness|neutral
4810,20,optimism,0|10|13|15|17|20,admiration|disapproval|excitement|gratitude|joy|optimism
4811,4,approval,1|2|4|6|7|19|20|25|26,amusement|anger|approval|confusion|curiosity|nervousness|optimism|sadness|surprise
4812,27,neutral,2|7|13|18|20|25|27,anger|curiosity|excitement|love|optimism|sadness|neutral
4813,26,surprise,4|14|15|25,approval|fear|gratitude|sadness
4814,1,amusement,3|5|6|7|20|25,annoyance|caring|confusion|curiosity|optimism|sadness
4815,10,disapproval,1|4|15|20|24|26,amusement|approval|gratitude|optimism|remorse|surprise
4816,1,amusement,0|7|10|15|17|25|27,admiration|curiosity|disapproval|gratitude|joy|sadness|neutral
4817,10,disapproval,9|13|15|25|27,disappointment|excitement|gratitude|sadness|neutral
4818,26,surprise,0|1|2|4|7|14|17|22,admiration|amusement|anger|approval|curiosity|fear|joy|realization
4819,13,excitement,2|18|26|27,anger|love|surprise|neutral
4820,3,annoyance,4|7|8|11|18|24|25|27,approval|curiosity|desire|disgust|love|remorse|sadness|neutral
4821,1|9,amusement|disappointment,3|6|15|18|26|27,annoyance|confusion|gratitude|love|surprise|neutral
4822,27,neutral,2|4|20|27,anger|approval|optimism|neutral
4823,20,optimism,6|7|15|18|24|26,confusion|curiosity|gratitude|love|remorse|surprise
4824,27,neutral,3|9|11|13|15|20,annoyance|disappointment|disgust|excitement|gratitude|optimism
4825,18,love,1|5|6|8|10|22|27,amusement|caring|confusion|desire|disapproval|realization|neutral
4826,27,neutral,0|1|18|20|22|25|27,admiration|amusement|love|optimism|realization|sadness|neutral
4827,7,curiosity,3|11|27,annoyance|disgust|neutral
4828,10,disapproval,4|5|7|8|25|26|27,approval|caring|curiosity|desire|sadness|surprise|neutral
4829,27,neutral,1|2|7|15|22,amusement|anger|curiosity|gratitude|realization
4830,27,neutral,1|5|9|20|24|26|27,amusement|caring|disappointment|optimism|remorse|surprise|neutral
4831,27,neutral,0|1|2|4|11|17|18|26,admiration|amusement|anger|approval|disgust|joy|love|surprise
4832,27,neutral,1|3|4|10|27,amusement|annoyance|approval|disapproval|neutral
4833,27,neutral,7|10|27,curiosity|disapproval|neutral
4834,0,admiration,2|4|9|13|17|25|26|27,anger|approval|disappointment|excitement|joy|sadness|surprise|neutral
4835,3,annoyance,0|15|20|26|27,admiration|gratitude|optimism|surprise|neutral
4836,4,approval,0|2|17|20|22,admiration|anger|joy|optimism|realization
4837,27,neutral,3|5|7|10|24,annoyance|caring|curiosity|disapproval|remorse
4838,4|17,approval|joy,2|3|9|15|20|22|27,anger|annoyance|disappointment|gratitude|optimism|realization|neutral
4839,27,neutral,0|4|7|15|17|24|27,admiration|approval|curiosity|gratitude|joy|remorse|neutral
4840,27,neutral,1|4|10|11|18,amusement|approval|disapproval|disgust|love
4841,10,disapproval,1|3|14|15|17|26,amusement|annoyance|fear|gratitude|joy|surprise
4842,13,excitement,1|17|18,amusement|joy|love
4843,27,neutral,2|6|9|10|15|18,anger|confusion|disappointment|disapproval|gratitude|love
4844,2|3,anger|annoyance,5|7|9|13|20|27,caring|curiosity|disappointment|excitement|optimism|neutral
4845,27,neutral,3|5|6|7|18|27,annoyance|caring|confusion|curiosity|love|neutral
4846,27,neutral,0|4|6|10|11|17|18|20,admiration|approval|confusion|disapproval|disgust|joy|love|optimism
4847,0|15,admiration|gratitude,0|2|3|4|9|17|25|27,admiration|anger|annoyance|approval|disappointment|joy|sadness|neutral
4848,27,neutral,6|7|10|15|22|25|26|27,confusion|curiosity|disapproval|gratitude|realization|sadness|surprise|neutral
4849,27,neutral,4|20,approval|optimism
4850,5,caring,0|1|7|9|17|18|20|27,admiration|amusement|curiosity|disappointment|joy|love|optimism|neutral
4851,10,disapproval,1|2|4|5|20|25|27,amusement|anger|approval|caring|optimism|sadness|neutral
4852,0,admiration,3|5|9|11|17|22|25|26|27,annoyance|caring|disappointment|disgust|joy|realization|sadness|surprise|neutral
4853,22,realization,4|8|10|25|26|27,approval|desire|disapproval|sadness|surprise|neutral
4854,27,neutral,3|4|6|7|11|15|25,annoyance|approval|confusion|curiosity|disgust|gratitude|sadness
4855,18|27,love|neutral,0|3|4|5|6|8|17|26|27,admiration|annoyance|approval|caring|confusion|desire|joy|surprise|neutral
4856,27,neutral,11|13|17|19|22|25,disgust|excitement|joy|nervousness|realization|sadness
4857,18,love,0|2|5|7|15|20|26,admiration|anger|caring|curiosity|gratitude|optimism|surprise
4858,6|22,confusion|realization,15,gratitude
4859,4,approval,0|3|27,admiration|annoyance|neutral
4860,0,admiration,1|4|15|18|20|22,amusement|approval|gratitude|love|optimism|realization
4861,1,amusement,1|4|5|6|7|8|9|11|12|13|18|25,amusement|approval|caring|confusion|curiosity|desire|disappointment|disgust|embarrassment|excitement|love|sadness
4862,25,sadness,0|3|4|7|15|26,admiration|annoyance|approval|curiosity|gratitude|surprise
4863,23,relief,2|3|9|10|17|18|19|27,anger|annoyance|disappointment|disapproval|joy|love|nervousness|neutral
4864,9|22,disappointment|realization,1|6|7|9|13|14|15|17|20,amusement|confusion|curiosity|disappointment|excitement|fear|gratitude|joy|optimism
4865,0,admiration,0|4|5|10|13|15|27,admiration|approval|caring|disapproval|excitement|gratitude|neutral
4866,1,amusement,7|13|17|18|20|22|27,curiosity|excitement|joy|love|optimism|realization|neutral
4867,14,fear,2|5|7|18|20|25,anger|caring|curiosity|love|optimism|sadness
4868,3,annoyance,18|25|27,love|sadness|neutral
4869,4,approval,0|5|7|15|27,admiration|caring|curiosity|gratitude|neutral
4870,3,annoyance,20|22,optimism|realization
4871,7,curiosity,0|7|10|17|25|27,admiration|curiosity|disapproval|joy|sadness|neutral
4872,26,surprise,3|4|6|7|10|13|14|18|27,annoyance|approval|confusion|curiosity|disapproval|excitement|fear|love|neutral
4873,10,disapproval,0|2|7|17|22|27,admiration|anger|curiosity|joy|realization|neutral
4874,0|14,admiration|fear,4|5|6|10|17|27,approval|caring|confusion|disapproval|joy|neutral
4875,27,neutral,1|2|3|4|5|8|15|17|18|20|24,amusement|anger|annoyance|approval|caring|desire|gratitude|joy|love|optimism|remorse
4876,2,anger,2|3|5|7|9|18|20|26,anger|annoyance|caring|curiosity|disappointment|love|optimism|surprise
4877,11,disgust,1|8|10|15|27,amusement|desire|disapproval|gratitude|neutral
4878,22,realization,4|6|9|15|26,approval|confusion|disappointment|gratitude|surprise
4879,0,admiration,0|3|6|7|13|14|15|17,admiration|annoyance|confusion|curiosity|excitement|fear|gratitude|joy
4880,27,neutral,0|3|9|10|20|26|27,admiration|annoyance|disappointment|disapproval|optimism|surprise|neutral
4881,5|18,caring|love,3|7|8|9|17,annoyance|curiosity|desire|disappointment|joy
4882,2|7,anger|curiosity,2|3|9|14|17|18|27,anger|annoyance|disappointment|fear|joy|love|neutral
4883,27,neutral,0|10|24,admiration|disapproval|remorse
4884,27,neutral,0|1|5|9|11|14|17|20,admiration|amusement|caring|disappointment|disgust|fear|joy|optimism
4885,27,neutral,0|3|6|9|10|15|22|25,admiration|annoyance|confusion|disappointment|disapproval|gratitude|realization|sadness
4886,18,love,4|17|26|27,approval|joy|surprise|neutral
4887,1,amusement,3|5|6|7|15|17|20|24|25|27,annoyance|caring|confusion|curiosity|gratitude|joy|optimism|remorse|sadness|neutral
4888,0,admiration,3|5|10|15|27,annoyance|caring|disapproval|gratitude|neutral
4889,10,disapproval,3|7|15,annoyance|curiosity|gratitude
4890,3,annoyance,0|4|6|10|25|27,admiration|approval|confusion|disapproval|sadness|neutral
4891,1,amusement,0|1|4|6|20|25|26|27,admiration|amusement|approval|confusion|optimism|sadness|surprise|neutral
4892,20,optimism,4|10|15|17|20,approval|disapproval|gratitude|joy|optimism
4893,27,neutral,0|5|6|7|11|13|15|22|25|26,admiration|caring|confusion|curiosity|disgust|excitement|gratitude|realization|sadness|surprise
4894,27,neutral,1|2|3|4|20|22,amusement|anger|annoyance|approval|optimism|realization
4895,27,neutral,1|2|4|5|10|11|15|22|27,amusement|anger|approval|caring|disapproval|disgust|gratitude|realization|neutral
4896,27,neutral,0|2|3|4|5|7|27,admiration|anger|annoyance|approval|caring|curiosity|neutral
4897,27,neutral,1|2|3|9|11|13|15|17|20,amusement|anger|annoyance|disappointment|disgust|excitement|gratitude|joy|optimism
4898,27,neutral,1|9|11|15|25|27,amusement|disappointment|disgust|gratitude|sadness|neutral
4899,4,approval,0|2|3|6|9|10|11|15|25,admiration|anger|annoyance|confusion|disappointment|disapproval|disgust|gratitude|sadness
4900,27,neutral,2|3|4|9|10|15|17|25|27,anger|annoyance|approval|disappointment|disapproval|gratitude|joy|sadness|neutral
4901,27,neutral,1|10|13|22|25|27,amusement|disapproval|excitement|realization|sadness|neutral
4902,10,disapproval,3|12|26,annoyance|embarrassment|surprise
4903,27,neutral,1|3|4|6|8|17|25|27,amusement|annoyance|approval|confusion|desire|joy|sadness|neutral
4904,1|6,amusement|confusion,1|3|5|9|10|11|17|25,amusement|annoyance|caring|disappointment|disapproval|disgust|joy|sadness
4905,27,neutral,4|9|15|18|25|27,approval|disappointment|gratitude|love|sadness|neutral
4906,0,admiration,0|2|3|4|17|22,admiration|anger|annoyance|approval|joy|realization
4907,4,approval,0|5|9|17|18|22|27,admiration|caring|disappointment|joy|love|realization|neutral
4908,9,disappointment,1|9|18,amusement|disappointment|love
4909,27,neutral,4|7|11|15|17|18|27,approval|curiosity|disgust|gratitude|joy|love|neutral
4910,27,neutral,0|2|3|4|6|7|10|20|25,admiration|anger|annoyance|approval|confusion|curiosity|disapproval|optimism|sadness
4911,1|15,amusement|gratitude,2|3|10|14|17|20|25,anger|annoyance|disapproval|fear|joy|optimism|sadness
4912,3|9,annoyance|disappointment,1|7|10|18|26|27,amusement|curiosity|disapproval|love|surprise|neutral
4913,2|3,anger|annoyance,0|2|14|15|20|24|27,admiration|anger|fear|gratitude|optimism|remorse|neutral
4914,27,neutral,0|17,admiration|joy
4915,2,anger,0|1|9|10|11|15|20|26,admiration|amusement|disappointment|disapproval|disgust|gratitude|optimism|surprise
4916,0|15,admiration|gratitude,0|4|7|11|14|18|20|22|27,admiration|approval|curiosity|disgust|fear|love|optimism|realization|neutral
4917,11|18,disgust|love,1|10|14|18|24|27,amusement|disapproval|fear|love|remorse|neutral
4918,18,love,0|2|7|23|27,admiration|anger|curiosity|relief|neutral
4919,7,curiosity,1|2|4|5|17|27,amusement|anger|approval|caring|joy|neutral
4920,9,disappointment,3|8|11|15|26|27,annoyance|desire|disgust|gratitude|surprise|neutral
4921,27,neutral,0|2|4|7|15|20|27,admiration|anger|approval|curiosity|gratitude|optimism|neutral
4922,0,admiration,1|3|6|9|10|14|15|18|20|26,amusement|annoyance|confusion|disappointment|disapproval|fear|gratitude|love|optimism|surprise
4923,27,neutral,0|1|2|15|25|27,admiration|amusement|anger|gratitude|sadness|neutral
4924,4|27,approval|neutral,4|6|9|17,approval|confusion|disappointment|joy
4925,9|27,disappointment|neutral,0|1|4|9|26,admiration|amusement|approval|disappointment|surprise
4926,14|19,fear|nervousness,1|6|7|10|11|13|14|18|22|25,amusement|confusion|curiosity|disapproval|disgust|excitement|fear|love|realization|sadness
4927,4,approval,1|2|6|9|17|21|27,amusement|anger|confusion|disappointment|joy|pride|neutral
4928,20,optimism,0|6|7|13|14|15|17|18|24,admiration|confusion|curiosity|excitement|fear|gratitude|joy|love|remorse
4929,3|9,annoyance|disappointment,7|9|17|18|26,curiosity|disappointment|joy|love|surprise
4930,27,neutral,1|4|14|20|25|27,amusement|approval|fear|optimism|sadness|neutral
4931,27,neutral,1|2|4|6|8|10|13|15|25|26|27,amusement|anger|approval|confusion|desire|disapproval|excitement|gratitude|sadness|surprise|neutral
4932,1|4,amusement|approval,1|6|7|9|10|11|17|20|25,amusement|confusion|curiosity|disappointment|disapproval|disgust|joy|optimism|sadness
4933,22,realization,1|2|6|13|15|20|22,amusement|anger|confusion|excitement|gratitude|optimism|realization
4934,10,disapproval,0|1|5|11|18|25,admiration|amusement|caring|disgust|love|sadness
4935,10,disapproval,0|2|3|5|7|20|25|26|27,admiration|anger|annoyance|caring|curiosity|optimism|sadness|surprise|neutral
4936,0|18,admiration|love,7|20|22|25|26|27,curiosity|optimism|realization|sadness|surprise|neutral
4937,0,admiration,1|9|10|13|17|18|20,amusement|disappointment|disapproval|excitement|joy|love|optimism
4938,18,love,1|2|6|9|11|17|20|24,amusement|anger|confusion|disappointment|disgust|joy|optimism|remorse
4939,4,approval,2|3|4|5|15|20|26,anger|annoyance|approval|caring|gratitude|optimism|surprise
4940,27,neutral,7|18,curiosity|love
4941,0,admiration,3|9|25|26|27,annoyance|disappointment|sadness|surprise|neutral
4942,0,admiration,1|2|8|14|17|27,amusement|anger|desire|fear|joy|neutral
4943,1,amusement,0|1|4|7|8|9|11|15|17|25,admiration|amusement|approval|curiosity|desire|disappointment|disgust|gratitude|joy|sadness
4944,15,gratitude,4|7|11|13|27,approval|curiosity|disgust|excitement|neutral
4945,27,neutral,4|5|6|7|10|14,approval|caring|confusion|curiosity|disapproval|fear
4946,1|6,amusement|confusion,1|3|12|13|20|26,amusement|annoyance|embarrassment|excitement|optimism|surprise
4947,20,optimism,3|8|17|24|27,annoyance|desire|joy|remorse|neutral
4948,7,curiosity,1|4|6|9|10|13|20|23,amusement|approval|confusion|disappointment|disapproval|excitement|optimism|relief
4949,15,gratitude,3|7|9|10|11|13|14|18|22|27,annoyance|curiosity|disappointment|disapproval|disgust|excitement|fear|love|realization|neutral
4950,27,neutral,1|3|5|10|11|14|18|20,amusement|annoyance|caring|disapproval|disgust|fear|love|optimism
4951,4,approval,0|2|11|13|17|22|24,admiration|anger|disgust|excitement|joy|realization|remorse
4952,13|20,excitement|optimism,2|4|6|7|10|13|15|26|27,anger|approval|confusion|curiosity|disapproval|excitement|gratitude|surprise|neutral
4953,22,realization,0|6,admiration|confusion
4954,27,neutral,0|3|4|6|13|17|20|27,admiration|annoyance|approval|confusion|excitement|joy|optimism|neutral
4955,8,desire,0|2|4|6|11|17|22|25,admiration|anger|approval|confusion|disgust|joy|realization|sadness
4956,2,anger,3|4|8|10|14|27,annoyance|approval|desire|disapproval|fear|neutral
4957,5,caring,0|1|3|6|9|10|15|22,admiration|amusement|annoyance|confusion|disappointment|disapproval|gratitude|realization
4958,1|18,amusement|love,0|2|3|4|9|13|17|18,admiration|anger|annoyance|approval|disappointment|excitement|joy|love
4959,5|18,caring|love,2|3|7|10|11|13|18|20|23|26,anger|annoyance|curiosity|disapproval|disgust|excitement|love|optimism|relief|surprise
4960,27,neutral,1|2|9|15|24|27,amusement|anger|disappointment|gratitude|remorse|neutral
4961,5|18,caring|love,0|2|4|17|18|27,admiration|anger|approval|joy|love|neutral
4962,17,joy,2|3|6|7|9|11|15|18,anger|annoyance|confusion|curiosity|disappointment|disgust|gratitude|love
4963,0,admiration,0|1|3|4|27,admiration|amusement|annoyance|approval|neutral
4964,0|25,admiration|sadness,1|11|13|14|15|25|26|27,amusement|disgust|excitement|fear|gratitude|sadness|surprise|neutral
4965,0|15,admiration|gratitude,2|3|6|7|12|18|22,anger|annoyance|confusion|curiosity|embarrassment|love|realization
4966,20,optimism,0|5|8|15|18|26|27,admiration|caring|desire|gratitude|love|surprise|neutral
4967,4,approval,10|13|15|20|26|27,disapproval|excitement|gratitude|optimism|surprise|neutral
4968,27,neutral,4|7|10|22,approval|curiosity|disapproval|realization
4969,27,neutral,2|4|6|7|10|11,anger|approval|confusion|curiosity|disapproval|disgust
4970,22,realization,0|1|2|15,admiration|amusement|anger|gratitude
4971,27,neutral,3|4|8|20|26|27,annoyance|approval|desire|optimism|surprise|neutral
4972,20,optimism,1|3|4|10|11|15|25|27,amusement|annoyance|approval|disapproval|disgust|gratitude|sadness|neutral
4973,0,admiration,0|4|6|27,admiration|approval|confusion|neutral
4974,1|17,amusement|joy,1|6|7|13|18|22,amusement|confusion|curiosity|excitement|love|realization
4975,3,annoyance,2|8|10|17|27,anger|desire|disapproval|joy|neutral
4976,1|15,amusement|gratitude,1|3|7|8|17,amusement|annoyance|curiosity|desire|joy
4977,11,disgust,0|3|4|5|7|20|24|25|26|27,admiration|annoyance|approval|caring|curiosity|optimism|remorse|sadness|surprise|neutral
4978,0,admiration,5|6|7|8|10|11|13|18|25|26|27,caring|confusion|curiosity|desire|disapproval|disgust|excitement|love|sadness|surprise|neutral
4979,27,neutral,1|7|14|20|27,amusement|curiosity|fear|optimism|neutral
4980,2|11,anger|disgust,3|5|8|10|15|25,annoyance|caring|desire|disapproval|gratitude|sadness
4981,13,excitement,3|10|17|25,annoyance|disapproval|joy|sadness
4982,11,disgust,6|7|10|13|17|22|26,confusion|curiosity|disapproval|excitement|joy|realization|surprise
4983,4,approval,1|4|6|13|15|17|26,amusement|approval|confusion|excitement|gratitude|joy|surprise
4984,6,confusion,2|4|18|20|27,anger|approval|love|optimism|neutral
4985,4,approval,8|10|27,desire|disapproval|neutral
4986,15,gratitude,3|9|10|20|25|26,annoyance|disappointment|disapproval|optimism|sadness|surprise
4987,7,curiosity,1|2|5|6|9|15|27,amusement|anger|caring|confusion|disappointment|gratitude|neutral
4988,20,optimism,0|6|8|10|25,admiration|confusion|desire|disapproval|sadness
4989,27,neutral,2|3|15|22|25,anger|annoyance|gratitude|realization|sadness
4990,13|18,excitement|love,0|1|7|13|17|26|27,admiration|amusement|curiosity|excitement|joy|surprise|neutral
4991,17,joy,0|2|3|6|7|8|10|18|25|27,admiration|anger|annoyance|confusion|curiosity|desire|disapproval|love|sadness|neutral
4992,1|10,amusement|disapproval,0|3|4|10|15|18|22|25,admiration|annoyance|approval|disapproval|gratitude|love|realization|sadness
4993,10,disapproval,0|2|3|4|10|18,admiration|anger|annoyance|approval|disapproval|love
4994,18,love,0|1|2|4|6|18|22|26|27,admiration|amusement|anger|approval|confusion|love|realization|surprise|neutral
4995,27,neutral,2|9|14,anger|disappointment|fear
4996,9|10,disappointment|disapproval,1|7|9|15|17|22,amusement|curiosity|disappointment|gratitude|joy|realization
4997,27,neutral,1|2|3|5|13|14|22|27,amusement|anger|annoyance|caring|excitement|fear|realization|neutral
4998,27,neutral,0|18|22,admiration|love|realization
4999,7,curiosity,1|3|7|11|25|26|27,amusement|annoyance|curiosity|disgust|sadness|surprise|neutral
5000,10,disapproval,1|3|4|7|11|15|18|20,amusement|annoyance|approval|curiosity|disgust|gratitude|love|optimism
5001,4,approval,2|6,anger|confusion
5002,27,neutral,1|6|7|8|14|18|27,amusement|confusion|curiosity|desire|fear|love|neutral
5003,25,sadness,2|3|6|11|17|27,anger|annoyance|confusion|disgust|joy|neutral
5004,1,amusement,0|2|4|8|10|27,admiration|anger|approval|desire|disapproval|neutral
5005,10,disapproval,2|4|5|13|20|24|26,anger|approval|caring|excitement|optimism|remorse|surprise
5006,27,neutral,0|3|20|22|27,admiration|annoyance|optimism|realization|neutral
5007,27,neutral,0|3|4|6|7|22|24,admiration|annoyance|approval|confusion|curiosity|realization|remorse
5008,13,excitement,0|1|3|4|9|10|20,admiration|amusement|annoyance|approval|disappointment|disapproval|optimism
5009,27,neutral,0|1|3|4|10|17|18|22|25|26,admiration|amusement|annoyance|approval|disapproval|joy|love|realization|sadness|surprise
5010,18,love,4|5|7|8|17|20,approval|caring|curiosity|desire|joy|optimism
5011,1,amusement,0|6|7|9|15|18|20|26,admiration|confusion|curiosity|disappointment|gratitude|love|optimism|surprise
5012,27,neutral,14|15|18|27,fear|gratitude|love|neutral
5013,20,optimism,1|4|13|15|17|20|27,amusement|approval|excitement|gratitude|joy|optimism|neutral
5014,27,neutral,3|5|6|7|14|20,annoyance|caring|confusion|curiosity|fear|optimism
5015,2|3,anger|annoyance,2|3|18|26|27,anger|annoyance|love|surprise|neutral
5016,27,neutral,0|2|3|4|5|10|20|25|26,admiration|anger|annoyance|approval|caring|disapproval|optimism|sadness|surprise
5017,10,disapproval,1|2|3|4|5|13|15,amusement|anger|annoyance|approval|caring|excitement|gratitude
5018,4|5,approval|caring,0|2|3|6|9|15|17|18|22,admiration|anger|annoyance|confusion|disappointment|gratitude|joy|love|realization
5019,27,neutral,0|4|15|22|26,admiration|approval|gratitude|realization|surprise
5020,20,optimism,4|9|10|18|25|27,approval|disappointment|disapproval|love|sadness|neutral
5021,0,admiration,5|8|10|17|18|22|27,caring|desire|disapproval|joy|love|realization|neutral
5022,0|4,admiration|approval,0|1|4|9|26|27,admiration|amusement|approval|disappointment|surprise|neutral
5023,10,disapproval,1|4|6|15|27,amusement|approval|confusion|gratitude|neutral
5024,0,admiration,2|5|9|11|15|26|27,anger|caring|disappointment|disgust|gratitude|surprise|neutral
5025,27,neutral,0|15|18|26|27,admiration|gratitude|love|surprise|neutral
5026,27,neutral,4|15|24|27,approval|gratitude|remorse|neutral
5027,27,neutral,9|18|25,disappointment|love|sadness
5028,2,anger,0|1|2|7|9|15|26,admiration|amusement|anger|curiosity|disappointment|gratitude|surprise
5029,17,joy,2|7|10|13|15|18|20,anger|curiosity|disapproval|excitement|gratitude|love|optimism
5030,27,neutral,18|22|27,love|realization|neutral
5031,27,neutral,3|5|13|15|20|27,annoyance|caring|excitement|gratitude|optimism|neutral
5032,15,gratitude,0|2|4|6|9|10,admiration|anger|approval|confusion|disappointment|disapproval
5033,6|27,confusion|neutral,11|13|18|24,disgust|excitement|love|remorse
5034,2|3,anger|annoyance,5|8|11|15|18|19|27,caring|desire|disgust|gratitude|love|nervousness|neutral
5035,6,confusion,1|4|6|10|11|17|24,amusement|approval|confusion|disapproval|disgust|joy|remorse
5036,2|27,anger|neutral,1|3|5|18,amusement|annoyance|caring|love
5037,11,disgust,0|4|7|8|17|18|25,admiration|approval|curiosity|desire|joy|love|sadness
5038,5,caring,3|4|9|15|26|27,annoyance|approval|disappointment|gratitude|surprise|neutral
5039,27,neutral,1|2|4|6|10|11|16|25,amusement|anger|approval|confusion|disapproval|disgust|grief|sadness
5040,15,gratitude,0|3|6|15|17|24|27,admiration|annoyance|confusion|gratitude|joy|remorse|neutral
5041,4,approval,2|3|9|25,anger|annoyance|disappointment|sadness
5042,27,neutral,2|13|14|15|20|22|26|27,anger|excitement|fear|gratitude|optimism|realization|surprise|neutral
5043,0,admiration,0|1|15|25|27,admiration|amusement|gratitude|sadness|neutral
5044,7,curiosity,0|11|14|17|18,admiration|disgust|fear|joy|love
5045,0,admiration,1|6|10|22|25|26,amusement|confusion|disapproval|realization|sadness|surprise
5046,2,anger,2|4|5|7|10|11|14|15|18|20,anger|approval|caring|curiosity|disapproval|disgust|fear|gratitude|love|optimism
5047,27,neutral,7|13|17|25|27,curiosity|excitement|joy|sadness|neutral
5048,1,amusement,1|5|14|20|26|27,amusement|caring|fear|optimism|surprise|neutral
5049,27,neutral,4|7|11|15|27,approval|curiosity|disgust|gratitude|neutral
5050,10,disapproval,1|2|7|10|18|22,amusement|anger|curiosity|disapproval|love|realization
5051,18,love,1|4|10|17|20,amusement|approval|disapproval|joy|optimism
5052,27,neutral,0|7|10|20|27,admiration|curiosity|disapproval|optimism|neutral
5053,15,gratitude,0|8|17|24|25|27,admiration|desire|joy|remorse|sadness|neutral
5054,27,neutral,3|5|6|7|20|27,annoyance|caring|confusion|curiosity|optimism|neutral
5055,9,disappointment,1|9|18|27,amusement|disappointment|love|neutral
5056,15,gratitude,0|5|7|15|18|24|27,admiration|caring|curiosity|gratitude|love|remorse|neutral
5057,27,neutral,4|7|8|15|17|18|20|23,approval|curiosity|desire|gratitude|joy|love|optimism|relief
5058,18,love,2|7|17|19|22|27,anger|curiosity|joy|nervousness|realization|neutral
5059,26,surprise,2|5|6|9|10|14|17|20|27,anger|caring|confusion|disappointment|disapproval|fear|joy|optimism|neutral
5060,20,optimism,6|15|27,confusion|gratitude|neutral
5061,27,neutral,0|4|7|15|20|26,admiration|approval|curiosity|gratitude|optimism|surprise
5062,27,neutral,2|7|15|18|25|26|27,anger|curiosity|gratitude|love|sadness|surprise|neutral
5063,15,gratitude,1|6|17|26|27,amusement|confusion|joy|surprise|neutral
5064,27,neutral,5|7|9|13|22,caring|curiosity|disappointment|excitement|realization
5065,11,disgust,0|1|3|7|14|17|27,admiration|amusement|annoyance|curiosity|fear|joy|neutral
5066,27,neutral,0|1|7|9|10|18|21|23,admiration|amusement|curiosity|disappointment|disapproval|love|pride|relief
5067,26,surprise,0|8|13|17|27,admiration|desire|excitement|joy|neutral
5068,18,love,0|2|10|17|22,admiration|anger|disapproval|joy|realization
5069,7,curiosity,0|1|7|10|25,admiration|amusement|curiosity|disapproval|sadness
5070,4|27,approval|neutral,1|2|3|4|8|14|17|20|25,amusement|anger|annoyance|approval|desire|fear|joy|optimism|sadness
5071,27,neutral,2|6|15|24|26|27,anger|confusion|gratitude|remorse|surprise|neutral
5072,17,joy,0|1|2|4|5|13|22|27,admiration|amusement|anger|approval|caring|excitement|realization|neutral
5073,15,gratitude,1|3|6|18|20|24,amusement|annoyance|confusion|love|optimism|remorse
5074,4,approval,0|2|10|18|26,admiration|anger|disapproval|love|surprise
5075,20,optimism,4|10|14|19|22|27,approval|disapproval|fear|nervousness|realization|neutral
5076,25,sadness,2|10|17|20|27,anger|disapproval|joy|optimism|neutral
5077,3|10,annoyance|disapproval,0|5|6|7|18|20|25|26,admiration|caring|confusion|curiosity|love|optimism|sadness|surprise
5078,10,disapproval,5|7|12|15|17|22|27,caring|curiosity|embarrassment|gratitude|joy|realization|neutral
5079,6,confusion,1|6|7|10|15|20|22,amusement|confusion|curiosity|disapproval|gratitude|optimism|realization
5080,27,neutral,0|2|3|5|7|9|15|20,admiration|anger|annoyance|caring|curiosity|disappointment|gratitude|optimism
5081,27,neutral,4|6|26,approval|confusion|surprise
5082,13,excitement,1|5|15|18|27,amusement|caring|gratitude|love|neutral
5083,18,love,3|11|20|22|27,annoyance|disgust|optimism|realization|neutral
5084,10,disapproval,4|6|11|20,approval|confusion|disgust|optimism
5085,7|27,curiosity|neutral,0|4|7|15|25|27,admiration|approval|curiosity|gratitude|sadness|neutral
5086,15,gratitude,3|4|5|11|15|17|22|27,annoyance|approval|caring|disgust|gratitude|joy|realization|neutral
5087,3|27,annoyance|neutral,0|4|10|18|26|27,admiration|approval|disapproval|love|surprise|neutral
5088,27,neutral,1|3|4|5|6|7|10|11|14|18,amusement|annoyance|approval|caring|confusion|curiosity|disapproval|disgust|fear|love
5089,15,gratitude,5|7|9|10|11|13|18|26,caring|curiosity|disappointment|disapproval|disgust|excitement|love|surprise
5090,27,neutral,0|4|17,admiration|approval|joy
5091,27,neutral,0|1|2|3|5|7|10|23,admiration|amusement|anger|annoyance|caring|curiosity|disapproval|relief
5092,3,annoyance,8|9|11|15|18|25|26|27,desire|disappointment|disgust|gratitude|love|sadness|surprise|neutral
5093,10,disapproval,5|6|8|10|15|25|27,caring|confusion|desire|disapproval|gratitude|sadness|neutral
5094,6,confusion,0|6|7|13|14|17|20|22|24|25,admiration|confusion|curiosity|excitement|fear|joy|optimism|realization|remorse|sadness
5095,27,neutral,1|2|3|26,amusement|anger|annoyance|surprise
5096,2|9,anger|disappointment,0|3|5|6|9|13|17|22,admiration|annoyance|caring|confusion|disappointment|excitement|joy|realization
5097,17,joy,15|18|22|26|27,gratitude|love|realization|surprise|neutral
5098,27,neutral,2|4|6|13,anger|approval|confusion|excitement
5099,18,love,2|15|17|25|26|27,anger|gratitude|joy|sadness|surprise|neutral
5100,4,approval,0|1|4|8|12|27,admiration|amusement|approval|desire|embarrassment|neutral
5101,1,amusement,3|5|10|13|24|27,annoyance|caring|disapproval|excitement|remorse|neutral
5102,27,neutral,1|9|10|18|20|22,amusement|disappointment|disapproval|love|optimism|realization
5103,27,neutral,1|4|9|10|15|27,amusement|approval|disappointment|disapproval|gratitude|neutral
5104,0,admiration,4|6|8|10|15|27,approval|confusion|desire|disapproval|gratitude|neutral
5105,7,curiosity,1|4|6|9|13|22|25,amusement|approval|confusion|disappointment|excitement|realization|sadness
5106,27,neutral,1|2|7|11|15,amusement|anger|curiosity|disgust|gratitude
5107,3,annoyance,2|4|9|10|13|20|22|26,anger|approval|disappointment|disapproval|excitement|optimism|realization|surprise
5108,27,neutral,3|10|27,annoyance|disapproval|neutral
5109,1,amusement,1|2|11|18|20|25|26,amusement|anger|disgust|love|optimism|sadness|surprise
5110,15,gratitude,3|10|11|17|18|27,annoyance|disapproval|disgust|joy|love|neutral
5111,0,admiration,0|2|8|11|18|22|25|26,admiration|anger|desire|disgust|love|realization|sadness|surprise
5112,27,neutral,3|7|9|17|18|22,annoyance|curiosity|disappointment|joy|love|realization
5113,11|14,disgust|fear,3|17|20|22|26|27,annoyance|joy|optimism|realization|surprise|neutral
5114,6,confusion,1|3|10|22|27,amusement|annoyance|disapproval|realization|neutral
5115,14,fear,0|2|4|9|11|13|17|20|25,admiration|anger|approval|disappointment|disgust|excitement|joy|optimism|sadness
5116,2,anger,7|8|22|23|27,curiosity|desire|realization|relief|neutral
5117,4,approval,0|7|10|14|15|18|20|24|27,admiration|curiosity|disapproval|fear|gratitude|love|optimism|remorse|neutral
5118,17,joy,0|1|2|22|25,admiration|amusement|anger|realization|sadness
5119,27,neutral,0|4|9|15|18|25|27,admiration|approval|disappointment|gratitude|love|sadness|neutral
5120,9,disappointment,3|9|18|27,annoyance|disappointment|love|neutral
5121,10,disapproval,9|10|11|20|27,disappointment|disapproval|disgust|optimism|neutral
5122,27,neutral,7|9|10|13|15|27,curiosity|disappointment|disapproval|excitement|gratitude|neutral
5123,0|15,admiration|gratitude,0|2|7|17|25|26|27,admiration|anger|curiosity|joy|sadness|surprise|neutral
5124,0|1,admiration|amusement,5|6|7|18|25|27,caring|confusion|curiosity|love|sadness|neutral
5125,9,disappointment,2|3|12|13|14|17|18|20,anger|annoyance|embarrassment|excitement|fear|joy|love|optimism
5126,0,admiration,0|4|7|9|17|18|22|27,admiration|approval|curiosity|disappointment|joy|love|realization|neutral
5127,8,desire,3|7|9|15|17|20|27,annoyance|curiosity|disappointment|gratitude|joy|optimism|neutral
5128,2,anger,0|3|4|6|9|15|27,admiration|annoyance|approval|confusion|disappointment|gratitude|neutral
5129,0,admiration,10|11|13|18|22|27,disapproval|disgust|excitement|love|realization|neutral
5130,27,neutral,0|2|4|6|8|25|27,admiration|anger|approval|confusion|desire|sadness|neutral
5131,27,neutral,4|5|10|18|20|25,approval|caring|disapproval|love|optimism|sadness
5132,27,neutral,1|2|8|12|13|25,amusement|anger|desire|embarrassment|excitement|sadness
5133,27,neutral,0|1|10|11|14|15,admiration|amusement|disapproval|disgust|fear|gratitude
5134,22,realization,2|5|7|9|11|12|13|14|17|18|25,anger|caring|curiosity|disappointment|disgust|embarrassment|excitement|fear|joy|love|sadness
5135,10,disapproval,2|4|11|15|18|23|27,anger|approval|disgust|gratitude|love|relief|neutral
5136,27,neutral,2|4|10|15,anger|approval|disapproval|gratitude
5137,27,neutral,2|3|7|11|18|20|22,anger|annoyance|curiosity|disgust|love|optimism|realization
5138,27,neutral,1|4|5|9|13|15|18|22|24,amusement|approval|caring|disappointment|excitement|gratitude|love|realization|remorse
5139,27,neutral,0|1|2|8|10|11|14|18,admiration|amusement|anger|desire|disapproval|disgust|fear|love
5140,2,anger,11|17|27,disgust|joy|neutral
5141,0,admiration,1|9|15|23|25|27,amusement|disappointment|gratitude|relief|sadness|neutral
5142,22,realization,5|6|27,caring|confusion|neutral
5143,17,joy,0|1|4|5|9|27,admiration|amusement|approval|caring|disappointment|neutral
5144,14|27,fear|neutral,3|4|6|8|9|11|18|22|26|27,annoyance|approval|confusion|desire|disappointment|disgust|love|realization|surprise|neutral
5145,3,annoyance,1|2|3|5|18|27,amusement|anger|annoyance|caring|love|neutral
5146,27,neutral,2|11|17|18|22|25|26|27,anger|disgust|joy|love|realization|sadness|surprise|neutral
5147,15,gratitude,5|6|7|15|17|22|25|27,caring|confusion|curiosity|gratitude|joy|realization|sadness|neutral
5148,8,desire,6|7|10|26,confusion|curiosity|disapproval|surprise
5149,27,neutral,0|5|7|13|15|22|25|27,admiration|caring|curiosity|excitement|gratitude|realization|sadness|neutral
5150,27,neutral,6|9|20|26|27,confusion|disappointment|optimism|surprise|neutral
5151,0,admiration,0|3|10|17|18|20|24|27,admiration|annoyance|disapproval|joy|love|optimism|remorse|neutral
5152,1|15,amusement|gratitude,1|6|7|10|13|27,amusement|confusion|curiosity|disapproval|excitement|neutral
5153,7,curiosity,1|2|5|10|14|15|26|27,amusement|anger|caring|disapproval|fear|gratitude|surprise|neutral
5154,11,disgust,0|2|4|7|10|15|20|25|26,admiration|anger|approval|curiosity|disapproval|gratitude|optimism|sadness|surprise
5155,22,realization,1|3|7|9|10|11|13|14|20|25|26|27,amusement|annoyance|curiosity|disappointment|disapproval|disgust|excitement|fear|optimism|sadness|surprise|neutral
5156,27,neutral,0|1|8|9|12|18|26,admiration|amusement|desire|disappointment|embarrassment|love|surprise
5157,12,embarrassment,4|10|15|17|20|25,approval|disapproval|gratitude|joy|optimism|sadness
5158,7,curiosity,3|6|7,annoyance|confusion|curiosity
5159,21,pride,0|3|5|9|10|11|15|18|27,admiration|annoyance|caring|disappointment|disapproval|disgust|gratitude|love|neutral
5160,20,optimism,2|4|9|10|20|22,anger|approval|disappointment|disapproval|optimism|realization
5161,3|10,annoyance|disapproval,3|7|14|15|20|27,annoyance|curiosity|fear|gratitude|optimism|neutral
5162,3,annoyance,1|2|8|22|25,amusement|anger|desire|realization|sadness
5163,4,approval,3|5|7|17,annoyance|caring|curiosity|joy
5164,7,curiosity,8|18|22|25|27,desire|love|realization|sadness|neutral
5165,4,approval,3|4|5|8|9|15|20|25,annoyance|approval|caring|desire|disappointment|gratitude|optimism|sadness
5166,0,admiration,0|3|4|17|18,admiration|annoyance|approval|joy|love
5167,27,neutral,0|2|3|9|13|17|18|22,admiration|anger|annoyance|disappointment|excitement|joy|love|realization
5168,10,disapproval,4|11|13|15|22,approval|disgust|excitement|gratitude|realization
5169,1|18,amusement|love,0|5|7|8|17|18|24|25,admiration|caring|curiosity|desire|joy|love|remorse|sadness
5170,27,neutral,1|2|4|5|6|8|9|10|15|20,amusement|anger|approval|caring|confusion|desire|disappointment|disapproval|gratitude|optimism
5171,15,gratitude,1|2|4|9|17|18,amusement|anger|approval|disappointment|joy|love
5172,26,surprise,5|6|7|9|18|20|21,caring|confusion|curiosity|disappointment|love|optimism|pride
5173,27,neutral,0|1|2|27,admiration|amusement|anger|neutral
5174,7,curiosity,3|6|9|18|25|27,annoyance|confusion|disappointment|love|sadness|neutral
5175,26,surprise,1|4|10|17,amusement|approval|disapproval|joy
5176,8,desire,2|7|20,anger|curiosity|optimism
5177,14,fear,1|4|5|18|26|27,amusement|approval|caring|love|surprise|neutral
5178,27,neutral,8|15|20,desire|gratitude|optimism
5179,0,admiration,1|4|6|13|14|18|27,amusement|approval|confusion|excitement|fear|love|neutral
5180,1|17,amusement|joy,1|7|18|20|27,amusement|curiosity|love|optimism|neutral
5181,17|23,joy|relief,0|4|7|15|17|25|27,admiration|approval|curiosity|gratitude|joy|sadness|neutral
5182,27,neutral,10|13|17|18|22|26|27,disapproval|excitement|joy|love|realization|surprise|neutral
5183,27,neutral,1|3|7|15|24|26,amusement|annoyance|curiosity|gratitude|remorse|surprise
5184,7|27,curiosity|neutral,0|1|2|4|17|18|20|24,admiration|amusement|anger|approval|joy|love|optimism|remorse
5185,25,sadness,0|1|15|17|27,admiration|amusement|gratitude|joy|neutral
5186,27,neutral,2|6|12|15|20|25,anger|confusion|embarrassment|gratitude|optimism|sadness
5187,15,gratitude,0|3|5|6|7|10|11|23|25,admiration|annoyance|caring|confusion|curiosity|disapproval|disgust|relief|sadness
5188,27,neutral,0|5|9|10|14|18|20|25|27,admiration|caring|disappointment|disapproval|fear|love|optimism|sadness|neutral
5189,27,neutral,0|1|2|7|10|15|22,admiration|amusement|anger|curiosity|disapproval|gratitude|realization
5190,26,surprise,0|5|9|18|20|22|26,admiration|caring|disappointment|love|optimism|realization|surprise
5191,27,neutral,7|10|11|17|22|27,curiosity|disapproval|disgust|joy|realization|neutral
5192,9|27,disappointment|neutral,4|8|10|11|13|20|22|25|26,approval|desire|disapproval|disgust|excitement|optimism|realization|sadness|surprise
5193,10,disapproval,3|5|18|24|25|27,annoyance|caring|love|remorse|sadness|neutral
5194,22,realization,2|6|7|9|15|20|22|25|26,anger|confusion|curiosity|disappointment|gratitude|optimism|realization|sadness|surprise
5195,5,caring,1|4|9|10|17|20,amusement|approval|disappointment|disapproval|joy|optimism
5196,27,neutral,3|4|5|6|7|9|10|11|14|17|20|22|26|27,annoyance|approval|caring|confusion|curiosity|disappointment|disapproval|disgust|fear|joy|optimism|realization|surprise|neutral
5197,0,admiration,2|3|7|9|13|18|27,anger|annoyance|curiosity|disappointment|excitement|love|neutral
5198,27,neutral,2|7|9|14|24|25,anger|curiosity|disappointment|fear|remorse|sadness
5199,13|20,excitement|optimism,0|2|3|10|11|14|20|22|27,admiration|anger|annoyance|disapproval|disgust|fear|optimism|realization|neutral
5200,27,neutral,0|4|7|9|10|15|22,admiration|approval|curiosity|disappointment|disapproval|gratitude|realization
5201,20,optimism,1|2|3|5|6|9|15|17|20|22|24|26,amusement|anger|annoyance|caring|confusion|disappointment|gratitude|joy|optimism|realization|remorse|surprise
5202,17,joy,0|3|4|6|10|15|17|25|26,admiration|annoyance|approval|confusion|disapproval|gratitude|joy|sadness|surprise
5203,0,admiration,1|3|7|15,amusement|annoyance|curiosity|gratitude
5204,27,neutral,1|6|7|8|10|18|19|24|27,amusement|confusion|curiosity|desire|disapproval|love|nervousness|remorse|neutral
5205,27,neutral,1|3|6|12|14|15,amusement|annoyance|confusion|embarrassment|fear|gratitude
5206,27,neutral,17|20|26|27,joy|optimism|surprise|neutral
5207,27,neutral,0|3|6|7|11|15|26|27,admiration|annoyance|confusion|curiosity|disgust|gratitude|surprise|neutral
5208,27,neutral,0|2|7|8|11|25|26,admiration|anger|curiosity|desire|disgust|sadness|surprise
5209,1,amusement,0|1|7|11|13|20,admiration|amusement|curiosity|disgust|excitement|optimism
5210,27,neutral,2|4|6|9|10|26|27,anger|approval|confusion|disappointment|disapproval|surprise|neutral
5211,15,gratitude,2|3|6|7|9|10|11|17|22|26,anger|annoyance|confusion|curiosity|disappointment|disapproval|disgust|joy|realization|surprise
5212,0|4,admiration|approval,0|1|11|13|17|22,admiration|amusement|disgust|excitement|joy|realization
5213,1,amusement,0|4|5|9|17|20|22,admiration|approval|caring|disappointment|joy|optimism|realization
5214,1|22,amusement|realization,0|4|6|7|9|10|14|18|24,admiration|approval|confusion|curiosity|disappointment|disapproval|fear|love|remorse
5215,10|27,disapproval|neutral,5|10|20,caring|disapproval|optimism
5216,27,neutral,1|4|14|15,amusement|approval|fear|gratitude
5217,9|25,disappointment|sadness,0|3|13|17|18|25,admiration|annoyance|excitement|joy|love|sadness
5218,15,gratitude,7|8|10|11|13|14|20|26|27,curiosity|desire|disapproval|disgust|excitement|fear|optimism|surprise|neutral
5219,1,amusement,1|3|6|7|15|20,amusement|annoyance|confusion|curiosity|gratitude|optimism
5220,0|17,admiration|joy,1|7|10|14|17|21,amusement|curiosity|disapproval|fear|joy|pride
5221,7,curiosity,0|7|15|20,admiration|curiosity|gratitude|optimism
5222,15|20,gratitude|optimism,0|5|20|22|25,admiration|caring|optimism|realization|sadness
5223,5,caring,0|1|2|10|13|20|27,admiration|amusement|anger|disapproval|excitement|optimism|neutral
5224,24,remorse,3|4|5|9|10|15,annoyance|approval|caring|disappointment|disapproval|gratitude
5225,27,neutral,0|2|9|13|17|21,admiration|anger|disappointment|excitement|joy|pride
5226,0|15,admiration|gratitude,0|4|7|8|9|13|18|22,admiration|approval|curiosity|desire|disappointment|excitement|love|realization
5227,15,gratitude,5|10|15|18|26,caring|disapproval|gratitude|love|surprise
5228,3,annoyance,0|2|7|13|14|27,admiration|anger|curiosity|excitement|fear|neutral
5229,5,caring,1|5|9|10|13|15|27,amusement|caring|disappointment|disapproval|excitement|gratitude|neutral
5230,9,disappointment,0|4|9|15|20,admiration|approval|disappointment|gratitude|optimism
5231,13,excitement,1|2|4|13|15|17|18|22,amusement|anger|approval|excitement|gratitude|joy|love|realization
5232,27,neutral,1|2|3|4|7|9|26,amusement|anger|annoyance|approval|curiosity|disappointment|surprise
5233,1,amusement,0|6|7|9|15|20|25,admiration|confusion|curiosity|disappointment|gratitude|optimism|sadness
5234,5|9|24,caring|disappointment|remorse,0|1|2|3|17|22,admiration|amusement|anger|annoyance|joy|realization
5235,0|4,admiration|approval,0|6|7|10|11|12|22,admiration|confusion|curiosity|disapproval|disgust|embarrassment|realization
5236,22,realization,4|6|15|17|27,approval|confusion|gratitude|joy|neutral
5237,18,love,4|7|26|27,approval|curiosity|surprise|neutral
5238,27,neutral,1|2|15|18|25|26,amusement|anger|gratitude|love|sadness|surprise
5239,0,admiration,0|9|10|18|20|25|27,admiration|disappointment|disapproval|love|optimism|sadness|neutral
5240,0|18,admiration|love,3|4|5|15|17|20,annoyance|approval|caring|gratitude|joy|optimism
5241,15,gratitude,0|2|3|10|20|25|27,admiration|anger|annoyance|disapproval|optimism|sadness|neutral
5242,9,disappointment,1|2|7|10|13|25,amusement|anger|curiosity|disapproval|excitement|sadness
5243,27,neutral,2|3|7|11|15|25|26,anger|annoyance|curiosity|disgust|gratitude|sadness|surprise
5244,4|12,approval|embarrassment,0|3|7|9|13|20|27,admiration|annoyance|curiosity|disappointment|excitement|optimism|neutral
5245,27,neutral,1|3|4|9|18,amusement|annoyance|approval|disappointment|love
5246,27,neutral,1|3|4|22|26|27,amusement|annoyance|approval|realization|surprise|neutral
5247,27,neutral,0|2|10|20,admiration|anger|disapproval|optimism
5248,27,neutral,1|2|4|7|8|14|22|25|27,amusement|anger|approval|curiosity|desire|fear|realization|sadness|neutral
5249,1,amusement,0|1|4|25|27,admiration|amusement|approval|sadness|neutral
5250,0|18,admiration|love,5|15|18|20|22|27,caring|gratitude|love|optimism|realization|neutral
5251,10,disapproval,2|4|7|8|9|14|15|18|27,anger|approval|curiosity|desire|disappointment|fear|gratitude|love|neutral
5252,27,neutral,3|5|6|10|11|20,annoyance|caring|confusion|disapproval|disgust|optimism
5253,11,disgust,0|8|10|11|14|15|18,admiration|desire|disapproval|disgust|fear|gratitude|love
5254,27,neutral,4|6|8|11|15|18|27,approval|confusion|desire|disgust|gratitude|love|neutral
5255,11,disgust,6|10|14|15|17|20|25,confusion|disapproval|fear|gratitude|joy|optimism|sadness
5256,27,neutral,2|3|4|9|10|15|25|26,anger|annoyance|approval|disappointment|disapproval|gratitude|sadness|surprise
5257,4|7,approval|curiosity,0|1|27,admiration|amusement|neutral
5258,1,amusement,3|4|6|7|15|18|25|27,annoyance|approval|confusion|curiosity|gratitude|love|sadness|neutral
5259,20,optimism,5|10|25|27,caring|disapproval|sadness|neutral
5260,9|25,disappointment|sadness,3|15,annoyance|gratitude
5261,10,disapproval,0|1|3|5|6|9|10|14|15|22|25,admiration|amusement|annoyance|caring|confusion|disappointment|disapproval|fear|gratitude|realization|sadness
5262,27,neutral,3|7|14|17|18|25|27,annoyance|curiosity|fear|joy|love|sadness|neutral
5263,8,desire,1|10|17|18|20|22|24,amusement|disapproval|joy|love|optimism|realization|remorse
5264,0,admiration,0|4|7|9|10|18|26,admiration|approval|curiosity|disappointment|disapproval|love|surprise
5265,27,neutral,5|6|7|9|25|27,caring|confusion|curiosity|disappointment|sadness|neutral
5266,27,neutral,0|3|11|15|25|27,admiration|annoyance|disgust|gratitude|sadness|neutral
5267,4|5,approval|caring,1|3|11|18|25|27,amusement|annoyance|disgust|love|sadness|neutral
5268,20,optimism,0|4|5|8|11|27,admiration|approval|caring|desire|disgust|neutral
5269,0,admiration,1|2|5|7|9|10|17|20,amusement|anger|caring|curiosity|disappointment|disapproval|joy|optimism
5270,7,curiosity,1|2|4|7|10|13|24|27,amusement|anger|approval|curiosity|disapproval|excitement|remorse|neutral
5271,2,anger,0|2|10|13|15|18|27,admiration|anger|disapproval|excitement|gratitude|love|neutral
5272,0,admiration,0|3|6|7|9|11|17|18|20|22|24|26,admiration|annoyance|confusion|curiosity|disappointment|disgust|joy|love|optimism|realization|remorse|surprise
5273,0,admiration,9|22|26|27,disappointment|realization|surprise|neutral
5274,14,fear,6|7|10|17|18|25|27,confusion|curiosity|disapproval|joy|love|sadness|neutral
5275,27,neutral,0|1|2|4|8|15|25|27,admiration|amusement|anger|approval|desire|gratitude|sadness|neutral
5276,0,admiration,2|8|10|14|17|20|26,anger|desire|disapproval|fear|joy|optimism|surprise
5277,4,approval,1|11|15|17|18|27,amusement|disgust|gratitude|joy|love|neutral
5278,15,gratitude,2|3|6|15|27,anger|annoyance|confusion|gratitude|neutral
5279,0|4|9,admiration|approval|disappointment,1|13|15|17|18|20,amusement|excitement|gratitude|joy|love|optimism
5280,4,approval,0|1|2|4|10|11|17|24|26,admiration|amusement|anger|approval|disapproval|disgust|joy|remorse|surprise
5281,27,neutral,7|15|17|18|26|27,curiosity|gratitude|joy|love|surprise|neutral
5282,4,approval,1|4|9|17|22|26,amusement|approval|disappointment|joy|realization|surprise
5283,25,sadness,11|18|22|27,disgust|love|realization|neutral
5284,4,approval,0|3|4|8|17,admiration|annoyance|approval|desire|joy
5285,25,sadness,7|9|10|15|17|27,curiosity|disappointment|disapproval|gratitude|joy|neutral
5286,20,optimism,1|2|3|4|10|20|27,amusement|anger|annoyance|approval|disapproval|optimism|neutral
5287,16,grief,3|4|13|14|17|27,annoyance|approval|excitement|fear|joy|neutral
5288,2|3|27,anger|annoyance|neutral,2|4|6|7|20,anger|approval|confusion|curiosity|optimism
5289,6|27,confusion|neutral,3|4|6|7|15,annoyance|approval|confusion|curiosity|gratitude
5290,4|27,approval|neutral,0|2|6|7|11|15|25|27,admiration|anger|confusion|curiosity|disgust|gratitude|sadness|neutral
5291,0,admiration,0|1|4|10|13|18|20,admiration|amusement|approval|disapproval|excitement|love|optimism
5292,1|27,amusement|neutral,0|3|4|14|15|20|27,admiration|annoyance|approval|fear|gratitude|optimism|neutral
5293,27,neutral,4|5|6|7|10|17|22|27,approval|caring|confusion|curiosity|disapproval|joy|realization|neutral
5294,27,neutral,1|7|15|26|27,amusement|curiosity|gratitude|surprise|neutral
5295,25,sadness,0|7|17,admiration|curiosity|joy
5296,10,disapproval,0|1|3|8|17|20|25|27,admiration|amusement|annoyance|desire|joy|optimism|sadness|neutral
5297,5|27,caring|neutral,1|2|3|6|14|15|26|27,amusement|anger|annoyance|confusion|fear|gratitude|surprise|neutral
5298,22,realization,0|1|5|14|22|27,admiration|amusement|caring|fear|realization|neutral
5299,20|27,optimism|neutral,1|4|11|18|20|22|26,amusement|approval|disgust|love|optimism|realization|surprise
5300,3|7,annoyance|curiosity,10|13|18|20,disapproval|excitement|love|optimism
5301,26,surprise,4|5|9|17|20|24|27,approval|caring|disappointment|joy|optimism|remorse|neutral
5302,0|13|15|26,admiration|excitement|gratitude|surprise,0|1|3|6|10|14|18|20,admiration|amusement|annoyance|confusion|disapproval|fear|love|optimism
5303,27,neutral,5|6|7|10|22|26|27,caring|confusion|curiosity|disapproval|realization|surprise|neutral
5304,27,neutral,0|4|5|9|13|18|22|25,admiration|approval|caring|disappointment|excitement|love|realization|sadness
5305,3,annoyance,2|6|9|17|20|22|26,anger|confusion|disappointment|joy|optimism|realization|surprise
5306,27,neutral,2|3|7|14|18,anger|annoyance|curiosity|fear|love
5307,27,neutral,0|2|3|4|5|15|22|27,admiration|anger|annoyance|approval|caring|gratitude|realization|neutral
5308,4,approval,6|11|15|18|22|27,confusion|disgust|gratitude|love|realization|neutral
5309,15,gratitude,2|5|8|13|15|18|20|22,anger|caring|desire|excitement|gratitude|love|optimism|realization
5310,27,neutral,1|6|15|26,amusement|confusion|gratitude|surprise
5311,15,gratitude,0|4|6|9|15|17|27,admiration|approval|confusion|disappointment|gratitude|joy|neutral
5312,6|27,confusion|neutral,2|8|10|11|15|17|20|24|27,anger|desire|disapproval|disgust|gratitude|joy|optimism|remorse|neutral
5313,0,admiration,11|22|27,disgust|realization|neutral
5314,6|7,confusion|curiosity,0|10|15|20|21|27,admiration|disapproval|gratitude|optimism|pride|neutral
5315,2,anger,2|4|9|17|18|25,anger|approval|disappointment|joy|love|sadness
5316,1,amusement,0|1|2|4|9|20,admiration|amusement|anger|approval|disappointment|optimism
5317,15|17,gratitude|joy,0|2|4|6|9|17|22|25|26,admiration|anger|approval|confusion|disappointment|joy|realization|sadness|surprise
5318,6,confusion,2|5|17|25|27,anger|caring|joy|sadness|neutral
5319,27,neutral,0|5|9|13,admiration|caring|disappointment|excitement
5320,2,anger,0|2|15|22|25,admiration|anger|gratitude|realization|sadness
5321,25,sadness,0|2|3|5|6|7|9|17|18|20|26,admiration|anger|annoyance|caring|confusion|curiosity|disappointment|joy|love|optimism|surprise
5322,2,anger,3|10|27,annoyance|disapproval|neutral
5323,27,neutral,4|8|15|27,approval|desire|gratitude|neutral
5324,0,admiration,11|17|27,disgust|joy|neutral
5325,2,anger,6|7|15|20|27,confusion|curiosity|gratitude|optimism|neutral
5326,5,caring,1|3|4|6|7|10|27,amusement|annoyance|approval|confusion|curiosity|disapproval|neutral
5327,27,neutral,4|10|11|13|14|15|17|18,approval|disapproval|disgust|excitement|fear|gratitude|joy|love
5328,27,neutral,0|2|4|8|9|15|22|27,admiration|anger|approval|desire|disappointment|gratitude|realization|neutral
5329,27,neutral,2|7|10|15,anger|curiosity|disapproval|gratitude
5330,26,surprise,1|5|10|15|27,amusement|caring|disapproval|gratitude|neutral
5331,0|27,admiration|neutral,0|1|15|17,admiration|amusement|gratitude|joy
5332,13,excitement,1|2|3|5|13|25,amusement|anger|annoyance|caring|excitement|sadness
5333,20,optimism,3|6|15|17|27,annoyance|confusion|gratitude|joy|neutral
5334,18,love,2|5|7|20|24|27,anger|caring|curiosity|optimism|remorse|neutral
5335,10,disapproval,1|2|3|5|9|22,amusement|anger|annoyance|caring|disappointment|realization
5336,10,disapproval,1|3|11|18|27,amusement|annoyance|disgust|love|neutral
5337,1|22,amusement|realization,1|4|5|7|14|15|17|22,amusement|approval|caring|curiosity|fear|gratitude|joy|realization
5338,27,neutral,0|5|7|10|14|17|22|26|27,admiration|caring|curiosity|disapproval|fear|joy|realization|surprise|neutral
5339,27,neutral,0|9|13|18|20|27,admiration|disappointment|excitement|love|optimism|neutral
5340,0,admiration,0|4|6|7|8|27,admiration|approval|confusion|curiosity|desire|neutral
5341,27,neutral,10|14|17|20|22|25,disapproval|fear|joy|optimism|realization|sadness
5342,27,neutral,0|1|2|3|4|15|22|26,admiration|amusement|anger|annoyance|approval|gratitude|realization|surprise
5343,7|15,curiosity|gratitude,1|10|18|27,amusement|disapproval|love|neutral
5344,26,surprise,3|7|8|10|13|27,annoyance|curiosity|desire|disapproval|excitement|neutral
5345,26,surprise,10|14|17|18|25|26,disapproval|fear|joy|love|sadness|surprise
5346,0,admiration,6|15|17|27,confusion|gratitude|joy|neutral
5347,13,excitement,0|4|6|7|10|11|20|22|26|27,admiration|approval|confusion|curiosity|disapproval|disgust|optimism|realization|surprise|neutral
5348,26,surprise,1|2|3|10|14|17|20,amusement|anger|annoyance|disapproval|fear|joy|optimism
5349,1,amusement,4|6|8|10|11|26,approval|confusion|desire|disapproval|disgust|surprise
5350,22,realization,0|4|7|10|13|15|17|18,admiration|approval|curiosity|disapproval|excitement|gratitude|joy|love
5351,10,disapproval,0|15|25|27,admiration|gratitude|sadness|neutral
5352,18,love,3|6|9|10|13|27,annoyance|confusion|disappointment|disapproval|excitement|neutral
5353,0|17|22,admiration|joy|realization,3|7|9|11|15|20,annoyance|curiosity|disappointment|disgust|gratitude|optimism
5354,27,neutral,4|5|7|8|9|10,approval|caring|curiosity|desire|disappointment|disapproval
5355,2|3,anger|annoyance,0|4|5|7|20,admiration|approval|caring|curiosity|optimism
5356,6,confusion,2|4|14|27,anger|approval|fear|neutral
5357,15,gratitude,2|5|9|11|17|27,anger|caring|disappointment|disgust|joy|neutral
5358,27,neutral,0|1|17,admiration|amusement|joy
5359,12|22,embarrassment|realization,3|7|11|13|15|26|27,annoyance|curiosity|disgust|excitement|gratitude|surprise|neutral
5360,27,neutral,0|3|4|7|10|12|17|25,admiration|annoyance|approval|curiosity|disapproval|embarrassment|joy|sadness
5361,27,neutral,0|4|7|17|20|25,admiration|approval|curiosity|joy|optimism|sadness
5362,27,neutral,0|2|5|10|14|17|26,admiration|anger|caring|disapproval|fear|joy|surprise
5363,2|27,anger|neutral,0|2|4|5|6|7|8|9,admiration|anger|approval|caring|confusion|curiosity|desire|disappointment
5364,9,disappointment,2|6|20|26|27,anger|confusion|optimism|surprise|neutral
5365,27,neutral,0|1|2|3|17|25|27,admiration|amusement|anger|annoyance|joy|sadness|neutral
5366,4,approval,0|2|3|4|10|18|22|24|27,admiration|anger|annoyance|approval|disapproval|love|realization|remorse|neutral
5367,27,neutral,0|2|7|9|10|18|25,admiration|anger|curiosity|disappointment|disapproval|love|sadness
5368,11,disgust,0|1|4|5|12|13|17|27,admiration|amusement|approval|caring|embarrassment|excitement|joy|neutral
5369,26,surprise,2|10|11|15|22|27,anger|disapproval|disgust|gratitude|realization|neutral
5370,27,neutral,3|4|6|7|8|12|14|22|25,annoyance|approval|confusion|curiosity|desire|embarrassment|fear|realization|sadness
5371,1,amusement,3|7|15|18,annoyance|curiosity|gratitude|love
5372,3,annoyance,3|4|5|10|15|17|20,annoyance|approval|caring|disapproval|gratitude|joy|optimism
5373,9|27,disappointment|neutral,2|3|26,anger|annoyance|surprise
5374,1|10,amusement|disapproval,1|3|9|10|17|18|20,amusement|annoyance|disappointment|disapproval|joy|love|optimism
5375,0|26,admiration|surprise,1|7|10|11,amusement|curiosity|disapproval|disgust
5376,6|27,confusion|neutral,1|2|3|7|13|15|25|27,amusement|anger|annoyance|curiosity|excitement|gratitude|sadness|neutral
5377,1,amusement,4|5|9|15|25|27,approval|caring|disappointment|gratitude|sadness|neutral
5378,15,gratitude,7|8|22|27,curiosity|desire|realization|neutral
5379,27,neutral,1|3|8|10|13|22|25,amusement|annoyance|desire|disapproval|excitement|realization|sadness
5380,10,disapproval,1|2|10|15|17|18|27,amusement|anger|disapproval|gratitude|joy|love|neutral
5381,18,love,0|7|11|15|17|22,admiration|curiosity|disgust|gratitude|joy|realization
5382,15,gratitude,2|5|7|8|17|27,anger|caring|curiosity|desire|joy|neutral
5383,27,neutral,0|1|4|9|11|22|25,admiration|amusement|approval|disappointment|disgust|realization|sadness
5384,26,surprise,3|5|6|18|26|27,annoyance|caring|confusion|love|surprise|neutral
5385,27,neutral,1|7|27,amusement|curiosity|neutral
5386,15,gratitude,6|7|10|15|20,confusion|curiosity|disapproval|gratitude|optimism
5387,15,gratitude,0|1|2|3|11|17|18|22|27,admiration|amusement|anger|annoyance|disgust|joy|love|realization|neutral
5388,14,fear,1|2|3|9|10|15|17|20|25,amusement|anger|annoyance|disappointment|disapproval|gratitude|joy|optimism|sadness
5389,9,disappointment,1|4|5|6|8|9|17|26|27,amusement|approval|caring|confusion|desire|disappointment|joy|surprise|neutral
5390,27,neutral,3|4|6|14|18|24|26|27,annoyance|approval|confusion|fear|love|remorse|surprise|neutral
5391,27,neutral,2|4|27,anger|approval|neutral
5392,9,disappointment,1|15|24|27,amusement|gratitude|remorse|neutral
5393,15,gratitude,0|2|4|10|13|20|22|25,admiration|anger|approval|disapproval|excitement|optimism|realization|sadness
5394,1,amusement,4|5|8|15|21|25|27,approval|caring|desire|gratitude|pride|sadness|neutral
5395,10,disapproval,0|1|4|15|25|27,admiration|amusement|approval|gratitude|sadness|neutral
5396,0|18,admiration|love,0|4|5|6|9|11|13|18|22|26,admiration|approval|caring|confusion|disappointment|disgust|excitement|love|realization|surprise
5397,18,love,7|10|15|18|20|24,curiosity|disapproval|gratitude|love|optimism|remorse
5398,27,neutral,1|5|10|11|15|17|27,amusement|caring|disapproval|disgust|gratitude|joy|neutral
5399,27,neutral,5|6|7|10|15|18|24,caring|confusion|curiosity|disapproval|gratitude|love|remorse
5400,3|27,annoyance|neutral,0|17|26|27,admiration|joy|surprise|neutral
5401,0,admiration,0|4|7|17,admiration|approval|curiosity|joy
5402,24|25,remorse|sadness,4|6|15|21|25,approval|confusion|gratitude|pride|sadness
5403,27,neutral,0|13|15|22|27,admiration|excitement|gratitude|realization|neutral
5404,7,curiosity,0|4|15|17,admiration|approval|gratitude|joy
5405,27,neutral,0|3|4|5|18,admiration|annoyance|approval|caring|love
5406,0|4,admiration|approval,6|7|8|25|27,confusion|curiosity|desire|sadness|neutral
5407,10,disapproval,0|1|3|5|10|11|17|25,admiration|amusement|annoyance|caring|disapproval|disgust|joy|sadness
5408,27,neutral,2|3|4|5|9|10|11|17|19|20|22,anger|annoyance|approval|caring|disappointment|disapproval|disgust|joy|nervousness|optimism|realization
5409,14,fear,3|4|8|18|20|26,annoyance|approval|desire|love|optimism|surprise
5410,4,approval,2|7|11|13|15|18|27,anger|curiosity|disgust|excitement|gratitude|love|neutral
5411,14,fear,0|1|3|7|10|14|20,admiration|amusement|annoyance|curiosity|disapproval|fear|optimism
5412,18,love,0|1|3|6|17|18|22|24|26,admiration|amusement|annoyance|confusion|joy|love|realization|remorse|surprise
5413,22,realization,0|3|7|9|15|17|20|25,admiration|annoyance|curiosity|disappointment|gratitude|joy|optimism|sadness
5414,4|7,approval|curiosity,0|7|8|20|27,admiration|curiosity|desire|optimism|neutral
5415,4,approval,4|8|9|13,approval|desire|disappointment|excitement
5416,7,curiosity,0|1|3|6|9|10|20|26,admiration|amusement|annoyance|confusion|disappointment|disapproval|optimism|surprise
5417,22,realization,0|4|10|13|15|18|20|27,admiration|approval|disapproval|excitement|gratitude|love|optimism|neutral
5418,27,neutral,1|15|18|22|25,amusement|gratitude|love|realization|sadness
5419,27,neutral,0|3|5|7|11|20|26|27,admiration|annoyance|caring|curiosity|disgust|optimism|surprise|neutral
5420,15,gratitude,4|6|20|22,approval|confusion|optimism|realization
5421,0,admiration,2|3|5|9|10|11|18|22,anger|annoyance|caring|disappointment|disapproval|disgust|love|realization
5422,14,fear,1|4,amusement|approval
5423,20,optimism,5|7|9|10|18|25|26,caring|curiosity|disappointment|disapproval|love|sadness|surprise
5424,10,disapproval,3|4|5|10|18|27,annoyance|approval|caring|disapproval|love|neutral
5425,3,annoyance,1|4|5|7|8|14|15|27,amusement|approval|caring|curiosity|desire|fear|gratitude|neutral
5426,18,love,0|1|4|8|11|22|25,admiration|amusement|approval|desire|disgust|realization|sadness
